solid OpenSCAD_Model
  facet normal -1 0 0
    outer loop
      vertex 0 0 0
      vertex 0 7.8 6.6
      vertex 0 7.8 0
    endloop
  endfacet
  facet normal -1 -0 0
    outer loop
      vertex 0 7.8 6.6
      vertex 0 0 0
      vertex 0 0 6.6
    endloop
  endfacet
  facet normal 0 0 1
    outer loop
      vertex 23.8 7.8 6.6
      vertex 22.275 6.275 6.6
      vertex 23.8 0 6.6
    endloop
  endfacet
  facet normal 0 0 1
    outer loop
      vertex 23.8 7.8 6.6
      vertex 1.525 6.275 6.6
      vertex 22.275 6.275 6.6
    endloop
  endfacet
  facet normal 0 0 1
    outer loop
      vertex 1.525 6.275 6.6
      vertex 0 7.8 6.6
      vertex 1.525 1.525 6.6
    endloop
  endfacet
  facet normal -0 0 1
    outer loop
      vertex 0 7.8 6.6
      vertex 1.525 6.275 6.6
      vertex 23.8 7.8 6.6
    endloop
  endfacet
  facet normal -0 0 1
    outer loop
      vertex 22.275 1.525 6.6
      vertex 23.8 0 6.6
      vertex 22.275 6.275 6.6
    endloop
  endfacet
  facet normal -0 0 1
    outer loop
      vertex 1.525 1.525 6.6
      vertex 23.8 0 6.6
      vertex 22.275 1.525 6.6
    endloop
  endfacet
  facet normal 0 0 1
    outer loop
      vertex 1.525 1.525 6.6
      vertex 0 0 6.6
      vertex 23.8 0 6.6
    endloop
  endfacet
  facet normal 0 0 1
    outer loop
      vertex 0 0 6.6
      vertex 1.525 1.525 6.6
      vertex 0 7.8 6.6
    endloop
  endfacet
  facet normal 1 -0 0
    outer loop
      vertex 23.8 0 6.6
      vertex 23.8 7.8 0
      vertex 23.8 7.8 6.6
    endloop
  endfacet
  facet normal 1 0 0
    outer loop
      vertex 23.8 7.8 0
      vertex 23.8 0 6.6
      vertex 23.8 0 0
    endloop
  endfacet
  facet normal 0 0 -1
    outer loop
      vertex 2.17 3.9 0
      vertex 2.67 3.9 0
      vertex 2.66672 3.80086 0
    endloop
  endfacet
  facet normal 0 0 -1
    outer loop
      vertex 2.16503 3.80043 0
      vertex 2.66672 3.80086 0
      vertex 2.6569 3.70216 0
    endloop
  endfacet
  facet normal 0 0 -1
    outer loop
      vertex 2.67 3.9 0
      vertex 2.17 3.9 0
      vertex 2.66672 3.99914 0
    endloop
  endfacet
  facet normal 0 0 -1
    outer loop
      vertex 2.15017 3.70185 0
      vertex 2.6569 3.70216 0
      vertex 2.64057 3.60432 0
    endloop
  endfacet
  facet normal 0 0 -1
    outer loop
      vertex 2.16503 3.99957 0
      vertex 2.66672 3.99914 0
      vertex 2.17 3.9 0
    endloop
  endfacet
  facet normal 0 0 -1
    outer loop
      vertex 2.15017 3.70185 0
      vertex 2.64057 3.60432 0
      vertex 2.61781 3.50778 0
    endloop
  endfacet
  facet normal 0 0 -1
    outer loop
      vertex 2.66672 3.99914 0
      vertex 2.16503 3.99957 0
      vertex 2.6569 4.09784 0
    endloop
  endfacet
  facet normal 0 0 -1
    outer loop
      vertex 2.12557 3.60524 0
      vertex 2.61781 3.50778 0
      vertex 2.58873 3.41295 0
    endloop
  endfacet
  facet normal 0 0 -1
    outer loop
      vertex 2.15017 4.09815 0
      vertex 2.6569 4.09784 0
      vertex 2.16503 3.99957 0
    endloop
  endfacet
  facet normal 0 0 -1
    outer loop
      vertex 2.09148 3.51156 0
      vertex 2.58873 3.41295 0
      vertex 2.55343 3.32025 0
    endloop
  endfacet
  facet normal 0 0 -1
    outer loop
      vertex 2.6569 4.09784 0
      vertex 2.15017 4.09815 0
      vertex 2.64057 4.19567 0
    endloop
  endfacet
  facet normal 0 0 -1
    outer loop
      vertex 2.09148 3.51156 0
      vertex 2.55343 3.32025 0
      vertex 2.51209 3.23009 0
    endloop
  endfacet
  facet normal -0 0 -1
    outer loop
      vertex 2.64057 4.19567 0
      vertex 2.15017 4.09815 0
      vertex 2.61781 4.29222 0
    endloop
  endfacet
  facet normal 0 0 -1
    outer loop
      vertex 2.04822 3.42175 0
      vertex 2.51209 3.23009 0
      vertex 2.46488 3.14285 0
    endloop
  endfacet
  facet normal 0 0 -1
    outer loop
      vertex 2.12557 4.19475 0
      vertex 2.61781 4.29222 0
      vertex 2.15017 4.09815 0
    endloop
  endfacet
  facet normal 0 0 -1
    outer loop
      vertex 1.99624 3.33668 0
      vertex 2.46488 3.14285 0
      vertex 2.41201 3.05893 0
    endloop
  endfacet
  facet normal -0 0 -1
    outer loop
      vertex 2.61781 4.29222 0
      vertex 2.12557 4.19475 0
      vertex 2.58873 4.38705 0
    endloop
  endfacet
  facet normal 0 0 -1
    outer loop
      vertex 1.99624 3.33668 0
      vertex 2.41201 3.05893 0
      vertex 2.35371 2.97868 0
    endloop
  endfacet
  facet normal 0 0 -1
    outer loop
      vertex 2.09148 4.28843 0
      vertex 2.58873 4.38705 0
      vertex 2.12557 4.19475 0
    endloop
  endfacet
  facet normal 0 0 -1
    outer loop
      vertex 1.93604 3.25721 0
      vertex 2.35371 2.97868 0
      vertex 2.29023 2.90246 0
    endloop
  endfacet
  facet normal -0 0 -1
    outer loop
      vertex 2.58873 4.38705 0
      vertex 2.09148 4.28843 0
      vertex 2.55343 4.47975 0
    endloop
  endfacet
  facet normal 0 0 -1
    outer loop
      vertex 1.86824 3.18413 0
      vertex 2.29023 2.90246 0
      vertex 2.22186 2.83061 0
    endloop
  endfacet
  facet normal -0 0 -1
    outer loop
      vertex 2.55343 4.47975 0
      vertex 2.09148 4.28843 0
      vertex 2.51209 4.56991 0
    endloop
  endfacet
  facet normal 0 0 -1
    outer loop
      vertex 2.04822 4.37825 0
      vertex 2.51209 4.56991 0
      vertex 2.09148 4.28843 0
    endloop
  endfacet
  facet normal -0 0 -1
    outer loop
      vertex 2.66672 3.80086 0
      vertex 2.16503 3.80043 0
      vertex 2.17 3.9 0
    endloop
  endfacet
  facet normal -0 0 -1
    outer loop
      vertex 2.6569 3.70216 0
      vertex 2.15017 3.70185 0
      vertex 2.16503 3.80043 0
    endloop
  endfacet
  facet normal 0 0 -1
    outer loop
      vertex 1.86824 3.18413 0
      vertex 2.22186 2.83061 0
      vertex 2.14888 2.76343 0
    endloop
  endfacet
  facet normal 0 0 -1
    outer loop
      vertex 2.61781 3.50778 0
      vertex 2.12557 3.60524 0
      vertex 2.15017 3.70185 0
    endloop
  endfacet
  facet normal 0 0 -1
    outer loop
      vertex 2.58873 3.41295 0
      vertex 2.09148 3.51156 0
      vertex 2.12557 3.60524 0
    endloop
  endfacet
  facet normal 0 0 -1
    outer loop
      vertex 1.79349 3.11817 0
      vertex 2.14888 2.76343 0
      vertex 2.07162 2.70122 0
    endloop
  endfacet
  facet normal 0 0 -1
    outer loop
      vertex 2.51209 3.23009 0
      vertex 2.04822 3.42175 0
      vertex 2.09148 3.51156 0
    endloop
  endfacet
  facet normal 0 0 -1
    outer loop
      vertex 2.46488 3.14285 0
      vertex 1.99624 3.33668 0
      vertex 2.04822 3.42175 0
    endloop
  endfacet
  facet normal 0 0 -1
    outer loop
      vertex 1.71255 3.05997 0
      vertex 2.07162 2.70122 0
      vertex 1.99042 2.64425 0
    endloop
  endfacet
  facet normal 0 0 -1
    outer loop
      vertex 2.35371 2.97868 0
      vertex 1.93604 3.25721 0
      vertex 1.99624 3.33668 0
    endloop
  endfacet
  facet normal 0 0 -1
    outer loop
      vertex 1.71255 3.05997 0
      vertex 1.99042 2.64425 0
      vertex 1.90563 2.59277 0
    endloop
  endfacet
  facet normal 0 0 -1
    outer loop
      vertex 2.29023 2.90246 0
      vertex 1.86824 3.18413 0
      vertex 1.93604 3.25721 0
    endloop
  endfacet
  facet normal 0 0 -1
    outer loop
      vertex 1.62621 3.01013 0
      vertex 1.90563 2.59277 0
      vertex 1.81763 2.54701 0
    endloop
  endfacet
  facet normal 0 0 -1
    outer loop
      vertex 2.14888 2.76343 0
      vertex 1.79349 3.11817 0
      vertex 1.86824 3.18413 0
    endloop
  endfacet
  facet normal 0 0 -1
    outer loop
      vertex 1.53534 2.96913 0
      vertex 1.81763 2.54701 0
      vertex 1.7268 2.50717 0
    endloop
  endfacet
  facet normal 0 0 -1
    outer loop
      vertex 2.07162 2.70122 0
      vertex 1.71255 3.05997 0
      vertex 1.79349 3.11817 0
    endloop
  endfacet
  facet normal 0 0 -1
    outer loop
      vertex 1.53534 2.96913 0
      vertex 1.7268 2.50717 0
      vertex 1.63352 2.47341 0
    endloop
  endfacet
  facet normal 0 0 -1
    outer loop
      vertex 1.90563 2.59277 0
      vertex 1.62621 3.01013 0
      vertex 1.71255 3.05997 0
    endloop
  endfacet
  facet normal 0 0 -1
    outer loop
      vertex 1.44084 2.93738 0
      vertex 1.63352 2.47341 0
      vertex 1.53823 2.4459 0
    endloop
  endfacet
  facet normal 0 0 -1
    outer loop
      vertex 1.81763 2.54701 0
      vertex 1.53534 2.96913 0
      vertex 1.62621 3.01013 0
    endloop
  endfacet
  facet normal 0 0 -1
    outer loop
      vertex 1.44084 2.93738 0
      vertex 1.53823 2.4459 0
      vertex 1.525 2.44301 0
    endloop
  endfacet
  facet normal 0 0 -1
    outer loop
      vertex 1.63352 2.47341 0
      vertex 1.44084 2.93738 0
      vertex 1.53534 2.96913 0
    endloop
  endfacet
  facet normal -0 0 -1
    outer loop
      vertex 2.51209 4.56991 0
      vertex 2.04822 4.37825 0
      vertex 2.46488 4.65715 0
    endloop
  endfacet
  facet normal 0 0 -1
    outer loop
      vertex 1.99624 4.46332 0
      vertex 2.46488 4.65715 0
      vertex 2.04822 4.37825 0
    endloop
  endfacet
  facet normal -0 0 -1
    outer loop
      vertex 2.46488 4.65715 0
      vertex 1.99624 4.46332 0
      vertex 2.41201 4.74107 0
    endloop
  endfacet
  facet normal -0 0 -1
    outer loop
      vertex 2.41201 4.74107 0
      vertex 1.99624 4.46332 0
      vertex 2.35371 4.82132 0
    endloop
  endfacet
  facet normal 0 0 -1
    outer loop
      vertex 1.93604 4.54279 0
      vertex 2.35371 4.82132 0
      vertex 1.99624 4.46332 0
    endloop
  endfacet
  facet normal -0 0 -1
    outer loop
      vertex 2.35371 4.82132 0
      vertex 1.93604 4.54279 0
      vertex 2.29023 4.89754 0
    endloop
  endfacet
  facet normal 0 0 -1
    outer loop
      vertex 1.86824 4.61587 0
      vertex 2.29023 4.89754 0
      vertex 1.93604 4.54279 0
    endloop
  endfacet
  facet normal -0 0 -1
    outer loop
      vertex 2.29023 4.89754 0
      vertex 1.86824 4.61587 0
      vertex 2.22186 4.96939 0
    endloop
  endfacet
  facet normal -0 0 -1
    outer loop
      vertex 2.22186 4.96939 0
      vertex 1.86824 4.61587 0
      vertex 2.14888 5.03657 0
    endloop
  endfacet
  facet normal 0 0 -1
    outer loop
      vertex 1.79349 4.68183 0
      vertex 2.14888 5.03657 0
      vertex 1.86824 4.61587 0
    endloop
  endfacet
  facet normal -0 0 -1
    outer loop
      vertex 2.14888 5.03657 0
      vertex 1.79349 4.68183 0
      vertex 2.07162 5.09878 0
    endloop
  endfacet
  facet normal 0 0 -1
    outer loop
      vertex 1.71255 4.74003 0
      vertex 2.07162 5.09878 0
      vertex 1.79349 4.68183 0
    endloop
  endfacet
  facet normal -0 0 -1
    outer loop
      vertex 2.07162 5.09878 0
      vertex 1.71255 4.74003 0
      vertex 1.99042 5.15575 0
    endloop
  endfacet
  facet normal -0 0 -1
    outer loop
      vertex 1.99042 5.15575 0
      vertex 1.71255 4.74003 0
      vertex 1.90563 5.20723 0
    endloop
  endfacet
  facet normal 0 0 -1
    outer loop
      vertex 1.62621 4.78987 0
      vertex 1.90563 5.20723 0
      vertex 1.71255 4.74003 0
    endloop
  endfacet
  facet normal -0 0 -1
    outer loop
      vertex 1.90563 5.20723 0
      vertex 1.62621 4.78987 0
      vertex 1.81763 5.25299 0
    endloop
  endfacet
  facet normal 0 0 -1
    outer loop
      vertex 1.53534 4.83087 0
      vertex 1.81763 5.25299 0
      vertex 1.62621 4.78987 0
    endloop
  endfacet
  facet normal -0 0 -1
    outer loop
      vertex 1.81763 5.25299 0
      vertex 1.53534 4.83087 0
      vertex 1.7268 5.29283 0
    endloop
  endfacet
  facet normal -0 0 -1
    outer loop
      vertex 1.7268 5.29283 0
      vertex 1.53534 4.83087 0
      vertex 1.63352 5.32658 0
    endloop
  endfacet
  facet normal 0 0 -1
    outer loop
      vertex 1.44084 4.86262 0
      vertex 1.63352 5.32658 0
      vertex 1.53534 4.83087 0
    endloop
  endfacet
  facet normal -0 0 -1
    outer loop
      vertex 1.63352 5.32658 0
      vertex 1.44084 4.86262 0
      vertex 1.53823 5.3541 0
    endloop
  endfacet
  facet normal 0 0 -1
    outer loop
      vertex 1.34365 4.88481 0
      vertex 1.525 5.35699 0
      vertex 1.44084 4.86262 0
    endloop
  endfacet
  facet normal -0 0 -1
    outer loop
      vertex 1.53823 5.3541 0
      vertex 1.44084 4.86262 0
      vertex 1.525 5.35699 0
    endloop
  endfacet
  facet normal 0 0 -1
    outer loop
      vertex 5.35659 6.275 0
      vertex 4.89503 6.53043 0
      vertex 4.9 6.63 0
    endloop
  endfacet
  facet normal 0 0 -1
    outer loop
      vertex 5.02023 5.63246 0
      vertex 4.88017 6.43185 0
      vertex 4.89503 6.53043 0
    endloop
  endfacet
  facet normal 0 0 -1
    outer loop
      vertex 4.59824 5.91413 0
      vertex 4.95185 5.56061 0
      vertex 4.87888 5.49343 0
    endloop
  endfacet
  facet normal 0 0 -1
    outer loop
      vertex 5.02023 5.63246 0
      vertex 4.85557 6.33524 0
      vertex 4.88017 6.43185 0
    endloop
  endfacet
  facet normal 0 0 -1
    outer loop
      vertex 5.02023 5.63246 0
      vertex 4.82148 6.24156 0
      vertex 4.85557 6.33524 0
    endloop
  endfacet
  facet normal 0 0 -1
    outer loop
      vertex 4.52349 5.84817 0
      vertex 4.87888 5.49343 0
      vertex 4.80162 5.43122 0
    endloop
  endfacet
  facet normal 0 0 -1
    outer loop
      vertex 5.02023 5.63246 0
      vertex 4.77822 6.15175 0
      vertex 4.82148 6.24156 0
    endloop
  endfacet
  facet normal 0 0 -1
    outer loop
      vertex 5.02023 5.63246 0
      vertex 4.72624 6.06668 0
      vertex 4.77822 6.15175 0
    endloop
  endfacet
  facet normal 0 0 -1
    outer loop
      vertex 4.44255 5.78997 0
      vertex 4.80162 5.43122 0
      vertex 4.72042 5.37425 0
    endloop
  endfacet
  facet normal 0 0 -1
    outer loop
      vertex 5.02023 5.63246 0
      vertex 4.66604 5.98721 0
      vertex 4.72624 6.06668 0
    endloop
  endfacet
  facet normal 0 0 -1
    outer loop
      vertex 4.44255 5.78997 0
      vertex 4.72042 5.37425 0
      vertex 4.63563 5.32277 0
    endloop
  endfacet
  facet normal 0 0 -1
    outer loop
      vertex 5.02023 5.63246 0
      vertex 4.59824 5.91413 0
      vertex 4.66604 5.98721 0
    endloop
  endfacet
  facet normal 0 0 -1
    outer loop
      vertex 4.35621 5.74013 0
      vertex 4.63563 5.32277 0
      vertex 4.54763 5.27701 0
    endloop
  endfacet
  facet normal 0 0 -1
    outer loop
      vertex 4.87888 5.49343 0
      vertex 4.52349 5.84817 0
      vertex 4.59824 5.91413 0
    endloop
  endfacet
  facet normal 0 0 -1
    outer loop
      vertex 4.26534 5.69913 0
      vertex 4.54763 5.27701 0
      vertex 4.4568 5.23717 0
    endloop
  endfacet
  facet normal 0 0 -1
    outer loop
      vertex 4.80162 5.43122 0
      vertex 4.44255 5.78997 0
      vertex 4.52349 5.84817 0
    endloop
  endfacet
  facet normal 0 0 -1
    outer loop
      vertex 4.26534 5.69913 0
      vertex 4.4568 5.23717 0
      vertex 4.36353 5.20341 0
    endloop
  endfacet
  facet normal 0 0 -1
    outer loop
      vertex 4.63563 5.32277 0
      vertex 4.35621 5.74013 0
      vertex 4.44255 5.78997 0
    endloop
  endfacet
  facet normal 0 0 -1
    outer loop
      vertex 4.17084 5.66738 0
      vertex 4.36353 5.20341 0
      vertex 4.26823 5.1759 0
    endloop
  endfacet
  facet normal 0 0 -1
    outer loop
      vertex 4.54763 5.27701 0
      vertex 4.26534 5.69913 0
      vertex 4.35621 5.74013 0
    endloop
  endfacet
  facet normal 0 0 -1
    outer loop
      vertex 4.07365 5.64519 0
      vertex 4.26823 5.1759 0
      vertex 4.17132 5.15474 0
    endloop
  endfacet
  facet normal 0 0 -1
    outer loop
      vertex 4.36353 5.20341 0
      vertex 4.17084 5.66738 0
      vertex 4.26534 5.69913 0
    endloop
  endfacet
  facet normal 0 0 -1
    outer loop
      vertex 4.26823 5.1759 0
      vertex 4.07365 5.64519 0
      vertex 4.17084 5.66738 0
    endloop
  endfacet
  facet normal 0 0 -1
    outer loop
      vertex 4.07323 5.14004 0
      vertex 4.07365 5.64519 0
      vertex 4.17132 5.15474 0
    endloop
  endfacet
  facet normal 0 0 -1
    outer loop
      vertex 4.07323 5.14004 0
      vertex 3.97473 5.6328 0
      vertex 4.07365 5.64519 0
    endloop
  endfacet
  facet normal 0 0 -1
    outer loop
      vertex 3.97437 5.13184 0
      vertex 3.97473 5.6328 0
      vertex 4.07323 5.14004 0
    endloop
  endfacet
  facet normal 0 0 -1
    outer loop
      vertex 3.87507 5.63031 0
      vertex 3.97437 5.13184 0
      vertex 3.8752 5.1302 0
    endloop
  endfacet
  facet normal 0 0 -1
    outer loop
      vertex 3.97437 5.13184 0
      vertex 3.87507 5.63031 0
      vertex 3.97473 5.6328 0
    endloop
  endfacet
  facet normal 0 0 -1
    outer loop
      vertex 3.77613 5.13512 0
      vertex 3.87507 5.63031 0
      vertex 3.8752 5.1302 0
    endloop
  endfacet
  facet normal 0 0 -1
    outer loop
      vertex 3.77613 5.13512 0
      vertex 3.77566 5.63776 0
      vertex 3.87507 5.63031 0
    endloop
  endfacet
  facet normal 0 0 -1
    outer loop
      vertex 3.6776 5.14658 0
      vertex 3.77566 5.63776 0
      vertex 3.77613 5.13512 0
    endloop
  endfacet
  facet normal 0 0 -1
    outer loop
      vertex 3.6776 5.14658 0
      vertex 3.67748 5.65507 0
      vertex 3.77566 5.63776 0
    endloop
  endfacet
  facet normal 0 0 -1
    outer loop
      vertex 3.58005 5.16452 0
      vertex 3.67748 5.65507 0
      vertex 3.6776 5.14658 0
    endloop
  endfacet
  facet normal 0 0 -1
    outer loop
      vertex 3.4839 5.18887 0
      vertex 3.67748 5.65507 0
      vertex 3.58005 5.16452 0
    endloop
  endfacet
  facet normal -0 0 -1
    outer loop
      vertex 3.67748 5.65507 0
      vertex 3.4839 5.18887 0
      vertex 3.58151 5.68207 0
    endloop
  endfacet
  facet normal 0 0 -1
    outer loop
      vertex 3.38956 5.21952 0
      vertex 3.58151 5.68207 0
      vertex 3.4839 5.18887 0
    endloop
  endfacet
  facet normal -0 0 -1
    outer loop
      vertex 3.58151 5.68207 0
      vertex 3.38956 5.21952 0
      vertex 3.48871 5.71849 0
    endloop
  endfacet
  facet normal 0 0 -1
    outer loop
      vertex 3.29746 5.25634 0
      vertex 3.48871 5.71849 0
      vertex 3.38956 5.21952 0
    endloop
  endfacet
  facet normal 0 0 -1
    outer loop
      vertex 3.20799 5.29917 0
      vertex 3.48871 5.71849 0
      vertex 3.29746 5.25634 0
    endloop
  endfacet
  facet normal -0 0 -1
    outer loop
      vertex 3.48871 5.71849 0
      vertex 3.20799 5.29917 0
      vertex 3.4 5.76397 0
    endloop
  endfacet
  facet normal 0 0 -1
    outer loop
      vertex 3.12154 5.34781 0
      vertex 3.4 5.76397 0
      vertex 3.20799 5.29917 0
    endloop
  endfacet
  facet normal -0 0 -1
    outer loop
      vertex 3.4 5.76397 0
      vertex 3.12154 5.34781 0
      vertex 3.31626 5.81806 0
    endloop
  endfacet
  facet normal 0 0 -1
    outer loop
      vertex 3.03851 5.40206 0
      vertex 3.31626 5.81806 0
      vertex 3.12154 5.34781 0
    endloop
  endfacet
  facet normal 0 0 -1
    outer loop
      vertex 2.95924 5.46168 0
      vertex 3.31626 5.81806 0
      vertex 3.03851 5.40206 0
    endloop
  endfacet
  facet normal -0 0 -1
    outer loop
      vertex 3.31626 5.81806 0
      vertex 2.95924 5.46168 0
      vertex 3.23831 5.88022 0
    endloop
  endfacet
  facet normal 0 0 -1
    outer loop
      vertex 2.88408 5.52641 0
      vertex 3.23831 5.88022 0
      vertex 2.95924 5.46168 0
    endloop
  endfacet
  facet normal -0 0 -1
    outer loop
      vertex 3.23831 5.88022 0
      vertex 2.88408 5.52641 0
      vertex 3.16695 5.94983 0
    endloop
  endfacet
  facet normal 0 0 -1
    outer loop
      vertex 2.81336 5.59597 0
      vertex 3.16695 5.94983 0
      vertex 2.88408 5.52641 0
    endloop
  endfacet
  facet normal 0 0 -1
    outer loop
      vertex 2.7474 5.67005 0
      vertex 3.16695 5.94983 0
      vertex 2.81336 5.59597 0
    endloop
  endfacet
  facet normal -0 0 -1
    outer loop
      vertex 3.16695 5.94983 0
      vertex 2.7474 5.67005 0
      vertex 3.10287 6.0262 0
    endloop
  endfacet
  facet normal 0 0 -1
    outer loop
      vertex 2.68647 5.74832 0
      vertex 3.10287 6.0262 0
      vertex 2.7474 5.67005 0
    endloop
  endfacet
  facet normal -0 0 -1
    outer loop
      vertex 3.10287 6.0262 0
      vertex 2.68647 5.74832 0
      vertex 3.04671 6.10856 0
    endloop
  endfacet
  facet normal 0 0 -1
    outer loop
      vertex 2.63086 5.83045 0
      vertex 3.04671 6.10856 0
      vertex 2.68647 5.74832 0
    endloop
  endfacet
  facet normal -0 0 -1
    outer loop
      vertex 3.04671 6.10856 0
      vertex 2.58079 5.91608 0
      vertex 2.99903 6.19612 0
    endloop
  endfacet
  facet normal 0 0 -1
    outer loop
      vertex 2.58079 5.91608 0
      vertex 3.04671 6.10856 0
      vertex 2.63086 5.83045 0
    endloop
  endfacet
  facet normal -0 0 -1
    outer loop
      vertex 5.24209 1.83991 0
      vertex 4.77822 1.64825 0
      vertex 5.19488 1.92715 0
    endloop
  endfacet
  facet normal 0 0 -1
    outer loop
      vertex 4.72624 1.73332 0
      vertex 5.19488 1.92715 0
      vertex 4.77822 1.64825 0
    endloop
  endfacet
  facet normal -0 0 -1
    outer loop
      vertex 5.19488 1.92715 0
      vertex 4.72624 1.73332 0
      vertex 5.14201 2.01107 0
    endloop
  endfacet
  facet normal -0 0 -1
    outer loop
      vertex 5.14201 2.01107 0
      vertex 4.72624 1.73332 0
      vertex 5.08371 2.09132 0
    endloop
  endfacet
  facet normal 0 0 -1
    outer loop
      vertex 4.66604 1.81279 0
      vertex 5.08371 2.09132 0
      vertex 4.72624 1.73332 0
    endloop
  endfacet
  facet normal -0 0 -1
    outer loop
      vertex 5.08371 2.09132 0
      vertex 4.66604 1.81279 0
      vertex 5.02023 2.16754 0
    endloop
  endfacet
  facet normal 0 0 -1
    outer loop
      vertex 4.59824 1.88587 0
      vertex 5.02023 2.16754 0
      vertex 4.66604 1.81279 0
    endloop
  endfacet
  facet normal -0 0 -1
    outer loop
      vertex 5.02023 2.16754 0
      vertex 4.59824 1.88587 0
      vertex 4.95185 2.23939 0
    endloop
  endfacet
  facet normal -0 0 -1
    outer loop
      vertex 4.95185 2.23939 0
      vertex 4.59824 1.88587 0
      vertex 4.87888 2.30657 0
    endloop
  endfacet
  facet normal 0 0 -1
    outer loop
      vertex 4.52349 1.95183 0
      vertex 4.87888 2.30657 0
      vertex 4.59824 1.88587 0
    endloop
  endfacet
  facet normal -0 0 -1
    outer loop
      vertex 4.87888 2.30657 0
      vertex 4.52349 1.95183 0
      vertex 4.80162 2.36878 0
    endloop
  endfacet
  facet normal 0 0 -1
    outer loop
      vertex 4.44255 2.01003 0
      vertex 4.80162 2.36878 0
      vertex 4.52349 1.95183 0
    endloop
  endfacet
  facet normal -0 0 -1
    outer loop
      vertex 4.80162 2.36878 0
      vertex 4.44255 2.01003 0
      vertex 4.72042 2.42575 0
    endloop
  endfacet
  facet normal -0 0 -1
    outer loop
      vertex 4.72042 2.42575 0
      vertex 4.44255 2.01003 0
      vertex 4.63563 2.47723 0
    endloop
  endfacet
  facet normal 0 0 -1
    outer loop
      vertex 4.35621 2.05987 0
      vertex 4.63563 2.47723 0
      vertex 4.44255 2.01003 0
    endloop
  endfacet
  facet normal -0 0 -1
    outer loop
      vertex 4.63563 2.47723 0
      vertex 4.35621 2.05987 0
      vertex 4.54763 2.52299 0
    endloop
  endfacet
  facet normal 0 0 -1
    outer loop
      vertex 4.26534 2.10087 0
      vertex 4.54763 2.52299 0
      vertex 4.35621 2.05987 0
    endloop
  endfacet
  facet normal -0 0 -1
    outer loop
      vertex 4.54763 2.52299 0
      vertex 4.26534 2.10087 0
      vertex 4.4568 2.56283 0
    endloop
  endfacet
  facet normal -0 0 -1
    outer loop
      vertex 4.4568 2.56283 0
      vertex 4.26534 2.10087 0
      vertex 4.36353 2.59658 0
    endloop
  endfacet
  facet normal 0 0 -1
    outer loop
      vertex 4.17084 2.13262 0
      vertex 4.36353 2.59658 0
      vertex 4.26534 2.10087 0
    endloop
  endfacet
  facet normal -0 0 -1
    outer loop
      vertex 4.36353 2.59658 0
      vertex 4.17084 2.13262 0
      vertex 4.26823 2.6241 0
    endloop
  endfacet
  facet normal 0 0 -1
    outer loop
      vertex 4.07365 2.15481 0
      vertex 4.26823 2.6241 0
      vertex 4.17084 2.13262 0
    endloop
  endfacet
  facet normal -0 0 -1
    outer loop
      vertex 4.26823 2.6241 0
      vertex 4.07365 2.15481 0
      vertex 4.17132 2.64526 0
    endloop
  endfacet
  facet normal 0 0 -1
    outer loop
      vertex 4.07365 2.15481 0
      vertex 4.07323 2.65996 0
      vertex 4.17132 2.64526 0
    endloop
  endfacet
  facet normal 0 0 -1
    outer loop
      vertex 3.97473 2.1672 0
      vertex 4.07323 2.65996 0
      vertex 4.07365 2.15481 0
    endloop
  endfacet
  facet normal 0 0 -1
    outer loop
      vertex 3.97473 2.1672 0
      vertex 3.97437 2.66815 0
      vertex 4.07323 2.65996 0
    endloop
  endfacet
  facet normal 0 0 -1
    outer loop
      vertex 3.87507 2.16969 0
      vertex 3.97437 2.66815 0
      vertex 3.97473 2.1672 0
    endloop
  endfacet
  facet normal -0 0 -1
    outer loop
      vertex 3.97437 2.66815 0
      vertex 3.87507 2.16969 0
      vertex 3.8752 2.66979 0
    endloop
  endfacet
  facet normal 0 0 -1
    outer loop
      vertex 3.87507 2.16969 0
      vertex 3.77613 2.66488 0
      vertex 3.8752 2.66979 0
    endloop
  endfacet
  facet normal 0 0 -1
    outer loop
      vertex 3.77566 2.16224 0
      vertex 3.77613 2.66488 0
      vertex 3.87507 2.16969 0
    endloop
  endfacet
  facet normal 0 0 -1
    outer loop
      vertex 3.77566 2.16224 0
      vertex 3.6776 2.65342 0
      vertex 3.77613 2.66488 0
    endloop
  endfacet
  facet normal 0 0 -1
    outer loop
      vertex 3.67748 2.14493 0
      vertex 3.6776 2.65342 0
      vertex 3.77566 2.16224 0
    endloop
  endfacet
  facet normal 0 0 -1
    outer loop
      vertex 3.4839 2.61113 0
      vertex 3.67748 2.14493 0
      vertex 3.58151 2.11793 0
    endloop
  endfacet
  facet normal 0 0 -1
    outer loop
      vertex 3.67748 2.14493 0
      vertex 3.58005 2.63548 0
      vertex 3.6776 2.65342 0
    endloop
  endfacet
  facet normal 0 0 -1
    outer loop
      vertex 3.38956 2.58048 0
      vertex 3.58151 2.11793 0
      vertex 3.48871 2.08151 0
    endloop
  endfacet
  facet normal 0 0 -1
    outer loop
      vertex 3.67748 2.14493 0
      vertex 3.4839 2.61113 0
      vertex 3.58005 2.63548 0
    endloop
  endfacet
  facet normal 0 0 -1
    outer loop
      vertex 3.20799 2.50083 0
      vertex 3.48871 2.08151 0
      vertex 3.4 2.03603 0
    endloop
  endfacet
  facet normal 0 0 -1
    outer loop
      vertex 3.58151 2.11793 0
      vertex 3.38956 2.58048 0
      vertex 3.4839 2.61113 0
    endloop
  endfacet
  facet normal 0 0 -1
    outer loop
      vertex 3.12154 2.45219 0
      vertex 3.4 2.03603 0
      vertex 3.31626 1.98194 0
    endloop
  endfacet
  facet normal 0 0 -1
    outer loop
      vertex 3.48871 2.08151 0
      vertex 3.29746 2.54366 0
      vertex 3.38956 2.58048 0
    endloop
  endfacet
  facet normal 0 0 -1
    outer loop
      vertex 2.95924 2.33832 0
      vertex 3.31626 1.98194 0
      vertex 3.23831 1.91978 0
    endloop
  endfacet
  facet normal 0 0 -1
    outer loop
      vertex 3.48871 2.08151 0
      vertex 3.20799 2.50083 0
      vertex 3.29746 2.54366 0
    endloop
  endfacet
  facet normal 0 0 -1
    outer loop
      vertex 2.88408 2.27359 0
      vertex 3.23831 1.91978 0
      vertex 3.16695 1.85017 0
    endloop
  endfacet
  facet normal 0 0 -1
    outer loop
      vertex 3.4 2.03603 0
      vertex 3.12154 2.45219 0
      vertex 3.20799 2.50083 0
    endloop
  endfacet
  facet normal 0 0 -1
    outer loop
      vertex 2.7474 2.12995 0
      vertex 3.16695 1.85017 0
      vertex 3.10287 1.7738 0
    endloop
  endfacet
  facet normal 0 0 -1
    outer loop
      vertex 2.68647 2.05168 0
      vertex 3.10287 1.7738 0
      vertex 3.04671 1.69143 0
    endloop
  endfacet
  facet normal 0 0 -1
    outer loop
      vertex 3.31626 1.98194 0
      vertex 3.03851 2.39794 0
      vertex 3.12154 2.45219 0
    endloop
  endfacet
  facet normal 0 0 -1
    outer loop
      vertex 2.58079 1.88392 0
      vertex 3.04671 1.69143 0
      vertex 2.99903 1.60388 0
    endloop
  endfacet
  facet normal 0 0 -1
    outer loop
      vertex 2.53649 1.79517 0
      vertex 2.99903 1.60388 0
      vertex 2.96031 1.51202 0
    endloop
  endfacet
  facet normal 0 0 -1
    outer loop
      vertex 3.31626 1.98194 0
      vertex 2.95924 2.33832 0
      vertex 3.03851 2.39794 0
    endloop
  endfacet
  facet normal 0 0 -1
    outer loop
      vertex 2.46595 1.60987 0
      vertex 2.96031 1.51202 0
      vertex 2.93092 1.41676 0
    endloop
  endfacet
  facet normal 0 0 -1
    outer loop
      vertex 2.44295 1.525 0
      vertex 2.93092 1.41676 0
      vertex 2.91117 1.31904 0
    endloop
  endfacet
  facet normal 0 0 -1
    outer loop
      vertex 2.44295 1.525 0
      vertex 2.91117 1.31904 0
      vertex 2.90124 1.21985 0
    endloop
  endfacet
  facet normal 0 0 -1
    outer loop
      vertex 3.23831 1.91978 0
      vertex 2.88408 2.27359 0
      vertex 2.95924 2.33832 0
    endloop
  endfacet
  facet normal 0 0 -1
    outer loop
      vertex 21.3566 6.275 0
      vertex 20.895 6.53043 0
      vertex 20.9 6.63 0
    endloop
  endfacet
  facet normal 0 0 -1
    outer loop
      vertex 21.0202 5.63246 0
      vertex 20.8802 6.43185 0
      vertex 20.895 6.53043 0
    endloop
  endfacet
  facet normal 0 0 -1
    outer loop
      vertex 20.5982 5.91413 0
      vertex 20.9519 5.56061 0
      vertex 20.8789 5.49343 0
    endloop
  endfacet
  facet normal 0 0 -1
    outer loop
      vertex 21.0202 5.63246 0
      vertex 20.8556 6.33524 0
      vertex 20.8802 6.43185 0
    endloop
  endfacet
  facet normal 0 0 -1
    outer loop
      vertex 21.0202 5.63246 0
      vertex 20.8215 6.24156 0
      vertex 20.8556 6.33524 0
    endloop
  endfacet
  facet normal 0 0 -1
    outer loop
      vertex 20.5235 5.84817 0
      vertex 20.8789 5.49343 0
      vertex 20.8016 5.43122 0
    endloop
  endfacet
  facet normal 0 0 -1
    outer loop
      vertex 21.0202 5.63246 0
      vertex 20.7782 6.15175 0
      vertex 20.8215 6.24156 0
    endloop
  endfacet
  facet normal 0 0 -1
    outer loop
      vertex 21.0202 5.63246 0
      vertex 20.7262 6.06668 0
      vertex 20.7782 6.15175 0
    endloop
  endfacet
  facet normal 0 0 -1
    outer loop
      vertex 20.4425 5.78997 0
      vertex 20.8016 5.43122 0
      vertex 20.7204 5.37425 0
    endloop
  endfacet
  facet normal 0 0 -1
    outer loop
      vertex 21.0202 5.63246 0
      vertex 20.666 5.98721 0
      vertex 20.7262 6.06668 0
    endloop
  endfacet
  facet normal 0 0 -1
    outer loop
      vertex 20.4425 5.78997 0
      vertex 20.7204 5.37425 0
      vertex 20.6356 5.32277 0
    endloop
  endfacet
  facet normal 0 0 -1
    outer loop
      vertex 21.0202 5.63246 0
      vertex 20.5982 5.91413 0
      vertex 20.666 5.98721 0
    endloop
  endfacet
  facet normal 0 0 -1
    outer loop
      vertex 20.3562 5.74013 0
      vertex 20.6356 5.32277 0
      vertex 20.5476 5.27701 0
    endloop
  endfacet
  facet normal 0 0 -1
    outer loop
      vertex 20.8789 5.49343 0
      vertex 20.5235 5.84817 0
      vertex 20.5982 5.91413 0
    endloop
  endfacet
  facet normal 0 0 -1
    outer loop
      vertex 20.2653 5.69913 0
      vertex 20.5476 5.27701 0
      vertex 20.4568 5.23717 0
    endloop
  endfacet
  facet normal 0 0 -1
    outer loop
      vertex 20.8016 5.43122 0
      vertex 20.4425 5.78997 0
      vertex 20.5235 5.84817 0
    endloop
  endfacet
  facet normal 0 0 -1
    outer loop
      vertex 20.2653 5.69913 0
      vertex 20.4568 5.23717 0
      vertex 20.3635 5.20341 0
    endloop
  endfacet
  facet normal 0 0 -1
    outer loop
      vertex 20.6356 5.32277 0
      vertex 20.3562 5.74013 0
      vertex 20.4425 5.78997 0
    endloop
  endfacet
  facet normal 0 0 -1
    outer loop
      vertex 20.1708 5.66738 0
      vertex 20.3635 5.20341 0
      vertex 20.2682 5.1759 0
    endloop
  endfacet
  facet normal 0 0 -1
    outer loop
      vertex 20.5476 5.27701 0
      vertex 20.2653 5.69913 0
      vertex 20.3562 5.74013 0
    endloop
  endfacet
  facet normal 0 0 -1
    outer loop
      vertex 20.0736 5.64519 0
      vertex 20.2682 5.1759 0
      vertex 20.1713 5.15474 0
    endloop
  endfacet
  facet normal 0 0 -1
    outer loop
      vertex 20.3635 5.20341 0
      vertex 20.1708 5.66738 0
      vertex 20.2653 5.69913 0
    endloop
  endfacet
  facet normal 0 0 -1
    outer loop
      vertex 20.2682 5.1759 0
      vertex 20.0736 5.64519 0
      vertex 20.1708 5.66738 0
    endloop
  endfacet
  facet normal 0 0 -1
    outer loop
      vertex 20.0732 5.14004 0
      vertex 20.0736 5.64519 0
      vertex 20.1713 5.15474 0
    endloop
  endfacet
  facet normal 0 0 -1
    outer loop
      vertex 20.0732 5.14004 0
      vertex 19.9747 5.6328 0
      vertex 20.0736 5.64519 0
    endloop
  endfacet
  facet normal 0 0 -1
    outer loop
      vertex 19.9744 5.13184 0
      vertex 19.9747 5.6328 0
      vertex 20.0732 5.14004 0
    endloop
  endfacet
  facet normal 0 0 -1
    outer loop
      vertex 19.8751 5.63031 0
      vertex 19.9744 5.13184 0
      vertex 19.8752 5.1302 0
    endloop
  endfacet
  facet normal 0 0 -1
    outer loop
      vertex 19.9744 5.13184 0
      vertex 19.8751 5.63031 0
      vertex 19.9747 5.6328 0
    endloop
  endfacet
  facet normal 0 0 -1
    outer loop
      vertex 19.7761 5.13512 0
      vertex 19.8751 5.63031 0
      vertex 19.8752 5.1302 0
    endloop
  endfacet
  facet normal 0 0 -1
    outer loop
      vertex 19.7761 5.13512 0
      vertex 19.7757 5.63776 0
      vertex 19.8751 5.63031 0
    endloop
  endfacet
  facet normal 0 0 -1
    outer loop
      vertex 19.6776 5.14658 0
      vertex 19.7757 5.63776 0
      vertex 19.7761 5.13512 0
    endloop
  endfacet
  facet normal 0 0 -1
    outer loop
      vertex 19.6776 5.14658 0
      vertex 19.6775 5.65507 0
      vertex 19.7757 5.63776 0
    endloop
  endfacet
  facet normal 0 0 -1
    outer loop
      vertex 19.5801 5.16452 0
      vertex 19.6775 5.65507 0
      vertex 19.6776 5.14658 0
    endloop
  endfacet
  facet normal 0 0 -1
    outer loop
      vertex 19.4839 5.18887 0
      vertex 19.6775 5.65507 0
      vertex 19.5801 5.16452 0
    endloop
  endfacet
  facet normal -0 0 -1
    outer loop
      vertex 19.6775 5.65507 0
      vertex 19.4839 5.18887 0
      vertex 19.5815 5.68207 0
    endloop
  endfacet
  facet normal 0 0 -1
    outer loop
      vertex 19.3896 5.21952 0
      vertex 19.5815 5.68207 0
      vertex 19.4839 5.18887 0
    endloop
  endfacet
  facet normal -0 0 -1
    outer loop
      vertex 19.5815 5.68207 0
      vertex 19.3896 5.21952 0
      vertex 19.4887 5.71849 0
    endloop
  endfacet
  facet normal 0 0 -1
    outer loop
      vertex 19.2975 5.25634 0
      vertex 19.4887 5.71849 0
      vertex 19.3896 5.21952 0
    endloop
  endfacet
  facet normal 0 0 -1
    outer loop
      vertex 19.208 5.29917 0
      vertex 19.4887 5.71849 0
      vertex 19.2975 5.25634 0
    endloop
  endfacet
  facet normal -0 0 -1
    outer loop
      vertex 19.4887 5.71849 0
      vertex 19.208 5.29917 0
      vertex 19.4 5.76397 0
    endloop
  endfacet
  facet normal 0 0 -1
    outer loop
      vertex 19.1215 5.34781 0
      vertex 19.4 5.76397 0
      vertex 19.208 5.29917 0
    endloop
  endfacet
  facet normal -0 0 -1
    outer loop
      vertex 19.4 5.76397 0
      vertex 19.1215 5.34781 0
      vertex 19.3163 5.81806 0
    endloop
  endfacet
  facet normal 0 0 -1
    outer loop
      vertex 19.0385 5.40206 0
      vertex 19.3163 5.81806 0
      vertex 19.1215 5.34781 0
    endloop
  endfacet
  facet normal 0 0 -1
    outer loop
      vertex 18.9592 5.46168 0
      vertex 19.3163 5.81806 0
      vertex 19.0385 5.40206 0
    endloop
  endfacet
  facet normal -0 0 -1
    outer loop
      vertex 19.3163 5.81806 0
      vertex 18.9592 5.46168 0
      vertex 19.2383 5.88022 0
    endloop
  endfacet
  facet normal 0 0 -1
    outer loop
      vertex 18.8841 5.52641 0
      vertex 19.2383 5.88022 0
      vertex 18.9592 5.46168 0
    endloop
  endfacet
  facet normal -0 0 -1
    outer loop
      vertex 19.2383 5.88022 0
      vertex 18.8841 5.52641 0
      vertex 19.1669 5.94983 0
    endloop
  endfacet
  facet normal 0 0 -1
    outer loop
      vertex 18.8134 5.59597 0
      vertex 19.1669 5.94983 0
      vertex 18.8841 5.52641 0
    endloop
  endfacet
  facet normal 0 0 -1
    outer loop
      vertex 18.7474 5.67005 0
      vertex 19.1669 5.94983 0
      vertex 18.8134 5.59597 0
    endloop
  endfacet
  facet normal -0 0 -1
    outer loop
      vertex 19.1669 5.94983 0
      vertex 18.7474 5.67005 0
      vertex 19.1029 6.0262 0
    endloop
  endfacet
  facet normal 0 0 -1
    outer loop
      vertex 18.6865 5.74832 0
      vertex 19.1029 6.0262 0
      vertex 18.7474 5.67005 0
    endloop
  endfacet
  facet normal -0 0 -1
    outer loop
      vertex 19.1029 6.0262 0
      vertex 18.6865 5.74832 0
      vertex 19.0467 6.10856 0
    endloop
  endfacet
  facet normal 0 0 -1
    outer loop
      vertex 18.6309 5.83045 0
      vertex 19.0467 6.10856 0
      vertex 18.6865 5.74832 0
    endloop
  endfacet
  facet normal -0 0 -1
    outer loop
      vertex 19.0467 6.10856 0
      vertex 18.5808 5.91608 0
      vertex 18.999 6.19612 0
    endloop
  endfacet
  facet normal 0 0 -1
    outer loop
      vertex 18.5808 5.91608 0
      vertex 19.0467 6.10856 0
      vertex 18.6309 5.83045 0
    endloop
  endfacet
  facet normal -0 0 -1
    outer loop
      vertex 21.2421 1.83991 0
      vertex 20.7782 1.64825 0
      vertex 21.1949 1.92715 0
    endloop
  endfacet
  facet normal 0 0 -1
    outer loop
      vertex 20.7262 1.73332 0
      vertex 21.1949 1.92715 0
      vertex 20.7782 1.64825 0
    endloop
  endfacet
  facet normal -0 0 -1
    outer loop
      vertex 21.1949 1.92715 0
      vertex 20.7262 1.73332 0
      vertex 21.142 2.01107 0
    endloop
  endfacet
  facet normal -0 0 -1
    outer loop
      vertex 21.142 2.01107 0
      vertex 20.7262 1.73332 0
      vertex 21.0837 2.09132 0
    endloop
  endfacet
  facet normal 0 0 -1
    outer loop
      vertex 20.666 1.81279 0
      vertex 21.0837 2.09132 0
      vertex 20.7262 1.73332 0
    endloop
  endfacet
  facet normal -0 0 -1
    outer loop
      vertex 21.0837 2.09132 0
      vertex 20.666 1.81279 0
      vertex 21.0202 2.16754 0
    endloop
  endfacet
  facet normal 0 0 -1
    outer loop
      vertex 20.5982 1.88587 0
      vertex 21.0202 2.16754 0
      vertex 20.666 1.81279 0
    endloop
  endfacet
  facet normal -0 0 -1
    outer loop
      vertex 21.0202 2.16754 0
      vertex 20.5982 1.88587 0
      vertex 20.9519 2.23939 0
    endloop
  endfacet
  facet normal -0 0 -1
    outer loop
      vertex 20.9519 2.23939 0
      vertex 20.5982 1.88587 0
      vertex 20.8789 2.30657 0
    endloop
  endfacet
  facet normal 0 0 -1
    outer loop
      vertex 20.5235 1.95183 0
      vertex 20.8789 2.30657 0
      vertex 20.5982 1.88587 0
    endloop
  endfacet
  facet normal -0 0 -1
    outer loop
      vertex 20.8789 2.30657 0
      vertex 20.5235 1.95183 0
      vertex 20.8016 2.36878 0
    endloop
  endfacet
  facet normal 0 0 -1
    outer loop
      vertex 20.4425 2.01003 0
      vertex 20.8016 2.36878 0
      vertex 20.5235 1.95183 0
    endloop
  endfacet
  facet normal -0 0 -1
    outer loop
      vertex 20.8016 2.36878 0
      vertex 20.4425 2.01003 0
      vertex 20.7204 2.42575 0
    endloop
  endfacet
  facet normal -0 0 -1
    outer loop
      vertex 20.7204 2.42575 0
      vertex 20.4425 2.01003 0
      vertex 20.6356 2.47723 0
    endloop
  endfacet
  facet normal 0 0 -1
    outer loop
      vertex 20.3562 2.05987 0
      vertex 20.6356 2.47723 0
      vertex 20.4425 2.01003 0
    endloop
  endfacet
  facet normal -0 0 -1
    outer loop
      vertex 20.6356 2.47723 0
      vertex 20.3562 2.05987 0
      vertex 20.5476 2.52299 0
    endloop
  endfacet
  facet normal 0 0 -1
    outer loop
      vertex 20.2653 2.10087 0
      vertex 20.5476 2.52299 0
      vertex 20.3562 2.05987 0
    endloop
  endfacet
  facet normal -0 0 -1
    outer loop
      vertex 20.5476 2.52299 0
      vertex 20.2653 2.10087 0
      vertex 20.4568 2.56283 0
    endloop
  endfacet
  facet normal -0 0 -1
    outer loop
      vertex 20.4568 2.56283 0
      vertex 20.2653 2.10087 0
      vertex 20.3635 2.59658 0
    endloop
  endfacet
  facet normal 0 0 -1
    outer loop
      vertex 20.1708 2.13262 0
      vertex 20.3635 2.59658 0
      vertex 20.2653 2.10087 0
    endloop
  endfacet
  facet normal -0 0 -1
    outer loop
      vertex 20.3635 2.59658 0
      vertex 20.1708 2.13262 0
      vertex 20.2682 2.6241 0
    endloop
  endfacet
  facet normal 0 0 -1
    outer loop
      vertex 20.0736 2.15481 0
      vertex 20.2682 2.6241 0
      vertex 20.1708 2.13262 0
    endloop
  endfacet
  facet normal -0 0 -1
    outer loop
      vertex 20.2682 2.6241 0
      vertex 20.0736 2.15481 0
      vertex 20.1713 2.64526 0
    endloop
  endfacet
  facet normal 0 0 -1
    outer loop
      vertex 20.0736 2.15481 0
      vertex 20.0732 2.65996 0
      vertex 20.1713 2.64526 0
    endloop
  endfacet
  facet normal 0 0 -1
    outer loop
      vertex 19.9747 2.1672 0
      vertex 20.0732 2.65996 0
      vertex 20.0736 2.15481 0
    endloop
  endfacet
  facet normal 0 0 -1
    outer loop
      vertex 19.9747 2.1672 0
      vertex 19.9744 2.66815 0
      vertex 20.0732 2.65996 0
    endloop
  endfacet
  facet normal 0 0 -1
    outer loop
      vertex 19.8751 2.16969 0
      vertex 19.9744 2.66815 0
      vertex 19.9747 2.1672 0
    endloop
  endfacet
  facet normal -0 0 -1
    outer loop
      vertex 19.9744 2.66815 0
      vertex 19.8751 2.16969 0
      vertex 19.8752 2.66979 0
    endloop
  endfacet
  facet normal 0 0 -1
    outer loop
      vertex 19.8751 2.16969 0
      vertex 19.7761 2.66488 0
      vertex 19.8752 2.66979 0
    endloop
  endfacet
  facet normal 0 0 -1
    outer loop
      vertex 19.7757 2.16224 0
      vertex 19.7761 2.66488 0
      vertex 19.8751 2.16969 0
    endloop
  endfacet
  facet normal 0 0 -1
    outer loop
      vertex 19.7757 2.16224 0
      vertex 19.6776 2.65342 0
      vertex 19.7761 2.66488 0
    endloop
  endfacet
  facet normal 0 0 -1
    outer loop
      vertex 19.6775 2.14493 0
      vertex 19.6776 2.65342 0
      vertex 19.7757 2.16224 0
    endloop
  endfacet
  facet normal 0 0 -1
    outer loop
      vertex 19.4839 2.61113 0
      vertex 19.6775 2.14493 0
      vertex 19.5815 2.11793 0
    endloop
  endfacet
  facet normal 0 0 -1
    outer loop
      vertex 19.6775 2.14493 0
      vertex 19.5801 2.63548 0
      vertex 19.6776 2.65342 0
    endloop
  endfacet
  facet normal 0 0 -1
    outer loop
      vertex 19.3896 2.58048 0
      vertex 19.5815 2.11793 0
      vertex 19.4887 2.08151 0
    endloop
  endfacet
  facet normal 0 0 -1
    outer loop
      vertex 19.6775 2.14493 0
      vertex 19.4839 2.61113 0
      vertex 19.5801 2.63548 0
    endloop
  endfacet
  facet normal 0 0 -1
    outer loop
      vertex 19.208 2.50083 0
      vertex 19.4887 2.08151 0
      vertex 19.4 2.03603 0
    endloop
  endfacet
  facet normal 0 0 -1
    outer loop
      vertex 19.5815 2.11793 0
      vertex 19.3896 2.58048 0
      vertex 19.4839 2.61113 0
    endloop
  endfacet
  facet normal 0 0 -1
    outer loop
      vertex 19.1215 2.45219 0
      vertex 19.4 2.03603 0
      vertex 19.3163 1.98194 0
    endloop
  endfacet
  facet normal 0 0 -1
    outer loop
      vertex 19.4887 2.08151 0
      vertex 19.2975 2.54366 0
      vertex 19.3896 2.58048 0
    endloop
  endfacet
  facet normal 0 0 -1
    outer loop
      vertex 18.9592 2.33832 0
      vertex 19.3163 1.98194 0
      vertex 19.2383 1.91978 0
    endloop
  endfacet
  facet normal 0 0 -1
    outer loop
      vertex 19.4887 2.08151 0
      vertex 19.208 2.50083 0
      vertex 19.2975 2.54366 0
    endloop
  endfacet
  facet normal 0 0 -1
    outer loop
      vertex 18.8841 2.27359 0
      vertex 19.2383 1.91978 0
      vertex 19.1669 1.85017 0
    endloop
  endfacet
  facet normal 0 0 -1
    outer loop
      vertex 19.4 2.03603 0
      vertex 19.1215 2.45219 0
      vertex 19.208 2.50083 0
    endloop
  endfacet
  facet normal 0 0 -1
    outer loop
      vertex 18.7474 2.12995 0
      vertex 19.1669 1.85017 0
      vertex 19.1029 1.7738 0
    endloop
  endfacet
  facet normal 0 0 -1
    outer loop
      vertex 18.6865 2.05168 0
      vertex 19.1029 1.7738 0
      vertex 19.0467 1.69143 0
    endloop
  endfacet
  facet normal 0 0 -1
    outer loop
      vertex 19.3163 1.98194 0
      vertex 19.0385 2.39794 0
      vertex 19.1215 2.45219 0
    endloop
  endfacet
  facet normal 0 0 -1
    outer loop
      vertex 18.5808 1.88392 0
      vertex 19.0467 1.69143 0
      vertex 18.999 1.60388 0
    endloop
  endfacet
  facet normal 0 0 -1
    outer loop
      vertex 18.5365 1.79517 0
      vertex 18.999 1.60388 0
      vertex 18.9603 1.51202 0
    endloop
  endfacet
  facet normal 0 0 -1
    outer loop
      vertex 19.3163 1.98194 0
      vertex 18.9592 2.33832 0
      vertex 19.0385 2.39794 0
    endloop
  endfacet
  facet normal 0 0 -1
    outer loop
      vertex 18.4659 1.60987 0
      vertex 18.9603 1.51202 0
      vertex 18.9309 1.41676 0
    endloop
  endfacet
  facet normal 0 0 -1
    outer loop
      vertex 18.443 1.525 0
      vertex 18.9309 1.41676 0
      vertex 18.9112 1.31904 0
    endloop
  endfacet
  facet normal 0 0 -1
    outer loop
      vertex 18.443 1.525 0
      vertex 18.9112 1.31904 0
      vertex 18.9012 1.21985 0
    endloop
  endfacet
  facet normal 0 0 -1
    outer loop
      vertex 19.2383 1.91978 0
      vertex 18.8841 2.27359 0
      vertex 18.9592 2.33832 0
    endloop
  endfacet
  facet normal 0 0 -1
    outer loop
      vertex 22.1196 5.31048 0
      vertex 22.3115 4.84793 0
      vertex 22.2187 4.81151 0
    endloop
  endfacet
  facet normal 0 0 -1
    outer loop
      vertex 22.3115 4.84793 0
      vertex 22.2139 5.34113 0
      vertex 22.275 5.3566 0
    endloop
  endfacet
  facet normal 0 0 -1
    outer loop
      vertex 21.938 5.23083 0
      vertex 22.2187 4.81151 0
      vertex 22.13 4.76602 0
    endloop
  endfacet
  facet normal 0 0 -1
    outer loop
      vertex 22.3115 4.84793 0
      vertex 22.1196 5.31048 0
      vertex 22.2139 5.34113 0
    endloop
  endfacet
  facet normal 0 0 -1
    outer loop
      vertex 21.8515 5.18219 0
      vertex 22.13 4.76602 0
      vertex 22.0463 4.71194 0
    endloop
  endfacet
  facet normal 0 0 -1
    outer loop
      vertex 22.2187 4.81151 0
      vertex 22.0275 5.27366 0
      vertex 22.1196 5.31048 0
    endloop
  endfacet
  facet normal 0 0 -1
    outer loop
      vertex 21.6892 5.06832 0
      vertex 22.0463 4.71194 0
      vertex 21.9683 4.64978 0
    endloop
  endfacet
  facet normal 0 0 -1
    outer loop
      vertex 22.2187 4.81151 0
      vertex 21.938 5.23083 0
      vertex 22.0275 5.27366 0
    endloop
  endfacet
  facet normal 0 0 -1
    outer loop
      vertex 21.6141 5.00359 0
      vertex 21.9683 4.64978 0
      vertex 21.8969 4.58017 0
    endloop
  endfacet
  facet normal 0 0 -1
    outer loop
      vertex 22.13 4.76602 0
      vertex 21.8515 5.18219 0
      vertex 21.938 5.23083 0
    endloop
  endfacet
  facet normal 0 0 -1
    outer loop
      vertex 21.4774 4.85995 0
      vertex 21.8969 4.58017 0
      vertex 21.8329 4.5038 0
    endloop
  endfacet
  facet normal 0 0 -1
    outer loop
      vertex 21.4165 4.78168 0
      vertex 21.8329 4.5038 0
      vertex 21.7767 4.42143 0
    endloop
  endfacet
  facet normal 0 0 -1
    outer loop
      vertex 22.0463 4.71194 0
      vertex 21.7685 5.12794 0
      vertex 21.8515 5.18219 0
    endloop
  endfacet
  facet normal 0 0 -1
    outer loop
      vertex 21.3108 4.61392 0
      vertex 21.7767 4.42143 0
      vertex 21.729 4.33388 0
    endloop
  endfacet
  facet normal 0 0 -1
    outer loop
      vertex 21.2665 4.52517 0
      vertex 21.729 4.33388 0
      vertex 21.6903 4.24202 0
    endloop
  endfacet
  facet normal 0 0 -1
    outer loop
      vertex 22.0463 4.71194 0
      vertex 21.6892 5.06832 0
      vertex 21.7685 5.12794 0
    endloop
  endfacet
  facet normal 0 0 -1
    outer loop
      vertex 21.1959 4.33987 0
      vertex 21.6903 4.24202 0
      vertex 21.6609 4.14676 0
    endloop
  endfacet
  facet normal 0 0 -1
    outer loop
      vertex 21.17 4.24414 0
      vertex 21.6609 4.14676 0
      vertex 21.6412 4.04904 0
    endloop
  endfacet
  facet normal 0 0 -1
    outer loop
      vertex 21.1374 4.04857 0
      vertex 21.6412 4.04904 0
      vertex 21.6312 3.94985 0
    endloop
  endfacet
  facet normal 0 0 -1
    outer loop
      vertex 21.9683 4.64978 0
      vertex 21.6141 5.00359 0
      vertex 21.6892 5.06832 0
    endloop
  endfacet
  facet normal 0 0 -1
    outer loop
      vertex 21.2665 3.27483 0
      vertex 21.729 3.46612 0
      vertex 21.3108 3.18608 0
    endloop
  endfacet
  facet normal -0 0 -1
    outer loop
      vertex 21.729 3.46612 0
      vertex 21.2665 3.27483 0
      vertex 21.6903 3.55798 0
    endloop
  endfacet
  facet normal 0 0 -1
    outer loop
      vertex 21.8969 4.58017 0
      vertex 21.5434 4.93403 0
      vertex 21.6141 5.00359 0
    endloop
  endfacet
  facet normal 0 0 -1
    outer loop
      vertex 21.2282 3.36631 0
      vertex 21.6903 3.55798 0
      vertex 21.2665 3.27483 0
    endloop
  endfacet
  facet normal 0 0 -1
    outer loop
      vertex 21.8969 4.58017 0
      vertex 21.4774 4.85995 0
      vertex 21.5434 4.93403 0
    endloop
  endfacet
  facet normal 0 0 -1
    outer loop
      vertex 21.1959 3.46012 0
      vertex 21.6903 3.55798 0
      vertex 21.2282 3.36631 0
    endloop
  endfacet
  facet normal 0 0 -1
    outer loop
      vertex 21.8329 4.5038 0
      vertex 21.4165 4.78168 0
      vertex 21.4774 4.85995 0
    endloop
  endfacet
  facet normal -0 0 -1
    outer loop
      vertex 21.6903 3.55798 0
      vertex 21.1959 3.46012 0
      vertex 21.6609 3.65324 0
    endloop
  endfacet
  facet normal 0 0 -1
    outer loop
      vertex 21.7767 4.42143 0
      vertex 21.3609 4.69955 0
      vertex 21.4165 4.78168 0
    endloop
  endfacet
  facet normal 0 0 -1
    outer loop
      vertex 21.17 3.55586 0
      vertex 21.6609 3.65324 0
      vertex 21.1959 3.46012 0
    endloop
  endfacet
  facet normal 0 0 -1
    outer loop
      vertex 21.7767 4.42143 0
      vertex 21.3108 4.61392 0
      vertex 21.3609 4.69955 0
    endloop
  endfacet
  facet normal -0 0 -1
    outer loop
      vertex 21.6609 3.65324 0
      vertex 21.17 3.55586 0
      vertex 21.6412 3.75096 0
    endloop
  endfacet
  facet normal 0 0 -1
    outer loop
      vertex 21.729 4.33388 0
      vertex 21.2665 4.52517 0
      vertex 21.3108 4.61392 0
    endloop
  endfacet
  facet normal 0 0 -1
    outer loop
      vertex 21.1505 3.65311 0
      vertex 21.6412 3.75096 0
      vertex 21.17 3.55586 0
    endloop
  endfacet
  facet normal 0 0 -1
    outer loop
      vertex 21.6903 4.24202 0
      vertex 21.2282 4.43369 0
      vertex 21.2665 4.52517 0
    endloop
  endfacet
  facet normal 0 0 -1
    outer loop
      vertex 21.1374 3.75143 0
      vertex 21.6412 3.75096 0
      vertex 21.1505 3.65311 0
    endloop
  endfacet
  facet normal 0 0 -1
    outer loop
      vertex 21.6903 4.24202 0
      vertex 21.1959 4.33987 0
      vertex 21.2282 4.43369 0
    endloop
  endfacet
  facet normal 0 0 -1
    outer loop
      vertex 21.6412 3.75096 0
      vertex 21.1374 3.75143 0
      vertex 21.6312 3.85015 0
    endloop
  endfacet
  facet normal 0 0 -1
    outer loop
      vertex 21.6609 4.14676 0
      vertex 21.17 4.24414 0
      vertex 21.1959 4.33987 0
    endloop
  endfacet
  facet normal 0 0 -1
    outer loop
      vertex 21.1308 3.8504 0
      vertex 21.6312 3.85015 0
      vertex 21.1374 3.75143 0
    endloop
  endfacet
  facet normal 0 0 -1
    outer loop
      vertex 21.6412 4.04904 0
      vertex 21.1505 4.14689 0
      vertex 21.17 4.24414 0
    endloop
  endfacet
  facet normal 0 0 -1
    outer loop
      vertex 21.6312 3.85015 0
      vertex 21.1308 3.8504 0
      vertex 21.6312 3.94985 0
    endloop
  endfacet
  facet normal -0 0 -1
    outer loop
      vertex 21.6412 4.04904 0
      vertex 21.1374 4.04857 0
      vertex 21.1505 4.14689 0
    endloop
  endfacet
  facet normal 0 0 -1
    outer loop
      vertex 21.1308 3.94959 0
      vertex 21.6312 3.94985 0
      vertex 21.1308 3.8504 0
    endloop
  endfacet
  facet normal -0 0 -1
    outer loop
      vertex 21.6312 3.94985 0
      vertex 21.1308 3.94959 0
      vertex 21.1374 4.04857 0
    endloop
  endfacet
  facet normal 0 0 -1
    outer loop
      vertex 23.8 0 0
      vertex 23.63 3.9 0
      vertex 23.8 7.8 0
    endloop
  endfacet
  facet normal 0 0 -1
    outer loop
      vertex 23.8 0 0
      vertex 23.625 3.80043 0
      vertex 23.63 3.9 0
    endloop
  endfacet
  facet normal 0 0 -1
    outer loop
      vertex 23.8 0 0
      vertex 23.6102 3.70185 0
      vertex 23.625 3.80043 0
    endloop
  endfacet
  facet normal 0 0 -1
    outer loop
      vertex 23.8 0 0
      vertex 23.5856 3.60524 0
      vertex 23.6102 3.70185 0
    endloop
  endfacet
  facet normal 0 0 -1
    outer loop
      vertex 23.8 0 0
      vertex 23.5515 3.51156 0
      vertex 23.5856 3.60524 0
    endloop
  endfacet
  facet normal 0 0 -1
    outer loop
      vertex 23.8 0 0
      vertex 23.5082 3.42175 0
      vertex 23.5515 3.51156 0
    endloop
  endfacet
  facet normal 0 0 -1
    outer loop
      vertex 23.8 0 0
      vertex 23.4562 3.33668 0
      vertex 23.5082 3.42175 0
    endloop
  endfacet
  facet normal 0 0 -1
    outer loop
      vertex 23.8 0 0
      vertex 23.396 3.25721 0
      vertex 23.4562 3.33668 0
    endloop
  endfacet
  facet normal 0 0 -1
    outer loop
      vertex 23.8 0 0
      vertex 23.3282 3.18413 0
      vertex 23.396 3.25721 0
    endloop
  endfacet
  facet normal 0 0 -1
    outer loop
      vertex 23.8 0 0
      vertex 23.2535 3.11817 0
      vertex 23.3282 3.18413 0
    endloop
  endfacet
  facet normal 0 0 -1
    outer loop
      vertex 23.8 0 0
      vertex 23.1725 3.05997 0
      vertex 23.2535 3.11817 0
    endloop
  endfacet
  facet normal 0 0 -1
    outer loop
      vertex 23.8 0 0
      vertex 23.0862 3.01013 0
      vertex 23.1725 3.05997 0
    endloop
  endfacet
  facet normal 0 0 -1
    outer loop
      vertex 22.275 1.525 0
      vertex 23.0862 3.01013 0
      vertex 23.8 0 0
    endloop
  endfacet
  facet normal 0 0 -1
    outer loop
      vertex 23.0862 3.01013 0
      vertex 22.275 1.525 0
      vertex 22.9953 2.96913 0
    endloop
  endfacet
  facet normal 0 0 -1
    outer loop
      vertex 22.9953 2.96913 0
      vertex 22.275 1.525 0
      vertex 22.9008 2.93738 0
    endloop
  endfacet
  facet normal 0 0 -1
    outer loop
      vertex 22.275 2.44339 0
      vertex 22.9008 2.93738 0
      vertex 22.275 1.525 0
    endloop
  endfacet
  facet normal 0 0 -1
    outer loop
      vertex 22.9008 2.93738 0
      vertex 22.275 2.44339 0
      vertex 22.8036 2.91519 0
    endloop
  endfacet
  facet normal 0 0 -1
    outer loop
      vertex 22.8036 2.91519 0
      vertex 22.275 2.44339 0
      vertex 22.7047 2.9028 0
    endloop
  endfacet
  facet normal 0 0 -1
    outer loop
      vertex 22.7047 2.9028 0
      vertex 22.275 2.44339 0
      vertex 22.6051 2.90031 0
    endloop
  endfacet
  facet normal -0 0 -1
    outer loop
      vertex 22.5057 2.90776 0
      vertex 22.275 2.44339 0
      vertex 22.4075 2.92507 0
    endloop
  endfacet
  facet normal -0 0 -1
    outer loop
      vertex 22.6051 2.90031 0
      vertex 22.275 2.44339 0
      vertex 22.5057 2.90776 0
    endloop
  endfacet
  facet normal 0 0 -1
    outer loop
      vertex 20.7782 0.691746 0
      vertex 22.275 1.525 0
      vertex 23.8 0 0
    endloop
  endfacet
  facet normal 0 0 -1
    outer loop
      vertex 20.895 1.26957 0
      vertex 21.3566 1.525 0
      vertex 20.9 1.17 0
    endloop
  endfacet
  facet normal 0 0 -1
    outer loop
      vertex 20.8802 1.36815 0
      vertex 21.3566 1.525 0
      vertex 20.895 1.26957 0
    endloop
  endfacet
  facet normal 0 0 -1
    outer loop
      vertex 20.8556 1.46476 0
      vertex 21.3566 1.525 0
      vertex 20.8802 1.36815 0
    endloop
  endfacet
  facet normal -0 0 -1
    outer loop
      vertex 21.3566 1.525 0
      vertex 20.8556 1.46476 0
      vertex 21.3478 1.56222 0
    endloop
  endfacet
  facet normal -0 0 -1
    outer loop
      vertex 21.3478 1.56222 0
      vertex 20.8556 1.46476 0
      vertex 21.3187 1.65705 0
    endloop
  endfacet
  facet normal 0 0 -1
    outer loop
      vertex 20.8215 1.55843 0
      vertex 21.3187 1.65705 0
      vertex 20.8556 1.46476 0
    endloop
  endfacet
  facet normal -0 0 -1
    outer loop
      vertex 21.3187 1.65705 0
      vertex 20.8215 1.55843 0
      vertex 21.2834 1.74975 0
    endloop
  endfacet
  facet normal -0 0 -1
    outer loop
      vertex 21.2834 1.74975 0
      vertex 20.8215 1.55843 0
      vertex 21.2421 1.83991 0
    endloop
  endfacet
  facet normal 0 0 -1
    outer loop
      vertex 20.7782 1.64825 0
      vertex 21.2421 1.83991 0
      vertex 20.8215 1.55843 0
    endloop
  endfacet
  facet normal -0 0 -1
    outer loop
      vertex 22.275 1.525 0
      vertex 20.8556 0.875244 0
      vertex 21.3566 1.525 0
    endloop
  endfacet
  facet normal 0 0 -1
    outer loop
      vertex 21.3566 1.525 0
      vertex 20.895 1.07043 0
      vertex 20.9 1.17 0
    endloop
  endfacet
  facet normal 0 0 -1
    outer loop
      vertex 21.3566 1.525 0
      vertex 20.8802 0.971853 0
      vertex 20.895 1.07043 0
    endloop
  endfacet
  facet normal 0 0 -1
    outer loop
      vertex 21.3566 1.525 0
      vertex 20.8556 0.875244 0
      vertex 20.8802 0.971853 0
    endloop
  endfacet
  facet normal 0 0 -1
    outer loop
      vertex 22.275 1.525 0
      vertex 20.8215 0.781565 0
      vertex 20.8556 0.875244 0
    endloop
  endfacet
  facet normal 0 0 -1
    outer loop
      vertex 22.275 1.525 0
      vertex 20.7782 0.691746 0
      vertex 20.8215 0.781565 0
    endloop
  endfacet
  facet normal 0 0 -1
    outer loop
      vertex 23.8 0 0
      vertex 20.7262 0.60668 0
      vertex 20.7782 0.691746 0
    endloop
  endfacet
  facet normal 0 0 -1
    outer loop
      vertex 23.8 0 0
      vertex 20.666 0.527212 0
      vertex 20.7262 0.60668 0
    endloop
  endfacet
  facet normal 0 0 -1
    outer loop
      vertex 23.8 0 0
      vertex 20.5982 0.454133 0
      vertex 20.666 0.527212 0
    endloop
  endfacet
  facet normal 0 0 -1
    outer loop
      vertex 23.8 0 0
      vertex 20.5235 0.388168 0
      vertex 20.5982 0.454133 0
    endloop
  endfacet
  facet normal 0 0 -1
    outer loop
      vertex 23.8 0 0
      vertex 20.4425 0.329973 0
      vertex 20.5235 0.388168 0
    endloop
  endfacet
  facet normal 0 0 -1
    outer loop
      vertex 23.8 0 0
      vertex 20.3562 0.280128 0
      vertex 20.4425 0.329973 0
    endloop
  endfacet
  facet normal 0 0 -1
    outer loop
      vertex 23.8 0 0
      vertex 20.2653 0.239126 0
      vertex 20.3562 0.280128 0
    endloop
  endfacet
  facet normal 0 0 -1
    outer loop
      vertex 23.8 0 0
      vertex 20.1708 0.207376 0
      vertex 20.2653 0.239126 0
    endloop
  endfacet
  facet normal 0 0 -1
    outer loop
      vertex 23.8 0 0
      vertex 20.0736 0.185192 0
      vertex 20.1708 0.207376 0
    endloop
  endfacet
  facet normal 0 0 -1
    outer loop
      vertex 23.8 0 0
      vertex 19.9747 0.172795 0
      vertex 20.0736 0.185192 0
    endloop
  endfacet
  facet normal 0 0 -1
    outer loop
      vertex 23.8 0 0
      vertex 19.8751 0.17031 0
      vertex 19.9747 0.172795 0
    endloop
  endfacet
  facet normal 0 0 -1
    outer loop
      vertex 18.443 1.525 0
      vertex 18.9012 1.21985 0
      vertex 18.9012 1.12015 0
    endloop
  endfacet
  facet normal 0 0 -1
    outer loop
      vertex 19.1669 1.85017 0
      vertex 18.8134 2.20403 0
      vertex 18.8841 2.27359 0
    endloop
  endfacet
  facet normal 0 0 -1
    outer loop
      vertex 19.1669 1.85017 0
      vertex 18.7474 2.12995 0
      vertex 18.8134 2.20403 0
    endloop
  endfacet
  facet normal 0 0 -1
    outer loop
      vertex 18.443 1.525 0
      vertex 18.9012 1.12015 0
      vertex 18.9112 1.02096 0
    endloop
  endfacet
  facet normal 0 0 -1
    outer loop
      vertex 19.1029 1.7738 0
      vertex 18.6865 2.05168 0
      vertex 18.7474 2.12995 0
    endloop
  endfacet
  facet normal 0 0 -1
    outer loop
      vertex 18.443 1.525 0
      vertex 18.9112 1.02096 0
      vertex 18.9309 0.923243 0
    endloop
  endfacet
  facet normal 0 0 -1
    outer loop
      vertex 19.0467 1.69143 0
      vertex 18.6309 1.96955 0
      vertex 18.6865 2.05168 0
    endloop
  endfacet
  facet normal 0 0 -1
    outer loop
      vertex 19.0467 1.69143 0
      vertex 18.5808 1.88392 0
      vertex 18.6309 1.96955 0
    endloop
  endfacet
  facet normal 0 0 -1
    outer loop
      vertex 18.443 1.525 0
      vertex 18.9309 0.923243 0
      vertex 18.9603 0.827979 0
    endloop
  endfacet
  facet normal 0 0 -1
    outer loop
      vertex 18.999 1.60388 0
      vertex 18.5365 1.79517 0
      vertex 18.5808 1.88392 0
    endloop
  endfacet
  facet normal 0 0 -1
    outer loop
      vertex 15.9762 1.08668 0
      vertex 18.9603 0.827979 0
      vertex 18.999 0.736115 0
    endloop
  endfacet
  facet normal 0 0 -1
    outer loop
      vertex 18.9603 1.51202 0
      vertex 18.4982 1.70369 0
      vertex 18.5365 1.79517 0
    endloop
  endfacet
  facet normal 0 0 -1
    outer loop
      vertex 18.9603 1.51202 0
      vertex 18.4659 1.60987 0
      vertex 18.4982 1.70369 0
    endloop
  endfacet
  facet normal 0 0 -1
    outer loop
      vertex 15.916 1.00721 0
      vertex 18.999 0.736115 0
      vertex 19.0467 0.648564 0
    endloop
  endfacet
  facet normal 0 0 -1
    outer loop
      vertex 18.9309 1.41676 0
      vertex 18.443 1.525 0
      vertex 18.4659 1.60987 0
    endloop
  endfacet
  facet normal 0 0 -1
    outer loop
      vertex 15.8482 0.934133 0
      vertex 19.0467 0.648564 0
      vertex 19.1029 0.566195 0
    endloop
  endfacet
  facet normal 0 0 -1
    outer loop
      vertex 18.9603 0.827979 0
      vertex 15.9762 1.08668 0
      vertex 18.443 1.525 0
    endloop
  endfacet
  facet normal 0 0 -1
    outer loop
      vertex 15.7735 0.868168 0
      vertex 19.1029 0.566195 0
      vertex 19.1669 0.489827 0
    endloop
  endfacet
  facet normal 0 0 -1
    outer loop
      vertex 15.6925 0.809974 0
      vertex 19.1669 0.489827 0
      vertex 19.2383 0.420218 0
    endloop
  endfacet
  facet normal 0 0 -1
    outer loop
      vertex 15.6062 0.760128 0
      vertex 19.2383 0.420218 0
      vertex 19.3163 0.358062 0
    endloop
  endfacet
  facet normal 0 0 -1
    outer loop
      vertex 15.5153 0.719126 0
      vertex 19.3163 0.358062 0
      vertex 19.4 0.303974 0
    endloop
  endfacet
  facet normal 0 0 -1
    outer loop
      vertex 15.4208 0.687375 0
      vertex 19.4 0.303974 0
      vertex 19.4887 0.258493 0
    endloop
  endfacet
  facet normal 0 0 -1
    outer loop
      vertex 15.3236 0.665192 0
      vertex 19.4887 0.258493 0
      vertex 19.5815 0.222073 0
    endloop
  endfacet
  facet normal -0 0 -1
    outer loop
      vertex 18.443 1.525 0
      vertex 16.1302 1.45185 0
      vertex 16.1412 1.525 0
    endloop
  endfacet
  facet normal 0 0 -1
    outer loop
      vertex 18.443 1.525 0
      vertex 16.1056 1.35524 0
      vertex 16.1302 1.45185 0
    endloop
  endfacet
  facet normal 0 0 -1
    outer loop
      vertex 18.443 1.525 0
      vertex 16.0715 1.26156 0
      vertex 16.1056 1.35524 0
    endloop
  endfacet
  facet normal 0 0 -1
    outer loop
      vertex 18.443 1.525 0
      vertex 16.0282 1.17175 0
      vertex 16.0715 1.26156 0
    endloop
  endfacet
  facet normal 0 0 -1
    outer loop
      vertex 15.2247 0.652796 0
      vertex 19.5815 0.222073 0
      vertex 19.6775 0.195071 0
    endloop
  endfacet
  facet normal 0 0 -1
    outer loop
      vertex 18.443 1.525 0
      vertex 15.9762 1.08668 0
      vertex 16.0282 1.17175 0
    endloop
  endfacet
  facet normal 0 0 -1
    outer loop
      vertex 18.999 0.736115 0
      vertex 15.916 1.00721 0
      vertex 15.9762 1.08668 0
    endloop
  endfacet
  facet normal 0 0 -1
    outer loop
      vertex 19.0467 0.648564 0
      vertex 15.8482 0.934133 0
      vertex 15.916 1.00721 0
    endloop
  endfacet
  facet normal 0 0 -1
    outer loop
      vertex 19.1029 0.566195 0
      vertex 15.7735 0.868168 0
      vertex 15.8482 0.934133 0
    endloop
  endfacet
  facet normal 0 0 -1
    outer loop
      vertex 15.1251 0.650311 0
      vertex 19.6775 0.195071 0
      vertex 19.7757 0.17776 0
    endloop
  endfacet
  facet normal 0 0 -1
    outer loop
      vertex 19.1669 0.489827 0
      vertex 15.6925 0.809974 0
      vertex 15.7735 0.868168 0
    endloop
  endfacet
  facet normal 0 0 -1
    outer loop
      vertex 19.2383 0.420218 0
      vertex 15.6062 0.760128 0
      vertex 15.6925 0.809974 0
    endloop
  endfacet
  facet normal 0 0 -1
    outer loop
      vertex 19.3163 0.358062 0
      vertex 15.5153 0.719126 0
      vertex 15.6062 0.760128 0
    endloop
  endfacet
  facet normal 0 0 -1
    outer loop
      vertex 19.4 0.303974 0
      vertex 15.4208 0.687375 0
      vertex 15.5153 0.719126 0
    endloop
  endfacet
  facet normal 0 0 -1
    outer loop
      vertex 19.4887 0.258493 0
      vertex 15.3236 0.665192 0
      vertex 15.4208 0.687375 0
    endloop
  endfacet
  facet normal 0 0 -1
    outer loop
      vertex 19.5815 0.222073 0
      vertex 15.2247 0.652796 0
      vertex 15.3236 0.665192 0
    endloop
  endfacet
  facet normal 0 0 -1
    outer loop
      vertex 19.6775 0.195071 0
      vertex 15.1251 0.650311 0
      vertex 15.2247 0.652796 0
    endloop
  endfacet
  facet normal 0 0 -1
    outer loop
      vertex 8.72473 0.652796 0
      vertex 15.1251 0.650311 0
      vertex 19.7757 0.17776 0
    endloop
  endfacet
  facet normal 0 0 -1
    outer loop
      vertex 14.1612 1.50096 0
      vertex 9.6412 1.525 0
      vertex 14.1588 1.525 0
    endloop
  endfacet
  facet normal 0 0 -1
    outer loop
      vertex 9.63017 1.45185 0
      vertex 14.1612 1.50096 0
      vertex 14.1809 1.40324 0
    endloop
  endfacet
  facet normal 0 0 -1
    outer loop
      vertex 9.60557 1.35524 0
      vertex 14.1809 1.40324 0
      vertex 14.2103 1.30798 0
    endloop
  endfacet
  facet normal 0 0 -1
    outer loop
      vertex 9.57148 1.26156 0
      vertex 14.2103 1.30798 0
      vertex 14.249 1.21612 0
    endloop
  endfacet
  facet normal 0 0 -1
    outer loop
      vertex 9.52822 1.17175 0
      vertex 14.249 1.21612 0
      vertex 14.2967 1.12856 0
    endloop
  endfacet
  facet normal 0 0 -1
    outer loop
      vertex 9.47624 1.08668 0
      vertex 14.2967 1.12856 0
      vertex 14.3529 1.0462 0
    endloop
  endfacet
  facet normal 0 0 -1
    outer loop
      vertex 9.41604 1.00721 0
      vertex 14.3529 1.0462 0
      vertex 14.4169 0.969827 0
    endloop
  endfacet
  facet normal 0 0 -1
    outer loop
      vertex 9.34824 0.934133 0
      vertex 14.4169 0.969827 0
      vertex 14.4883 0.900218 0
    endloop
  endfacet
  facet normal 0 0 -1
    outer loop
      vertex 9.27349 0.868168 0
      vertex 14.4883 0.900218 0
      vertex 14.5663 0.838061 0
    endloop
  endfacet
  facet normal 0 0 -1
    outer loop
      vertex 9.19255 0.809974 0
      vertex 14.5663 0.838061 0
      vertex 14.65 0.783974 0
    endloop
  endfacet
  facet normal 0 0 -1
    outer loop
      vertex 9.10621 0.760128 0
      vertex 14.65 0.783974 0
      vertex 14.7387 0.738494 0
    endloop
  endfacet
  facet normal 0 0 -1
    outer loop
      vertex 9.01534 0.719126 0
      vertex 14.7387 0.738494 0
      vertex 14.8315 0.702072 0
    endloop
  endfacet
  facet normal 0 0 -1
    outer loop
      vertex 8.92084 0.687375 0
      vertex 14.8315 0.702072 0
      vertex 14.9275 0.675072 0
    endloop
  endfacet
  facet normal 0 0 -1
    outer loop
      vertex 8.82365 0.665192 0
      vertex 14.9275 0.675072 0
      vertex 15.0257 0.657761 0
    endloop
  endfacet
  facet normal -0 0 -1
    outer loop
      vertex 14.1612 1.50096 0
      vertex 9.63017 1.45185 0
      vertex 9.6412 1.525 0
    endloop
  endfacet
  facet normal -0 0 -1
    outer loop
      vertex 14.1809 1.40324 0
      vertex 9.60557 1.35524 0
      vertex 9.63017 1.45185 0
    endloop
  endfacet
  facet normal -0 0 -1
    outer loop
      vertex 14.2103 1.30798 0
      vertex 9.57148 1.26156 0
      vertex 9.60557 1.35524 0
    endloop
  endfacet
  facet normal -0 0 -1
    outer loop
      vertex 14.249 1.21612 0
      vertex 9.52822 1.17175 0
      vertex 9.57148 1.26156 0
    endloop
  endfacet
  facet normal 0 0 -1
    outer loop
      vertex 15.1251 0.650311 0
      vertex 8.72473 0.652796 0
      vertex 15.0257 0.657761 0
    endloop
  endfacet
  facet normal -0 0 -1
    outer loop
      vertex 14.2967 1.12856 0
      vertex 9.47624 1.08668 0
      vertex 9.52822 1.17175 0
    endloop
  endfacet
  facet normal -0 0 -1
    outer loop
      vertex 14.3529 1.0462 0
      vertex 9.41604 1.00721 0
      vertex 9.47624 1.08668 0
    endloop
  endfacet
  facet normal -0 0 -1
    outer loop
      vertex 14.4169 0.969827 0
      vertex 9.34824 0.934133 0
      vertex 9.41604 1.00721 0
    endloop
  endfacet
  facet normal 0 0 -1
    outer loop
      vertex 3.97473 0.172795 0
      vertex 19.7757 0.17776 0
      vertex 19.8751 0.17031 0
    endloop
  endfacet
  facet normal -0 0 -1
    outer loop
      vertex 14.4883 0.900218 0
      vertex 9.27349 0.868168 0
      vertex 9.34824 0.934133 0
    endloop
  endfacet
  facet normal -0 0 -1
    outer loop
      vertex 14.5663 0.838061 0
      vertex 9.19255 0.809974 0
      vertex 9.27349 0.868168 0
    endloop
  endfacet
  facet normal -0 0 -1
    outer loop
      vertex 14.65 0.783974 0
      vertex 9.10621 0.760128 0
      vertex 9.19255 0.809974 0
    endloop
  endfacet
  facet normal -0 0 -1
    outer loop
      vertex 14.7387 0.738494 0
      vertex 9.01534 0.719126 0
      vertex 9.10621 0.760128 0
    endloop
  endfacet
  facet normal -0 0 -1
    outer loop
      vertex 14.8315 0.702072 0
      vertex 8.92084 0.687375 0
      vertex 9.01534 0.719126 0
    endloop
  endfacet
  facet normal -0 0 -1
    outer loop
      vertex 14.9275 0.675072 0
      vertex 8.82365 0.665192 0
      vertex 8.92084 0.687375 0
    endloop
  endfacet
  facet normal -0 0 -1
    outer loop
      vertex 15.0257 0.657761 0
      vertex 8.72473 0.652796 0
      vertex 8.82365 0.665192 0
    endloop
  endfacet
  facet normal 0 0 -1
    outer loop
      vertex 3.97473 0.172795 0
      vertex 19.8751 0.17031 0
      vertex 23.8 0 0
    endloop
  endfacet
  facet normal 0 0 -1
    outer loop
      vertex 19.7757 0.17776 0
      vertex 4.07365 0.185192 0
      vertex 8.72473 0.652796 0
    endloop
  endfacet
  facet normal 0 0 -1
    outer loop
      vertex 7.66117 1.50096 0
      vertex 5.35659 1.525 0
      vertex 7.65876 1.525 0
    endloop
  endfacet
  facet normal 0 0 -1
    outer loop
      vertex 7.68092 1.40324 0
      vertex 5.35659 1.525 0
      vertex 7.66117 1.50096 0
    endloop
  endfacet
  facet normal 0 0 -1
    outer loop
      vertex 7.71031 1.30798 0
      vertex 5.35659 1.525 0
      vertex 7.68092 1.40324 0
    endloop
  endfacet
  facet normal 0 0 -1
    outer loop
      vertex 7.74903 1.21612 0
      vertex 5.35659 1.525 0
      vertex 7.71031 1.30798 0
    endloop
  endfacet
  facet normal 0 0 -1
    outer loop
      vertex 7.79671 1.12856 0
      vertex 5.35659 1.525 0
      vertex 7.74903 1.21612 0
    endloop
  endfacet
  facet normal 0 0 -1
    outer loop
      vertex 4.82148 0.781565 0
      vertex 7.79671 1.12856 0
      vertex 7.85287 1.0462 0
    endloop
  endfacet
  facet normal 0 0 -1
    outer loop
      vertex 4.77822 0.691746 0
      vertex 7.85287 1.0462 0
      vertex 7.91695 0.969827 0
    endloop
  endfacet
  facet normal 0 0 -1
    outer loop
      vertex 4.72624 0.60668 0
      vertex 7.91695 0.969827 0
      vertex 7.98831 0.900218 0
    endloop
  endfacet
  facet normal 0 0 -1
    outer loop
      vertex 4.66604 0.527212 0
      vertex 7.98831 0.900218 0
      vertex 8.06626 0.838061 0
    endloop
  endfacet
  facet normal 0 0 -1
    outer loop
      vertex 4.59824 0.454133 0
      vertex 8.06626 0.838061 0
      vertex 8.15 0.783974 0
    endloop
  endfacet
  facet normal 0 0 -1
    outer loop
      vertex 4.52349 0.388168 0
      vertex 8.15 0.783974 0
      vertex 8.23871 0.738494 0
    endloop
  endfacet
  facet normal 0 0 -1
    outer loop
      vertex 4.44255 0.329973 0
      vertex 8.23871 0.738494 0
      vertex 8.33151 0.702072 0
    endloop
  endfacet
  facet normal 0 0 -1
    outer loop
      vertex 4.35621 0.280128 0
      vertex 8.33151 0.702072 0
      vertex 8.42748 0.675072 0
    endloop
  endfacet
  facet normal 0 0 -1
    outer loop
      vertex 4.89503 1.26957 0
      vertex 5.35659 1.525 0
      vertex 4.9 1.17 0
    endloop
  endfacet
  facet normal 0 0 -1
    outer loop
      vertex 4.88017 1.36815 0
      vertex 5.35659 1.525 0
      vertex 4.89503 1.26957 0
    endloop
  endfacet
  facet normal 0 0 -1
    outer loop
      vertex 4.85557 1.46476 0
      vertex 5.35659 1.525 0
      vertex 4.88017 1.36815 0
    endloop
  endfacet
  facet normal -0 0 -1
    outer loop
      vertex 5.35659 1.525 0
      vertex 4.85557 1.46476 0
      vertex 5.34781 1.56222 0
    endloop
  endfacet
  facet normal -0 0 -1
    outer loop
      vertex 5.34781 1.56222 0
      vertex 4.85557 1.46476 0
      vertex 5.31873 1.65705 0
    endloop
  endfacet
  facet normal 0 0 -1
    outer loop
      vertex 4.82148 1.55843 0
      vertex 5.31873 1.65705 0
      vertex 4.85557 1.46476 0
    endloop
  endfacet
  facet normal -0 0 -1
    outer loop
      vertex 5.31873 1.65705 0
      vertex 4.82148 1.55843 0
      vertex 5.28343 1.74975 0
    endloop
  endfacet
  facet normal -0 0 -1
    outer loop
      vertex 5.28343 1.74975 0
      vertex 4.82148 1.55843 0
      vertex 5.24209 1.83991 0
    endloop
  endfacet
  facet normal 0 0 -1
    outer loop
      vertex 4.77822 1.64825 0
      vertex 5.24209 1.83991 0
      vertex 4.82148 1.55843 0
    endloop
  endfacet
  facet normal -0 0 -1
    outer loop
      vertex 7.79671 1.12856 0
      vertex 4.82148 0.781565 0
      vertex 5.35659 1.525 0
    endloop
  endfacet
  facet normal 0 0 -1
    outer loop
      vertex 4.26534 0.239126 0
      vertex 8.42748 0.675072 0
      vertex 8.52566 0.657761 0
    endloop
  endfacet
  facet normal 0 0 -1
    outer loop
      vertex 5.35659 1.525 0
      vertex 4.89503 1.07043 0
      vertex 4.9 1.17 0
    endloop
  endfacet
  facet normal 0 0 -1
    outer loop
      vertex 5.35659 1.525 0
      vertex 4.88017 0.971853 0
      vertex 4.89503 1.07043 0
    endloop
  endfacet
  facet normal 0 0 -1
    outer loop
      vertex 5.35659 1.525 0
      vertex 4.85557 0.875244 0
      vertex 4.88017 0.971853 0
    endloop
  endfacet
  facet normal 0 0 -1
    outer loop
      vertex 4.17084 0.207376 0
      vertex 8.52566 0.657761 0
      vertex 8.62507 0.650311 0
    endloop
  endfacet
  facet normal 0 0 -1
    outer loop
      vertex 5.35659 1.525 0
      vertex 4.82148 0.781565 0
      vertex 4.85557 0.875244 0
    endloop
  endfacet
  facet normal 0 0 -1
    outer loop
      vertex 8.72473 0.652796 0
      vertex 4.07365 0.185192 0
      vertex 8.62507 0.650311 0
    endloop
  endfacet
  facet normal 0 0 -1
    outer loop
      vertex 7.85287 1.0462 0
      vertex 4.77822 0.691746 0
      vertex 4.82148 0.781565 0
    endloop
  endfacet
  facet normal 0 0 -1
    outer loop
      vertex 7.91695 0.969827 0
      vertex 4.72624 0.60668 0
      vertex 4.77822 0.691746 0
    endloop
  endfacet
  facet normal 0 0 -1
    outer loop
      vertex 7.98831 0.900218 0
      vertex 4.66604 0.527212 0
      vertex 4.72624 0.60668 0
    endloop
  endfacet
  facet normal 0 0 -1
    outer loop
      vertex 8.06626 0.838061 0
      vertex 4.59824 0.454133 0
      vertex 4.66604 0.527212 0
    endloop
  endfacet
  facet normal 0 0 -1
    outer loop
      vertex 8.15 0.783974 0
      vertex 4.52349 0.388168 0
      vertex 4.59824 0.454133 0
    endloop
  endfacet
  facet normal 0 0 -1
    outer loop
      vertex 8.23871 0.738494 0
      vertex 4.44255 0.329973 0
      vertex 4.52349 0.388168 0
    endloop
  endfacet
  facet normal 0 0 -1
    outer loop
      vertex 8.33151 0.702072 0
      vertex 4.35621 0.280128 0
      vertex 4.44255 0.329973 0
    endloop
  endfacet
  facet normal 0 0 -1
    outer loop
      vertex 8.42748 0.675072 0
      vertex 4.26534 0.239126 0
      vertex 4.35621 0.280128 0
    endloop
  endfacet
  facet normal 0 0 -1
    outer loop
      vertex 8.52566 0.657761 0
      vertex 4.17084 0.207376 0
      vertex 4.26534 0.239126 0
    endloop
  endfacet
  facet normal 0 0 -1
    outer loop
      vertex 8.62507 0.650311 0
      vertex 4.07365 0.185192 0
      vertex 4.17084 0.207376 0
    endloop
  endfacet
  facet normal -0 0 -1
    outer loop
      vertex 19.7757 0.17776 0
      vertex 3.97473 0.172795 0
      vertex 4.07365 0.185192 0
    endloop
  endfacet
  facet normal 0 0 -1
    outer loop
      vertex 0 0 0
      vertex 3.97473 0.172795 0
      vertex 23.8 0 0
    endloop
  endfacet
  facet normal 0 0 -1
    outer loop
      vertex 2.44295 1.525 0
      vertex 2.90124 1.21985 0
      vertex 2.90124 1.12015 0
    endloop
  endfacet
  facet normal 0 0 -1
    outer loop
      vertex 3.16695 1.85017 0
      vertex 2.81336 2.20403 0
      vertex 2.88408 2.27359 0
    endloop
  endfacet
  facet normal 0 0 -1
    outer loop
      vertex 3.16695 1.85017 0
      vertex 2.7474 2.12995 0
      vertex 2.81336 2.20403 0
    endloop
  endfacet
  facet normal 0 0 -1
    outer loop
      vertex 2.44295 1.525 0
      vertex 2.90124 1.12015 0
      vertex 2.91117 1.02096 0
    endloop
  endfacet
  facet normal 0 0 -1
    outer loop
      vertex 3.10287 1.7738 0
      vertex 2.68647 2.05168 0
      vertex 2.7474 2.12995 0
    endloop
  endfacet
  facet normal 0 0 -1
    outer loop
      vertex 2.44295 1.525 0
      vertex 2.91117 1.02096 0
      vertex 2.93092 0.923243 0
    endloop
  endfacet
  facet normal 0 0 -1
    outer loop
      vertex 3.04671 1.69143 0
      vertex 2.63086 1.96955 0
      vertex 2.68647 2.05168 0
    endloop
  endfacet
  facet normal 0 0 -1
    outer loop
      vertex 3.04671 1.69143 0
      vertex 2.58079 1.88392 0
      vertex 2.63086 1.96955 0
    endloop
  endfacet
  facet normal 0 0 -1
    outer loop
      vertex 1.525 1.525 0
      vertex 2.93092 0.923243 0
      vertex 2.96031 0.827979 0
    endloop
  endfacet
  facet normal 0 0 -1
    outer loop
      vertex 2.99903 1.60388 0
      vertex 2.53649 1.79517 0
      vertex 2.58079 1.88392 0
    endloop
  endfacet
  facet normal 0 0 -1
    outer loop
      vertex 1.525 1.525 0
      vertex 2.96031 0.827979 0
      vertex 2.99903 0.736115 0
    endloop
  endfacet
  facet normal 0 0 -1
    outer loop
      vertex 2.96031 1.51202 0
      vertex 2.49815 1.70369 0
      vertex 2.53649 1.79517 0
    endloop
  endfacet
  facet normal 0 0 -1
    outer loop
      vertex 2.96031 1.51202 0
      vertex 2.46595 1.60987 0
      vertex 2.49815 1.70369 0
    endloop
  endfacet
  facet normal 0 0 -1
    outer loop
      vertex 1.525 1.525 0
      vertex 2.99903 0.736115 0
      vertex 3.04671 0.648564 0
    endloop
  endfacet
  facet normal 0 0 -1
    outer loop
      vertex 2.93092 1.41676 0
      vertex 2.44295 1.525 0
      vertex 2.46595 1.60987 0
    endloop
  endfacet
  facet normal 0 0 -1
    outer loop
      vertex 0 0 0
      vertex 3.04671 0.648564 0
      vertex 3.10287 0.566195 0
    endloop
  endfacet
  facet normal 0 0 -1
    outer loop
      vertex 2.93092 0.923243 0
      vertex 1.525 1.525 0
      vertex 2.44295 1.525 0
    endloop
  endfacet
  facet normal 0 0 -1
    outer loop
      vertex 0 0 0
      vertex 3.10287 0.566195 0
      vertex 3.16695 0.489827 0
    endloop
  endfacet
  facet normal 0 0 -1
    outer loop
      vertex 0 0 0
      vertex 3.16695 0.489827 0
      vertex 3.23831 0.420218 0
    endloop
  endfacet
  facet normal 0 0 -1
    outer loop
      vertex 0 0 0
      vertex 3.23831 0.420218 0
      vertex 3.31626 0.358062 0
    endloop
  endfacet
  facet normal 0 0 -1
    outer loop
      vertex 0.947478 2.92507 0
      vertex 1.525 2.44301 0
      vertex 1.525 1.525 0
    endloop
  endfacet
  facet normal 0 0 -1
    outer loop
      vertex 1.525 2.44301 0
      vertex 1.34365 2.91519 0
      vertex 1.44084 2.93738 0
    endloop
  endfacet
  facet normal 0 0 -1
    outer loop
      vertex 1.525 2.44301 0
      vertex 1.24473 2.9028 0
      vertex 1.34365 2.91519 0
    endloop
  endfacet
  facet normal 0 0 -1
    outer loop
      vertex 1.525 2.44301 0
      vertex 1.14507 2.90031 0
      vertex 1.24473 2.9028 0
    endloop
  endfacet
  facet normal 0 0 -1
    outer loop
      vertex 1.525 2.44301 0
      vertex 1.04566 2.90776 0
      vertex 1.14507 2.90031 0
    endloop
  endfacet
  facet normal 0 0 -1
    outer loop
      vertex 1.525 2.44301 0
      vertex 0.947478 2.92507 0
      vertex 1.04566 2.90776 0
    endloop
  endfacet
  facet normal 0 0 -1
    outer loop
      vertex 1.525 1.525 0
      vertex 0.851513 2.95207 0
      vertex 0.947478 2.92507 0
    endloop
  endfacet
  facet normal 0 0 -1
    outer loop
      vertex 1.525 1.525 0
      vertex 0.758713 2.98849 0
      vertex 0.851513 2.95207 0
    endloop
  endfacet
  facet normal 0 0 -1
    outer loop
      vertex 1.525 1.525 0
      vertex 0.669999 3.03397 0
      vertex 0.758713 2.98849 0
    endloop
  endfacet
  facet normal 0 0 -1
    outer loop
      vertex 0 0 0
      vertex 0.669999 3.03397 0
      vertex 1.525 1.525 0
    endloop
  endfacet
  facet normal -0 0 -1
    outer loop
      vertex 0.669999 3.03397 0
      vertex 0 0 0
      vertex 0.586256 3.08806 0
    endloop
  endfacet
  facet normal -0 0 -1
    outer loop
      vertex 0.586256 3.08806 0
      vertex 0 0 0
      vertex 0.508314 3.15022 0
    endloop
  endfacet
  facet normal -0 0 -1
    outer loop
      vertex 0.508314 3.15022 0
      vertex 0 0 0
      vertex 0.436948 3.21983 0
    endloop
  endfacet
  facet normal -0 0 -1
    outer loop
      vertex 0.436948 3.21983 0
      vertex 0 0 0
      vertex 0.372867 3.2962 0
    endloop
  endfacet
  facet normal -0 0 -1
    outer loop
      vertex 0.171243 3.85015 0
      vertex 0 0 0
      vertex 0.171243 3.94985 0
    endloop
  endfacet
  facet normal -0 0 -1
    outer loop
      vertex 0.181169 3.75096 0
      vertex 0 0 0
      vertex 0.171243 3.85015 0
    endloop
  endfacet
  facet normal -0 0 -1
    outer loop
      vertex 0.200922 3.65324 0
      vertex 0 0 0
      vertex 0.181169 3.75096 0
    endloop
  endfacet
  facet normal -0 0 -1
    outer loop
      vertex 0.230307 3.55798 0
      vertex 0 0 0
      vertex 0.200922 3.65324 0
    endloop
  endfacet
  facet normal -0 0 -1
    outer loop
      vertex 0.269031 3.46612 0
      vertex 0 0 0
      vertex 0.230307 3.55798 0
    endloop
  endfacet
  facet normal -0 0 -1
    outer loop
      vertex 0.316709 3.37856 0
      vertex 0 0 0
      vertex 0.269031 3.46612 0
    endloop
  endfacet
  facet normal -0 0 -1
    outer loop
      vertex 0.372867 3.2962 0
      vertex 0 0 0
      vertex 0.316709 3.37856 0
    endloop
  endfacet
  facet normal -0 0 -1
    outer loop
      vertex 3.04671 0.648564 0
      vertex 0 0 0
      vertex 1.525 1.525 0
    endloop
  endfacet
  facet normal -0 0 -1
    outer loop
      vertex 3.4 0.303974 0
      vertex 0 0 0
      vertex 3.31626 0.358062 0
    endloop
  endfacet
  facet normal -0 0 -1
    outer loop
      vertex 3.48871 0.258493 0
      vertex 0 0 0
      vertex 3.4 0.303974 0
    endloop
  endfacet
  facet normal -0 0 -1
    outer loop
      vertex 3.58151 0.222073 0
      vertex 0 0 0
      vertex 3.48871 0.258493 0
    endloop
  endfacet
  facet normal -0 0 -1
    outer loop
      vertex 3.67748 0.195071 0
      vertex 0 0 0
      vertex 3.58151 0.222073 0
    endloop
  endfacet
  facet normal -0 0 -1
    outer loop
      vertex 3.77566 0.17776 0
      vertex 0 0 0
      vertex 3.67748 0.195071 0
    endloop
  endfacet
  facet normal -0 0 -1
    outer loop
      vertex 3.87507 0.17031 0
      vertex 0 0 0
      vertex 3.77566 0.17776 0
    endloop
  endfacet
  facet normal 0 0 -1
    outer loop
      vertex 3.97473 0.172795 0
      vertex 0 0 0
      vertex 3.87507 0.17031 0
    endloop
  endfacet
  facet normal 0 0 -1
    outer loop
      vertex 23.625 3.99957 0
      vertex 23.8 7.8 0
      vertex 23.63 3.9 0
    endloop
  endfacet
  facet normal 0 0 -1
    outer loop
      vertex 23.6102 4.09815 0
      vertex 23.8 7.8 0
      vertex 23.625 3.99957 0
    endloop
  endfacet
  facet normal 0 0 -1
    outer loop
      vertex 23.5856 4.19475 0
      vertex 23.8 7.8 0
      vertex 23.6102 4.09815 0
    endloop
  endfacet
  facet normal 0 0 -1
    outer loop
      vertex 23.5515 4.28843 0
      vertex 23.8 7.8 0
      vertex 23.5856 4.19475 0
    endloop
  endfacet
  facet normal 0 0 -1
    outer loop
      vertex 23.5082 4.37825 0
      vertex 23.8 7.8 0
      vertex 23.5515 4.28843 0
    endloop
  endfacet
  facet normal 0 0 -1
    outer loop
      vertex 23.4562 4.46332 0
      vertex 23.8 7.8 0
      vertex 23.5082 4.37825 0
    endloop
  endfacet
  facet normal 0 0 -1
    outer loop
      vertex 23.396 4.54279 0
      vertex 23.8 7.8 0
      vertex 23.4562 4.46332 0
    endloop
  endfacet
  facet normal 0 0 -1
    outer loop
      vertex 23.3282 4.61587 0
      vertex 23.8 7.8 0
      vertex 23.396 4.54279 0
    endloop
  endfacet
  facet normal 0 0 -1
    outer loop
      vertex 23.2535 4.68183 0
      vertex 23.8 7.8 0
      vertex 23.3282 4.61587 0
    endloop
  endfacet
  facet normal 0 0 -1
    outer loop
      vertex 23.1725 4.74003 0
      vertex 23.8 7.8 0
      vertex 23.2535 4.68183 0
    endloop
  endfacet
  facet normal 0 0 -1
    outer loop
      vertex 23.0862 4.78987 0
      vertex 23.8 7.8 0
      vertex 23.1725 4.74003 0
    endloop
  endfacet
  facet normal 0 0 -1
    outer loop
      vertex 22.275 6.275 0
      vertex 23.0862 4.78987 0
      vertex 22.9953 4.83087 0
    endloop
  endfacet
  facet normal 0 0 -1
    outer loop
      vertex 22.275 6.275 0
      vertex 22.9953 4.83087 0
      vertex 22.9008 4.86262 0
    endloop
  endfacet
  facet normal 0 0 -1
    outer loop
      vertex 22.275 5.3566 0
      vertex 22.9008 4.86262 0
      vertex 22.8036 4.88481 0
    endloop
  endfacet
  facet normal 0 0 -1
    outer loop
      vertex 22.275 5.3566 0
      vertex 22.8036 4.88481 0
      vertex 22.7047 4.8972 0
    endloop
  endfacet
  facet normal 0 0 -1
    outer loop
      vertex 22.275 5.3566 0
      vertex 22.7047 4.8972 0
      vertex 22.6051 4.89969 0
    endloop
  endfacet
  facet normal 0 0 -1
    outer loop
      vertex 22.275 5.3566 0
      vertex 22.6051 4.89969 0
      vertex 22.5057 4.89224 0
    endloop
  endfacet
  facet normal 0 0 -1
    outer loop
      vertex 22.275 5.3566 0
      vertex 22.5057 4.89224 0
      vertex 22.4075 4.87493 0
    endloop
  endfacet
  facet normal 0 0 -1
    outer loop
      vertex 22.275 5.3566 0
      vertex 22.4075 4.87493 0
      vertex 22.3115 4.84793 0
    endloop
  endfacet
  facet normal 0 0 -1
    outer loop
      vertex 22.9008 4.86262 0
      vertex 22.275 5.3566 0
      vertex 22.275 6.275 0
    endloop
  endfacet
  facet normal 0 0 -1
    outer loop
      vertex 23.0862 4.78987 0
      vertex 22.275 6.275 0
      vertex 23.8 7.8 0
    endloop
  endfacet
  facet normal 0 0 -1
    outer loop
      vertex 20.8556 6.92476 0
      vertex 22.275 6.275 0
      vertex 21.3566 6.275 0
    endloop
  endfacet
  facet normal 0 0 -1
    outer loop
      vertex 20.895 6.53043 0
      vertex 21.3478 6.23778 0
      vertex 21.3187 6.14295 0
    endloop
  endfacet
  facet normal 0 0 -1
    outer loop
      vertex 20.895 6.53043 0
      vertex 21.3187 6.14295 0
      vertex 21.2834 6.05025 0
    endloop
  endfacet
  facet normal 0 0 -1
    outer loop
      vertex 20.895 6.53043 0
      vertex 21.2834 6.05025 0
      vertex 21.2421 5.96009 0
    endloop
  endfacet
  facet normal 0 0 -1
    outer loop
      vertex 20.895 6.53043 0
      vertex 21.2421 5.96009 0
      vertex 21.1949 5.87285 0
    endloop
  endfacet
  facet normal 0 0 -1
    outer loop
      vertex 20.895 6.53043 0
      vertex 21.1949 5.87285 0
      vertex 21.142 5.78893 0
    endloop
  endfacet
  facet normal 0 0 -1
    outer loop
      vertex 20.895 6.53043 0
      vertex 21.142 5.78893 0
      vertex 21.0837 5.70868 0
    endloop
  endfacet
  facet normal 0 0 -1
    outer loop
      vertex 20.895 6.53043 0
      vertex 21.0837 5.70868 0
      vertex 21.0202 5.63246 0
    endloop
  endfacet
  facet normal 0 0 -1
    outer loop
      vertex 20.5982 5.91413 0
      vertex 21.0202 5.63246 0
      vertex 20.9519 5.56061 0
    endloop
  endfacet
  facet normal 0 0 -1
    outer loop
      vertex 20.895 6.53043 0
      vertex 21.3566 6.275 0
      vertex 21.3478 6.23778 0
    endloop
  endfacet
  facet normal 0 0 -1
    outer loop
      vertex 20.895 6.72957 0
      vertex 21.3566 6.275 0
      vertex 20.9 6.63 0
    endloop
  endfacet
  facet normal 0 0 -1
    outer loop
      vertex 20.8802 6.82815 0
      vertex 21.3566 6.275 0
      vertex 20.895 6.72957 0
    endloop
  endfacet
  facet normal 0 0 -1
    outer loop
      vertex 20.8556 6.92476 0
      vertex 21.3566 6.275 0
      vertex 20.8802 6.82815 0
    endloop
  endfacet
  facet normal 0 0 -1
    outer loop
      vertex 20.8215 7.01843 0
      vertex 22.275 6.275 0
      vertex 20.8556 6.92476 0
    endloop
  endfacet
  facet normal 0 0 -1
    outer loop
      vertex 20.7782 7.10825 0
      vertex 22.275 6.275 0
      vertex 20.8215 7.01843 0
    endloop
  endfacet
  facet normal 0 0 -1
    outer loop
      vertex 22.275 6.275 0
      vertex 20.7782 7.10825 0
      vertex 23.8 7.8 0
    endloop
  endfacet
  facet normal 0 0 -1
    outer loop
      vertex 20.7262 7.19332 0
      vertex 23.8 7.8 0
      vertex 20.7782 7.10825 0
    endloop
  endfacet
  facet normal 0 0 -1
    outer loop
      vertex 20.666 7.27279 0
      vertex 23.8 7.8 0
      vertex 20.7262 7.19332 0
    endloop
  endfacet
  facet normal 0 0 -1
    outer loop
      vertex 20.5982 7.34587 0
      vertex 23.8 7.8 0
      vertex 20.666 7.27279 0
    endloop
  endfacet
  facet normal 0 0 -1
    outer loop
      vertex 20.5235 7.41183 0
      vertex 23.8 7.8 0
      vertex 20.5982 7.34587 0
    endloop
  endfacet
  facet normal 0 0 -1
    outer loop
      vertex 20.4425 7.47003 0
      vertex 23.8 7.8 0
      vertex 20.5235 7.41183 0
    endloop
  endfacet
  facet normal 0 0 -1
    outer loop
      vertex 20.3562 7.51987 0
      vertex 23.8 7.8 0
      vertex 20.4425 7.47003 0
    endloop
  endfacet
  facet normal 0 0 -1
    outer loop
      vertex 20.2653 7.56087 0
      vertex 23.8 7.8 0
      vertex 20.3562 7.51987 0
    endloop
  endfacet
  facet normal 0 0 -1
    outer loop
      vertex 20.1708 7.59262 0
      vertex 23.8 7.8 0
      vertex 20.2653 7.56087 0
    endloop
  endfacet
  facet normal 0 0 -1
    outer loop
      vertex 20.0736 7.61481 0
      vertex 23.8 7.8 0
      vertex 20.1708 7.59262 0
    endloop
  endfacet
  facet normal 0 0 -1
    outer loop
      vertex 19.9747 7.6272 0
      vertex 23.8 7.8 0
      vertex 20.0736 7.61481 0
    endloop
  endfacet
  facet normal 0 0 -1
    outer loop
      vertex 19.8751 7.62969 0
      vertex 23.8 7.8 0
      vertex 19.9747 7.6272 0
    endloop
  endfacet
  facet normal 0 0 -1
    outer loop
      vertex 18.5365 6.00483 0
      vertex 18.999 6.19612 0
      vertex 18.5808 5.91608 0
    endloop
  endfacet
  facet normal -0 0 -1
    outer loop
      vertex 18.999 6.19612 0
      vertex 18.5365 6.00483 0
      vertex 18.9603 6.28798 0
    endloop
  endfacet
  facet normal 0 0 -1
    outer loop
      vertex 18.4982 6.09631 0
      vertex 18.9603 6.28798 0
      vertex 18.5365 6.00483 0
    endloop
  endfacet
  facet normal 0 0 -1
    outer loop
      vertex 18.4659 6.19012 0
      vertex 18.9603 6.28798 0
      vertex 18.4982 6.09631 0
    endloop
  endfacet
  facet normal -0 0 -1
    outer loop
      vertex 18.9603 6.28798 0
      vertex 18.4659 6.19012 0
      vertex 18.9309 6.38324 0
    endloop
  endfacet
  facet normal 0 0 -1
    outer loop
      vertex 18.443 6.275 0
      vertex 18.9309 6.38324 0
      vertex 18.4659 6.19012 0
    endloop
  endfacet
  facet normal -0 0 -1
    outer loop
      vertex 18.9309 6.38324 0
      vertex 18.443 6.275 0
      vertex 18.9112 6.48096 0
    endloop
  endfacet
  facet normal -0 0 -1
    outer loop
      vertex 18.9112 6.48096 0
      vertex 18.443 6.275 0
      vertex 18.9012 6.58015 0
    endloop
  endfacet
  facet normal -0 0 -1
    outer loop
      vertex 18.9012 6.58015 0
      vertex 18.443 6.275 0
      vertex 18.9012 6.67985 0
    endloop
  endfacet
  facet normal -0 0 -1
    outer loop
      vertex 18.9012 6.67985 0
      vertex 18.443 6.275 0
      vertex 18.9112 6.77904 0
    endloop
  endfacet
  facet normal -0 0 -1
    outer loop
      vertex 18.9112 6.77904 0
      vertex 18.443 6.275 0
      vertex 18.9309 6.87676 0
    endloop
  endfacet
  facet normal -0 0 -1
    outer loop
      vertex 18.9309 6.87676 0
      vertex 18.443 6.275 0
      vertex 18.9603 6.97202 0
    endloop
  endfacet
  facet normal 0 0 -1
    outer loop
      vertex 15.9762 6.71332 0
      vertex 18.9603 6.97202 0
      vertex 18.443 6.275 0
    endloop
  endfacet
  facet normal -0 0 -1
    outer loop
      vertex 18.9603 6.97202 0
      vertex 15.9762 6.71332 0
      vertex 18.999 7.06388 0
    endloop
  endfacet
  facet normal 0 0 -1
    outer loop
      vertex 15.916 6.79279 0
      vertex 18.999 7.06388 0
      vertex 15.9762 6.71332 0
    endloop
  endfacet
  facet normal 0 0 -1
    outer loop
      vertex 16.1302 6.34815 0
      vertex 18.443 6.275 0
      vertex 16.1412 6.275 0
    endloop
  endfacet
  facet normal 0 0 -1
    outer loop
      vertex 16.1056 6.44475 0
      vertex 18.443 6.275 0
      vertex 16.1302 6.34815 0
    endloop
  endfacet
  facet normal 0 0 -1
    outer loop
      vertex 16.0715 6.53843 0
      vertex 18.443 6.275 0
      vertex 16.1056 6.44475 0
    endloop
  endfacet
  facet normal 0 0 -1
    outer loop
      vertex 16.0282 6.62825 0
      vertex 18.443 6.275 0
      vertex 16.0715 6.53843 0
    endloop
  endfacet
  facet normal 0 0 -1
    outer loop
      vertex 15.9762 6.71332 0
      vertex 18.443 6.275 0
      vertex 16.0282 6.62825 0
    endloop
  endfacet
  facet normal -0 0 -1
    outer loop
      vertex 18.999 7.06388 0
      vertex 15.916 6.79279 0
      vertex 19.0467 7.15143 0
    endloop
  endfacet
  facet normal 0 0 -1
    outer loop
      vertex 15.8482 6.86587 0
      vertex 19.0467 7.15143 0
      vertex 15.916 6.79279 0
    endloop
  endfacet
  facet normal -0 0 -1
    outer loop
      vertex 19.0467 7.15143 0
      vertex 15.8482 6.86587 0
      vertex 19.1029 7.2338 0
    endloop
  endfacet
  facet normal 0 0 -1
    outer loop
      vertex 15.7735 6.93183 0
      vertex 19.1029 7.2338 0
      vertex 15.8482 6.86587 0
    endloop
  endfacet
  facet normal -0 0 -1
    outer loop
      vertex 19.1029 7.2338 0
      vertex 15.7735 6.93183 0
      vertex 19.1669 7.31017 0
    endloop
  endfacet
  facet normal 0 0 -1
    outer loop
      vertex 15.6925 6.99003 0
      vertex 19.1669 7.31017 0
      vertex 15.7735 6.93183 0
    endloop
  endfacet
  facet normal -0 0 -1
    outer loop
      vertex 19.1669 7.31017 0
      vertex 15.6925 6.99003 0
      vertex 19.2383 7.37978 0
    endloop
  endfacet
  facet normal 0 0 -1
    outer loop
      vertex 15.6062 7.03987 0
      vertex 19.2383 7.37978 0
      vertex 15.6925 6.99003 0
    endloop
  endfacet
  facet normal -0 0 -1
    outer loop
      vertex 19.2383 7.37978 0
      vertex 15.6062 7.03987 0
      vertex 19.3163 7.44194 0
    endloop
  endfacet
  facet normal 0 0 -1
    outer loop
      vertex 15.5153 7.08087 0
      vertex 19.3163 7.44194 0
      vertex 15.6062 7.03987 0
    endloop
  endfacet
  facet normal -0 0 -1
    outer loop
      vertex 19.3163 7.44194 0
      vertex 15.5153 7.08087 0
      vertex 19.4 7.49603 0
    endloop
  endfacet
  facet normal 0 0 -1
    outer loop
      vertex 15.4208 7.11262 0
      vertex 19.4 7.49603 0
      vertex 15.5153 7.08087 0
    endloop
  endfacet
  facet normal -0 0 -1
    outer loop
      vertex 19.4 7.49603 0
      vertex 15.4208 7.11262 0
      vertex 19.4887 7.54151 0
    endloop
  endfacet
  facet normal 0 0 -1
    outer loop
      vertex 15.3236 7.13481 0
      vertex 19.4887 7.54151 0
      vertex 15.4208 7.11262 0
    endloop
  endfacet
  facet normal -0 0 -1
    outer loop
      vertex 19.4887 7.54151 0
      vertex 15.3236 7.13481 0
      vertex 19.5815 7.57793 0
    endloop
  endfacet
  facet normal 0 0 -1
    outer loop
      vertex 15.2247 7.1472 0
      vertex 19.5815 7.57793 0
      vertex 15.3236 7.13481 0
    endloop
  endfacet
  facet normal -0 0 -1
    outer loop
      vertex 19.5815 7.57793 0
      vertex 15.2247 7.1472 0
      vertex 19.6775 7.60493 0
    endloop
  endfacet
  facet normal 0 0 -1
    outer loop
      vertex 15.1251 7.14969 0
      vertex 19.6775 7.60493 0
      vertex 15.2247 7.1472 0
    endloop
  endfacet
  facet normal -0 0 -1
    outer loop
      vertex 19.6775 7.60493 0
      vertex 15.1251 7.14969 0
      vertex 19.7757 7.62224 0
    endloop
  endfacet
  facet normal 0 0 -1
    outer loop
      vertex 8.72473 7.1472 0
      vertex 15.1251 7.14969 0
      vertex 15.0257 7.14224 0
    endloop
  endfacet
  facet normal 0 0 -1
    outer loop
      vertex 9.6412 6.275 0
      vertex 14.1612 6.29904 0
      vertex 14.1588 6.275 0
    endloop
  endfacet
  facet normal 0 0 -1
    outer loop
      vertex 9.63017 6.34815 0
      vertex 14.1612 6.29904 0
      vertex 9.6412 6.275 0
    endloop
  endfacet
  facet normal 0 0 -1
    outer loop
      vertex 14.1612 6.29904 0
      vertex 9.63017 6.34815 0
      vertex 14.1809 6.39676 0
    endloop
  endfacet
  facet normal 0 0 -1
    outer loop
      vertex 9.60557 6.44475 0
      vertex 14.1809 6.39676 0
      vertex 9.63017 6.34815 0
    endloop
  endfacet
  facet normal 0 0 -1
    outer loop
      vertex 14.1809 6.39676 0
      vertex 9.60557 6.44475 0
      vertex 14.2103 6.49202 0
    endloop
  endfacet
  facet normal 0 0 -1
    outer loop
      vertex 9.57148 6.53843 0
      vertex 14.2103 6.49202 0
      vertex 9.60557 6.44475 0
    endloop
  endfacet
  facet normal 0 0 -1
    outer loop
      vertex 14.2103 6.49202 0
      vertex 9.57148 6.53843 0
      vertex 14.249 6.58388 0
    endloop
  endfacet
  facet normal 0 0 -1
    outer loop
      vertex 9.52822 6.62825 0
      vertex 14.249 6.58388 0
      vertex 9.57148 6.53843 0
    endloop
  endfacet
  facet normal 0 0 -1
    outer loop
      vertex 14.249 6.58388 0
      vertex 9.52822 6.62825 0
      vertex 14.2967 6.67143 0
    endloop
  endfacet
  facet normal 0 0 -1
    outer loop
      vertex 9.47624 6.71332 0
      vertex 14.2967 6.67143 0
      vertex 9.52822 6.62825 0
    endloop
  endfacet
  facet normal 0 0 -1
    outer loop
      vertex 14.2967 6.67143 0
      vertex 9.47624 6.71332 0
      vertex 14.3529 6.7538 0
    endloop
  endfacet
  facet normal 0 0 -1
    outer loop
      vertex 9.41604 6.79279 0
      vertex 14.3529 6.7538 0
      vertex 9.47624 6.71332 0
    endloop
  endfacet
  facet normal 0 0 -1
    outer loop
      vertex 14.3529 6.7538 0
      vertex 9.41604 6.79279 0
      vertex 14.4169 6.83017 0
    endloop
  endfacet
  facet normal 0 0 -1
    outer loop
      vertex 9.34824 6.86587 0
      vertex 14.4169 6.83017 0
      vertex 9.41604 6.79279 0
    endloop
  endfacet
  facet normal 0 0 -1
    outer loop
      vertex 14.4169 6.83017 0
      vertex 9.34824 6.86587 0
      vertex 14.4883 6.89978 0
    endloop
  endfacet
  facet normal 0 0 -1
    outer loop
      vertex 9.27349 6.93183 0
      vertex 14.4883 6.89978 0
      vertex 9.34824 6.86587 0
    endloop
  endfacet
  facet normal 0 0 -1
    outer loop
      vertex 14.4883 6.89978 0
      vertex 9.27349 6.93183 0
      vertex 14.5663 6.96194 0
    endloop
  endfacet
  facet normal 0 0 -1
    outer loop
      vertex 9.19255 6.99003 0
      vertex 14.5663 6.96194 0
      vertex 9.27349 6.93183 0
    endloop
  endfacet
  facet normal 0 0 -1
    outer loop
      vertex 14.5663 6.96194 0
      vertex 9.19255 6.99003 0
      vertex 14.65 7.01602 0
    endloop
  endfacet
  facet normal 0 0 -1
    outer loop
      vertex 9.10621 7.03987 0
      vertex 14.65 7.01602 0
      vertex 9.19255 6.99003 0
    endloop
  endfacet
  facet normal 0 0 -1
    outer loop
      vertex 14.65 7.01602 0
      vertex 9.10621 7.03987 0
      vertex 14.7387 7.06151 0
    endloop
  endfacet
  facet normal 0 0 -1
    outer loop
      vertex 9.01534 7.08087 0
      vertex 14.7387 7.06151 0
      vertex 9.10621 7.03987 0
    endloop
  endfacet
  facet normal 0 0 -1
    outer loop
      vertex 14.7387 7.06151 0
      vertex 9.01534 7.08087 0
      vertex 14.8315 7.09793 0
    endloop
  endfacet
  facet normal 0 0 -1
    outer loop
      vertex 8.92084 7.11262 0
      vertex 14.8315 7.09793 0
      vertex 9.01534 7.08087 0
    endloop
  endfacet
  facet normal 0 0 -1
    outer loop
      vertex 14.8315 7.09793 0
      vertex 8.92084 7.11262 0
      vertex 14.9275 7.12493 0
    endloop
  endfacet
  facet normal 0 0 -1
    outer loop
      vertex 8.82365 7.13481 0
      vertex 14.9275 7.12493 0
      vertex 8.92084 7.11262 0
    endloop
  endfacet
  facet normal 0 0 -1
    outer loop
      vertex 14.9275 7.12493 0
      vertex 8.82365 7.13481 0
      vertex 15.0257 7.14224 0
    endloop
  endfacet
  facet normal 0 0 -1
    outer loop
      vertex 8.72473 7.1472 0
      vertex 15.0257 7.14224 0
      vertex 8.82365 7.13481 0
    endloop
  endfacet
  facet normal -0 0 -1
    outer loop
      vertex 15.1251 7.14969 0
      vertex 8.72473 7.1472 0
      vertex 19.7757 7.62224 0
    endloop
  endfacet
  facet normal 0 0 -1
    outer loop
      vertex 4.07365 7.61481 0
      vertex 19.7757 7.62224 0
      vertex 8.72473 7.1472 0
    endloop
  endfacet
  facet normal 0 0 -1
    outer loop
      vertex 3.97473 7.6272 0
      vertex 19.7757 7.62224 0
      vertex 4.07365 7.61481 0
    endloop
  endfacet
  facet normal 0 0 -1
    outer loop
      vertex 4.07365 7.61481 0
      vertex 8.72473 7.1472 0
      vertex 8.62507 7.14969 0
    endloop
  endfacet
  facet normal 0 0 -1
    outer loop
      vertex 5.35659 6.275 0
      vertex 7.66117 6.29904 0
      vertex 7.65876 6.275 0
    endloop
  endfacet
  facet normal 0 0 -1
    outer loop
      vertex 5.35659 6.275 0
      vertex 7.68092 6.39676 0
      vertex 7.66117 6.29904 0
    endloop
  endfacet
  facet normal 0 0 -1
    outer loop
      vertex 5.35659 6.275 0
      vertex 7.71031 6.49202 0
      vertex 7.68092 6.39676 0
    endloop
  endfacet
  facet normal 0 0 -1
    outer loop
      vertex 5.35659 6.275 0
      vertex 7.74903 6.58388 0
      vertex 7.71031 6.49202 0
    endloop
  endfacet
  facet normal 0 0 -1
    outer loop
      vertex 5.35659 6.275 0
      vertex 7.79671 6.67143 0
      vertex 7.74903 6.58388 0
    endloop
  endfacet
  facet normal 0 0 -1
    outer loop
      vertex 4.82148 7.01843 0
      vertex 7.79671 6.67143 0
      vertex 5.35659 6.275 0
    endloop
  endfacet
  facet normal 0 0 -1
    outer loop
      vertex 7.79671 6.67143 0
      vertex 4.82148 7.01843 0
      vertex 7.85287 6.7538 0
    endloop
  endfacet
  facet normal 0 0 -1
    outer loop
      vertex 4.77822 7.10825 0
      vertex 7.85287 6.7538 0
      vertex 4.82148 7.01843 0
    endloop
  endfacet
  facet normal 0 0 -1
    outer loop
      vertex 7.85287 6.7538 0
      vertex 4.77822 7.10825 0
      vertex 7.91695 6.83017 0
    endloop
  endfacet
  facet normal 0 0 -1
    outer loop
      vertex 4.72624 7.19332 0
      vertex 7.91695 6.83017 0
      vertex 4.77822 7.10825 0
    endloop
  endfacet
  facet normal 0 0 -1
    outer loop
      vertex 7.91695 6.83017 0
      vertex 4.72624 7.19332 0
      vertex 7.98831 6.89978 0
    endloop
  endfacet
  facet normal 0 0 -1
    outer loop
      vertex 4.66604 7.27279 0
      vertex 7.98831 6.89978 0
      vertex 4.72624 7.19332 0
    endloop
  endfacet
  facet normal 0 0 -1
    outer loop
      vertex 7.98831 6.89978 0
      vertex 4.66604 7.27279 0
      vertex 8.06626 6.96194 0
    endloop
  endfacet
  facet normal 0 0 -1
    outer loop
      vertex 4.89503 6.53043 0
      vertex 5.34781 6.23778 0
      vertex 5.31873 6.14295 0
    endloop
  endfacet
  facet normal 0 0 -1
    outer loop
      vertex 4.89503 6.53043 0
      vertex 5.31873 6.14295 0
      vertex 5.28343 6.05025 0
    endloop
  endfacet
  facet normal 0 0 -1
    outer loop
      vertex 4.89503 6.53043 0
      vertex 5.28343 6.05025 0
      vertex 5.24209 5.96009 0
    endloop
  endfacet
  facet normal 0 0 -1
    outer loop
      vertex 4.89503 6.53043 0
      vertex 5.24209 5.96009 0
      vertex 5.19488 5.87285 0
    endloop
  endfacet
  facet normal 0 0 -1
    outer loop
      vertex 4.89503 6.53043 0
      vertex 5.19488 5.87285 0
      vertex 5.14201 5.78893 0
    endloop
  endfacet
  facet normal 0 0 -1
    outer loop
      vertex 4.89503 6.53043 0
      vertex 5.14201 5.78893 0
      vertex 5.08371 5.70868 0
    endloop
  endfacet
  facet normal 0 0 -1
    outer loop
      vertex 4.89503 6.53043 0
      vertex 5.08371 5.70868 0
      vertex 5.02023 5.63246 0
    endloop
  endfacet
  facet normal 0 0 -1
    outer loop
      vertex 4.59824 5.91413 0
      vertex 5.02023 5.63246 0
      vertex 4.95185 5.56061 0
    endloop
  endfacet
  facet normal 0 0 -1
    outer loop
      vertex 4.89503 6.53043 0
      vertex 5.35659 6.275 0
      vertex 5.34781 6.23778 0
    endloop
  endfacet
  facet normal 0 0 -1
    outer loop
      vertex 4.89503 6.72957 0
      vertex 5.35659 6.275 0
      vertex 4.9 6.63 0
    endloop
  endfacet
  facet normal 0 0 -1
    outer loop
      vertex 4.88017 6.82815 0
      vertex 5.35659 6.275 0
      vertex 4.89503 6.72957 0
    endloop
  endfacet
  facet normal 0 0 -1
    outer loop
      vertex 4.85557 6.92476 0
      vertex 5.35659 6.275 0
      vertex 4.88017 6.82815 0
    endloop
  endfacet
  facet normal 0 0 -1
    outer loop
      vertex 4.82148 7.01843 0
      vertex 5.35659 6.275 0
      vertex 4.85557 6.92476 0
    endloop
  endfacet
  facet normal 0 0 -1
    outer loop
      vertex 4.59824 7.34587 0
      vertex 8.06626 6.96194 0
      vertex 4.66604 7.27279 0
    endloop
  endfacet
  facet normal 0 0 -1
    outer loop
      vertex 8.06626 6.96194 0
      vertex 4.59824 7.34587 0
      vertex 8.15 7.01602 0
    endloop
  endfacet
  facet normal 0 0 -1
    outer loop
      vertex 4.52349 7.41183 0
      vertex 8.15 7.01602 0
      vertex 4.59824 7.34587 0
    endloop
  endfacet
  facet normal 0 0 -1
    outer loop
      vertex 8.15 7.01602 0
      vertex 4.52349 7.41183 0
      vertex 8.23871 7.06151 0
    endloop
  endfacet
  facet normal 0 0 -1
    outer loop
      vertex 4.44255 7.47003 0
      vertex 8.23871 7.06151 0
      vertex 4.52349 7.41183 0
    endloop
  endfacet
  facet normal 0 0 -1
    outer loop
      vertex 8.23871 7.06151 0
      vertex 4.44255 7.47003 0
      vertex 8.33151 7.09793 0
    endloop
  endfacet
  facet normal 0 0 -1
    outer loop
      vertex 4.35621 7.51987 0
      vertex 8.33151 7.09793 0
      vertex 4.44255 7.47003 0
    endloop
  endfacet
  facet normal 0 0 -1
    outer loop
      vertex 8.33151 7.09793 0
      vertex 4.35621 7.51987 0
      vertex 8.42748 7.12493 0
    endloop
  endfacet
  facet normal 0 0 -1
    outer loop
      vertex 4.26534 7.56087 0
      vertex 8.42748 7.12493 0
      vertex 4.35621 7.51987 0
    endloop
  endfacet
  facet normal 0 0 -1
    outer loop
      vertex 8.42748 7.12493 0
      vertex 4.26534 7.56087 0
      vertex 8.52566 7.14224 0
    endloop
  endfacet
  facet normal 0 0 -1
    outer loop
      vertex 4.17084 7.59262 0
      vertex 8.52566 7.14224 0
      vertex 4.26534 7.56087 0
    endloop
  endfacet
  facet normal 0 0 -1
    outer loop
      vertex 8.52566 7.14224 0
      vertex 4.17084 7.59262 0
      vertex 8.62507 7.14969 0
    endloop
  endfacet
  facet normal 0 0 -1
    outer loop
      vertex 4.07365 7.61481 0
      vertex 8.62507 7.14969 0
      vertex 4.17084 7.59262 0
    endloop
  endfacet
  facet normal 0 0 -1
    outer loop
      vertex 19.7757 7.62224 0
      vertex 3.97473 7.6272 0
      vertex 19.8751 7.62969 0
    endloop
  endfacet
  facet normal -0 0 -1
    outer loop
      vertex 19.8751 7.62969 0
      vertex 3.97473 7.6272 0
      vertex 23.8 7.8 0
    endloop
  endfacet
  facet normal 0 0 -1
    outer loop
      vertex 0 7.8 0
      vertex 3.97473 7.6272 0
      vertex 3.87507 7.62969 0
    endloop
  endfacet
  facet normal 0 0 -1
    outer loop
      vertex 2.53649 6.00483 0
      vertex 2.99903 6.19612 0
      vertex 2.58079 5.91608 0
    endloop
  endfacet
  facet normal -0 0 -1
    outer loop
      vertex 2.99903 6.19612 0
      vertex 2.53649 6.00483 0
      vertex 2.96031 6.28798 0
    endloop
  endfacet
  facet normal 0 0 -1
    outer loop
      vertex 2.49815 6.09631 0
      vertex 2.96031 6.28798 0
      vertex 2.53649 6.00483 0
    endloop
  endfacet
  facet normal 0 0 -1
    outer loop
      vertex 2.46595 6.19012 0
      vertex 2.96031 6.28798 0
      vertex 2.49815 6.09631 0
    endloop
  endfacet
  facet normal -0 0 -1
    outer loop
      vertex 2.96031 6.28798 0
      vertex 2.46595 6.19012 0
      vertex 2.93092 6.38324 0
    endloop
  endfacet
  facet normal 0 0 -1
    outer loop
      vertex 2.44295 6.275 0
      vertex 2.93092 6.38324 0
      vertex 2.46595 6.19012 0
    endloop
  endfacet
  facet normal -0 0 -1
    outer loop
      vertex 2.93092 6.38324 0
      vertex 2.44295 6.275 0
      vertex 2.91117 6.48096 0
    endloop
  endfacet
  facet normal -0 0 -1
    outer loop
      vertex 2.91117 6.48096 0
      vertex 2.44295 6.275 0
      vertex 2.90124 6.58015 0
    endloop
  endfacet
  facet normal -0 0 -1
    outer loop
      vertex 2.90124 6.58015 0
      vertex 2.44295 6.275 0
      vertex 2.90124 6.67985 0
    endloop
  endfacet
  facet normal -0 0 -1
    outer loop
      vertex 2.90124 6.67985 0
      vertex 2.44295 6.275 0
      vertex 2.91117 6.77904 0
    endloop
  endfacet
  facet normal -0 0 -1
    outer loop
      vertex 2.91117 6.77904 0
      vertex 2.44295 6.275 0
      vertex 2.93092 6.87676 0
    endloop
  endfacet
  facet normal 0 0 -1
    outer loop
      vertex 1.525 6.275 0
      vertex 2.93092 6.87676 0
      vertex 2.44295 6.275 0
    endloop
  endfacet
  facet normal -0 0 -1
    outer loop
      vertex 2.93092 6.87676 0
      vertex 1.525 6.275 0
      vertex 2.96031 6.97202 0
    endloop
  endfacet
  facet normal -0 0 -1
    outer loop
      vertex 2.96031 6.97202 0
      vertex 1.525 6.275 0
      vertex 2.99903 7.06388 0
    endloop
  endfacet
  facet normal -0 0 -1
    outer loop
      vertex 2.99903 7.06388 0
      vertex 1.525 6.275 0
      vertex 3.04671 7.15143 0
    endloop
  endfacet
  facet normal 0 0 -1
    outer loop
      vertex 0 7.8 0
      vertex 3.04671 7.15143 0
      vertex 1.525 6.275 0
    endloop
  endfacet
  facet normal 0 0 -1
    outer loop
      vertex 3.04671 7.15143 0
      vertex 0 7.8 0
      vertex 3.10287 7.2338 0
    endloop
  endfacet
  facet normal 0 0 -1
    outer loop
      vertex 3.10287 7.2338 0
      vertex 0 7.8 0
      vertex 3.16695 7.31017 0
    endloop
  endfacet
  facet normal 0 0 -1
    outer loop
      vertex 3.16695 7.31017 0
      vertex 0 7.8 0
      vertex 3.23831 7.37978 0
    endloop
  endfacet
  facet normal 0 0 -1
    outer loop
      vertex 1.24473 4.8972 0
      vertex 1.525 5.35699 0
      vertex 1.34365 4.88481 0
    endloop
  endfacet
  facet normal 0 0 -1
    outer loop
      vertex 1.14507 4.89969 0
      vertex 1.525 5.35699 0
      vertex 1.24473 4.8972 0
    endloop
  endfacet
  facet normal 0 0 -1
    outer loop
      vertex 1.04566 4.89224 0
      vertex 1.525 5.35699 0
      vertex 1.14507 4.89969 0
    endloop
  endfacet
  facet normal 0 0 -1
    outer loop
      vertex 0.947478 4.87493 0
      vertex 1.525 5.35699 0
      vertex 1.04566 4.89224 0
    endloop
  endfacet
  facet normal -0 0 -1
    outer loop
      vertex 1.525 5.35699 0
      vertex 0.947478 4.87493 0
      vertex 1.525 6.275 0
    endloop
  endfacet
  facet normal 0 0 -1
    outer loop
      vertex 0.851513 4.84793 0
      vertex 1.525 6.275 0
      vertex 0.947478 4.87493 0
    endloop
  endfacet
  facet normal 0 0 -1
    outer loop
      vertex 0.758713 4.81151 0
      vertex 1.525 6.275 0
      vertex 0.851513 4.84793 0
    endloop
  endfacet
  facet normal 0 0 -1
    outer loop
      vertex 0.669999 4.76602 0
      vertex 1.525 6.275 0
      vertex 0.758713 4.81151 0
    endloop
  endfacet
  facet normal 0 0 -1
    outer loop
      vertex 0 7.8 0
      vertex 0.669999 4.76602 0
      vertex 0.586256 4.71194 0
    endloop
  endfacet
  facet normal 0 0 -1
    outer loop
      vertex 0 7.8 0
      vertex 0.586256 4.71194 0
      vertex 0.508314 4.64978 0
    endloop
  endfacet
  facet normal 0 0 -1
    outer loop
      vertex 0 7.8 0
      vertex 0.508314 4.64978 0
      vertex 0.436948 4.58017 0
    endloop
  endfacet
  facet normal 0 0 -1
    outer loop
      vertex 0 7.8 0
      vertex 0.436948 4.58017 0
      vertex 0.372867 4.5038 0
    endloop
  endfacet
  facet normal 0 0 -1
    outer loop
      vertex 0 7.8 0
      vertex 0.372867 4.5038 0
      vertex 0.316709 4.42143 0
    endloop
  endfacet
  facet normal 0 0 -1
    outer loop
      vertex 3.97473 7.6272 0
      vertex 0 7.8 0
      vertex 23.8 7.8 0
    endloop
  endfacet
  facet normal 0 0 -1
    outer loop
      vertex 3.77566 7.62224 0
      vertex 0 7.8 0
      vertex 3.87507 7.62969 0
    endloop
  endfacet
  facet normal 0 0 -1
    outer loop
      vertex 3.67748 7.60493 0
      vertex 0 7.8 0
      vertex 3.77566 7.62224 0
    endloop
  endfacet
  facet normal 0 0 -1
    outer loop
      vertex 3.58151 7.57793 0
      vertex 0 7.8 0
      vertex 3.67748 7.60493 0
    endloop
  endfacet
  facet normal 0 0 -1
    outer loop
      vertex 3.48871 7.54151 0
      vertex 0 7.8 0
      vertex 3.58151 7.57793 0
    endloop
  endfacet
  facet normal 0 0 -1
    outer loop
      vertex 3.4 7.49603 0
      vertex 0 7.8 0
      vertex 3.48871 7.54151 0
    endloop
  endfacet
  facet normal 0 0 -1
    outer loop
      vertex 3.31626 7.44194 0
      vertex 0 7.8 0
      vertex 3.4 7.49603 0
    endloop
  endfacet
  facet normal 0 0 -1
    outer loop
      vertex 3.23831 7.37978 0
      vertex 0 7.8 0
      vertex 3.31626 7.44194 0
    endloop
  endfacet
  facet normal 0 0 -1
    outer loop
      vertex 0.669999 4.76602 0
      vertex 0 7.8 0
      vertex 1.525 6.275 0
    endloop
  endfacet
  facet normal 0 0 -1
    outer loop
      vertex 0.269031 4.33388 0
      vertex 0 7.8 0
      vertex 0.316709 4.42143 0
    endloop
  endfacet
  facet normal 0 0 -1
    outer loop
      vertex 0.230307 4.24202 0
      vertex 0 7.8 0
      vertex 0.269031 4.33388 0
    endloop
  endfacet
  facet normal 0 0 -1
    outer loop
      vertex 0.200922 4.14676 0
      vertex 0 7.8 0
      vertex 0.230307 4.24202 0
    endloop
  endfacet
  facet normal 0 0 -1
    outer loop
      vertex 0.181169 4.04904 0
      vertex 0 7.8 0
      vertex 0.200922 4.14676 0
    endloop
  endfacet
  facet normal 0 0 -1
    outer loop
      vertex 0.171243 3.94985 0
      vertex 0 7.8 0
      vertex 0.181169 4.04904 0
    endloop
  endfacet
  facet normal 0 0 -1
    outer loop
      vertex 0 7.8 0
      vertex 0.171243 3.94985 0
      vertex 0 0 0
    endloop
  endfacet
  facet normal 0 0 -1
    outer loop
      vertex 22.2139 2.45887 0
      vertex 22.4075 2.92507 0
      vertex 22.275 2.44339 0
    endloop
  endfacet
  facet normal -0 0 -1
    outer loop
      vertex 22.4075 2.92507 0
      vertex 22.2139 2.45887 0
      vertex 22.3115 2.95207 0
    endloop
  endfacet
  facet normal 0 0 -1
    outer loop
      vertex 22.1196 2.48952 0
      vertex 22.3115 2.95207 0
      vertex 22.2139 2.45887 0
    endloop
  endfacet
  facet normal -0 0 -1
    outer loop
      vertex 22.3115 2.95207 0
      vertex 22.1196 2.48952 0
      vertex 22.2187 2.98849 0
    endloop
  endfacet
  facet normal 0 0 -1
    outer loop
      vertex 22.0275 2.52634 0
      vertex 22.2187 2.98849 0
      vertex 22.1196 2.48952 0
    endloop
  endfacet
  facet normal 0 0 -1
    outer loop
      vertex 21.938 2.56917 0
      vertex 22.2187 2.98849 0
      vertex 22.0275 2.52634 0
    endloop
  endfacet
  facet normal -0 0 -1
    outer loop
      vertex 22.2187 2.98849 0
      vertex 21.938 2.56917 0
      vertex 22.13 3.03397 0
    endloop
  endfacet
  facet normal 0 0 -1
    outer loop
      vertex 21.8515 2.61781 0
      vertex 22.13 3.03397 0
      vertex 21.938 2.56917 0
    endloop
  endfacet
  facet normal -0 0 -1
    outer loop
      vertex 22.13 3.03397 0
      vertex 21.8515 2.61781 0
      vertex 22.0463 3.08806 0
    endloop
  endfacet
  facet normal 0 0 -1
    outer loop
      vertex 21.7685 2.67206 0
      vertex 22.0463 3.08806 0
      vertex 21.8515 2.61781 0
    endloop
  endfacet
  facet normal 0 0 -1
    outer loop
      vertex 21.6892 2.73168 0
      vertex 22.0463 3.08806 0
      vertex 21.7685 2.67206 0
    endloop
  endfacet
  facet normal -0 0 -1
    outer loop
      vertex 22.0463 3.08806 0
      vertex 21.6892 2.73168 0
      vertex 21.9683 3.15022 0
    endloop
  endfacet
  facet normal 0 0 -1
    outer loop
      vertex 21.6141 2.79641 0
      vertex 21.9683 3.15022 0
      vertex 21.6892 2.73168 0
    endloop
  endfacet
  facet normal -0 0 -1
    outer loop
      vertex 21.9683 3.15022 0
      vertex 21.6141 2.79641 0
      vertex 21.8969 3.21983 0
    endloop
  endfacet
  facet normal 0 0 -1
    outer loop
      vertex 21.5434 2.86597 0
      vertex 21.8969 3.21983 0
      vertex 21.6141 2.79641 0
    endloop
  endfacet
  facet normal 0 0 -1
    outer loop
      vertex 21.4774 2.94005 0
      vertex 21.8969 3.21983 0
      vertex 21.5434 2.86597 0
    endloop
  endfacet
  facet normal -0 0 -1
    outer loop
      vertex 21.8969 3.21983 0
      vertex 21.4774 2.94005 0
      vertex 21.8329 3.2962 0
    endloop
  endfacet
  facet normal 0 0 -1
    outer loop
      vertex 21.4165 3.01832 0
      vertex 21.8329 3.2962 0
      vertex 21.4774 2.94005 0
    endloop
  endfacet
  facet normal -0 0 -1
    outer loop
      vertex 21.8329 3.2962 0
      vertex 21.4165 3.01832 0
      vertex 21.7767 3.37856 0
    endloop
  endfacet
  facet normal 0 0 -1
    outer loop
      vertex 21.3609 3.10045 0
      vertex 21.7767 3.37856 0
      vertex 21.4165 3.01832 0
    endloop
  endfacet
  facet normal -0 0 -1
    outer loop
      vertex 21.7767 3.37856 0
      vertex 21.3108 3.18608 0
      vertex 21.729 3.46612 0
    endloop
  endfacet
  facet normal 0 0 -1
    outer loop
      vertex 21.3108 3.18608 0
      vertex 21.7767 3.37856 0
      vertex 21.3609 3.10045 0
    endloop
  endfacet
  facet normal 0 -1 0
    outer loop
      vertex 0 0 0
      vertex 23.8 0 6.6
      vertex 0 0 6.6
    endloop
  endfacet
  facet normal 0 -1 -0
    outer loop
      vertex 23.8 0 6.6
      vertex 0 0 0
      vertex 23.8 0 0
    endloop
  endfacet
  facet normal 0 1 -0
    outer loop
      vertex 23.8 7.8 0
      vertex 0 7.8 6.6
      vertex 23.8 7.8 6.6
    endloop
  endfacet
  facet normal 0 1 0
    outer loop
      vertex 0 7.8 6.6
      vertex 23.8 7.8 0
      vertex 0 7.8 0
    endloop
  endfacet
  facet normal 1 -0 0
    outer loop
      vertex 1.525 4.50438 2.98221
      vertex 1.525 6.275 0
      vertex 1.525 6.275 6.6
    endloop
  endfacet
  facet normal 1 0 0
    outer loop
      vertex 1.525 6.275 0
      vertex 1.525 4.50438 2.98221
      vertex 1.525 5.35699 0.799999
    endloop
  endfacet
  facet normal 1 0 0
    outer loop
      vertex 1.525 5.35699 0.799999
      vertex 1.525 4.59245 2.2185
      vertex 1.525 4.74788 0.799999
    endloop
  endfacet
  facet normal 1 0 0
    outer loop
      vertex 1.525 5.35699 0.799999
      vertex 1.525 4.50438 2.98221
      vertex 1.525 4.59245 2.2185
    endloop
  endfacet
  facet normal 1 0 0
    outer loop
      vertex 1.525 6.275 6.6
      vertex 1.525 4.44965 3.45678
      vertex 1.525 4.50438 2.98221
    endloop
  endfacet
  facet normal 1 0 0
    outer loop
      vertex 1.525 6.275 6.6
      vertex 1.525 4.37508 4.06294
      vertex 1.525 4.44965 3.45678
    endloop
  endfacet
  facet normal 1 0 0
    outer loop
      vertex 1.525 6.275 6.6
      vertex 1.525 4.34516 4.30625
      vertex 1.525 4.37508 4.06294
    endloop
  endfacet
  facet normal 1 0 0
    outer loop
      vertex 1.525 6.275 6.6
      vertex 1.525 4.32728 4.44042
      vertex 1.525 4.34516 4.30625
    endloop
  endfacet
  facet normal 1 0 0
    outer loop
      vertex 1.525 6.275 6.6
      vertex 1.525 4.26396 4.91577
      vertex 1.525 4.32728 4.44042
    endloop
  endfacet
  facet normal 1 0 0
    outer loop
      vertex 1.525 6.275 6.6
      vertex 1.525 4.26195 4.92947
      vertex 1.525 4.26396 4.91577
    endloop
  endfacet
  facet normal 1 0 0
    outer loop
      vertex 1.525 6.275 6.6
      vertex 1.525 4.25159 5
      vertex 1.525 4.26195 4.92947
    endloop
  endfacet
  facet normal 1 0 0
    outer loop
      vertex 1.525 6.275 6.6
      vertex 1.525 3.54841 5
      vertex 1.525 4.25159 5
    endloop
  endfacet
  facet normal 1 0 0
    outer loop
      vertex 1.525 3.20755 2.2185
      vertex 1.525 2.44301 0.799999
      vertex 1.525 3.05212 0.799999
    endloop
  endfacet
  facet normal 1 0 0
    outer loop
      vertex 1.525 3.26727 2.73635
      vertex 1.525 2.44301 0.799999
      vertex 1.525 3.20755 2.2185
    endloop
  endfacet
  facet normal 1 0 0
    outer loop
      vertex 1.525 1.525 6.6
      vertex 1.525 3.26727 2.73635
      vertex 1.525 3.35035 3.45678
    endloop
  endfacet
  facet normal 1 0 0
    outer loop
      vertex 1.525 1.525 6.6
      vertex 1.525 3.35035 3.45678
      vertex 1.525 3.39398 3.81143
    endloop
  endfacet
  facet normal 1 0 0
    outer loop
      vertex 1.525 1.525 6.6
      vertex 1.525 3.39398 3.81143
      vertex 1.525 3.45484 4.30625
    endloop
  endfacet
  facet normal 1 0 0
    outer loop
      vertex 1.525 1.525 6.6
      vertex 1.525 3.45484 4.30625
      vertex 1.525 3.47272 4.44042
    endloop
  endfacet
  facet normal 1 0 0
    outer loop
      vertex 1.525 1.525 6.6
      vertex 1.525 3.47272 4.44042
      vertex 1.525 3.53604 4.91577
    endloop
  endfacet
  facet normal 1 0 0
    outer loop
      vertex 1.525 1.525 6.6
      vertex 1.525 3.53604 4.91577
      vertex 1.525 3.53805 4.92947
    endloop
  endfacet
  facet normal 1 0 0
    outer loop
      vertex 1.525 1.525 6.6
      vertex 1.525 3.53805 4.92947
      vertex 1.525 3.54841 5
    endloop
  endfacet
  facet normal 1 -0 0
    outer loop
      vertex 1.525 1.525 6.6
      vertex 1.525 3.54841 5
      vertex 1.525 6.275 6.6
    endloop
  endfacet
  facet normal 1 0 0
    outer loop
      vertex 1.525 1.525 0
      vertex 1.525 3.26727 2.73635
      vertex 1.525 1.525 6.6
    endloop
  endfacet
  facet normal 1 0 0
    outer loop
      vertex 1.525 3.26727 2.73635
      vertex 1.525 1.525 0
      vertex 1.525 2.44301 0.799999
    endloop
  endfacet
  facet normal 1 0 0
    outer loop
      vertex 1.525 2.44301 0.799999
      vertex 1.525 1.525 0
      vertex 1.525 2.44301 0
    endloop
  endfacet
  facet normal 1 0 0
    outer loop
      vertex 1.525 6.275 0
      vertex 1.525 5.35699 0.799999
      vertex 1.525 5.35699 0
    endloop
  endfacet
  facet normal -1 0 0
    outer loop
      vertex 22.275 2.44339 0
      vertex 22.275 1.525 0
      vertex 22.275 2.44339 0.799999
    endloop
  endfacet
  facet normal -1 0 0
    outer loop
      vertex 22.275 5.3566 0.799999
      vertex 22.275 6.275 0
      vertex 22.275 5.3566 0
    endloop
  endfacet
  facet normal -1 0 0
    outer loop
      vertex 22.275 4.51488 2.90001
      vertex 22.275 6.275 0
      vertex 22.275 5.3566 0.799999
    endloop
  endfacet
  facet normal -1 0 0
    outer loop
      vertex 22.275 4.71379 1.11661
      vertex 22.275 5.3566 0.799999
      vertex 22.275 4.74776 0.799999
    endloop
  endfacet
  facet normal -1 0 0
    outer loop
      vertex 22.275 4.68676 1.36856
      vertex 22.275 5.3566 0.799999
      vertex 22.275 4.71379 1.11661
    endloop
  endfacet
  facet normal -1 0 0
    outer loop
      vertex 22.275 4.64452 1.74493
      vertex 22.275 5.3566 0.799999
      vertex 22.275 4.68676 1.36856
    endloop
  endfacet
  facet normal -1 0 0
    outer loop
      vertex 22.275 4.51488 2.90001
      vertex 22.275 5.3566 0.799999
      vertex 22.275 4.64452 1.74493
    endloop
  endfacet
  facet normal -1 0 0
    outer loop
      vertex 22.275 6.275 0
      vertex 22.275 4.51488 2.90001
      vertex 22.275 6.275 6.6
    endloop
  endfacet
  facet normal -1 0 0
    outer loop
      vertex 22.275 4.45223 3.42694
      vertex 22.275 6.275 6.6
      vertex 22.275 4.51488 2.90001
    endloop
  endfacet
  facet normal -1 0 0
    outer loop
      vertex 22.275 4.39377 3.91856
      vertex 22.275 6.275 6.6
      vertex 22.275 4.45223 3.42694
    endloop
  endfacet
  facet normal -1 0 0
    outer loop
      vertex 22.275 4.31664 4.52241
      vertex 22.275 6.275 6.6
      vertex 22.275 4.39377 3.91856
    endloop
  endfacet
  facet normal -1 0 0
    outer loop
      vertex 22.275 4.30226 4.63492
      vertex 22.275 6.275 6.6
      vertex 22.275 4.31664 4.52241
    endloop
  endfacet
  facet normal -1 0 0
    outer loop
      vertex 22.275 4.29323 4.6997
      vertex 22.275 6.275 6.6
      vertex 22.275 4.30226 4.63492
    endloop
  endfacet
  facet normal -1 0 0
    outer loop
      vertex 22.275 4.25133 5
      vertex 22.275 6.275 6.6
      vertex 22.275 4.29323 4.6997
    endloop
  endfacet
  facet normal -1 0 0
    outer loop
      vertex 22.275 3.54867 5
      vertex 22.275 6.275 6.6
      vertex 22.275 4.25133 5
    endloop
  endfacet
  facet normal -1 0 0
    outer loop
      vertex 22.275 2.44339 0.799999
      vertex 22.275 3.11324 1.36856
      vertex 22.275 3.05224 0.799999
    endloop
  endfacet
  facet normal -1 0 0
    outer loop
      vertex 22.275 2.44339 0.799999
      vertex 22.275 3.23607 2.46301
      vertex 22.275 3.11324 1.36856
    endloop
  endfacet
  facet normal -1 0 0
    outer loop
      vertex 22.275 2.44339 0.799999
      vertex 22.275 3.28512 2.90001
      vertex 22.275 3.23607 2.46301
    endloop
  endfacet
  facet normal -1 0 0
    outer loop
      vertex 22.275 1.525 0
      vertex 22.275 3.28512 2.90001
      vertex 22.275 2.44339 0.799999
    endloop
  endfacet
  facet normal -1 0 0
    outer loop
      vertex 22.275 3.28512 2.90001
      vertex 22.275 1.525 6.6
      vertex 22.275 3.34777 3.42694
    endloop
  endfacet
  facet normal -1 0 0
    outer loop
      vertex 22.275 3.34777 3.42694
      vertex 22.275 1.525 6.6
      vertex 22.275 3.40622 3.91856
    endloop
  endfacet
  facet normal -1 0 0
    outer loop
      vertex 22.275 3.40622 3.91856
      vertex 22.275 1.525 6.6
      vertex 22.275 3.48336 4.52241
    endloop
  endfacet
  facet normal -1 0 0
    outer loop
      vertex 22.275 3.48336 4.52241
      vertex 22.275 1.525 6.6
      vertex 22.275 3.49774 4.63492
    endloop
  endfacet
  facet normal -1 -0 0
    outer loop
      vertex 22.275 3.28512 2.90001
      vertex 22.275 1.525 0
      vertex 22.275 1.525 6.6
    endloop
  endfacet
  facet normal -1 0 0
    outer loop
      vertex 22.275 3.54867 5
      vertex 22.275 1.525 6.6
      vertex 22.275 6.275 6.6
    endloop
  endfacet
  facet normal -1 0 0
    outer loop
      vertex 22.275 3.49774 4.63492
      vertex 22.275 1.525 6.6
      vertex 22.275 3.54867 5
    endloop
  endfacet
  facet normal 0 1 -0
    outer loop
      vertex 14.6591 1.525 3.94744
      vertex 9.13348 1.525 4
      vertex 14.666 1.525 4
    endloop
  endfacet
  facet normal 0 1 -0
    outer loop
      vertex 14.6336 1.525 3.74731
      vertex 9.13348 1.525 4
      vertex 14.6591 1.525 3.94744
    endloop
  endfacet
  facet normal 0 1 0
    outer loop
      vertex 14.6336 1.525 3.74731
      vertex 9.20176 1.525 3.47002
      vertex 9.13348 1.525 4
    endloop
  endfacet
  facet normal 0 1 0
    outer loop
      vertex 14.6336 1.525 3.74731
      vertex 9.26834 1.525 2.95323
      vertex 9.20176 1.525 3.47002
    endloop
  endfacet
  facet normal 0 1 -0
    outer loop
      vertex 14.3207 1.525 1.29049
      vertex 9.26834 1.525 2.95323
      vertex 14.6336 1.525 3.74731
    endloop
  endfacet
  facet normal 0 1 0
    outer loop
      vertex 9.6412 1.525 0
      vertex 14.3207 1.525 1.29049
      vertex 14.1588 1.525 0
    endloop
  endfacet
  facet normal 0 1 0
    outer loop
      vertex 14.3207 1.525 1.29049
      vertex 9.6412 1.525 0
      vertex 9.26834 1.525 2.95323
    endloop
  endfacet
  facet normal 0 1 0
    outer loop
      vertex 19.4313 1.525 4.12061
      vertex 15.7018 1.525 3.47002
      vertex 15.6335 1.525 4
    endloop
  endfacet
  facet normal 0 1 -0
    outer loop
      vertex 19.3191 1.525 3.19187
      vertex 15.7018 1.525 3.47002
      vertex 19.4313 1.525 4.12061
    endloop
  endfacet
  facet normal 0 1 0
    outer loop
      vertex 19.3191 1.525 3.19187
      vertex 15.7683 1.525 2.95323
      vertex 15.7018 1.525 3.47002
    endloop
  endfacet
  facet normal 0 1 -0
    outer loop
      vertex 19.2151 1.525 2.27768
      vertex 15.7683 1.525 2.95323
      vertex 19.3191 1.525 3.19187
    endloop
  endfacet
  facet normal 0 1 0
    outer loop
      vertex 18.443 1.525 0.799999
      vertex 19.2151 1.525 2.27768
      vertex 19.1628 1.525 1.81807
    endloop
  endfacet
  facet normal 0 1 0
    outer loop
      vertex 18.443 1.525 0.799999
      vertex 19.1628 1.525 1.81807
      vertex 19.1284 1.525 1.5004
    endloop
  endfacet
  facet normal 0 1 0
    outer loop
      vertex 18.443 1.525 0.799999
      vertex 19.1284 1.525 1.5004
      vertex 19.0525 1.525 0.799999
    endloop
  endfacet
  facet normal 0 1 0
    outer loop
      vertex 19.2151 1.525 2.27768
      vertex 18.443 1.525 0.799999
      vertex 15.7683 1.525 2.95323
    endloop
  endfacet
  facet normal 0 1 0
    outer loop
      vertex 16.1412 1.525 0
      vertex 18.443 1.525 0.799999
      vertex 18.443 1.525 0
    endloop
  endfacet
  facet normal 0 1 0
    outer loop
      vertex 18.443 1.525 0.799999
      vertex 16.1412 1.525 0
      vertex 15.7683 1.525 2.95323
    endloop
  endfacet
  facet normal 0 1 0
    outer loop
      vertex 15.6335 1.525 4
      vertex 19.5488 1.525 5
      vertex 19.5174 1.525 4.78074
    endloop
  endfacet
  facet normal 0 1 0
    outer loop
      vertex 19.5488 1.525 5
      vertex 14.666 1.525 4
      vertex 4.25184 1.525 5
    endloop
  endfacet
  facet normal 0 1 0
    outer loop
      vertex 15.6335 1.525 4
      vertex 19.5174 1.525 4.78074
      vertex 19.4545 1.525 4.29815
    endloop
  endfacet
  facet normal 0 1 0
    outer loop
      vertex 15.6335 1.525 4
      vertex 19.4545 1.525 4.29815
      vertex 19.4313 1.525 4.12061
    endloop
  endfacet
  facet normal 0 1 0
    outer loop
      vertex 19.5488 1.525 5
      vertex 15.6335 1.525 4
      vertex 14.666 1.525 4
    endloop
  endfacet
  facet normal 0 1 0
    outer loop
      vertex 4.25184 1.525 5
      vertex 14.666 1.525 4
      vertex 9.13348 1.525 4
    endloop
  endfacet
  facet normal 0 1 -0
    outer loop
      vertex 8.16596 1.525 4
      vertex 4.25184 1.525 5
      vertex 9.13348 1.525 4
    endloop
  endfacet
  facet normal 0 1 0
    outer loop
      vertex 4.25184 1.525 5
      vertex 8.16596 1.525 4
      vertex 4.32307 1.525 4.47718
    endloop
  endfacet
  facet normal 0 1 0
    outer loop
      vertex 4.42069 1.525 3.69807
      vertex 8.16596 1.525 4
      vertex 8.15909 1.525 3.94744
    endloop
  endfacet
  facet normal 0 1 0
    outer loop
      vertex 4.42069 1.525 3.69807
      vertex 8.15909 1.525 3.94744
      vertex 8.1336 1.525 3.74731
    endloop
  endfacet
  facet normal 0 1 0
    outer loop
      vertex 8.16596 1.525 4
      vertex 4.42069 1.525 3.69807
      vertex 4.32307 1.525 4.47718
    endloop
  endfacet
  facet normal 0 1 0
    outer loop
      vertex 8.1336 1.525 3.74731
      vertex 4.55189 1.525 2.57716
      vertex 4.42069 1.525 3.69807
    endloop
  endfacet
  facet normal 0 1 -0
    outer loop
      vertex 7.82068 1.525 1.29049
      vertex 4.55189 1.525 2.57716
      vertex 8.1336 1.525 3.74731
    endloop
  endfacet
  facet normal 0 1 -0
    outer loop
      vertex 5.35659 1.525 0.799999
      vertex 4.55189 1.525 2.57716
      vertex 7.82068 1.525 1.29049
    endloop
  endfacet
  facet normal 0 1 0
    outer loop
      vertex 4.55189 1.525 2.57716
      vertex 5.35659 1.525 0.799999
      vertex 4.74216 1.525 0.860758
    endloop
  endfacet
  facet normal 0 1 -0
    outer loop
      vertex 7.65876 1.525 0
      vertex 5.35659 1.525 0.799999
      vertex 7.82068 1.525 1.29049
    endloop
  endfacet
  facet normal 0 1 0
    outer loop
      vertex 5.35659 1.525 0.799999
      vertex 7.65876 1.525 0
      vertex 5.35659 1.525 0
    endloop
  endfacet
  facet normal 0 1 0
    outer loop
      vertex 19.5488 1.525 5
      vertex 22.275 1.525 6.6
      vertex 20.2518 1.525 5
    endloop
  endfacet
  facet normal 0 1 0
    outer loop
      vertex 22.275 1.525 6.6
      vertex 20.3231 1.525 4.47718
      vertex 20.2518 1.525 5
    endloop
  endfacet
  facet normal 0 1 0
    outer loop
      vertex 22.275 1.525 6.6
      vertex 20.4207 1.525 3.69807
      vertex 20.3231 1.525 4.47718
    endloop
  endfacet
  facet normal 0 1 0
    outer loop
      vertex 22.275 1.525 6.6
      vertex 20.5519 1.525 2.57716
      vertex 20.4207 1.525 3.69807
    endloop
  endfacet
  facet normal 0 1 -0
    outer loop
      vertex 22.275 1.525 0
      vertex 20.5519 1.525 2.57716
      vertex 22.275 1.525 6.6
    endloop
  endfacet
  facet normal 0 1 0
    outer loop
      vertex 20.5519 1.525 2.57716
      vertex 21.3566 1.525 0.799999
      vertex 20.7422 1.525 0.860758
    endloop
  endfacet
  facet normal 0 1 0
    outer loop
      vertex 20.5519 1.525 2.57716
      vertex 22.275 1.525 0
      vertex 21.3566 1.525 0.799999
    endloop
  endfacet
  facet normal 0 1 0
    outer loop
      vertex 21.3566 1.525 0.799999
      vertex 22.275 1.525 0
      vertex 21.3566 1.525 0
    endloop
  endfacet
  facet normal 0 1 0
    outer loop
      vertex 22.275 1.525 6.6
      vertex 19.5488 1.525 5
      vertex 1.525 1.525 6.6
    endloop
  endfacet
  facet normal 0 1 -0
    outer loop
      vertex 4.25184 1.525 5
      vertex 1.525 1.525 6.6
      vertex 19.5488 1.525 5
    endloop
  endfacet
  facet normal 0 1 -0
    outer loop
      vertex 3.54876 1.525 5
      vertex 1.525 1.525 6.6
      vertex 4.25184 1.525 5
    endloop
  endfacet
  facet normal 0 1 -0
    outer loop
      vertex 3.5174 1.525 4.78074
      vertex 1.525 1.525 6.6
      vertex 3.54876 1.525 5
    endloop
  endfacet
  facet normal 0 1 -0
    outer loop
      vertex 3.45448 1.525 4.29815
      vertex 1.525 1.525 6.6
      vertex 3.5174 1.525 4.78074
    endloop
  endfacet
  facet normal 0 1 -0
    outer loop
      vertex 3.43133 1.525 4.12061
      vertex 1.525 1.525 6.6
      vertex 3.45448 1.525 4.29815
    endloop
  endfacet
  facet normal 0 1 -0
    outer loop
      vertex 3.31907 1.525 3.19187
      vertex 1.525 1.525 6.6
      vertex 3.43133 1.525 4.12061
    endloop
  endfacet
  facet normal 0 1 0
    outer loop
      vertex 2.44295 1.525 0.799999
      vertex 3.31907 1.525 3.19187
      vertex 3.2151 1.525 2.27768
    endloop
  endfacet
  facet normal 0 1 0
    outer loop
      vertex 2.44295 1.525 0.799999
      vertex 3.2151 1.525 2.27768
      vertex 3.16283 1.525 1.81807
    endloop
  endfacet
  facet normal 0 1 0
    outer loop
      vertex 2.44295 1.525 0.799999
      vertex 3.16283 1.525 1.81807
      vertex 3.1284 1.525 1.5004
    endloop
  endfacet
  facet normal 0 1 0
    outer loop
      vertex 2.44295 1.525 0.799999
      vertex 3.1284 1.525 1.5004
      vertex 3.05249 1.525 0.799999
    endloop
  endfacet
  facet normal 0 1 0
    outer loop
      vertex 1.525 1.525 0
      vertex 3.31907 1.525 3.19187
      vertex 2.44295 1.525 0.799999
    endloop
  endfacet
  facet normal 0 1 0
    outer loop
      vertex 1.525 1.525 0
      vertex 2.44295 1.525 0.799999
      vertex 2.44295 1.525 0
    endloop
  endfacet
  facet normal 0 1 0
    outer loop
      vertex 3.31907 1.525 3.19187
      vertex 1.525 1.525 0
      vertex 1.525 1.525 6.6
    endloop
  endfacet
  facet normal 0 1 0
    outer loop
      vertex 20.7422 1.525 0.860758
      vertex 21.3566 1.525 0.799999
      vertex 20.7486 1.525 0.799999
    endloop
  endfacet
  facet normal 0 1 0
    outer loop
      vertex 4.74216 1.525 0.860758
      vertex 5.35659 1.525 0.799999
      vertex 4.74862 1.525 0.799999
    endloop
  endfacet
  facet normal 0 -1 0
    outer loop
      vertex 9.13348 6.275 4
      vertex 14.6591 6.275 3.94744
      vertex 14.666 6.275 4
    endloop
  endfacet
  facet normal 0 -1 0
    outer loop
      vertex 9.13348 6.275 4
      vertex 14.6336 6.275 3.74731
      vertex 14.6591 6.275 3.94744
    endloop
  endfacet
  facet normal 0 -1 0
    outer loop
      vertex 9.20176 6.275 3.47002
      vertex 14.6336 6.275 3.74731
      vertex 9.13348 6.275 4
    endloop
  endfacet
  facet normal 0 -1 0
    outer loop
      vertex 9.26834 6.275 2.95323
      vertex 14.6336 6.275 3.74731
      vertex 9.20176 6.275 3.47002
    endloop
  endfacet
  facet normal 0 -1 0
    outer loop
      vertex 9.26834 6.275 2.95323
      vertex 14.3207 6.275 1.29049
      vertex 14.6336 6.275 3.74731
    endloop
  endfacet
  facet normal 0 -1 0
    outer loop
      vertex 9.6412 6.275 0
      vertex 14.3207 6.275 1.29049
      vertex 9.26834 6.275 2.95323
    endloop
  endfacet
  facet normal 0 -1 0
    outer loop
      vertex 14.3207 6.275 1.29049
      vertex 9.6412 6.275 0
      vertex 14.1588 6.275 0
    endloop
  endfacet
  facet normal 0 -1 0
    outer loop
      vertex 22.275 6.275 6.6
      vertex 14.666 6.275 4
      vertex 19.5488 6.275 5
    endloop
  endfacet
  facet normal 0 -1 0
    outer loop
      vertex 8.16596 6.275 4
      vertex 4.25184 6.275 5
      vertex 4.32307 6.275 4.47718
    endloop
  endfacet
  facet normal 0 -1 0
    outer loop
      vertex 14.666 6.275 4
      vertex 4.25184 6.275 5
      vertex 9.13348 6.275 4
    endloop
  endfacet
  facet normal 0 -1 0
    outer loop
      vertex 19.5488 6.275 5
      vertex 15.6335 6.275 4
      vertex 19.5174 6.275 4.78074
    endloop
  endfacet
  facet normal 0 -1 0
    outer loop
      vertex 4.25184 6.275 5
      vertex 8.16596 6.275 4
      vertex 9.13348 6.275 4
    endloop
  endfacet
  facet normal 0 -1 0
    outer loop
      vertex 4.38479 6.275 3.98458
      vertex 8.16596 6.275 4
      vertex 4.32307 6.275 4.47718
    endloop
  endfacet
  facet normal 0 -1 0
    outer loop
      vertex 4.38479 6.275 3.98458
      vertex 8.15909 6.275 3.94744
      vertex 8.16596 6.275 4
    endloop
  endfacet
  facet normal 0 -1 0
    outer loop
      vertex 4.38479 6.275 3.98458
      vertex 8.1336 6.275 3.74731
      vertex 8.15909 6.275 3.94744
    endloop
  endfacet
  facet normal 0 -1 0
    outer loop
      vertex 4.42069 6.275 3.69809
      vertex 8.1336 6.275 3.74731
      vertex 4.38479 6.275 3.98458
    endloop
  endfacet
  facet normal 0 -1 0
    outer loop
      vertex 4.48663 6.275 3.13474
      vertex 8.1336 6.275 3.74731
      vertex 4.42069 6.275 3.69809
    endloop
  endfacet
  facet normal 0 -1 0
    outer loop
      vertex 4.55189 6.275 2.57716
      vertex 8.1336 6.275 3.74731
      vertex 4.48663 6.275 3.13474
    endloop
  endfacet
  facet normal 0 -1 0
    outer loop
      vertex 4.55189 6.275 2.57716
      vertex 7.82068 6.275 1.29049
      vertex 8.1336 6.275 3.74731
    endloop
  endfacet
  facet normal 0 -1 0
    outer loop
      vertex 5.35659 6.275 0.799999
      vertex 4.55189 6.275 2.57716
      vertex 4.74216 6.275 0.860758
    endloop
  endfacet
  facet normal 0 -1 0
    outer loop
      vertex 5.35659 6.275 0.799999
      vertex 4.74216 6.275 0.860758
      vertex 4.74862 6.275 0.799999
    endloop
  endfacet
  facet normal 0 -1 0
    outer loop
      vertex 4.55189 6.275 2.57716
      vertex 5.35659 6.275 0.799999
      vertex 7.82068 6.275 1.29049
    endloop
  endfacet
  facet normal 0 -1 0
    outer loop
      vertex 7.65876 6.275 0
      vertex 5.35659 6.275 0.799999
      vertex 5.35659 6.275 0
    endloop
  endfacet
  facet normal 0 -1 0
    outer loop
      vertex 5.35659 6.275 0.799999
      vertex 7.65876 6.275 0
      vertex 7.82068 6.275 1.29049
    endloop
  endfacet
  facet normal 0 -1 0
    outer loop
      vertex 4.25184 6.275 5
      vertex 1.525 6.275 6.6
      vertex 3.54876 6.275 5
    endloop
  endfacet
  facet normal 0 -1 0
    outer loop
      vertex 1.525 6.275 6.6
      vertex 3.5174 6.275 4.78074
      vertex 3.54876 6.275 5
    endloop
  endfacet
  facet normal 0 -1 0
    outer loop
      vertex 1.525 6.275 6.6
      vertex 3.45448 6.275 4.29815
      vertex 3.5174 6.275 4.78074
    endloop
  endfacet
  facet normal 0 -1 0
    outer loop
      vertex 1.525 6.275 6.6
      vertex 3.43133 6.275 4.12061
      vertex 3.45448 6.275 4.29815
    endloop
  endfacet
  facet normal 0 -1 0
    outer loop
      vertex 1.525 6.275 6.6
      vertex 3.31907 6.275 3.19187
      vertex 3.43133 6.275 4.12061
    endloop
  endfacet
  facet normal 0 -1 0
    outer loop
      vertex 1.525 6.275 0
      vertex 3.31907 6.275 3.19187
      vertex 1.525 6.275 6.6
    endloop
  endfacet
  facet normal 0 -1 0
    outer loop
      vertex 3.31907 6.275 3.19187
      vertex 2.44295 6.275 0.799999
      vertex 3.16284 6.275 1.81809
    endloop
  endfacet
  facet normal 0 -1 0
    outer loop
      vertex 3.16284 6.275 1.81809
      vertex 2.44295 6.275 0.799999
      vertex 3.1284 6.275 1.50042
    endloop
  endfacet
  facet normal 0 -1 0
    outer loop
      vertex 3.31907 6.275 3.19187
      vertex 1.525 6.275 0
      vertex 2.44295 6.275 0.799999
    endloop
  endfacet
  facet normal 0 -1 -0
    outer loop
      vertex 2.44295 6.275 0.799999
      vertex 1.525 6.275 0
      vertex 2.44295 6.275 0
    endloop
  endfacet
  facet normal 0 -1 0
    outer loop
      vertex 14.666 6.275 4
      vertex 1.525 6.275 6.6
      vertex 4.25184 6.275 5
    endloop
  endfacet
  facet normal 0 -1 0
    outer loop
      vertex 1.525 6.275 6.6
      vertex 14.666 6.275 4
      vertex 22.275 6.275 6.6
    endloop
  endfacet
  facet normal 0 -1 0
    outer loop
      vertex 20.2518 6.275 5
      vertex 22.275 6.275 6.6
      vertex 19.5488 6.275 5
    endloop
  endfacet
  facet normal 0 -1 0
    outer loop
      vertex 20.3231 6.275 4.47718
      vertex 22.275 6.275 6.6
      vertex 20.2518 6.275 5
    endloop
  endfacet
  facet normal 0 -1 0
    outer loop
      vertex 20.3848 6.275 3.98458
      vertex 22.275 6.275 6.6
      vertex 20.3231 6.275 4.47718
    endloop
  endfacet
  facet normal 0 -1 0
    outer loop
      vertex 20.4207 6.275 3.69809
      vertex 22.275 6.275 6.6
      vertex 20.3848 6.275 3.98458
    endloop
  endfacet
  facet normal 0 -1 0
    outer loop
      vertex 20.4866 6.275 3.13474
      vertex 22.275 6.275 6.6
      vertex 20.4207 6.275 3.69809
    endloop
  endfacet
  facet normal 0 -1 0
    outer loop
      vertex 20.5519 6.275 2.57716
      vertex 22.275 6.275 6.6
      vertex 20.4866 6.275 3.13474
    endloop
  endfacet
  facet normal 0 -1 0
    outer loop
      vertex 21.3566 6.275 0.799999
      vertex 20.5519 6.275 2.57716
      vertex 20.7422 6.275 0.860758
    endloop
  endfacet
  facet normal 0 -1 0
    outer loop
      vertex 21.3566 6.275 0.799999
      vertex 20.7422 6.275 0.860758
      vertex 20.7486 6.275 0.799999
    endloop
  endfacet
  facet normal 0 -1 0
    outer loop
      vertex 22.275 6.275 0
      vertex 20.5519 6.275 2.57716
      vertex 21.3566 6.275 0.799999
    endloop
  endfacet
  facet normal 0 -1 0
    outer loop
      vertex 22.275 6.275 0
      vertex 21.3566 6.275 0.799999
      vertex 21.3566 6.275 0
    endloop
  endfacet
  facet normal 0 -1 0
    outer loop
      vertex 20.5519 6.275 2.57716
      vertex 22.275 6.275 0
      vertex 22.275 6.275 6.6
    endloop
  endfacet
  facet normal 0 -1 0
    outer loop
      vertex 15.6335 6.275 4
      vertex 19.5488 6.275 5
      vertex 14.666 6.275 4
    endloop
  endfacet
  facet normal 0 -1 0
    outer loop
      vertex 19.5174 6.275 4.78074
      vertex 15.6335 6.275 4
      vertex 19.4545 6.275 4.29815
    endloop
  endfacet
  facet normal 0 -1 0
    outer loop
      vertex 19.4545 6.275 4.29815
      vertex 15.6335 6.275 4
      vertex 19.4313 6.275 4.12061
    endloop
  endfacet
  facet normal 0 -1 0
    outer loop
      vertex 15.7018 6.275 3.47002
      vertex 19.4313 6.275 4.12061
      vertex 15.6335 6.275 4
    endloop
  endfacet
  facet normal 0 -1 0
    outer loop
      vertex 15.7018 6.275 3.47002
      vertex 19.3191 6.275 3.19187
      vertex 19.4313 6.275 4.12061
    endloop
  endfacet
  facet normal 0 -1 0
    outer loop
      vertex 15.7683 6.275 2.95323
      vertex 19.3191 6.275 3.19187
      vertex 15.7018 6.275 3.47002
    endloop
  endfacet
  facet normal 0 -1 0
    outer loop
      vertex 15.7683 6.275 2.95323
      vertex 19.1628 6.275 1.81809
      vertex 19.3191 6.275 3.19187
    endloop
  endfacet
  facet normal 0 -1 0
    outer loop
      vertex 18.443 6.275 0.799999
      vertex 19.1628 6.275 1.81809
      vertex 15.7683 6.275 2.95323
    endloop
  endfacet
  facet normal 0 -1 0
    outer loop
      vertex 19.1628 6.275 1.81809
      vertex 18.443 6.275 0.799999
      vertex 19.1284 6.275 1.50042
    endloop
  endfacet
  facet normal 0 -1 0
    outer loop
      vertex 16.1412 6.275 0
      vertex 18.443 6.275 0.799999
      vertex 15.7683 6.275 2.95323
    endloop
  endfacet
  facet normal 0 -1 -0
    outer loop
      vertex 18.443 6.275 0.799999
      vertex 16.1412 6.275 0
      vertex 18.443 6.275 0
    endloop
  endfacet
  facet normal 0 -1 0
    outer loop
      vertex 3.1284 6.275 1.50042
      vertex 2.44295 6.275 0.799999
      vertex 3.05249 6.275 0.799999
    endloop
  endfacet
  facet normal 0 -1 0
    outer loop
      vertex 19.1284 6.275 1.50042
      vertex 18.443 6.275 0.799999
      vertex 19.0525 6.275 0.799999
    endloop
  endfacet
  facet normal 0.340229 0.940343 -0
    outer loop
      vertex 1.7268 5.29283 0
      vertex 1.63352 5.32658 0.799999
      vertex 1.7268 5.29283 0.799999
    endloop
  endfacet
  facet normal 0.340229 0.940343 0
    outer loop
      vertex 1.63352 5.32658 0.799999
      vertex 1.7268 5.29283 0
      vertex 1.63352 5.32658 0
    endloop
  endfacet
  facet normal 0.84609 0.533041 0
    outer loop
      vertex 2.46488 4.65715 0.799999
      vertex 2.41201 4.74107 0
      vertex 2.41201 4.74107 0.799999
    endloop
  endfacet
  facet normal 0.84609 0.533041 0
    outer loop
      vertex 2.41201 4.74107 0
      vertex 2.46488 4.65715 0.799999
      vertex 2.46488 4.65715 0
    endloop
  endfacet
  facet normal 0.934536 -0.35587 0
    outer loop
      vertex 2.55343 3.32025 0.799999
      vertex 2.58873 3.41295 0
      vertex 2.58873 3.41295 0.799999
    endloop
  endfacet
  facet normal 0.934536 -0.35587 0
    outer loop
      vertex 2.58873 3.41295 0
      vertex 2.55343 3.32025 0.799999
      vertex 2.55343 3.32025 0
    endloop
  endfacet
  facet normal 0.461353 -0.887217 0
    outer loop
      vertex 1.81763 2.54701 0
      vertex 1.90563 2.59277 0.799999
      vertex 1.81763 2.54701 0.799999
    endloop
  endfacet
  facet normal 0.461353 -0.887217 0
    outer loop
      vertex 1.90563 2.59277 0.799999
      vertex 1.81763 2.54701 0
      vertex 1.90563 2.59277 0
    endloop
  endfacet
  facet normal 0.986353 0.164644 0
    outer loop
      vertex 2.6569 4.09784 0.799999
      vertex 2.64057 4.19567 0
      vertex 2.64057 4.19567 0.799999
    endloop
  endfacet
  facet normal 0.986353 0.164644 0
    outer loop
      vertex 2.64057 4.19567 0
      vertex 2.6569 4.09784 0.799999
      vertex 2.6569 4.09784 0
    endloop
  endfacet
  facet normal 0.973322 0.229444 0
    outer loop
      vertex 2.64057 4.19567 0.799999
      vertex 2.61781 4.29222 0
      vertex 2.61781 4.29222 0.799999
    endloop
  endfacet
  facet normal 0.973322 0.229444 0
    outer loop
      vertex 2.61781 4.29222 0
      vertex 2.64057 4.19567 0.799999
      vertex 2.64057 4.19567 0
    endloop
  endfacet
  facet normal 0.809041 0.587752 0
    outer loop
      vertex 2.41201 4.74107 0.799999
      vertex 2.35371 4.82132 0
      vertex 2.35371 4.82132 0.799999
    endloop
  endfacet
  facet normal 0.809041 0.587752 0
    outer loop
      vertex 2.35371 4.82132 0
      vertex 2.41201 4.74107 0.799999
      vertex 2.41201 4.74107 0
    endloop
  endfacet
  facet normal 0.677266 0.735738 -0
    outer loop
      vertex 2.22186 4.96939 0
      vertex 2.14888 5.03657 0.799999
      vertex 2.22186 4.96939 0.799999
    endloop
  endfacet
  facet normal 0.677266 0.735738 0
    outer loop
      vertex 2.14888 5.03657 0.799999
      vertex 2.22186 4.96939 0
      vertex 2.14888 5.03657 0
    endloop
  endfacet
  facet normal 0.724433 0.689345 0
    outer loop
      vertex 2.29023 4.89754 0.799999
      vertex 2.22186 4.96939 0
      vertex 2.22186 4.96939 0.799999
    endloop
  endfacet
  facet normal 0.724433 0.689345 0
    outer loop
      vertex 2.22186 4.96939 0
      vertex 2.29023 4.89754 0.799999
      vertex 2.29023 4.89754 0
    endloop
  endfacet
  facet normal 0.277463 0.960736 -0
    outer loop
      vertex 1.63352 5.32658 0
      vertex 1.53823 5.3541 0.799999
      vertex 1.63352 5.32658 0.799999
    endloop
  endfacet
  facet normal 0.277463 0.960736 0
    outer loop
      vertex 1.53823 5.3541 0.799999
      vertex 1.63352 5.32658 0
      vertex 1.53823 5.3541 0
    endloop
  endfacet
  facet normal 0.627163 0.778888 -0
    outer loop
      vertex 2.14888 5.03657 0
      vertex 2.07162 5.09878 0.799999
      vertex 2.14888 5.03657 0.799999
    endloop
  endfacet
  facet normal 0.627163 0.778888 0
    outer loop
      vertex 2.07162 5.09878 0.799999
      vertex 2.14888 5.03657 0
      vertex 2.07162 5.09878 0
    endloop
  endfacet
  facet normal 0.401681 0.91578 -0
    outer loop
      vertex 1.81763 5.25299 0
      vertex 1.7268 5.29283 0.799999
      vertex 1.81763 5.25299 0.799999
    endloop
  endfacet
  facet normal 0.401681 0.91578 0
    outer loop
      vertex 1.7268 5.29283 0.799999
      vertex 1.81763 5.25299 0
      vertex 1.7268 5.29283 0
    endloop
  endfacet
  facet normal 0.999453 -0.0330664 0
    outer loop
      vertex 2.66672 3.80086 0.799999
      vertex 2.67 3.9 0
      vertex 2.67 3.9 0.799999
    endloop
  endfacet
  facet normal 0.999453 -0.0330664 0
    outer loop
      vertex 2.67 3.9 0
      vertex 2.66672 3.80086 0.799999
      vertex 2.66672 3.80086 0
    endloop
  endfacet
  facet normal 0.84609 -0.533041 0
    outer loop
      vertex 2.41201 3.05893 0.799999
      vertex 2.46488 3.14285 0
      vertex 2.46488 3.14285 0.799999
    endloop
  endfacet
  facet normal 0.84609 -0.533041 0
    outer loop
      vertex 2.46488 3.14285 0
      vertex 2.41201 3.05893 0.799999
      vertex 2.41201 3.05893 0
    endloop
  endfacet
  facet normal 0.909001 0.416794 0
    outer loop
      vertex 2.55343 4.47975 0.799999
      vertex 2.51209 4.56991 0
      vertex 2.51209 4.56991 0.799999
    endloop
  endfacet
  facet normal 0.909001 0.416794 0
    outer loop
      vertex 2.51209 4.56991 0
      vertex 2.55343 4.47975 0.799999
      vertex 2.55343 4.47975 0
    endloop
  endfacet
  facet normal 0.934536 0.35587 0
    outer loop
      vertex 2.58873 4.38705 0.799999
      vertex 2.55343 4.47975 0
      vertex 2.55343 4.47975 0.799999
    endloop
  endfacet
  facet normal 0.934536 0.35587 0
    outer loop
      vertex 2.55343 4.47975 0
      vertex 2.58873 4.38705 0.799999
      vertex 2.58873 4.38705 0
    endloop
  endfacet
  facet normal 0.213411 0.976963 -0
    outer loop
      vertex 1.53823 5.3541 0
      vertex 1.525 5.35699 0.799999
      vertex 1.53823 5.3541 0.799999
    endloop
  endfacet
  facet normal 0.213411 0.976963 0
    outer loop
      vertex 1.525 5.35699 0.799999
      vertex 1.53823 5.3541 0
      vertex 1.525 5.35699 0
    endloop
  endfacet
  facet normal 0.461353 0.887217 -0
    outer loop
      vertex 1.90563 5.20723 0
      vertex 1.81763 5.25299 0.799999
      vertex 1.90563 5.20723 0.799999
    endloop
  endfacet
  facet normal 0.461353 0.887217 0
    outer loop
      vertex 1.81763 5.25299 0.799999
      vertex 1.90563 5.20723 0
      vertex 1.81763 5.25299 0
    endloop
  endfacet
  facet normal 0.574342 0.818616 -0
    outer loop
      vertex 2.07162 5.09878 0
      vertex 1.99042 5.15575 0.799999
      vertex 2.07162 5.09878 0.799999
    endloop
  endfacet
  facet normal 0.574342 0.818616 0
    outer loop
      vertex 1.99042 5.15575 0.799999
      vertex 2.07162 5.09878 0
      vertex 1.99042 5.15575 0
    endloop
  endfacet
  facet normal 0.518981 0.854786 -0
    outer loop
      vertex 1.99042 5.15575 0
      vertex 1.90563 5.20723 0.799999
      vertex 1.99042 5.15575 0.799999
    endloop
  endfacet
  facet normal 0.518981 0.854786 0
    outer loop
      vertex 1.90563 5.20723 0.799999
      vertex 1.99042 5.15575 0
      vertex 1.90563 5.20723 0
    endloop
  endfacet
  facet normal 0.999453 0.0330664 0
    outer loop
      vertex 2.67 3.9 0.799999
      vertex 2.66672 3.99914 0
      vertex 2.66672 3.99914 0.799999
    endloop
  endfacet
  facet normal 0.999453 0.0330664 0
    outer loop
      vertex 2.66672 3.99914 0
      vertex 2.67 3.9 0.799999
      vertex 2.67 3.9 0
    endloop
  endfacet
  facet normal 0.973317 -0.229466 0
    outer loop
      vertex 2.61781 3.50778 0.799999
      vertex 2.64057 3.60432 0
      vertex 2.64057 3.60432 0.799999
    endloop
  endfacet
  facet normal 0.973317 -0.229466 0
    outer loop
      vertex 2.64057 3.60432 0
      vertex 2.61781 3.50778 0.799999
      vertex 2.61781 3.50778 0
    endloop
  endfacet
  facet normal 0.986356 -0.164628 0
    outer loop
      vertex 2.64057 3.60432 0.799999
      vertex 2.6569 3.70216 0
      vertex 2.6569 3.70216 0.799999
    endloop
  endfacet
  facet normal 0.986356 -0.164628 0
    outer loop
      vertex 2.6569 3.70216 0
      vertex 2.64057 3.60432 0.799999
      vertex 2.64057 3.60432 0
    endloop
  endfacet
  facet normal 0.340318 -0.94031 0
    outer loop
      vertex 1.63352 2.47341 0
      vertex 1.7268 2.50717 0.799999
      vertex 1.63352 2.47341 0.799999
    endloop
  endfacet
  facet normal 0.340318 -0.94031 0
    outer loop
      vertex 1.7268 2.50717 0.799999
      vertex 1.63352 2.47341 0
      vertex 1.7268 2.50717 0
    endloop
  endfacet
  facet normal 0.956058 0.293179 0
    outer loop
      vertex 2.61781 4.29222 0.799999
      vertex 2.58873 4.38705 0
      vertex 2.58873 4.38705 0.799999
    endloop
  endfacet
  facet normal 0.956058 0.293179 0
    outer loop
      vertex 2.58873 4.38705 0
      vertex 2.61781 4.29222 0.799999
      vertex 2.61781 4.29222 0
    endloop
  endfacet
  facet normal 0.995087 0.0990046 0
    outer loop
      vertex 2.66672 3.99914 0.799999
      vertex 2.6569 4.09784 0
      vertex 2.6569 4.09784 0.799999
    endloop
  endfacet
  facet normal 0.995087 0.0990046 0
    outer loop
      vertex 2.6569 4.09784 0
      vertex 2.66672 3.99914 0.799999
      vertex 2.66672 3.99914 0
    endloop
  endfacet
  facet normal 0.879482 0.475932 0
    outer loop
      vertex 2.51209 4.56991 0.799999
      vertex 2.46488 4.65715 0
      vertex 2.46488 4.65715 0.799999
    endloop
  endfacet
  facet normal 0.879482 0.475932 0
    outer loop
      vertex 2.46488 4.65715 0
      vertex 2.51209 4.56991 0.799999
      vertex 2.51209 4.56991 0
    endloop
  endfacet
  facet normal 0.768403 0.639966 0
    outer loop
      vertex 2.35371 4.82132 0.799999
      vertex 2.29023 4.89754 0
      vertex 2.29023 4.89754 0.799999
    endloop
  endfacet
  facet normal 0.768403 0.639966 0
    outer loop
      vertex 2.29023 4.89754 0
      vertex 2.35371 4.82132 0.799999
      vertex 2.35371 4.82132 0
    endloop
  endfacet
  facet normal 0 0 1
    outer loop
      vertex 2.09 3.9 0.799999
      vertex 2.67 3.9 0.799999
      vertex 2.66672 3.99914 0.799999
    endloop
  endfacet
  facet normal 0 0 1
    outer loop
      vertex 2.08543 3.9916 0.799999
      vertex 2.66672 3.99914 0.799999
      vertex 2.6569 4.09784 0.799999
    endloop
  endfacet
  facet normal 0 0 1
    outer loop
      vertex 2.67 3.9 0.799999
      vertex 2.09 3.9 0.799999
      vertex 2.66672 3.80086 0.799999
    endloop
  endfacet
  facet normal 0 0 1
    outer loop
      vertex 2.07176 4.08229 0.799999
      vertex 2.6569 4.09784 0.799999
      vertex 2.64057 4.19567 0.799999
    endloop
  endfacet
  facet normal -0 0 1
    outer loop
      vertex 2.08583 3.81636 0.799999
      vertex 2.66672 3.80086 0.799999
      vertex 2.09 3.9 0.799999
    endloop
  endfacet
  facet normal 0 0 1
    outer loop
      vertex 2.06979 4.09002 0.799999
      vertex 2.64057 4.19567 0.799999
      vertex 2.61781 4.29222 0.799999
    endloop
  endfacet
  facet normal -0 0 1
    outer loop
      vertex 2.08543 3.8084 0.799999
      vertex 2.66672 3.80086 0.799999
      vertex 2.08583 3.81636 0.799999
    endloop
  endfacet
  facet normal 0 0 1
    outer loop
      vertex 2.04913 4.17117 0.799999
      vertex 2.61781 4.29222 0.799999
      vertex 2.58873 4.38705 0.799999
    endloop
  endfacet
  facet normal 0 0 1
    outer loop
      vertex 2.66672 3.80086 0.799999
      vertex 2.08543 3.8084 0.799999
      vertex 2.6569 3.70216 0.799999
    endloop
  endfacet
  facet normal 0 0 1
    outer loop
      vertex 2.02049 4.24987 0.799999
      vertex 2.58873 4.38705 0.799999
      vertex 2.55343 4.47975 0.799999
    endloop
  endfacet
  facet normal -0 0 1
    outer loop
      vertex 2.08424 3.80051 0.799999
      vertex 2.6569 3.70216 0.799999
      vertex 2.08543 3.8084 0.799999
    endloop
  endfacet
  facet normal 0 0 1
    outer loop
      vertex 2.01776 4.25736 0.799999
      vertex 2.55343 4.47975 0.799999
      vertex 2.51209 4.56991 0.799999
    endloop
  endfacet
  facet normal -0 0 1
    outer loop
      vertex 2.07176 3.71771 0.799999
      vertex 2.6569 3.70216 0.799999
      vertex 2.08424 3.80051 0.799999
    endloop
  endfacet
  facet normal 0 0 1
    outer loop
      vertex 1.97796 4.33999 0.799999
      vertex 2.51209 4.56991 0.799999
      vertex 2.46488 4.65715 0.799999
    endloop
  endfacet
  facet normal 0 0 1
    outer loop
      vertex 2.6569 3.70216 0.799999
      vertex 2.07176 3.71771 0.799999
      vertex 2.64057 3.60432 0.799999
    endloop
  endfacet
  facet normal 0 0 1
    outer loop
      vertex 1.9343 4.41145 0.799999
      vertex 2.46488 4.65715 0.799999
      vertex 2.41201 4.74107 0.799999
    endloop
  endfacet
  facet normal -0 0 1
    outer loop
      vertex 2.06979 3.70998 0.799999
      vertex 2.64057 3.60432 0.799999
      vertex 2.07176 3.71771 0.799999
    endloop
  endfacet
  facet normal 0 0 1
    outer loop
      vertex 1.92532 4.42461 0.799999
      vertex 2.41201 4.74107 0.799999
      vertex 2.35371 4.82132 0.799999
    endloop
  endfacet
  facet normal 0 0 1
    outer loop
      vertex 2.64057 3.60432 0.799999
      vertex 2.06979 3.70998 0.799999
      vertex 2.61781 3.50778 0.799999
    endloop
  endfacet
  facet normal 0 0 1
    outer loop
      vertex 1.87476 4.49136 0.799999
      vertex 2.35371 4.82132 0.799999
      vertex 2.29023 4.89754 0.799999
    endloop
  endfacet
  facet normal -0 0 1
    outer loop
      vertex 2.04913 3.62882 0.799999
      vertex 2.61781 3.50778 0.799999
      vertex 2.06979 3.70998 0.799999
    endloop
  endfacet
  facet normal 0 0 1
    outer loop
      vertex 1.81238 4.5586 0.799999
      vertex 2.29023 4.89754 0.799999
      vertex 2.22186 4.96939 0.799999
    endloop
  endfacet
  facet normal 0 0 1
    outer loop
      vertex 2.61781 3.50778 0.799999
      vertex 2.04913 3.62882 0.799999
      vertex 2.58873 3.41295 0.799999
    endloop
  endfacet
  facet normal 0 0 1
    outer loop
      vertex 1.8064 4.56387 0.799999
      vertex 2.22186 4.96939 0.799999
      vertex 2.14888 5.03657 0.799999
    endloop
  endfacet
  facet normal -0 0 1
    outer loop
      vertex 2.02049 3.55013 0.799999
      vertex 2.58873 3.41295 0.799999
      vertex 2.04913 3.62882 0.799999
    endloop
  endfacet
  facet normal 0 0 1
    outer loop
      vertex 2.58873 3.41295 0.799999
      vertex 2.02049 3.55013 0.799999
      vertex 2.55343 3.32025 0.799999
    endloop
  endfacet
  facet normal 0 0 1
    outer loop
      vertex 2.66672 3.99914 0.799999
      vertex 2.08543 3.9916 0.799999
      vertex 2.09 3.9 0.799999
    endloop
  endfacet
  facet normal 0 0 1
    outer loop
      vertex 2.6569 4.09784 0.799999
      vertex 2.08424 3.99949 0.799999
      vertex 2.08543 3.9916 0.799999
    endloop
  endfacet
  facet normal 0 0 1
    outer loop
      vertex 2.6569 4.09784 0.799999
      vertex 2.07176 4.08229 0.799999
      vertex 2.08424 3.99949 0.799999
    endloop
  endfacet
  facet normal 0 0 1
    outer loop
      vertex 1.74361 4.61929 0.799999
      vertex 2.14888 5.03657 0.799999
      vertex 2.07162 5.09878 0.799999
    endloop
  endfacet
  facet normal 0 0 1
    outer loop
      vertex 2.64057 4.19567 0.799999
      vertex 2.06979 4.09002 0.799999
      vertex 2.07176 4.08229 0.799999
    endloop
  endfacet
  facet normal 0 0 1
    outer loop
      vertex 2.61781 4.29222 0.799999
      vertex 2.04913 4.17117 0.799999
      vertex 2.06979 4.09002 0.799999
    endloop
  endfacet
  facet normal 0 0 1
    outer loop
      vertex 2.58873 4.38705 0.799999
      vertex 2.02049 4.24987 0.799999
      vertex 2.04913 4.17117 0.799999
    endloop
  endfacet
  facet normal 0 0 1
    outer loop
      vertex 2.55343 4.47975 0.799999
      vertex 2.01776 4.25736 0.799999
      vertex 2.02049 4.24987 0.799999
    endloop
  endfacet
  facet normal 0 0 1
    outer loop
      vertex 1.67562 4.66817 0.799999
      vertex 2.07162 5.09878 0.799999
      vertex 1.99042 5.15575 0.799999
    endloop
  endfacet
  facet normal 0 0 1
    outer loop
      vertex 2.51209 4.56991 0.799999
      vertex 1.98142 4.33281 0.799999
      vertex 2.01776 4.25736 0.799999
    endloop
  endfacet
  facet normal 0 0 1
    outer loop
      vertex 2.51209 4.56991 0.799999
      vertex 1.97796 4.33999 0.799999
      vertex 1.98142 4.33281 0.799999
    endloop
  endfacet
  facet normal 0 0 1
    outer loop
      vertex 2.46488 4.65715 0.799999
      vertex 1.9343 4.41145 0.799999
      vertex 1.97796 4.33999 0.799999
    endloop
  endfacet
  facet normal 0 0 1
    outer loop
      vertex 2.41201 4.74107 0.799999
      vertex 1.93014 4.41825 0.799999
      vertex 1.9343 4.41145 0.799999
    endloop
  endfacet
  facet normal 0 0 1
    outer loop
      vertex 2.41201 4.74107 0.799999
      vertex 1.92532 4.42461 0.799999
      vertex 1.93014 4.41825 0.799999
    endloop
  endfacet
  facet normal 0 0 1
    outer loop
      vertex 1.66223 4.67681 0.799999
      vertex 1.99042 5.15575 0.799999
      vertex 1.90563 5.20723 0.799999
    endloop
  endfacet
  facet normal 0 0 1
    outer loop
      vertex 2.35371 4.82132 0.799999
      vertex 1.87476 4.49136 0.799999
      vertex 1.92532 4.42461 0.799999
    endloop
  endfacet
  facet normal 0 0 1
    outer loop
      vertex 2.29023 4.89754 0.799999
      vertex 1.86934 4.49721 0.799999
      vertex 1.87476 4.49136 0.799999
    endloop
  endfacet
  facet normal 0 0 1
    outer loop
      vertex 1.58971 4.71868 0.799999
      vertex 1.90563 5.20723 0.799999
      vertex 1.81763 5.25299 0.799999
    endloop
  endfacet
  facet normal 0 0 1
    outer loop
      vertex 2.29023 4.89754 0.799999
      vertex 1.81238 4.5586 0.799999
      vertex 1.86934 4.49721 0.799999
    endloop
  endfacet
  facet normal 0 0 1
    outer loop
      vertex 2.22186 4.96939 0.799999
      vertex 1.8064 4.56387 0.799999
      vertex 1.81238 4.5586 0.799999
    endloop
  endfacet
  facet normal 0 0 1
    outer loop
      vertex 2.14888 5.03657 0.799999
      vertex 1.74361 4.61929 0.799999
      vertex 1.8064 4.56387 0.799999
    endloop
  endfacet
  facet normal 0 0 1
    outer loop
      vertex 1.525 4.74788 0.799999
      vertex 1.81763 5.25299 0.799999
      vertex 1.7268 5.29283 0.799999
    endloop
  endfacet
  facet normal 0 0 1
    outer loop
      vertex 2.07162 5.09878 0.799999
      vertex 1.67562 4.66817 0.799999
      vertex 1.74361 4.61929 0.799999
    endloop
  endfacet
  facet normal 0 0 1
    outer loop
      vertex 1.99042 5.15575 0.799999
      vertex 1.66914 4.67282 0.799999
      vertex 1.67562 4.66817 0.799999
    endloop
  endfacet
  facet normal 0 0 1
    outer loop
      vertex 1.99042 5.15575 0.799999
      vertex 1.66223 4.67681 0.799999
      vertex 1.66914 4.67282 0.799999
    endloop
  endfacet
  facet normal 0 0 1
    outer loop
      vertex 1.525 4.74788 0.799999
      vertex 1.7268 5.29283 0.799999
      vertex 1.63352 5.32658 0.799999
    endloop
  endfacet
  facet normal 0 0 1
    outer loop
      vertex 1.90563 5.20723 0.799999
      vertex 1.58971 4.71868 0.799999
      vertex 1.66223 4.67681 0.799999
    endloop
  endfacet
  facet normal 0 0 1
    outer loop
      vertex 1.525 4.74788 0.799999
      vertex 1.63352 5.32658 0.799999
      vertex 1.53823 5.3541 0.799999
    endloop
  endfacet
  facet normal 0 0 1
    outer loop
      vertex 1.525 4.74788 0.799999
      vertex 1.53823 5.3541 0.799999
      vertex 1.525 5.35699 0.799999
    endloop
  endfacet
  facet normal 0 0 1
    outer loop
      vertex 1.81763 5.25299 0.799999
      vertex 1.525 4.74788 0.799999
      vertex 1.58971 4.71868 0.799999
    endloop
  endfacet
  facet normal -0 0 1
    outer loop
      vertex 2.01776 3.54264 0.799999
      vertex 2.55343 3.32025 0.799999
      vertex 2.02049 3.55013 0.799999
    endloop
  endfacet
  facet normal 0 0 1
    outer loop
      vertex 2.55343 3.32025 0.799999
      vertex 2.01776 3.54264 0.799999
      vertex 2.51209 3.23009 0.799999
    endloop
  endfacet
  facet normal -0 0 1
    outer loop
      vertex 1.97796 3.46001 0.799999
      vertex 2.51209 3.23009 0.799999
      vertex 2.01776 3.54264 0.799999
    endloop
  endfacet
  facet normal 0 0 1
    outer loop
      vertex 2.51209 3.23009 0.799999
      vertex 1.97796 3.46001 0.799999
      vertex 2.46488 3.14285 0.799999
    endloop
  endfacet
  facet normal -0 0 1
    outer loop
      vertex 1.9343 3.38855 0.799999
      vertex 2.46488 3.14285 0.799999
      vertex 1.97796 3.46001 0.799999
    endloop
  endfacet
  facet normal 0 0 1
    outer loop
      vertex 2.46488 3.14285 0.799999
      vertex 1.9343 3.38855 0.799999
      vertex 2.41201 3.05893 0.799999
    endloop
  endfacet
  facet normal -0 0 1
    outer loop
      vertex 1.93014 3.38175 0.799999
      vertex 2.41201 3.05893 0.799999
      vertex 1.9343 3.38855 0.799999
    endloop
  endfacet
  facet normal -0 0 1
    outer loop
      vertex 1.92532 3.37539 0.799999
      vertex 2.41201 3.05893 0.799999
      vertex 1.93014 3.38175 0.799999
    endloop
  endfacet
  facet normal 0 0 1
    outer loop
      vertex 2.41201 3.05893 0.799999
      vertex 1.92532 3.37539 0.799999
      vertex 2.35371 2.97868 0.799999
    endloop
  endfacet
  facet normal -0 0 1
    outer loop
      vertex 1.87476 3.30863 0.799999
      vertex 2.35371 2.97868 0.799999
      vertex 1.92532 3.37539 0.799999
    endloop
  endfacet
  facet normal 0 0 1
    outer loop
      vertex 2.35371 2.97868 0.799999
      vertex 1.87476 3.30863 0.799999
      vertex 2.29023 2.90246 0.799999
    endloop
  endfacet
  facet normal -0 0 1
    outer loop
      vertex 1.86934 3.30279 0.799999
      vertex 2.29023 2.90246 0.799999
      vertex 1.87476 3.30863 0.799999
    endloop
  endfacet
  facet normal -0 0 1
    outer loop
      vertex 1.81238 3.2414 0.799999
      vertex 2.29023 2.90246 0.799999
      vertex 1.86934 3.30279 0.799999
    endloop
  endfacet
  facet normal 0 0 1
    outer loop
      vertex 2.29023 2.90246 0.799999
      vertex 1.81238 3.2414 0.799999
      vertex 2.22186 2.83061 0.799999
    endloop
  endfacet
  facet normal -0 0 1
    outer loop
      vertex 1.8064 3.23612 0.799999
      vertex 2.22186 2.83061 0.799999
      vertex 1.81238 3.2414 0.799999
    endloop
  endfacet
  facet normal 0 0 1
    outer loop
      vertex 2.22186 2.83061 0.799999
      vertex 1.8064 3.23612 0.799999
      vertex 2.14888 2.76343 0.799999
    endloop
  endfacet
  facet normal -0 0 1
    outer loop
      vertex 1.74361 3.18071 0.799999
      vertex 2.14888 2.76343 0.799999
      vertex 1.8064 3.23612 0.799999
    endloop
  endfacet
  facet normal 0 0 1
    outer loop
      vertex 2.14888 2.76343 0.799999
      vertex 1.74361 3.18071 0.799999
      vertex 2.07162 2.70122 0.799999
    endloop
  endfacet
  facet normal -0 0 1
    outer loop
      vertex 1.73713 3.17606 0.799999
      vertex 2.07162 2.70122 0.799999
      vertex 1.74361 3.18071 0.799999
    endloop
  endfacet
  facet normal -0 0 1
    outer loop
      vertex 1.66914 3.12718 0.799999
      vertex 2.07162 2.70122 0.799999
      vertex 1.73713 3.17606 0.799999
    endloop
  endfacet
  facet normal 0 0 1
    outer loop
      vertex 2.07162 2.70122 0.799999
      vertex 1.66914 3.12718 0.799999
      vertex 1.99042 2.64425 0.799999
    endloop
  endfacet
  facet normal 0 0 1
    outer loop
      vertex 1.99042 2.64425 0.799999
      vertex 1.66914 3.12718 0.799999
      vertex 1.90563 2.59277 0.799999
    endloop
  endfacet
  facet normal -0 0 1
    outer loop
      vertex 1.59662 3.08531 0.799999
      vertex 1.90563 2.59277 0.799999
      vertex 1.66914 3.12718 0.799999
    endloop
  endfacet
  facet normal -0 0 1
    outer loop
      vertex 1.58971 3.08132 0.799999
      vertex 1.90563 2.59277 0.799999
      vertex 1.59662 3.08531 0.799999
    endloop
  endfacet
  facet normal 0 0 1
    outer loop
      vertex 1.90563 2.59277 0.799999
      vertex 1.58971 3.08132 0.799999
      vertex 1.81763 2.54701 0.799999
    endloop
  endfacet
  facet normal -0 0 1
    outer loop
      vertex 1.525 3.05212 0.799999
      vertex 1.81763 2.54701 0.799999
      vertex 1.58971 3.08132 0.799999
    endloop
  endfacet
  facet normal 0 0 1
    outer loop
      vertex 1.81763 2.54701 0.799999
      vertex 1.525 3.05212 0.799999
      vertex 1.7268 2.50717 0.799999
    endloop
  endfacet
  facet normal 0 0 1
    outer loop
      vertex 1.7268 2.50717 0.799999
      vertex 1.525 3.05212 0.799999
      vertex 1.63352 2.47341 0.799999
    endloop
  endfacet
  facet normal 0 0 1
    outer loop
      vertex 1.63352 2.47341 0.799999
      vertex 1.525 3.05212 0.799999
      vertex 1.53823 2.4459 0.799999
    endloop
  endfacet
  facet normal 0 0 1
    outer loop
      vertex 1.53823 2.4459 0.799999
      vertex 1.525 3.05212 0.799999
      vertex 1.525 2.44301 0.799999
    endloop
  endfacet
  facet normal 0.995087 -0.0990046 0
    outer loop
      vertex 2.6569 3.70216 0.799999
      vertex 2.66672 3.80086 0
      vertex 2.66672 3.80086 0.799999
    endloop
  endfacet
  facet normal 0.995087 -0.0990046 0
    outer loop
      vertex 2.66672 3.80086 0
      vertex 2.6569 3.70216 0.799999
      vertex 2.6569 3.70216 0
    endloop
  endfacet
  facet normal 0.956058 -0.293179 0
    outer loop
      vertex 2.58873 3.41295 0.799999
      vertex 2.61781 3.50778 0
      vertex 2.61781 3.50778 0.799999
    endloop
  endfacet
  facet normal 0.956058 -0.293179 0
    outer loop
      vertex 2.61781 3.50778 0
      vertex 2.58873 3.41295 0.799999
      vertex 2.58873 3.41295 0
    endloop
  endfacet
  facet normal 0.574342 -0.818616 0
    outer loop
      vertex 1.99042 2.64425 0
      vertex 2.07162 2.70122 0.799999
      vertex 1.99042 2.64425 0.799999
    endloop
  endfacet
  facet normal 0.574342 -0.818616 0
    outer loop
      vertex 2.07162 2.70122 0.799999
      vertex 1.99042 2.64425 0
      vertex 2.07162 2.70122 0
    endloop
  endfacet
  facet normal 0.768403 -0.639966 0
    outer loop
      vertex 2.29023 2.90246 0.799999
      vertex 2.35371 2.97868 0
      vertex 2.35371 2.97868 0.799999
    endloop
  endfacet
  facet normal 0.768403 -0.639966 0
    outer loop
      vertex 2.35371 2.97868 0
      vertex 2.29023 2.90246 0.799999
      vertex 2.29023 2.90246 0
    endloop
  endfacet
  facet normal 0.213411 -0.976963 0
    outer loop
      vertex 1.525 2.44301 0
      vertex 1.53823 2.4459 0.799999
      vertex 1.525 2.44301 0.799999
    endloop
  endfacet
  facet normal 0.213411 -0.976963 0
    outer loop
      vertex 1.53823 2.4459 0.799999
      vertex 1.525 2.44301 0
      vertex 1.53823 2.4459 0
    endloop
  endfacet
  facet normal 0.27737 -0.960763 0
    outer loop
      vertex 1.53823 2.4459 0
      vertex 1.63352 2.47341 0.799999
      vertex 1.53823 2.4459 0.799999
    endloop
  endfacet
  facet normal 0.27737 -0.960763 0
    outer loop
      vertex 1.63352 2.47341 0.799999
      vertex 1.53823 2.4459 0
      vertex 1.63352 2.47341 0
    endloop
  endfacet
  facet normal 0.401681 -0.91578 0
    outer loop
      vertex 1.7268 2.50717 0
      vertex 1.81763 2.54701 0.799999
      vertex 1.7268 2.50717 0.799999
    endloop
  endfacet
  facet normal 0.401681 -0.91578 0
    outer loop
      vertex 1.81763 2.54701 0.799999
      vertex 1.7268 2.50717 0
      vertex 1.81763 2.54701 0
    endloop
  endfacet
  facet normal 0.909001 -0.416794 0
    outer loop
      vertex 2.51209 3.23009 0.799999
      vertex 2.55343 3.32025 0
      vertex 2.55343 3.32025 0.799999
    endloop
  endfacet
  facet normal 0.909001 -0.416794 0
    outer loop
      vertex 2.55343 3.32025 0
      vertex 2.51209 3.23009 0.799999
      vertex 2.51209 3.23009 0
    endloop
  endfacet
  facet normal 0.879482 -0.475932 0
    outer loop
      vertex 2.46488 3.14285 0.799999
      vertex 2.51209 3.23009 0
      vertex 2.51209 3.23009 0.799999
    endloop
  endfacet
  facet normal 0.879482 -0.475932 0
    outer loop
      vertex 2.51209 3.23009 0
      vertex 2.46488 3.14285 0.799999
      vertex 2.46488 3.14285 0
    endloop
  endfacet
  facet normal 0.724433 -0.689345 0
    outer loop
      vertex 2.22186 2.83061 0.799999
      vertex 2.29023 2.90246 0
      vertex 2.29023 2.90246 0.799999
    endloop
  endfacet
  facet normal 0.724433 -0.689345 0
    outer loop
      vertex 2.29023 2.90246 0
      vertex 2.22186 2.83061 0.799999
      vertex 2.22186 2.83061 0
    endloop
  endfacet
  facet normal 0.809041 -0.587752 0
    outer loop
      vertex 2.35371 2.97868 0.799999
      vertex 2.41201 3.05893 0
      vertex 2.41201 3.05893 0.799999
    endloop
  endfacet
  facet normal 0.809041 -0.587752 0
    outer loop
      vertex 2.41201 3.05893 0
      vertex 2.35371 2.97868 0.799999
      vertex 2.35371 2.97868 0
    endloop
  endfacet
  facet normal 0.518981 -0.854786 0
    outer loop
      vertex 1.90563 2.59277 0
      vertex 1.99042 2.64425 0.799999
      vertex 1.90563 2.59277 0.799999
    endloop
  endfacet
  facet normal 0.518981 -0.854786 0
    outer loop
      vertex 1.99042 2.64425 0.799999
      vertex 1.90563 2.59277 0
      vertex 1.99042 2.64425 0
    endloop
  endfacet
  facet normal 0.677266 -0.735738 0
    outer loop
      vertex 2.14888 2.76343 0
      vertex 2.22186 2.83061 0.799999
      vertex 2.14888 2.76343 0.799999
    endloop
  endfacet
  facet normal 0.677266 -0.735738 0
    outer loop
      vertex 2.22186 2.83061 0.799999
      vertex 2.14888 2.76343 0
      vertex 2.22186 2.83061 0
    endloop
  endfacet
  facet normal 0.627163 -0.778888 0
    outer loop
      vertex 2.07162 2.70122 0
      vertex 2.14888 2.76343 0.799999
      vertex 2.07162 2.70122 0.799999
    endloop
  endfacet
  facet normal 0.627163 -0.778888 0
    outer loop
      vertex 2.14888 2.76343 0.799999
      vertex 2.07162 2.70122 0
      vertex 2.14888 2.76343 0
    endloop
  endfacet
  facet normal -1 0 0
    outer loop
      vertex 21.1308 3.8504 0
      vertex 21.1308 3.94959 0.799999
      vertex 21.1308 3.94959 0
    endloop
  endfacet
  facet normal -1 -0 0
    outer loop
      vertex 21.1308 3.94959 0.799999
      vertex 21.1308 3.8504 0
      vertex 21.1308 3.8504 0.799999
    endloop
  endfacet
  facet normal -0.701336 0.71283 0
    outer loop
      vertex 21.6141 5.00359 0
      vertex 21.5434 4.93403 0.799999
      vertex 21.6141 5.00359 0.799999
    endloop
  endfacet
  facet normal -0.701336 0.71283 0
    outer loop
      vertex 21.5434 4.93403 0.799999
      vertex 21.6141 5.00359 0
      vertex 21.5434 4.93403 0
    endloop
  endfacet
  facet normal -0.431666 0.902034 0
    outer loop
      vertex 22.0275 5.27366 0
      vertex 21.938 5.23083 0.799999
      vertex 22.0275 5.27366 0.799999
    endloop
  endfacet
  facet normal -0.431666 0.902034 0
    outer loop
      vertex 21.938 5.23083 0.799999
      vertex 22.0275 5.27366 0
      vertex 21.938 5.23083 0
    endloop
  endfacet
  facet normal -0.863124 0.504992 0
    outer loop
      vertex 21.3108 4.61392 0
      vertex 21.3609 4.69955 0.799999
      vertex 21.3609 4.69955 0
    endloop
  endfacet
  facet normal -0.863124 0.504992 0
    outer loop
      vertex 21.3609 4.69955 0.799999
      vertex 21.3108 4.61392 0
      vertex 21.3108 4.61392 0.799999
    endloop
  endfacet
  facet normal -0.828089 0.560596 0
    outer loop
      vertex 21.3609 4.69955 0
      vertex 21.4165 4.78168 0.799999
      vertex 21.4165 4.78168 0
    endloop
  endfacet
  facet normal -0.828089 0.560596 0
    outer loop
      vertex 21.4165 4.78168 0.799999
      vertex 21.3609 4.69955 0
      vertex 21.3609 4.69955 0.799999
    endloop
  endfacet
  facet normal -0.245446 0.96941 0
    outer loop
      vertex 22.275 5.3566 0
      vertex 22.2139 5.34113 0.799999
      vertex 22.275 5.3566 0.799999
    endloop
  endfacet
  facet normal -0.245446 0.96941 0
    outer loop
      vertex 22.2139 5.34113 0.799999
      vertex 22.275 5.3566 0
      vertex 22.2139 5.34113 0
    endloop
  endfacet
  facet normal -0.922419 0.38619 0
    outer loop
      vertex 21.2282 4.43369 0
      vertex 21.2665 4.52517 0.799999
      vertex 21.2665 4.52517 0
    endloop
  endfacet
  facet normal -0.922419 0.38619 0
    outer loop
      vertex 21.2665 4.52517 0.799999
      vertex 21.2282 4.43369 0
      vertex 21.2282 4.43369 0.799999
    endloop
  endfacet
  facet normal -0.980484 0.196601 0
    outer loop
      vertex 21.1505 4.14689 0
      vertex 21.17 4.24414 0.799999
      vertex 21.17 4.24414 0
    endloop
  endfacet
  facet normal -0.980484 0.196601 0
    outer loop
      vertex 21.17 4.24414 0.799999
      vertex 21.1505 4.14689 0
      vertex 21.1505 4.14689 0.799999
    endloop
  endfacet
  facet normal -0.945534 0.325525 0
    outer loop
      vertex 21.1959 4.33987 0
      vertex 21.2282 4.43369 0.799999
      vertex 21.2282 4.43369 0
    endloop
  endfacet
  facet normal -0.945534 0.325525 0
    outer loop
      vertex 21.2282 4.43369 0.799999
      vertex 21.1959 4.33987 0
      vertex 21.1959 4.33987 0.799999
    endloop
  endfacet
  facet normal -0.99124 0.132071 0
    outer loop
      vertex 21.1374 4.04857 0
      vertex 21.1505 4.14689 0.799999
      vertex 21.1505 4.14689 0
    endloop
  endfacet
  facet normal -0.99124 0.132071 0
    outer loop
      vertex 21.1505 4.14689 0.799999
      vertex 21.1374 4.04857 0
      vertex 21.1374 4.04857 0.799999
    endloop
  endfacet
  facet normal -0.600935 0.799298 0
    outer loop
      vertex 21.7685 5.12794 0
      vertex 21.6892 5.06832 0.799999
      vertex 21.7685 5.12794 0.799999
    endloop
  endfacet
  facet normal -0.600935 0.799298 0
    outer loop
      vertex 21.6892 5.06832 0.799999
      vertex 21.7685 5.12794 0
      vertex 21.6892 5.06832 0
    endloop
  endfacet
  facet normal -0.490137 0.871645 0
    outer loop
      vertex 21.938 5.23083 0
      vertex 21.8515 5.18219 0.799999
      vertex 21.938 5.23083 0.799999
    endloop
  endfacet
  facet normal -0.490137 0.871645 0
    outer loop
      vertex 21.8515 5.18219 0.799999
      vertex 21.938 5.23083 0
      vertex 21.8515 5.18219 0
    endloop
  endfacet
  facet normal -0.652874 0.757467 0
    outer loop
      vertex 21.6892 5.06832 0
      vertex 21.6141 5.00359 0.799999
      vertex 21.6892 5.06832 0.799999
    endloop
  endfacet
  facet normal -0.652874 0.757467 0
    outer loop
      vertex 21.6141 5.00359 0.799999
      vertex 21.6892 5.06832 0
      vertex 21.6141 5.00359 0
    endloop
  endfacet
  facet normal -0.789238 -0.614087 0
    outer loop
      vertex 21.4774 2.94005 0
      vertex 21.4165 3.01832 0.799999
      vertex 21.4165 3.01832 0
    endloop
  endfacet
  facet normal -0.789238 -0.614087 0
    outer loop
      vertex 21.4165 3.01832 0.799999
      vertex 21.4774 2.94005 0
      vertex 21.4774 2.94005 0.799999
    endloop
  endfacet
  facet normal -0.789238 0.614087 0
    outer loop
      vertex 21.4165 4.78168 0
      vertex 21.4774 4.85995 0.799999
      vertex 21.4774 4.85995 0
    endloop
  endfacet
  facet normal -0.789238 0.614087 0
    outer loop
      vertex 21.4774 4.85995 0.799999
      vertex 21.4165 4.78168 0
      vertex 21.4165 4.78168 0.799999
    endloop
  endfacet
  facet normal -0.894729 0.446609 0
    outer loop
      vertex 21.2665 4.52517 0
      vertex 21.3108 4.61392 0.799999
      vertex 21.3108 4.61392 0
    endloop
  endfacet
  facet normal -0.894729 0.446609 0
    outer loop
      vertex 21.3108 4.61392 0.799999
      vertex 21.2665 4.52517 0
      vertex 21.2665 4.52517 0.799999
    endloop
  endfacet
  facet normal -0.965295 0.261163 0
    outer loop
      vertex 21.17 4.24414 0
      vertex 21.1959 4.33987 0.799999
      vertex 21.1959 4.33987 0
    endloop
  endfacet
  facet normal -0.965295 0.261163 0
    outer loop
      vertex 21.1959 4.33987 0.799999
      vertex 21.17 4.24414 0
      vertex 21.17 4.24414 0.799999
    endloop
  endfacet
  facet normal -0.997784 0.0665324 0
    outer loop
      vertex 21.1308 3.94959 0
      vertex 21.1374 4.04857 0.799999
      vertex 21.1374 4.04857 0
    endloop
  endfacet
  facet normal -0.997784 0.0665324 0
    outer loop
      vertex 21.1374 4.04857 0.799999
      vertex 21.1308 3.94959 0
      vertex 21.1308 3.94959 0.799999
    endloop
  endfacet
  facet normal -0 0 1
    outer loop
      vertex 22.2139 5.34113 0.799999
      vertex 22.275 4.74776 0.799999
      vertex 22.275 5.3566 0.799999
    endloop
  endfacet
  facet normal -0 0 1
    outer loop
      vertex 22.1196 5.31048 0.799999
      vertex 22.275 4.74776 0.799999
      vertex 22.2139 5.34113 0.799999
    endloop
  endfacet
  facet normal -0 0 1
    outer loop
      vertex 22.0275 5.27366 0.799999
      vertex 22.275 4.74776 0.799999
      vertex 22.1196 5.31048 0.799999
    endloop
  endfacet
  facet normal 0 0 1
    outer loop
      vertex 22.275 4.74776 0.799999
      vertex 22.0275 5.27366 0.799999
      vertex 22.259 4.7415 0.799999
    endloop
  endfacet
  facet normal 0 0 1
    outer loop
      vertex 22.259 4.7415 0.799999
      vertex 22.0275 5.27366 0.799999
      vertex 22.2516 4.73858 0.799999
    endloop
  endfacet
  facet normal 0 0 1
    outer loop
      vertex 22.2516 4.73858 0.799999
      vertex 22.0275 5.27366 0.799999
      vertex 22.2445 4.73495 0.799999
    endloop
  endfacet
  facet normal -0 0 1
    outer loop
      vertex 21.938 5.23083 0.799999
      vertex 22.2445 4.73495 0.799999
      vertex 22.0275 5.27366 0.799999
    endloop
  endfacet
  facet normal 0 0 1
    outer loop
      vertex 22.2445 4.73495 0.799999
      vertex 21.938 5.23083 0.799999
      vertex 22.17 4.69674 0.799999
    endloop
  endfacet
  facet normal -0 0 1
    outer loop
      vertex 21.8515 5.18219 0.799999
      vertex 22.17 4.69674 0.799999
      vertex 21.938 5.23083 0.799999
    endloop
  endfacet
  facet normal 0 0 1
    outer loop
      vertex 22.17 4.69674 0.799999
      vertex 21.8515 5.18219 0.799999
      vertex 22.0997 4.65131 0.799999
    endloop
  endfacet
  facet normal -0 0 1
    outer loop
      vertex 21.7685 5.12794 0.799999
      vertex 22.0997 4.65131 0.799999
      vertex 21.8515 5.18219 0.799999
    endloop
  endfacet
  facet normal 0 0 1
    outer loop
      vertex 22.0997 4.65131 0.799999
      vertex 21.7685 5.12794 0.799999
      vertex 22.093 4.64698 0.799999
    endloop
  endfacet
  facet normal 0 0 1
    outer loop
      vertex 22.093 4.64698 0.799999
      vertex 21.7685 5.12794 0.799999
      vertex 22.0867 4.64201 0.799999
    endloop
  endfacet
  facet normal -0 0 1
    outer loop
      vertex 21.6892 5.06832 0.799999
      vertex 22.0867 4.64201 0.799999
      vertex 21.7685 5.12794 0.799999
    endloop
  endfacet
  facet normal 0 0 1
    outer loop
      vertex 22.0867 4.64201 0.799999
      vertex 21.6892 5.06832 0.799999
      vertex 22.0212 4.5898 0.799999
    endloop
  endfacet
  facet normal -0 0 1
    outer loop
      vertex 21.6141 5.00359 0.799999
      vertex 22.0212 4.5898 0.799999
      vertex 21.6892 5.06832 0.799999
    endloop
  endfacet
  facet normal 0 0 1
    outer loop
      vertex 22.0212 4.5898 0.799999
      vertex 21.6141 5.00359 0.799999
      vertex 21.9613 4.53133 0.799999
    endloop
  endfacet
  facet normal -0 0 1
    outer loop
      vertex 21.5434 4.93403 0.799999
      vertex 21.9613 4.53133 0.799999
      vertex 21.6141 5.00359 0.799999
    endloop
  endfacet
  facet normal 0 0 1
    outer loop
      vertex 21.9613 4.53133 0.799999
      vertex 21.5434 4.93403 0.799999
      vertex 21.9556 4.52576 0.799999
    endloop
  endfacet
  facet normal -0 0 1
    outer loop
      vertex 21.4774 4.85995 0.799999
      vertex 21.9556 4.52576 0.799999
      vertex 21.5434 4.93403 0.799999
    endloop
  endfacet
  facet normal 0 0 1
    outer loop
      vertex 21.9556 4.52576 0.799999
      vertex 21.4774 4.85995 0.799999
      vertex 21.8966 4.4555 0.799999
    endloop
  endfacet
  facet normal -0 0 1
    outer loop
      vertex 21.4165 4.78168 0.799999
      vertex 21.8966 4.4555 0.799999
      vertex 21.4774 4.85995 0.799999
    endloop
  endfacet
  facet normal 0 0 1
    outer loop
      vertex 21.8966 4.4555 0.799999
      vertex 21.4165 4.78168 0.799999
      vertex 21.8921 4.44891 0.799999
    endloop
  endfacet
  facet normal 0 0 1
    outer loop
      vertex 21.8921 4.44891 0.799999
      vertex 21.4165 4.78168 0.799999
      vertex 21.845 4.37972 0.799999
    endloop
  endfacet
  facet normal -0 0 1
    outer loop
      vertex 21.3609 4.69955 0.799999
      vertex 21.845 4.37972 0.799999
      vertex 21.4165 4.78168 0.799999
    endloop
  endfacet
  facet normal -0 0 1
    outer loop
      vertex 21.3108 4.61392 0.799999
      vertex 21.845 4.37972 0.799999
      vertex 21.3609 4.69955 0.799999
    endloop
  endfacet
  facet normal 0 0 1
    outer loop
      vertex 21.845 4.37972 0.799999
      vertex 21.3108 4.61392 0.799999
      vertex 21.8011 4.29917 0.799999
    endloop
  endfacet
  facet normal 0 0 1
    outer loop
      vertex 21.8011 4.29917 0.799999
      vertex 21.2665 4.52517 0.799999
      vertex 21.7686 4.22201 0.799999
    endloop
  endfacet
  facet normal -0 0 1
    outer loop
      vertex 21.2665 4.52517 0.799999
      vertex 21.8011 4.29917 0.799999
      vertex 21.3108 4.61392 0.799999
    endloop
  endfacet
  facet normal 0 0 1
    outer loop
      vertex 22.0275 2.52634 0.799999
      vertex 22.275 3.05224 0.799999
      vertex 22.2516 3.06141 0.799999
    endloop
  endfacet
  facet normal 0 0 1
    outer loop
      vertex 22.275 3.05224 0.799999
      vertex 22.2139 2.45887 0.799999
      vertex 22.275 2.44339 0.799999
    endloop
  endfacet
  facet normal 0 0 1
    outer loop
      vertex 21.938 2.56917 0.799999
      vertex 22.2516 3.06141 0.799999
      vertex 22.1771 3.09962 0.799999
    endloop
  endfacet
  facet normal 0 0 1
    outer loop
      vertex 21.938 2.56917 0.799999
      vertex 22.1771 3.09962 0.799999
      vertex 22.17 3.10326 0.799999
    endloop
  endfacet
  facet normal 0 0 1
    outer loop
      vertex 22.275 3.05224 0.799999
      vertex 22.1196 2.48952 0.799999
      vertex 22.2139 2.45887 0.799999
    endloop
  endfacet
  facet normal 0 0 1
    outer loop
      vertex 21.8515 2.61781 0.799999
      vertex 22.17 3.10326 0.799999
      vertex 22.0997 3.14869 0.799999
    endloop
  endfacet
  facet normal 0 0 1
    outer loop
      vertex 21.7685 2.67206 0.799999
      vertex 22.0997 3.14869 0.799999
      vertex 22.093 3.15302 0.799999
    endloop
  endfacet
  facet normal 0 0 1
    outer loop
      vertex 21.7685 2.67206 0.799999
      vertex 22.093 3.15302 0.799999
      vertex 22.0867 3.15799 0.799999
    endloop
  endfacet
  facet normal 0 0 1
    outer loop
      vertex 22.275 3.05224 0.799999
      vertex 22.0275 2.52634 0.799999
      vertex 22.1196 2.48952 0.799999
    endloop
  endfacet
  facet normal 0 0 1
    outer loop
      vertex 21.6892 2.73168 0.799999
      vertex 22.0867 3.15799 0.799999
      vertex 22.0212 3.2102 0.799999
    endloop
  endfacet
  facet normal 0 0 1
    outer loop
      vertex 21.6141 2.79641 0.799999
      vertex 22.0212 3.2102 0.799999
      vertex 22.0155 3.21577 0.799999
    endloop
  endfacet
  facet normal 0 0 1
    outer loop
      vertex 21.6141 2.79641 0.799999
      vertex 22.0155 3.21577 0.799999
      vertex 21.9556 3.27424 0.799999
    endloop
  endfacet
  facet normal 0 0 1
    outer loop
      vertex 22.2516 3.06141 0.799999
      vertex 21.938 2.56917 0.799999
      vertex 22.0275 2.52634 0.799999
    endloop
  endfacet
  facet normal 0 0 1
    outer loop
      vertex 21.4774 2.94005 0.799999
      vertex 21.9556 3.27424 0.799999
      vertex 21.8966 3.3445 0.799999
    endloop
  endfacet
  facet normal 0 0 1
    outer loop
      vertex 22.17 3.10326 0.799999
      vertex 21.8515 2.61781 0.799999
      vertex 21.938 2.56917 0.799999
    endloop
  endfacet
  facet normal 0 0 1
    outer loop
      vertex 21.4165 3.01832 0.799999
      vertex 21.8966 3.3445 0.799999
      vertex 21.8495 3.41369 0.799999
    endloop
  endfacet
  facet normal 0 0 1
    outer loop
      vertex 21.3609 3.10045 0.799999
      vertex 21.8495 3.41369 0.799999
      vertex 21.845 3.42028 0.799999
    endloop
  endfacet
  facet normal 0 0 1
    outer loop
      vertex 21.3609 3.10045 0.799999
      vertex 21.845 3.42028 0.799999
      vertex 21.8412 3.42728 0.799999
    endloop
  endfacet
  facet normal 0 0 1
    outer loop
      vertex 21.3108 3.18608 0.799999
      vertex 21.8412 3.42728 0.799999
      vertex 21.8011 3.50083 0.799999
    endloop
  endfacet
  facet normal 0 0 1
    outer loop
      vertex 21.2665 3.27483 0.799999
      vertex 21.8011 3.50083 0.799999
      vertex 21.7686 3.57799 0.799999
    endloop
  endfacet
  facet normal 0 0 1
    outer loop
      vertex 22.0997 3.14869 0.799999
      vertex 21.7685 2.67206 0.799999
      vertex 21.8515 2.61781 0.799999
    endloop
  endfacet
  facet normal 0 0 1
    outer loop
      vertex 21.2282 3.36631 0.799999
      vertex 21.7686 3.57799 0.799999
      vertex 21.7655 3.58534 0.799999
    endloop
  endfacet
  facet normal 0 0 1
    outer loop
      vertex 21.1959 3.46012 0.799999
      vertex 21.7655 3.58534 0.799999
      vertex 21.7384 3.67298 0.799999
    endloop
  endfacet
  facet normal 0 0 1
    outer loop
      vertex 21.17 3.55586 0.799999
      vertex 21.7384 3.67298 0.799999
      vertex 21.7369 3.6808 0.799999
    endloop
  endfacet
  facet normal 0 0 1
    outer loop
      vertex 21.17 3.55586 0.799999
      vertex 21.7369 3.6808 0.799999
      vertex 21.7203 3.76288 0.799999
    endloop
  endfacet
  facet normal 0 0 1
    outer loop
      vertex 21.1505 3.65311 0.799999
      vertex 21.7203 3.76288 0.799999
      vertex 21.7195 3.77082 0.799999
    endloop
  endfacet
  facet normal 0 0 1
    outer loop
      vertex 21.1374 3.75143 0.799999
      vertex 21.7195 3.77082 0.799999
      vertex 21.7111 3.85414 0.799999
    endloop
  endfacet
  facet normal 0 0 1
    outer loop
      vertex 22.0867 3.15799 0.799999
      vertex 21.6892 2.73168 0.799999
      vertex 21.7685 2.67206 0.799999
    endloop
  endfacet
  facet normal -0 0 1
    outer loop
      vertex 21.2282 4.43369 0.799999
      vertex 21.7686 4.22201 0.799999
      vertex 21.2665 4.52517 0.799999
    endloop
  endfacet
  facet normal 0 0 1
    outer loop
      vertex 21.7686 4.22201 0.799999
      vertex 21.2282 4.43369 0.799999
      vertex 21.7655 4.21466 0.799999
    endloop
  endfacet
  facet normal 0 0 1
    outer loop
      vertex 22.0212 3.2102 0.799999
      vertex 21.6141 2.79641 0.799999
      vertex 21.6892 2.73168 0.799999
    endloop
  endfacet
  facet normal -0 0 1
    outer loop
      vertex 21.1959 4.33987 0.799999
      vertex 21.7655 4.21466 0.799999
      vertex 21.2282 4.43369 0.799999
    endloop
  endfacet
  facet normal 0 0 1
    outer loop
      vertex 21.9556 3.27424 0.799999
      vertex 21.5434 2.86597 0.799999
      vertex 21.6141 2.79641 0.799999
    endloop
  endfacet
  facet normal 0 0 1
    outer loop
      vertex 21.7655 4.21466 0.799999
      vertex 21.1959 4.33987 0.799999
      vertex 21.7384 4.12702 0.799999
    endloop
  endfacet
  facet normal 0 0 1
    outer loop
      vertex 21.9556 3.27424 0.799999
      vertex 21.4774 2.94005 0.799999
      vertex 21.5434 2.86597 0.799999
    endloop
  endfacet
  facet normal -0 0 1
    outer loop
      vertex 21.17 4.24414 0.799999
      vertex 21.7384 4.12702 0.799999
      vertex 21.1959 4.33987 0.799999
    endloop
  endfacet
  facet normal 0 0 1
    outer loop
      vertex 21.8966 3.3445 0.799999
      vertex 21.4165 3.01832 0.799999
      vertex 21.4774 2.94005 0.799999
    endloop
  endfacet
  facet normal 0 0 1
    outer loop
      vertex 21.7384 4.12702 0.799999
      vertex 21.17 4.24414 0.799999
      vertex 21.7369 4.1192 0.799999
    endloop
  endfacet
  facet normal 0 0 1
    outer loop
      vertex 21.8495 3.41369 0.799999
      vertex 21.3609 3.10045 0.799999
      vertex 21.4165 3.01832 0.799999
    endloop
  endfacet
  facet normal 0 0 1
    outer loop
      vertex 21.7369 4.1192 0.799999
      vertex 21.17 4.24414 0.799999
      vertex 21.7203 4.03712 0.799999
    endloop
  endfacet
  facet normal 0 0 1
    outer loop
      vertex 21.8412 3.42728 0.799999
      vertex 21.3108 3.18608 0.799999
      vertex 21.3609 3.10045 0.799999
    endloop
  endfacet
  facet normal -0 0 1
    outer loop
      vertex 21.1505 4.14689 0.799999
      vertex 21.7203 4.03712 0.799999
      vertex 21.17 4.24414 0.799999
    endloop
  endfacet
  facet normal 0 0 1
    outer loop
      vertex 21.8011 3.50083 0.799999
      vertex 21.2665 3.27483 0.799999
      vertex 21.3108 3.18608 0.799999
    endloop
  endfacet
  facet normal -0 0 1
    outer loop
      vertex 21.1374 4.04857 0.799999
      vertex 21.7203 4.03712 0.799999
      vertex 21.1505 4.14689 0.799999
    endloop
  endfacet
  facet normal 0 0 1
    outer loop
      vertex 21.7686 3.57799 0.799999
      vertex 21.2282 3.36631 0.799999
      vertex 21.2665 3.27483 0.799999
    endloop
  endfacet
  facet normal 0 0 1
    outer loop
      vertex 21.7203 4.03712 0.799999
      vertex 21.1374 4.04857 0.799999
      vertex 21.7119 3.95379 0.799999
    endloop
  endfacet
  facet normal 0 0 1
    outer loop
      vertex 21.7655 3.58534 0.799999
      vertex 21.1959 3.46012 0.799999
      vertex 21.2282 3.36631 0.799999
    endloop
  endfacet
  facet normal 0 0 1
    outer loop
      vertex 21.7119 3.95379 0.799999
      vertex 21.1374 4.04857 0.799999
      vertex 21.7111 3.94586 0.799999
    endloop
  endfacet
  facet normal 0 0 1
    outer loop
      vertex 21.7384 3.67298 0.799999
      vertex 21.17 3.55586 0.799999
      vertex 21.1959 3.46012 0.799999
    endloop
  endfacet
  facet normal -0 0 1
    outer loop
      vertex 21.1308 3.94959 0.799999
      vertex 21.7111 3.94586 0.799999
      vertex 21.1374 4.04857 0.799999
    endloop
  endfacet
  facet normal 0 0 1
    outer loop
      vertex 21.7203 3.76288 0.799999
      vertex 21.1505 3.65311 0.799999
      vertex 21.17 3.55586 0.799999
    endloop
  endfacet
  facet normal 0 0 1
    outer loop
      vertex 21.7111 3.94586 0.799999
      vertex 21.1308 3.94959 0.799999
      vertex 21.7111 3.85414 0.799999
    endloop
  endfacet
  facet normal 0 0 1
    outer loop
      vertex 21.7195 3.77082 0.799999
      vertex 21.1374 3.75143 0.799999
      vertex 21.1505 3.65311 0.799999
    endloop
  endfacet
  facet normal 0 0 1
    outer loop
      vertex 21.1308 3.8504 0.799999
      vertex 21.7111 3.85414 0.799999
      vertex 21.1308 3.94959 0.799999
    endloop
  endfacet
  facet normal 0 0 1
    outer loop
      vertex 21.7111 3.85414 0.799999
      vertex 21.1308 3.8504 0.799999
      vertex 21.1374 3.75143 0.799999
    endloop
  endfacet
  facet normal -0.547113 0.837058 0
    outer loop
      vertex 21.8515 5.18219 0
      vertex 21.7685 5.12794 0.799999
      vertex 21.8515 5.18219 0.799999
    endloop
  endfacet
  facet normal -0.547113 0.837058 0
    outer loop
      vertex 21.7685 5.12794 0.799999
      vertex 21.8515 5.18219 0
      vertex 21.7685 5.12794 0
    endloop
  endfacet
  facet normal -0.309109 0.951027 0
    outer loop
      vertex 22.2139 5.34113 0
      vertex 22.1196 5.31048 0.799999
      vertex 22.2139 5.34113 0.799999
    endloop
  endfacet
  facet normal -0.309109 0.951027 0
    outer loop
      vertex 22.1196 5.31048 0.799999
      vertex 22.2139 5.34113 0
      vertex 22.1196 5.31048 0
    endloop
  endfacet
  facet normal -0.371217 0.928546 0
    outer loop
      vertex 22.1196 5.31048 0
      vertex 22.0275 5.27366 0.799999
      vertex 22.1196 5.31048 0.799999
    endloop
  endfacet
  facet normal -0.371217 0.928546 0
    outer loop
      vertex 22.0275 5.27366 0.799999
      vertex 22.1196 5.31048 0
      vertex 22.0275 5.27366 0
    endloop
  endfacet
  facet normal -0.894729 -0.446609 0
    outer loop
      vertex 21.3108 3.18608 0
      vertex 21.2665 3.27483 0.799999
      vertex 21.2665 3.27483 0
    endloop
  endfacet
  facet normal -0.894729 -0.446609 0
    outer loop
      vertex 21.2665 3.27483 0.799999
      vertex 21.3108 3.18608 0
      vertex 21.3108 3.18608 0.799999
    endloop
  endfacet
  facet normal -0.965302 -0.261138 0
    outer loop
      vertex 21.1959 3.46012 0
      vertex 21.17 3.55586 0.799999
      vertex 21.17 3.55586 0
    endloop
  endfacet
  facet normal -0.965302 -0.261138 0
    outer loop
      vertex 21.17 3.55586 0.799999
      vertex 21.1959 3.46012 0
      vertex 21.1959 3.46012 0.799999
    endloop
  endfacet
  facet normal -0.945523 -0.325556 0
    outer loop
      vertex 21.2282 3.36631 0
      vertex 21.1959 3.46012 0.799999
      vertex 21.1959 3.46012 0
    endloop
  endfacet
  facet normal -0.945523 -0.325556 0
    outer loop
      vertex 21.1959 3.46012 0.799999
      vertex 21.2282 3.36631 0
      vertex 21.2282 3.36631 0.799999
    endloop
  endfacet
  facet normal -0.746653 0.665214 0
    outer loop
      vertex 21.4774 4.85995 0
      vertex 21.5434 4.93403 0.799999
      vertex 21.5434 4.93403 0
    endloop
  endfacet
  facet normal -0.746653 0.665214 0
    outer loop
      vertex 21.5434 4.93403 0.799999
      vertex 21.4774 4.85995 0
      vertex 21.4774 4.85995 0.799999
    endloop
  endfacet
  facet normal -0.309109 -0.951027 0
    outer loop
      vertex 22.1196 2.48952 0
      vertex 22.2139 2.45887 0.799999
      vertex 22.1196 2.48952 0.799999
    endloop
  endfacet
  facet normal -0.309109 -0.951027 -0
    outer loop
      vertex 22.2139 2.45887 0.799999
      vertex 22.1196 2.48952 0
      vertex 22.2139 2.45887 0
    endloop
  endfacet
  facet normal -0.652874 -0.757467 0
    outer loop
      vertex 21.6141 2.79641 0
      vertex 21.6892 2.73168 0.799999
      vertex 21.6141 2.79641 0.799999
    endloop
  endfacet
  facet normal -0.652874 -0.757467 -0
    outer loop
      vertex 21.6892 2.73168 0.799999
      vertex 21.6141 2.79641 0
      vertex 21.6892 2.73168 0
    endloop
  endfacet
  facet normal -0.490137 -0.871645 0
    outer loop
      vertex 21.8515 2.61781 0
      vertex 21.938 2.56917 0.799999
      vertex 21.8515 2.61781 0.799999
    endloop
  endfacet
  facet normal -0.490137 -0.871645 -0
    outer loop
      vertex 21.938 2.56917 0.799999
      vertex 21.8515 2.61781 0
      vertex 21.938 2.56917 0
    endloop
  endfacet
  facet normal -0.863124 -0.504992 0
    outer loop
      vertex 21.3609 3.10045 0
      vertex 21.3108 3.18608 0.799999
      vertex 21.3108 3.18608 0
    endloop
  endfacet
  facet normal -0.863124 -0.504992 0
    outer loop
      vertex 21.3108 3.18608 0.799999
      vertex 21.3609 3.10045 0
      vertex 21.3609 3.10045 0.799999
    endloop
  endfacet
  facet normal -0.980484 -0.196601 0
    outer loop
      vertex 21.17 3.55586 0
      vertex 21.1505 3.65311 0.799999
      vertex 21.1505 3.65311 0
    endloop
  endfacet
  facet normal -0.980484 -0.196601 0
    outer loop
      vertex 21.1505 3.65311 0.799999
      vertex 21.17 3.55586 0
      vertex 21.17 3.55586 0.799999
    endloop
  endfacet
  facet normal -0.997784 -0.0665391 0
    outer loop
      vertex 21.1374 3.75143 0
      vertex 21.1308 3.8504 0.799999
      vertex 21.1308 3.8504 0
    endloop
  endfacet
  facet normal -0.997784 -0.0665391 0
    outer loop
      vertex 21.1308 3.8504 0.799999
      vertex 21.1374 3.75143 0
      vertex 21.1374 3.75143 0.799999
    endloop
  endfacet
  facet normal -0.245595 -0.969372 0
    outer loop
      vertex 22.2139 2.45887 0
      vertex 22.275 2.44339 0.799999
      vertex 22.2139 2.45887 0.799999
    endloop
  endfacet
  facet normal -0.245595 -0.969372 -0
    outer loop
      vertex 22.275 2.44339 0.799999
      vertex 22.2139 2.45887 0
      vertex 22.275 2.44339 0
    endloop
  endfacet
  facet normal -0.431666 -0.902034 0
    outer loop
      vertex 21.938 2.56917 0
      vertex 22.0275 2.52634 0.799999
      vertex 21.938 2.56917 0.799999
    endloop
  endfacet
  facet normal -0.431666 -0.902034 -0
    outer loop
      vertex 22.0275 2.52634 0.799999
      vertex 21.938 2.56917 0
      vertex 22.0275 2.52634 0
    endloop
  endfacet
  facet normal -0.371217 -0.928546 0
    outer loop
      vertex 22.0275 2.52634 0
      vertex 22.1196 2.48952 0.799999
      vertex 22.0275 2.52634 0.799999
    endloop
  endfacet
  facet normal -0.371217 -0.928546 -0
    outer loop
      vertex 22.1196 2.48952 0.799999
      vertex 22.0275 2.52634 0
      vertex 22.1196 2.48952 0
    endloop
  endfacet
  facet normal -0.600935 -0.799298 0
    outer loop
      vertex 21.6892 2.73168 0
      vertex 21.7685 2.67206 0.799999
      vertex 21.6892 2.73168 0.799999
    endloop
  endfacet
  facet normal -0.600935 -0.799298 -0
    outer loop
      vertex 21.7685 2.67206 0.799999
      vertex 21.6892 2.73168 0
      vertex 21.7685 2.67206 0
    endloop
  endfacet
  facet normal -0.547113 -0.837058 0
    outer loop
      vertex 21.7685 2.67206 0
      vertex 21.8515 2.61781 0.799999
      vertex 21.7685 2.67206 0.799999
    endloop
  endfacet
  facet normal -0.547113 -0.837058 -0
    outer loop
      vertex 21.8515 2.61781 0.799999
      vertex 21.7685 2.67206 0
      vertex 21.8515 2.61781 0
    endloop
  endfacet
  facet normal -0.701336 -0.71283 0
    outer loop
      vertex 21.5434 2.86597 0
      vertex 21.6141 2.79641 0.799999
      vertex 21.5434 2.86597 0.799999
    endloop
  endfacet
  facet normal -0.701336 -0.71283 -0
    outer loop
      vertex 21.6141 2.79641 0.799999
      vertex 21.5434 2.86597 0
      vertex 21.6141 2.79641 0
    endloop
  endfacet
  facet normal -0.746653 -0.665214 0
    outer loop
      vertex 21.5434 2.86597 0
      vertex 21.4774 2.94005 0.799999
      vertex 21.4774 2.94005 0
    endloop
  endfacet
  facet normal -0.746653 -0.665214 0
    outer loop
      vertex 21.4774 2.94005 0.799999
      vertex 21.5434 2.86597 0
      vertex 21.5434 2.86597 0.799999
    endloop
  endfacet
  facet normal -0.828089 -0.560596 0
    outer loop
      vertex 21.4165 3.01832 0
      vertex 21.3609 3.10045 0.799999
      vertex 21.3609 3.10045 0
    endloop
  endfacet
  facet normal -0.828089 -0.560596 0
    outer loop
      vertex 21.3609 3.10045 0.799999
      vertex 21.4165 3.01832 0
      vertex 21.4165 3.01832 0.799999
    endloop
  endfacet
  facet normal -0.922419 -0.38619 0
    outer loop
      vertex 21.2665 3.27483 0
      vertex 21.2282 3.36631 0.799999
      vertex 21.2282 3.36631 0
    endloop
  endfacet
  facet normal -0.922419 -0.38619 0
    outer loop
      vertex 21.2282 3.36631 0.799999
      vertex 21.2665 3.27483 0
      vertex 21.2665 3.27483 0.799999
    endloop
  endfacet
  facet normal -0.99124 -0.132071 0
    outer loop
      vertex 21.1505 3.65311 0
      vertex 21.1374 3.75143 0.799999
      vertex 21.1374 3.75143 0
    endloop
  endfacet
  facet normal -0.99124 -0.132071 0
    outer loop
      vertex 21.1374 3.75143 0.799999
      vertex 21.1505 3.65311 0
      vertex 21.1505 3.65311 0.799999
    endloop
  endfacet
  facet normal -0.0496007 -0.998769 0
    outer loop
      vertex 3.77613 5.13512 0
      vertex 3.8752 5.1302 0.799999
      vertex 3.77613 5.13512 0.799999
    endloop
  endfacet
  facet normal -0.0496007 -0.998769 -0
    outer loop
      vertex 3.8752 5.1302 0.799999
      vertex 3.77613 5.13512 0
      vertex 3.8752 5.1302 0
    endloop
  endfacet
  facet normal 0.973287 -0.229593 0
    outer loop
      vertex 5.34781 6.23778 0.799999
      vertex 5.35659 6.275 0
      vertex 5.35659 6.275 0.799999
    endloop
  endfacet
  facet normal 0.973287 -0.229593 0
    outer loop
      vertex 5.35659 6.275 0
      vertex 5.34781 6.23778 0.799999
      vertex 5.34781 6.23778 0
    endloop
  endfacet
  facet normal 0.0826617 -0.996578 0
    outer loop
      vertex 3.97437 5.13184 0
      vertex 4.07323 5.14004 0.799999
      vertex 3.97437 5.13184 0.799999
    endloop
  endfacet
  facet normal 0.0826617 -0.996578 0
    outer loop
      vertex 4.07323 5.14004 0.799999
      vertex 3.97437 5.13184 0
      vertex 4.07323 5.14004 0
    endloop
  endfacet
  facet normal 0.401681 -0.91578 0
    outer loop
      vertex 4.4568 5.23717 0
      vertex 4.54763 5.27701 0.799999
      vertex 4.4568 5.23717 0.799999
    endloop
  endfacet
  facet normal 0.401681 -0.91578 0
    outer loop
      vertex 4.54763 5.27701 0.799999
      vertex 4.4568 5.23717 0
      vertex 4.54763 5.27701 0
    endloop
  endfacet
  facet normal 0.148207 -0.988956 0
    outer loop
      vertex 4.07323 5.14004 0
      vertex 4.17132 5.15474 0.799999
      vertex 4.07323 5.14004 0.799999
    endloop
  endfacet
  facet normal 0.148207 -0.988956 0
    outer loop
      vertex 4.17132 5.15474 0.799999
      vertex 4.07323 5.14004 0
      vertex 4.17132 5.15474 0
    endloop
  endfacet
  facet normal 0.879482 -0.475932 0
    outer loop
      vertex 5.19488 5.87285 0.799999
      vertex 5.24209 5.96009 0
      vertex 5.24209 5.96009 0.799999
    endloop
  endfacet
  facet normal 0.879482 -0.475932 0
    outer loop
      vertex 5.24209 5.96009 0
      vertex 5.19488 5.87285 0.799999
      vertex 5.19488 5.87285 0
    endloop
  endfacet
  facet normal 0.956058 -0.293179 0
    outer loop
      vertex 5.31873 6.14295 0.799999
      vertex 5.34781 6.23778 0
      vertex 5.34781 6.23778 0.799999
    endloop
  endfacet
  facet normal 0.956058 -0.293179 0
    outer loop
      vertex 5.34781 6.23778 0
      vertex 5.31873 6.14295 0.799999
      vertex 5.31873 6.14295 0
    endloop
  endfacet
  facet normal -0.789092 -0.614276 0
    outer loop
      vertex 2.7474 5.67005 0
      vertex 2.68647 5.74832 0.799999
      vertex 2.68647 5.74832 0
    endloop
  endfacet
  facet normal -0.789092 -0.614276 0
    outer loop
      vertex 2.68647 5.74832 0.799999
      vertex 2.7474 5.67005 0
      vertex 2.7474 5.67005 0.799999
    endloop
  endfacet
  facet normal -0 0 1
    outer loop
      vertex 4.74862 6.275 0.799999
      vertex 5.34781 6.23778 0.799999
      vertex 5.35659 6.275 0.799999
    endloop
  endfacet
  facet normal 0 0 1
    outer loop
      vertex 5.34781 6.23778 0.799999
      vertex 4.74862 6.275 0.799999
      vertex 5.31873 6.14295 0.799999
    endloop
  endfacet
  facet normal 0 0 1
    outer loop
      vertex 5.31873 6.14295 0.799999
      vertex 4.74862 6.275 0.799999
      vertex 5.28343 6.05025 0.799999
    endloop
  endfacet
  facet normal -0 0 1
    outer loop
      vertex 4.74776 6.27264 0.799999
      vertex 5.28343 6.05025 0.799999
      vertex 4.74862 6.275 0.799999
    endloop
  endfacet
  facet normal -0 0 1
    outer loop
      vertex 4.70796 6.19001 0.799999
      vertex 5.24209 5.96009 0.799999
      vertex 4.74776 6.27264 0.799999
    endloop
  endfacet
  facet normal 0 0 1
    outer loop
      vertex 5.24209 5.96009 0.799999
      vertex 4.70796 6.19001 0.799999
      vertex 5.19488 5.87285 0.799999
    endloop
  endfacet
  facet normal -0 0 1
    outer loop
      vertex 4.66014 6.11174 0.799999
      vertex 5.19488 5.87285 0.799999
      vertex 4.7038 6.1832 0.799999
    endloop
  endfacet
  facet normal 0 0 1
    outer loop
      vertex 5.19488 5.87285 0.799999
      vertex 4.66014 6.11174 0.799999
      vertex 5.14201 5.78893 0.799999
    endloop
  endfacet
  facet normal -0 0 1
    outer loop
      vertex 4.60958 6.04499 0.799999
      vertex 5.08371 5.70868 0.799999
      vertex 4.66014 6.11174 0.799999
    endloop
  endfacet
  facet normal 0 0 1
    outer loop
      vertex 5.08371 5.70868 0.799999
      vertex 4.60476 6.03864 0.799999
      vertex 5.02023 5.63246 0.799999
    endloop
  endfacet
  facet normal 0 0 1
    outer loop
      vertex 5.28343 6.05025 0.799999
      vertex 4.74776 6.27264 0.799999
      vertex 5.24209 5.96009 0.799999
    endloop
  endfacet
  facet normal -0 0 1
    outer loop
      vertex 4.7038 6.1832 0.799999
      vertex 5.19488 5.87285 0.799999
      vertex 4.70796 6.19001 0.799999
    endloop
  endfacet
  facet normal 0 0 1
    outer loop
      vertex 5.14201 5.78893 0.799999
      vertex 4.66014 6.11174 0.799999
      vertex 5.08371 5.70868 0.799999
    endloop
  endfacet
  facet normal -0 0 1
    outer loop
      vertex 4.60476 6.03864 0.799999
      vertex 5.08371 5.70868 0.799999
      vertex 4.60958 6.04499 0.799999
    endloop
  endfacet
  facet normal -0 0 1
    outer loop
      vertex 4.59934 6.03279 0.799999
      vertex 5.02023 5.63246 0.799999
      vertex 4.60476 6.03864 0.799999
    endloop
  endfacet
  facet normal -0 0 1
    outer loop
      vertex 4.54238 5.9714 0.799999
      vertex 5.02023 5.63246 0.799999
      vertex 4.59934 6.03279 0.799999
    endloop
  endfacet
  facet normal 0 0 1
    outer loop
      vertex 5.02023 5.63246 0.799999
      vertex 4.54238 5.9714 0.799999
      vertex 4.95185 5.56061 0.799999
    endloop
  endfacet
  facet normal 0 0 1
    outer loop
      vertex 4.95185 5.56061 0.799999
      vertex 4.54238 5.9714 0.799999
      vertex 4.87888 5.49343 0.799999
    endloop
  endfacet
  facet normal -0 0 1
    outer loop
      vertex 4.47959 5.91599 0.799999
      vertex 4.87888 5.49343 0.799999
      vertex 4.54238 5.9714 0.799999
    endloop
  endfacet
  facet normal -0 0 1
    outer loop
      vertex 4.47361 5.91071 0.799999
      vertex 4.87888 5.49343 0.799999
      vertex 4.47959 5.91599 0.799999
    endloop
  endfacet
  facet normal 0 0 1
    outer loop
      vertex 4.87888 5.49343 0.799999
      vertex 4.47361 5.91071 0.799999
      vertex 4.80162 5.43122 0.799999
    endloop
  endfacet
  facet normal -0 0 1
    outer loop
      vertex 4.40562 5.86183 0.799999
      vertex 4.80162 5.43122 0.799999
      vertex 4.47361 5.91071 0.799999
    endloop
  endfacet
  facet normal 0 0 1
    outer loop
      vertex 4.80162 5.43122 0.799999
      vertex 4.40562 5.86183 0.799999
      vertex 4.72042 5.37425 0.799999
    endloop
  endfacet
  facet normal -0 0 1
    outer loop
      vertex 4.39914 5.85718 0.799999
      vertex 4.72042 5.37425 0.799999
      vertex 4.40562 5.86183 0.799999
    endloop
  endfacet
  facet normal -0 0 1
    outer loop
      vertex 4.39224 5.85319 0.799999
      vertex 4.72042 5.37425 0.799999
      vertex 4.39914 5.85718 0.799999
    endloop
  endfacet
  facet normal 0 0 1
    outer loop
      vertex 4.72042 5.37425 0.799999
      vertex 4.39224 5.85319 0.799999
      vertex 4.63563 5.32277 0.799999
    endloop
  endfacet
  facet normal -0 0 1
    outer loop
      vertex 4.31971 5.81132 0.799999
      vertex 4.63563 5.32277 0.799999
      vertex 4.39224 5.85319 0.799999
    endloop
  endfacet
  facet normal 0 0 1
    outer loop
      vertex 4.63563 5.32277 0.799999
      vertex 4.31971 5.81132 0.799999
      vertex 4.54763 5.27701 0.799999
    endloop
  endfacet
  facet normal -0 0 1
    outer loop
      vertex 4.31244 5.80804 0.799999
      vertex 4.54763 5.27701 0.799999
      vertex 4.31971 5.81132 0.799999
    endloop
  endfacet
  facet normal -0 0 1
    outer loop
      vertex 4.23611 5.7736 0.799999
      vertex 4.54763 5.27701 0.799999
      vertex 4.31244 5.80804 0.799999
    endloop
  endfacet
  facet normal 0 0 1
    outer loop
      vertex 4.54763 5.27701 0.799999
      vertex 4.23611 5.7736 0.799999
      vertex 4.4568 5.23717 0.799999
    endloop
  endfacet
  facet normal 0 0 1
    outer loop
      vertex 4.4568 5.23717 0.799999
      vertex 4.23611 5.7736 0.799999
      vertex 4.36353 5.20341 0.799999
    endloop
  endfacet
  facet normal -0 0 1
    outer loop
      vertex 4.15673 5.74693 0.799999
      vertex 4.36353 5.20341 0.799999
      vertex 4.23611 5.7736 0.799999
    endloop
  endfacet
  facet normal -0 0 1
    outer loop
      vertex 4.14917 5.74439 0.799999
      vertex 4.36353 5.20341 0.799999
      vertex 4.15673 5.74693 0.799999
    endloop
  endfacet
  facet normal 0 0 1
    outer loop
      vertex 4.36353 5.20341 0.799999
      vertex 4.14917 5.74439 0.799999
      vertex 4.26823 5.1759 0.799999
    endloop
  endfacet
  facet normal -0 0 1
    outer loop
      vertex 4.1414 5.74261 0.799999
      vertex 4.26823 5.1759 0.799999
      vertex 4.14917 5.74439 0.799999
    endloop
  endfacet
  facet normal -0 0 1
    outer loop
      vertex 4.05976 5.72398 0.799999
      vertex 4.26823 5.1759 0.799999
      vertex 4.1414 5.74261 0.799999
    endloop
  endfacet
  facet normal 0 0 1
    outer loop
      vertex 4.26823 5.1759 0.799999
      vertex 4.05976 5.72398 0.799999
      vertex 4.17132 5.15474 0.799999
    endloop
  endfacet
  facet normal 0 0 1
    outer loop
      vertex 4.17132 5.15474 0.799999
      vertex 4.05976 5.72398 0.799999
      vertex 4.07323 5.14004 0.799999
    endloop
  endfacet
  facet normal -0 0 1
    outer loop
      vertex 3.97666 5.71356 0.799999
      vertex 4.07323 5.14004 0.799999
      vertex 4.05976 5.72398 0.799999
    endloop
  endfacet
  facet normal -0 0 1
    outer loop
      vertex 3.96875 5.71257 0.799999
      vertex 4.07323 5.14004 0.799999
      vertex 3.97666 5.71356 0.799999
    endloop
  endfacet
  facet normal 0 0 1
    outer loop
      vertex 4.07323 5.14004 0.799999
      vertex 3.96875 5.71257 0.799999
      vertex 3.97437 5.13184 0.799999
    endloop
  endfacet
  facet normal -0 0 1
    outer loop
      vertex 3.87706 5.71029 0.799999
      vertex 3.97437 5.13184 0.799999
      vertex 3.96875 5.71257 0.799999
    endloop
  endfacet
  facet normal 0 0 1
    outer loop
      vertex 3.87706 5.71029 0.799999
      vertex 3.8752 5.1302 0.799999
      vertex 3.97437 5.13184 0.799999
    endloop
  endfacet
  facet normal 0 0 1
    outer loop
      vertex 3.77613 5.13512 0.799999
      vertex 3.87706 5.71029 0.799999
      vertex 3.7856 5.71714 0.799999
    endloop
  endfacet
  facet normal 0 0 1
    outer loop
      vertex 3.87706 5.71029 0.799999
      vertex 3.77613 5.13512 0.799999
      vertex 3.8752 5.1302 0.799999
    endloop
  endfacet
  facet normal 0 0 1
    outer loop
      vertex 3.6776 5.14658 0.799999
      vertex 3.7856 5.71714 0.799999
      vertex 3.69528 5.73307 0.799999
    endloop
  endfacet
  facet normal 0 0 1
    outer loop
      vertex 3.58005 5.16452 0.799999
      vertex 3.69528 5.73307 0.799999
      vertex 3.6876 5.73523 0.799999
    endloop
  endfacet
  facet normal 0 0 1
    outer loop
      vertex 3.7856 5.71714 0.799999
      vertex 3.6776 5.14658 0.799999
      vertex 3.77613 5.13512 0.799999
    endloop
  endfacet
  facet normal 0 0 1
    outer loop
      vertex 3.4839 5.18887 0.799999
      vertex 3.6876 5.73523 0.799999
      vertex 3.60699 5.75791 0.799999
    endloop
  endfacet
  facet normal 0 0 1
    outer loop
      vertex 3.69528 5.73307 0.799999
      vertex 3.58005 5.16452 0.799999
      vertex 3.6776 5.14658 0.799999
    endloop
  endfacet
  facet normal 0 0 1
    outer loop
      vertex 3.38956 5.21952 0.799999
      vertex 3.60699 5.75791 0.799999
      vertex 3.52904 5.7885 0.799999
    endloop
  endfacet
  facet normal 0 0 1
    outer loop
      vertex 3.29746 5.25634 0.799999
      vertex 3.52904 5.7885 0.799999
      vertex 3.52162 5.79141 0.799999
    endloop
  endfacet
  facet normal 0 0 1
    outer loop
      vertex 3.6876 5.73523 0.799999
      vertex 3.4839 5.18887 0.799999
      vertex 3.58005 5.16452 0.799999
    endloop
  endfacet
  facet normal 0 0 1
    outer loop
      vertex 3.20799 5.29917 0.799999
      vertex 3.52162 5.79141 0.799999
      vertex 3.44 5.83326 0.799999
    endloop
  endfacet
  facet normal 0 0 1
    outer loop
      vertex 3.12154 5.34781 0.799999
      vertex 3.44 5.83326 0.799999
      vertex 3.4333 5.83758 0.799999
    endloop
  endfacet
  facet normal 0 0 1
    outer loop
      vertex 3.60699 5.75791 0.799999
      vertex 3.38956 5.21952 0.799999
      vertex 3.4839 5.18887 0.799999
    endloop
  endfacet
  facet normal 0 0 1
    outer loop
      vertex 3.12154 5.34781 0.799999
      vertex 3.4333 5.83758 0.799999
      vertex 3.36296 5.88302 0.799999
    endloop
  endfacet
  facet normal 0 0 1
    outer loop
      vertex 3.52904 5.7885 0.799999
      vertex 3.29746 5.25634 0.799999
      vertex 3.38956 5.21952 0.799999
    endloop
  endfacet
  facet normal 0 0 1
    outer loop
      vertex 2.95924 5.46168 0.799999
      vertex 3.36296 5.88302 0.799999
      vertex 3.29125 5.9402 0.799999
    endloop
  endfacet
  facet normal 0 0 1
    outer loop
      vertex 2.88408 5.52641 0.799999
      vertex 3.29125 5.9402 0.799999
      vertex 3.2313 5.99867 0.799999
    endloop
  endfacet
  facet normal 0 0 1
    outer loop
      vertex 2.81336 5.59597 0.799999
      vertex 3.2313 5.99867 0.799999
      vertex 3.22559 6.00424 0.799999
    endloop
  endfacet
  facet normal 0 0 1
    outer loop
      vertex 2.81336 5.59597 0.799999
      vertex 3.22559 6.00424 0.799999
      vertex 3.22047 6.01035 0.799999
    endloop
  endfacet
  facet normal 0 0 1
    outer loop
      vertex 3.52162 5.79141 0.799999
      vertex 3.20799 5.29917 0.799999
      vertex 3.29746 5.25634 0.799999
    endloop
  endfacet
  facet normal 0 0 1
    outer loop
      vertex 2.7474 5.67005 0.799999
      vertex 3.22047 6.01035 0.799999
      vertex 3.16664 6.0745 0.799999
    endloop
  endfacet
  facet normal 0 0 1
    outer loop
      vertex 3.44 5.83326 0.799999
      vertex 3.12154 5.34781 0.799999
      vertex 3.20799 5.29917 0.799999
    endloop
  endfacet
  facet normal 0 0 1
    outer loop
      vertex 2.68647 5.74832 0.799999
      vertex 3.16664 6.0745 0.799999
      vertex 3.11497 6.15028 0.799999
    endloop
  endfacet
  facet normal 0 0 1
    outer loop
      vertex 2.58079 5.91608 0.799999
      vertex 3.11497 6.15028 0.799999
      vertex 3.07111 6.23083 0.799999
    endloop
  endfacet
  facet normal 0 0 1
    outer loop
      vertex 2.53649 6.00483 0.799999
      vertex 3.07111 6.23083 0.799999
      vertex 3.06801 6.23818 0.799999
    endloop
  endfacet
  facet normal 0 0 1
    outer loop
      vertex 2.53649 6.00483 0.799999
      vertex 3.06801 6.23818 0.799999
      vertex 3.05249 6.275 0.799999
    endloop
  endfacet
  facet normal 0 0 1
    outer loop
      vertex 3.36296 5.88302 0.799999
      vertex 3.03851 5.40206 0.799999
      vertex 3.12154 5.34781 0.799999
    endloop
  endfacet
  facet normal 0 0 1
    outer loop
      vertex 3.36296 5.88302 0.799999
      vertex 2.95924 5.46168 0.799999
      vertex 3.03851 5.40206 0.799999
    endloop
  endfacet
  facet normal 0 0 1
    outer loop
      vertex 3.29125 5.9402 0.799999
      vertex 2.88408 5.52641 0.799999
      vertex 2.95924 5.46168 0.799999
    endloop
  endfacet
  facet normal 0 0 1
    outer loop
      vertex 3.2313 5.99867 0.799999
      vertex 2.81336 5.59597 0.799999
      vertex 2.88408 5.52641 0.799999
    endloop
  endfacet
  facet normal 0 0 1
    outer loop
      vertex 3.22047 6.01035 0.799999
      vertex 2.7474 5.67005 0.799999
      vertex 2.81336 5.59597 0.799999
    endloop
  endfacet
  facet normal 0 0 1
    outer loop
      vertex 3.16664 6.0745 0.799999
      vertex 2.68647 5.74832 0.799999
      vertex 2.7474 5.67005 0.799999
    endloop
  endfacet
  facet normal 0 0 1
    outer loop
      vertex 3.11497 6.15028 0.799999
      vertex 2.63086 5.83045 0.799999
      vertex 2.68647 5.74832 0.799999
    endloop
  endfacet
  facet normal 0 0 1
    outer loop
      vertex 3.11497 6.15028 0.799999
      vertex 2.58079 5.91608 0.799999
      vertex 2.63086 5.83045 0.799999
    endloop
  endfacet
  facet normal 0 0 1
    outer loop
      vertex 3.07111 6.23083 0.799999
      vertex 2.53649 6.00483 0.799999
      vertex 2.58079 5.91608 0.799999
    endloop
  endfacet
  facet normal 0 0 1
    outer loop
      vertex 3.05249 6.275 0.799999
      vertex 2.49815 6.09631 0.799999
      vertex 2.53649 6.00483 0.799999
    endloop
  endfacet
  facet normal 0 0 1
    outer loop
      vertex 3.05249 6.275 0.799999
      vertex 2.46595 6.19012 0.799999
      vertex 2.49815 6.09631 0.799999
    endloop
  endfacet
  facet normal 0 -0 1
    outer loop
      vertex 2.46595 6.19012 0.799999
      vertex 3.05249 6.275 0.799999
      vertex 2.44295 6.275 0.799999
    endloop
  endfacet
  facet normal 0.768403 -0.639966 0
    outer loop
      vertex 5.02023 5.63246 0.799999
      vertex 5.08371 5.70868 0
      vertex 5.08371 5.70868 0.799999
    endloop
  endfacet
  facet normal 0.768403 -0.639966 0
    outer loop
      vertex 5.08371 5.70868 0
      vertex 5.02023 5.63246 0.799999
      vertex 5.02023 5.63246 0
    endloop
  endfacet
  facet normal 0.677316 -0.735692 0
    outer loop
      vertex 4.87888 5.49343 0
      vertex 4.95185 5.56061 0.799999
      vertex 4.87888 5.49343 0.799999
    endloop
  endfacet
  facet normal 0.677316 -0.735692 0
    outer loop
      vertex 4.95185 5.56061 0.799999
      vertex 4.87888 5.49343 0
      vertex 4.95185 5.56061 0
    endloop
  endfacet
  facet normal 0.461353 -0.887217 0
    outer loop
      vertex 4.54763 5.27701 0
      vertex 4.63563 5.32277 0.799999
      vertex 4.54763 5.27701 0.799999
    endloop
  endfacet
  facet normal 0.461353 -0.887217 0
    outer loop
      vertex 4.63563 5.32277 0.799999
      vertex 4.54763 5.27701 0
      vertex 4.63563 5.32277 0
    endloop
  endfacet
  facet normal 0.518981 -0.854786 0
    outer loop
      vertex 4.63563 5.32277 0
      vertex 4.72042 5.37425 0.799999
      vertex 4.63563 5.32277 0.799999
    endloop
  endfacet
  facet normal 0.518981 -0.854786 0
    outer loop
      vertex 4.72042 5.37425 0.799999
      vertex 4.63563 5.32277 0
      vertex 4.72042 5.37425 0
    endloop
  endfacet
  facet normal 0.909001 -0.416794 0
    outer loop
      vertex 5.24209 5.96009 0.799999
      vertex 5.28343 6.05025 0
      vertex 5.28343 6.05025 0.799999
    endloop
  endfacet
  facet normal 0.909001 -0.416794 0
    outer loop
      vertex 5.28343 6.05025 0
      vertex 5.24209 5.96009 0.799999
      vertex 5.24209 5.96009 0
    endloop
  endfacet
  facet normal 0.016535 -0.999863 0
    outer loop
      vertex 3.8752 5.1302 0
      vertex 3.97437 5.13184 0.799999
      vertex 3.8752 5.1302 0.799999
    endloop
  endfacet
  facet normal 0.016535 -0.999863 0
    outer loop
      vertex 3.97437 5.13184 0.799999
      vertex 3.8752 5.1302 0
      vertex 3.97437 5.13184 0
    endloop
  endfacet
  facet normal -0.180872 -0.983507 0
    outer loop
      vertex 3.58005 5.16452 0
      vertex 3.6776 5.14658 0.799999
      vertex 3.58005 5.16452 0.799999
    endloop
  endfacet
  facet normal -0.180872 -0.983507 -0
    outer loop
      vertex 3.6776 5.14658 0.799999
      vertex 3.58005 5.16452 0
      vertex 3.6776 5.14658 0
    endloop
  endfacet
  facet normal -0.746853 -0.664989 0
    outer loop
      vertex 2.81336 5.59597 0
      vertex 2.7474 5.67005 0.799999
      vertex 2.7474 5.67005 0
    endloop
  endfacet
  facet normal -0.746853 -0.664989 0
    outer loop
      vertex 2.7474 5.67005 0.799999
      vertex 2.81336 5.59597 0
      vertex 2.81336 5.59597 0.799999
    endloop
  endfacet
  facet normal -0.828043 -0.560665 0
    outer loop
      vertex 2.68647 5.74832 0
      vertex 2.63086 5.83045 0.799999
      vertex 2.63086 5.83045 0
    endloop
  endfacet
  facet normal -0.828043 -0.560665 0
    outer loop
      vertex 2.63086 5.83045 0.799999
      vertex 2.68647 5.74832 0
      vertex 2.68647 5.74832 0.799999
    endloop
  endfacet
  facet normal -0.894729 -0.446609 0
    outer loop
      vertex 2.58079 5.91608 0
      vertex 2.53649 6.00483 0.799999
      vertex 2.53649 6.00483 0
    endloop
  endfacet
  facet normal -0.894729 -0.446609 0
    outer loop
      vertex 2.53649 6.00483 0.799999
      vertex 2.58079 5.91608 0
      vertex 2.58079 5.91608 0.799999
    endloop
  endfacet
  facet normal -0.922276 -0.386533 0
    outer loop
      vertex 2.53649 6.00483 0
      vertex 2.49815 6.09631 0.799999
      vertex 2.49815 6.09631 0
    endloop
  endfacet
  facet normal -0.922276 -0.386533 0
    outer loop
      vertex 2.49815 6.09631 0.799999
      vertex 2.53649 6.00483 0
      vertex 2.53649 6.00483 0.799999
    endloop
  endfacet
  facet normal -0.965193 -0.261539 0
    outer loop
      vertex 2.46595 6.19012 0
      vertex 2.44295 6.275 0.799999
      vertex 2.44295 6.275 0
    endloop
  endfacet
  facet normal -0.965193 -0.261539 0
    outer loop
      vertex 2.44295 6.275 0.799999
      vertex 2.46595 6.19012 0
      vertex 2.46595 6.19012 0.799999
    endloop
  endfacet
  facet normal 0.34035 -0.940299 0
    outer loop
      vertex 4.36353 5.20341 0
      vertex 4.4568 5.23717 0.799999
      vertex 4.36353 5.20341 0.799999
    endloop
  endfacet
  facet normal 0.34035 -0.940299 0
    outer loop
      vertex 4.4568 5.23717 0.799999
      vertex 4.36353 5.20341 0
      vertex 4.4568 5.23717 0
    endloop
  endfacet
  facet normal 0.84609 -0.533041 0
    outer loop
      vertex 5.14201 5.78893 0.799999
      vertex 5.19488 5.87285 0
      vertex 5.19488 5.87285 0.799999
    endloop
  endfacet
  facet normal 0.84609 -0.533041 0
    outer loop
      vertex 5.19488 5.87285 0
      vertex 5.14201 5.78893 0.799999
      vertex 5.14201 5.78893 0
    endloop
  endfacet
  facet normal 0.809041 -0.587752 0
    outer loop
      vertex 5.08371 5.70868 0.799999
      vertex 5.14201 5.78893 0
      vertex 5.14201 5.78893 0.799999
    endloop
  endfacet
  facet normal 0.809041 -0.587752 0
    outer loop
      vertex 5.14201 5.78893 0
      vertex 5.08371 5.70868 0.799999
      vertex 5.08371 5.70868 0
    endloop
  endfacet
  facet normal 0.574342 -0.818616 0
    outer loop
      vertex 4.72042 5.37425 0
      vertex 4.80162 5.43122 0.799999
      vertex 4.72042 5.37425 0.799999
    endloop
  endfacet
  facet normal 0.574342 -0.818616 0
    outer loop
      vertex 4.80162 5.43122 0.799999
      vertex 4.72042 5.37425 0
      vertex 4.80162 5.43122 0
    endloop
  endfacet
  facet normal 0.627163 -0.778888 0
    outer loop
      vertex 4.80162 5.43122 0
      vertex 4.87888 5.49343 0.799999
      vertex 4.80162 5.43122 0.799999
    endloop
  endfacet
  facet normal 0.627163 -0.778888 0
    outer loop
      vertex 4.87888 5.49343 0.799999
      vertex 4.80162 5.43122 0
      vertex 4.87888 5.49343 0
    endloop
  endfacet
  facet normal 0.934536 -0.35587 0
    outer loop
      vertex 5.28343 6.05025 0.799999
      vertex 5.31873 6.14295 0
      vertex 5.31873 6.14295 0.799999
    endloop
  endfacet
  facet normal 0.934536 -0.35587 0
    outer loop
      vertex 5.31873 6.14295 0
      vertex 5.28343 6.05025 0.799999
      vertex 5.28343 6.05025 0
    endloop
  endfacet
  facet normal -0.115531 -0.993304 0
    outer loop
      vertex 3.6776 5.14658 0
      vertex 3.77613 5.13512 0.799999
      vertex 3.6776 5.14658 0.799999
    endloop
  endfacet
  facet normal -0.115531 -0.993304 -0
    outer loop
      vertex 3.77613 5.13512 0.799999
      vertex 3.6776 5.14658 0
      vertex 3.77613 5.13512 0
    endloop
  endfacet
  facet normal -0.30899 -0.951065 0
    outer loop
      vertex 3.38956 5.21952 0
      vertex 3.4839 5.18887 0.799999
      vertex 3.38956 5.21952 0.799999
    endloop
  endfacet
  facet normal -0.30899 -0.951065 -0
    outer loop
      vertex 3.4839 5.18887 0.799999
      vertex 3.38956 5.21952 0
      vertex 3.4839 5.18887 0
    endloop
  endfacet
  facet normal -0.2455 -0.969397 0
    outer loop
      vertex 3.4839 5.18887 0
      vertex 3.58005 5.16452 0.799999
      vertex 3.4839 5.18887 0.799999
    endloop
  endfacet
  facet normal -0.2455 -0.969397 -0
    outer loop
      vertex 3.58005 5.16452 0.799999
      vertex 3.4839 5.18887 0
      vertex 3.58005 5.16452 0
    endloop
  endfacet
  facet normal -0.701236 -0.71293 0
    outer loop
      vertex 2.81336 5.59597 0
      vertex 2.88408 5.52641 0.799999
      vertex 2.81336 5.59597 0.799999
    endloop
  endfacet
  facet normal -0.701236 -0.71293 -0
    outer loop
      vertex 2.88408 5.52641 0.799999
      vertex 2.81336 5.59597 0
      vertex 2.88408 5.52641 0
    endloop
  endfacet
  facet normal -0.863256 -0.504767 0
    outer loop
      vertex 2.63086 5.83045 0
      vertex 2.58079 5.91608 0.799999
      vertex 2.58079 5.91608 0
    endloop
  endfacet
  facet normal -0.863256 -0.504767 0
    outer loop
      vertex 2.58079 5.91608 0.799999
      vertex 2.63086 5.83045 0
      vertex 2.63086 5.83045 0.799999
    endloop
  endfacet
  facet normal -0.945833 -0.324654 0
    outer loop
      vertex 2.49815 6.09631 0
      vertex 2.46595 6.19012 0.799999
      vertex 2.46595 6.19012 0
    endloop
  endfacet
  facet normal -0.945833 -0.324654 0
    outer loop
      vertex 2.46595 6.19012 0.799999
      vertex 2.49815 6.09631 0
      vertex 2.49815 6.09631 0.799999
    endloop
  endfacet
  facet normal 0.724382 -0.689398 0
    outer loop
      vertex 4.95185 5.56061 0.799999
      vertex 5.02023 5.63246 0
      vertex 5.02023 5.63246 0.799999
    endloop
  endfacet
  facet normal 0.724382 -0.689398 0
    outer loop
      vertex 5.02023 5.63246 0
      vertex 4.95185 5.56061 0.799999
      vertex 4.95185 5.56061 0
    endloop
  endfacet
  facet normal -0.652575 -0.757724 0
    outer loop
      vertex 2.88408 5.52641 0
      vertex 2.95924 5.46168 0.799999
      vertex 2.88408 5.52641 0.799999
    endloop
  endfacet
  facet normal -0.652575 -0.757724 -0
    outer loop
      vertex 2.95924 5.46168 0.799999
      vertex 2.88408 5.52641 0
      vertex 2.95924 5.46168 0
    endloop
  endfacet
  facet normal -0.546975 -0.837149 0
    outer loop
      vertex 3.03851 5.40206 0
      vertex 3.12154 5.34781 0.799999
      vertex 3.03851 5.40206 0.799999
    endloop
  endfacet
  facet normal -0.546975 -0.837149 -0
    outer loop
      vertex 3.12154 5.34781 0.799999
      vertex 3.03851 5.40206 0
      vertex 3.12154 5.34781 0
    endloop
  endfacet
  facet normal -0.60108 -0.799189 0
    outer loop
      vertex 2.95924 5.46168 0
      vertex 3.03851 5.40206 0.799999
      vertex 2.95924 5.46168 0.799999
    endloop
  endfacet
  facet normal -0.60108 -0.799189 -0
    outer loop
      vertex 3.03851 5.40206 0.799999
      vertex 2.95924 5.46168 0
      vertex 3.03851 5.40206 0
    endloop
  endfacet
  facet normal -0.371217 -0.928546 0
    outer loop
      vertex 3.29746 5.25634 0
      vertex 3.38956 5.21952 0.799999
      vertex 3.29746 5.25634 0.799999
    endloop
  endfacet
  facet normal -0.371217 -0.928546 -0
    outer loop
      vertex 3.38956 5.21952 0.799999
      vertex 3.29746 5.25634 0
      vertex 3.38956 5.21952 0
    endloop
  endfacet
  facet normal 0.277343 -0.960771 0
    outer loop
      vertex 4.26823 5.1759 0
      vertex 4.36353 5.20341 0.799999
      vertex 4.26823 5.1759 0.799999
    endloop
  endfacet
  facet normal 0.277343 -0.960771 0
    outer loop
      vertex 4.36353 5.20341 0.799999
      vertex 4.26823 5.1759 0
      vertex 4.36353 5.20341 0
    endloop
  endfacet
  facet normal 0.213321 -0.976982 0
    outer loop
      vertex 4.17132 5.15474 0
      vertex 4.26823 5.1759 0.799999
      vertex 4.17132 5.15474 0.799999
    endloop
  endfacet
  facet normal 0.213321 -0.976982 0
    outer loop
      vertex 4.26823 5.1759 0.799999
      vertex 4.17132 5.15474 0
      vertex 4.26823 5.1759 0
    endloop
  endfacet
  facet normal -0.490352 -0.871524 0
    outer loop
      vertex 3.12154 5.34781 0
      vertex 3.20799 5.29917 0.799999
      vertex 3.12154 5.34781 0.799999
    endloop
  endfacet
  facet normal -0.490352 -0.871524 -0
    outer loop
      vertex 3.20799 5.29917 0.799999
      vertex 3.12154 5.34781 0
      vertex 3.20799 5.29917 0
    endloop
  endfacet
  facet normal -0.431784 -0.901977 0
    outer loop
      vertex 3.20799 5.29917 0
      vertex 3.29746 5.25634 0.799999
      vertex 3.20799 5.29917 0.799999
    endloop
  endfacet
  facet normal -0.431784 -0.901977 -0
    outer loop
      vertex 3.29746 5.25634 0.799999
      vertex 3.20799 5.29917 0
      vertex 3.29746 5.25634 0
    endloop
  endfacet
  facet normal -0.0495002 0.998774 0
    outer loop
      vertex 3.8752 2.66979 0
      vertex 3.77613 2.66488 0.799999
      vertex 3.8752 2.66979 0.799999
    endloop
  endfacet
  facet normal -0.0495002 0.998774 0
    outer loop
      vertex 3.77613 2.66488 0.799999
      vertex 3.8752 2.66979 0
      vertex 3.77613 2.66488 0
    endloop
  endfacet
  facet normal 0.677316 0.735692 -0
    outer loop
      vertex 4.95185 2.23939 0
      vertex 4.87888 2.30657 0.799999
      vertex 4.95185 2.23939 0.799999
    endloop
  endfacet
  facet normal 0.677316 0.735692 0
    outer loop
      vertex 4.87888 2.30657 0.799999
      vertex 4.95185 2.23939 0
      vertex 4.87888 2.30657 0
    endloop
  endfacet
  facet normal -0.746853 0.664989 0
    outer loop
      vertex 2.7474 2.12995 0
      vertex 2.81336 2.20403 0.799999
      vertex 2.81336 2.20403 0
    endloop
  endfacet
  facet normal -0.746853 0.664989 0
    outer loop
      vertex 2.81336 2.20403 0.799999
      vertex 2.7474 2.12995 0
      vertex 2.7474 2.12995 0.799999
    endloop
  endfacet
  facet normal 0.909001 0.416794 0
    outer loop
      vertex 5.28343 1.74975 0.799999
      vertex 5.24209 1.83991 0
      vertex 5.24209 1.83991 0.799999
    endloop
  endfacet
  facet normal 0.909001 0.416794 0
    outer loop
      vertex 5.24209 1.83991 0
      vertex 5.28343 1.74975 0.799999
      vertex 5.28343 1.74975 0
    endloop
  endfacet
  facet normal 0.340261 0.940331 -0
    outer loop
      vertex 4.4568 2.56283 0
      vertex 4.36353 2.59658 0.799999
      vertex 4.4568 2.56283 0.799999
    endloop
  endfacet
  facet normal 0.340261 0.940331 0
    outer loop
      vertex 4.36353 2.59658 0.799999
      vertex 4.4568 2.56283 0
      vertex 4.36353 2.59658 0
    endloop
  endfacet
  facet normal 0.518981 0.854786 -0
    outer loop
      vertex 4.72042 2.42575 0
      vertex 4.63563 2.47723 0.799999
      vertex 4.72042 2.42575 0.799999
    endloop
  endfacet
  facet normal 0.518981 0.854786 0
    outer loop
      vertex 4.63563 2.47723 0.799999
      vertex 4.72042 2.42575 0
      vertex 4.63563 2.47723 0
    endloop
  endfacet
  facet normal -0.894729 0.446609 0
    outer loop
      vertex 2.53649 1.79517 0
      vertex 2.58079 1.88392 0.799999
      vertex 2.58079 1.88392 0
    endloop
  endfacet
  facet normal -0.894729 0.446609 0
    outer loop
      vertex 2.58079 1.88392 0.799999
      vertex 2.53649 1.79517 0
      vertex 2.53649 1.79517 0.799999
    endloop
  endfacet
  facet normal -0.828043 0.560665 0
    outer loop
      vertex 2.63086 1.96955 0
      vertex 2.68647 2.05168 0.799999
      vertex 2.68647 2.05168 0
    endloop
  endfacet
  facet normal -0.828043 0.560665 0
    outer loop
      vertex 2.68647 2.05168 0.799999
      vertex 2.63086 1.96955 0
      vertex 2.63086 1.96955 0.799999
    endloop
  endfacet
  facet normal 0.973287 0.229593 0
    outer loop
      vertex 5.35659 1.525 0.799999
      vertex 5.34781 1.56222 0
      vertex 5.34781 1.56222 0.799999
    endloop
  endfacet
  facet normal 0.973287 0.229593 0
    outer loop
      vertex 5.34781 1.56222 0
      vertex 5.35659 1.525 0.799999
      vertex 5.35659 1.525 0
    endloop
  endfacet
  facet normal 0.956058 0.293179 0
    outer loop
      vertex 5.34781 1.56222 0.799999
      vertex 5.31873 1.65705 0
      vertex 5.31873 1.65705 0.799999
    endloop
  endfacet
  facet normal 0.956058 0.293179 0
    outer loop
      vertex 5.31873 1.65705 0
      vertex 5.34781 1.56222 0.799999
      vertex 5.34781 1.56222 0
    endloop
  endfacet
  facet normal 0.768403 0.639966 0
    outer loop
      vertex 5.08371 2.09132 0.799999
      vertex 5.02023 2.16754 0
      vertex 5.02023 2.16754 0.799999
    endloop
  endfacet
  facet normal 0.768403 0.639966 0
    outer loop
      vertex 5.02023 2.16754 0
      vertex 5.08371 2.09132 0.799999
      vertex 5.08371 2.09132 0
    endloop
  endfacet
  facet normal 0.148207 0.988956 -0
    outer loop
      vertex 4.17132 2.64526 0
      vertex 4.07323 2.65996 0.799999
      vertex 4.17132 2.64526 0.799999
    endloop
  endfacet
  facet normal 0.148207 0.988956 0
    outer loop
      vertex 4.07323 2.65996 0.799999
      vertex 4.17132 2.64526 0
      vertex 4.07323 2.65996 0
    endloop
  endfacet
  facet normal 0.277436 0.960744 -0
    outer loop
      vertex 4.36353 2.59658 0
      vertex 4.26823 2.6241 0.799999
      vertex 4.36353 2.59658 0.799999
    endloop
  endfacet
  facet normal 0.277436 0.960744 0
    outer loop
      vertex 4.26823 2.6241 0.799999
      vertex 4.36353 2.59658 0
      vertex 4.26823 2.6241 0
    endloop
  endfacet
  facet normal 0.0825616 0.996586 -0
    outer loop
      vertex 4.07323 2.65996 0
      vertex 3.97437 2.66815 0.799999
      vertex 4.07323 2.65996 0.799999
    endloop
  endfacet
  facet normal 0.0825616 0.996586 0
    outer loop
      vertex 3.97437 2.66815 0.799999
      vertex 4.07323 2.65996 0
      vertex 3.97437 2.66815 0
    endloop
  endfacet
  facet normal 0.574342 0.818616 -0
    outer loop
      vertex 4.80162 2.36878 0
      vertex 4.72042 2.42575 0.799999
      vertex 4.80162 2.36878 0.799999
    endloop
  endfacet
  facet normal 0.574342 0.818616 0
    outer loop
      vertex 4.72042 2.42575 0.799999
      vertex 4.80162 2.36878 0
      vertex 4.72042 2.42575 0
    endloop
  endfacet
  facet normal -0.789092 0.614276 0
    outer loop
      vertex 2.68647 2.05168 0
      vertex 2.7474 2.12995 0.799999
      vertex 2.7474 2.12995 0
    endloop
  endfacet
  facet normal -0.789092 0.614276 0
    outer loop
      vertex 2.7474 2.12995 0.799999
      vertex 2.68647 2.05168 0
      vertex 2.68647 2.05168 0.799999
    endloop
  endfacet
  facet normal -0.922276 0.386533 0
    outer loop
      vertex 2.49815 1.70369 0
      vertex 2.53649 1.79517 0.799999
      vertex 2.53649 1.79517 0
    endloop
  endfacet
  facet normal -0.922276 0.386533 0
    outer loop
      vertex 2.53649 1.79517 0.799999
      vertex 2.49815 1.70369 0
      vertex 2.49815 1.70369 0.799999
    endloop
  endfacet
  facet normal -0.965185 0.261568 0
    outer loop
      vertex 2.44295 1.525 0
      vertex 2.46595 1.60987 0.799999
      vertex 2.46595 1.60987 0
    endloop
  endfacet
  facet normal -0.965185 0.261568 0
    outer loop
      vertex 2.46595 1.60987 0.799999
      vertex 2.44295 1.525 0
      vertex 2.44295 1.525 0.799999
    endloop
  endfacet
  facet normal 0 0 1
    outer loop
      vertex 4.74862 1.525 0.799999
      vertex 5.34781 1.56222 0.799999
      vertex 5.31873 1.65705 0.799999
    endloop
  endfacet
  facet normal 0 0 1
    outer loop
      vertex 4.74862 1.525 0.799999
      vertex 5.31873 1.65705 0.799999
      vertex 5.28343 1.74975 0.799999
    endloop
  endfacet
  facet normal 0 0 1
    outer loop
      vertex 4.74776 1.52736 0.799999
      vertex 5.28343 1.74975 0.799999
      vertex 5.24209 1.83991 0.799999
    endloop
  endfacet
  facet normal 0 0 1
    outer loop
      vertex 4.70796 1.60999 0.799999
      vertex 5.24209 1.83991 0.799999
      vertex 5.19488 1.92715 0.799999
    endloop
  endfacet
  facet normal 0 0 1
    outer loop
      vertex 4.66014 1.68825 0.799999
      vertex 5.19488 1.92715 0.799999
      vertex 5.14201 2.01107 0.799999
    endloop
  endfacet
  facet normal 0 0 1
    outer loop
      vertex 4.66014 1.68825 0.799999
      vertex 5.14201 2.01107 0.799999
      vertex 5.08371 2.09132 0.799999
    endloop
  endfacet
  facet normal 0 0 1
    outer loop
      vertex 4.60476 1.76136 0.799999
      vertex 5.08371 2.09132 0.799999
      vertex 5.02023 2.16754 0.799999
    endloop
  endfacet
  facet normal 0 0 1
    outer loop
      vertex 4.54238 1.8286 0.799999
      vertex 5.02023 2.16754 0.799999
      vertex 4.95185 2.23939 0.799999
    endloop
  endfacet
  facet normal 0 0 1
    outer loop
      vertex 4.54238 1.8286 0.799999
      vertex 4.95185 2.23939 0.799999
      vertex 4.87888 2.30657 0.799999
    endloop
  endfacet
  facet normal 0 0 1
    outer loop
      vertex 4.47361 1.88928 0.799999
      vertex 4.87888 2.30657 0.799999
      vertex 4.80162 2.36878 0.799999
    endloop
  endfacet
  facet normal 0 0 1
    outer loop
      vertex 5.19488 1.92715 0.799999
      vertex 4.66014 1.68825 0.799999
      vertex 4.70796 1.60999 0.799999
    endloop
  endfacet
  facet normal 0 0 1
    outer loop
      vertex 5.34781 1.56222 0.799999
      vertex 4.74862 1.525 0.799999
      vertex 5.35659 1.525 0.799999
    endloop
  endfacet
  facet normal 0 0 1
    outer loop
      vertex 4.39914 1.94282 0.799999
      vertex 4.80162 2.36878 0.799999
      vertex 4.72042 2.42575 0.799999
    endloop
  endfacet
  facet normal 0 0 1
    outer loop
      vertex 5.28343 1.74975 0.799999
      vertex 4.74776 1.52736 0.799999
      vertex 4.74862 1.525 0.799999
    endloop
  endfacet
  facet normal 0 0 1
    outer loop
      vertex 5.24209 1.83991 0.799999
      vertex 4.70796 1.60999 0.799999
      vertex 4.74776 1.52736 0.799999
    endloop
  endfacet
  facet normal 0 0 1
    outer loop
      vertex 4.39224 1.94681 0.799999
      vertex 4.72042 2.42575 0.799999
      vertex 4.63563 2.47723 0.799999
    endloop
  endfacet
  facet normal 0 0 1
    outer loop
      vertex 5.08371 2.09132 0.799999
      vertex 4.60476 1.76136 0.799999
      vertex 4.66014 1.68825 0.799999
    endloop
  endfacet
  facet normal 0 0 1
    outer loop
      vertex 5.02023 2.16754 0.799999
      vertex 4.59934 1.76721 0.799999
      vertex 4.60476 1.76136 0.799999
    endloop
  endfacet
  facet normal 0 0 1
    outer loop
      vertex 4.31971 1.98868 0.799999
      vertex 4.63563 2.47723 0.799999
      vertex 4.54763 2.52299 0.799999
    endloop
  endfacet
  facet normal 0 0 1
    outer loop
      vertex 5.02023 2.16754 0.799999
      vertex 4.54238 1.8286 0.799999
      vertex 4.59934 1.76721 0.799999
    endloop
  endfacet
  facet normal 0 0 1
    outer loop
      vertex 4.87888 2.30657 0.799999
      vertex 4.47959 1.88401 0.799999
      vertex 4.54238 1.8286 0.799999
    endloop
  endfacet
  facet normal 0 0 1
    outer loop
      vertex 4.87888 2.30657 0.799999
      vertex 4.47361 1.88928 0.799999
      vertex 4.47959 1.88401 0.799999
    endloop
  endfacet
  facet normal 0 0 1
    outer loop
      vertex 4.80162 2.36878 0.799999
      vertex 4.46713 1.89394 0.799999
      vertex 4.47361 1.88928 0.799999
    endloop
  endfacet
  facet normal 0 0 1
    outer loop
      vertex 4.24338 2.02312 0.799999
      vertex 4.54763 2.52299 0.799999
      vertex 4.4568 2.56283 0.799999
    endloop
  endfacet
  facet normal 0 0 1
    outer loop
      vertex 4.80162 2.36878 0.799999
      vertex 4.39914 1.94282 0.799999
      vertex 4.46713 1.89394 0.799999
    endloop
  endfacet
  facet normal 0 0 1
    outer loop
      vertex 4.72042 2.42575 0.799999
      vertex 4.39224 1.94681 0.799999
      vertex 4.39914 1.94282 0.799999
    endloop
  endfacet
  facet normal 0 0 1
    outer loop
      vertex 4.22855 2.02894 0.799999
      vertex 4.4568 2.56283 0.799999
      vertex 4.36353 2.59658 0.799999
    endloop
  endfacet
  facet normal 0 0 1
    outer loop
      vertex 4.63563 2.47723 0.799999
      vertex 4.31971 1.98868 0.799999
      vertex 4.39224 1.94681 0.799999
    endloop
  endfacet
  facet normal 0 0 1
    outer loop
      vertex 4.14917 2.05561 0.799999
      vertex 4.36353 2.59658 0.799999
      vertex 4.26823 2.6241 0.799999
    endloop
  endfacet
  facet normal 0 0 1
    outer loop
      vertex 4.54763 2.52299 0.799999
      vertex 4.24338 2.02312 0.799999
      vertex 4.31971 1.98868 0.799999
    endloop
  endfacet
  facet normal 0 0 1
    outer loop
      vertex 4.4568 2.56283 0.799999
      vertex 4.23611 2.0264 0.799999
      vertex 4.24338 2.02312 0.799999
    endloop
  endfacet
  facet normal 0 0 1
    outer loop
      vertex 4.4568 2.56283 0.799999
      vertex 4.22855 2.02894 0.799999
      vertex 4.23611 2.0264 0.799999
    endloop
  endfacet
  facet normal 0 0 1
    outer loop
      vertex 4.06753 2.07425 0.799999
      vertex 4.26823 2.6241 0.799999
      vertex 4.17132 2.64526 0.799999
    endloop
  endfacet
  facet normal 0 0 1
    outer loop
      vertex 4.36353 2.59658 0.799999
      vertex 4.14917 2.05561 0.799999
      vertex 4.22855 2.02894 0.799999
    endloop
  endfacet
  facet normal 0 0 1
    outer loop
      vertex 4.05976 2.07602 0.799999
      vertex 4.17132 2.64526 0.799999
      vertex 4.07323 2.65996 0.799999
    endloop
  endfacet
  facet normal 0 0 1
    outer loop
      vertex 4.26823 2.6241 0.799999
      vertex 4.06753 2.07425 0.799999
      vertex 4.14917 2.05561 0.799999
    endloop
  endfacet
  facet normal 0 0 1
    outer loop
      vertex 4.17132 2.64526 0.799999
      vertex 4.05976 2.07602 0.799999
      vertex 4.06753 2.07425 0.799999
    endloop
  endfacet
  facet normal 0 0 1
    outer loop
      vertex 4.07323 2.65996 0.799999
      vertex 3.97666 2.08644 0.799999
      vertex 4.05976 2.07602 0.799999
    endloop
  endfacet
  facet normal 0 0 1
    outer loop
      vertex 3.96875 2.08743 0.799999
      vertex 4.07323 2.65996 0.799999
      vertex 3.97437 2.66815 0.799999
    endloop
  endfacet
  facet normal 0 0 1
    outer loop
      vertex 4.07323 2.65996 0.799999
      vertex 3.96875 2.08743 0.799999
      vertex 3.97666 2.08644 0.799999
    endloop
  endfacet
  facet normal 0 0 1
    outer loop
      vertex 3.97437 2.66815 0.799999
      vertex 3.88504 2.08952 0.799999
      vertex 3.96875 2.08743 0.799999
    endloop
  endfacet
  facet normal 0 0 1
    outer loop
      vertex 3.8752 2.66979 0.799999
      vertex 3.88504 2.08952 0.799999
      vertex 3.97437 2.66815 0.799999
    endloop
  endfacet
  facet normal 0 0 1
    outer loop
      vertex 3.88504 2.08952 0.799999
      vertex 3.8752 2.66979 0.799999
      vertex 3.87706 2.08971 0.799999
    endloop
  endfacet
  facet normal 0 0 1
    outer loop
      vertex 3.8752 2.66979 0.799999
      vertex 3.86911 2.08912 0.799999
      vertex 3.87706 2.08971 0.799999
    endloop
  endfacet
  facet normal -0 0 1
    outer loop
      vertex 3.77613 2.66488 0.799999
      vertex 3.86911 2.08912 0.799999
      vertex 3.8752 2.66979 0.799999
    endloop
  endfacet
  facet normal 0 0 1
    outer loop
      vertex 3.86911 2.08912 0.799999
      vertex 3.77613 2.66488 0.799999
      vertex 3.7856 2.08286 0.799999
    endloop
  endfacet
  facet normal -0 0 1
    outer loop
      vertex 3.6776 2.65342 0.799999
      vertex 3.7856 2.08286 0.799999
      vertex 3.77613 2.66488 0.799999
    endloop
  endfacet
  facet normal 0 0 1
    outer loop
      vertex 3.7856 2.08286 0.799999
      vertex 3.6776 2.65342 0.799999
      vertex 3.70313 2.06832 0.799999
    endloop
  endfacet
  facet normal -0 0 1
    outer loop
      vertex 3.58005 2.63548 0.799999
      vertex 3.70313 2.06832 0.799999
      vertex 3.6776 2.65342 0.799999
    endloop
  endfacet
  facet normal 0 0 1
    outer loop
      vertex 3.70313 2.06832 0.799999
      vertex 3.58005 2.63548 0.799999
      vertex 3.69528 2.06693 0.799999
    endloop
  endfacet
  facet normal -0 0 1
    outer loop
      vertex 3.4839 2.61113 0.799999
      vertex 3.69528 2.06693 0.799999
      vertex 3.58005 2.63548 0.799999
    endloop
  endfacet
  facet normal 0 0 1
    outer loop
      vertex 3.69528 2.06693 0.799999
      vertex 3.4839 2.61113 0.799999
      vertex 3.60699 2.04209 0.799999
    endloop
  endfacet
  facet normal -0 0 1
    outer loop
      vertex 3.38956 2.58048 0.799999
      vertex 3.60699 2.04209 0.799999
      vertex 3.4839 2.61113 0.799999
    endloop
  endfacet
  facet normal 0 0 1
    outer loop
      vertex 3.60699 2.04209 0.799999
      vertex 3.38956 2.58048 0.799999
      vertex 3.52162 2.00859 0.799999
    endloop
  endfacet
  facet normal -0 0 1
    outer loop
      vertex 3.29746 2.54366 0.799999
      vertex 3.52162 2.00859 0.799999
      vertex 3.38956 2.58048 0.799999
    endloop
  endfacet
  facet normal -0 0 1
    outer loop
      vertex 3.20799 2.50083 0.799999
      vertex 3.52162 2.00859 0.799999
      vertex 3.29746 2.54366 0.799999
    endloop
  endfacet
  facet normal 0 0 1
    outer loop
      vertex 3.52162 2.00859 0.799999
      vertex 3.20799 2.50083 0.799999
      vertex 3.44 1.96674 0.799999
    endloop
  endfacet
  facet normal -0 0 1
    outer loop
      vertex 3.12154 2.45219 0.799999
      vertex 3.44 1.96674 0.799999
      vertex 3.20799 2.50083 0.799999
    endloop
  endfacet
  facet normal 0 0 1
    outer loop
      vertex 3.44 1.96674 0.799999
      vertex 3.12154 2.45219 0.799999
      vertex 3.4333 1.96242 0.799999
    endloop
  endfacet
  facet normal 0 0 1
    outer loop
      vertex 3.4333 1.96242 0.799999
      vertex 3.12154 2.45219 0.799999
      vertex 3.36296 1.91698 0.799999
    endloop
  endfacet
  facet normal -0 0 1
    outer loop
      vertex 3.03851 2.39794 0.799999
      vertex 3.36296 1.91698 0.799999
      vertex 3.12154 2.45219 0.799999
    endloop
  endfacet
  facet normal -0 0 1
    outer loop
      vertex 2.95924 2.33832 0.799999
      vertex 3.36296 1.91698 0.799999
      vertex 3.03851 2.39794 0.799999
    endloop
  endfacet
  facet normal 0 0 1
    outer loop
      vertex 3.36296 1.91698 0.799999
      vertex 2.95924 2.33832 0.799999
      vertex 3.29125 1.8598 0.799999
    endloop
  endfacet
  facet normal -0 0 1
    outer loop
      vertex 2.88408 2.27359 0.799999
      vertex 3.29125 1.8598 0.799999
      vertex 2.95924 2.33832 0.799999
    endloop
  endfacet
  facet normal 0 0 1
    outer loop
      vertex 3.29125 1.8598 0.799999
      vertex 2.88408 2.27359 0.799999
      vertex 3.2313 1.80133 0.799999
    endloop
  endfacet
  facet normal -0 0 1
    outer loop
      vertex 2.81336 2.20403 0.799999
      vertex 3.2313 1.80133 0.799999
      vertex 2.88408 2.27359 0.799999
    endloop
  endfacet
  facet normal 0 0 1
    outer loop
      vertex 3.2313 1.80133 0.799999
      vertex 2.81336 2.20403 0.799999
      vertex 3.22559 1.79576 0.799999
    endloop
  endfacet
  facet normal 0 0 1
    outer loop
      vertex 3.22559 1.79576 0.799999
      vertex 2.81336 2.20403 0.799999
      vertex 3.22047 1.78965 0.799999
    endloop
  endfacet
  facet normal -0 0 1
    outer loop
      vertex 2.7474 2.12995 0.799999
      vertex 3.22047 1.78965 0.799999
      vertex 2.81336 2.20403 0.799999
    endloop
  endfacet
  facet normal 0 0 1
    outer loop
      vertex 3.22047 1.78965 0.799999
      vertex 2.7474 2.12995 0.799999
      vertex 3.16664 1.7255 0.799999
    endloop
  endfacet
  facet normal -0 0 1
    outer loop
      vertex 2.68647 2.05168 0.799999
      vertex 3.16664 1.7255 0.799999
      vertex 2.7474 2.12995 0.799999
    endloop
  endfacet
  facet normal 0 0 1
    outer loop
      vertex 3.16664 1.7255 0.799999
      vertex 2.68647 2.05168 0.799999
      vertex 3.11497 1.64972 0.799999
    endloop
  endfacet
  facet normal -0 0 1
    outer loop
      vertex 2.63086 1.96955 0.799999
      vertex 3.11497 1.64972 0.799999
      vertex 2.68647 2.05168 0.799999
    endloop
  endfacet
  facet normal -0 0 1
    outer loop
      vertex 2.58079 1.88392 0.799999
      vertex 3.11497 1.64972 0.799999
      vertex 2.63086 1.96955 0.799999
    endloop
  endfacet
  facet normal 0 0 1
    outer loop
      vertex 3.11497 1.64972 0.799999
      vertex 2.58079 1.88392 0.799999
      vertex 3.07492 1.57618 0.799999
    endloop
  endfacet
  facet normal 0 0 1
    outer loop
      vertex 3.07492 1.57618 0.799999
      vertex 2.58079 1.88392 0.799999
      vertex 3.07111 1.56917 0.799999
    endloop
  endfacet
  facet normal -0 0 1
    outer loop
      vertex 2.53649 1.79517 0.799999
      vertex 3.07111 1.56917 0.799999
      vertex 2.58079 1.88392 0.799999
    endloop
  endfacet
  facet normal 0 0 1
    outer loop
      vertex 3.07111 1.56917 0.799999
      vertex 2.53649 1.79517 0.799999
      vertex 3.06801 1.56182 0.799999
    endloop
  endfacet
  facet normal 0 0 1
    outer loop
      vertex 3.06801 1.56182 0.799999
      vertex 2.53649 1.79517 0.799999
      vertex 3.05249 1.525 0.799999
    endloop
  endfacet
  facet normal -0 0 1
    outer loop
      vertex 2.49815 1.70369 0.799999
      vertex 3.05249 1.525 0.799999
      vertex 2.53649 1.79517 0.799999
    endloop
  endfacet
  facet normal -0 0 1
    outer loop
      vertex 2.46595 1.60987 0.799999
      vertex 3.05249 1.525 0.799999
      vertex 2.49815 1.70369 0.799999
    endloop
  endfacet
  facet normal 0 0 1
    outer loop
      vertex 3.05249 1.525 0.799999
      vertex 2.46595 1.60987 0.799999
      vertex 2.44295 1.525 0.799999
    endloop
  endfacet
  facet normal -0.546975 0.837149 0
    outer loop
      vertex 3.12154 2.45219 0
      vertex 3.03851 2.39794 0.799999
      vertex 3.12154 2.45219 0.799999
    endloop
  endfacet
  facet normal -0.546975 0.837149 0
    outer loop
      vertex 3.03851 2.39794 0.799999
      vertex 3.12154 2.45219 0
      vertex 3.03851 2.39794 0
    endloop
  endfacet
  facet normal -0.60108 0.799189 0
    outer loop
      vertex 3.03851 2.39794 0
      vertex 2.95924 2.33832 0.799999
      vertex 3.03851 2.39794 0.799999
    endloop
  endfacet
  facet normal -0.60108 0.799189 0
    outer loop
      vertex 2.95924 2.33832 0.799999
      vertex 3.03851 2.39794 0
      vertex 2.95924 2.33832 0
    endloop
  endfacet
  facet normal -0.652575 0.757724 0
    outer loop
      vertex 2.95924 2.33832 0
      vertex 2.88408 2.27359 0.799999
      vertex 2.95924 2.33832 0.799999
    endloop
  endfacet
  facet normal -0.652575 0.757724 0
    outer loop
      vertex 2.88408 2.27359 0.799999
      vertex 2.95924 2.33832 0
      vertex 2.88408 2.27359 0
    endloop
  endfacet
  facet normal -0.30899 0.951065 0
    outer loop
      vertex 3.4839 2.61113 0
      vertex 3.38956 2.58048 0.799999
      vertex 3.4839 2.61113 0.799999
    endloop
  endfacet
  facet normal -0.30899 0.951065 0
    outer loop
      vertex 3.38956 2.58048 0.799999
      vertex 3.4839 2.61113 0
      vertex 3.38956 2.58048 0
    endloop
  endfacet
  facet normal -0.115531 0.993304 0
    outer loop
      vertex 3.77613 2.66488 0
      vertex 3.6776 2.65342 0.799999
      vertex 3.77613 2.66488 0.799999
    endloop
  endfacet
  facet normal -0.115531 0.993304 0
    outer loop
      vertex 3.6776 2.65342 0.799999
      vertex 3.77613 2.66488 0
      vertex 3.6776 2.65342 0
    endloop
  endfacet
  facet normal 0.724382 0.689398 0
    outer loop
      vertex 5.02023 2.16754 0.799999
      vertex 4.95185 2.23939 0
      vertex 4.95185 2.23939 0.799999
    endloop
  endfacet
  facet normal 0.724382 0.689398 0
    outer loop
      vertex 4.95185 2.23939 0
      vertex 5.02023 2.16754 0.799999
      vertex 5.02023 2.16754 0
    endloop
  endfacet
  facet normal 0.809041 0.587752 0
    outer loop
      vertex 5.14201 2.01107 0.799999
      vertex 5.08371 2.09132 0
      vertex 5.08371 2.09132 0.799999
    endloop
  endfacet
  facet normal 0.809041 0.587752 0
    outer loop
      vertex 5.08371 2.09132 0
      vertex 5.14201 2.01107 0.799999
      vertex 5.14201 2.01107 0
    endloop
  endfacet
  facet normal 0.879482 0.475932 0
    outer loop
      vertex 5.24209 1.83991 0.799999
      vertex 5.19488 1.92715 0
      vertex 5.19488 1.92715 0.799999
    endloop
  endfacet
  facet normal 0.879482 0.475932 0
    outer loop
      vertex 5.19488 1.92715 0
      vertex 5.24209 1.83991 0.799999
      vertex 5.24209 1.83991 0
    endloop
  endfacet
  facet normal 0.213321 0.976982 -0
    outer loop
      vertex 4.26823 2.6241 0
      vertex 4.17132 2.64526 0.799999
      vertex 4.26823 2.6241 0.799999
    endloop
  endfacet
  facet normal 0.213321 0.976982 0
    outer loop
      vertex 4.17132 2.64526 0.799999
      vertex 4.26823 2.6241 0
      vertex 4.17132 2.64526 0
    endloop
  endfacet
  facet normal 0.016535 0.999863 -0
    outer loop
      vertex 3.97437 2.66815 0
      vertex 3.8752 2.66979 0.799999
      vertex 3.97437 2.66815 0.799999
    endloop
  endfacet
  facet normal 0.016535 0.999863 0
    outer loop
      vertex 3.8752 2.66979 0.799999
      vertex 3.97437 2.66815 0
      vertex 3.8752 2.66979 0
    endloop
  endfacet
  facet normal 0.461353 0.887217 -0
    outer loop
      vertex 4.63563 2.47723 0
      vertex 4.54763 2.52299 0.799999
      vertex 4.63563 2.47723 0.799999
    endloop
  endfacet
  facet normal 0.461353 0.887217 0
    outer loop
      vertex 4.54763 2.52299 0.799999
      vertex 4.63563 2.47723 0
      vertex 4.54763 2.52299 0
    endloop
  endfacet
  facet normal 0.401681 0.91578 -0
    outer loop
      vertex 4.54763 2.52299 0
      vertex 4.4568 2.56283 0.799999
      vertex 4.54763 2.52299 0.799999
    endloop
  endfacet
  facet normal 0.401681 0.91578 0
    outer loop
      vertex 4.4568 2.56283 0.799999
      vertex 4.54763 2.52299 0
      vertex 4.4568 2.56283 0
    endloop
  endfacet
  facet normal 0.627163 0.778888 -0
    outer loop
      vertex 4.87888 2.30657 0
      vertex 4.80162 2.36878 0.799999
      vertex 4.87888 2.30657 0.799999
    endloop
  endfacet
  facet normal 0.627163 0.778888 0
    outer loop
      vertex 4.80162 2.36878 0.799999
      vertex 4.87888 2.30657 0
      vertex 4.80162 2.36878 0
    endloop
  endfacet
  facet normal -0.945843 0.324623 0
    outer loop
      vertex 2.46595 1.60987 0
      vertex 2.49815 1.70369 0.799999
      vertex 2.49815 1.70369 0
    endloop
  endfacet
  facet normal -0.945843 0.324623 0
    outer loop
      vertex 2.49815 1.70369 0.799999
      vertex 2.46595 1.60987 0
      vertex 2.46595 1.60987 0.799999
    endloop
  endfacet
  facet normal -0.490352 0.871524 0
    outer loop
      vertex 3.20799 2.50083 0
      vertex 3.12154 2.45219 0.799999
      vertex 3.20799 2.50083 0.799999
    endloop
  endfacet
  facet normal -0.490352 0.871524 0
    outer loop
      vertex 3.12154 2.45219 0.799999
      vertex 3.20799 2.50083 0
      vertex 3.12154 2.45219 0
    endloop
  endfacet
  facet normal -0.431784 0.901977 0
    outer loop
      vertex 3.29746 2.54366 0
      vertex 3.20799 2.50083 0.799999
      vertex 3.29746 2.54366 0.799999
    endloop
  endfacet
  facet normal -0.431784 0.901977 0
    outer loop
      vertex 3.20799 2.50083 0.799999
      vertex 3.29746 2.54366 0
      vertex 3.20799 2.50083 0
    endloop
  endfacet
  facet normal -0.2455 0.969397 0
    outer loop
      vertex 3.58005 2.63548 0
      vertex 3.4839 2.61113 0.799999
      vertex 3.58005 2.63548 0.799999
    endloop
  endfacet
  facet normal -0.2455 0.969397 0
    outer loop
      vertex 3.4839 2.61113 0.799999
      vertex 3.58005 2.63548 0
      vertex 3.4839 2.61113 0
    endloop
  endfacet
  facet normal 0.934536 0.35587 0
    outer loop
      vertex 5.31873 1.65705 0.799999
      vertex 5.28343 1.74975 0
      vertex 5.28343 1.74975 0.799999
    endloop
  endfacet
  facet normal 0.934536 0.35587 0
    outer loop
      vertex 5.28343 1.74975 0
      vertex 5.31873 1.65705 0.799999
      vertex 5.31873 1.65705 0
    endloop
  endfacet
  facet normal 0.84609 0.533041 0
    outer loop
      vertex 5.19488 1.92715 0.799999
      vertex 5.14201 2.01107 0
      vertex 5.14201 2.01107 0.799999
    endloop
  endfacet
  facet normal 0.84609 0.533041 0
    outer loop
      vertex 5.14201 2.01107 0
      vertex 5.19488 1.92715 0.799999
      vertex 5.19488 1.92715 0
    endloop
  endfacet
  facet normal -0.863256 0.504767 0
    outer loop
      vertex 2.58079 1.88392 0
      vertex 2.63086 1.96955 0.799999
      vertex 2.63086 1.96955 0
    endloop
  endfacet
  facet normal -0.863256 0.504767 0
    outer loop
      vertex 2.63086 1.96955 0.799999
      vertex 2.58079 1.88392 0
      vertex 2.58079 1.88392 0.799999
    endloop
  endfacet
  facet normal -0.701236 0.71293 0
    outer loop
      vertex 2.88408 2.27359 0
      vertex 2.81336 2.20403 0.799999
      vertex 2.88408 2.27359 0.799999
    endloop
  endfacet
  facet normal -0.701236 0.71293 0
    outer loop
      vertex 2.81336 2.20403 0.799999
      vertex 2.88408 2.27359 0
      vertex 2.81336 2.20403 0
    endloop
  endfacet
  facet normal -0.371217 0.928546 0
    outer loop
      vertex 3.38956 2.58048 0
      vertex 3.29746 2.54366 0.799999
      vertex 3.38956 2.58048 0.799999
    endloop
  endfacet
  facet normal -0.371217 0.928546 0
    outer loop
      vertex 3.29746 2.54366 0.799999
      vertex 3.38956 2.58048 0
      vertex 3.29746 2.54366 0
    endloop
  endfacet
  facet normal -0.180872 0.983507 0
    outer loop
      vertex 3.6776 2.65342 0
      vertex 3.58005 2.63548 0.799999
      vertex 3.6776 2.65342 0.799999
    endloop
  endfacet
  facet normal -0.180872 0.983507 0
    outer loop
      vertex 3.58005 2.63548 0.799999
      vertex 3.6776 2.65342 0
      vertex 3.58005 2.63548 0
    endloop
  endfacet
  facet normal 0.956001 -0.293363 0
    outer loop
      vertex 21.3187 6.14295 0.799999
      vertex 21.3478 6.23778 0
      vertex 21.3478 6.23778 0.799999
    endloop
  endfacet
  facet normal 0.956001 -0.293363 0
    outer loop
      vertex 21.3478 6.23778 0
      vertex 21.3187 6.14295 0.799999
      vertex 21.3187 6.14295 0
    endloop
  endfacet
  facet normal -0.115566 -0.9933 0
    outer loop
      vertex 19.6776 5.14658 0
      vertex 19.7761 5.13512 0.799999
      vertex 19.6776 5.14658 0.799999
    endloop
  endfacet
  facet normal -0.115566 -0.9933 -0
    outer loop
      vertex 19.7761 5.13512 0.799999
      vertex 19.6776 5.14658 0
      vertex 19.7761 5.13512 0
    endloop
  endfacet
  facet normal -0.922419 -0.38619 0
    outer loop
      vertex 18.5365 6.00483 0
      vertex 18.4982 6.09631 0.799999
      vertex 18.4982 6.09631 0
    endloop
  endfacet
  facet normal -0.922419 -0.38619 0
    outer loop
      vertex 18.4982 6.09631 0.799999
      vertex 18.5365 6.00483 0
      vertex 18.5365 6.00483 0.799999
    endloop
  endfacet
  facet normal 0.401792 -0.915731 0
    outer loop
      vertex 20.4568 5.23717 0
      vertex 20.5476 5.27701 0.799999
      vertex 20.4568 5.23717 0.799999
    endloop
  endfacet
  facet normal 0.401792 -0.915731 0
    outer loop
      vertex 20.5476 5.27701 0.799999
      vertex 20.4568 5.23717 0
      vertex 20.5476 5.27701 0
    endloop
  endfacet
  facet normal 0.879524 -0.475854 0
    outer loop
      vertex 21.1949 5.87285 0.799999
      vertex 21.2421 5.96009 0
      vertex 21.2421 5.96009 0.799999
    endloop
  endfacet
  facet normal 0.879524 -0.475854 0
    outer loop
      vertex 21.2421 5.96009 0
      vertex 21.1949 5.87285 0.799999
      vertex 21.1949 5.87285 0
    endloop
  endfacet
  facet normal -0.371217 -0.928546 0
    outer loop
      vertex 19.2975 5.25634 0
      vertex 19.3896 5.21952 0.799999
      vertex 19.2975 5.25634 0.799999
    endloop
  endfacet
  facet normal -0.371217 -0.928546 -0
    outer loop
      vertex 19.3896 5.21952 0.799999
      vertex 19.2975 5.25634 0
      vertex 19.3896 5.21952 0
    endloop
  endfacet
  facet normal -0.789238 -0.614087 0
    outer loop
      vertex 18.7474 5.67005 0
      vertex 18.6865 5.74832 0.799999
      vertex 18.6865 5.74832 0
    endloop
  endfacet
  facet normal -0.789238 -0.614087 0
    outer loop
      vertex 18.6865 5.74832 0.799999
      vertex 18.7474 5.67005 0
      vertex 18.7474 5.67005 0.799999
    endloop
  endfacet
  facet normal 0.340254 -0.940334 0
    outer loop
      vertex 20.3635 5.20341 0
      vertex 20.4568 5.23717 0.799999
      vertex 20.3635 5.20341 0.799999
    endloop
  endfacet
  facet normal 0.340254 -0.940334 0
    outer loop
      vertex 20.4568 5.23717 0.799999
      vertex 20.3635 5.20341 0
      vertex 20.4568 5.23717 0
    endloop
  endfacet
  facet normal 0.0827116 -0.996574 0
    outer loop
      vertex 19.9744 5.13184 0
      vertex 20.0732 5.14004 0.799999
      vertex 19.9744 5.13184 0.799999
    endloop
  endfacet
  facet normal 0.0827116 -0.996574 0
    outer loop
      vertex 20.0732 5.14004 0.799999
      vertex 19.9744 5.13184 0
      vertex 20.0732 5.14004 0
    endloop
  endfacet
  facet normal -0 0 1
    outer loop
      vertex 20.7486 6.275 0.799999
      vertex 21.3478 6.23778 0.799999
      vertex 21.3566 6.275 0.799999
    endloop
  endfacet
  facet normal 0 0 1
    outer loop
      vertex 21.3478 6.23778 0.799999
      vertex 20.7486 6.275 0.799999
      vertex 21.3187 6.14295 0.799999
    endloop
  endfacet
  facet normal 0 0 1
    outer loop
      vertex 21.3187 6.14295 0.799999
      vertex 20.7486 6.275 0.799999
      vertex 21.2834 6.05025 0.799999
    endloop
  endfacet
  facet normal -0 0 1
    outer loop
      vertex 20.7478 6.27264 0.799999
      vertex 21.2834 6.05025 0.799999
      vertex 20.7486 6.275 0.799999
    endloop
  endfacet
  facet normal -0 0 1
    outer loop
      vertex 20.708 6.19001 0.799999
      vertex 21.2421 5.96009 0.799999
      vertex 20.7478 6.27264 0.799999
    endloop
  endfacet
  facet normal 0 0 1
    outer loop
      vertex 21.2421 5.96009 0.799999
      vertex 20.708 6.19001 0.799999
      vertex 21.1949 5.87285 0.799999
    endloop
  endfacet
  facet normal -0 0 1
    outer loop
      vertex 20.6601 6.11174 0.799999
      vertex 21.1949 5.87285 0.799999
      vertex 20.7038 6.1832 0.799999
    endloop
  endfacet
  facet normal 0 0 1
    outer loop
      vertex 21.1949 5.87285 0.799999
      vertex 20.6601 6.11174 0.799999
      vertex 21.142 5.78893 0.799999
    endloop
  endfacet
  facet normal -0 0 1
    outer loop
      vertex 20.6096 6.04499 0.799999
      vertex 21.0837 5.70868 0.799999
      vertex 20.6601 6.11174 0.799999
    endloop
  endfacet
  facet normal 0 0 1
    outer loop
      vertex 21.0837 5.70868 0.799999
      vertex 20.6048 6.03864 0.799999
      vertex 21.0202 5.63246 0.799999
    endloop
  endfacet
  facet normal 0 0 1
    outer loop
      vertex 21.2834 6.05025 0.799999
      vertex 20.7478 6.27264 0.799999
      vertex 21.2421 5.96009 0.799999
    endloop
  endfacet
  facet normal -0 0 1
    outer loop
      vertex 20.7038 6.1832 0.799999
      vertex 21.1949 5.87285 0.799999
      vertex 20.708 6.19001 0.799999
    endloop
  endfacet
  facet normal 0 0 1
    outer loop
      vertex 21.142 5.78893 0.799999
      vertex 20.6601 6.11174 0.799999
      vertex 21.0837 5.70868 0.799999
    endloop
  endfacet
  facet normal -0 0 1
    outer loop
      vertex 20.6048 6.03864 0.799999
      vertex 21.0837 5.70868 0.799999
      vertex 20.6096 6.04499 0.799999
    endloop
  endfacet
  facet normal -0 0 1
    outer loop
      vertex 20.5993 6.03279 0.799999
      vertex 21.0202 5.63246 0.799999
      vertex 20.6048 6.03864 0.799999
    endloop
  endfacet
  facet normal -0 0 1
    outer loop
      vertex 20.5424 5.9714 0.799999
      vertex 21.0202 5.63246 0.799999
      vertex 20.5993 6.03279 0.799999
    endloop
  endfacet
  facet normal 0 0 1
    outer loop
      vertex 21.0202 5.63246 0.799999
      vertex 20.5424 5.9714 0.799999
      vertex 20.9519 5.56061 0.799999
    endloop
  endfacet
  facet normal 0 0 1
    outer loop
      vertex 20.9519 5.56061 0.799999
      vertex 20.5424 5.9714 0.799999
      vertex 20.8789 5.49343 0.799999
    endloop
  endfacet
  facet normal -0 0 1
    outer loop
      vertex 20.4796 5.91599 0.799999
      vertex 20.8789 5.49343 0.799999
      vertex 20.5424 5.9714 0.799999
    endloop
  endfacet
  facet normal -0 0 1
    outer loop
      vertex 20.4736 5.91071 0.799999
      vertex 20.8789 5.49343 0.799999
      vertex 20.4796 5.91599 0.799999
    endloop
  endfacet
  facet normal 0 0 1
    outer loop
      vertex 20.8789 5.49343 0.799999
      vertex 20.4736 5.91071 0.799999
      vertex 20.8016 5.43122 0.799999
    endloop
  endfacet
  facet normal -0 0 1
    outer loop
      vertex 20.4056 5.86183 0.799999
      vertex 20.8016 5.43122 0.799999
      vertex 20.4736 5.91071 0.799999
    endloop
  endfacet
  facet normal 0 0 1
    outer loop
      vertex 20.8016 5.43122 0.799999
      vertex 20.4056 5.86183 0.799999
      vertex 20.7204 5.37425 0.799999
    endloop
  endfacet
  facet normal -0 0 1
    outer loop
      vertex 20.3991 5.85718 0.799999
      vertex 20.7204 5.37425 0.799999
      vertex 20.4056 5.86183 0.799999
    endloop
  endfacet
  facet normal -0 0 1
    outer loop
      vertex 20.3922 5.85319 0.799999
      vertex 20.7204 5.37425 0.799999
      vertex 20.3991 5.85718 0.799999
    endloop
  endfacet
  facet normal 0 0 1
    outer loop
      vertex 20.7204 5.37425 0.799999
      vertex 20.3922 5.85319 0.799999
      vertex 20.6356 5.32277 0.799999
    endloop
  endfacet
  facet normal -0 0 1
    outer loop
      vertex 20.3197 5.81132 0.799999
      vertex 20.6356 5.32277 0.799999
      vertex 20.3922 5.85319 0.799999
    endloop
  endfacet
  facet normal 0 0 1
    outer loop
      vertex 20.6356 5.32277 0.799999
      vertex 20.3197 5.81132 0.799999
      vertex 20.5476 5.27701 0.799999
    endloop
  endfacet
  facet normal -0 0 1
    outer loop
      vertex 20.3124 5.80804 0.799999
      vertex 20.5476 5.27701 0.799999
      vertex 20.3197 5.81132 0.799999
    endloop
  endfacet
  facet normal -0 0 1
    outer loop
      vertex 20.2361 5.7736 0.799999
      vertex 20.5476 5.27701 0.799999
      vertex 20.3124 5.80804 0.799999
    endloop
  endfacet
  facet normal 0 0 1
    outer loop
      vertex 20.5476 5.27701 0.799999
      vertex 20.2361 5.7736 0.799999
      vertex 20.4568 5.23717 0.799999
    endloop
  endfacet
  facet normal 0 0 1
    outer loop
      vertex 20.4568 5.23717 0.799999
      vertex 20.2361 5.7736 0.799999
      vertex 20.3635 5.20341 0.799999
    endloop
  endfacet
  facet normal -0 0 1
    outer loop
      vertex 20.1567 5.74693 0.799999
      vertex 20.3635 5.20341 0.799999
      vertex 20.2361 5.7736 0.799999
    endloop
  endfacet
  facet normal -0 0 1
    outer loop
      vertex 20.1492 5.74439 0.799999
      vertex 20.3635 5.20341 0.799999
      vertex 20.1567 5.74693 0.799999
    endloop
  endfacet
  facet normal 0 0 1
    outer loop
      vertex 20.3635 5.20341 0.799999
      vertex 20.1492 5.74439 0.799999
      vertex 20.2682 5.1759 0.799999
    endloop
  endfacet
  facet normal -0 0 1
    outer loop
      vertex 20.1414 5.74261 0.799999
      vertex 20.2682 5.1759 0.799999
      vertex 20.1492 5.74439 0.799999
    endloop
  endfacet
  facet normal -0 0 1
    outer loop
      vertex 20.0598 5.72398 0.799999
      vertex 20.2682 5.1759 0.799999
      vertex 20.1414 5.74261 0.799999
    endloop
  endfacet
  facet normal 0 0 1
    outer loop
      vertex 20.2682 5.1759 0.799999
      vertex 20.0598 5.72398 0.799999
      vertex 20.1713 5.15474 0.799999
    endloop
  endfacet
  facet normal 0 0 1
    outer loop
      vertex 20.1713 5.15474 0.799999
      vertex 20.0598 5.72398 0.799999
      vertex 20.0732 5.14004 0.799999
    endloop
  endfacet
  facet normal -0 0 1
    outer loop
      vertex 19.9767 5.71356 0.799999
      vertex 20.0732 5.14004 0.799999
      vertex 20.0598 5.72398 0.799999
    endloop
  endfacet
  facet normal -0 0 1
    outer loop
      vertex 19.9688 5.71257 0.799999
      vertex 20.0732 5.14004 0.799999
      vertex 19.9767 5.71356 0.799999
    endloop
  endfacet
  facet normal 0 0 1
    outer loop
      vertex 20.0732 5.14004 0.799999
      vertex 19.9688 5.71257 0.799999
      vertex 19.9744 5.13184 0.799999
    endloop
  endfacet
  facet normal -0 0 1
    outer loop
      vertex 19.8771 5.71029 0.799999
      vertex 19.9744 5.13184 0.799999
      vertex 19.9688 5.71257 0.799999
    endloop
  endfacet
  facet normal 0 0 1
    outer loop
      vertex 19.8771 5.71029 0.799999
      vertex 19.8752 5.1302 0.799999
      vertex 19.9744 5.13184 0.799999
    endloop
  endfacet
  facet normal 0 0 1
    outer loop
      vertex 19.7761 5.13512 0.799999
      vertex 19.8771 5.71029 0.799999
      vertex 19.7856 5.71714 0.799999
    endloop
  endfacet
  facet normal 0 0 1
    outer loop
      vertex 19.8771 5.71029 0.799999
      vertex 19.7761 5.13512 0.799999
      vertex 19.8752 5.1302 0.799999
    endloop
  endfacet
  facet normal 0 0 1
    outer loop
      vertex 19.6776 5.14658 0.799999
      vertex 19.7856 5.71714 0.799999
      vertex 19.6953 5.73307 0.799999
    endloop
  endfacet
  facet normal 0 0 1
    outer loop
      vertex 19.5801 5.16452 0.799999
      vertex 19.6953 5.73307 0.799999
      vertex 19.6876 5.73523 0.799999
    endloop
  endfacet
  facet normal 0 0 1
    outer loop
      vertex 19.7856 5.71714 0.799999
      vertex 19.6776 5.14658 0.799999
      vertex 19.7761 5.13512 0.799999
    endloop
  endfacet
  facet normal 0 0 1
    outer loop
      vertex 19.4839 5.18887 0.799999
      vertex 19.6876 5.73523 0.799999
      vertex 19.607 5.75791 0.799999
    endloop
  endfacet
  facet normal 0 0 1
    outer loop
      vertex 19.6953 5.73307 0.799999
      vertex 19.5801 5.16452 0.799999
      vertex 19.6776 5.14658 0.799999
    endloop
  endfacet
  facet normal 0 0 1
    outer loop
      vertex 19.3896 5.21952 0.799999
      vertex 19.607 5.75791 0.799999
      vertex 19.529 5.7885 0.799999
    endloop
  endfacet
  facet normal 0 0 1
    outer loop
      vertex 19.2975 5.25634 0.799999
      vertex 19.529 5.7885 0.799999
      vertex 19.5216 5.79141 0.799999
    endloop
  endfacet
  facet normal 0 0 1
    outer loop
      vertex 19.6876 5.73523 0.799999
      vertex 19.4839 5.18887 0.799999
      vertex 19.5801 5.16452 0.799999
    endloop
  endfacet
  facet normal 0 0 1
    outer loop
      vertex 19.208 5.29917 0.799999
      vertex 19.5216 5.79141 0.799999
      vertex 19.44 5.83326 0.799999
    endloop
  endfacet
  facet normal 0 0 1
    outer loop
      vertex 19.1215 5.34781 0.799999
      vertex 19.44 5.83326 0.799999
      vertex 19.4333 5.83758 0.799999
    endloop
  endfacet
  facet normal 0 0 1
    outer loop
      vertex 19.607 5.75791 0.799999
      vertex 19.3896 5.21952 0.799999
      vertex 19.4839 5.18887 0.799999
    endloop
  endfacet
  facet normal 0 0 1
    outer loop
      vertex 19.1215 5.34781 0.799999
      vertex 19.4333 5.83758 0.799999
      vertex 19.363 5.88302 0.799999
    endloop
  endfacet
  facet normal 0 0 1
    outer loop
      vertex 19.529 5.7885 0.799999
      vertex 19.2975 5.25634 0.799999
      vertex 19.3896 5.21952 0.799999
    endloop
  endfacet
  facet normal 0 0 1
    outer loop
      vertex 18.9592 5.46168 0.799999
      vertex 19.363 5.88302 0.799999
      vertex 19.2912 5.9402 0.799999
    endloop
  endfacet
  facet normal 0 0 1
    outer loop
      vertex 18.8841 5.52641 0.799999
      vertex 19.2912 5.9402 0.799999
      vertex 19.2313 5.99867 0.799999
    endloop
  endfacet
  facet normal 0 0 1
    outer loop
      vertex 18.8134 5.59597 0.799999
      vertex 19.2313 5.99867 0.799999
      vertex 19.2256 6.00424 0.799999
    endloop
  endfacet
  facet normal 0 0 1
    outer loop
      vertex 18.8134 5.59597 0.799999
      vertex 19.2256 6.00424 0.799999
      vertex 19.2205 6.01035 0.799999
    endloop
  endfacet
  facet normal 0 0 1
    outer loop
      vertex 19.5216 5.79141 0.799999
      vertex 19.208 5.29917 0.799999
      vertex 19.2975 5.25634 0.799999
    endloop
  endfacet
  facet normal 0 0 1
    outer loop
      vertex 18.7474 5.67005 0.799999
      vertex 19.2205 6.01035 0.799999
      vertex 19.1666 6.0745 0.799999
    endloop
  endfacet
  facet normal 0 0 1
    outer loop
      vertex 19.44 5.83326 0.799999
      vertex 19.1215 5.34781 0.799999
      vertex 19.208 5.29917 0.799999
    endloop
  endfacet
  facet normal 0 0 1
    outer loop
      vertex 18.6865 5.74832 0.799999
      vertex 19.1666 6.0745 0.799999
      vertex 19.115 6.15028 0.799999
    endloop
  endfacet
  facet normal 0 0 1
    outer loop
      vertex 18.5808 5.91608 0.799999
      vertex 19.115 6.15028 0.799999
      vertex 19.0711 6.23083 0.799999
    endloop
  endfacet
  facet normal 0 0 1
    outer loop
      vertex 18.5365 6.00483 0.799999
      vertex 19.0711 6.23083 0.799999
      vertex 19.068 6.23818 0.799999
    endloop
  endfacet
  facet normal 0 0 1
    outer loop
      vertex 18.5365 6.00483 0.799999
      vertex 19.068 6.23818 0.799999
      vertex 19.0525 6.275 0.799999
    endloop
  endfacet
  facet normal 0 0 1
    outer loop
      vertex 19.363 5.88302 0.799999
      vertex 19.0385 5.40206 0.799999
      vertex 19.1215 5.34781 0.799999
    endloop
  endfacet
  facet normal 0 0 1
    outer loop
      vertex 19.363 5.88302 0.799999
      vertex 18.9592 5.46168 0.799999
      vertex 19.0385 5.40206 0.799999
    endloop
  endfacet
  facet normal 0 0 1
    outer loop
      vertex 19.2912 5.9402 0.799999
      vertex 18.8841 5.52641 0.799999
      vertex 18.9592 5.46168 0.799999
    endloop
  endfacet
  facet normal 0 0 1
    outer loop
      vertex 19.2313 5.99867 0.799999
      vertex 18.8134 5.59597 0.799999
      vertex 18.8841 5.52641 0.799999
    endloop
  endfacet
  facet normal 0 0 1
    outer loop
      vertex 19.2205 6.01035 0.799999
      vertex 18.7474 5.67005 0.799999
      vertex 18.8134 5.59597 0.799999
    endloop
  endfacet
  facet normal 0 0 1
    outer loop
      vertex 19.1666 6.0745 0.799999
      vertex 18.6865 5.74832 0.799999
      vertex 18.7474 5.67005 0.799999
    endloop
  endfacet
  facet normal 0 0 1
    outer loop
      vertex 19.115 6.15028 0.799999
      vertex 18.6309 5.83045 0.799999
      vertex 18.6865 5.74832 0.799999
    endloop
  endfacet
  facet normal 0 0 1
    outer loop
      vertex 19.115 6.15028 0.799999
      vertex 18.5808 5.91608 0.799999
      vertex 18.6309 5.83045 0.799999
    endloop
  endfacet
  facet normal 0 0 1
    outer loop
      vertex 19.0711 6.23083 0.799999
      vertex 18.5365 6.00483 0.799999
      vertex 18.5808 5.91608 0.799999
    endloop
  endfacet
  facet normal 0 0 1
    outer loop
      vertex 19.0525 6.275 0.799999
      vertex 18.4982 6.09631 0.799999
      vertex 18.5365 6.00483 0.799999
    endloop
  endfacet
  facet normal 0 0 1
    outer loop
      vertex 19.0525 6.275 0.799999
      vertex 18.4659 6.19012 0.799999
      vertex 18.4982 6.09631 0.799999
    endloop
  endfacet
  facet normal 0 -0 1
    outer loop
      vertex 18.4659 6.19012 0.799999
      vertex 19.0525 6.275 0.799999
      vertex 18.443 6.275 0.799999
    endloop
  endfacet
  facet normal 0.97317 -0.230088 0
    outer loop
      vertex 21.3478 6.23778 0.799999
      vertex 21.3566 6.275 0
      vertex 21.3566 6.275 0.799999
    endloop
  endfacet
  facet normal 0.97317 -0.230088 0
    outer loop
      vertex 21.3566 6.275 0
      vertex 21.3478 6.23778 0.799999
      vertex 21.3478 6.23778 0
    endloop
  endfacet
  facet normal 0.768304 -0.640085 0
    outer loop
      vertex 21.0202 5.63246 0.799999
      vertex 21.0837 5.70868 0
      vertex 21.0837 5.70868 0.799999
    endloop
  endfacet
  facet normal 0.768304 -0.640085 0
    outer loop
      vertex 21.0837 5.70868 0
      vertex 21.0202 5.63246 0.799999
      vertex 21.0202 5.63246 0
    endloop
  endfacet
  facet normal 0.809041 -0.587752 0
    outer loop
      vertex 21.0837 5.70868 0.799999
      vertex 21.142 5.78893 0
      vertex 21.142 5.78893 0.799999
    endloop
  endfacet
  facet normal 0.809041 -0.587752 0
    outer loop
      vertex 21.142 5.78893 0
      vertex 21.0837 5.70868 0.799999
      vertex 21.0837 5.70868 0
    endloop
  endfacet
  facet normal 0.845953 -0.533257 0
    outer loop
      vertex 21.142 5.78893 0.799999
      vertex 21.1949 5.87285 0
      vertex 21.1949 5.87285 0.799999
    endloop
  endfacet
  facet normal 0.845953 -0.533257 0
    outer loop
      vertex 21.1949 5.87285 0
      vertex 21.142 5.78893 0.799999
      vertex 21.142 5.78893 0
    endloop
  endfacet
  facet normal 0.461353 -0.887217 0
    outer loop
      vertex 20.5476 5.27701 0
      vertex 20.6356 5.32277 0.799999
      vertex 20.5476 5.27701 0.799999
    endloop
  endfacet
  facet normal 0.461353 -0.887217 0
    outer loop
      vertex 20.6356 5.32277 0.799999
      vertex 20.5476 5.27701 0
      vertex 20.6356 5.32277 0
    endloop
  endfacet
  facet normal 0.518936 -0.854813 0
    outer loop
      vertex 20.6356 5.32277 0
      vertex 20.7204 5.37425 0.799999
      vertex 20.6356 5.32277 0.799999
    endloop
  endfacet
  facet normal 0.518936 -0.854813 0
    outer loop
      vertex 20.7204 5.37425 0.799999
      vertex 20.6356 5.32277 0
      vertex 20.7204 5.37425 0
    endloop
  endfacet
  facet normal 0.934536 -0.35587 0
    outer loop
      vertex 21.2834 6.05025 0.799999
      vertex 21.3187 6.14295 0
      vertex 21.3187 6.14295 0.799999
    endloop
  endfacet
  facet normal 0.934536 -0.35587 0
    outer loop
      vertex 21.3187 6.14295 0
      vertex 21.2834 6.05025 0.799999
      vertex 21.2834 6.05025 0
    endloop
  endfacet
  facet normal 0.909154 -0.41646 0
    outer loop
      vertex 21.2421 5.96009 0.799999
      vertex 21.2834 6.05025 0
      vertex 21.2834 6.05025 0.799999
    endloop
  endfacet
  facet normal 0.909154 -0.41646 0
    outer loop
      vertex 21.2834 6.05025 0
      vertex 21.2421 5.96009 0.799999
      vertex 21.2421 5.96009 0
    endloop
  endfacet
  facet normal 0.01653 -0.999863 0
    outer loop
      vertex 19.8752 5.1302 0
      vertex 19.9744 5.13184 0.799999
      vertex 19.8752 5.1302 0.799999
    endloop
  endfacet
  facet normal 0.01653 -0.999863 0
    outer loop
      vertex 19.9744 5.13184 0.799999
      vertex 19.8752 5.1302 0
      vertex 19.9744 5.13184 0
    endloop
  endfacet
  facet normal -0.24538 -0.969427 0
    outer loop
      vertex 19.4839 5.18887 0
      vertex 19.5801 5.16452 0.799999
      vertex 19.4839 5.18887 0.799999
    endloop
  endfacet
  facet normal -0.24538 -0.969427 -0
    outer loop
      vertex 19.5801 5.16452 0.799999
      vertex 19.4839 5.18887 0
      vertex 19.5801 5.16452 0
    endloop
  endfacet
  facet normal -0.746653 -0.665214 0
    outer loop
      vertex 18.8134 5.59597 0
      vertex 18.7474 5.67005 0.799999
      vertex 18.7474 5.67005 0
    endloop
  endfacet
  facet normal -0.746653 -0.665214 0
    outer loop
      vertex 18.7474 5.67005 0.799999
      vertex 18.8134 5.59597 0
      vertex 18.8134 5.59597 0.799999
    endloop
  endfacet
  facet normal -0.828089 -0.560596 0
    outer loop
      vertex 18.6865 5.74832 0
      vertex 18.6309 5.83045 0.799999
      vertex 18.6309 5.83045 0
    endloop
  endfacet
  facet normal -0.828089 -0.560596 0
    outer loop
      vertex 18.6309 5.83045 0.799999
      vertex 18.6865 5.74832 0
      vertex 18.6865 5.74832 0.799999
    endloop
  endfacet
  facet normal -0.894729 -0.446609 0
    outer loop
      vertex 18.5808 5.91608 0
      vertex 18.5365 6.00483 0.799999
      vertex 18.5365 6.00483 0
    endloop
  endfacet
  facet normal -0.894729 -0.446609 0
    outer loop
      vertex 18.5365 6.00483 0.799999
      vertex 18.5808 5.91608 0
      vertex 18.5808 5.91608 0.799999
    endloop
  endfacet
  facet normal 0.277343 -0.960771 0
    outer loop
      vertex 20.2682 5.1759 0
      vertex 20.3635 5.20341 0.799999
      vertex 20.2682 5.1759 0.799999
    endloop
  endfacet
  facet normal 0.277343 -0.960771 0
    outer loop
      vertex 20.3635 5.20341 0.799999
      vertex 20.2682 5.1759 0
      vertex 20.3635 5.20341 0
    endloop
  endfacet
  facet normal 0.148193 -0.988959 0
    outer loop
      vertex 20.0732 5.14004 0
      vertex 20.1713 5.15474 0.799999
      vertex 20.0732 5.14004 0.799999
    endloop
  endfacet
  facet normal 0.148193 -0.988959 0
    outer loop
      vertex 20.1713 5.15474 0.799999
      vertex 20.0732 5.14004 0
      vertex 20.1713 5.15474 0
    endloop
  endfacet
  facet normal 0.626966 -0.779047 0
    outer loop
      vertex 20.8016 5.43122 0
      vertex 20.8789 5.49343 0.799999
      vertex 20.8016 5.43122 0.799999
    endloop
  endfacet
  facet normal 0.626966 -0.779047 0
    outer loop
      vertex 20.8789 5.49343 0.799999
      vertex 20.8016 5.43122 0
      vertex 20.8789 5.49343 0
    endloop
  endfacet
  facet normal 0.677166 -0.735831 0
    outer loop
      vertex 20.8789 5.49343 0
      vertex 20.9519 5.56061 0.799999
      vertex 20.8789 5.49343 0.799999
    endloop
  endfacet
  facet normal 0.677166 -0.735831 0
    outer loop
      vertex 20.9519 5.56061 0.799999
      vertex 20.8789 5.49343 0
      vertex 20.9519 5.56061 0
    endloop
  endfacet
  facet normal -0.0495857 -0.99877 0
    outer loop
      vertex 19.7761 5.13512 0
      vertex 19.8752 5.1302 0.799999
      vertex 19.7761 5.13512 0.799999
    endloop
  endfacet
  facet normal -0.0495857 -0.99877 -0
    outer loop
      vertex 19.8752 5.1302 0.799999
      vertex 19.7761 5.13512 0
      vertex 19.8752 5.1302 0
    endloop
  endfacet
  facet normal -0.180962 -0.98349 0
    outer loop
      vertex 19.5801 5.16452 0
      vertex 19.6776 5.14658 0.799999
      vertex 19.5801 5.16452 0.799999
    endloop
  endfacet
  facet normal -0.180962 -0.98349 -0
    outer loop
      vertex 19.6776 5.14658 0.799999
      vertex 19.5801 5.16452 0
      vertex 19.6776 5.14658 0
    endloop
  endfacet
  facet normal -0.600935 -0.799298 0
    outer loop
      vertex 18.9592 5.46168 0
      vertex 19.0385 5.40206 0.799999
      vertex 18.9592 5.46168 0.799999
    endloop
  endfacet
  facet normal -0.600935 -0.799298 -0
    outer loop
      vertex 19.0385 5.40206 0.799999
      vertex 18.9592 5.46168 0
      vertex 19.0385 5.40206 0
    endloop
  endfacet
  facet normal -0.701336 -0.71283 0
    outer loop
      vertex 18.8134 5.59597 0
      vertex 18.8841 5.52641 0.799999
      vertex 18.8134 5.59597 0.799999
    endloop
  endfacet
  facet normal -0.701336 -0.71283 -0
    outer loop
      vertex 18.8841 5.52641 0.799999
      vertex 18.8134 5.59597 0
      vertex 18.8841 5.52641 0
    endloop
  endfacet
  facet normal -0.863124 -0.504992 0
    outer loop
      vertex 18.6309 5.83045 0
      vertex 18.5808 5.91608 0.799999
      vertex 18.5808 5.91608 0
    endloop
  endfacet
  facet normal -0.863124 -0.504992 0
    outer loop
      vertex 18.5808 5.91608 0.799999
      vertex 18.6309 5.83045 0
      vertex 18.6309 5.83045 0.799999
    endloop
  endfacet
  facet normal -0.945523 -0.325556 0
    outer loop
      vertex 18.4982 6.09631 0
      vertex 18.4659 6.19012 0.799999
      vertex 18.4659 6.19012 0
    endloop
  endfacet
  facet normal -0.945523 -0.325556 0
    outer loop
      vertex 18.4659 6.19012 0.799999
      vertex 18.4982 6.09631 0
      vertex 18.4982 6.09631 0.799999
    endloop
  endfacet
  facet normal -0.965479 -0.260479 0
    outer loop
      vertex 18.4659 6.19012 0
      vertex 18.443 6.275 0.799999
      vertex 18.443 6.275 0
    endloop
  endfacet
  facet normal -0.965479 -0.260479 0
    outer loop
      vertex 18.443 6.275 0.799999
      vertex 18.4659 6.19012 0
      vertex 18.4659 6.19012 0.799999
    endloop
  endfacet
  facet normal 0.574342 -0.818616 0
    outer loop
      vertex 20.7204 5.37425 0
      vertex 20.8016 5.43122 0.799999
      vertex 20.7204 5.37425 0.799999
    endloop
  endfacet
  facet normal 0.574342 -0.818616 0
    outer loop
      vertex 20.8016 5.43122 0.799999
      vertex 20.7204 5.37425 0
      vertex 20.8016 5.43122 0
    endloop
  endfacet
  facet normal 0.724785 -0.688975 0
    outer loop
      vertex 20.9519 5.56061 0.799999
      vertex 21.0202 5.63246 0
      vertex 21.0202 5.63246 0.799999
    endloop
  endfacet
  facet normal 0.724785 -0.688975 0
    outer loop
      vertex 21.0202 5.63246 0
      vertex 20.9519 5.56061 0.799999
      vertex 20.9519 5.56061 0
    endloop
  endfacet
  facet normal -0.309109 -0.951027 0
    outer loop
      vertex 19.3896 5.21952 0
      vertex 19.4839 5.18887 0.799999
      vertex 19.3896 5.21952 0.799999
    endloop
  endfacet
  facet normal -0.309109 -0.951027 -0
    outer loop
      vertex 19.4839 5.18887 0.799999
      vertex 19.3896 5.21952 0
      vertex 19.4839 5.18887 0
    endloop
  endfacet
  facet normal -0.490137 -0.871645 0
    outer loop
      vertex 19.1215 5.34781 0
      vertex 19.208 5.29917 0.799999
      vertex 19.1215 5.34781 0.799999
    endloop
  endfacet
  facet normal -0.490137 -0.871645 -0
    outer loop
      vertex 19.208 5.29917 0.799999
      vertex 19.1215 5.34781 0
      vertex 19.208 5.29917 0
    endloop
  endfacet
  facet normal -0.652874 -0.757467 0
    outer loop
      vertex 18.8841 5.52641 0
      vertex 18.9592 5.46168 0.799999
      vertex 18.8841 5.52641 0.799999
    endloop
  endfacet
  facet normal -0.652874 -0.757467 -0
    outer loop
      vertex 18.9592 5.46168 0.799999
      vertex 18.8841 5.52641 0
      vertex 18.9592 5.46168 0
    endloop
  endfacet
  facet normal 0.213342 -0.976978 0
    outer loop
      vertex 20.1713 5.15474 0
      vertex 20.2682 5.1759 0.799999
      vertex 20.1713 5.15474 0.799999
    endloop
  endfacet
  facet normal 0.213342 -0.976978 0
    outer loop
      vertex 20.2682 5.1759 0.799999
      vertex 20.1713 5.15474 0
      vertex 20.2682 5.1759 0
    endloop
  endfacet
  facet normal -0.547113 -0.837058 0
    outer loop
      vertex 19.0385 5.40206 0
      vertex 19.1215 5.34781 0.799999
      vertex 19.0385 5.40206 0.799999
    endloop
  endfacet
  facet normal -0.547113 -0.837058 -0
    outer loop
      vertex 19.1215 5.34781 0.799999
      vertex 19.0385 5.40206 0
      vertex 19.1215 5.34781 0
    endloop
  endfacet
  facet normal -0.431666 -0.902034 0
    outer loop
      vertex 19.208 5.29917 0
      vertex 19.2975 5.25634 0.799999
      vertex 19.208 5.29917 0.799999
    endloop
  endfacet
  facet normal -0.431666 -0.902034 -0
    outer loop
      vertex 19.2975 5.25634 0.799999
      vertex 19.208 5.29917 0
      vertex 19.2975 5.25634 0
    endloop
  endfacet
  facet normal 0.879524 0.475854 0
    outer loop
      vertex 21.2421 1.83991 0.799999
      vertex 21.1949 1.92715 0
      vertex 21.1949 1.92715 0.799999
    endloop
  endfacet
  facet normal 0.879524 0.475854 0
    outer loop
      vertex 21.1949 1.92715 0
      vertex 21.2421 1.83991 0.799999
      vertex 21.2421 1.83991 0
    endloop
  endfacet
  facet normal 0.340165 0.940366 -0
    outer loop
      vertex 20.4568 2.56283 0
      vertex 20.3635 2.59658 0.799999
      vertex 20.4568 2.56283 0.799999
    endloop
  endfacet
  facet normal 0.340165 0.940366 0
    outer loop
      vertex 20.3635 2.59658 0.799999
      vertex 20.4568 2.56283 0
      vertex 20.3635 2.59658 0
    endloop
  endfacet
  facet normal -0.431666 0.902034 0
    outer loop
      vertex 19.2975 2.54366 0
      vertex 19.208 2.50083 0.799999
      vertex 19.2975 2.54366 0.799999
    endloop
  endfacet
  facet normal -0.431666 0.902034 0
    outer loop
      vertex 19.208 2.50083 0.799999
      vertex 19.2975 2.54366 0
      vertex 19.208 2.50083 0
    endloop
  endfacet
  facet normal -0.922419 0.38619 0
    outer loop
      vertex 18.4982 1.70369 0
      vertex 18.5365 1.79517 0.799999
      vertex 18.5365 1.79517 0
    endloop
  endfacet
  facet normal -0.922419 0.38619 0
    outer loop
      vertex 18.5365 1.79517 0.799999
      vertex 18.4982 1.70369 0
      vertex 18.4982 1.70369 0.799999
    endloop
  endfacet
  facet normal 0.518936 0.854813 -0
    outer loop
      vertex 20.7204 2.42575 0
      vertex 20.6356 2.47723 0.799999
      vertex 20.7204 2.42575 0.799999
    endloop
  endfacet
  facet normal 0.518936 0.854813 0
    outer loop
      vertex 20.6356 2.47723 0.799999
      vertex 20.7204 2.42575 0
      vertex 20.6356 2.47723 0
    endloop
  endfacet
  facet normal -0.789238 0.614087 0
    outer loop
      vertex 18.6865 2.05168 0
      vertex 18.7474 2.12995 0.799999
      vertex 18.7474 2.12995 0
    endloop
  endfacet
  facet normal -0.789238 0.614087 0
    outer loop
      vertex 18.7474 2.12995 0.799999
      vertex 18.6865 2.05168 0
      vertex 18.6865 2.05168 0.799999
    endloop
  endfacet
  facet normal -0.24538 0.969427 0
    outer loop
      vertex 19.5801 2.63548 0
      vertex 19.4839 2.61113 0.799999
      vertex 19.5801 2.63548 0.799999
    endloop
  endfacet
  facet normal -0.24538 0.969427 0
    outer loop
      vertex 19.4839 2.61113 0.799999
      vertex 19.5801 2.63548 0
      vertex 19.4839 2.61113 0
    endloop
  endfacet
  facet normal 0.809041 0.587752 0
    outer loop
      vertex 21.142 2.01107 0.799999
      vertex 21.0837 2.09132 0
      vertex 21.0837 2.09132 0.799999
    endloop
  endfacet
  facet normal 0.809041 0.587752 0
    outer loop
      vertex 21.0837 2.09132 0
      vertex 21.142 2.01107 0.799999
      vertex 21.142 2.01107 0
    endloop
  endfacet
  facet normal 0.277436 0.960744 -0
    outer loop
      vertex 20.3635 2.59658 0
      vertex 20.2682 2.6241 0.799999
      vertex 20.3635 2.59658 0.799999
    endloop
  endfacet
  facet normal 0.277436 0.960744 0
    outer loop
      vertex 20.2682 2.6241 0.799999
      vertex 20.3635 2.59658 0
      vertex 20.2682 2.6241 0
    endloop
  endfacet
  facet normal 0.148193 0.988959 -0
    outer loop
      vertex 20.1713 2.64526 0
      vertex 20.0732 2.65996 0.799999
      vertex 20.1713 2.64526 0.799999
    endloop
  endfacet
  facet normal 0.148193 0.988959 0
    outer loop
      vertex 20.0732 2.65996 0.799999
      vertex 20.1713 2.64526 0
      vertex 20.0732 2.65996 0
    endloop
  endfacet
  facet normal 0.574342 0.818616 -0
    outer loop
      vertex 20.8016 2.36878 0
      vertex 20.7204 2.42575 0.799999
      vertex 20.8016 2.36878 0.799999
    endloop
  endfacet
  facet normal 0.574342 0.818616 0
    outer loop
      vertex 20.7204 2.42575 0.799999
      vertex 20.8016 2.36878 0
      vertex 20.7204 2.42575 0
    endloop
  endfacet
  facet normal -0.894729 0.446609 0
    outer loop
      vertex 18.5365 1.79517 0
      vertex 18.5808 1.88392 0.799999
      vertex 18.5808 1.88392 0
    endloop
  endfacet
  facet normal -0.894729 0.446609 0
    outer loop
      vertex 18.5808 1.88392 0.799999
      vertex 18.5365 1.79517 0
      vertex 18.5365 1.79517 0.799999
    endloop
  endfacet
  facet normal -0.863124 0.504992 0
    outer loop
      vertex 18.5808 1.88392 0
      vertex 18.6309 1.96955 0.799999
      vertex 18.6309 1.96955 0
    endloop
  endfacet
  facet normal -0.863124 0.504992 0
    outer loop
      vertex 18.6309 1.96955 0.799999
      vertex 18.5808 1.88392 0
      vertex 18.5808 1.88392 0.799999
    endloop
  endfacet
  facet normal -0.309109 0.951027 0
    outer loop
      vertex 19.4839 2.61113 0
      vertex 19.3896 2.58048 0.799999
      vertex 19.4839 2.61113 0.799999
    endloop
  endfacet
  facet normal -0.309109 0.951027 0
    outer loop
      vertex 19.3896 2.58048 0.799999
      vertex 19.4839 2.61113 0
      vertex 19.3896 2.58048 0
    endloop
  endfacet
  facet normal -0.115566 0.9933 0
    outer loop
      vertex 19.7761 2.66488 0
      vertex 19.6776 2.65342 0.799999
      vertex 19.7761 2.66488 0.799999
    endloop
  endfacet
  facet normal -0.115566 0.9933 0
    outer loop
      vertex 19.6776 2.65342 0.799999
      vertex 19.7761 2.66488 0
      vertex 19.6776 2.65342 0
    endloop
  endfacet
  facet normal -0.600935 0.799298 0
    outer loop
      vertex 19.0385 2.39794 0
      vertex 18.9592 2.33832 0.799999
      vertex 19.0385 2.39794 0.799999
    endloop
  endfacet
  facet normal -0.600935 0.799298 0
    outer loop
      vertex 18.9592 2.33832 0.799999
      vertex 19.0385 2.39794 0
      vertex 18.9592 2.33832 0
    endloop
  endfacet
  facet normal -0.652874 0.757467 0
    outer loop
      vertex 18.9592 2.33832 0
      vertex 18.8841 2.27359 0.799999
      vertex 18.9592 2.33832 0.799999
    endloop
  endfacet
  facet normal -0.652874 0.757467 0
    outer loop
      vertex 18.8841 2.27359 0.799999
      vertex 18.9592 2.33832 0
      vertex 18.8841 2.27359 0
    endloop
  endfacet
  facet normal -0.547113 0.837058 0
    outer loop
      vertex 19.1215 2.45219 0
      vertex 19.0385 2.39794 0.799999
      vertex 19.1215 2.45219 0.799999
    endloop
  endfacet
  facet normal -0.547113 0.837058 0
    outer loop
      vertex 19.0385 2.39794 0.799999
      vertex 19.1215 2.45219 0
      vertex 19.0385 2.39794 0
    endloop
  endfacet
  facet normal 0.956001 0.293363 0
    outer loop
      vertex 21.3478 1.56222 0.799999
      vertex 21.3187 1.65705 0
      vertex 21.3187 1.65705 0.799999
    endloop
  endfacet
  facet normal 0.956001 0.293363 0
    outer loop
      vertex 21.3187 1.65705 0
      vertex 21.3478 1.56222 0.799999
      vertex 21.3478 1.56222 0
    endloop
  endfacet
  facet normal 0.677166 0.735831 -0
    outer loop
      vertex 20.9519 2.23939 0
      vertex 20.8789 2.30657 0.799999
      vertex 20.9519 2.23939 0.799999
    endloop
  endfacet
  facet normal 0.677166 0.735831 0
    outer loop
      vertex 20.8789 2.30657 0.799999
      vertex 20.9519 2.23939 0
      vertex 20.8789 2.30657 0
    endloop
  endfacet
  facet normal 0.845953 0.533257 0
    outer loop
      vertex 21.1949 1.92715 0.799999
      vertex 21.142 2.01107 0
      vertex 21.142 2.01107 0.799999
    endloop
  endfacet
  facet normal 0.845953 0.533257 0
    outer loop
      vertex 21.142 2.01107 0
      vertex 21.1949 1.92715 0.799999
      vertex 21.1949 1.92715 0
    endloop
  endfacet
  facet normal 0.768304 0.640085 0
    outer loop
      vertex 21.0837 2.09132 0.799999
      vertex 21.0202 2.16754 0
      vertex 21.0202 2.16754 0.799999
    endloop
  endfacet
  facet normal 0.768304 0.640085 0
    outer loop
      vertex 21.0202 2.16754 0
      vertex 21.0837 2.09132 0.799999
      vertex 21.0837 2.09132 0
    endloop
  endfacet
  facet normal -0.0494852 0.998775 0
    outer loop
      vertex 19.8752 2.66979 0
      vertex 19.7761 2.66488 0.799999
      vertex 19.8752 2.66979 0.799999
    endloop
  endfacet
  facet normal -0.0494852 0.998775 0
    outer loop
      vertex 19.7761 2.66488 0.799999
      vertex 19.8752 2.66979 0
      vertex 19.7761 2.66488 0
    endloop
  endfacet
  facet normal 0.0826114 0.996582 -0
    outer loop
      vertex 20.0732 2.65996 0
      vertex 19.9744 2.66815 0.799999
      vertex 20.0732 2.65996 0.799999
    endloop
  endfacet
  facet normal 0.0826114 0.996582 0
    outer loop
      vertex 19.9744 2.66815 0.799999
      vertex 20.0732 2.65996 0
      vertex 19.9744 2.66815 0
    endloop
  endfacet
  facet normal 0.213342 0.976978 -0
    outer loop
      vertex 20.2682 2.6241 0
      vertex 20.1713 2.64526 0.799999
      vertex 20.2682 2.6241 0.799999
    endloop
  endfacet
  facet normal 0.213342 0.976978 0
    outer loop
      vertex 20.1713 2.64526 0.799999
      vertex 20.2682 2.6241 0
      vertex 20.1713 2.64526 0
    endloop
  endfacet
  facet normal 0.461353 0.887217 -0
    outer loop
      vertex 20.6356 2.47723 0
      vertex 20.5476 2.52299 0.799999
      vertex 20.6356 2.47723 0.799999
    endloop
  endfacet
  facet normal 0.461353 0.887217 0
    outer loop
      vertex 20.5476 2.52299 0.799999
      vertex 20.6356 2.47723 0
      vertex 20.5476 2.52299 0
    endloop
  endfacet
  facet normal 0.401792 0.915731 -0
    outer loop
      vertex 20.5476 2.52299 0
      vertex 20.4568 2.56283 0.799999
      vertex 20.5476 2.52299 0.799999
    endloop
  endfacet
  facet normal 0.401792 0.915731 0
    outer loop
      vertex 20.4568 2.56283 0.799999
      vertex 20.5476 2.52299 0
      vertex 20.4568 2.56283 0
    endloop
  endfacet
  facet normal 0.626966 0.779047 -0
    outer loop
      vertex 20.8789 2.30657 0
      vertex 20.8016 2.36878 0.799999
      vertex 20.8789 2.30657 0.799999
    endloop
  endfacet
  facet normal 0.626966 0.779047 0
    outer loop
      vertex 20.8016 2.36878 0.799999
      vertex 20.8789 2.30657 0
      vertex 20.8016 2.36878 0
    endloop
  endfacet
  facet normal -0.965472 0.260508 0
    outer loop
      vertex 18.443 1.525 0
      vertex 18.4659 1.60987 0.799999
      vertex 18.4659 1.60987 0
    endloop
  endfacet
  facet normal -0.965472 0.260508 0
    outer loop
      vertex 18.4659 1.60987 0.799999
      vertex 18.443 1.525 0
      vertex 18.443 1.525 0.799999
    endloop
  endfacet
  facet normal -0.945534 0.325525 0
    outer loop
      vertex 18.4659 1.60987 0
      vertex 18.4982 1.70369 0.799999
      vertex 18.4982 1.70369 0
    endloop
  endfacet
  facet normal -0.945534 0.325525 0
    outer loop
      vertex 18.4982 1.70369 0.799999
      vertex 18.4659 1.60987 0
      vertex 18.4659 1.60987 0.799999
    endloop
  endfacet
  facet normal -0.828089 0.560596 0
    outer loop
      vertex 18.6309 1.96955 0
      vertex 18.6865 2.05168 0.799999
      vertex 18.6865 2.05168 0
    endloop
  endfacet
  facet normal -0.828089 0.560596 0
    outer loop
      vertex 18.6865 2.05168 0.799999
      vertex 18.6309 1.96955 0
      vertex 18.6309 1.96955 0.799999
    endloop
  endfacet
  facet normal -0.371217 0.928546 0
    outer loop
      vertex 19.3896 2.58048 0
      vertex 19.2975 2.54366 0.799999
      vertex 19.3896 2.58048 0.799999
    endloop
  endfacet
  facet normal -0.371217 0.928546 0
    outer loop
      vertex 19.2975 2.54366 0.799999
      vertex 19.3896 2.58048 0
      vertex 19.2975 2.54366 0
    endloop
  endfacet
  facet normal -0.180962 0.98349 0
    outer loop
      vertex 19.6776 2.65342 0
      vertex 19.5801 2.63548 0.799999
      vertex 19.6776 2.65342 0.799999
    endloop
  endfacet
  facet normal -0.180962 0.98349 0
    outer loop
      vertex 19.5801 2.63548 0.799999
      vertex 19.6776 2.65342 0
      vertex 19.5801 2.63548 0
    endloop
  endfacet
  facet normal -0.490137 0.871645 0
    outer loop
      vertex 19.208 2.50083 0
      vertex 19.1215 2.45219 0.799999
      vertex 19.208 2.50083 0.799999
    endloop
  endfacet
  facet normal -0.490137 0.871645 0
    outer loop
      vertex 19.1215 2.45219 0.799999
      vertex 19.208 2.50083 0
      vertex 19.1215 2.45219 0
    endloop
  endfacet
  facet normal -0.701336 0.71283 0
    outer loop
      vertex 18.8841 2.27359 0
      vertex 18.8134 2.20403 0.799999
      vertex 18.8841 2.27359 0.799999
    endloop
  endfacet
  facet normal -0.701336 0.71283 0
    outer loop
      vertex 18.8134 2.20403 0.799999
      vertex 18.8841 2.27359 0
      vertex 18.8134 2.20403 0
    endloop
  endfacet
  facet normal -0.746653 0.665214 0
    outer loop
      vertex 18.7474 2.12995 0
      vertex 18.8134 2.20403 0.799999
      vertex 18.8134 2.20403 0
    endloop
  endfacet
  facet normal -0.746653 0.665214 0
    outer loop
      vertex 18.8134 2.20403 0.799999
      vertex 18.7474 2.12995 0
      vertex 18.7474 2.12995 0.799999
    endloop
  endfacet
  facet normal 0.909154 0.41646 0
    outer loop
      vertex 21.2834 1.74975 0.799999
      vertex 21.2421 1.83991 0
      vertex 21.2421 1.83991 0.799999
    endloop
  endfacet
  facet normal 0.909154 0.41646 0
    outer loop
      vertex 21.2421 1.83991 0
      vertex 21.2834 1.74975 0.799999
      vertex 21.2834 1.74975 0
    endloop
  endfacet
  facet normal 0.934536 0.35587 0
    outer loop
      vertex 21.3187 1.65705 0.799999
      vertex 21.2834 1.74975 0
      vertex 21.2834 1.74975 0.799999
    endloop
  endfacet
  facet normal 0.934536 0.35587 0
    outer loop
      vertex 21.2834 1.74975 0
      vertex 21.3187 1.65705 0.799999
      vertex 21.3187 1.65705 0
    endloop
  endfacet
  facet normal 0.97317 0.230088 0
    outer loop
      vertex 21.3566 1.525 0.799999
      vertex 21.3478 1.56222 0
      vertex 21.3478 1.56222 0.799999
    endloop
  endfacet
  facet normal 0.97317 0.230088 0
    outer loop
      vertex 21.3478 1.56222 0
      vertex 21.3566 1.525 0.799999
      vertex 21.3566 1.525 0
    endloop
  endfacet
  facet normal 0.724785 0.688975 0
    outer loop
      vertex 21.0202 2.16754 0.799999
      vertex 20.9519 2.23939 0
      vertex 20.9519 2.23939 0.799999
    endloop
  endfacet
  facet normal 0.724785 0.688975 0
    outer loop
      vertex 20.9519 2.23939 0
      vertex 21.0202 2.16754 0.799999
      vertex 21.0202 2.16754 0
    endloop
  endfacet
  facet normal 0.01653 0.999863 -0
    outer loop
      vertex 19.9744 2.66815 0
      vertex 19.8752 2.66979 0.799999
      vertex 19.9744 2.66815 0.799999
    endloop
  endfacet
  facet normal 0.01653 0.999863 0
    outer loop
      vertex 19.8752 2.66979 0.799999
      vertex 19.9744 2.66815 0
      vertex 19.8752 2.66979 0
    endloop
  endfacet
  facet normal 0 0 1
    outer loop
      vertex 20.7486 1.525 0.799999
      vertex 21.3478 1.56222 0.799999
      vertex 21.3187 1.65705 0.799999
    endloop
  endfacet
  facet normal 0 0 1
    outer loop
      vertex 20.7486 1.525 0.799999
      vertex 21.3187 1.65705 0.799999
      vertex 21.2834 1.74975 0.799999
    endloop
  endfacet
  facet normal 0 0 1
    outer loop
      vertex 20.7478 1.52736 0.799999
      vertex 21.2834 1.74975 0.799999
      vertex 21.2421 1.83991 0.799999
    endloop
  endfacet
  facet normal 0 0 1
    outer loop
      vertex 20.708 1.60999 0.799999
      vertex 21.2421 1.83991 0.799999
      vertex 21.1949 1.92715 0.799999
    endloop
  endfacet
  facet normal 0 0 1
    outer loop
      vertex 20.6601 1.68825 0.799999
      vertex 21.1949 1.92715 0.799999
      vertex 21.142 2.01107 0.799999
    endloop
  endfacet
  facet normal 0 0 1
    outer loop
      vertex 20.6601 1.68825 0.799999
      vertex 21.142 2.01107 0.799999
      vertex 21.0837 2.09132 0.799999
    endloop
  endfacet
  facet normal 0 0 1
    outer loop
      vertex 20.6048 1.76136 0.799999
      vertex 21.0837 2.09132 0.799999
      vertex 21.0202 2.16754 0.799999
    endloop
  endfacet
  facet normal 0 0 1
    outer loop
      vertex 20.5424 1.8286 0.799999
      vertex 21.0202 2.16754 0.799999
      vertex 20.9519 2.23939 0.799999
    endloop
  endfacet
  facet normal 0 0 1
    outer loop
      vertex 20.5424 1.8286 0.799999
      vertex 20.9519 2.23939 0.799999
      vertex 20.8789 2.30657 0.799999
    endloop
  endfacet
  facet normal 0 0 1
    outer loop
      vertex 20.4736 1.88928 0.799999
      vertex 20.8789 2.30657 0.799999
      vertex 20.8016 2.36878 0.799999
    endloop
  endfacet
  facet normal 0 0 1
    outer loop
      vertex 21.1949 1.92715 0.799999
      vertex 20.6601 1.68825 0.799999
      vertex 20.708 1.60999 0.799999
    endloop
  endfacet
  facet normal 0 0 1
    outer loop
      vertex 21.3478 1.56222 0.799999
      vertex 20.7486 1.525 0.799999
      vertex 21.3566 1.525 0.799999
    endloop
  endfacet
  facet normal 0 0 1
    outer loop
      vertex 20.3991 1.94282 0.799999
      vertex 20.8016 2.36878 0.799999
      vertex 20.7204 2.42575 0.799999
    endloop
  endfacet
  facet normal 0 0 1
    outer loop
      vertex 21.2834 1.74975 0.799999
      vertex 20.7478 1.52736 0.799999
      vertex 20.7486 1.525 0.799999
    endloop
  endfacet
  facet normal 0 0 1
    outer loop
      vertex 21.2421 1.83991 0.799999
      vertex 20.708 1.60999 0.799999
      vertex 20.7478 1.52736 0.799999
    endloop
  endfacet
  facet normal 0 0 1
    outer loop
      vertex 20.3922 1.94681 0.799999
      vertex 20.7204 2.42575 0.799999
      vertex 20.6356 2.47723 0.799999
    endloop
  endfacet
  facet normal 0 0 1
    outer loop
      vertex 21.0837 2.09132 0.799999
      vertex 20.6048 1.76136 0.799999
      vertex 20.6601 1.68825 0.799999
    endloop
  endfacet
  facet normal 0 0 1
    outer loop
      vertex 21.0202 2.16754 0.799999
      vertex 20.5993 1.76721 0.799999
      vertex 20.6048 1.76136 0.799999
    endloop
  endfacet
  facet normal 0 0 1
    outer loop
      vertex 20.3197 1.98868 0.799999
      vertex 20.6356 2.47723 0.799999
      vertex 20.5476 2.52299 0.799999
    endloop
  endfacet
  facet normal 0 0 1
    outer loop
      vertex 21.0202 2.16754 0.799999
      vertex 20.5424 1.8286 0.799999
      vertex 20.5993 1.76721 0.799999
    endloop
  endfacet
  facet normal 0 0 1
    outer loop
      vertex 20.8789 2.30657 0.799999
      vertex 20.4796 1.88401 0.799999
      vertex 20.5424 1.8286 0.799999
    endloop
  endfacet
  facet normal 0 0 1
    outer loop
      vertex 20.8789 2.30657 0.799999
      vertex 20.4736 1.88928 0.799999
      vertex 20.4796 1.88401 0.799999
    endloop
  endfacet
  facet normal 0 0 1
    outer loop
      vertex 20.8016 2.36878 0.799999
      vertex 20.4671 1.89394 0.799999
      vertex 20.4736 1.88928 0.799999
    endloop
  endfacet
  facet normal 0 0 1
    outer loop
      vertex 20.2434 2.02312 0.799999
      vertex 20.5476 2.52299 0.799999
      vertex 20.4568 2.56283 0.799999
    endloop
  endfacet
  facet normal 0 0 1
    outer loop
      vertex 20.8016 2.36878 0.799999
      vertex 20.3991 1.94282 0.799999
      vertex 20.4671 1.89394 0.799999
    endloop
  endfacet
  facet normal 0 0 1
    outer loop
      vertex 20.7204 2.42575 0.799999
      vertex 20.3922 1.94681 0.799999
      vertex 20.3991 1.94282 0.799999
    endloop
  endfacet
  facet normal 0 0 1
    outer loop
      vertex 20.2286 2.02894 0.799999
      vertex 20.4568 2.56283 0.799999
      vertex 20.3635 2.59658 0.799999
    endloop
  endfacet
  facet normal 0 0 1
    outer loop
      vertex 20.6356 2.47723 0.799999
      vertex 20.3197 1.98868 0.799999
      vertex 20.3922 1.94681 0.799999
    endloop
  endfacet
  facet normal 0 0 1
    outer loop
      vertex 20.1492 2.05561 0.799999
      vertex 20.3635 2.59658 0.799999
      vertex 20.2682 2.6241 0.799999
    endloop
  endfacet
  facet normal 0 0 1
    outer loop
      vertex 20.5476 2.52299 0.799999
      vertex 20.2434 2.02312 0.799999
      vertex 20.3197 1.98868 0.799999
    endloop
  endfacet
  facet normal 0 0 1
    outer loop
      vertex 20.4568 2.56283 0.799999
      vertex 20.2361 2.0264 0.799999
      vertex 20.2434 2.02312 0.799999
    endloop
  endfacet
  facet normal 0 0 1
    outer loop
      vertex 20.4568 2.56283 0.799999
      vertex 20.2286 2.02894 0.799999
      vertex 20.2361 2.0264 0.799999
    endloop
  endfacet
  facet normal 0 0 1
    outer loop
      vertex 20.0675 2.07425 0.799999
      vertex 20.2682 2.6241 0.799999
      vertex 20.1713 2.64526 0.799999
    endloop
  endfacet
  facet normal 0 0 1
    outer loop
      vertex 20.3635 2.59658 0.799999
      vertex 20.1492 2.05561 0.799999
      vertex 20.2286 2.02894 0.799999
    endloop
  endfacet
  facet normal 0 0 1
    outer loop
      vertex 20.0598 2.07602 0.799999
      vertex 20.1713 2.64526 0.799999
      vertex 20.0732 2.65996 0.799999
    endloop
  endfacet
  facet normal 0 0 1
    outer loop
      vertex 20.2682 2.6241 0.799999
      vertex 20.0675 2.07425 0.799999
      vertex 20.1492 2.05561 0.799999
    endloop
  endfacet
  facet normal 0 0 1
    outer loop
      vertex 20.1713 2.64526 0.799999
      vertex 20.0598 2.07602 0.799999
      vertex 20.0675 2.07425 0.799999
    endloop
  endfacet
  facet normal 0 0 1
    outer loop
      vertex 20.0732 2.65996 0.799999
      vertex 19.9767 2.08644 0.799999
      vertex 20.0598 2.07602 0.799999
    endloop
  endfacet
  facet normal 0 0 1
    outer loop
      vertex 19.9688 2.08743 0.799999
      vertex 20.0732 2.65996 0.799999
      vertex 19.9744 2.66815 0.799999
    endloop
  endfacet
  facet normal 0 0 1
    outer loop
      vertex 20.0732 2.65996 0.799999
      vertex 19.9688 2.08743 0.799999
      vertex 19.9767 2.08644 0.799999
    endloop
  endfacet
  facet normal 0 0 1
    outer loop
      vertex 19.9744 2.66815 0.799999
      vertex 19.885 2.08952 0.799999
      vertex 19.9688 2.08743 0.799999
    endloop
  endfacet
  facet normal 0 0 1
    outer loop
      vertex 19.8752 2.66979 0.799999
      vertex 19.885 2.08952 0.799999
      vertex 19.9744 2.66815 0.799999
    endloop
  endfacet
  facet normal 0 0 1
    outer loop
      vertex 19.885 2.08952 0.799999
      vertex 19.8752 2.66979 0.799999
      vertex 19.8771 2.08971 0.799999
    endloop
  endfacet
  facet normal 0 0 1
    outer loop
      vertex 19.8752 2.66979 0.799999
      vertex 19.8691 2.08912 0.799999
      vertex 19.8771 2.08971 0.799999
    endloop
  endfacet
  facet normal -0 0 1
    outer loop
      vertex 19.7761 2.66488 0.799999
      vertex 19.8691 2.08912 0.799999
      vertex 19.8752 2.66979 0.799999
    endloop
  endfacet
  facet normal 0 0 1
    outer loop
      vertex 19.8691 2.08912 0.799999
      vertex 19.7761 2.66488 0.799999
      vertex 19.7856 2.08286 0.799999
    endloop
  endfacet
  facet normal -0 0 1
    outer loop
      vertex 19.6776 2.65342 0.799999
      vertex 19.7856 2.08286 0.799999
      vertex 19.7761 2.66488 0.799999
    endloop
  endfacet
  facet normal 0 0 1
    outer loop
      vertex 19.7856 2.08286 0.799999
      vertex 19.6776 2.65342 0.799999
      vertex 19.7031 2.06832 0.799999
    endloop
  endfacet
  facet normal -0 0 1
    outer loop
      vertex 19.5801 2.63548 0.799999
      vertex 19.7031 2.06832 0.799999
      vertex 19.6776 2.65342 0.799999
    endloop
  endfacet
  facet normal 0 0 1
    outer loop
      vertex 19.7031 2.06832 0.799999
      vertex 19.5801 2.63548 0.799999
      vertex 19.6953 2.06693 0.799999
    endloop
  endfacet
  facet normal -0 0 1
    outer loop
      vertex 19.4839 2.61113 0.799999
      vertex 19.6953 2.06693 0.799999
      vertex 19.5801 2.63548 0.799999
    endloop
  endfacet
  facet normal 0 0 1
    outer loop
      vertex 19.6953 2.06693 0.799999
      vertex 19.4839 2.61113 0.799999
      vertex 19.607 2.04209 0.799999
    endloop
  endfacet
  facet normal -0 0 1
    outer loop
      vertex 19.3896 2.58048 0.799999
      vertex 19.607 2.04209 0.799999
      vertex 19.4839 2.61113 0.799999
    endloop
  endfacet
  facet normal 0 0 1
    outer loop
      vertex 19.607 2.04209 0.799999
      vertex 19.3896 2.58048 0.799999
      vertex 19.5216 2.00859 0.799999
    endloop
  endfacet
  facet normal -0 0 1
    outer loop
      vertex 19.2975 2.54366 0.799999
      vertex 19.5216 2.00859 0.799999
      vertex 19.3896 2.58048 0.799999
    endloop
  endfacet
  facet normal -0 0 1
    outer loop
      vertex 19.208 2.50083 0.799999
      vertex 19.5216 2.00859 0.799999
      vertex 19.2975 2.54366 0.799999
    endloop
  endfacet
  facet normal 0 0 1
    outer loop
      vertex 19.5216 2.00859 0.799999
      vertex 19.208 2.50083 0.799999
      vertex 19.44 1.96674 0.799999
    endloop
  endfacet
  facet normal -0 0 1
    outer loop
      vertex 19.1215 2.45219 0.799999
      vertex 19.44 1.96674 0.799999
      vertex 19.208 2.50083 0.799999
    endloop
  endfacet
  facet normal 0 0 1
    outer loop
      vertex 19.44 1.96674 0.799999
      vertex 19.1215 2.45219 0.799999
      vertex 19.4333 1.96242 0.799999
    endloop
  endfacet
  facet normal 0 0 1
    outer loop
      vertex 19.4333 1.96242 0.799999
      vertex 19.1215 2.45219 0.799999
      vertex 19.363 1.91698 0.799999
    endloop
  endfacet
  facet normal -0 0 1
    outer loop
      vertex 19.0385 2.39794 0.799999
      vertex 19.363 1.91698 0.799999
      vertex 19.1215 2.45219 0.799999
    endloop
  endfacet
  facet normal -0 0 1
    outer loop
      vertex 18.9592 2.33832 0.799999
      vertex 19.363 1.91698 0.799999
      vertex 19.0385 2.39794 0.799999
    endloop
  endfacet
  facet normal 0 0 1
    outer loop
      vertex 19.363 1.91698 0.799999
      vertex 18.9592 2.33832 0.799999
      vertex 19.2912 1.8598 0.799999
    endloop
  endfacet
  facet normal -0 0 1
    outer loop
      vertex 18.8841 2.27359 0.799999
      vertex 19.2912 1.8598 0.799999
      vertex 18.9592 2.33832 0.799999
    endloop
  endfacet
  facet normal 0 0 1
    outer loop
      vertex 19.2912 1.8598 0.799999
      vertex 18.8841 2.27359 0.799999
      vertex 19.2313 1.80133 0.799999
    endloop
  endfacet
  facet normal -0 0 1
    outer loop
      vertex 18.8134 2.20403 0.799999
      vertex 19.2313 1.80133 0.799999
      vertex 18.8841 2.27359 0.799999
    endloop
  endfacet
  facet normal 0 0 1
    outer loop
      vertex 19.2313 1.80133 0.799999
      vertex 18.8134 2.20403 0.799999
      vertex 19.2256 1.79576 0.799999
    endloop
  endfacet
  facet normal 0 0 1
    outer loop
      vertex 19.2256 1.79576 0.799999
      vertex 18.8134 2.20403 0.799999
      vertex 19.2205 1.78965 0.799999
    endloop
  endfacet
  facet normal -0 0 1
    outer loop
      vertex 18.7474 2.12995 0.799999
      vertex 19.2205 1.78965 0.799999
      vertex 18.8134 2.20403 0.799999
    endloop
  endfacet
  facet normal 0 0 1
    outer loop
      vertex 19.2205 1.78965 0.799999
      vertex 18.7474 2.12995 0.799999
      vertex 19.1666 1.7255 0.799999
    endloop
  endfacet
  facet normal -0 0 1
    outer loop
      vertex 18.6865 2.05168 0.799999
      vertex 19.1666 1.7255 0.799999
      vertex 18.7474 2.12995 0.799999
    endloop
  endfacet
  facet normal 0 0 1
    outer loop
      vertex 19.1666 1.7255 0.799999
      vertex 18.6865 2.05168 0.799999
      vertex 19.115 1.64972 0.799999
    endloop
  endfacet
  facet normal -0 0 1
    outer loop
      vertex 18.6309 1.96955 0.799999
      vertex 19.115 1.64972 0.799999
      vertex 18.6865 2.05168 0.799999
    endloop
  endfacet
  facet normal -0 0 1
    outer loop
      vertex 18.5808 1.88392 0.799999
      vertex 19.115 1.64972 0.799999
      vertex 18.6309 1.96955 0.799999
    endloop
  endfacet
  facet normal 0 0 1
    outer loop
      vertex 19.115 1.64972 0.799999
      vertex 18.5808 1.88392 0.799999
      vertex 19.0749 1.57618 0.799999
    endloop
  endfacet
  facet normal 0 0 1
    outer loop
      vertex 19.0749 1.57618 0.799999
      vertex 18.5808 1.88392 0.799999
      vertex 19.0711 1.56917 0.799999
    endloop
  endfacet
  facet normal -0 0 1
    outer loop
      vertex 18.5365 1.79517 0.799999
      vertex 19.0711 1.56917 0.799999
      vertex 18.5808 1.88392 0.799999
    endloop
  endfacet
  facet normal 0 0 1
    outer loop
      vertex 19.0711 1.56917 0.799999
      vertex 18.5365 1.79517 0.799999
      vertex 19.068 1.56182 0.799999
    endloop
  endfacet
  facet normal 0 0 1
    outer loop
      vertex 19.068 1.56182 0.799999
      vertex 18.5365 1.79517 0.799999
      vertex 19.0525 1.525 0.799999
    endloop
  endfacet
  facet normal -0 0 1
    outer loop
      vertex 18.4982 1.70369 0.799999
      vertex 19.0525 1.525 0.799999
      vertex 18.5365 1.79517 0.799999
    endloop
  endfacet
  facet normal -0 0 1
    outer loop
      vertex 18.4659 1.60987 0.799999
      vertex 19.0525 1.525 0.799999
      vertex 18.4982 1.70369 0.799999
    endloop
  endfacet
  facet normal 0 0 1
    outer loop
      vertex 19.0525 1.525 0.799999
      vertex 18.4659 1.60987 0.799999
      vertex 18.443 1.525 0.799999
    endloop
  endfacet
  facet normal -0.935044 0.340319 -0.0993745
    outer loop
      vertex 2.12557 3.60524 0
      vertex 2.02049 3.55013 0.799999
      vertex 2.04913 3.62882 0.799999
    endloop
  endfacet
  facet normal -0.935062 0.340268 -0.0993804
    outer loop
      vertex 2.02049 3.55013 0.799999
      vertex 2.12557 3.60524 0
      vertex 2.09148 3.51156 0
    endloop
  endfacet
  facet normal -0.84881 -0.519272 -0.0993876
    outer loop
      vertex 1.99624 4.46332 0
      vertex 1.9343 4.41145 0.799999
      vertex 1.93014 4.41825 0.799999
    endloop
  endfacet
  facet normal 0.694737 -0.712365 -0.0993799
    outer loop
      vertex 0.839156 4.27489 5
      vertex 0.803473 4.24009 5
      vertex 0.436948 4.58017 0
    endloop
  endfacet
  facet normal -0.409271 -0.906985 -0.0993796
    outer loop
      vertex 1.35267 4.36544 5
      vertex 1.525 4.59245 2.2185
      vertex 1.3981 4.34494 5
    endloop
  endfacet
  facet normal -0.409296 -0.906973 -0.0993802
    outer loop
      vertex 1.35267 4.36544 5
      vertex 1.525 4.74788 0.799999
      vertex 1.525 4.59245 2.2185
    endloop
  endfacet
  facet normal -0.409214 -0.90701 -0.0993802
    outer loop
      vertex 1.53534 4.83087 0
      vertex 1.525 4.74788 0.799999
      vertex 1.35267 4.36544 5
    endloop
  endfacet
  facet normal -0.409271 -0.906985 -0.0993783
    outer loop
      vertex 1.53534 4.83087 0
      vertex 1.58971 4.71868 0.799999
      vertex 1.525 4.74788 0.799999
    endloop
  endfacet
  facet normal -0.409233 -0.907001 -0.0993832
    outer loop
      vertex 1.58971 4.71868 0.799999
      vertex 1.53534 4.83087 0
      vertex 1.62621 4.78987 0
    endloop
  endfacet
  facet normal -0.983922 -0.148399 -0.0993787
    outer loop
      vertex 2.16503 3.99957 0
      vertex 2.08543 3.9916 0.799999
      vertex 2.08424 3.99949 0.799999
    endloop
  endfacet
  facet normal -0.964229 0.245735 -0.0993784
    outer loop
      vertex 2.07176 3.71771 0.799999
      vertex 2.15017 3.70185 0
      vertex 2.06979 3.70998 0.799999
    endloop
  endfacet
  facet normal -0.658433 0.746051 -0.099374
    outer loop
      vertex 1.525 3.53604 4.91577
      vertex 1.48174 3.50908 5
      vertex 1.51912 3.54207 5
    endloop
  endfacet
  facet normal -0.658438 0.746045 -0.0993785
    outer loop
      vertex 1.48174 3.50908 5
      vertex 1.525 3.53604 4.91577
      vertex 1.525 3.47272 4.44042
    endloop
  endfacet
  facet normal -0.658594 0.745907 -0.099384
    outer loop
      vertex 1.81238 3.2414 0.799999
      vertex 1.86824 3.18413 0
      vertex 1.8064 3.23612 0.799999
    endloop
  endfacet
  facet normal 0.873871 -0.475893 -0.0993805
    outer loop
      vertex 0.743354 4.16072 5
      vertex 0.269031 4.33388 0
      vertex 0.316709 4.42143 0
    endloop
  endfacet
  facet normal 0.873893 -0.475851 -0.0993812
    outer loop
      vertex 0.269031 4.33388 0
      vertex 0.743354 4.16072 5
      vertex 0.719515 4.11694 5
    endloop
  endfacet
  facet normal -0.316907 -0.943236 -0.0993799
    outer loop
      vertex 1.44084 4.86262 0
      vertex 1.53534 4.83087 0
      vertex 1.35267 4.36544 5
    endloop
  endfacet
  facet normal -0.793168 -0.600839 -0.0993832
    outer loop
      vertex 1.99624 4.46332 0
      vertex 1.87476 4.49136 0.799999
      vertex 1.93604 4.54279 0
    endloop
  endfacet
  facet normal -0.793192 -0.600806 -0.0993881
    outer loop
      vertex 1.87476 4.49136 0.799999
      vertex 1.99624 4.46332 0
      vertex 1.92532 4.42461 0.799999
    endloop
  endfacet
  facet normal -0.896489 -0.431776 -0.0993818
    outer loop
      vertex 2.09148 4.28843 0
      vertex 1.98142 4.33281 0.799999
      vertex 2.04822 4.37825 0
    endloop
  endfacet
  facet normal -0.896484 -0.431786 -0.0993807
    outer loop
      vertex 1.98142 4.33281 0.799999
      vertex 2.09148 4.28843 0
      vertex 2.01776 4.25736 0.799999
    endloop
  endfacet
  facet normal -0.316817 0.943266 -0.0993813
    outer loop
      vertex 1.35267 3.43456 5
      vertex 1.44084 2.93738 0
      vertex 1.30542 3.41869 5
    endloop
  endfacet
  facet normal -0.497461 0.861773 -0.0993933
    outer loop
      vertex 1.62621 3.01013 0
      vertex 1.66914 3.12718 0.799999
      vertex 1.71255 3.05997 0
    endloop
  endfacet
  facet normal -0.49753 0.861735 -0.099384
    outer loop
      vertex 1.66914 3.12718 0.799999
      vertex 1.62621 3.01013 0
      vertex 1.59662 3.08531 0.799999
    endloop
  endfacet
  facet normal -0.49739 0.861815 -0.0993845
    outer loop
      vertex 1.525 3.35035 3.45678
      vertex 1.525 3.26727 2.73635
      vertex 1.44127 3.47999 5
    endloop
  endfacet
  facet normal -0.793236 0.600749 -0.0993892
    outer loop
      vertex 1.99624 3.33668 0
      vertex 1.87476 3.30863 0.799999
      vertex 1.92532 3.37539 0.799999
    endloop
  endfacet
  facet normal -0.793168 0.60084 -0.0993758
    outer loop
      vertex 1.87476 3.30863 0.799999
      vertex 1.99624 3.33668 0
      vertex 1.93604 3.25721 0
    endloop
  endfacet
  facet normal -0.993815 0.0495482 -0.0993816
    outer loop
      vertex 2.17 3.9 0
      vertex 2.08583 3.81636 0.799999
      vertex 2.09 3.9 0.799999
    endloop
  endfacet
  facet normal -0.993813 0.0496058 -0.0993754
    outer loop
      vertex 2.08583 3.81636 0.799999
      vertex 2.17 3.9 0
      vertex 2.16503 3.80043 0
    endloop
  endfacet
  facet normal -0.983936 0.148303 -0.0993802
    outer loop
      vertex 2.16503 3.80043 0
      vertex 2.07176 3.71771 0.799999
      vertex 2.08424 3.80051 0.799999
    endloop
  endfacet
  facet normal -0.983934 0.148319 -0.0993783
    outer loop
      vertex 2.07176 3.71771 0.799999
      vertex 2.16503 3.80043 0
      vertex 2.15017 3.70185 0
    endloop
  endfacet
  facet normal 0.762257 -0.639599 -0.0993803
    outer loop
      vertex 0.803473 4.24009 5
      vertex 0.372867 4.5038 0
      vertex 0.436948 4.58017 0
    endloop
  endfacet
  facet normal 0.762303 -0.639544 -0.0993813
    outer loop
      vertex 0.372867 4.5038 0
      vertex 0.803473 4.24009 5
      vertex 0.771433 4.2019 5
    endloop
  endfacet
  facet normal 0.620423 -0.777945 -0.0993812
    outer loop
      vertex 0.586256 4.71194 0
      vertex 0.839156 4.27489 5
      vertex 0.508314 4.64978 0
    endloop
  endfacet
  facet normal 0.694788 -0.712315 -0.099381
    outer loop
      vertex 0.508314 4.64978 0
      vertex 0.839156 4.27489 5
      vertex 0.436948 4.58017 0
    endloop
  endfacet
  facet normal 0.363494 -0.92628 -0.0993823
    outer loop
      vertex 1.01076 4.37396 5
      vertex 0.964356 4.35575 5
      vertex 0.758713 4.81151 0
    endloop
  endfacet
  facet normal 0.995049 0 -0.0993812
    outer loop
      vertex 0.670621 3.87508 5
      vertex 0.171243 3.94985 0
      vertex 0.670621 3.92492 5
    endloop
  endfacet
  facet normal 0.995049 0 -0.0993812
    outer loop
      vertex 0.171243 3.94985 0
      vertex 0.670621 3.87508 5
      vertex 0.171243 3.85015 0
    endloop
  endfacet
  facet normal 0.873893 0.475851 -0.0993812
    outer loop
      vertex 0.719515 3.68306 5
      vertex 0.316709 3.37856 0
      vertex 0.269031 3.46612 0
    endloop
  endfacet
  facet normal 0.822121 0.560572 -0.0993812
    outer loop
      vertex 0.771433 3.5981 5
      vertex 0.372867 3.2962 0
      vertex 0.316709 3.37856 0
    endloop
  endfacet
  facet normal 0.975321 -0.19716 -0.0993813
    outer loop
      vertex 0.685461 4.02338 5
      vertex 0.675584 3.97452 5
      vertex 0.200922 4.14676 0
    endloop
  endfacet
  facet normal 0.950839 -0.293307 -0.0993812
    outer loop
      vertex 0.700153 4.07101 5
      vertex 0.200922 4.14676 0
      vertex 0.230307 4.24202 0
    endloop
  endfacet
  facet normal 0.950842 -0.293298 -0.0993814
    outer loop
      vertex 0.200922 4.14676 0
      vertex 0.700153 4.07101 5
      vertex 0.685461 4.02338 5
    endloop
  endfacet
  facet normal 0.822153 -0.560525 -0.0993804
    outer loop
      vertex 0.372867 4.5038 0
      vertex 0.743354 4.16072 5
      vertex 0.316709 4.42143 0
    endloop
  endfacet
  facet normal -0.123666 0.987335 -0.0993811
    outer loop
      vertex 1.34365 2.91519 0
      vertex 1.24473 2.9028 0
      vertex 1.20737 3.4014 5
    endloop
  endfacet
  facet normal 0.453944 0.88547 -0.0993825
    outer loop
      vertex 0.919999 3.46699 5
      vertex 0.964356 3.44425 5
      vertex 0.669999 3.03397 0
    endloop
  endfacet
  facet normal -0.123666 -0.987335 -0.0993811
    outer loop
      vertex 1.24473 4.8972 0
      vertex 1.34365 4.88481 0
      vertex 1.20737 4.3986 5
    endloop
  endfacet
  facet normal -0.221369 -0.970113 -0.0993806
    outer loop
      vertex 1.44084 4.86262 0
      vertex 1.30542 4.38131 5
      vertex 1.25682 4.3924 5
    endloop
  endfacet
  facet normal -0.658461 -0.746026 -0.0993757
    outer loop
      vertex 1.79349 4.68183 0
      vertex 1.8064 4.56387 0.799999
      vertex 1.74361 4.61929 0.799999
    endloop
  endfacet
  facet normal -0.658369 -0.746105 -0.0993888
    outer loop
      vertex 1.8064 4.56387 0.799999
      vertex 1.79349 4.68183 0
      vertex 1.86824 4.61587 0
    endloop
  endfacet
  facet normal -0.658745 -0.745773 -0.0993846
    outer loop
      vertex 1.525 4.34516 4.30625
      vertex 1.525 4.32728 4.44042
      vertex 1.48174 4.29092 5
    endloop
  endfacet
  facet normal -0.729575 -0.67664 -0.0993902
    outer loop
      vertex 1.525 4.26195 4.92947
      vertex 1.525 4.25159 5
      vertex 1.51912 4.25793 5
    endloop
  endfacet
  facet normal -0.72992 -0.676268 -0.0993876
    outer loop
      vertex 1.93604 4.54279 0
      vertex 1.87476 4.49136 0.799999
      vertex 1.86934 4.49721 0.799999
    endloop
  endfacet
  facet normal -0.993812 -0.0496058 -0.0993787
    outer loop
      vertex 2.17 3.9 0
      vertex 2.08543 3.9916 0.799999
      vertex 2.16503 3.99957 0
    endloop
  endfacet
  facet normal -0.993813 -0.0495822 -0.0993815
    outer loop
      vertex 2.08543 3.9916 0.799999
      vertex 2.17 3.9 0
      vertex 2.09 3.9 0.799999
    endloop
  endfacet
  facet normal -0.964274 -0.245561 -0.0993744
    outer loop
      vertex 2.15017 4.09815 0
      vertex 2.04913 4.17117 0.799999
      vertex 2.12557 4.19475 0
    endloop
  endfacet
  facet normal -0.964289 -0.245499 -0.099382
    outer loop
      vertex 2.04913 4.17117 0.799999
      vertex 2.15017 4.09815 0
      vertex 2.06979 4.09002 0.799999
    endloop
  endfacet
  facet normal -0.983934 -0.148319 -0.0993783
    outer loop
      vertex 2.16503 3.99957 0
      vertex 2.07176 4.08229 0.799999
      vertex 2.15017 4.09815 0
    endloop
  endfacet
  facet normal -0.983936 -0.148303 -0.0993802
    outer loop
      vertex 2.07176 4.08229 0.799999
      vertex 2.16503 3.99957 0
      vertex 2.08424 3.99949 0.799999
    endloop
  endfacet
  facet normal -0.84909 -0.518816 -0.0993796
    outer loop
      vertex 2.04822 4.37825 0
      vertex 1.9343 4.41145 0.799999
      vertex 1.99624 4.46332 0
    endloop
  endfacet
  facet normal -0.84911 -0.518782 -0.099384
    outer loop
      vertex 1.9343 4.41145 0.799999
      vertex 2.04822 4.37825 0
      vertex 1.97796 4.33999 0.799999
    endloop
  endfacet
  facet normal -0.935063 -0.340268 -0.0993762
    outer loop
      vertex 2.12557 4.19475 0
      vertex 2.02049 4.24987 0.799999
      vertex 2.09148 4.28843 0
    endloop
  endfacet
  facet normal -0.935058 -0.34028 -0.0993747
    outer loop
      vertex 2.02049 4.24987 0.799999
      vertex 2.12557 4.19475 0
      vertex 2.04913 4.17117 0.799999
    endloop
  endfacet
  facet normal -0.896396 -0.431968 -0.099385
    outer loop
      vertex 2.04822 4.37825 0
      vertex 1.98142 4.33281 0.799999
      vertex 1.97796 4.33999 0.799999
    endloop
  endfacet
  facet normal -0.316907 0.943236 -0.0993799
    outer loop
      vertex 1.53534 2.96913 0
      vertex 1.44084 2.93738 0
      vertex 1.35267 3.43456 5
    endloop
  endfacet
  facet normal -0.580775 0.807974 -0.0993858
    outer loop
      vertex 1.525 3.45484 4.30625
      vertex 1.44127 3.47999 5
      vertex 1.48174 3.50908 5
    endloop
  endfacet
  facet normal -0.580723 0.808012 -0.0993809
    outer loop
      vertex 1.44127 3.47999 5
      vertex 1.525 3.45484 4.30625
      vertex 1.525 3.39398 3.81143
    endloop
  endfacet
  facet normal -0.58013 0.808439 -0.099371
    outer loop
      vertex 1.74361 3.18071 0.799999
      vertex 1.79349 3.11817 0
      vertex 1.73713 3.17606 0.799999
    endloop
  endfacet
  facet normal -0.580907 0.80788 -0.0993852
    outer loop
      vertex 1.71255 3.05997 0
      vertex 1.73713 3.17606 0.799999
      vertex 1.79349 3.11817 0
    endloop
  endfacet
  facet normal -0.580841 0.807926 -0.0993939
    outer loop
      vertex 1.73713 3.17606 0.799999
      vertex 1.71255 3.05997 0
      vertex 1.66914 3.12718 0.799999
    endloop
  endfacet
  facet normal -0.580938 0.807857 -0.0993848
    outer loop
      vertex 1.525 3.39398 3.81143
      vertex 1.525 3.35035 3.45678
      vertex 1.44127 3.47999 5
    endloop
  endfacet
  facet normal -0.84911 0.518782 -0.099384
    outer loop
      vertex 2.04822 3.42175 0
      vertex 1.9343 3.38855 0.799999
      vertex 1.97796 3.46001 0.799999
    endloop
  endfacet
  facet normal -0.84909 0.518816 -0.0993796
    outer loop
      vertex 1.9343 3.38855 0.799999
      vertex 2.04822 3.42175 0
      vertex 1.99624 3.33668 0
    endloop
  endfacet
  facet normal 0.539811 -0.835899 -0.0993811
    outer loop
      vertex 0.669999 4.76602 0
      vertex 0.919999 4.33301 5
      vertex 0.586256 4.71194 0
    endloop
  endfacet
  facet normal 0.454023 -0.88543 -0.0993812
    outer loop
      vertex 0.758713 4.81151 0
      vertex 0.919999 4.33301 5
      vertex 0.669999 4.76602 0
    endloop
  endfacet
  facet normal 0.269509 -0.957856 -0.0993827
    outer loop
      vertex 1.05874 4.38746 5
      vertex 1.01076 4.37396 5
      vertex 0.851513 4.84793 0
    endloop
  endfacet
  facet normal 0.269496 -0.95786 -0.0993825
    outer loop
      vertex 0.947478 4.87493 0
      vertex 1.05874 4.38746 5
      vertex 0.851513 4.84793 0
    endloop
  endfacet
  facet normal 0.172768 -0.979936 -0.0993824
    outer loop
      vertex 1.04566 4.89224 0
      vertex 1.05874 4.38746 5
      vertex 0.947478 4.87493 0
    endloop
  endfacet
  facet normal 0.975323 -0.197151 -0.0993812
    outer loop
      vertex 0.200922 4.14676 0
      vertex 0.675584 3.97452 5
      vertex 0.181169 4.04904 0
    endloop
  endfacet
  facet normal 0.990104 -0.0990803 -0.0993812
    outer loop
      vertex 0.181169 4.04904 0
      vertex 0.675584 3.97452 5
      vertex 0.171243 3.94985 0
    endloop
  endfacet
  facet normal 0.990104 0.0990803 -0.0993813
    outer loop
      vertex 0.670621 3.87508 5
      vertex 0.181169 3.75096 0
      vertex 0.171243 3.85015 0
    endloop
  endfacet
  facet normal 0.975321 0.19716 -0.0993813
    outer loop
      vertex 0.675584 3.82548 5
      vertex 0.685461 3.77662 5
      vertex 0.200922 3.65324 0
    endloop
  endfacet
  facet normal 0.694737 0.712365 -0.0993813
    outer loop
      vertex 0.803473 3.55991 5
      vertex 0.839156 3.52511 5
      vertex 0.508314 3.15022 0
    endloop
  endfacet
  facet normal 0.916908 -0.386527 -0.0993811
    outer loop
      vertex 0.269031 4.33388 0
      vertex 0.719515 4.11694 5
      vertex 0.230307 4.24202 0
    endloop
  endfacet
  facet normal 0.822121 -0.560572 -0.0993812
    outer loop
      vertex 0.771433 4.2019 5
      vertex 0.743354 4.16072 5
      vertex 0.372867 4.5038 0
    endloop
  endfacet
  facet normal 0.0742708 0.992274 -0.0993827
    outer loop
      vertex 1.14507 2.90031 0
      vertex 1.10783 3.40388 5
      vertex 1.15753 3.40016 5
    endloop
  endfacet
  facet normal 0.0743626 0.992267 -0.0993813
    outer loop
      vertex 1.10783 3.40388 5
      vertex 1.14507 2.90031 0
      vertex 1.04566 2.90776 0
    endloop
  endfacet
  facet normal 0.363494 0.92628 -0.0993829
    outer loop
      vertex 0.964356 3.44425 5
      vertex 1.01076 3.42604 5
      vertex 0.851513 2.95207 0
    endloop
  endfacet
  facet normal 0.620423 0.777945 -0.0993812
    outer loop
      vertex 0.839156 3.52511 5
      vertex 0.586256 3.08806 0
      vertex 0.508314 3.15022 0
    endloop
  endfacet
  facet normal -0.0247488 -0.994741 -0.0993826
    outer loop
      vertex 1.14507 4.89969 0
      vertex 1.20737 4.3986 5
      vertex 1.15753 4.39984 5
    endloop
  endfacet
  facet normal -0.0248535 -0.994739 -0.0993811
    outer loop
      vertex 1.20737 4.3986 5
      vertex 1.14507 4.89969 0
      vertex 1.24473 4.8972 0
    endloop
  endfacet
  facet normal 0.172868 -0.979918 -0.0993809
    outer loop
      vertex 1.10783 4.39612 5
      vertex 1.05874 4.38746 5
      vertex 1.04566 4.89224 0
    endloop
  endfacet
  facet normal -0.221486 -0.970086 -0.0993823
    outer loop
      vertex 1.34365 4.88481 0
      vertex 1.44084 4.86262 0
      vertex 1.25682 4.3924 5
    endloop
  endfacet
  facet normal -0.123789 -0.987319 -0.0993829
    outer loop
      vertex 1.34365 4.88481 0
      vertex 1.25682 4.3924 5
      vertex 1.20737 4.3986 5
    endloop
  endfacet
  facet normal -0.580776 -0.807975 -0.0993784
    outer loop
      vertex 1.44127 4.32001 5
      vertex 1.525 4.37508 4.06294
      vertex 1.48174 4.29092 5
    endloop
  endfacet
  facet normal -0.580915 -0.807874 -0.0993849
    outer loop
      vertex 1.525 4.37508 4.06294
      vertex 1.44127 4.32001 5
      vertex 1.525 4.44965 3.45678
    endloop
  endfacet
  facet normal -0.580129 -0.808437 -0.0993982
    outer loop
      vertex 1.71255 4.74003 0
      vertex 1.67562 4.66817 0.799999
      vertex 1.66914 4.67282 0.799999
    endloop
  endfacet
  facet normal -0.49753 -0.861735 -0.0993836
    outer loop
      vertex 1.62621 4.78987 0
      vertex 1.66223 4.67681 0.799999
      vertex 1.58971 4.71868 0.799999
    endloop
  endfacet
  facet normal -0.497461 -0.861774 -0.0993921
    outer loop
      vertex 1.66223 4.67681 0.799999
      vertex 1.62621 4.78987 0
      vertex 1.71255 4.74003 0
    endloop
  endfacet
  facet normal -0.497438 -0.861788 -0.0993802
    outer loop
      vertex 1.525 4.59245 2.2185
      vertex 1.525 4.50438 2.98221
      vertex 1.3981 4.34494 5
    endloop
  endfacet
  facet normal -0.729464 -0.676761 -0.0993826
    outer loop
      vertex 1.93604 4.54279 0
      vertex 1.81238 4.5586 0.799999
      vertex 1.86824 4.61587 0
    endloop
  endfacet
  facet normal -0.729433 -0.676796 -0.099377
    outer loop
      vertex 1.81238 4.5586 0.799999
      vertex 1.93604 4.54279 0
      vertex 1.86934 4.49721 0.799999
    endloop
  endfacet
  facet normal -0.728927 -0.67734 -0.0993761
    outer loop
      vertex 1.525 4.26396 4.91577
      vertex 1.525 4.26195 4.92947
      vertex 1.51912 4.25793 5
    endloop
  endfacet
  facet normal -0.657892 -0.746526 -0.0993794
    outer loop
      vertex 1.86824 4.61587 0
      vertex 1.81238 4.5586 0.799999
      vertex 1.8064 4.56387 0.799999
    endloop
  endfacet
  facet normal -0.658433 -0.746051 -0.099374
    outer loop
      vertex 1.48174 4.29092 5
      vertex 1.525 4.26396 4.91577
      vertex 1.51912 4.25793 5
    endloop
  endfacet
  facet normal -0.658438 -0.746045 -0.0993785
    outer loop
      vertex 1.525 4.26396 4.91577
      vertex 1.48174 4.29092 5
      vertex 1.525 4.32728 4.44042
    endloop
  endfacet
  facet normal -0.580842 -0.807926 -0.0993852
    outer loop
      vertex 1.71255 4.74003 0
      vertex 1.74361 4.61929 0.799999
      vertex 1.67562 4.66817 0.799999
    endloop
  endfacet
  facet normal -0.580907 -0.807881 -0.0993758
    outer loop
      vertex 1.74361 4.61929 0.799999
      vertex 1.71255 4.74003 0
      vertex 1.79349 4.68183 0
    endloop
  endfacet
  facet normal -0.580473 -0.808192 -0.0993839
    outer loop
      vertex 1.525 4.37508 4.06294
      vertex 1.525 4.34516 4.30625
      vertex 1.48174 4.29092 5
    endloop
  endfacet
  facet normal -0.964229 -0.245735 -0.0993784
    outer loop
      vertex 2.15017 4.09815 0
      vertex 2.07176 4.08229 0.799999
      vertex 2.06979 4.09002 0.799999
    endloop
  endfacet
  facet normal -0.934885 -0.340753 -0.0993838
    outer loop
      vertex 2.09148 4.28843 0
      vertex 2.02049 4.24987 0.799999
      vertex 2.01776 4.25736 0.799999
    endloop
  endfacet
  facet normal -0.793037 -0.601012 -0.0993843
    outer loop
      vertex 1.99624 4.46332 0
      vertex 1.93014 4.41825 0.799999
      vertex 1.92532 4.42461 0.799999
    endloop
  endfacet
  facet normal -0.497572 0.86171 -0.0993833
    outer loop
      vertex 1.59662 3.08531 0.799999
      vertex 1.62621 3.01013 0
      vertex 1.58971 3.08132 0.799999
    endloop
  endfacet
  facet normal -0.497611 0.861688 -0.0993808
    outer loop
      vertex 1.525 3.26727 2.73635
      vertex 1.3981 3.45506 5
      vertex 1.44127 3.47999 5
    endloop
  endfacet
  facet normal -0.4975 0.861753 -0.0993799
    outer loop
      vertex 1.3981 3.45506 5
      vertex 1.525 3.26727 2.73635
      vertex 1.525 3.20755 2.2185
    endloop
  endfacet
  facet normal -0.658745 0.745773 -0.0993846
    outer loop
      vertex 1.525 3.47272 4.44042
      vertex 1.525 3.45484 4.30625
      vertex 1.48174 3.50908 5
    endloop
  endfacet
  facet normal -0.658369 0.746105 -0.0993796
    outer loop
      vertex 1.79349 3.11817 0
      vertex 1.8064 3.23612 0.799999
      vertex 1.86824 3.18413 0
    endloop
  endfacet
  facet normal -0.658394 0.746085 -0.0993761
    outer loop
      vertex 1.8064 3.23612 0.799999
      vertex 1.79349 3.11817 0
      vertex 1.74361 3.18071 0.799999
    endloop
  endfacet
  facet normal -0.84881 0.519272 -0.0993876
    outer loop
      vertex 1.9343 3.38855 0.799999
      vertex 1.99624 3.33668 0
      vertex 1.93014 3.38175 0.799999
    endloop
  endfacet
  facet normal -0.964296 0.24547 -0.0993824
    outer loop
      vertex 2.15017 3.70185 0
      vertex 2.04913 3.62882 0.799999
      vertex 2.06979 3.70998 0.799999
    endloop
  endfacet
  facet normal -0.96428 0.245537 -0.0993743
    outer loop
      vertex 2.04913 3.62882 0.799999
      vertex 2.15017 3.70185 0
      vertex 2.12557 3.60524 0
    endloop
  endfacet
  facet normal -0.993796 0.0499395 -0.0993803
    outer loop
      vertex 2.08583 3.81636 0.799999
      vertex 2.16503 3.80043 0
      vertex 2.08543 3.8084 0.799999
    endloop
  endfacet
  facet normal -0.896476 0.431802 -0.0993859
    outer loop
      vertex 2.09148 3.51156 0
      vertex 1.97796 3.46001 0.799999
      vertex 2.01776 3.54264 0.799999
    endloop
  endfacet
  facet normal -0.89647 0.431815 -0.0993842
    outer loop
      vertex 1.97796 3.46001 0.799999
      vertex 2.09148 3.51156 0
      vertex 2.04822 3.42175 0
    endloop
  endfacet
  facet normal -0.934885 0.340752 -0.099388
    outer loop
      vertex 2.02049 3.55013 0.799999
      vertex 2.09148 3.51156 0
      vertex 2.01776 3.54264 0.799999
    endloop
  endfacet
  facet normal 0.539816 -0.835896 -0.0993812
    outer loop
      vertex 0.919999 4.33301 5
      vertex 0.878128 4.30597 5
      vertex 0.586256 4.71194 0
    endloop
  endfacet
  facet normal 0.620414 -0.777953 -0.0993814
    outer loop
      vertex 0.878128 4.30597 5
      vertex 0.839156 4.27489 5
      vertex 0.586256 4.71194 0
    endloop
  endfacet
  facet normal 0.453944 -0.88547 -0.0993825
    outer loop
      vertex 0.964356 4.35575 5
      vertex 0.919999 4.33301 5
      vertex 0.758713 4.81151 0
    endloop
  endfacet
  facet normal 0.363521 -0.92627 -0.0993827
    outer loop
      vertex 0.851513 4.84793 0
      vertex 1.01076 4.37396 5
      vertex 0.758713 4.81151 0
    endloop
  endfacet
  facet normal 0 0 -1
    outer loop
      vertex 1.48174 3.50908 5
      vertex 1.525 3.54841 5
      vertex 1.51912 3.54207 5
    endloop
  endfacet
  facet normal -0 0 -1
    outer loop
      vertex 1.525 3.54841 5
      vertex 1.48174 3.50908 5
      vertex 1.525 4.25159 5
    endloop
  endfacet
  facet normal 0 0 -1
    outer loop
      vertex 1.48174 4.29092 5
      vertex 1.525 4.25159 5
      vertex 1.48174 3.50908 5
    endloop
  endfacet
  facet normal 0 0 -1
    outer loop
      vertex 1.525 4.25159 5
      vertex 1.48174 4.29092 5
      vertex 1.51912 4.25793 5
    endloop
  endfacet
  facet normal 0 0 -1
    outer loop
      vertex 1.44127 3.47999 5
      vertex 1.48174 4.29092 5
      vertex 1.48174 3.50908 5
    endloop
  endfacet
  facet normal 0 0 -1
    outer loop
      vertex 1.44127 3.47999 5
      vertex 1.44127 4.32001 5
      vertex 1.48174 4.29092 5
    endloop
  endfacet
  facet normal 0 0 -1
    outer loop
      vertex 1.3981 3.45506 5
      vertex 1.44127 4.32001 5
      vertex 1.44127 3.47999 5
    endloop
  endfacet
  facet normal 0 0 -1
    outer loop
      vertex 1.3981 3.45506 5
      vertex 1.3981 4.34494 5
      vertex 1.44127 4.32001 5
    endloop
  endfacet
  facet normal 0 0 -1
    outer loop
      vertex 1.35267 3.43456 5
      vertex 1.3981 4.34494 5
      vertex 1.3981 3.45506 5
    endloop
  endfacet
  facet normal 0 0 -1
    outer loop
      vertex 1.35267 3.43456 5
      vertex 1.35267 4.36544 5
      vertex 1.3981 4.34494 5
    endloop
  endfacet
  facet normal 0 0 -1
    outer loop
      vertex 1.30542 3.41869 5
      vertex 1.35267 4.36544 5
      vertex 1.35267 3.43456 5
    endloop
  endfacet
  facet normal 0 0 -1
    outer loop
      vertex 1.30542 3.41869 5
      vertex 1.30542 4.38131 5
      vertex 1.35267 4.36544 5
    endloop
  endfacet
  facet normal 0 0 -1
    outer loop
      vertex 1.25682 3.4076 5
      vertex 1.30542 4.38131 5
      vertex 1.30542 3.41869 5
    endloop
  endfacet
  facet normal 0 0 -1
    outer loop
      vertex 1.25682 3.4076 5
      vertex 1.25682 4.3924 5
      vertex 1.30542 4.38131 5
    endloop
  endfacet
  facet normal 0 0 -1
    outer loop
      vertex 1.20737 3.4014 5
      vertex 1.25682 4.3924 5
      vertex 1.25682 3.4076 5
    endloop
  endfacet
  facet normal 0 0 -1
    outer loop
      vertex 1.20737 3.4014 5
      vertex 1.20737 4.3986 5
      vertex 1.25682 4.3924 5
    endloop
  endfacet
  facet normal 0 0 -1
    outer loop
      vertex 1.15753 3.40016 5
      vertex 1.20737 4.3986 5
      vertex 1.20737 3.4014 5
    endloop
  endfacet
  facet normal 0 0 -1
    outer loop
      vertex 1.15753 3.40016 5
      vertex 1.15753 4.39984 5
      vertex 1.20737 4.3986 5
    endloop
  endfacet
  facet normal 0 0 -1
    outer loop
      vertex 1.10783 3.40388 5
      vertex 1.15753 4.39984 5
      vertex 1.15753 3.40016 5
    endloop
  endfacet
  facet normal 0 0 -1
    outer loop
      vertex 1.10783 3.40388 5
      vertex 1.10783 4.39612 5
      vertex 1.15753 4.39984 5
    endloop
  endfacet
  facet normal 0 0 -1
    outer loop
      vertex 1.05874 3.41254 5
      vertex 1.10783 4.39612 5
      vertex 1.10783 3.40388 5
    endloop
  endfacet
  facet normal 0 0 -1
    outer loop
      vertex 1.05874 3.41254 5
      vertex 1.05874 4.38746 5
      vertex 1.10783 4.39612 5
    endloop
  endfacet
  facet normal 0 0 -1
    outer loop
      vertex 1.01076 3.42604 5
      vertex 1.05874 4.38746 5
      vertex 1.05874 3.41254 5
    endloop
  endfacet
  facet normal 0 0 -1
    outer loop
      vertex 1.01076 3.42604 5
      vertex 1.01076 4.37396 5
      vertex 1.05874 4.38746 5
    endloop
  endfacet
  facet normal 0 0 -1
    outer loop
      vertex 0.964356 3.44425 5
      vertex 1.01076 4.37396 5
      vertex 1.01076 3.42604 5
    endloop
  endfacet
  facet normal 0 0 -1
    outer loop
      vertex 0.964356 3.44425 5
      vertex 0.964356 4.35575 5
      vertex 1.01076 4.37396 5
    endloop
  endfacet
  facet normal 0 0 -1
    outer loop
      vertex 0.919999 3.46699 5
      vertex 0.964356 4.35575 5
      vertex 0.964356 3.44425 5
    endloop
  endfacet
  facet normal 0 0 -1
    outer loop
      vertex 0.919999 3.46699 5
      vertex 0.919999 4.33301 5
      vertex 0.964356 4.35575 5
    endloop
  endfacet
  facet normal 0 0 -1
    outer loop
      vertex 0.878128 3.49403 5
      vertex 0.919999 4.33301 5
      vertex 0.919999 3.46699 5
    endloop
  endfacet
  facet normal 0 0 -1
    outer loop
      vertex 0.878128 3.49403 5
      vertex 0.878128 4.30597 5
      vertex 0.919999 4.33301 5
    endloop
  endfacet
  facet normal 0 0 -1
    outer loop
      vertex 0.839156 3.52511 5
      vertex 0.878128 4.30597 5
      vertex 0.878128 3.49403 5
    endloop
  endfacet
  facet normal 0 0 -1
    outer loop
      vertex 0.839156 3.52511 5
      vertex 0.839156 4.27489 5
      vertex 0.878128 4.30597 5
    endloop
  endfacet
  facet normal 0 0 -1
    outer loop
      vertex 0.803473 3.55991 5
      vertex 0.839156 4.27489 5
      vertex 0.839156 3.52511 5
    endloop
  endfacet
  facet normal 0 0 -1
    outer loop
      vertex 0.803473 3.55991 5
      vertex 0.803473 4.24009 5
      vertex 0.839156 4.27489 5
    endloop
  endfacet
  facet normal 0 0 -1
    outer loop
      vertex 0.771433 3.5981 5
      vertex 0.803473 4.24009 5
      vertex 0.803473 3.55991 5
    endloop
  endfacet
  facet normal 0 0 -1
    outer loop
      vertex 0.771433 3.5981 5
      vertex 0.771433 4.2019 5
      vertex 0.803473 4.24009 5
    endloop
  endfacet
  facet normal 0 0 -1
    outer loop
      vertex 0.743354 3.63928 5
      vertex 0.771433 4.2019 5
      vertex 0.771433 3.5981 5
    endloop
  endfacet
  facet normal 0 0 -1
    outer loop
      vertex 0.743354 3.63928 5
      vertex 0.743354 4.16072 5
      vertex 0.771433 4.2019 5
    endloop
  endfacet
  facet normal 0 0 -1
    outer loop
      vertex 0.719515 3.68306 5
      vertex 0.743354 4.16072 5
      vertex 0.743354 3.63928 5
    endloop
  endfacet
  facet normal 0 0 -1
    outer loop
      vertex 0.719515 3.68306 5
      vertex 0.719515 4.11694 5
      vertex 0.743354 4.16072 5
    endloop
  endfacet
  facet normal 0 0 -1
    outer loop
      vertex 0.700153 3.72899 5
      vertex 0.719515 4.11694 5
      vertex 0.719515 3.68306 5
    endloop
  endfacet
  facet normal 0 0 -1
    outer loop
      vertex 0.700153 3.72899 5
      vertex 0.700153 4.07101 5
      vertex 0.719515 4.11694 5
    endloop
  endfacet
  facet normal 0 0 -1
    outer loop
      vertex 0.685461 3.77662 5
      vertex 0.700153 4.07101 5
      vertex 0.700153 3.72899 5
    endloop
  endfacet
  facet normal 0 0 -1
    outer loop
      vertex 0.685461 3.77662 5
      vertex 0.685461 4.02338 5
      vertex 0.700153 4.07101 5
    endloop
  endfacet
  facet normal 0 0 -1
    outer loop
      vertex 0.675584 3.82548 5
      vertex 0.685461 4.02338 5
      vertex 0.685461 3.77662 5
    endloop
  endfacet
  facet normal 0 0 -1
    outer loop
      vertex 0.675584 3.82548 5
      vertex 0.675584 3.97452 5
      vertex 0.685461 4.02338 5
    endloop
  endfacet
  facet normal 0 0 -1
    outer loop
      vertex 0.670621 3.87508 5
      vertex 0.675584 3.97452 5
      vertex 0.675584 3.82548 5
    endloop
  endfacet
  facet normal 0 0 -1
    outer loop
      vertex 0.675584 3.97452 5
      vertex 0.670621 3.87508 5
      vertex 0.670621 3.92492 5
    endloop
  endfacet
  facet normal 0.990105 -0.0990704 -0.0993813
    outer loop
      vertex 0.675584 3.97452 5
      vertex 0.670621 3.92492 5
      vertex 0.171243 3.94985 0
    endloop
  endfacet
  facet normal 0.990105 0.0990704 -0.0993811
    outer loop
      vertex 0.670621 3.87508 5
      vertex 0.675584 3.82548 5
      vertex 0.181169 3.75096 0
    endloop
  endfacet
  facet normal 0.975323 0.197151 -0.0993812
    outer loop
      vertex 0.675584 3.82548 5
      vertex 0.200922 3.65324 0
      vertex 0.181169 3.75096 0
    endloop
  endfacet
  facet normal 0.762303 0.639544 -0.0993813
    outer loop
      vertex 0.803473 3.55991 5
      vertex 0.372867 3.2962 0
      vertex 0.771433 3.5981 5
    endloop
  endfacet
  facet normal 0.762257 0.639599 -0.0993803
    outer loop
      vertex 0.372867 3.2962 0
      vertex 0.803473 3.55991 5
      vertex 0.436948 3.21983 0
    endloop
  endfacet
  facet normal 0.873893 0.475851 -0.0993812
    outer loop
      vertex 0.719515 3.68306 5
      vertex 0.743354 3.63928 5
      vertex 0.316709 3.37856 0
    endloop
  endfacet
  facet normal 0.822121 0.560572 -0.0993812
    outer loop
      vertex 0.743354 3.63928 5
      vertex 0.771433 3.5981 5
      vertex 0.316709 3.37856 0
    endloop
  endfacet
  facet normal 0.916908 0.386527 -0.0993811
    outer loop
      vertex 0.700153 3.72899 5
      vertex 0.719515 3.68306 5
      vertex 0.230307 3.55798 0
    endloop
  endfacet
  facet normal 0.950842 0.293298 -0.0993814
    outer loop
      vertex 0.700153 3.72899 5
      vertex 0.200922 3.65324 0
      vertex 0.685461 3.77662 5
    endloop
  endfacet
  facet normal 0.950839 0.293307 -0.0993812
    outer loop
      vertex 0.200922 3.65324 0
      vertex 0.700153 3.72899 5
      vertex 0.230307 3.55798 0
    endloop
  endfacet
  facet normal 0.916908 -0.386527 -0.0993811
    outer loop
      vertex 0.719515 4.11694 5
      vertex 0.700153 4.07101 5
      vertex 0.230307 4.24202 0
    endloop
  endfacet
  facet normal 0.269496 0.95786 -0.0993825
    outer loop
      vertex 1.05874 3.41254 5
      vertex 0.947478 2.92507 0
      vertex 0.851513 2.95207 0
    endloop
  endfacet
  facet normal -0.123789 0.987319 -0.0993829
    outer loop
      vertex 1.25682 3.4076 5
      vertex 1.34365 2.91519 0
      vertex 1.20737 3.4014 5
    endloop
  endfacet
  facet normal -0.221486 0.970086 -0.0993823
    outer loop
      vertex 1.44084 2.93738 0
      vertex 1.34365 2.91519 0
      vertex 1.25682 3.4076 5
    endloop
  endfacet
  facet normal 0.539816 0.835896 -0.0993812
    outer loop
      vertex 0.878128 3.49403 5
      vertex 0.919999 3.46699 5
      vertex 0.586256 3.08806 0
    endloop
  endfacet
  facet normal 0.539882 0.835853 -0.0993823
    outer loop
      vertex 0.919999 3.46699 5
      vertex 0.669999 3.03397 0
      vertex 0.586256 3.08806 0
    endloop
  endfacet
  facet normal 0.363521 0.92627 -0.0993824
    outer loop
      vertex 0.964356 3.44425 5
      vertex 0.851513 2.95207 0
      vertex 0.758713 2.98849 0
    endloop
  endfacet
  facet normal 0.453944 0.88547 -0.0993825
    outer loop
      vertex 0.964356 3.44425 5
      vertex 0.758713 2.98849 0
      vertex 0.669999 3.03397 0
    endloop
  endfacet
  facet normal 0.0743626 -0.992267 -0.0993813
    outer loop
      vertex 1.14507 4.89969 0
      vertex 1.10783 4.39612 5
      vertex 1.04566 4.89224 0
    endloop
  endfacet
  facet normal 0.0742708 -0.992274 -0.0993827
    outer loop
      vertex 1.10783 4.39612 5
      vertex 1.14507 4.89969 0
      vertex 1.15753 4.39984 5
    endloop
  endfacet
  facet normal -0.316817 -0.943266 -0.0993813
    outer loop
      vertex 1.44084 4.86262 0
      vertex 1.35267 4.36544 5
      vertex 1.30542 4.38131 5
    endloop
  endfacet
  facet normal -0.497611 -0.861688 -0.0993858
    outer loop
      vertex 1.3981 4.34494 5
      vertex 1.525 4.44965 3.45678
      vertex 1.44127 4.32001 5
    endloop
  endfacet
  facet normal -0.497508 -0.861747 -0.0993814
    outer loop
      vertex 1.525 4.44965 3.45678
      vertex 1.3981 4.34494 5
      vertex 1.525 4.50438 2.98221
    endloop
  endfacet
  facet normal -0.497572 -0.861709 -0.099394
    outer loop
      vertex 1.71255 4.74003 0
      vertex 1.66914 4.67282 0.799999
      vertex 1.66223 4.67681 0.799999
    endloop
  endfacet
  facet normal -0.409233 0.907001 -0.0993832
    outer loop
      vertex 1.53534 2.96913 0
      vertex 1.58971 3.08132 0.799999
      vertex 1.62621 3.01013 0
    endloop
  endfacet
  facet normal -0.409271 0.906985 -0.0993796
    outer loop
      vertex 1.525 3.20755 2.2185
      vertex 1.35267 3.43456 5
      vertex 1.3981 3.45506 5
    endloop
  endfacet
  facet normal -0.409296 0.906973 -0.0993802
    outer loop
      vertex 1.525 3.05212 0.799999
      vertex 1.35267 3.43456 5
      vertex 1.525 3.20755 2.2185
    endloop
  endfacet
  facet normal -0.409214 0.90701 -0.0993802
    outer loop
      vertex 1.525 3.05212 0.799999
      vertex 1.53534 2.96913 0
      vertex 1.35267 3.43456 5
    endloop
  endfacet
  facet normal -0.409271 0.906985 -0.0993783
    outer loop
      vertex 1.58971 3.08132 0.799999
      vertex 1.53534 2.96913 0
      vertex 1.525 3.05212 0.799999
    endloop
  endfacet
  facet normal -0.729575 0.67664 -0.0993902
    outer loop
      vertex 1.525 3.54841 5
      vertex 1.525 3.53805 4.92947
      vertex 1.51912 3.54207 5
    endloop
  endfacet
  facet normal -0.729344 0.676891 -0.0993751
    outer loop
      vertex 1.87476 3.30863 0.799999
      vertex 1.93604 3.25721 0
      vertex 1.86934 3.30279 0.799999
    endloop
  endfacet
  facet normal -0.728927 0.67734 -0.0993761
    outer loop
      vertex 1.525 3.53805 4.92947
      vertex 1.525 3.53604 4.91577
      vertex 1.51912 3.54207 5
    endloop
  endfacet
  facet normal -0.729433 0.676796 -0.099377
    outer loop
      vertex 1.93604 3.25721 0
      vertex 1.81238 3.2414 0.799999
      vertex 1.86934 3.30279 0.799999
    endloop
  endfacet
  facet normal -0.729464 0.676761 -0.0993826
    outer loop
      vertex 1.81238 3.2414 0.799999
      vertex 1.93604 3.25721 0
      vertex 1.86824 3.18413 0
    endloop
  endfacet
  facet normal -0.793037 0.601012 -0.0993843
    outer loop
      vertex 1.93014 3.38175 0.799999
      vertex 1.99624 3.33668 0
      vertex 1.92532 3.37539 0.799999
    endloop
  endfacet
  facet normal -0.983922 0.148399 -0.0993787
    outer loop
      vertex 2.08543 3.8084 0.799999
      vertex 2.16503 3.80043 0
      vertex 2.08424 3.80051 0.799999
    endloop
  endfacet
  facet normal 0.694788 0.712315 -0.0993803
    outer loop
      vertex 0.803473 3.55991 5
      vertex 0.508314 3.15022 0
      vertex 0.436948 3.21983 0
    endloop
  endfacet
  facet normal 0.916908 0.386527 -0.0993811
    outer loop
      vertex 0.719515 3.68306 5
      vertex 0.269031 3.46612 0
      vertex 0.230307 3.55798 0
    endloop
  endfacet
  facet normal 0.172768 0.979936 -0.0993824
    outer loop
      vertex 1.05874 3.41254 5
      vertex 1.04566 2.90776 0
      vertex 0.947478 2.92507 0
    endloop
  endfacet
  facet normal 0.172868 0.979918 -0.0993809
    outer loop
      vertex 1.05874 3.41254 5
      vertex 1.10783 3.40388 5
      vertex 1.04566 2.90776 0
    endloop
  endfacet
  facet normal -0.0247488 0.994742 -0.0993806
    outer loop
      vertex 1.24473 2.9028 0
      vertex 1.15753 3.40016 5
      vertex 1.20737 3.4014 5
    endloop
  endfacet
  facet normal -0.0248535 0.994739 -0.0993821
    outer loop
      vertex 1.15753 3.40016 5
      vertex 1.24473 2.9028 0
      vertex 1.14507 2.90031 0
    endloop
  endfacet
  facet normal -0.221369 0.970113 -0.0993806
    outer loop
      vertex 1.30542 3.41869 5
      vertex 1.44084 2.93738 0
      vertex 1.25682 3.4076 5
    endloop
  endfacet
  facet normal 0.620414 0.777953 -0.0993814
    outer loop
      vertex 0.839156 3.52511 5
      vertex 0.878128 3.49403 5
      vertex 0.586256 3.08806 0
    endloop
  endfacet
  facet normal 0.269509 0.957856 -0.0993827
    outer loop
      vertex 1.01076 3.42604 5
      vertex 1.05874 3.41254 5
      vertex 0.851513 2.95207 0
    endloop
  endfacet
  facet normal -0.123691 0.987332 -0.0993817
    outer loop
      vertex 22.7168 3.4076 5
      vertex 22.8036 2.91519 0
      vertex 22.7047 2.9028 0
    endloop
  endfacet
  facet normal 0.0743701 -0.992266 -0.0993803
    outer loop
      vertex 22.6051 4.89969 0
      vertex 22.5678 4.39612 5
      vertex 22.5057 4.89224 0
    endloop
  endfacet
  facet normal -0.221464 0.970091 -0.0993811
    outer loop
      vertex 22.9008 2.93738 0
      vertex 22.8036 2.91519 0
      vertex 22.7168 3.4076 5
    endloop
  endfacet
  facet normal 0.453596 -0.885648 -0.0993883
    outer loop
      vertex 22.275 4.64452 1.74493
      vertex 22.4244 4.35575 5
      vertex 22.38 4.33301 5
    endloop
  endfacet
  facet normal 0.453734 -0.885578 -0.0993884
    outer loop
      vertex 22.4244 4.35575 5
      vertex 22.275 4.64452 1.74493
      vertex 22.275 4.68676 1.36856
    endloop
  endfacet
  facet normal 0.452967 -0.885969 -0.0993956
    outer loop
      vertex 22.2516 4.73858 0.799999
      vertex 22.2445 4.73495 0.799999
      vertex 22.2187 4.81151 0
    endloop
  endfacet
  facet normal 0.762652 -0.639122 -0.099428
    outer loop
      vertex 21.9556 4.52576 0.799999
      vertex 21.8329 4.5038 0
      vertex 21.8969 4.58017 0
    endloop
  endfacet
  facet normal 0.762018 -0.639896 -0.0993095
    outer loop
      vertex 21.8329 4.5038 0
      vertex 21.9556 4.52576 0.799999
      vertex 21.8966 4.4555 0.799999
    endloop
  endfacet
  facet normal 0.995049 0 -0.0993807
    outer loop
      vertex 21.7111 3.85414 0.799999
      vertex 21.6312 3.94985 0
      vertex 21.7111 3.94586 0.799999
    endloop
  endfacet
  facet normal 0.995049 0 -0.0993807
    outer loop
      vertex 21.6312 3.94985 0
      vertex 21.7111 3.85414 0.799999
      vertex 21.6312 3.85015 0
    endloop
  endfacet
  facet normal 0.916835 0.386692 -0.0994075
    outer loop
      vertex 21.7655 3.58534 0.799999
      vertex 21.7686 3.57799 0.799999
      vertex 21.6903 3.55798 0
    endloop
  endfacet
  facet normal -0.581439 -0.807499 -0.0993704
    outer loop
      vertex 23.1725 4.74003 0
      vertex 22.9417 4.29092 5
      vertex 22.9013 4.32001 5
    endloop
  endfacet
  facet normal -0.896332 -0.4321 -0.0993896
    outer loop
      vertex 23.5082 4.37825 0
      vertex 23.5515 4.28843 0
      vertex 23.0907 4.09422 5
    endloop
  endfacet
  facet normal -0.848974 -0.519006 -0.0993789
    outer loop
      vertex 23.4562 4.46332 0
      vertex 23.0691 4.13913 5
      vertex 23.0431 4.18166 5
    endloop
  endfacet
  facet normal -0.729464 0.676761 -0.0993792
    outer loop
      vertex 23.396 3.25721 0
      vertex 23.3282 3.18413 0
      vertex 22.9791 3.54207 5
    endloop
  endfacet
  facet normal -0.93503 0.340356 -0.0993838
    outer loop
      vertex 23.5856 3.60524 0
      vertex 23.5515 3.51156 0
      vertex 23.1078 3.75262 5
    endloop
  endfacet
  facet normal 0.821964 -0.560815 -0.0993044
    outer loop
      vertex 21.8921 4.44891 0.799999
      vertex 21.7767 4.42143 0
      vertex 21.8329 4.5038 0
    endloop
  endfacet
  facet normal 0.822549 -0.559937 -0.0994189
    outer loop
      vertex 21.7767 4.42143 0
      vertex 21.8921 4.44891 0.799999
      vertex 21.845 4.37972 0.799999
    endloop
  endfacet
  facet normal 0.950794 -0.293443 -0.0994105
    outer loop
      vertex 21.7655 4.21466 0.799999
      vertex 21.6609 4.14676 0
      vertex 21.6903 4.24202 0
    endloop
  endfacet
  facet normal 0.950642 -0.293957 -0.0993469
    outer loop
      vertex 21.6609 4.14676 0
      vertex 21.7655 4.21466 0.799999
      vertex 21.7384 4.12702 0.799999
    endloop
  endfacet
  facet normal 0.620228 0.778106 -0.0993378
    outer loop
      vertex 22.0463 3.08806 0
      vertex 22.0212 3.2102 0.799999
      vertex 22.0867 3.15799 0.799999
    endloop
  endfacet
  facet normal 0.620143 0.778172 -0.0993506
    outer loop
      vertex 22.0212 3.2102 0.799999
      vertex 22.0463 3.08806 0
      vertex 21.9683 3.15022 0
    endloop
  endfacet
  facet normal 0.620248 0.778076 -0.0994466
    outer loop
      vertex 22.275 3.49774 4.63492
      vertex 22.2992 3.52511 5
      vertex 22.275 3.48336 4.52241
    endloop
  endfacet
  facet normal -0.316907 -0.943236 -0.0993755
    outer loop
      vertex 22.9008 4.86262 0
      vertex 22.9953 4.83087 0
      vertex 22.8127 4.36544 5
    endloop
  endfacet
  facet normal -0.849001 -0.518962 -0.0993781
    outer loop
      vertex 23.4562 4.46332 0
      vertex 23.5082 4.37825 0
      vertex 23.0691 4.13913 5
    endloop
  endfacet
  facet normal -0.964285 -0.245513 -0.0993843
    outer loop
      vertex 23.6102 4.09815 0
      vertex 23.1201 3.99907 5
      vertex 23.1078 4.04738 5
    endloop
  endfacet
  facet normal -0.316907 0.943236 -0.0993755
    outer loop
      vertex 22.9953 2.96913 0
      vertex 22.9008 2.93738 0
      vertex 22.8127 3.43456 5
    endloop
  endfacet
  facet normal -0.993797 0.0499045 -0.0993797
    outer loop
      vertex 23.63 3.9 0
      vertex 23.625 3.80043 0
      vertex 23.13 3.9 5
    endloop
  endfacet
  facet normal 0.873775 -0.47606 -0.0994192
    outer loop
      vertex 21.845 4.37972 0.799999
      vertex 21.729 4.33388 0
      vertex 21.7767 4.42143 0
    endloop
  endfacet
  facet normal 0.873713 -0.476176 -0.0994036
    outer loop
      vertex 21.729 4.33388 0
      vertex 21.845 4.37972 0.799999
      vertex 21.8011 4.29917 0.799999
    endloop
  endfacet
  facet normal 0.620248 -0.778076 -0.0994466
    outer loop
      vertex 22.275 4.31664 4.52241
      vertex 22.2992 4.27489 5
      vertex 22.275 4.30226 4.63492
    endloop
  endfacet
  facet normal 0.620143 -0.778172 -0.0993506
    outer loop
      vertex 22.0463 4.71194 0
      vertex 22.0212 4.5898 0.799999
      vertex 21.9683 4.64978 0
    endloop
  endfacet
  facet normal 0.620228 -0.778106 -0.0993378
    outer loop
      vertex 22.0212 4.5898 0.799999
      vertex 22.0463 4.71194 0
      vertex 22.0867 4.64201 0.799999
    endloop
  endfacet
  facet normal 0.362553 -0.926652 -0.0993573
    outer loop
      vertex 22.259 4.7415 0.799999
      vertex 22.2187 4.81151 0
      vertex 22.275 4.74776 0.799999
    endloop
  endfacet
  facet normal 0.363772 -0.926172 -0.0993714
    outer loop
      vertex 22.3115 4.84793 0
      vertex 22.275 4.71379 1.11661
      vertex 22.275 4.74776 0.799999
    endloop
  endfacet
  facet normal 0.363584 -0.926245 -0.0993862
    outer loop
      vertex 22.275 4.71379 1.11661
      vertex 22.3115 4.84793 0
      vertex 22.4708 4.37396 5
    endloop
  endfacet
  facet normal 0.36352 -0.926269 -0.0993949
    outer loop
      vertex 22.3115 4.84793 0
      vertex 22.275 4.74776 0.799999
      vertex 22.2187 4.81151 0
    endloop
  endfacet
  facet normal 0.540073 0.835729 -0.0993884
    outer loop
      vertex 22.13 3.03397 0
      vertex 22.0997 3.14869 0.799999
      vertex 22.17 3.10326 0.799999
    endloop
  endfacet
  facet normal 0.540077 0.835727 -0.0993879
    outer loop
      vertex 22.0997 3.14869 0.799999
      vertex 22.13 3.03397 0
      vertex 22.0463 3.08806 0
    endloop
  endfacet
  facet normal 0.539831 0.835886 -0.0993837
    outer loop
      vertex 22.275 3.34777 3.42694
      vertex 22.38 3.46699 5
      vertex 22.275 3.28512 2.90001
    endloop
  endfacet
  facet normal 0.822547 0.559936 -0.0994401
    outer loop
      vertex 21.8966 3.3445 0.799999
      vertex 21.7767 3.37856 0
      vertex 21.8495 3.41369 0.799999
    endloop
  endfacet
  facet normal 0.821932 0.560862 -0.0993085
    outer loop
      vertex 21.7767 3.37856 0
      vertex 21.8966 3.3445 0.799999
      vertex 21.8329 3.2962 0
    endloop
  endfacet
  facet normal -0.316516 -0.943367 -0.0993816
    outer loop
      vertex 22.9008 4.86262 0
      vertex 22.8127 4.36544 5
      vertex 22.7654 4.38131 5
    endloop
  endfacet
  facet normal -0.221464 -0.970091 -0.0993811
    outer loop
      vertex 22.8036 4.88481 0
      vertex 22.9008 4.86262 0
      vertex 22.7168 4.3924 5
    endloop
  endfacet
  facet normal -0.409496 -0.906884 -0.099373
    outer loop
      vertex 22.9953 4.83087 0
      vertex 22.8581 4.34494 5
      vertex 22.8127 4.36544 5
    endloop
  endfacet
  facet normal -0.409121 -0.907052 -0.0993791
    outer loop
      vertex 22.8581 4.34494 5
      vertex 22.9953 4.83087 0
      vertex 23.0862 4.78987 0
    endloop
  endfacet
  facet normal -0.658234 -0.746225 -0.0993787
    outer loop
      vertex 23.3282 4.61587 0
      vertex 22.9791 4.25793 5
      vertex 22.9417 4.29092 5
    endloop
  endfacet
  facet normal -0.793168 -0.60084 -0.0993786
    outer loop
      vertex 23.396 4.54279 0
      vertex 23.4562 4.46332 0
      vertex 23.013 4.22139 5
    endloop
  endfacet
  facet normal -0.984022 -0.147733 -0.0993813
    outer loop
      vertex 23.625 3.99957 0
      vertex 23.1275 3.94978 5
      vertex 23.1201 3.99907 5
    endloop
  endfacet
  facet normal -0.93503 -0.340356 -0.0993831
    outer loop
      vertex 23.5515 4.28843 0
      vertex 23.5856 4.19475 0
      vertex 23.1078 4.04738 5
    endloop
  endfacet
  facet normal -0.896724 -0.43129 -0.0993763
    outer loop
      vertex 23.5082 4.37825 0
      vertex 23.0907 4.09422 5
      vertex 23.0691 4.13913 5
    endloop
  endfacet
  facet normal -0.316516 0.943367 -0.0993816
    outer loop
      vertex 22.8127 3.43456 5
      vertex 22.9008 2.93738 0
      vertex 22.7654 3.41869 5
    endloop
  endfacet
  facet normal -0.658617 0.745886 -0.0993862
    outer loop
      vertex 23.3282 3.18413 0
      vertex 23.2535 3.11817 0
      vertex 22.9417 3.50908 5
    endloop
  endfacet
  facet normal -0.497352 0.861838 -0.0993807
    outer loop
      vertex 22.9013 3.47999 5
      vertex 23.0862 3.01013 0
      vertex 22.8581 3.45506 5
    endloop
  endfacet
  facet normal -0.409121 0.907052 -0.0993791
    outer loop
      vertex 22.9953 2.96913 0
      vertex 22.8581 3.45506 5
      vertex 23.0862 3.01013 0
    endloop
  endfacet
  facet normal -0.409496 0.906884 -0.099373
    outer loop
      vertex 22.8581 3.45506 5
      vertex 22.9953 2.96913 0
      vertex 22.8127 3.43456 5
    endloop
  endfacet
  facet normal -0.793168 0.60084 -0.0993786
    outer loop
      vertex 23.4562 3.33668 0
      vertex 23.396 3.25721 0
      vertex 23.013 3.57861 5
    endloop
  endfacet
  facet normal -0.793132 0.600888 -0.0993778
    outer loop
      vertex 23.0431 3.61834 5
      vertex 23.4562 3.33668 0
      vertex 23.013 3.57861 5
    endloop
  endfacet
  facet normal -0.964285 0.245513 -0.0993843
    outer loop
      vertex 23.1201 3.80093 5
      vertex 23.6102 3.70185 0
      vertex 23.1078 3.75262 5
    endloop
  endfacet
  facet normal 0.269405 -0.957885 -0.0993797
    outer loop
      vertex 22.4075 4.87493 0
      vertex 22.5187 4.38746 5
      vertex 22.3115 4.84793 0
    endloop
  endfacet
  facet normal 0.172834 -0.979924 -0.0993806
    outer loop
      vertex 22.5678 4.39612 5
      vertex 22.5187 4.38746 5
      vertex 22.4075 4.87493 0
    endloop
  endfacet
  facet normal 0.172737 -0.979942 -0.0993791
    outer loop
      vertex 22.5057 4.89224 0
      vertex 22.5678 4.39612 5
      vertex 22.4075 4.87493 0
    endloop
  endfacet
  facet normal 0.540007 -0.835772 -0.0993867
    outer loop
      vertex 22.13 4.76602 0
      vertex 22.0997 4.65131 0.799999
      vertex 22.0463 4.71194 0
    endloop
  endfacet
  facet normal 0.540074 -0.83573 -0.099378
    outer loop
      vertex 22.0997 4.65131 0.799999
      vertex 22.13 4.76602 0
      vertex 22.17 4.69674 0.799999
    endloop
  endfacet
  facet normal 0.539831 -0.835886 -0.0993837
    outer loop
      vertex 22.275 4.51488 2.90001
      vertex 22.38 4.33301 5
      vertex 22.275 4.45223 3.42694
    endloop
  endfacet
  facet normal 0.45408 -0.885401 -0.0993799
    outer loop
      vertex 22.2187 4.81151 0
      vertex 22.17 4.69674 0.799999
      vertex 22.13 4.76602 0
    endloop
  endfacet
  facet normal 0.454104 -0.885389 -0.0993767
    outer loop
      vertex 22.17 4.69674 0.799999
      vertex 22.2187 4.81151 0
      vertex 22.2445 4.73495 0.799999
    endloop
  endfacet
  facet normal 0.453894 -0.885496 -0.0993833
    outer loop
      vertex 22.275 4.64452 1.74493
      vertex 22.38 4.33301 5
      vertex 22.275 4.51488 2.90001
    endloop
  endfacet
  facet normal 0.693508 -0.71355 -0.0994652
    outer loop
      vertex 22.275 4.30226 4.63492
      vertex 22.2992 4.27489 5
      vertex 22.275 4.29323 4.6997
    endloop
  endfacet
  facet normal 0.694616 -0.712478 -0.0994135
    outer loop
      vertex 21.9683 4.64978 0
      vertex 21.9613 4.53133 0.799999
      vertex 21.8969 4.58017 0
    endloop
  endfacet
  facet normal 0.695058 -0.712057 -0.0993473
    outer loop
      vertex 21.9613 4.53133 0.799999
      vertex 21.9683 4.64978 0
      vertex 22.0212 4.5898 0.799999
    endloop
  endfacet
  facet normal 0.694109 -0.712964 -0.0994778
    outer loop
      vertex 22.275 4.29323 4.6997
      vertex 22.2992 4.27489 5
      vertex 22.275 4.25133 5
    endloop
  endfacet
  facet normal 0.69544 -0.711671 -0.0994306
    outer loop
      vertex 21.9613 4.53133 0.799999
      vertex 21.9556 4.52576 0.799999
      vertex 21.8969 4.58017 0
    endloop
  endfacet
  facet normal 0.821747 -0.561132 -0.0993101
    outer loop
      vertex 21.8966 4.4555 0.799999
      vertex 21.8921 4.44891 0.799999
      vertex 21.8329 4.5038 0
    endloop
  endfacet
  facet normal 0.916992 -0.386322 -0.0994056
    outer loop
      vertex 21.8011 4.29917 0.799999
      vertex 21.6903 4.24202 0
      vertex 21.729 4.33388 0
    endloop
  endfacet
  facet normal 0.91702 -0.386251 -0.0994146
    outer loop
      vertex 21.6903 4.24202 0
      vertex 21.8011 4.29917 0.799999
      vertex 21.7686 4.22201 0.799999
    endloop
  endfacet
  facet normal 0.990033 -0.0997993 -0.0993766
    outer loop
      vertex 21.7119 3.95379 0.799999
      vertex 21.6412 4.04904 0
      vertex 21.7203 4.03712 0.799999
    endloop
  endfacet
  facet normal 0.990031 -0.0998116 -0.0993779
    outer loop
      vertex 21.6412 4.04904 0
      vertex 21.7119 3.95379 0.799999
      vertex 21.6312 3.94985 0
    endloop
  endfacet
  facet normal 0.97542 -0.196641 -0.0994393
    outer loop
      vertex 21.7369 4.1192 0.799999
      vertex 21.6412 4.04904 0
      vertex 21.6609 4.14676 0
    endloop
  endfacet
  facet normal 0.975304 -0.197247 -0.0993723
    outer loop
      vertex 21.6412 4.04904 0
      vertex 21.7369 4.1192 0.799999
      vertex 21.7203 4.03712 0.799999
    endloop
  endfacet
  facet normal 0.977242 -0.187451 -0.0992958
    outer loop
      vertex 21.7384 4.12702 0.799999
      vertex 21.7369 4.1192 0.799999
      vertex 21.6609 4.14676 0
    endloop
  endfacet
  facet normal -0.123913 0.987304 -0.0993784
    outer loop
      vertex 22.7168 3.4076 5
      vertex 22.7047 2.9028 0
      vertex 22.6674 3.4014 5
    endloop
  endfacet
  facet normal 0.616293 0.781217 -0.0994111
    outer loop
      vertex 22.0867 3.15799 0.799999
      vertex 22.093 3.15302 0.799999
      vertex 22.0463 3.08806 0
    endloop
  endfacet
  facet normal 0.621112 0.777389 -0.0994303
    outer loop
      vertex 22.3381 3.49403 5
      vertex 22.275 3.48336 4.52241
      vertex 22.2992 3.52511 5
    endloop
  endfacet
  facet normal 0.620555 0.777841 -0.0993669
    outer loop
      vertex 22.275 3.48336 4.52241
      vertex 22.3381 3.49403 5
      vertex 22.275 3.40622 3.91856
    endloop
  endfacet
  facet normal 0.363521 0.926269 -0.0993866
    outer loop
      vertex 22.4244 3.44425 5
      vertex 22.4708 3.42604 5
      vertex 22.3115 2.95207 0
    endloop
  endfacet
  facet normal 0.821738 0.561126 -0.0994187
    outer loop
      vertex 21.845 3.42028 0.799999
      vertex 21.8495 3.41369 0.799999
      vertex 21.7767 3.37856 0
    endloop
  endfacet
  facet normal 0.0742708 -0.992274 -0.0993818
    outer loop
      vertex 22.6051 4.89969 0
      vertex 22.6175 4.39984 5
      vertex 22.5678 4.39612 5
    endloop
  endfacet
  facet normal -0.123913 -0.987304 -0.0993784
    outer loop
      vertex 22.7047 4.8972 0
      vertex 22.7168 4.3924 5
      vertex 22.6674 4.3986 5
    endloop
  endfacet
  facet normal -0.123691 -0.987332 -0.0993817
    outer loop
      vertex 22.8036 4.88481 0
      vertex 22.7168 4.3924 5
      vertex 22.7047 4.8972 0
    endloop
  endfacet
  facet normal -0.580623 -0.808084 -0.0993853
    outer loop
      vertex 23.1725 4.74003 0
      vertex 23.2535 4.68183 0
      vertex 22.9417 4.29092 5
    endloop
  endfacet
  facet normal -0.658617 -0.745886 -0.0993862
    outer loop
      vertex 23.2535 4.68183 0
      vertex 23.3282 4.61587 0
      vertex 22.9417 4.29092 5
    endloop
  endfacet
  facet normal -0.497635 -0.861675 -0.0993791
    outer loop
      vertex 23.0862 4.78987 0
      vertex 23.1725 4.74003 0
      vertex 22.8581 4.34494 5
    endloop
  endfacet
  facet normal -0.729464 -0.676761 -0.0993792
    outer loop
      vertex 23.396 4.54279 0
      vertex 23.013 4.22139 5
      vertex 22.9791 4.25793 5
    endloop
  endfacet
  facet normal -0.729464 -0.676761 -0.0993792
    outer loop
      vertex 23.3282 4.61587 0
      vertex 23.396 4.54279 0
      vertex 22.9791 4.25793 5
    endloop
  endfacet
  facet normal -0.964273 -0.24556 -0.0993836
    outer loop
      vertex 23.5856 4.19475 0
      vertex 23.6102 4.09815 0
      vertex 23.1078 4.04738 5
    endloop
  endfacet
  facet normal -0.984022 -0.147733 -0.0993813
    outer loop
      vertex 23.6102 4.09815 0
      vertex 23.625 3.99957 0
      vertex 23.1201 3.99907 5
    endloop
  endfacet
  facet normal -0.934708 -0.341236 -0.0993969
    outer loop
      vertex 23.5515 4.28843 0
      vertex 23.1078 4.04738 5
      vertex 23.0907 4.09422 5
    endloop
  endfacet
  facet normal -0.993797 -0.0499045 -0.0993798
    outer loop
      vertex 23.63 3.9 0
      vertex 23.1275 3.94978 5
      vertex 23.625 3.99957 0
    endloop
  endfacet
  facet normal -0.993797 -0.0499095 -0.0993797
    outer loop
      vertex 23.1275 3.94978 5
      vertex 23.63 3.9 0
      vertex 23.13 3.9 5
    endloop
  endfacet
  facet normal -0.793132 -0.600888 -0.0993778
    outer loop
      vertex 23.4562 4.46332 0
      vertex 23.0431 4.18166 5
      vertex 23.013 4.22139 5
    endloop
  endfacet
  facet normal -0.497635 0.861675 -0.0993759
    outer loop
      vertex 23.1725 3.05997 0
      vertex 23.0862 3.01013 0
      vertex 22.9013 3.47999 5
    endloop
  endfacet
  facet normal -0.580624 0.808085 -0.0993754
    outer loop
      vertex 23.2535 3.11817 0
      vertex 23.1725 3.05997 0
      vertex 22.9013 3.47999 5
    endloop
  endfacet
  facet normal -0.581438 0.807497 -0.0993902
    outer loop
      vertex 22.9417 3.50908 5
      vertex 23.2535 3.11817 0
      vertex 22.9013 3.47999 5
    endloop
  endfacet
  facet normal -0.729464 0.676761 -0.0993792
    outer loop
      vertex 23.013 3.57861 5
      vertex 23.396 3.25721 0
      vertex 22.9791 3.54207 5
    endloop
  endfacet
  facet normal -0.848974 0.519006 -0.0993789
    outer loop
      vertex 23.0691 3.66087 5
      vertex 23.4562 3.33668 0
      vertex 23.0431 3.61834 5
    endloop
  endfacet
  facet normal -0.849001 0.518962 -0.0993781
    outer loop
      vertex 23.5082 3.42175 0
      vertex 23.4562 3.33668 0
      vertex 23.0691 3.66087 5
    endloop
  endfacet
  facet normal -0.964279 0.245536 -0.099384
    outer loop
      vertex 23.6102 3.70185 0
      vertex 23.5856 3.60524 0
      vertex 23.1078 3.75262 5
    endloop
  endfacet
  facet normal -0.984022 0.147733 -0.0993813
    outer loop
      vertex 23.625 3.80043 0
      vertex 23.6102 3.70185 0
      vertex 23.1201 3.80093 5
    endloop
  endfacet
  facet normal 0.269926 -0.957738 -0.0993877
    outer loop
      vertex 22.5187 4.38746 5
      vertex 22.4708 4.37396 5
      vertex 22.3115 4.84793 0
    endloop
  endfacet
  facet normal 0.539553 -0.836068 -0.0993607
    outer loop
      vertex 22.275 4.39377 3.91856
      vertex 22.38 4.33301 5
      vertex 22.3381 4.30597 5
    endloop
  endfacet
  facet normal 0.539978 -0.83579 -0.0993863
    outer loop
      vertex 22.38 4.33301 5
      vertex 22.275 4.39377 3.91856
      vertex 22.275 4.45223 3.42694
    endloop
  endfacet
  facet normal 0.540096 -0.835714 -0.0993882
    outer loop
      vertex 22.0997 4.65131 0.799999
      vertex 22.093 4.64698 0.799999
      vertex 22.0463 4.71194 0
    endloop
  endfacet
  facet normal 0.621112 -0.777389 -0.0994303
    outer loop
      vertex 22.275 4.31664 4.52241
      vertex 22.3381 4.30597 5
      vertex 22.2992 4.27489 5
    endloop
  endfacet
  facet normal 0.620496 -0.777889 -0.0993601
    outer loop
      vertex 22.3381 4.30597 5
      vertex 22.275 4.31664 4.52241
      vertex 22.275 4.39377 3.91856
    endloop
  endfacet
  facet normal 0.616293 -0.781217 -0.0994111
    outer loop
      vertex 22.093 4.64698 0.799999
      vertex 22.0867 4.64201 0.799999
      vertex 22.0463 4.71194 0
    endloop
  endfacet
  facet normal 0.916835 -0.386692 -0.0994075
    outer loop
      vertex 21.7686 4.22201 0.799999
      vertex 21.7655 4.21466 0.799999
      vertex 21.6903 4.24202 0
    endloop
  endfacet
  facet normal 0 0 -1
    outer loop
      vertex 23.1275 3.85022 5
      vertex 23.1275 3.94978 5
      vertex 23.13 3.9 5
    endloop
  endfacet
  facet normal 0 0 -1
    outer loop
      vertex 23.1201 3.80093 5
      vertex 23.1275 3.94978 5
      vertex 23.1275 3.85022 5
    endloop
  endfacet
  facet normal 0 0 -1
    outer loop
      vertex 23.1201 3.80093 5
      vertex 23.1201 3.99907 5
      vertex 23.1275 3.94978 5
    endloop
  endfacet
  facet normal 0 0 -1
    outer loop
      vertex 23.1078 3.75262 5
      vertex 23.1201 3.99907 5
      vertex 23.1201 3.80093 5
    endloop
  endfacet
  facet normal 0 0 -1
    outer loop
      vertex 23.1078 3.75262 5
      vertex 23.1078 4.04738 5
      vertex 23.1201 3.99907 5
    endloop
  endfacet
  facet normal 0 0 -1
    outer loop
      vertex 23.0907 3.70578 5
      vertex 23.1078 4.04738 5
      vertex 23.1078 3.75262 5
    endloop
  endfacet
  facet normal 0 0 -1
    outer loop
      vertex 23.0907 3.70578 5
      vertex 23.0907 4.09422 5
      vertex 23.1078 4.04738 5
    endloop
  endfacet
  facet normal 0 0 -1
    outer loop
      vertex 23.0691 3.66087 5
      vertex 23.0907 4.09422 5
      vertex 23.0907 3.70578 5
    endloop
  endfacet
  facet normal 0 0 -1
    outer loop
      vertex 23.0691 3.66087 5
      vertex 23.0691 4.13913 5
      vertex 23.0907 4.09422 5
    endloop
  endfacet
  facet normal 0 0 -1
    outer loop
      vertex 23.0431 3.61834 5
      vertex 23.0691 4.13913 5
      vertex 23.0691 3.66087 5
    endloop
  endfacet
  facet normal 0 0 -1
    outer loop
      vertex 23.0431 3.61834 5
      vertex 23.0431 4.18166 5
      vertex 23.0691 4.13913 5
    endloop
  endfacet
  facet normal 0 0 -1
    outer loop
      vertex 23.013 3.57861 5
      vertex 23.0431 4.18166 5
      vertex 23.0431 3.61834 5
    endloop
  endfacet
  facet normal 0 0 -1
    outer loop
      vertex 23.013 3.57861 5
      vertex 23.013 4.22139 5
      vertex 23.0431 4.18166 5
    endloop
  endfacet
  facet normal 0 0 -1
    outer loop
      vertex 22.9791 3.54207 5
      vertex 23.013 4.22139 5
      vertex 23.013 3.57861 5
    endloop
  endfacet
  facet normal 0 0 -1
    outer loop
      vertex 22.9791 3.54207 5
      vertex 22.9791 4.25793 5
      vertex 23.013 4.22139 5
    endloop
  endfacet
  facet normal 0 0 -1
    outer loop
      vertex 22.9417 3.50908 5
      vertex 22.9791 4.25793 5
      vertex 22.9791 3.54207 5
    endloop
  endfacet
  facet normal 0 0 -1
    outer loop
      vertex 22.9417 3.50908 5
      vertex 22.9417 4.29092 5
      vertex 22.9791 4.25793 5
    endloop
  endfacet
  facet normal 0 0 -1
    outer loop
      vertex 22.9013 3.47999 5
      vertex 22.9417 4.29092 5
      vertex 22.9417 3.50908 5
    endloop
  endfacet
  facet normal 0 0 -1
    outer loop
      vertex 22.9013 3.47999 5
      vertex 22.9013 4.32001 5
      vertex 22.9417 4.29092 5
    endloop
  endfacet
  facet normal 0 0 -1
    outer loop
      vertex 22.8581 3.45506 5
      vertex 22.9013 4.32001 5
      vertex 22.9013 3.47999 5
    endloop
  endfacet
  facet normal 0 0 -1
    outer loop
      vertex 22.8581 3.45506 5
      vertex 22.8581 4.34494 5
      vertex 22.9013 4.32001 5
    endloop
  endfacet
  facet normal 0 0 -1
    outer loop
      vertex 22.8127 3.43456 5
      vertex 22.8581 4.34494 5
      vertex 22.8581 3.45506 5
    endloop
  endfacet
  facet normal 0 0 -1
    outer loop
      vertex 22.8127 3.43456 5
      vertex 22.8127 4.36544 5
      vertex 22.8581 4.34494 5
    endloop
  endfacet
  facet normal 0 0 -1
    outer loop
      vertex 22.7654 3.41869 5
      vertex 22.8127 4.36544 5
      vertex 22.8127 3.43456 5
    endloop
  endfacet
  facet normal 0 0 -1
    outer loop
      vertex 22.7654 3.41869 5
      vertex 22.7654 4.38131 5
      vertex 22.8127 4.36544 5
    endloop
  endfacet
  facet normal 0 0 -1
    outer loop
      vertex 22.7168 3.4076 5
      vertex 22.7654 4.38131 5
      vertex 22.7654 3.41869 5
    endloop
  endfacet
  facet normal 0 0 -1
    outer loop
      vertex 22.7168 3.4076 5
      vertex 22.7168 4.3924 5
      vertex 22.7654 4.38131 5
    endloop
  endfacet
  facet normal 0 0 -1
    outer loop
      vertex 22.6674 3.4014 5
      vertex 22.7168 4.3924 5
      vertex 22.7168 3.4076 5
    endloop
  endfacet
  facet normal 0 0 -1
    outer loop
      vertex 22.6674 3.4014 5
      vertex 22.6674 4.3986 5
      vertex 22.7168 4.3924 5
    endloop
  endfacet
  facet normal 0 0 -1
    outer loop
      vertex 22.6175 3.40016 5
      vertex 22.6674 4.3986 5
      vertex 22.6674 3.4014 5
    endloop
  endfacet
  facet normal 0 0 -1
    outer loop
      vertex 22.6175 3.40016 5
      vertex 22.6175 4.39984 5
      vertex 22.6674 4.3986 5
    endloop
  endfacet
  facet normal 0 0 -1
    outer loop
      vertex 22.5678 3.40388 5
      vertex 22.6175 4.39984 5
      vertex 22.6175 3.40016 5
    endloop
  endfacet
  facet normal 0 0 -1
    outer loop
      vertex 22.5678 3.40388 5
      vertex 22.5678 4.39612 5
      vertex 22.6175 4.39984 5
    endloop
  endfacet
  facet normal 0 0 -1
    outer loop
      vertex 22.5187 3.41254 5
      vertex 22.5678 4.39612 5
      vertex 22.5678 3.40388 5
    endloop
  endfacet
  facet normal 0 0 -1
    outer loop
      vertex 22.5187 3.41254 5
      vertex 22.5187 4.38746 5
      vertex 22.5678 4.39612 5
    endloop
  endfacet
  facet normal 0 0 -1
    outer loop
      vertex 22.4708 3.42604 5
      vertex 22.5187 4.38746 5
      vertex 22.5187 3.41254 5
    endloop
  endfacet
  facet normal 0 0 -1
    outer loop
      vertex 22.4708 3.42604 5
      vertex 22.4708 4.37396 5
      vertex 22.5187 4.38746 5
    endloop
  endfacet
  facet normal 0 0 -1
    outer loop
      vertex 22.4244 3.44425 5
      vertex 22.4708 4.37396 5
      vertex 22.4708 3.42604 5
    endloop
  endfacet
  facet normal 0 0 -1
    outer loop
      vertex 22.4244 3.44425 5
      vertex 22.4244 4.35575 5
      vertex 22.4708 4.37396 5
    endloop
  endfacet
  facet normal 0 0 -1
    outer loop
      vertex 22.38 3.46699 5
      vertex 22.4244 4.35575 5
      vertex 22.4244 3.44425 5
    endloop
  endfacet
  facet normal 0 0 -1
    outer loop
      vertex 22.38 3.46699 5
      vertex 22.38 4.33301 5
      vertex 22.4244 4.35575 5
    endloop
  endfacet
  facet normal 0 0 -1
    outer loop
      vertex 22.3381 3.49403 5
      vertex 22.38 4.33301 5
      vertex 22.38 3.46699 5
    endloop
  endfacet
  facet normal 0 0 -1
    outer loop
      vertex 22.3381 3.49403 5
      vertex 22.3381 4.30597 5
      vertex 22.38 4.33301 5
    endloop
  endfacet
  facet normal 0 0 -1
    outer loop
      vertex 22.275 3.54867 5
      vertex 22.3381 3.49403 5
      vertex 22.2992 3.52511 5
    endloop
  endfacet
  facet normal 0 0 -1
    outer loop
      vertex 22.3381 3.49403 5
      vertex 22.275 3.54867 5
      vertex 22.3381 4.30597 5
    endloop
  endfacet
  facet normal 0 0 -1
    outer loop
      vertex 22.275 4.25133 5
      vertex 22.3381 4.30597 5
      vertex 22.275 3.54867 5
    endloop
  endfacet
  facet normal 0 0 -1
    outer loop
      vertex 22.3381 4.30597 5
      vertex 22.275 4.25133 5
      vertex 22.2992 4.27489 5
    endloop
  endfacet
  facet normal 0.990025 -0.0998764 -0.099377
    outer loop
      vertex 21.7119 3.95379 0.799999
      vertex 21.7111 3.94586 0.799999
      vertex 21.6312 3.94985 0
    endloop
  endfacet
  facet normal -0.221369 0.970113 -0.0993797
    outer loop
      vertex 22.7654 3.41869 5
      vertex 22.9008 2.93738 0
      vertex 22.7168 3.4076 5
    endloop
  endfacet
  facet normal -0.0248685 0.994739 -0.0993823
    outer loop
      vertex 22.6175 3.40016 5
      vertex 22.7047 2.9028 0
      vertex 22.6051 2.90031 0
    endloop
  endfacet
  facet normal 0.0742708 0.992274 -0.0993818
    outer loop
      vertex 22.6175 3.40016 5
      vertex 22.6051 2.90031 0
      vertex 22.5678 3.40388 5
    endloop
  endfacet
  facet normal 0.172737 0.979942 -0.0993791
    outer loop
      vertex 22.5678 3.40388 5
      vertex 22.5057 2.90776 0
      vertex 22.4075 2.92507 0
    endloop
  endfacet
  facet normal 0.453956 0.885464 -0.0993901
    outer loop
      vertex 22.17 3.10326 0.799999
      vertex 22.1771 3.09962 0.799999
      vertex 22.13 3.03397 0
    endloop
  endfacet
  facet normal 0.453596 0.885649 -0.0993817
    outer loop
      vertex 22.4244 3.44425 5
      vertex 22.275 3.28512 2.90001
      vertex 22.38 3.46699 5
    endloop
  endfacet
  facet normal 0.453883 0.885501 -0.0993909
    outer loop
      vertex 22.275 3.28512 2.90001
      vertex 22.4244 3.44425 5
      vertex 22.275 3.23607 2.46301
    endloop
  endfacet
  facet normal 0.363545 0.92626 -0.0993862
    outer loop
      vertex 22.3115 2.95207 0
      vertex 22.275 3.11324 1.36856
      vertex 22.4244 3.44425 5
    endloop
  endfacet
  facet normal 0.363845 0.926144 -0.0993646
    outer loop
      vertex 22.275 3.11324 1.36856
      vertex 22.3115 2.95207 0
      vertex 22.275 3.05224 0.799999
    endloop
  endfacet
  facet normal 0.363056 0.926446 -0.0994383
    outer loop
      vertex 22.3115 2.95207 0
      vertex 22.2516 3.06141 0.799999
      vertex 22.275 3.05224 0.799999
    endloop
  endfacet
  facet normal 0.363521 0.92627 -0.0993794
    outer loop
      vertex 22.2516 3.06141 0.799999
      vertex 22.3115 2.95207 0
      vertex 22.2187 2.98849 0
    endloop
  endfacet
  facet normal 0.454104 0.885389 -0.0993784
    outer loop
      vertex 22.2187 2.98849 0
      vertex 22.1771 3.09962 0.799999
      vertex 22.2516 3.06141 0.799999
    endloop
  endfacet
  facet normal 0.454 0.885441 -0.0993909
    outer loop
      vertex 22.1771 3.09962 0.799999
      vertex 22.2187 2.98849 0
      vertex 22.13 3.03397 0
    endloop
  endfacet
  facet normal 0.453732 0.885578 -0.0993884
    outer loop
      vertex 22.275 3.23607 2.46301
      vertex 22.4244 3.44425 5
      vertex 22.275 3.11324 1.36856
    endloop
  endfacet
  facet normal 0.91702 0.386251 -0.0994146
    outer loop
      vertex 21.8011 3.50083 0.799999
      vertex 21.6903 3.55798 0
      vertex 21.7686 3.57799 0.799999
    endloop
  endfacet
  facet normal 0.916992 0.386322 -0.0994056
    outer loop
      vertex 21.6903 3.55798 0
      vertex 21.8011 3.50083 0.799999
      vertex 21.729 3.46612 0
    endloop
  endfacet
  facet normal 0.975304 0.197247 -0.0993723
    outer loop
      vertex 21.7369 3.6808 0.799999
      vertex 21.6412 3.75096 0
      vertex 21.7203 3.76288 0.799999
    endloop
  endfacet
  facet normal 0.97542 0.196641 -0.0994393
    outer loop
      vertex 21.6412 3.75096 0
      vertex 21.7369 3.6808 0.799999
      vertex 21.6609 3.65324 0
    endloop
  endfacet
  facet normal 0.874499 0.474728 -0.0994176
    outer loop
      vertex 21.8412 3.42728 0.799999
      vertex 21.845 3.42028 0.799999
      vertex 21.7767 3.37856 0
    endloop
  endfacet
  facet normal 0.873638 0.476314 -0.0994029
    outer loop
      vertex 21.8412 3.42728 0.799999
      vertex 21.729 3.46612 0
      vertex 21.8011 3.50083 0.799999
    endloop
  endfacet
  facet normal 0.873796 0.476017 -0.0994394
    outer loop
      vertex 21.729 3.46612 0
      vertex 21.8412 3.42728 0.799999
      vertex 21.7767 3.37856 0
    endloop
  endfacet
  facet normal 0.762018 0.639896 -0.0993095
    outer loop
      vertex 21.9556 3.27424 0.799999
      vertex 21.8329 3.2962 0
      vertex 21.8966 3.3445 0.799999
    endloop
  endfacet
  facet normal 0.762652 0.639122 -0.099428
    outer loop
      vertex 21.8329 3.2962 0
      vertex 21.9556 3.27424 0.799999
      vertex 21.8969 3.21983 0
    endloop
  endfacet
  facet normal -0.0247191 -0.994742 -0.0993801
    outer loop
      vertex 22.7047 4.8972 0
      vertex 22.6674 4.3986 5
      vertex 22.6175 4.39984 5
    endloop
  endfacet
  facet normal -0.0248685 -0.994739 -0.0993823
    outer loop
      vertex 22.7047 4.8972 0
      vertex 22.6175 4.39984 5
      vertex 22.6051 4.89969 0
    endloop
  endfacet
  facet normal -0.221369 -0.970113 -0.0993797
    outer loop
      vertex 22.9008 4.86262 0
      vertex 22.7654 4.38131 5
      vertex 22.7168 4.3924 5
    endloop
  endfacet
  facet normal -0.497353 -0.861838 -0.0993743
    outer loop
      vertex 23.1725 4.74003 0
      vertex 22.9013 4.32001 5
      vertex 22.8581 4.34494 5
    endloop
  endfacet
  facet normal -0.658234 0.746225 -0.0993787
    outer loop
      vertex 22.9791 3.54207 5
      vertex 23.3282 3.18413 0
      vertex 22.9417 3.50908 5
    endloop
  endfacet
  facet normal -0.896722 0.431289 -0.0993949
    outer loop
      vertex 23.5515 3.51156 0
      vertex 23.0691 3.66087 5
      vertex 23.0907 3.70578 5
    endloop
  endfacet
  facet normal -0.896314 0.432139 -0.0993809
    outer loop
      vertex 23.0691 3.66087 5
      vertex 23.5515 3.51156 0
      vertex 23.5082 3.42175 0
    endloop
  endfacet
  facet normal -0.934707 0.341236 -0.0993976
    outer loop
      vertex 23.1078 3.75262 5
      vertex 23.5515 3.51156 0
      vertex 23.0907 3.70578 5
    endloop
  endfacet
  facet normal -0.984022 0.147733 -0.0993813
    outer loop
      vertex 23.1275 3.85022 5
      vertex 23.625 3.80043 0
      vertex 23.1201 3.80093 5
    endloop
  endfacet
  facet normal -0.993797 0.0499095 -0.0993798
    outer loop
      vertex 23.13 3.9 5
      vertex 23.625 3.80043 0
      vertex 23.1275 3.85022 5
    endloop
  endfacet
  facet normal 0.363521 -0.926269 -0.099386
    outer loop
      vertex 22.275 4.68676 1.36856
      vertex 22.4708 4.37396 5
      vertex 22.4244 4.35575 5
    endloop
  endfacet
  facet normal 0.363314 -0.926351 -0.0993819
    outer loop
      vertex 22.4708 4.37396 5
      vertex 22.275 4.68676 1.36856
      vertex 22.275 4.71379 1.11661
    endloop
  endfacet
  facet normal 0.365234 -0.925594 -0.0993998
    outer loop
      vertex 22.259 4.7415 0.799999
      vertex 22.2516 4.73858 0.799999
      vertex 22.2187 4.81151 0
    endloop
  endfacet
  facet normal -0.0247191 0.994742 -0.0993801
    outer loop
      vertex 22.6674 3.4014 5
      vertex 22.7047 2.9028 0
      vertex 22.6175 3.40016 5
    endloop
  endfacet
  facet normal 0.0743701 0.992266 -0.0993803
    outer loop
      vertex 22.5678 3.40388 5
      vertex 22.6051 2.90031 0
      vertex 22.5057 2.90776 0
    endloop
  endfacet
  facet normal 0.269405 0.957885 -0.0993797
    outer loop
      vertex 22.5187 3.41254 5
      vertex 22.4075 2.92507 0
      vertex 22.3115 2.95207 0
    endloop
  endfacet
  facet normal 0.172834 0.979924 -0.0993806
    outer loop
      vertex 22.5187 3.41254 5
      vertex 22.5678 3.40388 5
      vertex 22.4075 2.92507 0
    endloop
  endfacet
  facet normal 0.540096 0.835714 -0.0993882
    outer loop
      vertex 22.093 3.15302 0.799999
      vertex 22.0997 3.14869 0.799999
      vertex 22.0463 3.08806 0
    endloop
  endfacet
  facet normal 0.539553 0.836067 -0.0993683
    outer loop
      vertex 22.38 3.46699 5
      vertex 22.275 3.40622 3.91856
      vertex 22.3381 3.49403 5
    endloop
  endfacet
  facet normal 0.539799 0.835907 -0.0993832
    outer loop
      vertex 22.275 3.40622 3.91856
      vertex 22.38 3.46699 5
      vertex 22.275 3.34777 3.42694
    endloop
  endfacet
  facet normal 0.990037 0.0997519 -0.0993764
    outer loop
      vertex 21.7195 3.77082 0.799999
      vertex 21.7203 3.76288 0.799999
      vertex 21.6412 3.75096 0
    endloop
  endfacet
  facet normal 0.990031 0.0998111 -0.0993773
    outer loop
      vertex 21.7195 3.77082 0.799999
      vertex 21.6312 3.85015 0
      vertex 21.7111 3.85414 0.799999
    endloop
  endfacet
  facet normal 0.990031 0.0998116 -0.0993773
    outer loop
      vertex 21.6312 3.85015 0
      vertex 21.7195 3.77082 0.799999
      vertex 21.6412 3.75096 0
    endloop
  endfacet
  facet normal 0.977242 0.187451 -0.0992958
    outer loop
      vertex 21.7369 3.6808 0.799999
      vertex 21.7384 3.67298 0.799999
      vertex 21.6609 3.65324 0
    endloop
  endfacet
  facet normal 0.950642 0.293957 -0.0993469
    outer loop
      vertex 21.7655 3.58534 0.799999
      vertex 21.6609 3.65324 0
      vertex 21.7384 3.67298 0.799999
    endloop
  endfacet
  facet normal 0.950794 0.293443 -0.0994105
    outer loop
      vertex 21.6609 3.65324 0
      vertex 21.7655 3.58534 0.799999
      vertex 21.6903 3.55798 0
    endloop
  endfacet
  facet normal 0.695057 0.712056 -0.0993526
    outer loop
      vertex 21.9683 3.15022 0
      vertex 21.9556 3.27424 0.799999
      vertex 22.0155 3.21577 0.799999
    endloop
  endfacet
  facet normal 0.694616 0.712477 -0.0994249
    outer loop
      vertex 21.9556 3.27424 0.799999
      vertex 21.9683 3.15022 0
      vertex 21.8969 3.21983 0
    endloop
  endfacet
  facet normal 0.69411 0.712965 -0.0994612
    outer loop
      vertex 22.275 3.54867 5
      vertex 22.2992 3.52511 5
      vertex 22.275 3.49774 4.63492
    endloop
  endfacet
  facet normal 0.695446 0.711678 -0.0993445
    outer loop
      vertex 22.0155 3.21577 0.799999
      vertex 22.0212 3.2102 0.799999
      vertex 21.9683 3.15022 0
    endloop
  endfacet
  facet normal 0.269926 0.957738 -0.0993877
    outer loop
      vertex 22.4708 3.42604 5
      vertex 22.5187 3.41254 5
      vertex 22.3115 2.95207 0
    endloop
  endfacet
  facet normal 0.995049 0 -0.0993816
    outer loop
      vertex 3.40062 6.60508 5
      vertex 2.90124 6.67985 0
      vertex 3.40062 6.65492 5
    endloop
  endfacet
  facet normal 0.995049 0 -0.0993816
    outer loop
      vertex 2.90124 6.67985 0
      vertex 3.40062 6.60508 5
      vertex 2.90124 6.58015 0
    endloop
  endfacet
  facet normal -0.993817 -0.0495112 -0.0993817
    outer loop
      vertex 4.9 6.63 0
      vertex 4.4 6.63 5
      vertex 4.39752 6.67978 5
    endloop
  endfacet
  facet normal -0.993812 -0.0496058 -0.0993803
    outer loop
      vertex 4.89503 6.72957 0
      vertex 4.9 6.63 0
      vertex 4.39752 6.67978 5
    endloop
  endfacet
  facet normal -0.983934 -0.148319 -0.0993803
    outer loop
      vertex 4.88017 6.82815 0
      vertex 4.39752 6.67978 5
      vertex 4.39009 6.72907 5
    endloop
  endfacet
  facet normal 0.0743626 -0.992267 -0.0993822
    outer loop
      vertex 3.87507 7.62969 0
      vertex 3.88753 7.12984 5
      vertex 3.77566 7.62224 0
    endloop
  endfacet
  facet normal -0.123574 0.987347 -0.0993747
    outer loop
      vertex 3.97666 5.71356 0.799999
      vertex 3.97473 5.6328 0
      vertex 3.96875 5.71257 0.799999
    endloop
  endfacet
  facet normal -0.658369 -0.746105 -0.0993822
    outer loop
      vertex 4.52349 7.41183 0
      vertex 4.59824 7.34587 0
      vertex 4.24912 6.98793 5
    endloop
  endfacet
  facet normal -0.123666 -0.987335 -0.0993823
    outer loop
      vertex 4.07365 7.61481 0
      vertex 3.98682 7.1224 5
      vertex 3.97473 7.6272 0
    endloop
  endfacet
  facet normal 0.694667 -0.712433 -0.0993788
    outer loop
      vertex 3.56916 7.00489 5
      vertex 3.53347 6.97009 5
      vertex 3.16695 7.31017 0
    endloop
  endfacet
  facet normal 0.9901 0.0991198 -0.0993804
    outer loop
      vertex 3.40558 6.55548 5
      vertex 2.91117 6.48096 0
      vertex 2.90124 6.58015 0
    endloop
  endfacet
  facet normal 0.975329 0.197122 -0.0993813
    outer loop
      vertex 3.41546 6.50662 5
      vertex 2.93092 6.38324 0
      vertex 2.91117 6.48096 0
    endloop
  endfacet
  facet normal -0.729482 0.676741 -0.0993861
    outer loop
      vertex 4.28302 6.30861 5
      vertex 4.32307 6.275 4.47718
      vertex 4.25184 6.275 5
    endloop
  endfacet
  facet normal -0.72992 0.676268 -0.0993876
    outer loop
      vertex 4.60476 6.03864 0.799999
      vertex 4.66604 5.98721 0
      vertex 4.59934 6.03279 0.799999
    endloop
  endfacet
  facet normal -0.983934 0.148319 -0.0993803
    outer loop
      vertex 4.89503 6.53043 0
      vertex 4.88017 6.43185 0
      vertex 4.39752 6.58022 5
    endloop
  endfacet
  facet normal -0.316907 -0.943236 -0.0993809
    outer loop
      vertex 4.17084 7.59262 0
      vertex 4.26534 7.56087 0
      vertex 4.03542 7.11131 5
    endloop
  endfacet
  facet normal 0.620358 0.777997 -0.0993868
    outer loop
      vertex 3.31626 5.81806 0
      vertex 3.29125 5.9402 0.799999
      vertex 3.36296 5.88302 0.799999
    endloop
  endfacet
  facet normal 0.620384 0.777976 -0.0993828
    outer loop
      vertex 3.29125 5.9402 0.799999
      vertex 3.31626 5.81806 0
      vertex 3.23831 5.88022 0
    endloop
  endfacet
  facet normal -0.222196 0.969923 -0.0993861
    outer loop
      vertex 4.14917 5.74439 0.799999
      vertex 4.17084 5.66738 0
      vertex 4.1414 5.74261 0.799999
    endloop
  endfacet
  facet normal -0.409233 0.907001 -0.0993834
    outer loop
      vertex 4.26534 5.69913 0
      vertex 4.31244 5.80804 0.799999
      vertex 4.35621 5.74013 0
    endloop
  endfacet
  facet normal -0.409237 0.906999 -0.0993829
    outer loop
      vertex 4.31244 5.80804 0.799999
      vertex 4.26534 5.69913 0
      vertex 4.23611 5.7736 0.799999
    endloop
  endfacet
  facet normal -0.935062 0.340268 -0.0993841
    outer loop
      vertex 4.82148 6.24156 0
      vertex 4.74862 6.275 0.799999
      vertex 4.85557 6.33524 0
    endloop
  endfacet
  facet normal -0.934909 0.340687 -0.0993877
    outer loop
      vertex 4.74862 6.275 0.799999
      vertex 4.82148 6.24156 0
      vertex 4.74776 6.27264 0.799999
    endloop
  endfacet
  facet normal -0.935199 0.339875 -0.099432
    outer loop
      vertex 4.74216 6.275 0.860758
      vertex 4.85557 6.33524 0
      vertex 4.74862 6.275 0.799999
    endloop
  endfacet
  facet normal -0.935044 0.340316 -0.0993807
    outer loop
      vertex 4.85557 6.33524 0
      vertex 4.74216 6.275 0.860758
      vertex 4.36074 6.43578 5
    endloop
  endfacet
  facet normal -0.964286 0.245513 -0.09938
    outer loop
      vertex 4.39009 6.53093 5
      vertex 4.85557 6.33524 0
      vertex 4.37779 6.48262 5
    endloop
  endfacet
  facet normal -0.96428 -0.245536 -0.0993804
    outer loop
      vertex 4.85557 6.92476 0
      vertex 4.88017 6.82815 0
      vertex 4.39009 6.72907 5
    endloop
  endfacet
  facet normal -0.983934 -0.148319 -0.0993803
    outer loop
      vertex 4.88017 6.82815 0
      vertex 4.89503 6.72957 0
      vertex 4.39752 6.67978 5
    endloop
  endfacet
  facet normal -0.93503 -0.340356 -0.0993801
    outer loop
      vertex 4.85557 6.92476 0
      vertex 4.37779 6.77738 5
      vertex 4.36074 6.82422 5
    endloop
  endfacet
  facet normal -0.935051 -0.3403 -0.099381
    outer loop
      vertex 4.82148 7.01843 0
      vertex 4.85557 6.92476 0
      vertex 4.36074 6.82422 5
    endloop
  endfacet
  facet normal -0.729464 -0.676761 -0.0993821
    outer loop
      vertex 4.59824 7.34587 0
      vertex 4.66604 7.27279 0
      vertex 4.24912 6.98793 5
    endloop
  endfacet
  facet normal -0.0247537 -0.994741 -0.0993826
    outer loop
      vertex 3.87507 7.62969 0
      vertex 3.93736 7.1286 5
      vertex 3.88753 7.12984 5
    endloop
  endfacet
  facet normal -0.0248535 -0.994739 -0.0993811
    outer loop
      vertex 3.93736 7.1286 5
      vertex 3.87507 7.62969 0
      vertex 3.97473 7.6272 0
    endloop
  endfacet
  facet normal 0.97531 -0.197218 -0.0993799
    outer loop
      vertex 3.41546 6.75338 5
      vertex 3.40558 6.70452 5
      vertex 2.91117 6.77904 0
    endloop
  endfacet
  facet normal 0.762262 -0.639594 -0.0993801
    outer loop
      vertex 3.16695 7.31017 0
      vertex 3.50143 6.9319 5
      vertex 3.10287 7.2338 0
    endloop
  endfacet
  facet normal 0.916851 0.386662 -0.0993823
    outer loop
      vertex 3.16284 6.275 1.81809
      vertex 3.43015 6.45899 5
      vertex 3.44952 6.41306 5
    endloop
  endfacet
  facet normal 0.916741 0.38692 -0.099388
    outer loop
      vertex 3.43015 6.45899 5
      vertex 3.16284 6.275 1.81809
      vertex 3.1284 6.275 1.50042
    endloop
  endfacet
  facet normal 0.916837 0.386693 -0.0993848
    outer loop
      vertex 3.06801 6.23818 0.799999
      vertex 3.07111 6.23083 0.799999
      vertex 2.99903 6.19612 0
    endloop
  endfacet
  facet normal 0.97531 0.197218 -0.0993799
    outer loop
      vertex 3.40558 6.55548 5
      vertex 3.41546 6.50662 5
      vertex 2.91117 6.48096 0
    endloop
  endfacet
  facet normal 0.539941 0.835815 -0.0993806
    outer loop
      vertex 3.4 5.76397 0
      vertex 3.36296 5.88302 0.799999
      vertex 3.4333 5.83758 0.799999
    endloop
  endfacet
  facet normal 0.539895 0.835844 -0.099387
    outer loop
      vertex 3.36296 5.88302 0.799999
      vertex 3.4 5.76397 0
      vertex 3.31626 5.81806 0
    endloop
  endfacet
  facet normal -0.0247357 0.994743 -0.0993733
    outer loop
      vertex 3.97473 5.6328 0
      vertex 3.87706 5.71029 0.799999
      vertex 3.96875 5.71257 0.799999
    endloop
  endfacet
  facet normal -0.0248535 0.994738 -0.0993873
    outer loop
      vertex 3.87706 5.71029 0.799999
      vertex 3.97473 5.6328 0
      vertex 3.87507 5.63031 0
    endloop
  endfacet
  facet normal 0.269498 0.957859 -0.0993867
    outer loop
      vertex 3.67748 5.65507 0
      vertex 3.60699 5.75791 0.799999
      vertex 3.6876 5.73523 0.799999
    endloop
  endfacet
  facet normal 0.269483 0.957863 -0.0993885
    outer loop
      vertex 3.60699 5.75791 0.799999
      vertex 3.67748 5.65507 0
      vertex 3.58151 5.68207 0
    endloop
  endfacet
  facet normal -0.221486 0.970087 -0.0993754
    outer loop
      vertex 4.07365 5.64519 0
      vertex 4.1414 5.74261 0.799999
      vertex 4.17084 5.66738 0
    endloop
  endfacet
  facet normal -0.221376 0.970111 -0.0993875
    outer loop
      vertex 4.1414 5.74261 0.799999
      vertex 4.07365 5.64519 0
      vertex 4.05976 5.72398 0.799999
    endloop
  endfacet
  facet normal -0.123666 0.987334 -0.0993874
    outer loop
      vertex 3.97473 5.6328 0
      vertex 4.05976 5.72398 0.799999
      vertex 4.07365 5.64519 0
    endloop
  endfacet
  facet normal -0.123801 0.987319 -0.0993713
    outer loop
      vertex 4.05976 5.72398 0.799999
      vertex 3.97473 5.6328 0
      vertex 3.97666 5.71356 0.799999
    endloop
  endfacet
  facet normal -0.409215 0.90701 -0.0993831
    outer loop
      vertex 4.31971 5.81132 0.799999
      vertex 4.35621 5.74013 0
      vertex 4.31244 5.80804 0.799999
    endloop
  endfacet
  facet normal -0.793086 0.600947 -0.0993815
    outer loop
      vertex 4.42069 6.275 3.69809
      vertex 4.38479 6.275 3.98458
      vertex 4.31312 6.34834 5
    endloop
  endfacet
  facet normal -0.793193 0.600807 -0.0993781
    outer loop
      vertex 4.72624 6.06668 0
      vertex 4.60958 6.04499 0.799999
      vertex 4.66014 6.11174 0.799999
    endloop
  endfacet
  facet normal -0.793169 0.60084 -0.0993737
    outer loop
      vertex 4.60958 6.04499 0.799999
      vertex 4.72624 6.06668 0
      vertex 4.66604 5.98721 0
    endloop
  endfacet
  facet normal -0.849112 0.51878 -0.0993813
    outer loop
      vertex 4.48663 6.275 3.13474
      vertex 4.33911 6.39087 5
      vertex 4.55189 6.275 2.57716
    endloop
  endfacet
  facet normal -0.849062 0.51886 -0.0993824
    outer loop
      vertex 4.33911 6.39087 5
      vertex 4.48663 6.275 3.13474
      vertex 4.31312 6.34834 5
    endloop
  endfacet
  facet normal -0.84915 0.518717 -0.0993843
    outer loop
      vertex 4.70796 6.19001 0.799999
      vertex 4.77822 6.15175 0
      vertex 4.7038 6.1832 0.799999
    endloop
  endfacet
  facet normal -0.849061 0.518863 -0.0993824
    outer loop
      vertex 4.48663 6.275 3.13474
      vertex 4.42069 6.275 3.69809
      vertex 4.31312 6.34834 5
    endloop
  endfacet
  facet normal -0.84911 0.518782 -0.0993832
    outer loop
      vertex 4.77822 6.15175 0
      vertex 4.66014 6.11174 0.799999
      vertex 4.7038 6.1832 0.799999
    endloop
  endfacet
  facet normal -0.84909 0.518816 -0.0993785
    outer loop
      vertex 4.66014 6.11174 0.799999
      vertex 4.77822 6.15175 0
      vertex 4.72624 6.06668 0
    endloop
  endfacet
  facet normal -0.93503 0.340356 -0.0993801
    outer loop
      vertex 4.37779 6.48262 5
      vertex 4.85557 6.33524 0
      vertex 4.36074 6.43578 5
    endloop
  endfacet
  facet normal -0.96428 0.245536 -0.0993804
    outer loop
      vertex 4.88017 6.43185 0
      vertex 4.85557 6.33524 0
      vertex 4.39009 6.53093 5
    endloop
  endfacet
  facet normal -0.964286 -0.245513 -0.09938
    outer loop
      vertex 4.85557 6.92476 0
      vertex 4.39009 6.72907 5
      vertex 4.37779 6.77738 5
    endloop
  endfacet
  facet normal -0.84909 -0.518816 -0.0993811
    outer loop
      vertex 4.77822 7.10825 0
      vertex 4.31312 6.91166 5
      vertex 4.72624 7.19332 0
    endloop
  endfacet
  facet normal -0.849063 -0.518861 -0.0993804
    outer loop
      vertex 4.31312 6.91166 5
      vertex 4.77822 7.10825 0
      vertex 4.33911 6.86913 5
    endloop
  endfacet
  facet normal -0.793168 -0.600839 -0.0993818
    outer loop
      vertex 4.72624 7.19332 0
      vertex 4.28302 6.95139 5
      vertex 4.66604 7.27279 0
    endloop
  endfacet
  facet normal -0.793132 -0.600887 -0.0993809
    outer loop
      vertex 4.28302 6.95139 5
      vertex 4.72624 7.19332 0
      vertex 4.31312 6.91166 5
    endloop
  endfacet
  facet normal -0.729464 -0.676761 -0.0993821
    outer loop
      vertex 4.66604 7.27279 0
      vertex 4.28302 6.95139 5
      vertex 4.24912 6.98793 5
    endloop
  endfacet
  facet normal -0.896489 -0.431776 -0.0993807
    outer loop
      vertex 4.82148 7.01843 0
      vertex 4.33911 6.86913 5
      vertex 4.77822 7.10825 0
    endloop
  endfacet
  facet normal -0.896489 -0.431776 -0.0993807
    outer loop
      vertex 4.33911 6.86913 5
      vertex 4.82148 7.01843 0
      vertex 4.36074 6.82422 5
    endloop
  endfacet
  facet normal -0.316818 -0.943266 -0.0993795
    outer loop
      vertex 4.26534 7.56087 0
      vertex 4.08267 7.09544 5
      vertex 4.03542 7.11131 5
    endloop
  endfacet
  facet normal -0.221369 -0.970113 -0.0993829
    outer loop
      vertex 4.07365 7.61481 0
      vertex 4.03542 7.11131 5
      vertex 3.98682 7.1224 5
    endloop
  endfacet
  facet normal -0.221486 -0.970086 -0.0993812
    outer loop
      vertex 4.07365 7.61481 0
      vertex 4.17084 7.59262 0
      vertex 4.03542 7.11131 5
    endloop
  endfacet
  facet normal -0.123765 -0.987323 -0.0993808
    outer loop
      vertex 3.97473 7.6272 0
      vertex 3.98682 7.1224 5
      vertex 3.93736 7.1286 5
    endloop
  endfacet
  facet normal -0.409234 -0.907001 -0.0993801
    outer loop
      vertex 4.26534 7.56087 0
      vertex 4.35621 7.51987 0
      vertex 4.08267 7.09544 5
    endloop
  endfacet
  facet normal -0.580776 -0.807975 -0.0993804
    outer loop
      vertex 4.52349 7.41183 0
      vertex 4.21174 7.02092 5
      vertex 4.17127 7.05001 5
    endloop
  endfacet
  facet normal 0.822143 -0.560539 -0.09938
    outer loop
      vertex 3.50143 6.9319 5
      vertex 3.04671 7.15143 0
      vertex 3.10287 7.2338 0
    endloop
  endfacet
  facet normal 0.822112 -0.560585 -0.0993792
    outer loop
      vertex 3.04671 7.15143 0
      vertex 3.50143 6.9319 5
      vertex 3.47335 6.89072 5
    endloop
  endfacet
  facet normal 0.975329 -0.197122 -0.0993813
    outer loop
      vertex 2.93092 6.87676 0
      vertex 3.41546 6.75338 5
      vertex 2.91117 6.77904 0
    endloop
  endfacet
  facet normal 0.950825 -0.293352 -0.0993803
    outer loop
      vertex 3.43015 6.80101 5
      vertex 2.93092 6.87676 0
      vertex 2.96031 6.97202 0
    endloop
  endfacet
  facet normal 0.950853 -0.293261 -0.0993818
    outer loop
      vertex 2.93092 6.87676 0
      vertex 3.43015 6.80101 5
      vertex 3.41546 6.75338 5
    endloop
  endfacet
  facet normal 0.9901 -0.0991198 -0.0993804
    outer loop
      vertex 2.91117 6.77904 0
      vertex 3.40558 6.70452 5
      vertex 2.90124 6.67985 0
    endloop
  endfacet
  facet normal 0 0 -1
    outer loop
      vertex 4.39752 6.58022 5
      vertex 4.39752 6.67978 5
      vertex 4.4 6.63 5
    endloop
  endfacet
  facet normal 0 0 -1
    outer loop
      vertex 4.39009 6.53093 5
      vertex 4.39752 6.67978 5
      vertex 4.39752 6.58022 5
    endloop
  endfacet
  facet normal 0 0 -1
    outer loop
      vertex 4.39009 6.53093 5
      vertex 4.39009 6.72907 5
      vertex 4.39752 6.67978 5
    endloop
  endfacet
  facet normal 0 0 -1
    outer loop
      vertex 4.37779 6.48262 5
      vertex 4.39009 6.72907 5
      vertex 4.39009 6.53093 5
    endloop
  endfacet
  facet normal 0 0 -1
    outer loop
      vertex 4.37779 6.48262 5
      vertex 4.37779 6.77738 5
      vertex 4.39009 6.72907 5
    endloop
  endfacet
  facet normal 0 0 -1
    outer loop
      vertex 4.36074 6.43578 5
      vertex 4.37779 6.77738 5
      vertex 4.37779 6.48262 5
    endloop
  endfacet
  facet normal 0 0 -1
    outer loop
      vertex 4.36074 6.43578 5
      vertex 4.36074 6.82422 5
      vertex 4.37779 6.77738 5
    endloop
  endfacet
  facet normal 0 0 -1
    outer loop
      vertex 4.33911 6.39087 5
      vertex 4.36074 6.82422 5
      vertex 4.36074 6.43578 5
    endloop
  endfacet
  facet normal 0 0 -1
    outer loop
      vertex 4.33911 6.39087 5
      vertex 4.33911 6.86913 5
      vertex 4.36074 6.82422 5
    endloop
  endfacet
  facet normal 0 0 -1
    outer loop
      vertex 4.31312 6.34834 5
      vertex 4.33911 6.86913 5
      vertex 4.33911 6.39087 5
    endloop
  endfacet
  facet normal 0 0 -1
    outer loop
      vertex 4.31312 6.34834 5
      vertex 4.31312 6.91166 5
      vertex 4.33911 6.86913 5
    endloop
  endfacet
  facet normal 0 0 -1
    outer loop
      vertex 4.28302 6.30861 5
      vertex 4.31312 6.91166 5
      vertex 4.31312 6.34834 5
    endloop
  endfacet
  facet normal 0 0 -1
    outer loop
      vertex 4.28302 6.30861 5
      vertex 4.28302 6.95139 5
      vertex 4.31312 6.91166 5
    endloop
  endfacet
  facet normal 0 0 -1
    outer loop
      vertex 4.25184 6.275 5
      vertex 4.28302 6.95139 5
      vertex 4.28302 6.30861 5
    endloop
  endfacet
  facet normal 0 0 -1
    outer loop
      vertex 4.25184 6.275 5
      vertex 4.24912 6.98793 5
      vertex 4.28302 6.95139 5
    endloop
  endfacet
  facet normal 0 0 -1
    outer loop
      vertex 4.25184 6.275 5
      vertex 4.21174 7.02092 5
      vertex 4.24912 6.98793 5
    endloop
  endfacet
  facet normal 0 0 -1
    outer loop
      vertex 4.25184 6.275 5
      vertex 4.17127 7.05001 5
      vertex 4.21174 7.02092 5
    endloop
  endfacet
  facet normal 0 0 -1
    outer loop
      vertex 4.25184 6.275 5
      vertex 4.12811 7.07493 5
      vertex 4.17127 7.05001 5
    endloop
  endfacet
  facet normal 0 0 -1
    outer loop
      vertex 4.25184 6.275 5
      vertex 4.08267 7.09544 5
      vertex 4.12811 7.07493 5
    endloop
  endfacet
  facet normal 0 0 -1
    outer loop
      vertex 4.25184 6.275 5
      vertex 4.03542 7.11131 5
      vertex 4.08267 7.09544 5
    endloop
  endfacet
  facet normal 0 0 -1
    outer loop
      vertex 4.25184 6.275 5
      vertex 3.98682 7.1224 5
      vertex 4.03542 7.11131 5
    endloop
  endfacet
  facet normal 0 0 -1
    outer loop
      vertex 4.25184 6.275 5
      vertex 3.93736 7.1286 5
      vertex 3.98682 7.1224 5
    endloop
  endfacet
  facet normal 0 0 -1
    outer loop
      vertex 4.25184 6.275 5
      vertex 3.88753 7.12984 5
      vertex 3.93736 7.1286 5
    endloop
  endfacet
  facet normal 0 0 -1
    outer loop
      vertex 4.25184 6.275 5
      vertex 3.83783 7.12612 5
      vertex 3.88753 7.12984 5
    endloop
  endfacet
  facet normal 0 0 -1
    outer loop
      vertex 4.25184 6.275 5
      vertex 3.78874 7.11746 5
      vertex 3.83783 7.12612 5
    endloop
  endfacet
  facet normal 0 0 -1
    outer loop
      vertex 4.25184 6.275 5
      vertex 3.74076 7.10396 5
      vertex 3.78874 7.11746 5
    endloop
  endfacet
  facet normal 0 0 -1
    outer loop
      vertex 4.25184 6.275 5
      vertex 3.69436 7.08575 5
      vertex 3.74076 7.10396 5
    endloop
  endfacet
  facet normal 0 0 -1
    outer loop
      vertex 4.25184 6.275 5
      vertex 3.65 7.06301 5
      vertex 3.69436 7.08575 5
    endloop
  endfacet
  facet normal 0 0 -1
    outer loop
      vertex 4.25184 6.275 5
      vertex 3.60813 7.03597 5
      vertex 3.65 7.06301 5
    endloop
  endfacet
  facet normal 0 0 -1
    outer loop
      vertex 4.25184 6.275 5
      vertex 3.56916 7.00489 5
      vertex 3.60813 7.03597 5
    endloop
  endfacet
  facet normal 0 0 -1
    outer loop
      vertex 3.54876 6.275 5
      vertex 3.56916 7.00489 5
      vertex 4.25184 6.275 5
    endloop
  endfacet
  facet normal 0 0 -1
    outer loop
      vertex 3.50143 6.3281 5
      vertex 3.54876 6.275 5
      vertex 3.53347 6.28991 5
    endloop
  endfacet
  facet normal 0 0 -1
    outer loop
      vertex 3.54876 6.275 5
      vertex 3.53347 6.97009 5
      vertex 3.56916 7.00489 5
    endloop
  endfacet
  facet normal 0 0 -1
    outer loop
      vertex 3.54876 6.275 5
      vertex 3.50143 6.3281 5
      vertex 3.53347 6.97009 5
    endloop
  endfacet
  facet normal 0 0 -1
    outer loop
      vertex 3.50143 6.3281 5
      vertex 3.50143 6.9319 5
      vertex 3.53347 6.97009 5
    endloop
  endfacet
  facet normal 0 0 -1
    outer loop
      vertex 3.47335 6.36928 5
      vertex 3.50143 6.9319 5
      vertex 3.50143 6.3281 5
    endloop
  endfacet
  facet normal 0 0 -1
    outer loop
      vertex 3.47335 6.36928 5
      vertex 3.47335 6.89072 5
      vertex 3.50143 6.9319 5
    endloop
  endfacet
  facet normal 0 0 -1
    outer loop
      vertex 3.44952 6.41306 5
      vertex 3.47335 6.89072 5
      vertex 3.47335 6.36928 5
    endloop
  endfacet
  facet normal 0 0 -1
    outer loop
      vertex 3.44952 6.41306 5
      vertex 3.44952 6.84694 5
      vertex 3.47335 6.89072 5
    endloop
  endfacet
  facet normal 0 0 -1
    outer loop
      vertex 3.43015 6.45899 5
      vertex 3.44952 6.84694 5
      vertex 3.44952 6.41306 5
    endloop
  endfacet
  facet normal 0 0 -1
    outer loop
      vertex 3.43015 6.45899 5
      vertex 3.43015 6.80101 5
      vertex 3.44952 6.84694 5
    endloop
  endfacet
  facet normal 0 0 -1
    outer loop
      vertex 3.41546 6.50662 5
      vertex 3.43015 6.80101 5
      vertex 3.43015 6.45899 5
    endloop
  endfacet
  facet normal 0 0 -1
    outer loop
      vertex 3.41546 6.50662 5
      vertex 3.41546 6.75338 5
      vertex 3.43015 6.80101 5
    endloop
  endfacet
  facet normal 0 0 -1
    outer loop
      vertex 3.40558 6.55548 5
      vertex 3.41546 6.75338 5
      vertex 3.41546 6.50662 5
    endloop
  endfacet
  facet normal 0 0 -1
    outer loop
      vertex 3.40558 6.55548 5
      vertex 3.40558 6.70452 5
      vertex 3.41546 6.75338 5
    endloop
  endfacet
  facet normal 0 0 -1
    outer loop
      vertex 3.40062 6.60508 5
      vertex 3.40558 6.70452 5
      vertex 3.40558 6.55548 5
    endloop
  endfacet
  facet normal 0 0 -1
    outer loop
      vertex 3.40558 6.70452 5
      vertex 3.40062 6.60508 5
      vertex 3.40062 6.65492 5
    endloop
  endfacet
  facet normal 0.363521 -0.92627 -0.099383
    outer loop
      vertex 3.58151 7.57793 0
      vertex 3.69436 7.08575 5
      vertex 3.48871 7.54151 0
    endloop
  endfacet
  facet normal 0.363521 -0.92627 -0.099383
    outer loop
      vertex 3.69436 7.08575 5
      vertex 3.58151 7.57793 0
      vertex 3.74076 7.10396 5
    endloop
  endfacet
  facet normal 0.172771 -0.979935 -0.0993823
    outer loop
      vertex 3.77566 7.62224 0
      vertex 3.78874 7.11746 5
      vertex 3.67748 7.60493 0
    endloop
  endfacet
  facet normal 0.45396 -0.885462 -0.0993826
    outer loop
      vertex 3.48871 7.54151 0
      vertex 3.65 7.06301 5
      vertex 3.4 7.49603 0
    endloop
  endfacet
  facet normal 0.45392 -0.885483 -0.0993832
    outer loop
      vertex 3.65 7.06301 5
      vertex 3.48871 7.54151 0
      vertex 3.69436 7.08575 5
    endloop
  endfacet
  facet normal 0.0742708 -0.992274 -0.0993809
    outer loop
      vertex 3.88753 7.12984 5
      vertex 3.83783 7.12612 5
      vertex 3.77566 7.62224 0
    endloop
  endfacet
  facet normal 0.0743172 0.99227 -0.0993872
    outer loop
      vertex 3.87507 5.63031 0
      vertex 3.7856 5.71714 0.799999
      vertex 3.87706 5.71029 0.799999
    endloop
  endfacet
  facet normal 0.0743626 0.992267 -0.0993818
    outer loop
      vertex 3.7856 5.71714 0.799999
      vertex 3.87507 5.63031 0
      vertex 3.77566 5.63776 0
    endloop
  endfacet
  facet normal 0.990111 0.0990111 -0.099382
    outer loop
      vertex 3.40062 6.60508 5
      vertex 3.40558 6.55548 5
      vertex 2.90124 6.58015 0
    endloop
  endfacet
  facet normal 0.950853 0.293261 -0.0993818
    outer loop
      vertex 3.43015 6.45899 5
      vertex 2.93092 6.38324 0
      vertex 3.41546 6.50662 5
    endloop
  endfacet
  facet normal 0.950825 0.293352 -0.0993803
    outer loop
      vertex 2.93092 6.38324 0
      vertex 3.43015 6.45899 5
      vertex 2.96031 6.28798 0
    endloop
  endfacet
  facet normal 0.694758 0.712344 -0.0993837
    outer loop
      vertex 3.23831 5.88022 0
      vertex 3.2313 5.99867 0.799999
      vertex 3.29125 5.9402 0.799999
    endloop
  endfacet
  facet normal 0.694819 0.712286 -0.0993747
    outer loop
      vertex 3.2313 5.99867 0.799999
      vertex 3.23831 5.88022 0
      vertex 3.16695 5.94983 0
    endloop
  endfacet
  facet normal 0.822111 0.560585 -0.0993838
    outer loop
      vertex 3.43133 6.275 4.12061
      vertex 3.47335 6.36928 5
      vertex 3.50143 6.3281 5
    endloop
  endfacet
  facet normal 0.822165 0.560507 -0.099378
    outer loop
      vertex 3.47335 6.36928 5
      vertex 3.43133 6.275 4.12061
      vertex 3.31907 6.275 3.19187
    endloop
  endfacet
  facet normal 0.822128 0.560561 -0.0993815
    outer loop
      vertex 3.16664 6.0745 0.799999
      vertex 3.04671 6.10856 0
      vertex 3.11497 6.15028 0.799999
    endloop
  endfacet
  facet normal 0.822112 0.560585 -0.0993781
    outer loop
      vertex 3.04671 6.10856 0
      vertex 3.16664 6.0745 0.799999
      vertex 3.10287 6.0262 0
    endloop
  endfacet
  facet normal 0.873969 0.475712 -0.0993768
    outer loop
      vertex 3.31907 6.275 3.19187
      vertex 3.44952 6.41306 5
      vertex 3.47335 6.36928 5
    endloop
  endfacet
  facet normal 0.873895 0.475847 -0.0993817
    outer loop
      vertex 3.44952 6.41306 5
      vertex 3.31907 6.275 3.19187
      vertex 3.16284 6.275 1.81809
    endloop
  endfacet
  facet normal 0.873897 0.475843 -0.0993839
    outer loop
      vertex 3.11497 6.15028 0.799999
      vertex 2.99903 6.19612 0
      vertex 3.07111 6.23083 0.799999
    endloop
  endfacet
  facet normal 0.873885 0.475866 -0.0993808
    outer loop
      vertex 2.99903 6.19612 0
      vertex 3.11497 6.15028 0.799999
      vertex 3.04671 6.10856 0
    endloop
  endfacet
  facet normal -0.580907 0.807881 -0.0993758
    outer loop
      vertex 4.44255 5.78997 0
      vertex 4.47361 5.91071 0.799999
      vertex 4.52349 5.84817 0
    endloop
  endfacet
  facet normal -0.580842 0.807926 -0.0993852
    outer loop
      vertex 4.47361 5.91071 0.799999
      vertex 4.44255 5.78997 0
      vertex 4.40562 5.86183 0.799999
    endloop
  endfacet
  facet normal -0.658594 0.745908 -0.0993748
    outer loop
      vertex 4.47959 5.91599 0.799999
      vertex 4.52349 5.84817 0
      vertex 4.47361 5.91071 0.799999
    endloop
  endfacet
  facet normal -0.580129 0.808437 -0.0993982
    outer loop
      vertex 4.40562 5.86183 0.799999
      vertex 4.44255 5.78997 0
      vertex 4.39914 5.85718 0.799999
    endloop
  endfacet
  facet normal -0.497461 0.861774 -0.0993859
    outer loop
      vertex 4.35621 5.74013 0
      vertex 4.39224 5.85319 0.799999
      vertex 4.44255 5.78997 0
    endloop
  endfacet
  facet normal -0.497478 0.861765 -0.0993838
    outer loop
      vertex 4.39224 5.85319 0.799999
      vertex 4.35621 5.74013 0
      vertex 4.31971 5.81132 0.799999
    endloop
  endfacet
  facet normal -0.316907 0.943235 -0.0993825
    outer loop
      vertex 4.15673 5.74693 0.799999
      vertex 4.17084 5.66738 0
      vertex 4.14917 5.74439 0.799999
    endloop
  endfacet
  facet normal -0.316907 0.943235 -0.0993825
    outer loop
      vertex 4.17084 5.66738 0
      vertex 4.23611 5.7736 0.799999
      vertex 4.26534 5.69913 0
    endloop
  endfacet
  facet normal -0.316907 0.943235 -0.0993825
    outer loop
      vertex 4.23611 5.7736 0.799999
      vertex 4.17084 5.66738 0
      vertex 4.15673 5.74693 0.799999
    endloop
  endfacet
  facet normal -0.793168 0.600839 -0.0993795
    outer loop
      vertex 4.32307 6.275 4.47718
      vertex 4.31312 6.34834 5
      vertex 4.38479 6.275 3.98458
    endloop
  endfacet
  facet normal -0.793131 0.600887 -0.0993855
    outer loop
      vertex 4.31312 6.34834 5
      vertex 4.32307 6.275 4.47718
      vertex 4.28302 6.30861 5
    endloop
  endfacet
  facet normal -0.792581 0.601613 -0.099388
    outer loop
      vertex 4.60958 6.04499 0.799999
      vertex 4.66604 5.98721 0
      vertex 4.60476 6.03864 0.799999
    endloop
  endfacet
  facet normal -0.983934 0.148319 -0.0993803
    outer loop
      vertex 4.39752 6.58022 5
      vertex 4.88017 6.43185 0
      vertex 4.39009 6.53093 5
    endloop
  endfacet
  facet normal -0.497462 -0.861774 -0.0993828
    outer loop
      vertex 4.35621 7.51987 0
      vertex 4.44255 7.47003 0
      vertex 4.17127 7.05001 5
    endloop
  endfacet
  facet normal -0.580907 -0.80788 -0.0993828
    outer loop
      vertex 4.44255 7.47003 0
      vertex 4.52349 7.41183 0
      vertex 4.17127 7.05001 5
    endloop
  endfacet
  facet normal -0.497548 -0.861725 -0.0993813
    outer loop
      vertex 4.35621 7.51987 0
      vertex 4.17127 7.05001 5
      vertex 4.12811 7.07493 5
    endloop
  endfacet
  facet normal -0.409362 -0.906943 -0.0993822
    outer loop
      vertex 4.35621 7.51987 0
      vertex 4.12811 7.07493 5
      vertex 4.08267 7.09544 5
    endloop
  endfacet
  facet normal -0.658432 -0.74605 -0.0993809
    outer loop
      vertex 4.52349 7.41183 0
      vertex 4.24912 6.98793 5
      vertex 4.21174 7.02092 5
    endloop
  endfacet
  facet normal 0.873862 -0.475908 -0.0993797
    outer loop
      vertex 3.04671 7.15143 0
      vertex 3.47335 6.89072 5
      vertex 2.99903 7.06388 0
    endloop
  endfacet
  facet normal 0.762304 -0.639544 -0.0993792
    outer loop
      vertex 3.53347 6.97009 5
      vertex 3.50143 6.9319 5
      vertex 3.16695 7.31017 0
    endloop
  endfacet
  facet normal 0.990111 -0.0990111 -0.099382
    outer loop
      vertex 3.40558 6.70452 5
      vertex 3.40062 6.65492 5
      vertex 2.90124 6.67985 0
    endloop
  endfacet
  facet normal 0.620385 -0.777976 -0.0993819
    outer loop
      vertex 3.31626 7.44194 0
      vertex 3.56916 7.00489 5
      vertex 3.23831 7.37978 0
    endloop
  endfacet
  facet normal 0.620433 -0.777937 -0.099381
    outer loop
      vertex 3.56916 7.00489 5
      vertex 3.31626 7.44194 0
      vertex 3.60813 7.03597 5
    endloop
  endfacet
  facet normal 0.694818 -0.712286 -0.0993819
    outer loop
      vertex 3.23831 7.37978 0
      vertex 3.56916 7.00489 5
      vertex 3.16695 7.31017 0
    endloop
  endfacet
  facet normal 0.269483 -0.957863 -0.0993827
    outer loop
      vertex 3.67748 7.60493 0
      vertex 3.74076 7.10396 5
      vertex 3.58151 7.57793 0
    endloop
  endfacet
  facet normal 0.269509 -0.957856 -0.0993823
    outer loop
      vertex 3.74076 7.10396 5
      vertex 3.67748 7.60493 0
      vertex 3.78874 7.11746 5
    endloop
  endfacet
  facet normal 0.363301 0.926356 -0.0993828
    outer loop
      vertex 3.52162 5.79141 0.799999
      vertex 3.52904 5.7885 0.799999
      vertex 3.48871 5.71849 0
    endloop
  endfacet
  facet normal 0.3635 0.926277 -0.0993887
    outer loop
      vertex 3.58151 5.68207 0
      vertex 3.52904 5.7885 0.799999
      vertex 3.60699 5.75791 0.799999
    endloop
  endfacet
  facet normal 0.363521 0.926269 -0.0993863
    outer loop
      vertex 3.52904 5.7885 0.799999
      vertex 3.58151 5.68207 0
      vertex 3.48871 5.71849 0
    endloop
  endfacet
  facet normal 0.269405 0.957885 -0.0993881
    outer loop
      vertex 3.6876 5.73523 0.799999
      vertex 3.69528 5.73307 0.799999
      vertex 3.67748 5.65507 0
    endloop
  endfacet
  facet normal 0.172832 0.979925 -0.0993806
    outer loop
      vertex 3.77566 5.63776 0
      vertex 3.69528 5.73307 0.799999
      vertex 3.7856 5.71714 0.799999
    endloop
  endfacet
  facet normal 0.172771 0.979935 -0.0993879
    outer loop
      vertex 3.69528 5.73307 0.799999
      vertex 3.77566 5.63776 0
      vertex 3.67748 5.65507 0
    endloop
  endfacet
  facet normal 0.91694 0.38645 -0.0993804
    outer loop
      vertex 3.1284 6.275 1.50042
      vertex 2.96031 6.28798 0
      vertex 3.43015 6.45899 5
    endloop
  endfacet
  facet normal 0.916754 0.386899 -0.0993557
    outer loop
      vertex 3.05249 6.275 0.799999
      vertex 2.96031 6.28798 0
      vertex 3.1284 6.275 1.50042
    endloop
  endfacet
  facet normal 0.916923 0.386492 -0.0993817
    outer loop
      vertex 3.06801 6.23818 0.799999
      vertex 2.96031 6.28798 0
      vertex 3.05249 6.275 0.799999
    endloop
  endfacet
  facet normal 0.916922 0.386493 -0.0993816
    outer loop
      vertex 2.96031 6.28798 0
      vertex 3.06801 6.23818 0.799999
      vertex 2.99903 6.19612 0
    endloop
  endfacet
  facet normal 0.69482 0.712285 -0.0993747
    outer loop
      vertex 3.22559 6.00424 0.799999
      vertex 3.2313 5.99867 0.799999
      vertex 3.16695 5.94983 0
    endloop
  endfacet
  facet normal 0.694699 0.712405 -0.0993604
    outer loop
      vertex 3.53347 6.28991 5
      vertex 3.54876 6.275 5
      vertex 3.5174 6.275 4.78074
    endloop
  endfacet
  facet normal 0.762305 0.639546 -0.0993609
    outer loop
      vertex 3.5174 6.275 4.78074
      vertex 3.50143 6.3281 5
      vertex 3.53347 6.28991 5
    endloop
  endfacet
  facet normal 0.762246 0.639613 -0.0993815
    outer loop
      vertex 3.50143 6.3281 5
      vertex 3.5174 6.275 4.78074
      vertex 3.45448 6.275 4.29815
    endloop
  endfacet
  facet normal 0.762677 0.639101 -0.0993712
    outer loop
      vertex 3.22047 6.01035 0.799999
      vertex 3.22559 6.00424 0.799999
      vertex 3.16695 5.94983 0
    endloop
  endfacet
  facet normal 0.76218 0.639692 -0.099383
    outer loop
      vertex 3.50143 6.3281 5
      vertex 3.45448 6.275 4.29815
      vertex 3.43133 6.275 4.12061
    endloop
  endfacet
  facet normal 0.762242 0.639618 -0.0993773
    outer loop
      vertex 3.22047 6.01035 0.799999
      vertex 3.10287 6.0262 0
      vertex 3.16664 6.0745 0.799999
    endloop
  endfacet
  facet normal 0.762262 0.639594 -0.0993807
    outer loop
      vertex 3.10287 6.0262 0
      vertex 3.22047 6.01035 0.799999
      vertex 3.16695 5.94983 0
    endloop
  endfacet
  facet normal -0.658369 0.746105 -0.0993826
    outer loop
      vertex 4.52349 5.84817 0
      vertex 4.54238 5.9714 0.799999
      vertex 4.59824 5.91413 0
    endloop
  endfacet
  facet normal -0.658394 0.746084 -0.0993788
    outer loop
      vertex 4.54238 5.9714 0.799999
      vertex 4.52349 5.84817 0
      vertex 4.47959 5.91599 0.799999
    endloop
  endfacet
  facet normal -0.729433 0.676796 -0.099377
    outer loop
      vertex 4.66604 5.98721 0
      vertex 4.54238 5.9714 0.799999
      vertex 4.59934 6.03279 0.799999
    endloop
  endfacet
  facet normal -0.729464 0.676761 -0.0993826
    outer loop
      vertex 4.54238 5.9714 0.799999
      vertex 4.66604 5.98721 0
      vertex 4.59824 5.91413 0
    endloop
  endfacet
  facet normal -0.498112 0.861397 -0.099397
    outer loop
      vertex 4.39914 5.85718 0.799999
      vertex 4.44255 5.78997 0
      vertex 4.39224 5.85319 0.799999
    endloop
  endfacet
  facet normal -0.8965 0.431753 -0.0993806
    outer loop
      vertex 4.55189 6.275 2.57716
      vertex 4.36074 6.43578 5
      vertex 4.74216 6.275 0.860758
    endloop
  endfacet
  facet normal -0.896489 0.431776 -0.0993812
    outer loop
      vertex 4.36074 6.43578 5
      vertex 4.55189 6.275 2.57716
      vertex 4.33911 6.39087 5
    endloop
  endfacet
  facet normal -0.896476 0.431802 -0.0993859
    outer loop
      vertex 4.82148 6.24156 0
      vertex 4.70796 6.19001 0.799999
      vertex 4.74776 6.27264 0.799999
    endloop
  endfacet
  facet normal -0.89647 0.431815 -0.0993842
    outer loop
      vertex 4.70796 6.19001 0.799999
      vertex 4.82148 6.24156 0
      vertex 4.77822 6.15175 0
    endloop
  endfacet
  facet normal -0.993812 0.0496058 -0.0993803
    outer loop
      vertex 4.9 6.63 0
      vertex 4.89503 6.53043 0
      vertex 4.39752 6.58022 5
    endloop
  endfacet
  facet normal -0.993817 0.0495112 -0.0993817
    outer loop
      vertex 4.4 6.63 5
      vertex 4.9 6.63 0
      vertex 4.39752 6.58022 5
    endloop
  endfacet
  facet normal 0.916922 -0.386493 -0.0993802
    outer loop
      vertex 2.99903 7.06388 0
      vertex 3.43015 6.80101 5
      vertex 2.96031 6.97202 0
    endloop
  endfacet
  facet normal 0.539895 -0.835845 -0.0993814
    outer loop
      vertex 3.4 7.49603 0
      vertex 3.60813 7.03597 5
      vertex 3.31626 7.44194 0
    endloop
  endfacet
  facet normal 0.172868 -0.979918 -0.0993809
    outer loop
      vertex 3.83783 7.12612 5
      vertex 3.78874 7.11746 5
      vertex 3.77566 7.62224 0
    endloop
  endfacet
  facet normal 0.539215 0.836282 -0.0993934
    outer loop
      vertex 3.4333 5.83758 0.799999
      vertex 3.44 5.83326 0.799999
      vertex 3.4 5.76397 0
    endloop
  endfacet
  facet normal 0.454002 0.88544 -0.0993845
    outer loop
      vertex 3.48871 5.71849 0
      vertex 3.44 5.83326 0.799999
      vertex 3.52162 5.79141 0.799999
    endloop
  endfacet
  facet normal 0.45396 0.885461 -0.0993902
    outer loop
      vertex 3.44 5.83326 0.799999
      vertex 3.48871 5.71849 0
      vertex 3.4 5.76397 0
    endloop
  endfacet
  facet normal 0.873969 -0.475712 -0.099383
    outer loop
      vertex 3.47335 6.89072 5
      vertex 3.44952 6.84694 5
      vertex 2.99903 7.06388 0
    endloop
  endfacet
  facet normal 0.916851 -0.386662 -0.0993829
    outer loop
      vertex 3.44952 6.84694 5
      vertex 3.43015 6.80101 5
      vertex 2.99903 7.06388 0
    endloop
  endfacet
  facet normal 0.539825 -0.83589 -0.0993827
    outer loop
      vertex 3.65 7.06301 5
      vertex 3.60813 7.03597 5
      vertex 3.4 7.49603 0
    endloop
  endfacet
  facet normal -0.993817 -0.0495112 -0.0993817
    outer loop
      vertex 4.9 1.17 0
      vertex 4.4 1.17 5
      vertex 4.39752 1.21978 5
    endloop
  endfacet
  facet normal -0.993812 -0.0496058 -0.0993803
    outer loop
      vertex 4.89503 1.26957 0
      vertex 4.9 1.17 0
      vertex 4.39752 1.21978 5
    endloop
  endfacet
  facet normal 0.995049 0 -0.0993816
    outer loop
      vertex 3.40062 1.14508 5
      vertex 2.90124 1.21985 0
      vertex 3.40062 1.19492 5
    endloop
  endfacet
  facet normal 0.995049 0 -0.0993816
    outer loop
      vertex 2.90124 1.21985 0
      vertex 3.40062 1.14508 5
      vertex 2.90124 1.12015 0
    endloop
  endfacet
  facet normal -0.983934 -0.148319 -0.0993803
    outer loop
      vertex 4.88017 1.36815 0
      vertex 4.39752 1.21978 5
      vertex 4.39009 1.26907 5
    endloop
  endfacet
  facet normal -0.96428 -0.245536 -0.0993804
    outer loop
      vertex 4.85557 1.46476 0
      vertex 4.88017 1.36815 0
      vertex 4.39009 1.26907 5
    endloop
  endfacet
  facet normal -0.123735 0.987326 -0.0993814
    outer loop
      vertex 4.07365 0.185192 0
      vertex 3.97473 0.172795 0
      vertex 3.93736 0.671397 5
    endloop
  endfacet
  facet normal 0.0736438 -0.99232 -0.0993905
    outer loop
      vertex 3.87507 2.16969 0
      vertex 3.87706 2.08971 0.799999
      vertex 3.86911 2.08912 0.799999
    endloop
  endfacet
  facet normal 0.9901 0.0991198 -0.0993804
    outer loop
      vertex 3.40558 1.09548 5
      vertex 2.91117 1.02096 0
      vertex 2.90124 1.12015 0
    endloop
  endfacet
  facet normal 0.975328 0.197128 -0.0993813
    outer loop
      vertex 3.41546 1.04662 5
      vertex 2.93092 0.923243 0
      vertex 2.91117 1.02096 0
    endloop
  endfacet
  facet normal -0.729464 0.676761 -0.0993813
    outer loop
      vertex 4.28302 0.848606 5
      vertex 4.66604 0.527212 0
      vertex 4.24912 0.812066 5
    endloop
  endfacet
  facet normal -0.983933 0.148323 -0.0993803
    outer loop
      vertex 4.89503 1.07043 0
      vertex 4.88017 0.971853 0
      vertex 4.39752 1.12022 5
    endloop
  endfacet
  facet normal 0.694699 -0.712405 -0.0993604
    outer loop
      vertex 3.54876 1.525 5
      vertex 3.53347 1.51009 5
      vertex 3.5174 1.525 4.78074
    endloop
  endfacet
  facet normal 0.69482 -0.712285 -0.0993747
    outer loop
      vertex 3.2313 1.80133 0.799999
      vertex 3.22559 1.79576 0.799999
      vertex 3.16695 1.85017 0
    endloop
  endfacet
  facet normal -0.580841 -0.807926 -0.0993939
    outer loop
      vertex 4.44255 2.01003 0
      vertex 4.46713 1.89394 0.799999
      vertex 4.39914 1.94282 0.799999
    endloop
  endfacet
  facet normal -0.580907 -0.80788 -0.0993852
    outer loop
      vertex 4.46713 1.89394 0.799999
      vertex 4.44255 2.01003 0
      vertex 4.52349 1.95183 0
    endloop
  endfacet
  facet normal 0.620421 0.777947 -0.0993808
    outer loop
      vertex 3.31626 0.358062 0
      vertex 3.56916 0.795109 5
      vertex 3.60813 0.76403 5
    endloop
  endfacet
  facet normal 0.62036 0.777995 -0.0993819
    outer loop
      vertex 3.56916 0.795109 5
      vertex 3.31626 0.358062 0
      vertex 3.23831 0.420218 0
    endloop
  endfacet
  facet normal -0.221388 0.970108 -0.0993817
    outer loop
      vertex 4.03542 0.688687 5
      vertex 4.07365 0.185192 0
      vertex 3.98682 0.677596 5
    endloop
  endfacet
  facet normal -0.40925 0.906994 -0.0993811
    outer loop
      vertex 4.35621 0.280128 0
      vertex 4.26534 0.239126 0
      vertex 4.08267 0.704562 5
    endloop
  endfacet
  facet normal -0.935026 0.340369 -0.0993797
    outer loop
      vertex 4.37779 1.02262 5
      vertex 4.85557 0.875244 0
      vertex 4.36074 0.975782 5
    endloop
  endfacet
  facet normal -0.964286 0.245513 -0.0993798
    outer loop
      vertex 4.39009 1.07093 5
      vertex 4.85557 0.875244 0
      vertex 4.37779 1.02262 5
    endloop
  endfacet
  facet normal -0.8965 -0.431753 -0.0993806
    outer loop
      vertex 4.36074 1.36422 5
      vertex 4.55189 1.525 2.57716
      vertex 4.74216 1.525 0.860758
    endloop
  endfacet
  facet normal -0.896489 -0.431776 -0.0993812
    outer loop
      vertex 4.55189 1.525 2.57716
      vertex 4.36074 1.36422 5
      vertex 4.33911 1.40913 5
    endloop
  endfacet
  facet normal -0.896489 -0.431776 -0.0993839
    outer loop
      vertex 4.82148 1.55843 0
      vertex 4.70796 1.60999 0.799999
      vertex 4.77822 1.64825 0
    endloop
  endfacet
  facet normal -0.896477 -0.431802 -0.0993806
    outer loop
      vertex 4.70796 1.60999 0.799999
      vertex 4.82148 1.55843 0
      vertex 4.74776 1.52736 0.799999
    endloop
  endfacet
  facet normal -0.983934 -0.148319 -0.0993803
    outer loop
      vertex 4.88017 1.36815 0
      vertex 4.89503 1.26957 0
      vertex 4.39752 1.21978 5
    endloop
  endfacet
  facet normal -0.729464 -0.676761 -0.0993826
    outer loop
      vertex 4.66604 1.81279 0
      vertex 4.54238 1.8286 0.799999
      vertex 4.59824 1.88587 0
    endloop
  endfacet
  facet normal -0.729433 -0.676796 -0.099377
    outer loop
      vertex 4.54238 1.8286 0.799999
      vertex 4.66604 1.81279 0
      vertex 4.59934 1.76721 0.799999
    endloop
  endfacet
  facet normal -0.580952 -0.807847 -0.099386
    outer loop
      vertex 4.52349 1.95183 0
      vertex 4.47361 1.88928 0.799999
      vertex 4.46713 1.89394 0.799999
    endloop
  endfacet
  facet normal -0.0248358 -0.99474 -0.099376
    outer loop
      vertex 3.87507 2.16969 0
      vertex 3.96875 2.08743 0.799999
      vertex 3.88504 2.08952 0.799999
    endloop
  endfacet
  facet normal -0.0248535 -0.99474 -0.0993739
    outer loop
      vertex 3.96875 2.08743 0.799999
      vertex 3.87507 2.16969 0
      vertex 3.97473 2.1672 0
    endloop
  endfacet
  facet normal -0.409237 -0.907 -0.0993827
    outer loop
      vertex 4.26534 2.10087 0
      vertex 4.31971 1.98868 0.799999
      vertex 4.24338 2.02312 0.799999
    endloop
  endfacet
  facet normal -0.409233 -0.907001 -0.0993832
    outer loop
      vertex 4.31971 1.98868 0.799999
      vertex 4.26534 2.10087 0
      vertex 4.35621 2.05987 0
    endloop
  endfacet
  facet normal 0.916857 0.386648 -0.099383
    outer loop
      vertex 3.43015 0.998989 5
      vertex 3.44952 0.953057 5
      vertex 2.99903 0.736115 0
    endloop
  endfacet
  facet normal 0.97531 0.197218 -0.0993799
    outer loop
      vertex 3.40558 1.09548 5
      vertex 3.41546 1.04662 5
      vertex 2.91117 1.02096 0
    endloop
  endfacet
  facet normal 0.539881 0.835854 -0.099381
    outer loop
      vertex 3.60813 0.76403 5
      vertex 3.4 0.303974 0
      vertex 3.31626 0.358062 0
    endloop
  endfacet
  facet normal -0.0247937 0.99474 -0.0993812
    outer loop
      vertex 3.97473 0.172795 0
      vertex 3.88753 0.670155 5
      vertex 3.93736 0.671397 5
    endloop
  endfacet
  facet normal -0.0248036 0.99474 -0.0993814
    outer loop
      vertex 3.88753 0.670155 5
      vertex 3.97473 0.172795 0
      vertex 3.87507 0.17031 0
    endloop
  endfacet
  facet normal 0.269502 0.957858 -0.0993813
    outer loop
      vertex 3.74076 0.696035 5
      vertex 3.67748 0.195071 0
      vertex 3.58151 0.222073 0
    endloop
  endfacet
  facet normal -0.221429 0.970099 -0.0993811
    outer loop
      vertex 4.17084 0.207376 0
      vertex 4.07365 0.185192 0
      vertex 4.03542 0.688687 5
    endloop
  endfacet
  facet normal -0.123745 0.987325 -0.0993815
    outer loop
      vertex 3.98682 0.677596 5
      vertex 4.07365 0.185192 0
      vertex 3.93736 0.671397 5
    endloop
  endfacet
  facet normal -0.409213 0.907011 -0.0993804
    outer loop
      vertex 4.12811 0.725063 5
      vertex 4.35621 0.280128 0
      vertex 4.08267 0.704562 5
    endloop
  endfacet
  facet normal -0.793161 0.600849 -0.099381
    outer loop
      vertex 4.72624 0.60668 0
      vertex 4.66604 0.527212 0
      vertex 4.31312 0.888339 5
    endloop
  endfacet
  facet normal -0.849084 0.518825 -0.0993813
    outer loop
      vertex 4.33911 0.930873 5
      vertex 4.77822 0.691746 0
      vertex 4.31312 0.888339 5
    endloop
  endfacet
  facet normal -0.849079 0.518834 -0.0993811
    outer loop
      vertex 4.77822 0.691746 0
      vertex 4.72624 0.60668 0
      vertex 4.31312 0.888339 5
    endloop
  endfacet
  facet normal -0.964279 0.245539 -0.0993802
    outer loop
      vertex 4.88017 0.971853 0
      vertex 4.85557 0.875244 0
      vertex 4.39009 1.07093 5
    endloop
  endfacet
  facet normal 0.950853 -0.293261 -0.0993799
    outer loop
      vertex 3.43015 1.34101 5
      vertex 3.41546 1.29338 5
      vertex 2.96031 1.51202 0
    endloop
  endfacet
  facet normal 0.97531 -0.197218 -0.0993799
    outer loop
      vertex 3.41546 1.29338 5
      vertex 3.40558 1.24452 5
      vertex 2.91117 1.31904 0
    endloop
  endfacet
  facet normal 0.762262 -0.639594 -0.0993807
    outer loop
      vertex 3.22047 1.78965 0.799999
      vertex 3.10287 1.7738 0
      vertex 3.16695 1.85017 0
    endloop
  endfacet
  facet normal 0.762242 -0.639618 -0.0993773
    outer loop
      vertex 3.10287 1.7738 0
      vertex 3.22047 1.78965 0.799999
      vertex 3.16664 1.7255 0.799999
    endloop
  endfacet
  facet normal 0.76218 -0.639692 -0.099383
    outer loop
      vertex 3.45448 1.525 4.29815
      vertex 3.50143 1.4719 5
      vertex 3.43133 1.525 4.12061
    endloop
  endfacet
  facet normal 0.45396 -0.885461 -0.0993902
    outer loop
      vertex 3.48871 2.08151 0
      vertex 3.44 1.96674 0.799999
      vertex 3.4 2.03603 0
    endloop
  endfacet
  facet normal 0.454002 -0.88544 -0.0993845
    outer loop
      vertex 3.44 1.96674 0.799999
      vertex 3.48871 2.08151 0
      vertex 3.52162 2.00859 0.799999
    endloop
  endfacet
  facet normal 0.363521 -0.92627 -0.0993839
    outer loop
      vertex 3.58151 2.11793 0
      vertex 3.52162 2.00859 0.799999
      vertex 3.48871 2.08151 0
    endloop
  endfacet
  facet normal 0.363483 -0.926284 -0.0993888
    outer loop
      vertex 3.52162 2.00859 0.799999
      vertex 3.58151 2.11793 0
      vertex 3.60699 2.04209 0.799999
    endloop
  endfacet
  facet normal 0.269483 -0.957863 -0.0993885
    outer loop
      vertex 3.67748 2.14493 0
      vertex 3.60699 2.04209 0.799999
      vertex 3.58151 2.11793 0
    endloop
  endfacet
  facet normal 0.26949 -0.957861 -0.0993877
    outer loop
      vertex 3.60699 2.04209 0.799999
      vertex 3.67748 2.14493 0
      vertex 3.69528 2.06693 0.799999
    endloop
  endfacet
  facet normal 0.172771 -0.979935 -0.0993807
    outer loop
      vertex 3.77566 2.16224 0
      vertex 3.70313 2.06832 0.799999
      vertex 3.67748 2.14493 0
    endloop
  endfacet
  facet normal 0.172769 -0.979936 -0.0993809
    outer loop
      vertex 3.70313 2.06832 0.799999
      vertex 3.77566 2.16224 0
      vertex 3.7856 2.08286 0.799999
    endloop
  endfacet
  facet normal 0.0743813 -0.992265 -0.0993818
    outer loop
      vertex 3.77566 2.16224 0
      vertex 3.86911 2.08912 0.799999
      vertex 3.7856 2.08286 0.799999
    endloop
  endfacet
  facet normal 0.0743626 -0.992267 -0.0993798
    outer loop
      vertex 3.86911 2.08912 0.799999
      vertex 3.77566 2.16224 0
      vertex 3.87507 2.16969 0
    endloop
  endfacet
  facet normal -0.964286 -0.245513 -0.09938
    outer loop
      vertex 4.85557 1.46476 0
      vertex 4.39009 1.26907 5
      vertex 4.37779 1.31738 5
    endloop
  endfacet
  facet normal -0.93503 -0.340356 -0.0993801
    outer loop
      vertex 4.85557 1.46476 0
      vertex 4.37779 1.31738 5
      vertex 4.36074 1.36422 5
    endloop
  endfacet
  facet normal -0.934909 -0.340687 -0.0993834
    outer loop
      vertex 4.82148 1.55843 0
      vertex 4.74862 1.525 0.799999
      vertex 4.74776 1.52736 0.799999
    endloop
  endfacet
  facet normal -0.935051 -0.3403 -0.0993801
    outer loop
      vertex 4.85557 1.46476 0
      vertex 4.74862 1.525 0.799999
      vertex 4.82148 1.55843 0
    endloop
  endfacet
  facet normal -0.935199 -0.339875 -0.099432
    outer loop
      vertex 4.85557 1.46476 0
      vertex 4.74216 1.525 0.860758
      vertex 4.74862 1.525 0.799999
    endloop
  endfacet
  facet normal -0.935044 -0.340316 -0.0993807
    outer loop
      vertex 4.74216 1.525 0.860758
      vertex 4.85557 1.46476 0
      vertex 4.36074 1.36422 5
    endloop
  endfacet
  facet normal -0.849089 -0.518816 -0.0993849
    outer loop
      vertex 4.77822 1.64825 0
      vertex 4.66014 1.68825 0.799999
      vertex 4.72624 1.73332 0
    endloop
  endfacet
  facet normal -0.849084 -0.518825 -0.0993837
    outer loop
      vertex 4.66014 1.68825 0.799999
      vertex 4.77822 1.64825 0
      vertex 4.70796 1.60999 0.799999
    endloop
  endfacet
  facet normal -0.849062 -0.518861 -0.0993808
    outer loop
      vertex 4.33911 1.40913 5
      vertex 4.42069 1.525 3.69807
      vertex 4.55189 1.525 2.57716
    endloop
  endfacet
  facet normal -0.849063 -0.51886 -0.0993808
    outer loop
      vertex 4.42069 1.525 3.69807
      vertex 4.33911 1.40913 5
      vertex 4.31312 1.45166 5
    endloop
  endfacet
  facet normal -0.72992 -0.676268 -0.0993876
    outer loop
      vertex 4.66604 1.81279 0
      vertex 4.60476 1.76136 0.799999
      vertex 4.59934 1.76721 0.799999
    endloop
  endfacet
  facet normal -0.729482 -0.676741 -0.0993861
    outer loop
      vertex 4.32307 1.525 4.47718
      vertex 4.28302 1.49139 5
      vertex 4.25184 1.525 5
    endloop
  endfacet
  facet normal -0.123574 -0.987347 -0.0993747
    outer loop
      vertex 3.97473 2.1672 0
      vertex 3.97666 2.08644 0.799999
      vertex 3.96875 2.08743 0.799999
    endloop
  endfacet
  facet normal -0.316907 -0.943235 -0.0993825
    outer loop
      vertex 4.17084 2.13262 0
      vertex 4.22855 2.02894 0.799999
      vertex 4.14917 2.05561 0.799999
    endloop
  endfacet
  facet normal -0.316907 -0.943235 -0.0993825
    outer loop
      vertex 4.22855 2.02894 0.799999
      vertex 4.17084 2.13262 0
      vertex 4.26534 2.10087 0
    endloop
  endfacet
  facet normal -0.221009 -0.970194 -0.0993894
    outer loop
      vertex 4.07365 2.15481 0
      vertex 4.06753 2.07425 0.799999
      vertex 4.05976 2.07602 0.799999
    endloop
  endfacet
  facet normal -0.657891 -0.746526 -0.0993886
    outer loop
      vertex 4.52349 1.95183 0
      vertex 4.47959 1.88401 0.799999
      vertex 4.47361 1.88928 0.799999
    endloop
  endfacet
  facet normal -0.658394 -0.746084 -0.0993788
    outer loop
      vertex 4.52349 1.95183 0
      vertex 4.54238 1.8286 0.799999
      vertex 4.47959 1.88401 0.799999
    endloop
  endfacet
  facet normal -0.658369 -0.746105 -0.0993826
    outer loop
      vertex 4.54238 1.8286 0.799999
      vertex 4.52349 1.95183 0
      vertex 4.59824 1.88587 0
    endloop
  endfacet
  facet normal 0.0743701 0.992266 -0.0993812
    outer loop
      vertex 3.87507 0.17031 0
      vertex 3.83783 0.67388 5
      vertex 3.88753 0.670155 5
    endloop
  endfacet
  facet normal 0.0743626 0.992267 -0.0993813
    outer loop
      vertex 3.83783 0.67388 5
      vertex 3.87507 0.17031 0
      vertex 3.77566 0.17776 0
    endloop
  endfacet
  facet normal 0.990111 0.0990111 -0.099382
    outer loop
      vertex 3.40062 1.14508 5
      vertex 3.40558 1.09548 5
      vertex 2.90124 1.12015 0
    endloop
  endfacet
  facet normal 0.950828 0.293341 -0.0993812
    outer loop
      vertex 3.41546 1.04662 5
      vertex 2.96031 0.827979 0
      vertex 2.93092 0.923243 0
    endloop
  endfacet
  facet normal 0.694708 0.712393 -0.0993799
    outer loop
      vertex 3.53347 0.829913 5
      vertex 3.56916 0.795109 5
      vertex 3.16695 0.489827 0
    endloop
  endfacet
  facet normal 0.822143 0.560539 -0.0993804
    outer loop
      vertex 3.50143 0.868097 5
      vertex 3.04671 0.648564 0
      vertex 3.47335 0.909282 5
    endloop
  endfacet
  facet normal 0.82214 0.560543 -0.0993803
    outer loop
      vertex 3.04671 0.648564 0
      vertex 3.50143 0.868097 5
      vertex 3.10287 0.566195 0
    endloop
  endfacet
  facet normal 0.873946 0.475754 -0.099383
    outer loop
      vertex 3.47335 0.909282 5
      vertex 2.99903 0.736115 0
      vertex 3.44952 0.953057 5
    endloop
  endfacet
  facet normal 0.873864 0.475904 -0.0993804
    outer loop
      vertex 2.99903 0.736115 0
      vertex 3.47335 0.909282 5
      vertex 3.04671 0.648564 0
    endloop
  endfacet
  facet normal -0.580874 0.807904 -0.099382
    outer loop
      vertex 4.52349 0.388168 0
      vertex 4.44255 0.329973 0
      vertex 4.21174 0.779084 5
    endloop
  endfacet
  facet normal -0.658342 0.746129 -0.0993824
    outer loop
      vertex 4.24912 0.812066 5
      vertex 4.52349 0.388168 0
      vertex 4.21174 0.779084 5
    endloop
  endfacet
  facet normal -0.497608 0.86169 -0.0993826
    outer loop
      vertex 4.17127 0.749987 5
      vertex 4.44255 0.329973 0
      vertex 4.12811 0.725063 5
    endloop
  endfacet
  facet normal -0.497499 0.861753 -0.0993807
    outer loop
      vertex 4.44255 0.329973 0
      vertex 4.35621 0.280128 0
      vertex 4.12811 0.725063 5
    endloop
  endfacet
  facet normal -0.316907 0.943236 -0.099381
    outer loop
      vertex 4.08267 0.704562 5
      vertex 4.17084 0.207376 0
      vertex 4.03542 0.688687 5
    endloop
  endfacet
  facet normal -0.316907 0.943236 -0.099381
    outer loop
      vertex 4.26534 0.239126 0
      vertex 4.17084 0.207376 0
      vertex 4.08267 0.704562 5
    endloop
  endfacet
  facet normal -0.793153 0.600859 -0.0993812
    outer loop
      vertex 4.31312 0.888339 5
      vertex 4.66604 0.527212 0
      vertex 4.28302 0.848606 5
    endloop
  endfacet
  facet normal -0.983934 0.148319 -0.0993802
    outer loop
      vertex 4.39752 1.12022 5
      vertex 4.88017 0.971853 0
      vertex 4.39009 1.07093 5
    endloop
  endfacet
  facet normal 0.822111 -0.560585 -0.0993838
    outer loop
      vertex 3.47335 1.43072 5
      vertex 3.43133 1.525 4.12061
      vertex 3.50143 1.4719 5
    endloop
  endfacet
  facet normal 0.822165 -0.560507 -0.099378
    outer loop
      vertex 3.43133 1.525 4.12061
      vertex 3.47335 1.43072 5
      vertex 3.31907 1.525 3.19187
    endloop
  endfacet
  facet normal 0.822144 -0.560539 -0.0993778
    outer loop
      vertex 3.16664 1.7255 0.799999
      vertex 3.04671 1.69143 0
      vertex 3.10287 1.7738 0
    endloop
  endfacet
  facet normal 0.822128 -0.560562 -0.0993745
    outer loop
      vertex 3.04671 1.69143 0
      vertex 3.16664 1.7255 0.799999
      vertex 3.11497 1.64972 0.799999
    endloop
  endfacet
  facet normal 0.975329 -0.197122 -0.0993813
    outer loop
      vertex 2.93092 1.41676 0
      vertex 3.41546 1.29338 5
      vertex 2.91117 1.31904 0
    endloop
  endfacet
  facet normal 0.950825 -0.293352 -0.0993813
    outer loop
      vertex 2.96031 1.51202 0
      vertex 3.41546 1.29338 5
      vertex 2.93092 1.41676 0
    endloop
  endfacet
  facet normal 0.9901 -0.0991198 -0.0993804
    outer loop
      vertex 2.91117 1.31904 0
      vertex 3.40558 1.24452 5
      vertex 2.90124 1.21985 0
    endloop
  endfacet
  facet normal 0.990111 -0.0990111 -0.099382
    outer loop
      vertex 3.40558 1.24452 5
      vertex 3.40062 1.19492 5
      vertex 2.90124 1.21985 0
    endloop
  endfacet
  facet normal 0.620384 -0.777976 -0.0993828
    outer loop
      vertex 3.31626 1.98194 0
      vertex 3.29125 1.8598 0.799999
      vertex 3.23831 1.91978 0
    endloop
  endfacet
  facet normal 0.620358 -0.777997 -0.0993868
    outer loop
      vertex 3.29125 1.8598 0.799999
      vertex 3.31626 1.98194 0
      vertex 3.36296 1.91698 0.799999
    endloop
  endfacet
  facet normal 0.694819 -0.712286 -0.0993747
    outer loop
      vertex 3.23831 1.91978 0
      vertex 3.2313 1.80133 0.799999
      vertex 3.16695 1.85017 0
    endloop
  endfacet
  facet normal 0.694758 -0.712344 -0.0993837
    outer loop
      vertex 3.2313 1.80133 0.799999
      vertex 3.23831 1.91978 0
      vertex 3.29125 1.8598 0.799999
    endloop
  endfacet
  facet normal -0.793168 -0.600839 -0.0993832
    outer loop
      vertex 4.72624 1.73332 0
      vertex 4.60476 1.76136 0.799999
      vertex 4.66604 1.81279 0
    endloop
  endfacet
  facet normal -0.793179 -0.600824 -0.0993855
    outer loop
      vertex 4.60476 1.76136 0.799999
      vertex 4.72624 1.73332 0
      vertex 4.66014 1.68825 0.799999
    endloop
  endfacet
  facet normal -0.793161 -0.600848 -0.0993806
    outer loop
      vertex 4.31312 1.45166 5
      vertex 4.32307 1.525 4.47718
      vertex 4.42069 1.525 3.69807
    endloop
  endfacet
  facet normal -0.793131 -0.600887 -0.0993855
    outer loop
      vertex 4.32307 1.525 4.47718
      vertex 4.31312 1.45166 5
      vertex 4.28302 1.49139 5
    endloop
  endfacet
  facet normal -0.0236849 -0.994766 -0.099393
    outer loop
      vertex 3.88504 2.08952 0.799999
      vertex 3.87706 2.08971 0.799999
      vertex 3.87507 2.16969 0
    endloop
  endfacet
  facet normal -0.498112 -0.861397 -0.099397
    outer loop
      vertex 4.44255 2.01003 0
      vertex 4.39914 1.94282 0.799999
      vertex 4.39224 1.94681 0.799999
    endloop
  endfacet
  facet normal -0.497478 -0.861765 -0.0993838
    outer loop
      vertex 4.35621 2.05987 0
      vertex 4.39224 1.94681 0.799999
      vertex 4.31971 1.98868 0.799999
    endloop
  endfacet
  facet normal -0.497461 -0.861774 -0.0993859
    outer loop
      vertex 4.39224 1.94681 0.799999
      vertex 4.35621 2.05987 0
      vertex 4.44255 2.01003 0
    endloop
  endfacet
  facet normal -0.123801 -0.987319 -0.0993713
    outer loop
      vertex 3.97473 2.1672 0
      vertex 4.05976 2.07602 0.799999
      vertex 3.97666 2.08644 0.799999
    endloop
  endfacet
  facet normal -0.123666 -0.987334 -0.0993874
    outer loop
      vertex 4.05976 2.07602 0.799999
      vertex 3.97473 2.1672 0
      vertex 4.07365 2.15481 0
    endloop
  endfacet
  facet normal 0.363556 0.926256 -0.099382
    outer loop
      vertex 3.69436 0.714247 5
      vertex 3.74076 0.696035 5
      vertex 3.48871 0.258493 0
    endloop
  endfacet
  facet normal 0.363521 0.92627 -0.0993815
    outer loop
      vertex 3.74076 0.696035 5
      vertex 3.58151 0.222073 0
      vertex 3.48871 0.258493 0
    endloop
  endfacet
  facet normal 0.269509 0.957856 -0.0993812
    outer loop
      vertex 3.74076 0.696035 5
      vertex 3.78874 0.682535 5
      vertex 3.67748 0.195071 0
    endloop
  endfacet
  facet normal 0.172771 0.979935 -0.0993814
    outer loop
      vertex 3.77566 0.17776 0
      vertex 3.78874 0.682535 5
      vertex 3.83783 0.67388 5
    endloop
  endfacet
  facet normal 0.172781 0.979934 -0.0993812
    outer loop
      vertex 3.78874 0.682535 5
      vertex 3.77566 0.17776 0
      vertex 3.67748 0.195071 0
    endloop
  endfacet
  facet normal 0.45392 0.885483 -0.0993822
    outer loop
      vertex 3.48871 0.258493 0
      vertex 3.65 0.736987 5
      vertex 3.69436 0.714247 5
    endloop
  endfacet
  facet normal 0.453968 0.885458 -0.0993814
    outer loop
      vertex 3.65 0.736987 5
      vertex 3.48871 0.258493 0
      vertex 3.4 0.303974 0
    endloop
  endfacet
  facet normal 0.950855 0.293256 -0.0993798
    outer loop
      vertex 3.41546 1.04662 5
      vertex 3.43015 0.998989 5
      vertex 2.96031 0.827979 0
    endloop
  endfacet
  facet normal 0.916928 0.386479 -0.0993803
    outer loop
      vertex 3.43015 0.998989 5
      vertex 2.99903 0.736115 0
      vertex 2.96031 0.827979 0
    endloop
  endfacet
  facet normal 0.762254 0.639603 -0.0993803
    outer loop
      vertex 3.50143 0.868097 5
      vertex 3.53347 0.829913 5
      vertex 3.16695 0.489827 0
    endloop
  endfacet
  facet normal 0.762254 0.639603 -0.0993803
    outer loop
      vertex 3.50143 0.868097 5
      vertex 3.16695 0.489827 0
      vertex 3.10287 0.566195 0
    endloop
  endfacet
  facet normal 0.694813 0.712291 -0.0993821
    outer loop
      vertex 3.56916 0.795109 5
      vertex 3.23831 0.420218 0
      vertex 3.16695 0.489827 0
    endloop
  endfacet
  facet normal -0.658397 0.746081 -0.0993813
    outer loop
      vertex 4.59824 0.454133 0
      vertex 4.52349 0.388168 0
      vertex 4.24912 0.812066 5
    endloop
  endfacet
  facet normal -0.72946 0.676766 -0.0993812
    outer loop
      vertex 4.66604 0.527212 0
      vertex 4.59824 0.454133 0
      vertex 4.24912 0.812066 5
    endloop
  endfacet
  facet normal -0.580868 0.807908 -0.0993821
    outer loop
      vertex 4.21174 0.779084 5
      vertex 4.44255 0.329973 0
      vertex 4.17127 0.749987 5
    endloop
  endfacet
  facet normal -0.896485 0.431784 -0.0993813
    outer loop
      vertex 4.82148 0.781565 0
      vertex 4.33911 0.930873 5
      vertex 4.36074 0.975782 5
    endloop
  endfacet
  facet normal -0.896487 0.43178 -0.0993814
    outer loop
      vertex 4.33911 0.930873 5
      vertex 4.82148 0.781565 0
      vertex 4.77822 0.691746 0
    endloop
  endfacet
  facet normal -0.935061 0.340271 -0.0993813
    outer loop
      vertex 4.85557 0.875244 0
      vertex 4.82148 0.781565 0
      vertex 4.36074 0.975782 5
    endloop
  endfacet
  facet normal -0.993812 0.0496058 -0.0993803
    outer loop
      vertex 4.9 1.17 0
      vertex 4.89503 1.07043 0
      vertex 4.39752 1.12022 5
    endloop
  endfacet
  facet normal -0.993817 0.0495112 -0.0993817
    outer loop
      vertex 4.4 1.17 5
      vertex 4.9 1.17 0
      vertex 4.39752 1.12022 5
    endloop
  endfacet
  facet normal 0.873863 -0.475908 -0.0993751
    outer loop
      vertex 3.11497 1.64972 0.799999
      vertex 2.99903 1.60388 0
      vertex 3.04671 1.69143 0
    endloop
  endfacet
  facet normal 0.873863 -0.475907 -0.0993753
    outer loop
      vertex 2.99903 1.60388 0
      vertex 3.11497 1.64972 0.799999
      vertex 3.07492 1.57618 0.799999
    endloop
  endfacet
  facet normal 0.873816 -0.475993 -0.0993783
    outer loop
      vertex 3.31907 1.525 3.19187
      vertex 3.47335 1.43072 5
      vertex 3.2151 1.525 2.27768
    endloop
  endfacet
  facet normal 0.762305 -0.639546 -0.0993609
    outer loop
      vertex 3.50143 1.4719 5
      vertex 3.5174 1.525 4.78074
      vertex 3.53347 1.51009 5
    endloop
  endfacet
  facet normal 0.762246 -0.639613 -0.0993815
    outer loop
      vertex 3.5174 1.525 4.78074
      vertex 3.50143 1.4719 5
      vertex 3.45448 1.525 4.29815
    endloop
  endfacet
  facet normal 0.762677 -0.639101 -0.0993712
    outer loop
      vertex 3.22559 1.79576 0.799999
      vertex 3.22047 1.78965 0.799999
      vertex 3.16695 1.85017 0
    endloop
  endfacet
  facet normal 0 0 -1
    outer loop
      vertex 4.39752 1.12022 5
      vertex 4.39752 1.21978 5
      vertex 4.4 1.17 5
    endloop
  endfacet
  facet normal 0 0 -1
    outer loop
      vertex 4.39009 1.07093 5
      vertex 4.39752 1.21978 5
      vertex 4.39752 1.12022 5
    endloop
  endfacet
  facet normal 0 0 -1
    outer loop
      vertex 4.39009 1.07093 5
      vertex 4.39009 1.26907 5
      vertex 4.39752 1.21978 5
    endloop
  endfacet
  facet normal 0 0 -1
    outer loop
      vertex 4.37779 1.02262 5
      vertex 4.39009 1.26907 5
      vertex 4.39009 1.07093 5
    endloop
  endfacet
  facet normal 0 0 -1
    outer loop
      vertex 4.37779 1.02262 5
      vertex 4.37779 1.31738 5
      vertex 4.39009 1.26907 5
    endloop
  endfacet
  facet normal 0 0 -1
    outer loop
      vertex 4.36074 0.975782 5
      vertex 4.37779 1.31738 5
      vertex 4.37779 1.02262 5
    endloop
  endfacet
  facet normal 0 0 -1
    outer loop
      vertex 4.36074 0.975782 5
      vertex 4.36074 1.36422 5
      vertex 4.37779 1.31738 5
    endloop
  endfacet
  facet normal 0 0 -1
    outer loop
      vertex 4.33911 0.930873 5
      vertex 4.36074 1.36422 5
      vertex 4.36074 0.975782 5
    endloop
  endfacet
  facet normal 0 0 -1
    outer loop
      vertex 4.33911 0.930873 5
      vertex 4.33911 1.40913 5
      vertex 4.36074 1.36422 5
    endloop
  endfacet
  facet normal 0 0 -1
    outer loop
      vertex 4.31312 0.888339 5
      vertex 4.33911 1.40913 5
      vertex 4.33911 0.930873 5
    endloop
  endfacet
  facet normal 0 0 -1
    outer loop
      vertex 4.31312 0.888339 5
      vertex 4.31312 1.45166 5
      vertex 4.33911 1.40913 5
    endloop
  endfacet
  facet normal 0 0 -1
    outer loop
      vertex 4.28302 0.848606 5
      vertex 4.31312 1.45166 5
      vertex 4.31312 0.888339 5
    endloop
  endfacet
  facet normal 0 0 -1
    outer loop
      vertex 4.28302 0.848606 5
      vertex 4.28302 1.49139 5
      vertex 4.31312 1.45166 5
    endloop
  endfacet
  facet normal 0 0 -1
    outer loop
      vertex 4.28302 0.848606 5
      vertex 4.25184 1.525 5
      vertex 4.28302 1.49139 5
    endloop
  endfacet
  facet normal 0 0 -1
    outer loop
      vertex 4.24912 0.812066 5
      vertex 4.25184 1.525 5
      vertex 4.28302 0.848606 5
    endloop
  endfacet
  facet normal 0 0 -1
    outer loop
      vertex 4.21174 0.779084 5
      vertex 4.25184 1.525 5
      vertex 4.24912 0.812066 5
    endloop
  endfacet
  facet normal 0 0 -1
    outer loop
      vertex 4.17127 0.749987 5
      vertex 4.25184 1.525 5
      vertex 4.21174 0.779084 5
    endloop
  endfacet
  facet normal 0 0 -1
    outer loop
      vertex 4.12811 0.725063 5
      vertex 4.25184 1.525 5
      vertex 4.17127 0.749987 5
    endloop
  endfacet
  facet normal 0 0 -1
    outer loop
      vertex 4.08267 0.704562 5
      vertex 4.25184 1.525 5
      vertex 4.12811 0.725063 5
    endloop
  endfacet
  facet normal 0 0 -1
    outer loop
      vertex 4.03542 0.688687 5
      vertex 4.25184 1.525 5
      vertex 4.08267 0.704562 5
    endloop
  endfacet
  facet normal 0 0 -1
    outer loop
      vertex 3.98682 0.677596 5
      vertex 4.25184 1.525 5
      vertex 4.03542 0.688687 5
    endloop
  endfacet
  facet normal 0 0 -1
    outer loop
      vertex 3.93736 0.671397 5
      vertex 4.25184 1.525 5
      vertex 3.98682 0.677596 5
    endloop
  endfacet
  facet normal 0 0 -1
    outer loop
      vertex 3.88753 0.670155 5
      vertex 4.25184 1.525 5
      vertex 3.93736 0.671397 5
    endloop
  endfacet
  facet normal 0 0 -1
    outer loop
      vertex 3.83783 0.67388 5
      vertex 4.25184 1.525 5
      vertex 3.88753 0.670155 5
    endloop
  endfacet
  facet normal 0 0 -1
    outer loop
      vertex 3.78874 0.682535 5
      vertex 4.25184 1.525 5
      vertex 3.83783 0.67388 5
    endloop
  endfacet
  facet normal 0 0 -1
    outer loop
      vertex 3.74076 0.696035 5
      vertex 4.25184 1.525 5
      vertex 3.78874 0.682535 5
    endloop
  endfacet
  facet normal 0 0 -1
    outer loop
      vertex 3.69436 0.714247 5
      vertex 4.25184 1.525 5
      vertex 3.74076 0.696035 5
    endloop
  endfacet
  facet normal 0 0 -1
    outer loop
      vertex 3.65 0.736987 5
      vertex 4.25184 1.525 5
      vertex 3.69436 0.714247 5
    endloop
  endfacet
  facet normal 0 0 -1
    outer loop
      vertex 3.60813 0.76403 5
      vertex 4.25184 1.525 5
      vertex 3.65 0.736987 5
    endloop
  endfacet
  facet normal 0 0 -1
    outer loop
      vertex 3.56916 0.795109 5
      vertex 4.25184 1.525 5
      vertex 3.60813 0.76403 5
    endloop
  endfacet
  facet normal 0 0 -1
    outer loop
      vertex 3.56916 0.795109 5
      vertex 3.54876 1.525 5
      vertex 4.25184 1.525 5
    endloop
  endfacet
  facet normal 0 0 -1
    outer loop
      vertex 3.53347 0.829913 5
      vertex 3.54876 1.525 5
      vertex 3.56916 0.795109 5
    endloop
  endfacet
  facet normal 0 0 -1
    outer loop
      vertex 3.50143 0.868097 5
      vertex 3.54876 1.525 5
      vertex 3.53347 0.829913 5
    endloop
  endfacet
  facet normal 0 0 -1
    outer loop
      vertex 3.50143 1.4719 5
      vertex 3.54876 1.525 5
      vertex 3.50143 0.868097 5
    endloop
  endfacet
  facet normal 0 0 -1
    outer loop
      vertex 3.54876 1.525 5
      vertex 3.50143 1.4719 5
      vertex 3.53347 1.51009 5
    endloop
  endfacet
  facet normal 0 0 -1
    outer loop
      vertex 3.47335 0.909282 5
      vertex 3.50143 1.4719 5
      vertex 3.50143 0.868097 5
    endloop
  endfacet
  facet normal 0 0 -1
    outer loop
      vertex 3.47335 0.909282 5
      vertex 3.47335 1.43072 5
      vertex 3.50143 1.4719 5
    endloop
  endfacet
  facet normal 0 0 -1
    outer loop
      vertex 3.44952 0.953057 5
      vertex 3.47335 1.43072 5
      vertex 3.47335 0.909282 5
    endloop
  endfacet
  facet normal 0 0 -1
    outer loop
      vertex 3.44952 0.953057 5
      vertex 3.44952 1.38694 5
      vertex 3.47335 1.43072 5
    endloop
  endfacet
  facet normal 0 0 -1
    outer loop
      vertex 3.43015 0.998989 5
      vertex 3.44952 1.38694 5
      vertex 3.44952 0.953057 5
    endloop
  endfacet
  facet normal 0 0 -1
    outer loop
      vertex 3.43015 0.998989 5
      vertex 3.43015 1.34101 5
      vertex 3.44952 1.38694 5
    endloop
  endfacet
  facet normal 0 0 -1
    outer loop
      vertex 3.41546 1.04662 5
      vertex 3.43015 1.34101 5
      vertex 3.43015 0.998989 5
    endloop
  endfacet
  facet normal 0 0 -1
    outer loop
      vertex 3.41546 1.04662 5
      vertex 3.41546 1.29338 5
      vertex 3.43015 1.34101 5
    endloop
  endfacet
  facet normal 0 0 -1
    outer loop
      vertex 3.40558 1.09548 5
      vertex 3.41546 1.29338 5
      vertex 3.41546 1.04662 5
    endloop
  endfacet
  facet normal 0 0 -1
    outer loop
      vertex 3.40558 1.09548 5
      vertex 3.40558 1.24452 5
      vertex 3.41546 1.29338 5
    endloop
  endfacet
  facet normal 0 0 -1
    outer loop
      vertex 3.40062 1.14508 5
      vertex 3.40558 1.24452 5
      vertex 3.40558 1.09548 5
    endloop
  endfacet
  facet normal 0 0 -1
    outer loop
      vertex 3.40558 1.24452 5
      vertex 3.40062 1.14508 5
      vertex 3.40062 1.19492 5
    endloop
  endfacet
  facet normal 0.539895 -0.835844 -0.099387
    outer loop
      vertex 3.4 2.03603 0
      vertex 3.36296 1.91698 0.799999
      vertex 3.31626 1.98194 0
    endloop
  endfacet
  facet normal 0.539941 -0.835815 -0.0993806
    outer loop
      vertex 3.36296 1.91698 0.799999
      vertex 3.4 2.03603 0
      vertex 3.4333 1.96242 0.799999
    endloop
  endfacet
  facet normal 0.173494 -0.979807 -0.0993915
    outer loop
      vertex 3.70313 2.06832 0.799999
      vertex 3.69528 2.06693 0.799999
      vertex 3.67748 2.14493 0
    endloop
  endfacet
  facet normal -0.221489 -0.970085 -0.0993821
    outer loop
      vertex 4.07365 2.15481 0
      vertex 4.14917 2.05561 0.799999
      vertex 4.06753 2.07425 0.799999
    endloop
  endfacet
  facet normal -0.221486 -0.970086 -0.0993825
    outer loop
      vertex 4.14917 2.05561 0.799999
      vertex 4.07365 2.15481 0
      vertex 4.17084 2.13262 0
    endloop
  endfacet
  facet normal -0.409215 -0.90701 -0.0993831
    outer loop
      vertex 4.26534 2.10087 0
      vertex 4.24338 2.02312 0.799999
      vertex 4.23611 2.0264 0.799999
    endloop
  endfacet
  facet normal -0.316907 -0.943235 -0.0993825
    outer loop
      vertex 4.26534 2.10087 0
      vertex 4.23611 2.0264 0.799999
      vertex 4.22855 2.02894 0.799999
    endloop
  endfacet
  facet normal 0.539867 0.835863 -0.0993813
    outer loop
      vertex 3.60813 0.76403 5
      vertex 3.65 0.736987 5
      vertex 3.4 0.303974 0
    endloop
  endfacet
  facet normal 0.916816 -0.38675 -0.0993652
    outer loop
      vertex 3.1284 1.525 1.5004
      vertex 2.96031 1.51202 0
      vertex 3.05249 1.525 0.799999
    endloop
  endfacet
  facet normal 0.916929 -0.386477 -0.0993803
    outer loop
      vertex 2.96031 1.51202 0
      vertex 3.1284 1.525 1.5004
      vertex 3.43015 1.34101 5
    endloop
  endfacet
  facet normal 0.916923 -0.386492 -0.0993817
    outer loop
      vertex 2.96031 1.51202 0
      vertex 3.06801 1.56182 0.799999
      vertex 3.05249 1.525 0.799999
    endloop
  endfacet
  facet normal 0.916922 -0.386493 -0.0993816
    outer loop
      vertex 3.06801 1.56182 0.799999
      vertex 2.96031 1.51202 0
      vertex 2.99903 1.60388 0
    endloop
  endfacet
  facet normal 0.539215 -0.836282 -0.0993934
    outer loop
      vertex 3.44 1.96674 0.799999
      vertex 3.4333 1.96242 0.799999
      vertex 3.4 2.03603 0
    endloop
  endfacet
  facet normal 0.874263 -0.47517 -0.0993876
    outer loop
      vertex 3.07492 1.57618 0.799999
      vertex 3.07111 1.56917 0.799999
      vertex 2.99903 1.60388 0
    endloop
  endfacet
  facet normal 0.873969 -0.475712 -0.0993831
    outer loop
      vertex 3.44952 1.38694 5
      vertex 3.2151 1.525 2.27768
      vertex 3.47335 1.43072 5
    endloop
  endfacet
  facet normal 0.873881 -0.475874 -0.0993837
    outer loop
      vertex 3.2151 1.525 2.27768
      vertex 3.44952 1.38694 5
      vertex 3.16283 1.525 1.81807
    endloop
  endfacet
  facet normal 0.916851 -0.386662 -0.0993845
    outer loop
      vertex 3.43015 1.34101 5
      vertex 3.16283 1.525 1.81807
      vertex 3.44952 1.38694 5
    endloop
  endfacet
  facet normal 0.916935 -0.386463 -0.0993801
    outer loop
      vertex 3.16283 1.525 1.81807
      vertex 3.43015 1.34101 5
      vertex 3.1284 1.525 1.5004
    endloop
  endfacet
  facet normal 0.916837 -0.386693 -0.0993848
    outer loop
      vertex 3.07111 1.56917 0.799999
      vertex 3.06801 1.56182 0.799999
      vertex 2.99903 1.60388 0
    endloop
  endfacet
  facet normal 0.995049 0 -0.0993855
    outer loop
      vertex 19.4006 6.60508 5
      vertex 18.9012 6.67985 0
      vertex 19.4006 6.65492 5
    endloop
  endfacet
  facet normal 0.995049 0 -0.0993855
    outer loop
      vertex 18.9012 6.67985 0
      vertex 19.4006 6.60508 5
      vertex 18.9012 6.58015 0
    endloop
  endfacet
  facet normal -0.993797 -0.0499095 -0.0993797
    outer loop
      vertex 20.9 6.63 0
      vertex 20.4 6.63 5
      vertex 20.3975 6.67978 5
    endloop
  endfacet
  facet normal -0.993797 -0.0499045 -0.0993798
    outer loop
      vertex 20.895 6.72957 0
      vertex 20.9 6.63 0
      vertex 20.3975 6.67978 5
    endloop
  endfacet
  facet normal -0.984022 -0.147733 -0.0993813
    outer loop
      vertex 20.8802 6.82815 0
      vertex 20.3975 6.67978 5
      vertex 20.3901 6.72907 5
    endloop
  endfacet
  facet normal 0.0743701 -0.992266 -0.0993813
    outer loop
      vertex 19.8751 7.62969 0
      vertex 19.8875 7.12984 5
      vertex 19.7757 7.62224 0
    endloop
  endfacet
  facet normal -0.123729 0.987329 -0.0993617
    outer loop
      vertex 19.9767 5.71356 0.799999
      vertex 19.9747 5.6328 0
      vertex 19.9688 5.71257 0.799999
    endloop
  endfacet
  facet normal -0.658617 -0.745887 -0.0993812
    outer loop
      vertex 20.5235 7.41183 0
      vertex 20.5982 7.34587 0
      vertex 20.2491 6.98793 5
    endloop
  endfacet
  facet normal 0.762656 -0.639125 -0.099374
    outer loop
      vertex 19.1669 7.31017 0
      vertex 19.5014 6.9319 5
      vertex 19.1029 7.2338 0
    endloop
  endfacet
  facet normal 0.694567 -0.71253 -0.0993891
    outer loop
      vertex 19.5692 7.00489 5
      vertex 19.5335 6.97009 5
      vertex 19.1669 7.31017 0
    endloop
  endfacet
  facet normal 0.990031 0.0998115 -0.0993818
    outer loop
      vertex 19.4056 6.55548 5
      vertex 18.9112 6.48096 0
      vertex 18.9012 6.58015 0
    endloop
  endfacet
  facet normal 0.975425 0.196642 -0.0993905
    outer loop
      vertex 19.4155 6.50662 5
      vertex 18.9309 6.38324 0
      vertex 18.9112 6.48096 0
    endloop
  endfacet
  facet normal -0.724966 0.681592 -0.0992779
    outer loop
      vertex 20.6048 6.03864 0.799999
      vertex 20.666 5.98721 0
      vertex 20.5993 6.03279 0.799999
    endloop
  endfacet
  facet normal -0.729261 0.676969 -0.0994535
    outer loop
      vertex 20.283 6.30861 5
      vertex 20.3231 6.275 4.47718
      vertex 20.2518 6.275 5
    endloop
  endfacet
  facet normal -0.984022 0.147733 -0.0993813
    outer loop
      vertex 20.895 6.53043 0
      vertex 20.8802 6.43185 0
      vertex 20.3975 6.58022 5
    endloop
  endfacet
  facet normal -0.793168 -0.60084 -0.0993786
    outer loop
      vertex 20.7262 7.19332 0
      vertex 20.283 6.95139 5
      vertex 20.666 7.27279 0
    endloop
  endfacet
  facet normal -0.793132 -0.600888 -0.0993778
    outer loop
      vertex 20.283 6.95139 5
      vertex 20.7262 7.19332 0
      vertex 20.3131 6.91166 5
    endloop
  endfacet
  facet normal 0.950796 -0.293443 -0.0993921
    outer loop
      vertex 19.4302 6.80101 5
      vertex 18.9309 6.87676 0
      vertex 18.9603 6.97202 0
    endloop
  endfacet
  facet normal 0.950796 -0.293443 -0.0993921
    outer loop
      vertex 18.9309 6.87676 0
      vertex 19.4302 6.80101 5
      vertex 19.4155 6.75338 5
    endloop
  endfacet
  facet normal 0.619882 0.778375 -0.0993898
    outer loop
      vertex 19.3163 5.81806 0
      vertex 19.2912 5.9402 0.799999
      vertex 19.363 5.88302 0.799999
    endloop
  endfacet
  facet normal 0.620143 0.778172 -0.0993506
    outer loop
      vertex 19.2912 5.9402 0.799999
      vertex 19.3163 5.81806 0
      vertex 19.2383 5.88022 0
    endloop
  endfacet
  facet normal -0.221384 0.970111 -0.0993628
    outer loop
      vertex 20.1492 5.74439 0.799999
      vertex 20.1708 5.66738 0
      vertex 20.1414 5.74261 0.799999
    endloop
  endfacet
  facet normal -0.316907 0.943236 -0.0993708
    outer loop
      vertex 20.1708 5.66738 0
      vertex 20.2361 5.7736 0.799999
      vertex 20.2653 5.69913 0
    endloop
  endfacet
  facet normal -0.316835 0.94326 -0.0993797
    outer loop
      vertex 20.2361 5.7736 0.799999
      vertex 20.1708 5.66738 0
      vertex 20.1567 5.74693 0.799999
    endloop
  endfacet
  facet normal -0.657356 0.746996 -0.0993991
    outer loop
      vertex 20.4796 5.91599 0.799999
      vertex 20.5235 5.84817 0
      vertex 20.4736 5.91071 0.799999
    endloop
  endfacet
  facet normal -0.793536 0.600353 -0.0993809
    outer loop
      vertex 20.7262 6.06668 0
      vertex 20.6096 6.04499 0.799999
      vertex 20.6601 6.11174 0.799999
    endloop
  endfacet
  facet normal -0.793173 0.600843 -0.0993148
    outer loop
      vertex 20.6096 6.04499 0.799999
      vertex 20.7262 6.06668 0
      vertex 20.666 5.98721 0
    endloop
  endfacet
  facet normal -0.793241 0.60074 -0.0994009
    outer loop
      vertex 20.4207 6.275 3.69809
      vertex 20.3848 6.275 3.98458
      vertex 20.3131 6.34834 5
    endloop
  endfacet
  facet normal -0.964285 0.245513 -0.0993838
    outer loop
      vertex 20.3901 6.53093 5
      vertex 20.8556 6.33524 0
      vertex 20.3778 6.48262 5
    endloop
  endfacet
  facet normal -0.964279 -0.245536 -0.0993842
    outer loop
      vertex 20.8556 6.92476 0
      vertex 20.8802 6.82815 0
      vertex 20.3901 6.72907 5
    endloop
  endfacet
  facet normal -0.984022 -0.147733 -0.0993813
    outer loop
      vertex 20.8802 6.82815 0
      vertex 20.895 6.72957 0
      vertex 20.3975 6.67978 5
    endloop
  endfacet
  facet normal -0.934709 -0.341237 -0.0993791
    outer loop
      vertex 20.8556 6.92476 0
      vertex 20.3778 6.77738 5
      vertex 20.3607 6.82422 5
    endloop
  endfacet
  facet normal -0.935017 -0.340387 -0.0993925
    outer loop
      vertex 20.8215 7.01843 0
      vertex 20.8556 6.92476 0
      vertex 20.3607 6.82422 5
    endloop
  endfacet
  facet normal -0.729464 -0.676761 -0.0993792
    outer loop
      vertex 20.5982 7.34587 0
      vertex 20.666 7.27279 0
      vertex 20.2491 6.98793 5
    endloop
  endfacet
  facet normal -0.024719 -0.994742 -0.0993831
    outer loop
      vertex 19.8751 7.62969 0
      vertex 19.9374 7.1286 5
      vertex 19.8875 7.12984 5
    endloop
  endfacet
  facet normal -0.0248685 -0.994739 -0.0993809
    outer loop
      vertex 19.9374 7.1286 5
      vertex 19.8751 7.62969 0
      vertex 19.9747 7.6272 0
    endloop
  endfacet
  facet normal -0.221369 -0.970113 -0.0993816
    outer loop
      vertex 20.0736 7.61481 0
      vertex 20.0354 7.11131 5
      vertex 19.9868 7.1224 5
    endloop
  endfacet
  facet normal -0.409661 -0.906808 -0.0993838
    outer loop
      vertex 20.3562 7.51987 0
      vertex 20.1281 7.07493 5
      vertex 20.0827 7.09544 5
    endloop
  endfacet
  facet normal 0.975232 -0.197601 -0.099376
    outer loop
      vertex 19.4155 6.75338 5
      vertex 19.4056 6.70452 5
      vertex 18.9112 6.77904 0
    endloop
  endfacet
  facet normal 0.821958 -0.560812 -0.0993719
    outer loop
      vertex 19.5014 6.9319 5
      vertex 19.0467 7.15143 0
      vertex 19.1029 7.2338 0
    endloop
  endfacet
  facet normal 0.822854 -0.559493 -0.0993954
    outer loop
      vertex 19.0467 7.15143 0
      vertex 19.5014 6.9319 5
      vertex 19.4734 6.89072 5
    endloop
  endfacet
  facet normal 0.950796 0.293443 -0.0993921
    outer loop
      vertex 19.4302 6.45899 5
      vertex 18.9309 6.38324 0
      vertex 19.4155 6.50662 5
    endloop
  endfacet
  facet normal 0.950796 0.293443 -0.0993921
    outer loop
      vertex 18.9309 6.38324 0
      vertex 19.4302 6.45899 5
      vertex 18.9603 6.28798 0
    endloop
  endfacet
  facet normal 0.975232 0.197601 -0.099376
    outer loop
      vertex 19.4056 6.55548 5
      vertex 19.4155 6.50662 5
      vertex 18.9112 6.48096 0
    endloop
  endfacet
  facet normal -0.024733 0.994743 -0.0993708
    outer loop
      vertex 19.9747 5.6328 0
      vertex 19.8771 5.71029 0.799999
      vertex 19.9688 5.71257 0.799999
    endloop
  endfacet
  facet normal -0.0248685 0.994738 -0.0993869
    outer loop
      vertex 19.8771 5.71029 0.799999
      vertex 19.9747 5.6328 0
      vertex 19.8751 5.63031 0
    endloop
  endfacet
  facet normal 0.364152 0.926022 -0.0993828
    outer loop
      vertex 19.5216 5.79141 0.799999
      vertex 19.529 5.7885 0.799999
      vertex 19.4887 5.71849 0
    endloop
  endfacet
  facet normal -0.221465 0.970093 -0.0993641
    outer loop
      vertex 20.0736 5.64519 0
      vertex 20.1414 5.74261 0.799999
      vertex 20.1708 5.66738 0
    endloop
  endfacet
  facet normal -0.22148 0.97009 -0.0993623
    outer loop
      vertex 20.1414 5.74261 0.799999
      vertex 20.0736 5.64519 0
      vertex 20.0598 5.72398 0.799999
    endloop
  endfacet
  facet normal -0.123691 0.987332 -0.0993737
    outer loop
      vertex 19.9747 5.6328 0
      vertex 20.0598 5.72398 0.799999
      vertex 20.0736 5.64519 0
    endloop
  endfacet
  facet normal -0.123801 0.98732 -0.0993606
    outer loop
      vertex 20.0598 5.72398 0.799999
      vertex 19.9747 5.6328 0
      vertex 19.9767 5.71356 0.799999
    endloop
  endfacet
  facet normal -0.580623 0.808083 -0.0993884
    outer loop
      vertex 20.4425 5.78997 0
      vertex 20.4736 5.91071 0.799999
      vertex 20.5235 5.84817 0
    endloop
  endfacet
  facet normal -0.580787 0.807969 -0.0993647
    outer loop
      vertex 20.4736 5.91071 0.799999
      vertex 20.4425 5.78997 0
      vertex 20.4056 5.86183 0.799999
    endloop
  endfacet
  facet normal -0.407816 0.90764 -0.0993754
    outer loop
      vertex 20.3197 5.81132 0.799999
      vertex 20.3562 5.74013 0
      vertex 20.3124 5.80804 0.799999
    endloop
  endfacet
  facet normal -0.84861 0.5196 -0.0993835
    outer loop
      vertex 20.4866 6.275 3.13474
      vertex 20.3391 6.39087 5
      vertex 20.5519 6.275 2.57716
    endloop
  endfacet
  facet normal -0.848974 0.519006 -0.0993754
    outer loop
      vertex 20.3391 6.39087 5
      vertex 20.4866 6.275 3.13474
      vertex 20.3131 6.34834 5
    endloop
  endfacet
  facet normal -0.846936 0.52234 -0.0992997
    outer loop
      vertex 20.708 6.19001 0.799999
      vertex 20.7782 6.15175 0
      vertex 20.7038 6.1832 0.799999
    endloop
  endfacet
  facet normal -0.848901 0.519129 -0.0993562
    outer loop
      vertex 20.7782 6.15175 0
      vertex 20.6601 6.11174 0.799999
      vertex 20.7038 6.1832 0.799999
    endloop
  endfacet
  facet normal -0.849001 0.518961 -0.0993793
    outer loop
      vertex 20.6601 6.11174 0.799999
      vertex 20.7782 6.15175 0
      vertex 20.7262 6.06668 0
    endloop
  endfacet
  facet normal -0.84969 0.51783 -0.0993957
    outer loop
      vertex 20.4866 6.275 3.13474
      vertex 20.4207 6.275 3.69809
      vertex 20.3131 6.34834 5
    endloop
  endfacet
  facet normal -0.964279 0.245536 -0.0993842
    outer loop
      vertex 20.8802 6.43185 0
      vertex 20.8556 6.33524 0
      vertex 20.3901 6.53093 5
    endloop
  endfacet
  facet normal -0.964285 -0.245513 -0.0993838
    outer loop
      vertex 20.8556 6.92476 0
      vertex 20.3901 6.72907 5
      vertex 20.3778 6.77738 5
    endloop
  endfacet
  facet normal -0.729464 -0.676761 -0.0993792
    outer loop
      vertex 20.666 7.27279 0
      vertex 20.283 6.95139 5
      vertex 20.2491 6.98793 5
    endloop
  endfacet
  facet normal -0.896333 -0.4321 -0.0993807
    outer loop
      vertex 20.8215 7.01843 0
      vertex 20.3391 6.86913 5
      vertex 20.7782 7.10825 0
    endloop
  endfacet
  facet normal -0.896722 -0.431289 -0.099394
    outer loop
      vertex 20.3391 6.86913 5
      vertex 20.8215 7.01843 0
      vertex 20.3607 6.82422 5
    endloop
  endfacet
  facet normal -0.849001 -0.518962 -0.0993786
    outer loop
      vertex 20.7782 7.10825 0
      vertex 20.3131 6.91166 5
      vertex 20.7262 7.19332 0
    endloop
  endfacet
  facet normal -0.848974 -0.519006 -0.0993778
    outer loop
      vertex 20.3131 6.91166 5
      vertex 20.7782 7.10825 0
      vertex 20.3391 6.86913 5
    endloop
  endfacet
  facet normal -0.316907 -0.943236 -0.0993796
    outer loop
      vertex 20.1708 7.59262 0
      vertex 20.2653 7.56087 0
      vertex 20.0354 7.11131 5
    endloop
  endfacet
  facet normal -0.221464 -0.970091 -0.0993802
    outer loop
      vertex 20.0736 7.61481 0
      vertex 20.1708 7.59262 0
      vertex 20.0354 7.11131 5
    endloop
  endfacet
  facet normal -0.123691 -0.987332 -0.0993817
    outer loop
      vertex 20.0736 7.61481 0
      vertex 19.9868 7.1224 5
      vertex 19.9747 7.6272 0
    endloop
  endfacet
  facet normal -0.123913 -0.987304 -0.0993784
    outer loop
      vertex 19.9747 7.6272 0
      vertex 19.9868 7.1224 5
      vertex 19.9374 7.1286 5
    endloop
  endfacet
  facet normal -0.316517 -0.943367 -0.0993735
    outer loop
      vertex 20.2653 7.56087 0
      vertex 20.0827 7.09544 5
      vertex 20.0354 7.11131 5
    endloop
  endfacet
  facet normal -0.409122 -0.907052 -0.099375
    outer loop
      vertex 20.2653 7.56087 0
      vertex 20.3562 7.51987 0
      vertex 20.0827 7.09544 5
    endloop
  endfacet
  facet normal -0.581438 -0.807497 -0.0993902
    outer loop
      vertex 20.5235 7.41183 0
      vertex 20.2117 7.02092 5
      vertex 20.1713 7.05001 5
    endloop
  endfacet
  facet normal 0.873777 -0.476061 -0.099391
    outer loop
      vertex 19.0467 7.15143 0
      vertex 19.4734 6.89072 5
      vertex 18.999 7.06388 0
    endloop
  endfacet
  facet normal 0.873382 -0.476789 -0.0993786
    outer loop
      vertex 19.4734 6.89072 5
      vertex 19.4495 6.84694 5
      vertex 18.999 7.06388 0
    endloop
  endfacet
  facet normal 0.975425 -0.196642 -0.0993905
    outer loop
      vertex 18.9309 6.87676 0
      vertex 19.4155 6.75338 5
      vertex 18.9112 6.77904 0
    endloop
  endfacet
  facet normal 0.990031 -0.0998115 -0.0993818
    outer loop
      vertex 18.9112 6.77904 0
      vertex 19.4056 6.70452 5
      vertex 18.9012 6.67985 0
    endloop
  endfacet
  facet normal 0 0 -1
    outer loop
      vertex 20.3975 6.58022 5
      vertex 20.3975 6.67978 5
      vertex 20.4 6.63 5
    endloop
  endfacet
  facet normal 0 0 -1
    outer loop
      vertex 20.3901 6.53093 5
      vertex 20.3975 6.67978 5
      vertex 20.3975 6.58022 5
    endloop
  endfacet
  facet normal 0 0 -1
    outer loop
      vertex 20.3901 6.53093 5
      vertex 20.3901 6.72907 5
      vertex 20.3975 6.67978 5
    endloop
  endfacet
  facet normal 0 0 -1
    outer loop
      vertex 20.3778 6.48262 5
      vertex 20.3901 6.72907 5
      vertex 20.3901 6.53093 5
    endloop
  endfacet
  facet normal 0 0 -1
    outer loop
      vertex 20.3778 6.48262 5
      vertex 20.3778 6.77738 5
      vertex 20.3901 6.72907 5
    endloop
  endfacet
  facet normal 0 0 -1
    outer loop
      vertex 20.3607 6.43578 5
      vertex 20.3778 6.77738 5
      vertex 20.3778 6.48262 5
    endloop
  endfacet
  facet normal 0 0 -1
    outer loop
      vertex 20.3607 6.43578 5
      vertex 20.3607 6.82422 5
      vertex 20.3778 6.77738 5
    endloop
  endfacet
  facet normal 0 0 -1
    outer loop
      vertex 20.3391 6.39087 5
      vertex 20.3607 6.82422 5
      vertex 20.3607 6.43578 5
    endloop
  endfacet
  facet normal 0 0 -1
    outer loop
      vertex 20.3391 6.39087 5
      vertex 20.3391 6.86913 5
      vertex 20.3607 6.82422 5
    endloop
  endfacet
  facet normal 0 0 -1
    outer loop
      vertex 20.3131 6.34834 5
      vertex 20.3391 6.86913 5
      vertex 20.3391 6.39087 5
    endloop
  endfacet
  facet normal 0 0 -1
    outer loop
      vertex 20.3131 6.34834 5
      vertex 20.3131 6.91166 5
      vertex 20.3391 6.86913 5
    endloop
  endfacet
  facet normal 0 0 -1
    outer loop
      vertex 20.283 6.30861 5
      vertex 20.3131 6.91166 5
      vertex 20.3131 6.34834 5
    endloop
  endfacet
  facet normal 0 0 -1
    outer loop
      vertex 20.283 6.30861 5
      vertex 20.283 6.95139 5
      vertex 20.3131 6.91166 5
    endloop
  endfacet
  facet normal 0 0 -1
    outer loop
      vertex 20.2518 6.275 5
      vertex 20.283 6.95139 5
      vertex 20.283 6.30861 5
    endloop
  endfacet
  facet normal 0 0 -1
    outer loop
      vertex 20.2518 6.275 5
      vertex 20.2491 6.98793 5
      vertex 20.283 6.95139 5
    endloop
  endfacet
  facet normal 0 0 -1
    outer loop
      vertex 20.2518 6.275 5
      vertex 20.2117 7.02092 5
      vertex 20.2491 6.98793 5
    endloop
  endfacet
  facet normal 0 0 -1
    outer loop
      vertex 20.2518 6.275 5
      vertex 20.1713 7.05001 5
      vertex 20.2117 7.02092 5
    endloop
  endfacet
  facet normal 0 0 -1
    outer loop
      vertex 20.2518 6.275 5
      vertex 20.1281 7.07493 5
      vertex 20.1713 7.05001 5
    endloop
  endfacet
  facet normal 0 0 -1
    outer loop
      vertex 20.2518 6.275 5
      vertex 20.0827 7.09544 5
      vertex 20.1281 7.07493 5
    endloop
  endfacet
  facet normal 0 0 -1
    outer loop
      vertex 20.2518 6.275 5
      vertex 20.0354 7.11131 5
      vertex 20.0827 7.09544 5
    endloop
  endfacet
  facet normal 0 0 -1
    outer loop
      vertex 20.2518 6.275 5
      vertex 19.9868 7.1224 5
      vertex 20.0354 7.11131 5
    endloop
  endfacet
  facet normal 0 0 -1
    outer loop
      vertex 20.2518 6.275 5
      vertex 19.9374 7.1286 5
      vertex 19.9868 7.1224 5
    endloop
  endfacet
  facet normal 0 0 -1
    outer loop
      vertex 20.2518 6.275 5
      vertex 19.8875 7.12984 5
      vertex 19.9374 7.1286 5
    endloop
  endfacet
  facet normal 0 0 -1
    outer loop
      vertex 20.2518 6.275 5
      vertex 19.8378 7.12612 5
      vertex 19.8875 7.12984 5
    endloop
  endfacet
  facet normal 0 0 -1
    outer loop
      vertex 20.2518 6.275 5
      vertex 19.7887 7.11746 5
      vertex 19.8378 7.12612 5
    endloop
  endfacet
  facet normal 0 0 -1
    outer loop
      vertex 20.2518 6.275 5
      vertex 19.7408 7.10396 5
      vertex 19.7887 7.11746 5
    endloop
  endfacet
  facet normal 0 0 -1
    outer loop
      vertex 20.2518 6.275 5
      vertex 19.6944 7.08575 5
      vertex 19.7408 7.10396 5
    endloop
  endfacet
  facet normal 0 0 -1
    outer loop
      vertex 20.2518 6.275 5
      vertex 19.65 7.06301 5
      vertex 19.6944 7.08575 5
    endloop
  endfacet
  facet normal 0 0 -1
    outer loop
      vertex 20.2518 6.275 5
      vertex 19.6081 7.03597 5
      vertex 19.65 7.06301 5
    endloop
  endfacet
  facet normal 0 0 -1
    outer loop
      vertex 20.2518 6.275 5
      vertex 19.5692 7.00489 5
      vertex 19.6081 7.03597 5
    endloop
  endfacet
  facet normal 0 0 -1
    outer loop
      vertex 19.5488 6.275 5
      vertex 19.5692 7.00489 5
      vertex 20.2518 6.275 5
    endloop
  endfacet
  facet normal 0 0 -1
    outer loop
      vertex 19.5014 6.3281 5
      vertex 19.5488 6.275 5
      vertex 19.5335 6.28991 5
    endloop
  endfacet
  facet normal 0 0 -1
    outer loop
      vertex 19.5488 6.275 5
      vertex 19.5335 6.97009 5
      vertex 19.5692 7.00489 5
    endloop
  endfacet
  facet normal 0 0 -1
    outer loop
      vertex 19.5488 6.275 5
      vertex 19.5014 6.3281 5
      vertex 19.5335 6.97009 5
    endloop
  endfacet
  facet normal 0 0 -1
    outer loop
      vertex 19.5014 6.3281 5
      vertex 19.5014 6.9319 5
      vertex 19.5335 6.97009 5
    endloop
  endfacet
  facet normal 0 0 -1
    outer loop
      vertex 19.4734 6.36928 5
      vertex 19.5014 6.9319 5
      vertex 19.5014 6.3281 5
    endloop
  endfacet
  facet normal 0 0 -1
    outer loop
      vertex 19.4734 6.36928 5
      vertex 19.4734 6.89072 5
      vertex 19.5014 6.9319 5
    endloop
  endfacet
  facet normal 0 0 -1
    outer loop
      vertex 19.4495 6.41306 5
      vertex 19.4734 6.89072 5
      vertex 19.4734 6.36928 5
    endloop
  endfacet
  facet normal 0 0 -1
    outer loop
      vertex 19.4495 6.41306 5
      vertex 19.4495 6.84694 5
      vertex 19.4734 6.89072 5
    endloop
  endfacet
  facet normal 0 0 -1
    outer loop
      vertex 19.4302 6.45899 5
      vertex 19.4495 6.84694 5
      vertex 19.4495 6.41306 5
    endloop
  endfacet
  facet normal 0 0 -1
    outer loop
      vertex 19.4302 6.45899 5
      vertex 19.4302 6.80101 5
      vertex 19.4495 6.84694 5
    endloop
  endfacet
  facet normal 0 0 -1
    outer loop
      vertex 19.4155 6.50662 5
      vertex 19.4302 6.80101 5
      vertex 19.4302 6.45899 5
    endloop
  endfacet
  facet normal 0 0 -1
    outer loop
      vertex 19.4155 6.50662 5
      vertex 19.4155 6.75338 5
      vertex 19.4302 6.80101 5
    endloop
  endfacet
  facet normal 0 0 -1
    outer loop
      vertex 19.4056 6.55548 5
      vertex 19.4155 6.75338 5
      vertex 19.4155 6.50662 5
    endloop
  endfacet
  facet normal 0 0 -1
    outer loop
      vertex 19.4056 6.55548 5
      vertex 19.4056 6.70452 5
      vertex 19.4155 6.75338 5
    endloop
  endfacet
  facet normal 0 0 -1
    outer loop
      vertex 19.4006 6.60508 5
      vertex 19.4056 6.70452 5
      vertex 19.4056 6.55548 5
    endloop
  endfacet
  facet normal 0 0 -1
    outer loop
      vertex 19.4056 6.70452 5
      vertex 19.4006 6.60508 5
      vertex 19.4006 6.65492 5
    endloop
  endfacet
  facet normal 0.363521 -0.926269 -0.0993866
    outer loop
      vertex 19.5815 7.57793 0
      vertex 19.6944 7.08575 5
      vertex 19.4887 7.54151 0
    endloop
  endfacet
  facet normal 0.363521 -0.926269 -0.0993866
    outer loop
      vertex 19.6944 7.08575 5
      vertex 19.5815 7.57793 0
      vertex 19.7408 7.10396 5
    endloop
  endfacet
  facet normal 0.172737 -0.979942 -0.0993801
    outer loop
      vertex 19.7757 7.62224 0
      vertex 19.7887 7.11746 5
      vertex 19.6775 7.60493 0
    endloop
  endfacet
  facet normal 0.454001 -0.885441 -0.0993828
    outer loop
      vertex 19.4887 7.54151 0
      vertex 19.65 7.06301 5
      vertex 19.4 7.49603 0
    endloop
  endfacet
  facet normal 0.453596 -0.885648 -0.0993895
    outer loop
      vertex 19.65 7.06301 5
      vertex 19.4887 7.54151 0
      vertex 19.6944 7.08575 5
    endloop
  endfacet
  facet normal 0.0742708 -0.992274 -0.0993798
    outer loop
      vertex 19.8875 7.12984 5
      vertex 19.8378 7.12612 5
      vertex 19.7757 7.62224 0
    endloop
  endfacet
  facet normal 0.268756 0.958066 -0.0993914
    outer loop
      vertex 19.6876 5.73523 0.799999
      vertex 19.6953 5.73307 0.799999
      vertex 19.6775 5.65507 0
    endloop
  endfacet
  facet normal 0.990032 0.0998016 -0.099382
    outer loop
      vertex 19.4006 6.60508 5
      vertex 19.4056 6.55548 5
      vertex 18.9012 6.58015 0
    endloop
  endfacet
  facet normal 0.91698 0.386353 -0.0993918
    outer loop
      vertex 19.1284 6.275 1.50042
      vertex 18.9603 6.28798 0
      vertex 19.4302 6.45899 5
    endloop
  endfacet
  facet normal 0.915967 0.388784 -0.0992573
    outer loop
      vertex 19.0525 6.275 0.799999
      vertex 18.9603 6.28798 0
      vertex 19.1284 6.275 1.50042
    endloop
  endfacet
  facet normal 0.917096 0.386067 -0.0994315
    outer loop
      vertex 19.068 6.23818 0.799999
      vertex 18.9603 6.28798 0
      vertex 19.0525 6.275 0.799999
    endloop
  endfacet
  facet normal 0.916992 0.386323 -0.0994016
    outer loop
      vertex 18.9603 6.28798 0
      vertex 19.068 6.23818 0.799999
      vertex 18.999 6.19612 0
    endloop
  endfacet
  facet normal 0.761707 0.640241 -0.0994686
    outer loop
      vertex 19.5174 6.275 4.78074
      vertex 19.5014 6.3281 5
      vertex 19.5335 6.28991 5
    endloop
  endfacet
  facet normal 0.762102 0.639792 -0.0993311
    outer loop
      vertex 19.5014 6.3281 5
      vertex 19.5174 6.275 4.78074
      vertex 19.4545 6.275 4.29815
    endloop
  endfacet
  facet normal 0.763903 0.637627 -0.0994181
    outer loop
      vertex 19.2205 6.01035 0.799999
      vertex 19.2256 6.00424 0.799999
      vertex 19.1669 5.94983 0
    endloop
  endfacet
  facet normal 0.695058 0.712057 -0.0993473
    outer loop
      vertex 19.2383 5.88022 0
      vertex 19.2313 5.99867 0.799999
      vertex 19.2912 5.9402 0.799999
    endloop
  endfacet
  facet normal 0.694616 0.712478 -0.0994135
    outer loop
      vertex 19.2313 5.99867 0.799999
      vertex 19.2383 5.88022 0
      vertex 19.1669 5.94983 0
    endloop
  endfacet
  facet normal 0.873381 0.476788 -0.0993923
    outer loop
      vertex 19.3191 6.275 3.19187
      vertex 19.4495 6.41306 5
      vertex 19.4734 6.36928 5
    endloop
  endfacet
  facet normal 0.873517 0.476541 -0.0993832
    outer loop
      vertex 19.4495 6.41306 5
      vertex 19.3191 6.275 3.19187
      vertex 19.1628 6.275 1.81809
    endloop
  endfacet
  facet normal 0.873713 0.476176 -0.0994036
    outer loop
      vertex 19.115 6.15028 0.799999
      vertex 18.999 6.19612 0
      vertex 19.0711 6.23083 0.799999
    endloop
  endfacet
  facet normal 0.873797 0.476018 -0.0994249
    outer loop
      vertex 18.999 6.19612 0
      vertex 19.115 6.15028 0.799999
      vertex 19.0467 6.10856 0
    endloop
  endfacet
  facet normal -0.497635 0.861675 -0.0993827
    outer loop
      vertex 20.3562 5.74013 0
      vertex 20.3922 5.85319 0.799999
      vertex 20.4425 5.78997 0
    endloop
  endfacet
  facet normal -0.497633 0.861676 -0.099383
    outer loop
      vertex 20.3922 5.85319 0.799999
      vertex 20.3562 5.74013 0
      vertex 20.3197 5.81132 0.799999
    endloop
  endfacet
  facet normal -0.319184 0.942472 -0.0993428
    outer loop
      vertex 20.1567 5.74693 0.799999
      vertex 20.1708 5.66738 0
      vertex 20.1492 5.74439 0.799999
    endloop
  endfacet
  facet normal -0.409121 0.90705 -0.0993967
    outer loop
      vertex 20.2653 5.69913 0
      vertex 20.3124 5.80804 0.799999
      vertex 20.3562 5.74013 0
    endloop
  endfacet
  facet normal -0.409371 0.906941 -0.099367
    outer loop
      vertex 20.3124 5.80804 0.799999
      vertex 20.2653 5.69913 0
      vertex 20.2361 5.7736 0.799999
    endloop
  endfacet
  facet normal -0.79379 0.60003 -0.0992995
    outer loop
      vertex 20.6096 6.04499 0.799999
      vertex 20.666 5.98721 0
      vertex 20.6048 6.03864 0.799999
    endloop
  endfacet
  facet normal -0.793538 0.600349 -0.0993936
    outer loop
      vertex 20.3231 6.275 4.47718
      vertex 20.3131 6.34834 5
      vertex 20.3848 6.275 3.98458
    endloop
  endfacet
  facet normal -0.793125 0.600883 -0.0994606
    outer loop
      vertex 20.3131 6.34834 5
      vertex 20.3231 6.275 4.47718
      vertex 20.283 6.30861 5
    endloop
  endfacet
  facet normal -0.896515 0.431718 -0.099398
    outer loop
      vertex 20.5519 6.275 2.57716
      vertex 20.3607 6.43578 5
      vertex 20.7422 6.275 0.860758
    endloop
  endfacet
  facet normal -0.896723 0.43129 -0.0993859
    outer loop
      vertex 20.3607 6.43578 5
      vertex 20.5519 6.275 2.57716
      vertex 20.3391 6.39087 5
    endloop
  endfacet
  facet normal -0.896478 0.431802 -0.0993637
    outer loop
      vertex 20.8215 6.24156 0
      vertex 20.708 6.19001 0.799999
      vertex 20.7478 6.27264 0.799999
    endloop
  endfacet
  facet normal -0.89632 0.432142 -0.0993194
    outer loop
      vertex 20.708 6.19001 0.799999
      vertex 20.8215 6.24156 0
      vertex 20.7782 6.15175 0
    endloop
  endfacet
  facet normal -0.935025 0.340354 -0.0994311
    outer loop
      vertex 20.8215 6.24156 0
      vertex 20.7486 6.275 0.799999
      vertex 20.8556 6.33524 0
    endloop
  endfacet
  facet normal -0.942392 0.319455 -0.0992288
    outer loop
      vertex 20.7486 6.275 0.799999
      vertex 20.8215 6.24156 0
      vertex 20.7478 6.27264 0.799999
    endloop
  endfacet
  facet normal -0.931088 0.351364 -0.0980754
    outer loop
      vertex 20.7422 6.275 0.860758
      vertex 20.8556 6.33524 0
      vertex 20.7486 6.275 0.799999
    endloop
  endfacet
  facet normal -0.935128 0.340081 -0.0993974
    outer loop
      vertex 20.8556 6.33524 0
      vertex 20.7422 6.275 0.860758
      vertex 20.3607 6.43578 5
    endloop
  endfacet
  facet normal -0.984022 0.147733 -0.0993813
    outer loop
      vertex 20.3975 6.58022 5
      vertex 20.8802 6.43185 0
      vertex 20.3901 6.53093 5
    endloop
  endfacet
  facet normal -0.497635 -0.861675 -0.0993759
    outer loop
      vertex 20.3562 7.51987 0
      vertex 20.4425 7.47003 0
      vertex 20.1713 7.05001 5
    endloop
  endfacet
  facet normal -0.580624 -0.808085 -0.0993754
    outer loop
      vertex 20.4425 7.47003 0
      vertex 20.5235 7.41183 0
      vertex 20.1713 7.05001 5
    endloop
  endfacet
  facet normal -0.497202 -0.861924 -0.0993833
    outer loop
      vertex 20.3562 7.51987 0
      vertex 20.1713 7.05001 5
      vertex 20.1281 7.07493 5
    endloop
  endfacet
  facet normal -0.658234 -0.746224 -0.0993887
    outer loop
      vertex 20.5235 7.41183 0
      vertex 20.2491 6.98793 5
      vertex 20.2117 7.02092 5
    endloop
  endfacet
  facet normal 0.761713 -0.640246 -0.0993957
    outer loop
      vertex 19.5335 6.97009 5
      vertex 19.5014 6.9319 5
      vertex 19.1669 7.31017 0
    endloop
  endfacet
  facet normal 0.990032 -0.0998016 -0.099382
    outer loop
      vertex 19.4056 6.70452 5
      vertex 19.4006 6.65492 5
      vertex 18.9012 6.67985 0
    endloop
  endfacet
  facet normal 0.620141 -0.778169 -0.0993865
    outer loop
      vertex 19.3163 7.44194 0
      vertex 19.5692 7.00489 5
      vertex 19.2383 7.37978 0
    endloop
  endfacet
  facet normal 0.621116 -0.777394 -0.099368
    outer loop
      vertex 19.5692 7.00489 5
      vertex 19.3163 7.44194 0
      vertex 19.6081 7.03597 5
    endloop
  endfacet
  facet normal 0.694618 -0.71248 -0.0993901
    outer loop
      vertex 19.2383 7.37978 0
      vertex 19.5692 7.00489 5
      vertex 19.1669 7.31017 0
    endloop
  endfacet
  facet normal 0.269405 -0.957885 -0.099385
    outer loop
      vertex 19.6775 7.60493 0
      vertex 19.7408 7.10396 5
      vertex 19.5815 7.57793 0
    endloop
  endfacet
  facet normal 0.269926 -0.957739 -0.099377
    outer loop
      vertex 19.7408 7.10396 5
      vertex 19.6775 7.60493 0
      vertex 19.7887 7.11746 5
    endloop
  endfacet
  facet normal 0.0742848 0.992272 -0.0993882
    outer loop
      vertex 19.8751 5.63031 0
      vertex 19.7856 5.71714 0.799999
      vertex 19.8771 5.71029 0.799999
    endloop
  endfacet
  facet normal 0.0743701 0.992267 -0.0993781
    outer loop
      vertex 19.7856 5.71714 0.799999
      vertex 19.8751 5.63031 0
      vertex 19.7757 5.63776 0
    endloop
  endfacet
  facet normal 0.269529 0.957851 -0.0993796
    outer loop
      vertex 19.6775 5.65507 0
      vertex 19.607 5.75791 0.799999
      vertex 19.6876 5.73523 0.799999
    endloop
  endfacet
  facet normal 0.269405 0.957884 -0.0993948
    outer loop
      vertex 19.607 5.75791 0.799999
      vertex 19.6775 5.65507 0
      vertex 19.5815 5.68207 0
    endloop
  endfacet
  facet normal 0.363298 0.926356 -0.0993987
    outer loop
      vertex 19.5815 5.68207 0
      vertex 19.529 5.7885 0.799999
      vertex 19.607 5.75791 0.799999
    endloop
  endfacet
  facet normal 0.363521 0.926271 -0.0993728
    outer loop
      vertex 19.529 5.7885 0.799999
      vertex 19.5815 5.68207 0
      vertex 19.4887 5.71849 0
    endloop
  endfacet
  facet normal 0.172869 0.979919 -0.0993719
    outer loop
      vertex 19.7757 5.63776 0
      vertex 19.6953 5.73307 0.799999
      vertex 19.7856 5.71714 0.799999
    endloop
  endfacet
  facet normal 0.172737 0.979941 -0.0993878
    outer loop
      vertex 19.6953 5.73307 0.799999
      vertex 19.7757 5.63776 0
      vertex 19.6775 5.65507 0
    endloop
  endfacet
  facet normal 0.540158 0.835676 -0.0993768
    outer loop
      vertex 19.4 5.76397 0
      vertex 19.363 5.88302 0.799999
      vertex 19.4333 5.83758 0.799999
    endloop
  endfacet
  facet normal 0.540077 0.835727 -0.0993881
    outer loop
      vertex 19.363 5.88302 0.799999
      vertex 19.4 5.76397 0
      vertex 19.3163 5.81806 0
    endloop
  endfacet
  facet normal 0.917351 0.385475 -0.0993815
    outer loop
      vertex 19.1628 6.275 1.81809
      vertex 19.4302 6.45899 5
      vertex 19.4495 6.41306 5
    endloop
  endfacet
  facet normal 0.917618 0.384843 -0.0993674
    outer loop
      vertex 19.4302 6.45899 5
      vertex 19.1628 6.275 1.81809
      vertex 19.1284 6.275 1.50042
    endloop
  endfacet
  facet normal 0.916835 0.386692 -0.0994075
    outer loop
      vertex 19.068 6.23818 0.799999
      vertex 19.0711 6.23083 0.799999
      vertex 18.999 6.19612 0
    endloop
  endfacet
  facet normal 0.69446 0.712625 -0.0994529
    outer loop
      vertex 19.5335 6.28991 5
      vertex 19.5488 6.275 5
      vertex 19.5174 6.275 4.78074
    endloop
  endfacet
  facet normal 0.69544 0.711671 -0.0994306
    outer loop
      vertex 19.2256 6.00424 0.799999
      vertex 19.2313 5.99867 0.799999
      vertex 19.1669 5.94983 0
    endloop
  endfacet
  facet normal 0.822855 0.559494 -0.0993772
    outer loop
      vertex 19.4313 6.275 4.12061
      vertex 19.4734 6.36928 5
      vertex 19.5014 6.3281 5
    endloop
  endfacet
  facet normal 0.82272 0.559691 -0.0993918
    outer loop
      vertex 19.4734 6.36928 5
      vertex 19.4313 6.275 4.12061
      vertex 19.3191 6.275 3.19187
    endloop
  endfacet
  facet normal 0.822478 0.56004 -0.0994253
    outer loop
      vertex 19.1666 6.0745 0.799999
      vertex 19.0467 6.10856 0
      vertex 19.115 6.15028 0.799999
    endloop
  endfacet
  facet normal 0.821932 0.560862 -0.0993085
    outer loop
      vertex 19.0467 6.10856 0
      vertex 19.1666 6.0745 0.799999
      vertex 19.1029 6.0262 0
    endloop
  endfacet
  facet normal 0.760431 0.641771 -0.0993692
    outer loop
      vertex 19.5014 6.3281 5
      vertex 19.4545 6.275 4.29815
      vertex 19.4313 6.275 4.12061
    endloop
  endfacet
  facet normal 0.761838 0.64011 -0.0993081
    outer loop
      vertex 19.2205 6.01035 0.799999
      vertex 19.1029 6.0262 0
      vertex 19.1666 6.0745 0.799999
    endloop
  endfacet
  facet normal 0.76265 0.63912 -0.0994471
    outer loop
      vertex 19.1029 6.0262 0
      vertex 19.2205 6.01035 0.799999
      vertex 19.1669 5.94983 0
    endloop
  endfacet
  facet normal -0.65862 0.74589 -0.0993353
    outer loop
      vertex 20.5235 5.84817 0
      vertex 20.5424 5.9714 0.799999
      vertex 20.5982 5.91413 0
    endloop
  endfacet
  facet normal -0.658335 0.746136 -0.0993799
    outer loop
      vertex 20.5424 5.9714 0.799999
      vertex 20.5235 5.84817 0
      vertex 20.4796 5.91599 0.799999
    endloop
  endfacet
  facet normal -0.729788 0.676412 -0.0993847
    outer loop
      vertex 20.666 5.98721 0
      vertex 20.5424 5.9714 0.799999
      vertex 20.5993 6.03279 0.799999
    endloop
  endfacet
  facet normal -0.729468 0.676764 -0.0993284
    outer loop
      vertex 20.5424 5.9714 0.799999
      vertex 20.666 5.98721 0
      vertex 20.5982 5.91413 0
    endloop
  endfacet
  facet normal -0.498112 0.861397 -0.0993909
    outer loop
      vertex 20.3991 5.85718 0.799999
      vertex 20.4425 5.78997 0
      vertex 20.3922 5.85319 0.799999
    endloop
  endfacet
  facet normal -0.578948 0.809283 -0.099398
    outer loop
      vertex 20.4056 5.86183 0.799999
      vertex 20.4425 5.78997 0
      vertex 20.3991 5.85718 0.799999
    endloop
  endfacet
  facet normal -0.934709 0.341237 -0.0993791
    outer loop
      vertex 20.3778 6.48262 5
      vertex 20.8556 6.33524 0
      vertex 20.3607 6.43578 5
    endloop
  endfacet
  facet normal -0.993797 0.0499045 -0.0993798
    outer loop
      vertex 20.9 6.63 0
      vertex 20.895 6.53043 0
      vertex 20.3975 6.58022 5
    endloop
  endfacet
  facet normal -0.993797 0.0499095 -0.0993797
    outer loop
      vertex 20.4 6.63 5
      vertex 20.9 6.63 0
      vertex 20.3975 6.58022 5
    endloop
  endfacet
  facet normal 0.916993 -0.386323 -0.099392
    outer loop
      vertex 18.999 7.06388 0
      vertex 19.4302 6.80101 5
      vertex 18.9603 6.97202 0
    endloop
  endfacet
  facet normal 0.540078 -0.835728 -0.099375
    outer loop
      vertex 19.4 7.49603 0
      vertex 19.6081 7.03597 5
      vertex 19.3163 7.44194 0
    endloop
  endfacet
  facet normal 0.172834 -0.979925 -0.0993786
    outer loop
      vertex 19.8378 7.12612 5
      vertex 19.7887 7.11746 5
      vertex 19.7757 7.62224 0
    endloop
  endfacet
  facet normal 0.539215 0.836282 -0.0993934
    outer loop
      vertex 19.4333 5.83758 0.799999
      vertex 19.44 5.83326 0.799999
      vertex 19.4 5.76397 0
    endloop
  endfacet
  facet normal 0.454091 0.885396 -0.0993784
    outer loop
      vertex 19.4887 5.71849 0
      vertex 19.44 5.83326 0.799999
      vertex 19.5216 5.79141 0.799999
    endloop
  endfacet
  facet normal 0.454 0.885441 -0.0993904
    outer loop
      vertex 19.44 5.83326 0.799999
      vertex 19.4887 5.71849 0
      vertex 19.4 5.76397 0
    endloop
  endfacet
  facet normal 0.917351 -0.385475 -0.0993783
    outer loop
      vertex 19.4495 6.84694 5
      vertex 19.4302 6.80101 5
      vertex 18.999 7.06388 0
    endloop
  endfacet
  facet normal 0.539552 -0.836066 -0.0993843
    outer loop
      vertex 19.65 7.06301 5
      vertex 19.6081 7.03597 5
      vertex 19.4 7.49603 0
    endloop
  endfacet
  facet normal -0.993797 -0.0499095 -0.0993797
    outer loop
      vertex 20.9 1.17 0
      vertex 20.4 1.17 5
      vertex 20.3975 1.21978 5
    endloop
  endfacet
  facet normal -0.993797 -0.0499045 -0.0993798
    outer loop
      vertex 20.895 1.26957 0
      vertex 20.9 1.17 0
      vertex 20.3975 1.21978 5
    endloop
  endfacet
  facet normal 0.995049 0 -0.0993855
    outer loop
      vertex 19.4006 1.14508 5
      vertex 18.9012 1.21985 0
      vertex 19.4006 1.19492 5
    endloop
  endfacet
  facet normal 0.995049 0 -0.0993855
    outer loop
      vertex 18.9012 1.21985 0
      vertex 19.4006 1.14508 5
      vertex 18.9012 1.12015 0
    endloop
  endfacet
  facet normal -0.984022 -0.147733 -0.0993813
    outer loop
      vertex 20.8802 1.36815 0
      vertex 20.3975 1.21978 5
      vertex 20.3901 1.26907 5
    endloop
  endfacet
  facet normal -0.964279 -0.245536 -0.0993842
    outer loop
      vertex 20.8556 1.46476 0
      vertex 20.8802 1.36815 0
      vertex 20.3901 1.26907 5
    endloop
  endfacet
  facet normal -0.12376 0.987323 -0.0993795
    outer loop
      vertex 20.0736 0.185192 0
      vertex 19.9747 0.172795 0
      vertex 19.9374 0.671397 5
    endloop
  endfacet
  facet normal 0.073186 -0.992353 -0.0993936
    outer loop
      vertex 19.8751 2.16969 0
      vertex 19.8771 2.08971 0.799999
      vertex 19.8691 2.08912 0.799999
    endloop
  endfacet
  facet normal 0.990031 0.0998115 -0.0993818
    outer loop
      vertex 19.4056 1.09548 5
      vertex 18.9112 1.02096 0
      vertex 18.9012 1.12015 0
    endloop
  endfacet
  facet normal 0.975424 0.196648 -0.0993904
    outer loop
      vertex 19.4155 1.04662 5
      vertex 18.9309 0.923243 0
      vertex 18.9112 1.02096 0
    endloop
  endfacet
  facet normal -0.729465 0.676761 -0.0993784
    outer loop
      vertex 20.283 0.848606 5
      vertex 20.666 0.527212 0
      vertex 20.2491 0.812066 5
    endloop
  endfacet
  facet normal -0.984021 0.147737 -0.0993812
    outer loop
      vertex 20.895 1.07043 0
      vertex 20.8802 0.971853 0
      vertex 20.3975 1.12022 5
    endloop
  endfacet
  facet normal 0.69446 -0.712625 -0.0994529
    outer loop
      vertex 19.5488 1.525 5
      vertex 19.5335 1.51009 5
      vertex 19.5174 1.525 4.78074
    endloop
  endfacet
  facet normal 0.69544 -0.711671 -0.0994306
    outer loop
      vertex 19.2313 1.80133 0.799999
      vertex 19.2256 1.79576 0.799999
      vertex 19.1669 1.85017 0
    endloop
  endfacet
  facet normal 0.174572 -0.979615 -0.0993968
    outer loop
      vertex 19.7031 2.06832 0.799999
      vertex 19.6953 2.06693 0.799999
      vertex 19.6775 2.14493 0
    endloop
  endfacet
  facet normal -0.580786 -0.807967 -0.0993871
    outer loop
      vertex 20.4425 2.01003 0
      vertex 20.4671 1.89394 0.799999
      vertex 20.3991 1.94282 0.799999
    endloop
  endfacet
  facet normal -0.580622 -0.808082 -0.0994088
    outer loop
      vertex 20.4671 1.89394 0.799999
      vertex 20.4425 2.01003 0
      vertex 20.5235 1.95183 0
    endloop
  endfacet
  facet normal 0.621104 0.777404 -0.0993678
    outer loop
      vertex 19.3163 0.358062 0
      vertex 19.5692 0.795109 5
      vertex 19.6081 0.76403 5
    endloop
  endfacet
  facet normal 0.620117 0.778189 -0.0993865
    outer loop
      vertex 19.5692 0.795109 5
      vertex 19.3163 0.358062 0
      vertex 19.2383 0.420218 0
    endloop
  endfacet
  facet normal -0.221388 0.970109 -0.0993804
    outer loop
      vertex 20.0354 0.688687 5
      vertex 20.0736 0.185192 0
      vertex 19.9868 0.677596 5
    endloop
  endfacet
  facet normal -0.409138 0.907045 -0.099376
    outer loop
      vertex 20.3562 0.280128 0
      vertex 20.2653 0.239126 0
      vertex 20.0827 0.704562 5
    endloop
  endfacet
  facet normal -0.934705 0.34125 -0.0993788
    outer loop
      vertex 20.3778 1.02262 5
      vertex 20.8556 0.875244 0
      vertex 20.3607 0.975782 5
    endloop
  endfacet
  facet normal -0.964285 0.245513 -0.0993837
    outer loop
      vertex 20.3901 1.07093 5
      vertex 20.8556 0.875244 0
      vertex 20.3778 1.02262 5
    endloop
  endfacet
  facet normal -0.896515 -0.431718 -0.099398
    outer loop
      vertex 20.3607 1.36422 5
      vertex 20.5519 1.525 2.57716
      vertex 20.7422 1.525 0.860758
    endloop
  endfacet
  facet normal -0.896723 -0.43129 -0.0993859
    outer loop
      vertex 20.5519 1.525 2.57716
      vertex 20.3607 1.36422 5
      vertex 20.3391 1.40913 5
    endloop
  endfacet
  facet normal -0.896339 -0.432103 -0.0993192
    outer loop
      vertex 20.8215 1.55843 0
      vertex 20.708 1.60999 0.799999
      vertex 20.7782 1.64825 0
    endloop
  endfacet
  facet normal -0.896479 -0.431803 -0.0993584
    outer loop
      vertex 20.708 1.60999 0.799999
      vertex 20.8215 1.55843 0
      vertex 20.7478 1.52736 0.799999
    endloop
  endfacet
  facet normal -0.984022 -0.147733 -0.0993813
    outer loop
      vertex 20.8802 1.36815 0
      vertex 20.895 1.26957 0
      vertex 20.3975 1.21978 5
    endloop
  endfacet
  facet normal -0.729468 -0.676764 -0.0993284
    outer loop
      vertex 20.666 1.81279 0
      vertex 20.5424 1.8286 0.799999
      vertex 20.5982 1.88587 0
    endloop
  endfacet
  facet normal -0.729788 -0.676412 -0.0993847
    outer loop
      vertex 20.5424 1.8286 0.799999
      vertex 20.666 1.81279 0
      vertex 20.5993 1.76721 0.799999
    endloop
  endfacet
  facet normal -0.579771 -0.808694 -0.0993931
    outer loop
      vertex 20.5235 1.95183 0
      vertex 20.4736 1.88928 0.799999
      vertex 20.4671 1.89394 0.799999
    endloop
  endfacet
  facet normal -0.0248092 -0.99474 -0.0993785
    outer loop
      vertex 19.8751 2.16969 0
      vertex 19.9688 2.08743 0.799999
      vertex 19.885 2.08952 0.799999
    endloop
  endfacet
  facet normal -0.0248685 -0.99474 -0.0993715
    outer loop
      vertex 19.9688 2.08743 0.799999
      vertex 19.8751 2.16969 0
      vertex 19.9747 2.1672 0
    endloop
  endfacet
  facet normal -0.409372 -0.906942 -0.0993501
    outer loop
      vertex 20.2653 2.10087 0
      vertex 20.3197 1.98868 0.799999
      vertex 20.2434 2.02312 0.799999
    endloop
  endfacet
  facet normal -0.409121 -0.907052 -0.0993826
    outer loop
      vertex 20.3197 1.98868 0.799999
      vertex 20.2653 2.10087 0
      vertex 20.3562 2.05987 0
    endloop
  endfacet
  facet normal 0.917357 0.385461 -0.0993784
    outer loop
      vertex 19.4302 0.998989 5
      vertex 19.4495 0.953057 5
      vertex 18.999 0.736115 0
    endloop
  endfacet
  facet normal 0.975232 0.197601 -0.099376
    outer loop
      vertex 19.4056 1.09548 5
      vertex 19.4155 1.04662 5
      vertex 18.9112 1.02096 0
    endloop
  endfacet
  facet normal 0.540064 0.835737 -0.0993746
    outer loop
      vertex 19.6081 0.76403 5
      vertex 19.4 0.303974 0
      vertex 19.3163 0.358062 0
    endloop
  endfacet
  facet normal -0.0247589 0.994741 -0.0993807
    outer loop
      vertex 19.9747 0.172795 0
      vertex 19.8875 0.670155 5
      vertex 19.9374 0.671397 5
    endloop
  endfacet
  facet normal -0.0248186 0.99474 -0.0993816
    outer loop
      vertex 19.8875 0.670155 5
      vertex 19.9747 0.172795 0
      vertex 19.8751 0.17031 0
    endloop
  endfacet
  facet normal 0.269424 0.95788 -0.0993836
    outer loop
      vertex 19.7408 0.696035 5
      vertex 19.6775 0.195071 0
      vertex 19.5815 0.222073 0
    endloop
  endfacet
  facet normal -0.221407 0.970104 -0.0993801
    outer loop
      vertex 20.1708 0.207376 0
      vertex 20.0736 0.185192 0
      vertex 20.0354 0.688687 5
    endloop
  endfacet
  facet normal -0.123893 0.987306 -0.0993815
    outer loop
      vertex 19.9868 0.677596 5
      vertex 20.0736 0.185192 0
      vertex 19.9374 0.671397 5
    endloop
  endfacet
  facet normal -0.409512 0.906875 -0.0993821
    outer loop
      vertex 20.1281 0.725063 5
      vertex 20.3562 0.280128 0
      vertex 20.0827 0.704562 5
    endloop
  endfacet
  facet normal -0.793161 0.600849 -0.0993779
    outer loop
      vertex 20.7262 0.60668 0
      vertex 20.666 0.527212 0
      vertex 20.3131 0.888339 5
    endloop
  endfacet
  facet normal -0.848996 0.51897 -0.0993788
    outer loop
      vertex 20.3391 0.930873 5
      vertex 20.7782 0.691746 0
      vertex 20.3131 0.888339 5
    endloop
  endfacet
  facet normal -0.84899 0.518979 -0.0993786
    outer loop
      vertex 20.7782 0.691746 0
      vertex 20.7262 0.60668 0
      vertex 20.3131 0.888339 5
    endloop
  endfacet
  facet normal -0.964279 0.245539 -0.0993841
    outer loop
      vertex 20.8802 0.971853 0
      vertex 20.8556 0.875244 0
      vertex 20.3901 1.07093 5
    endloop
  endfacet
  facet normal 0.950796 -0.293443 -0.0993921
    outer loop
      vertex 19.4302 1.34101 5
      vertex 19.4155 1.29338 5
      vertex 18.9603 1.51202 0
    endloop
  endfacet
  facet normal 0.975232 -0.197601 -0.099376
    outer loop
      vertex 19.4155 1.29338 5
      vertex 19.4056 1.24452 5
      vertex 18.9112 1.31904 0
    endloop
  endfacet
  facet normal 0.760431 -0.641771 -0.0993692
    outer loop
      vertex 19.4545 1.525 4.29815
      vertex 19.5014 1.4719 5
      vertex 19.4313 1.525 4.12061
    endloop
  endfacet
  facet normal 0.76265 -0.63912 -0.0994471
    outer loop
      vertex 19.2205 1.78965 0.799999
      vertex 19.1029 1.7738 0
      vertex 19.1669 1.85017 0
    endloop
  endfacet
  facet normal 0.761838 -0.64011 -0.0993081
    outer loop
      vertex 19.1029 1.7738 0
      vertex 19.2205 1.78965 0.799999
      vertex 19.1666 1.7255 0.799999
    endloop
  endfacet
  facet normal 0.454 -0.885441 -0.0993904
    outer loop
      vertex 19.4887 2.08151 0
      vertex 19.44 1.96674 0.799999
      vertex 19.4 2.03603 0
    endloop
  endfacet
  facet normal 0.454091 -0.885396 -0.0993784
    outer loop
      vertex 19.44 1.96674 0.799999
      vertex 19.4887 2.08151 0
      vertex 19.5216 2.00859 0.799999
    endloop
  endfacet
  facet normal 0.363521 -0.92627 -0.0993794
    outer loop
      vertex 19.5815 2.11793 0
      vertex 19.5216 2.00859 0.799999
      vertex 19.4887 2.08151 0
    endloop
  endfacet
  facet normal 0.363372 -0.926327 -0.0993984
    outer loop
      vertex 19.5216 2.00859 0.799999
      vertex 19.5815 2.11793 0
      vertex 19.607 2.04209 0.799999
    endloop
  endfacet
  facet normal 0.269405 -0.957884 -0.0993948
    outer loop
      vertex 19.6775 2.14493 0
      vertex 19.607 2.04209 0.799999
      vertex 19.5815 2.11793 0
    endloop
  endfacet
  facet normal 0.269462 -0.957869 -0.0993878
    outer loop
      vertex 19.607 2.04209 0.799999
      vertex 19.6775 2.14493 0
      vertex 19.6953 2.06693 0.799999
    endloop
  endfacet
  facet normal 0.172737 -0.979943 -0.0993695
    outer loop
      vertex 19.7757 2.16224 0
      vertex 19.7031 2.06832 0.799999
      vertex 19.6775 2.14493 0
    endloop
  endfacet
  facet normal 0.172708 -0.979947 -0.0993727
    outer loop
      vertex 19.7031 2.06832 0.799999
      vertex 19.7757 2.16224 0
      vertex 19.7856 2.08286 0.799999
    endloop
  endfacet
  facet normal 0.0743902 -0.992265 -0.0993782
    outer loop
      vertex 19.7757 2.16224 0
      vertex 19.8691 2.08912 0.799999
      vertex 19.7856 2.08286 0.799999
    endloop
  endfacet
  facet normal 0.0743701 -0.992267 -0.099376
    outer loop
      vertex 19.8691 2.08912 0.799999
      vertex 19.7757 2.16224 0
      vertex 19.8751 2.16969 0
    endloop
  endfacet
  facet normal -0.964285 -0.245513 -0.0993838
    outer loop
      vertex 20.8556 1.46476 0
      vertex 20.3901 1.26907 5
      vertex 20.3778 1.31738 5
    endloop
  endfacet
  facet normal -0.934709 -0.341237 -0.0993791
    outer loop
      vertex 20.8556 1.46476 0
      vertex 20.3778 1.31738 5
      vertex 20.3607 1.36422 5
    endloop
  endfacet
  facet normal -0.942392 -0.319455 -0.0992248
    outer loop
      vertex 20.8215 1.55843 0
      vertex 20.7486 1.525 0.799999
      vertex 20.7478 1.52736 0.799999
    endloop
  endfacet
  facet normal -0.935014 -0.340386 -0.0994272
    outer loop
      vertex 20.8556 1.46476 0
      vertex 20.7486 1.525 0.799999
      vertex 20.8215 1.55843 0
    endloop
  endfacet
  facet normal -0.931088 -0.351364 -0.0980754
    outer loop
      vertex 20.8556 1.46476 0
      vertex 20.7422 1.525 0.860758
      vertex 20.7486 1.525 0.799999
    endloop
  endfacet
  facet normal -0.935128 -0.340081 -0.0993974
    outer loop
      vertex 20.7422 1.525 0.860758
      vertex 20.8556 1.46476 0
      vertex 20.3607 1.36422 5
    endloop
  endfacet
  facet normal -0.849 -0.518961 -0.0993858
    outer loop
      vertex 20.7782 1.64825 0
      vertex 20.6601 1.68825 0.799999
      vertex 20.7262 1.73332 0
    endloop
  endfacet
  facet normal -0.848704 -0.51946 -0.099317
    outer loop
      vertex 20.6601 1.68825 0.799999
      vertex 20.7782 1.64825 0
      vertex 20.708 1.60999 0.799999
    endloop
  endfacet
  facet normal -0.849127 -0.518754 -0.0993884
    outer loop
      vertex 20.3391 1.40913 5
      vertex 20.4207 1.525 3.69807
      vertex 20.5519 1.525 2.57716
    endloop
  endfacet
  facet normal -0.848972 -0.519005 -0.099401
    outer loop
      vertex 20.4207 1.525 3.69807
      vertex 20.3391 1.40913 5
      vertex 20.3131 1.45166 5
    endloop
  endfacet
  facet normal -0.724966 -0.681592 -0.0992779
    outer loop
      vertex 20.666 1.81279 0
      vertex 20.6048 1.76136 0.799999
      vertex 20.5993 1.76721 0.799999
    endloop
  endfacet
  facet normal -0.729261 -0.676969 -0.0994535
    outer loop
      vertex 20.3231 1.525 4.47718
      vertex 20.283 1.49139 5
      vertex 20.2518 1.525 5
    endloop
  endfacet
  facet normal -0.123729 -0.987329 -0.0993617
    outer loop
      vertex 19.9747 2.1672 0
      vertex 19.9767 2.08644 0.799999
      vertex 19.9688 2.08743 0.799999
    endloop
  endfacet
  facet normal -0.316836 -0.943262 -0.0993555
    outer loop
      vertex 20.1708 2.13262 0
      vertex 20.2286 2.02894 0.799999
      vertex 20.1492 2.05561 0.799999
    endloop
  endfacet
  facet normal -0.316908 -0.943239 -0.0993472
    outer loop
      vertex 20.2286 2.02894 0.799999
      vertex 20.1708 2.13262 0
      vertex 20.2653 2.10087 0
    endloop
  endfacet
  facet normal -0.222919 -0.969761 -0.0993548
    outer loop
      vertex 20.0736 2.15481 0
      vertex 20.0675 2.07425 0.799999
      vertex 20.0598 2.07602 0.799999
    endloop
  endfacet
  facet normal -0.656653 -0.747612 -0.0994128
    outer loop
      vertex 20.5235 1.95183 0
      vertex 20.4796 1.88401 0.799999
      vertex 20.4736 1.88928 0.799999
    endloop
  endfacet
  facet normal -0.658335 -0.746136 -0.0993799
    outer loop
      vertex 20.5235 1.95183 0
      vertex 20.5424 1.8286 0.799999
      vertex 20.4796 1.88401 0.799999
    endloop
  endfacet
  facet normal -0.65862 -0.74589 -0.0993353
    outer loop
      vertex 20.5424 1.8286 0.799999
      vertex 20.5235 1.95183 0
      vertex 20.5982 1.88587 0
    endloop
  endfacet
  facet normal 0.0743701 0.992266 -0.0993803
    outer loop
      vertex 19.8751 0.17031 0
      vertex 19.8378 0.67388 5
      vertex 19.8875 0.670155 5
    endloop
  endfacet
  facet normal 0.0743701 0.992266 -0.0993803
    outer loop
      vertex 19.8378 0.67388 5
      vertex 19.8751 0.17031 0
      vertex 19.7757 0.17776 0
    endloop
  endfacet
  facet normal 0.990032 0.0998016 -0.099382
    outer loop
      vertex 19.4006 1.14508 5
      vertex 19.4056 1.09548 5
      vertex 18.9012 1.12015 0
    endloop
  endfacet
  facet normal 0.950799 0.293432 -0.099392
    outer loop
      vertex 19.4155 1.04662 5
      vertex 18.9603 0.827979 0
      vertex 18.9309 0.923243 0
    endloop
  endfacet
  facet normal 0.694613 0.712485 -0.0993903
    outer loop
      vertex 19.5692 0.795109 5
      vertex 19.2383 0.420218 0
      vertex 19.1669 0.489827 0
    endloop
  endfacet
  facet normal 0.822885 0.559446 -0.0993966
    outer loop
      vertex 19.5014 0.868097 5
      vertex 19.0467 0.648564 0
      vertex 19.4734 0.909282 5
    endloop
  endfacet
  facet normal 0.821955 0.560816 -0.0993721
    outer loop
      vertex 19.0467 0.648564 0
      vertex 19.5014 0.868097 5
      vertex 19.1029 0.566195 0
    endloop
  endfacet
  facet normal 0.873359 0.476831 -0.0993786
    outer loop
      vertex 19.4734 0.909282 5
      vertex 18.999 0.736115 0
      vertex 19.4495 0.953057 5
    endloop
  endfacet
  facet normal 0.87378 0.476057 -0.0993917
    outer loop
      vertex 18.999 0.736115 0
      vertex 19.4734 0.909282 5
      vertex 19.0467 0.648564 0
    endloop
  endfacet
  facet normal -0.58059 0.808107 -0.099386
    outer loop
      vertex 20.5235 0.388168 0
      vertex 20.4425 0.329973 0
      vertex 20.2117 0.779084 5
    endloop
  endfacet
  facet normal -0.658144 0.746303 -0.0993902
    outer loop
      vertex 20.2491 0.812066 5
      vertex 20.5235 0.388168 0
      vertex 20.2117 0.779084 5
    endloop
  endfacet
  facet normal -0.497263 0.86189 -0.0993727
    outer loop
      vertex 20.1713 0.749987 5
      vertex 20.4425 0.329973 0
      vertex 20.1281 0.725063 5
    endloop
  endfacet
  facet normal -0.497672 0.861653 -0.0993797
    outer loop
      vertex 20.4425 0.329973 0
      vertex 20.3562 0.280128 0
      vertex 20.1281 0.725063 5
    endloop
  endfacet
  facet normal -0.316606 0.943337 -0.0993813
    outer loop
      vertex 20.0827 0.704562 5
      vertex 20.1708 0.207376 0
      vertex 20.0354 0.688687 5
    endloop
  endfacet
  facet normal -0.316907 0.943236 -0.0993766
    outer loop
      vertex 20.2653 0.239126 0
      vertex 20.1708 0.207376 0
      vertex 20.0827 0.704562 5
    endloop
  endfacet
  facet normal -0.793154 0.600859 -0.0993781
    outer loop
      vertex 20.3131 0.888339 5
      vertex 20.666 0.527212 0
      vertex 20.283 0.848606 5
    endloop
  endfacet
  facet normal -0.984022 0.147733 -0.0993812
    outer loop
      vertex 20.3975 1.12022 5
      vertex 20.8802 0.971853 0
      vertex 20.3901 1.07093 5
    endloop
  endfacet
  facet normal 0.822855 -0.559494 -0.0993772
    outer loop
      vertex 19.4734 1.43072 5
      vertex 19.4313 1.525 4.12061
      vertex 19.5014 1.4719 5
    endloop
  endfacet
  facet normal 0.82272 -0.559691 -0.0993918
    outer loop
      vertex 19.4313 1.525 4.12061
      vertex 19.4734 1.43072 5
      vertex 19.3191 1.525 3.19187
    endloop
  endfacet
  facet normal 0.821964 -0.560815 -0.0993082
    outer loop
      vertex 19.1666 1.7255 0.799999
      vertex 19.0467 1.69143 0
      vertex 19.1029 1.7738 0
    endloop
  endfacet
  facet normal 0.822478 -0.560041 -0.0994183
    outer loop
      vertex 19.0467 1.69143 0
      vertex 19.1666 1.7255 0.799999
      vertex 19.115 1.64972 0.799999
    endloop
  endfacet
  facet normal 0.975425 -0.196642 -0.0993905
    outer loop
      vertex 18.9309 1.41676 0
      vertex 19.4155 1.29338 5
      vertex 18.9112 1.31904 0
    endloop
  endfacet
  facet normal 0.950796 -0.293443 -0.0993921
    outer loop
      vertex 18.9603 1.51202 0
      vertex 19.4155 1.29338 5
      vertex 18.9309 1.41676 0
    endloop
  endfacet
  facet normal 0.990031 -0.0998115 -0.0993818
    outer loop
      vertex 18.9112 1.31904 0
      vertex 19.4056 1.24452 5
      vertex 18.9012 1.21985 0
    endloop
  endfacet
  facet normal 0 0 -1
    outer loop
      vertex 20.3975 1.12022 5
      vertex 20.3975 1.21978 5
      vertex 20.4 1.17 5
    endloop
  endfacet
  facet normal 0 0 -1
    outer loop
      vertex 20.3901 1.07093 5
      vertex 20.3975 1.21978 5
      vertex 20.3975 1.12022 5
    endloop
  endfacet
  facet normal 0 0 -1
    outer loop
      vertex 20.3901 1.07093 5
      vertex 20.3901 1.26907 5
      vertex 20.3975 1.21978 5
    endloop
  endfacet
  facet normal 0 0 -1
    outer loop
      vertex 20.3778 1.02262 5
      vertex 20.3901 1.26907 5
      vertex 20.3901 1.07093 5
    endloop
  endfacet
  facet normal 0 0 -1
    outer loop
      vertex 20.3778 1.02262 5
      vertex 20.3778 1.31738 5
      vertex 20.3901 1.26907 5
    endloop
  endfacet
  facet normal 0 0 -1
    outer loop
      vertex 20.3607 0.975782 5
      vertex 20.3778 1.31738 5
      vertex 20.3778 1.02262 5
    endloop
  endfacet
  facet normal 0 0 -1
    outer loop
      vertex 20.3607 0.975782 5
      vertex 20.3607 1.36422 5
      vertex 20.3778 1.31738 5
    endloop
  endfacet
  facet normal 0 0 -1
    outer loop
      vertex 20.3391 0.930873 5
      vertex 20.3607 1.36422 5
      vertex 20.3607 0.975782 5
    endloop
  endfacet
  facet normal 0 0 -1
    outer loop
      vertex 20.3391 0.930873 5
      vertex 20.3391 1.40913 5
      vertex 20.3607 1.36422 5
    endloop
  endfacet
  facet normal 0 0 -1
    outer loop
      vertex 20.3131 0.888339 5
      vertex 20.3391 1.40913 5
      vertex 20.3391 0.930873 5
    endloop
  endfacet
  facet normal 0 0 -1
    outer loop
      vertex 20.3131 0.888339 5
      vertex 20.3131 1.45166 5
      vertex 20.3391 1.40913 5
    endloop
  endfacet
  facet normal 0 0 -1
    outer loop
      vertex 20.283 0.848606 5
      vertex 20.3131 1.45166 5
      vertex 20.3131 0.888339 5
    endloop
  endfacet
  facet normal 0 0 -1
    outer loop
      vertex 20.283 0.848606 5
      vertex 20.283 1.49139 5
      vertex 20.3131 1.45166 5
    endloop
  endfacet
  facet normal 0 0 -1
    outer loop
      vertex 20.283 0.848606 5
      vertex 20.2518 1.525 5
      vertex 20.283 1.49139 5
    endloop
  endfacet
  facet normal 0 0 -1
    outer loop
      vertex 20.2491 0.812066 5
      vertex 20.2518 1.525 5
      vertex 20.283 0.848606 5
    endloop
  endfacet
  facet normal 0 0 -1
    outer loop
      vertex 20.2117 0.779084 5
      vertex 20.2518 1.525 5
      vertex 20.2491 0.812066 5
    endloop
  endfacet
  facet normal 0 0 -1
    outer loop
      vertex 20.1713 0.749987 5
      vertex 20.2518 1.525 5
      vertex 20.2117 0.779084 5
    endloop
  endfacet
  facet normal 0 0 -1
    outer loop
      vertex 20.1281 0.725063 5
      vertex 20.2518 1.525 5
      vertex 20.1713 0.749987 5
    endloop
  endfacet
  facet normal 0 0 -1
    outer loop
      vertex 20.0827 0.704562 5
      vertex 20.2518 1.525 5
      vertex 20.1281 0.725063 5
    endloop
  endfacet
  facet normal 0 0 -1
    outer loop
      vertex 20.0354 0.688687 5
      vertex 20.2518 1.525 5
      vertex 20.0827 0.704562 5
    endloop
  endfacet
  facet normal 0 0 -1
    outer loop
      vertex 19.9868 0.677596 5
      vertex 20.2518 1.525 5
      vertex 20.0354 0.688687 5
    endloop
  endfacet
  facet normal 0 0 -1
    outer loop
      vertex 19.9374 0.671397 5
      vertex 20.2518 1.525 5
      vertex 19.9868 0.677596 5
    endloop
  endfacet
  facet normal 0 0 -1
    outer loop
      vertex 19.8875 0.670155 5
      vertex 20.2518 1.525 5
      vertex 19.9374 0.671397 5
    endloop
  endfacet
  facet normal 0 0 -1
    outer loop
      vertex 19.8378 0.67388 5
      vertex 20.2518 1.525 5
      vertex 19.8875 0.670155 5
    endloop
  endfacet
  facet normal 0 0 -1
    outer loop
      vertex 19.7887 0.682535 5
      vertex 20.2518 1.525 5
      vertex 19.8378 0.67388 5
    endloop
  endfacet
  facet normal 0 0 -1
    outer loop
      vertex 19.7408 0.696035 5
      vertex 20.2518 1.525 5
      vertex 19.7887 0.682535 5
    endloop
  endfacet
  facet normal 0 0 -1
    outer loop
      vertex 19.6944 0.714247 5
      vertex 20.2518 1.525 5
      vertex 19.7408 0.696035 5
    endloop
  endfacet
  facet normal 0 0 -1
    outer loop
      vertex 19.65 0.736987 5
      vertex 20.2518 1.525 5
      vertex 19.6944 0.714247 5
    endloop
  endfacet
  facet normal 0 0 -1
    outer loop
      vertex 19.6081 0.76403 5
      vertex 20.2518 1.525 5
      vertex 19.65 0.736987 5
    endloop
  endfacet
  facet normal 0 0 -1
    outer loop
      vertex 19.5692 0.795109 5
      vertex 20.2518 1.525 5
      vertex 19.6081 0.76403 5
    endloop
  endfacet
  facet normal 0 0 -1
    outer loop
      vertex 19.5692 0.795109 5
      vertex 19.5488 1.525 5
      vertex 20.2518 1.525 5
    endloop
  endfacet
  facet normal 0 0 -1
    outer loop
      vertex 19.5335 0.829913 5
      vertex 19.5488 1.525 5
      vertex 19.5692 0.795109 5
    endloop
  endfacet
  facet normal 0 0 -1
    outer loop
      vertex 19.5014 0.868097 5
      vertex 19.5488 1.525 5
      vertex 19.5335 0.829913 5
    endloop
  endfacet
  facet normal 0 0 -1
    outer loop
      vertex 19.5014 1.4719 5
      vertex 19.5488 1.525 5
      vertex 19.5014 0.868097 5
    endloop
  endfacet
  facet normal 0 0 -1
    outer loop
      vertex 19.5488 1.525 5
      vertex 19.5014 1.4719 5
      vertex 19.5335 1.51009 5
    endloop
  endfacet
  facet normal 0 0 -1
    outer loop
      vertex 19.4734 0.909282 5
      vertex 19.5014 1.4719 5
      vertex 19.5014 0.868097 5
    endloop
  endfacet
  facet normal 0 0 -1
    outer loop
      vertex 19.4734 0.909282 5
      vertex 19.4734 1.43072 5
      vertex 19.5014 1.4719 5
    endloop
  endfacet
  facet normal 0 0 -1
    outer loop
      vertex 19.4495 0.953057 5
      vertex 19.4734 1.43072 5
      vertex 19.4734 0.909282 5
    endloop
  endfacet
  facet normal 0 0 -1
    outer loop
      vertex 19.4495 0.953057 5
      vertex 19.4495 1.38694 5
      vertex 19.4734 1.43072 5
    endloop
  endfacet
  facet normal 0 0 -1
    outer loop
      vertex 19.4302 0.998989 5
      vertex 19.4495 1.38694 5
      vertex 19.4495 0.953057 5
    endloop
  endfacet
  facet normal 0 0 -1
    outer loop
      vertex 19.4302 0.998989 5
      vertex 19.4302 1.34101 5
      vertex 19.4495 1.38694 5
    endloop
  endfacet
  facet normal 0 0 -1
    outer loop
      vertex 19.4155 1.04662 5
      vertex 19.4302 1.34101 5
      vertex 19.4302 0.998989 5
    endloop
  endfacet
  facet normal 0 0 -1
    outer loop
      vertex 19.4155 1.04662 5
      vertex 19.4155 1.29338 5
      vertex 19.4302 1.34101 5
    endloop
  endfacet
  facet normal 0 0 -1
    outer loop
      vertex 19.4056 1.09548 5
      vertex 19.4155 1.29338 5
      vertex 19.4155 1.04662 5
    endloop
  endfacet
  facet normal 0 0 -1
    outer loop
      vertex 19.4056 1.09548 5
      vertex 19.4056 1.24452 5
      vertex 19.4155 1.29338 5
    endloop
  endfacet
  facet normal 0 0 -1
    outer loop
      vertex 19.4006 1.14508 5
      vertex 19.4056 1.24452 5
      vertex 19.4056 1.09548 5
    endloop
  endfacet
  facet normal 0 0 -1
    outer loop
      vertex 19.4056 1.24452 5
      vertex 19.4006 1.14508 5
      vertex 19.4006 1.19492 5
    endloop
  endfacet
  facet normal 0.620143 -0.778172 -0.0993506
    outer loop
      vertex 19.3163 1.98194 0
      vertex 19.2912 1.8598 0.799999
      vertex 19.2383 1.91978 0
    endloop
  endfacet
  facet normal 0.619882 -0.778375 -0.0993898
    outer loop
      vertex 19.2912 1.8598 0.799999
      vertex 19.3163 1.98194 0
      vertex 19.363 1.91698 0.799999
    endloop
  endfacet
  facet normal 0.694616 -0.712478 -0.0994135
    outer loop
      vertex 19.2383 1.91978 0
      vertex 19.2313 1.80133 0.799999
      vertex 19.1669 1.85017 0
    endloop
  endfacet
  facet normal 0.695058 -0.712057 -0.0993473
    outer loop
      vertex 19.2313 1.80133 0.799999
      vertex 19.2383 1.91978 0
      vertex 19.2912 1.8598 0.799999
    endloop
  endfacet
  facet normal -0.79349 -0.600411 -0.0994014
    outer loop
      vertex 20.3131 1.45166 5
      vertex 20.3231 1.525 4.47718
      vertex 20.4207 1.525 3.69807
    endloop
  endfacet
  facet normal -0.793125 -0.600883 -0.0994606
    outer loop
      vertex 20.3231 1.525 4.47718
      vertex 20.3131 1.45166 5
      vertex 20.283 1.49139 5
    endloop
  endfacet
  facet normal -0.793174 -0.600844 -0.0993047
    outer loop
      vertex 20.7262 1.73332 0
      vertex 20.6048 1.76136 0.799999
      vertex 20.666 1.81279 0
    endloop
  endfacet
  facet normal -0.793596 -0.600272 -0.0993889
    outer loop
      vertex 20.6048 1.76136 0.799999
      vertex 20.7262 1.73332 0
      vertex 20.6601 1.68825 0.799999
    endloop
  endfacet
  facet normal -0.0239246 -0.994761 -0.0993915
    outer loop
      vertex 19.885 2.08952 0.799999
      vertex 19.8771 2.08971 0.799999
      vertex 19.8751 2.16969 0
    endloop
  endfacet
  facet normal -0.498112 -0.861397 -0.0993909
    outer loop
      vertex 20.4425 2.01003 0
      vertex 20.3991 1.94282 0.799999
      vertex 20.3922 1.94681 0.799999
    endloop
  endfacet
  facet normal -0.497633 -0.861676 -0.099383
    outer loop
      vertex 20.3562 2.05987 0
      vertex 20.3922 1.94681 0.799999
      vertex 20.3197 1.98868 0.799999
    endloop
  endfacet
  facet normal -0.497635 -0.861675 -0.0993827
    outer loop
      vertex 20.3922 1.94681 0.799999
      vertex 20.3562 2.05987 0
      vertex 20.4425 2.01003 0
    endloop
  endfacet
  facet normal -0.123801 -0.98732 -0.0993606
    outer loop
      vertex 19.9747 2.1672 0
      vertex 20.0598 2.07602 0.799999
      vertex 19.9767 2.08644 0.799999
    endloop
  endfacet
  facet normal -0.123691 -0.987332 -0.0993737
    outer loop
      vertex 20.0598 2.07602 0.799999
      vertex 19.9747 2.1672 0
      vertex 20.0736 2.15481 0
    endloop
  endfacet
  facet normal 0.363555 0.926256 -0.0993856
    outer loop
      vertex 19.6944 0.714247 5
      vertex 19.7408 0.696035 5
      vertex 19.4887 0.258493 0
    endloop
  endfacet
  facet normal 0.363521 0.92627 -0.0993851
    outer loop
      vertex 19.7408 0.696035 5
      vertex 19.5815 0.222073 0
      vertex 19.4887 0.258493 0
    endloop
  endfacet
  facet normal 0.269926 0.957739 -0.0993758
    outer loop
      vertex 19.7408 0.696035 5
      vertex 19.7887 0.682535 5
      vertex 19.6775 0.195071 0
    endloop
  endfacet
  facet normal 0.172737 0.979942 -0.0993791
    outer loop
      vertex 19.7757 0.17776 0
      vertex 19.7887 0.682535 5
      vertex 19.8378 0.67388 5
    endloop
  endfacet
  facet normal 0.172747 0.97994 -0.099379
    outer loop
      vertex 19.7887 0.682535 5
      vertex 19.7757 0.17776 0
      vertex 19.6775 0.195071 0
    endloop
  endfacet
  facet normal 0.453596 0.885648 -0.0993885
    outer loop
      vertex 19.4887 0.258493 0
      vertex 19.65 0.736987 5
      vertex 19.6944 0.714247 5
    endloop
  endfacet
  facet normal 0.454009 0.885437 -0.0993816
    outer loop
      vertex 19.65 0.736987 5
      vertex 19.4887 0.258493 0
      vertex 19.4 0.303974 0
    endloop
  endfacet
  facet normal 0.950797 0.293437 -0.0993921
    outer loop
      vertex 19.4155 1.04662 5
      vertex 19.4302 0.998989 5
      vertex 18.9603 0.827979 0
    endloop
  endfacet
  facet normal 0.916999 0.386309 -0.0993921
    outer loop
      vertex 19.4302 0.998989 5
      vertex 18.999 0.736115 0
      vertex 18.9603 0.827979 0
    endloop
  endfacet
  facet normal 0.694608 0.71249 -0.0993902
    outer loop
      vertex 19.5335 0.829913 5
      vertex 19.5692 0.795109 5
      vertex 19.1669 0.489827 0
    endloop
  endfacet
  facet normal 0.761663 0.640304 -0.0993968
    outer loop
      vertex 19.5014 0.868097 5
      vertex 19.5335 0.829913 5
      vertex 19.1669 0.489827 0
    endloop
  endfacet
  facet normal 0.762648 0.639135 -0.0993742
    outer loop
      vertex 19.5014 0.868097 5
      vertex 19.1669 0.489827 0
      vertex 19.1029 0.566195 0
    endloop
  endfacet
  facet normal -0.658645 0.745862 -0.0993803
    outer loop
      vertex 20.5982 0.454133 0
      vertex 20.5235 0.388168 0
      vertex 20.2491 0.812066 5
    endloop
  endfacet
  facet normal -0.72946 0.676766 -0.0993783
    outer loop
      vertex 20.666 0.527212 0
      vertex 20.5982 0.454133 0
      vertex 20.2491 0.812066 5
    endloop
  endfacet
  facet normal -0.581531 0.807432 -0.0993688
    outer loop
      vertex 20.2117 0.779084 5
      vertex 20.4425 0.329973 0
      vertex 20.1713 0.749987 5
    endloop
  endfacet
  facet normal -0.896718 0.431297 -0.0993946
    outer loop
      vertex 20.8215 0.781565 0
      vertex 20.3391 0.930873 5
      vertex 20.3607 0.975782 5
    endloop
  endfacet
  facet normal -0.896331 0.432104 -0.0993813
    outer loop
      vertex 20.3391 0.930873 5
      vertex 20.8215 0.781565 0
      vertex 20.7782 0.691746 0
    endloop
  endfacet
  facet normal -0.935028 0.340359 -0.0993929
    outer loop
      vertex 20.8556 0.875244 0
      vertex 20.8215 0.781565 0
      vertex 20.3607 0.975782 5
    endloop
  endfacet
  facet normal -0.993797 0.0499045 -0.0993798
    outer loop
      vertex 20.9 1.17 0
      vertex 20.895 1.07043 0
      vertex 20.3975 1.12022 5
    endloop
  endfacet
  facet normal -0.993797 0.0499095 -0.0993797
    outer loop
      vertex 20.4 1.17 5
      vertex 20.9 1.17 0
      vertex 20.3975 1.12022 5
    endloop
  endfacet
  facet normal 0.873775 -0.47606 -0.0994192
    outer loop
      vertex 19.115 1.64972 0.799999
      vertex 18.999 1.60388 0
      vertex 19.0467 1.69143 0
    endloop
  endfacet
  facet normal 0.873613 -0.476365 -0.0993783
    outer loop
      vertex 18.999 1.60388 0
      vertex 19.115 1.64972 0.799999
      vertex 19.0749 1.57618 0.799999
    endloop
  endfacet
  facet normal 0.873662 -0.476273 -0.0993895
    outer loop
      vertex 19.3191 1.525 3.19187
      vertex 19.4734 1.43072 5
      vertex 19.2151 1.525 2.27768
    endloop
  endfacet
  facet normal 0.761707 -0.640241 -0.0994686
    outer loop
      vertex 19.5014 1.4719 5
      vertex 19.5174 1.525 4.78074
      vertex 19.5335 1.51009 5
    endloop
  endfacet
  facet normal 0.762102 -0.639792 -0.0993311
    outer loop
      vertex 19.5174 1.525 4.78074
      vertex 19.5014 1.4719 5
      vertex 19.4545 1.525 4.29815
    endloop
  endfacet
  facet normal 0.763903 -0.637627 -0.0994181
    outer loop
      vertex 19.2256 1.79576 0.799999
      vertex 19.2205 1.78965 0.799999
      vertex 19.1669 1.85017 0
    endloop
  endfacet
  facet normal 0.990032 -0.0998016 -0.099382
    outer loop
      vertex 19.4056 1.24452 5
      vertex 19.4006 1.19492 5
      vertex 18.9012 1.21985 0
    endloop
  endfacet
  facet normal 0.540077 -0.835727 -0.0993881
    outer loop
      vertex 19.4 2.03603 0
      vertex 19.363 1.91698 0.799999
      vertex 19.3163 1.98194 0
    endloop
  endfacet
  facet normal 0.540158 -0.835676 -0.0993768
    outer loop
      vertex 19.363 1.91698 0.799999
      vertex 19.4 2.03603 0
      vertex 19.4333 1.96242 0.799999
    endloop
  endfacet
  facet normal -0.221335 -0.970121 -0.099379
    outer loop
      vertex 20.0736 2.15481 0
      vertex 20.1492 2.05561 0.799999
      vertex 20.0675 2.07425 0.799999
    endloop
  endfacet
  facet normal -0.221465 -0.970093 -0.0993632
    outer loop
      vertex 20.1492 2.05561 0.799999
      vertex 20.0736 2.15481 0
      vertex 20.1708 2.13262 0
    endloop
  endfacet
  facet normal -0.407816 -0.90764 -0.0993754
    outer loop
      vertex 20.2653 2.10087 0
      vertex 20.2434 2.02312 0.799999
      vertex 20.2361 2.0264 0.799999
    endloop
  endfacet
  facet normal -0.319182 -0.942468 -0.0993823
    outer loop
      vertex 20.2653 2.10087 0
      vertex 20.2361 2.0264 0.799999
      vertex 20.2286 2.02894 0.799999
    endloop
  endfacet
  facet normal 0.539594 0.836039 -0.0993829
    outer loop
      vertex 19.6081 0.76403 5
      vertex 19.65 0.736987 5
      vertex 19.4 0.303974 0
    endloop
  endfacet
  facet normal 0.916029 -0.388636 -0.0992668
    outer loop
      vertex 19.1284 1.525 1.5004
      vertex 18.9603 1.51202 0
      vertex 19.0525 1.525 0.799999
    endloop
  endfacet
  facet normal 0.916969 -0.386379 -0.0993917
    outer loop
      vertex 18.9603 1.51202 0
      vertex 19.1284 1.525 1.5004
      vertex 19.4302 1.34101 5
    endloop
  endfacet
  facet normal 0.917096 -0.386067 -0.0994315
    outer loop
      vertex 18.9603 1.51202 0
      vertex 19.068 1.56182 0.799999
      vertex 19.0525 1.525 0.799999
    endloop
  endfacet
  facet normal 0.916992 -0.386323 -0.0994016
    outer loop
      vertex 19.068 1.56182 0.799999
      vertex 18.9603 1.51202 0
      vertex 18.999 1.60388 0
    endloop
  endfacet
  facet normal 0.539215 -0.836282 -0.0993934
    outer loop
      vertex 19.44 1.96674 0.799999
      vertex 19.4333 1.96242 0.799999
      vertex 19.4 2.03603 0
    endloop
  endfacet
  facet normal 0.874784 -0.474205 -0.0994146
    outer loop
      vertex 19.0749 1.57618 0.799999
      vertex 19.0711 1.56917 0.799999
      vertex 18.999 1.60388 0
    endloop
  endfacet
  facet normal 0.873382 -0.476789 -0.0993807
    outer loop
      vertex 19.4495 1.38694 5
      vertex 19.2151 1.525 2.27768
      vertex 19.4734 1.43072 5
    endloop
  endfacet
  facet normal 0.873355 -0.476838 -0.0993809
    outer loop
      vertex 19.2151 1.525 2.27768
      vertex 19.4495 1.38694 5
      vertex 19.1628 1.525 1.81807
    endloop
  endfacet
  facet normal 0.917351 -0.385475 -0.0993809
    outer loop
      vertex 19.4302 1.34101 5
      vertex 19.1628 1.525 1.81807
      vertex 19.4495 1.38694 5
    endloop
  endfacet
  facet normal 0.917614 -0.384852 -0.099367
    outer loop
      vertex 19.1628 1.525 1.81807
      vertex 19.4302 1.34101 5
      vertex 19.1284 1.525 1.5004
    endloop
  endfacet
  facet normal 0.916835 -0.386692 -0.0994075
    outer loop
      vertex 19.0711 1.56917 0.799999
      vertex 19.068 1.56182 0.799999
      vertex 18.999 1.60388 0
    endloop
  endfacet
  facet normal 0.618717 0.775785 -0.123882
    outer loop
      vertex 8.06626 0.838061 0
      vertex 8.31916 1.27511 4
      vertex 8.35813 1.24403 4
    endloop
  endfacet
  facet normal 0.61865 0.775838 -0.123884
    outer loop
      vertex 8.31916 1.27511 4
      vertex 8.06626 0.838061 0
      vertex 7.98831 0.900218 0
    endloop
  endfacet
  facet normal -0.981205 0.147952 -0.123882
    outer loop
      vertex 9.6412 1.525 0
      vertex 9.63017 1.45185 0
      vertex 9.26834 1.525 2.95323
    endloop
  endfacet
  facet normal 0.692891 0.710321 -0.123882
    outer loop
      vertex 8.28347 1.30991 4
      vertex 7.98831 0.900218 0
      vertex 7.91695 0.969827 0
    endloop
  endfacet
  facet normal 0.362515 0.923707 -0.123885
    outer loop
      vertex 8.44436 1.19425 4
      vertex 8.49076 1.17604 4
      vertex 8.33151 0.702072 0
    endloop
  endfacet
  facet normal -0.408064 0.904509 -0.123883
    outer loop
      vertex 8.87811 1.20506 4
      vertex 9.01534 0.719126 0
      vertex 8.83267 1.18456 4
    endloop
  endfacet
  facet normal 0.972638 0.196544 -0.123882
    outer loop
      vertex 7.68092 1.40324 0
      vertex 8.1336 1.525 3.74731
      vertex 8.15909 1.525 3.94744
    endloop
  endfacet
  facet normal 0.972631 0.196577 -0.123882
    outer loop
      vertex 8.1336 1.525 3.74731
      vertex 7.68092 1.40324 0
      vertex 7.66117 1.50096 0
    endloop
  endfacet
  facet normal 0.948218 0.292441 -0.123939
    outer loop
      vertex 8.18015 1.47899 4
      vertex 8.15909 1.525 3.94744
      vertex 8.16596 1.525 4
    endloop
  endfacet
  facet normal 0.948207 0.292502 -0.123882
    outer loop
      vertex 7.71031 1.30798 0
      vertex 8.15909 1.525 3.94744
      vertex 8.18015 1.47899 4
    endloop
  endfacet
  facet normal 0.948195 0.292541 -0.123882
    outer loop
      vertex 8.15909 1.525 3.94744
      vertex 7.71031 1.30798 0
      vertex 7.68092 1.40324 0
    endloop
  endfacet
  facet normal 0.914386 0.385424 -0.123882
    outer loop
      vertex 8.18015 1.47899 4
      vertex 7.74903 1.21612 0
      vertex 7.71031 1.30798 0
    endloop
  endfacet
  facet normal 0.538381 0.833546 -0.123883
    outer loop
      vertex 8.4 1.21699 4
      vertex 8.15 0.783974 0
      vertex 8.06626 0.838061 0
    endloop
  endfacet
  facet normal -0.220757 0.967429 -0.123883
    outer loop
      vertex 8.78542 1.16869 4
      vertex 8.92084 0.687375 0
      vertex 8.73682 1.1576 4
    endloop
  endfacet
  facet normal -0.727446 0.674889 -0.123883
    outer loop
      vertex 9.03302 1.32861 4
      vertex 9.34824 0.934133 0
      vertex 8.99912 1.29207 4
    endloop
  endfacet
  facet normal -0.961612 0.244857 -0.123882
    outer loop
      vertex 9.60557 1.35524 0
      vertex 9.26834 1.525 2.95323
      vertex 9.63017 1.45185 0
    endloop
  endfacet
  facet normal -0.961586 0.24496 -0.123885
    outer loop
      vertex 9.26834 1.525 2.95323
      vertex 9.60557 1.35524 0
      vertex 9.20176 1.525 3.47002
    endloop
  endfacet
  facet normal -0.220807 0.967418 -0.123884
    outer loop
      vertex 8.92084 0.687375 0
      vertex 8.82365 0.665192 0
      vertex 8.73682 1.1576 4
    endloop
  endfacet
  facet normal -0.408118 0.904485 -0.123882
    outer loop
      vertex 9.10621 0.760128 0
      vertex 9.01534 0.719126 0
      vertex 8.87811 1.20506 4
    endloop
  endfacet
  facet normal 0.692745 0.710462 -0.123885
    outer loop
      vertex 8.28347 1.30991 4
      vertex 8.31916 1.27511 4
      vertex 7.98831 0.900218 0
    endloop
  endfacet
  facet normal 0.871551 0.474396 -0.123881
    outer loop
      vertex 8.19952 1.43306 4
      vertex 8.22335 1.38928 4
      vertex 7.79671 1.12856 0
    endloop
  endfacet
  facet normal 0.452704 0.883013 -0.123884
    outer loop
      vertex 8.44436 1.19425 4
      vertex 8.23871 0.738494 0
      vertex 8.15 0.783974 0
    endloop
  endfacet
  facet normal 0.452664 0.883033 -0.123883
    outer loop
      vertex 8.4 1.21699 4
      vertex 8.44436 1.19425 4
      vertex 8.15 0.783974 0
    endloop
  endfacet
  facet normal -0.0246853 0.99199 -0.123883
    outer loop
      vertex 8.72473 0.652796 0
      vertex 8.63753 1.15016 4
      vertex 8.68736 1.1514 4
    endloop
  endfacet
  facet normal -0.024735 0.991988 -0.123884
    outer loop
      vertex 8.63753 1.15016 4
      vertex 8.72473 0.652796 0
      vertex 8.62507 0.650311 0
    endloop
  endfacet
  facet normal -0.727433 0.674904 -0.123884
    outer loop
      vertex 9.41604 1.00721 0
      vertex 9.34824 0.934133 0
      vertex 9.03302 1.32861 4
    endloop
  endfacet
  facet normal -0.894009 0.430582 -0.123883
    outer loop
      vertex 9.57148 1.26156 0
      vertex 9.08911 1.41087 4
      vertex 9.11074 1.45578 4
    endloop
  endfacet
  facet normal -0.893991 0.430621 -0.123883
    outer loop
      vertex 9.08911 1.41087 4
      vertex 9.57148 1.26156 0
      vertex 9.52822 1.17175 0
    endloop
  endfacet
  facet normal -0.846714 0.517425 -0.123882
    outer loop
      vertex 9.52822 1.17175 0
      vertex 9.06312 1.36834 4
      vertex 9.08911 1.41087 4
    endloop
  endfacet
  facet normal -0.846741 0.517381 -0.123883
    outer loop
      vertex 9.06312 1.36834 4
      vertex 9.52822 1.17175 0
      vertex 9.47624 1.08668 0
    endloop
  endfacet
  facet normal -0.932476 0.339326 -0.123883
    outer loop
      vertex 9.60557 1.35524 0
      vertex 9.57148 1.26156 0
      vertex 9.11074 1.45578 4
    endloop
  endfacet
  facet normal -0.123422 0.984591 -0.123883
    outer loop
      vertex 8.73682 1.1576 4
      vertex 8.72473 0.652796 0
      vertex 8.68736 1.1514 4
    endloop
  endfacet
  facet normal -0.123383 0.984596 -0.123884
    outer loop
      vertex 8.73682 1.1576 4
      vertex 8.82365 0.665192 0
      vertex 8.72473 0.652796 0
    endloop
  endfacet
  facet normal -0.316039 0.940623 -0.123882
    outer loop
      vertex 9.01534 0.719126 0
      vertex 8.92084 0.687375 0
      vertex 8.83267 1.18456 4
    endloop
  endfacet
  facet normal 0 0 -1
    outer loop
      vertex 9.11074 1.45578 4
      vertex 9.13348 1.525 4
      vertex 9.12779 1.50262 4
    endloop
  endfacet
  facet normal 0 0 -1
    outer loop
      vertex 9.08911 1.41087 4
      vertex 9.13348 1.525 4
      vertex 9.11074 1.45578 4
    endloop
  endfacet
  facet normal 0 0 -1
    outer loop
      vertex 9.06312 1.36834 4
      vertex 9.13348 1.525 4
      vertex 9.08911 1.41087 4
    endloop
  endfacet
  facet normal 0 0 -1
    outer loop
      vertex 9.03302 1.32861 4
      vertex 9.13348 1.525 4
      vertex 9.06312 1.36834 4
    endloop
  endfacet
  facet normal 0 0 -1
    outer loop
      vertex 8.99912 1.29207 4
      vertex 9.13348 1.525 4
      vertex 9.03302 1.32861 4
    endloop
  endfacet
  facet normal 0 0 -1
    outer loop
      vertex 8.96174 1.25908 4
      vertex 9.13348 1.525 4
      vertex 8.99912 1.29207 4
    endloop
  endfacet
  facet normal 0 0 -1
    outer loop
      vertex 8.92127 1.22999 4
      vertex 9.13348 1.525 4
      vertex 8.96174 1.25908 4
    endloop
  endfacet
  facet normal 0 0 -1
    outer loop
      vertex 8.87811 1.20506 4
      vertex 9.13348 1.525 4
      vertex 8.92127 1.22999 4
    endloop
  endfacet
  facet normal 0 0 -1
    outer loop
      vertex 8.83267 1.18456 4
      vertex 9.13348 1.525 4
      vertex 8.87811 1.20506 4
    endloop
  endfacet
  facet normal 0 0 -1
    outer loop
      vertex 8.78542 1.16869 4
      vertex 9.13348 1.525 4
      vertex 8.83267 1.18456 4
    endloop
  endfacet
  facet normal 0 0 -1
    outer loop
      vertex 8.73682 1.1576 4
      vertex 9.13348 1.525 4
      vertex 8.78542 1.16869 4
    endloop
  endfacet
  facet normal 0 0 -1
    outer loop
      vertex 8.68736 1.1514 4
      vertex 9.13348 1.525 4
      vertex 8.73682 1.1576 4
    endloop
  endfacet
  facet normal 0 0 -1
    outer loop
      vertex 8.63753 1.15016 4
      vertex 9.13348 1.525 4
      vertex 8.68736 1.1514 4
    endloop
  endfacet
  facet normal 0 0 -1
    outer loop
      vertex 8.58783 1.15388 4
      vertex 9.13348 1.525 4
      vertex 8.63753 1.15016 4
    endloop
  endfacet
  facet normal 0 0 -1
    outer loop
      vertex 8.53874 1.16254 4
      vertex 9.13348 1.525 4
      vertex 8.58783 1.15388 4
    endloop
  endfacet
  facet normal 0 0 -1
    outer loop
      vertex 8.49076 1.17604 4
      vertex 9.13348 1.525 4
      vertex 8.53874 1.16254 4
    endloop
  endfacet
  facet normal 0 0 -1
    outer loop
      vertex 8.44436 1.19425 4
      vertex 9.13348 1.525 4
      vertex 8.49076 1.17604 4
    endloop
  endfacet
  facet normal 0 0 -1
    outer loop
      vertex 8.4 1.21699 4
      vertex 9.13348 1.525 4
      vertex 8.44436 1.19425 4
    endloop
  endfacet
  facet normal 0 0 -1
    outer loop
      vertex 8.35813 1.24403 4
      vertex 9.13348 1.525 4
      vertex 8.4 1.21699 4
    endloop
  endfacet
  facet normal 0 0 -1
    outer loop
      vertex 8.31916 1.27511 4
      vertex 9.13348 1.525 4
      vertex 8.35813 1.24403 4
    endloop
  endfacet
  facet normal 0 0 -1
    outer loop
      vertex 8.28347 1.30991 4
      vertex 9.13348 1.525 4
      vertex 8.31916 1.27511 4
    endloop
  endfacet
  facet normal 0 0 -1
    outer loop
      vertex 8.25143 1.3481 4
      vertex 9.13348 1.525 4
      vertex 8.28347 1.30991 4
    endloop
  endfacet
  facet normal 0 0 -1
    outer loop
      vertex 8.22335 1.38928 4
      vertex 9.13348 1.525 4
      vertex 8.25143 1.3481 4
    endloop
  endfacet
  facet normal 0 0 -1
    outer loop
      vertex 8.19952 1.43306 4
      vertex 9.13348 1.525 4
      vertex 8.22335 1.38928 4
    endloop
  endfacet
  facet normal 0 0 -1
    outer loop
      vertex 8.18015 1.47899 4
      vertex 9.13348 1.525 4
      vertex 8.19952 1.43306 4
    endloop
  endfacet
  facet normal -0 0 -1
    outer loop
      vertex 9.13348 1.525 4
      vertex 8.18015 1.47899 4
      vertex 8.16596 1.525 4
    endloop
  endfacet
  facet normal 0.972644 0.196511 -0.123884
    outer loop
      vertex 7.82068 1.525 1.29049
      vertex 8.1336 1.525 3.74731
      vertex 7.66117 1.50096 0
    endloop
  endfacet
  facet normal 0.871467 0.47455 -0.123884
    outer loop
      vertex 8.19952 1.43306 4
      vertex 7.79671 1.12856 0
      vertex 7.74903 1.21612 0
    endloop
  endfacet
  facet normal 0.760166 0.63781 -0.123882
    outer loop
      vertex 8.25143 1.3481 4
      vertex 7.91695 0.969827 0
      vertex 7.85287 1.0462 0
    endloop
  endfacet
  facet normal 0.914314 0.385593 -0.123885
    outer loop
      vertex 8.18015 1.47899 4
      vertex 8.19952 1.43306 4
      vertex 7.74903 1.21612 0
    endloop
  endfacet
  facet normal 0.819838 0.559034 -0.123882
    outer loop
      vertex 8.25143 1.3481 4
      vertex 7.85287 1.0462 0
      vertex 7.79671 1.12856 0
    endloop
  endfacet
  facet normal 0.819838 0.559034 -0.123882
    outer loop
      vertex 8.22335 1.38928 4
      vertex 8.25143 1.3481 4
      vertex 7.79671 1.12856 0
    endloop
  endfacet
  facet normal 0.538332 0.833578 -0.123882
    outer loop
      vertex 8.35813 1.24403 4
      vertex 8.4 1.21699 4
      vertex 8.06626 0.838061 0
    endloop
  endfacet
  facet normal 0.362533 0.923701 -0.123884
    outer loop
      vertex 8.44436 1.19425 4
      vertex 8.33151 0.702072 0
      vertex 8.23871 0.738494 0
    endloop
  endfacet
  facet normal -0.656611 0.743986 -0.123884
    outer loop
      vertex 8.99912 1.29207 4
      vertex 9.34824 0.934133 0
      vertex 8.96174 1.25908 4
    endloop
  endfacet
  facet normal -0.790938 0.599225 -0.123882
    outer loop
      vertex 9.47624 1.08668 0
      vertex 9.03302 1.32861 4
      vertex 9.06312 1.36834 4
    endloop
  endfacet
  facet normal -0.790974 0.599177 -0.123884
    outer loop
      vertex 9.03302 1.32861 4
      vertex 9.47624 1.08668 0
      vertex 9.41604 1.00721 0
    endloop
  endfacet
  facet normal -0.961699 0.244507 -0.123901
    outer loop
      vertex 9.20176 1.525 3.47002
      vertex 9.12779 1.50262 4
      vertex 9.13348 1.525 4
    endloop
  endfacet
  facet normal -0.961636 0.244763 -0.123881
    outer loop
      vertex 9.12779 1.50262 4
      vertex 9.20176 1.525 3.47002
      vertex 9.60557 1.35524 0
    endloop
  endfacet
  facet normal -0.579261 0.805673 -0.123884
    outer loop
      vertex 9.27349 0.868168 0
      vertex 9.19255 0.809974 0
      vertex 8.92127 1.22999 4
    endloop
  endfacet
  facet normal -0.49613 0.859365 -0.123882
    outer loop
      vertex 9.19255 0.809974 0
      vertex 9.10621 0.760128 0
      vertex 8.87811 1.20506 4
    endloop
  endfacet
  facet normal -0.496321 0.859254 -0.123886
    outer loop
      vertex 8.92127 1.22999 4
      vertex 9.19255 0.809974 0
      vertex 8.87811 1.20506 4
    endloop
  endfacet
  facet normal -0.315941 0.940656 -0.123884
    outer loop
      vertex 8.83267 1.18456 4
      vertex 8.92084 0.687375 0
      vertex 8.78542 1.16869 4
    endloop
  endfacet
  facet normal 0.987348 0.0989812 -0.123884
    outer loop
      vertex 7.82068 1.525 1.29049
      vertex 7.66117 1.50096 0
      vertex 7.65876 1.525 0
    endloop
  endfacet
  facet normal 0.760195 0.637775 -0.123881
    outer loop
      vertex 8.25143 1.3481 4
      vertex 8.28347 1.30991 4
      vertex 7.91695 0.969827 0
    endloop
  endfacet
  facet normal 0.268764 0.955206 -0.123884
    outer loop
      vertex 8.42748 0.675072 0
      vertex 8.49076 1.17604 4
      vertex 8.53874 1.16254 4
    endloop
  endfacet
  facet normal 0.268738 0.955213 -0.123884
    outer loop
      vertex 8.49076 1.17604 4
      vertex 8.42748 0.675072 0
      vertex 8.33151 0.702072 0
    endloop
  endfacet
  facet normal 0.17239 0.977208 -0.123882
    outer loop
      vertex 8.52566 0.657761 0
      vertex 8.53874 1.16254 4
      vertex 8.58783 1.15388 4
    endloop
  endfacet
  facet normal 0.172303 0.977223 -0.123884
    outer loop
      vertex 8.53874 1.16254 4
      vertex 8.52566 0.657761 0
      vertex 8.42748 0.675072 0
    endloop
  endfacet
  facet normal 0.0740653 0.989529 -0.123884
    outer loop
      vertex 8.62507 0.650311 0
      vertex 8.58783 1.15388 4
      vertex 8.63753 1.15016 4
    endloop
  endfacet
  facet normal 0.0741569 0.989522 -0.123883
    outer loop
      vertex 8.58783 1.15388 4
      vertex 8.62507 0.650311 0
      vertex 8.52566 0.657761 0
    endloop
  endfacet
  facet normal -0.579169 0.80574 -0.123882
    outer loop
      vertex 8.96174 1.25908 4
      vertex 9.27349 0.868168 0
      vertex 8.92127 1.22999 4
    endloop
  endfacet
  facet normal -0.656576 0.744017 -0.123883
    outer loop
      vertex 9.34824 0.934133 0
      vertex 9.27349 0.868168 0
      vertex 8.96174 1.25908 4
    endloop
  endfacet
  facet normal -0.932444 0.339414 -0.123881
    outer loop
      vertex 9.12779 1.50262 4
      vertex 9.60557 1.35524 0
      vertex 9.11074 1.45578 4
    endloop
  endfacet
  facet normal -0.656548 -0.744041 -0.123883
    outer loop
      vertex 9.27349 6.93183 0
      vertex 9.34824 6.86587 0
      vertex 8.96174 6.54092 4
    endloop
  endfacet
  facet normal 0.692746 -0.710463 -0.12388
    outer loop
      vertex 8.31916 6.52489 4
      vertex 8.28347 6.49009 4
      vertex 7.91695 6.83017 0
    endloop
  endfacet
  facet normal 0.362515 -0.923707 -0.123885
    outer loop
      vertex 8.33151 7.09793 0
      vertex 8.49076 6.62396 4
      vertex 8.23871 7.06151 0
    endloop
  endfacet
  facet normal -0.579169 -0.805739 -0.123886
    outer loop
      vertex 9.19255 6.99003 0
      vertex 8.96174 6.54092 4
      vertex 8.92127 6.57001 4
    endloop
  endfacet
  facet normal 0.452664 -0.883033 -0.123885
    outer loop
      vertex 8.44436 6.60575 4
      vertex 8.4 6.58301 4
      vertex 8.23871 7.06151 0
    endloop
  endfacet
  facet normal -0.727446 -0.674889 -0.123884
    outer loop
      vertex 9.34824 6.86587 0
      vertex 9.41604 6.79279 0
      vertex 9.03302 6.47139 4
    endloop
  endfacet
  facet normal -0.727446 -0.674889 -0.123884
    outer loop
      vertex 9.34824 6.86587 0
      vertex 9.03302 6.47139 4
      vertex 8.99912 6.50793 4
    endloop
  endfacet
  facet normal -0.65661 -0.743986 -0.123885
    outer loop
      vertex 9.34824 6.86587 0
      vertex 8.99912 6.50793 4
      vertex 8.96174 6.54092 4
    endloop
  endfacet
  facet normal -0.932444 -0.339414 -0.123881
    outer loop
      vertex 9.60557 6.44475 0
      vertex 9.12779 6.29738 4
      vertex 9.11074 6.34422 4
    endloop
  endfacet
  facet normal -0.894009 -0.430582 -0.123882
    outer loop
      vertex 9.52822 6.62825 0
      vertex 9.57148 6.53843 0
      vertex 9.11074 6.34422 4
    endloop
  endfacet
  facet normal -0.408102 -0.904492 -0.123881
    outer loop
      vertex 9.01534 7.08087 0
      vertex 9.10621 7.03987 0
      vertex 8.87811 6.59494 4
    endloop
  endfacet
  facet normal -0.123422 -0.984591 -0.123882
    outer loop
      vertex 8.72473 7.1472 0
      vertex 8.73682 6.6424 4
      vertex 8.68736 6.6486 4
    endloop
  endfacet
  facet normal 0.987348 -0.0989812 -0.123884
    outer loop
      vertex 7.66117 6.29904 0
      vertex 7.82068 6.275 1.29049
      vertex 7.65876 6.275 0
    endloop
  endfacet
  facet normal 0.871445 -0.474592 -0.123881
    outer loop
      vertex 8.22335 6.41072 4
      vertex 7.74903 6.58388 0
      vertex 7.79671 6.67143 0
    endloop
  endfacet
  facet normal 0.871551 -0.474396 -0.123885
    outer loop
      vertex 7.74903 6.58388 0
      vertex 8.22335 6.41072 4
      vertex 8.19952 6.36694 4
    endloop
  endfacet
  facet normal 0.760195 -0.637775 -0.12388
    outer loop
      vertex 8.28347 6.49009 4
      vertex 8.25143 6.4519 4
      vertex 7.91695 6.83017 0
    endloop
  endfacet
  facet normal -0.790974 -0.599177 -0.123884
    outer loop
      vertex 9.47624 6.71332 0
      vertex 9.03302 6.47139 4
      vertex 9.41604 6.79279 0
    endloop
  endfacet
  facet normal -0.790938 -0.599225 -0.123882
    outer loop
      vertex 9.03302 6.47139 4
      vertex 9.47624 6.71332 0
      vertex 9.06312 6.43166 4
    endloop
  endfacet
  facet normal -0.894009 -0.430582 -0.123882
    outer loop
      vertex 9.52822 6.62825 0
      vertex 9.11074 6.34422 4
      vertex 9.08911 6.38913 4
    endloop
  endfacet
  facet normal -0.981205 -0.147952 -0.123882
    outer loop
      vertex 9.63017 6.34815 0
      vertex 9.6412 6.275 0
      vertex 9.26834 6.275 2.95323
    endloop
  endfacet
  facet normal -0.961606 -0.244881 -0.123882
    outer loop
      vertex 9.26834 6.275 2.95323
      vertex 9.60557 6.44475 0
      vertex 9.63017 6.34815 0
    endloop
  endfacet
  facet normal -0.961582 -0.244974 -0.123884
    outer loop
      vertex 9.60557 6.44475 0
      vertex 9.26834 6.275 2.95323
      vertex 9.20176 6.275 3.47002
    endloop
  endfacet
  facet normal -0.932476 -0.339326 -0.123882
    outer loop
      vertex 9.57148 6.53843 0
      vertex 9.60557 6.44475 0
      vertex 9.11074 6.34422 4
    endloop
  endfacet
  facet normal -0.5793 -0.805645 -0.123883
    outer loop
      vertex 9.19255 6.99003 0
      vertex 9.27349 6.93183 0
      vertex 8.96174 6.54092 4
    endloop
  endfacet
  facet normal -0.0246853 -0.99199 -0.123885
    outer loop
      vertex 8.62507 7.14969 0
      vertex 8.68736 6.6486 4
      vertex 8.63753 6.64984 4
    endloop
  endfacet
  facet normal -0.0247848 -0.991987 -0.123883
    outer loop
      vertex 8.68736 6.6486 4
      vertex 8.62507 7.14969 0
      vertex 8.72473 7.1472 0
    endloop
  endfacet
  facet normal -0.123324 -0.984603 -0.123884
    outer loop
      vertex 8.82365 7.13481 0
      vertex 8.73682 6.6424 4
      vertex 8.72473 7.1472 0
    endloop
  endfacet
  facet normal -0.408064 -0.904509 -0.123882
    outer loop
      vertex 9.01534 7.08087 0
      vertex 8.87811 6.59494 4
      vertex 8.83267 6.61544 4
    endloop
  endfacet
  facet normal -0.316031 -0.940626 -0.123881
    outer loop
      vertex 8.92084 7.11262 0
      vertex 9.01534 7.08087 0
      vertex 8.83267 6.61544 4
    endloop
  endfacet
  facet normal 0.972638 -0.196544 -0.123882
    outer loop
      vertex 8.1336 6.275 3.74731
      vertex 7.68092 6.39676 0
      vertex 8.15909 6.275 3.94744
    endloop
  endfacet
  facet normal 0.972631 -0.196577 -0.123882
    outer loop
      vertex 7.68092 6.39676 0
      vertex 8.1336 6.275 3.74731
      vertex 7.66117 6.29904 0
    endloop
  endfacet
  facet normal 0.948207 -0.292502 -0.123882
    outer loop
      vertex 8.15909 6.275 3.94744
      vertex 7.71031 6.49202 0
      vertex 8.18015 6.32101 4
    endloop
  endfacet
  facet normal 0.948218 -0.292441 -0.123939
    outer loop
      vertex 8.15909 6.275 3.94744
      vertex 8.18015 6.32101 4
      vertex 8.16596 6.275 4
    endloop
  endfacet
  facet normal 0.948195 -0.292541 -0.123882
    outer loop
      vertex 7.71031 6.49202 0
      vertex 8.15909 6.275 3.94744
      vertex 7.68092 6.39676 0
    endloop
  endfacet
  facet normal 0.972644 -0.196511 -0.123884
    outer loop
      vertex 8.1336 6.275 3.74731
      vertex 7.82068 6.275 1.29049
      vertex 7.66117 6.29904 0
    endloop
  endfacet
  facet normal 0.819869 -0.558988 -0.123881
    outer loop
      vertex 7.85287 6.7538 0
      vertex 8.22335 6.41072 4
      vertex 7.79671 6.67143 0
    endloop
  endfacet
  facet normal 0.618668 -0.775824 -0.123884
    outer loop
      vertex 8.06626 6.96194 0
      vertex 8.31916 6.52489 4
      vertex 7.98831 6.89978 0
    endloop
  endfacet
  facet normal 0.692896 -0.710315 -0.123884
    outer loop
      vertex 7.98831 6.89978 0
      vertex 8.31916 6.52489 4
      vertex 7.91695 6.83017 0
    endloop
  endfacet
  facet normal 0.268738 -0.955213 -0.123885
    outer loop
      vertex 8.42748 7.12493 0
      vertex 8.49076 6.62396 4
      vertex 8.33151 7.09793 0
    endloop
  endfacet
  facet normal 0.268764 -0.955206 -0.123884
    outer loop
      vertex 8.49076 6.62396 4
      vertex 8.42748 7.12493 0
      vertex 8.53874 6.63746 4
    endloop
  endfacet
  facet normal 0.0741569 -0.989522 -0.123883
    outer loop
      vertex 8.62507 7.14969 0
      vertex 8.58783 6.64612 4
      vertex 8.52566 7.14224 0
    endloop
  endfacet
  facet normal 0.0740653 -0.989529 -0.123885
    outer loop
      vertex 8.58783 6.64612 4
      vertex 8.62507 7.14969 0
      vertex 8.63753 6.64984 4
    endloop
  endfacet
  facet normal 0.172293 -0.977224 -0.123884
    outer loop
      vertex 8.52566 7.14224 0
      vertex 8.53874 6.63746 4
      vertex 8.42748 7.12493 0
    endloop
  endfacet
  facet normal 0.17239 -0.977208 -0.123882
    outer loop
      vertex 8.53874 6.63746 4
      vertex 8.52566 7.14224 0
      vertex 8.58783 6.64612 4
    endloop
  endfacet
  facet normal 0.362515 -0.923707 -0.123885
    outer loop
      vertex 8.49076 6.62396 4
      vertex 8.44436 6.60575 4
      vertex 8.23871 7.06151 0
    endloop
  endfacet
  facet normal 0.538332 -0.833578 -0.123883
    outer loop
      vertex 8.15 7.01602 0
      vertex 8.4 6.58301 4
      vertex 8.06626 6.96194 0
    endloop
  endfacet
  facet normal 0.452783 -0.882972 -0.123883
    outer loop
      vertex 8.23871 7.06151 0
      vertex 8.4 6.58301 4
      vertex 8.15 7.01602 0
    endloop
  endfacet
  facet normal -0.846741 -0.517381 -0.123883
    outer loop
      vertex 9.52822 6.62825 0
      vertex 9.06312 6.43166 4
      vertex 9.47624 6.71332 0
    endloop
  endfacet
  facet normal -0.846714 -0.517425 -0.123882
    outer loop
      vertex 9.06312 6.43166 4
      vertex 9.52822 6.62825 0
      vertex 9.08911 6.38913 4
    endloop
  endfacet
  facet normal -0.961635 -0.244771 -0.12388
    outer loop
      vertex 9.20176 6.275 3.47002
      vertex 9.12779 6.29738 4
      vertex 9.60557 6.44475 0
    endloop
  endfacet
  facet normal -0.961699 -0.244507 -0.123901
    outer loop
      vertex 9.12779 6.29738 4
      vertex 9.20176 6.275 3.47002
      vertex 9.13348 6.275 4
    endloop
  endfacet
  facet normal -0.220873 -0.967403 -0.123884
    outer loop
      vertex 8.82365 7.13481 0
      vertex 8.92084 7.11262 0
      vertex 8.73682 6.6424 4
    endloop
  endfacet
  facet normal -0.496321 -0.859254 -0.123886
    outer loop
      vertex 9.19255 6.99003 0
      vertex 8.92127 6.57001 4
      vertex 8.87811 6.59494 4
    endloop
  endfacet
  facet normal -0.496086 -0.859391 -0.123881
    outer loop
      vertex 9.10621 7.03987 0
      vertex 9.19255 6.99003 0
      vertex 8.87811 6.59494 4
    endloop
  endfacet
  facet normal 0 0 -1
    outer loop
      vertex 9.13348 6.275 4
      vertex 9.11074 6.34422 4
      vertex 9.12779 6.29738 4
    endloop
  endfacet
  facet normal 0 0 -1
    outer loop
      vertex 9.13348 6.275 4
      vertex 9.08911 6.38913 4
      vertex 9.11074 6.34422 4
    endloop
  endfacet
  facet normal 0 0 -1
    outer loop
      vertex 9.13348 6.275 4
      vertex 9.06312 6.43166 4
      vertex 9.08911 6.38913 4
    endloop
  endfacet
  facet normal 0 0 -1
    outer loop
      vertex 9.13348 6.275 4
      vertex 9.03302 6.47139 4
      vertex 9.06312 6.43166 4
    endloop
  endfacet
  facet normal 0 0 -1
    outer loop
      vertex 9.13348 6.275 4
      vertex 8.99912 6.50793 4
      vertex 9.03302 6.47139 4
    endloop
  endfacet
  facet normal 0 0 -1
    outer loop
      vertex 9.13348 6.275 4
      vertex 8.96174 6.54092 4
      vertex 8.99912 6.50793 4
    endloop
  endfacet
  facet normal 0 0 -1
    outer loop
      vertex 9.13348 6.275 4
      vertex 8.92127 6.57001 4
      vertex 8.96174 6.54092 4
    endloop
  endfacet
  facet normal 0 0 -1
    outer loop
      vertex 9.13348 6.275 4
      vertex 8.87811 6.59494 4
      vertex 8.92127 6.57001 4
    endloop
  endfacet
  facet normal 0 0 -1
    outer loop
      vertex 9.13348 6.275 4
      vertex 8.83267 6.61544 4
      vertex 8.87811 6.59494 4
    endloop
  endfacet
  facet normal 0 0 -1
    outer loop
      vertex 9.13348 6.275 4
      vertex 8.78542 6.63131 4
      vertex 8.83267 6.61544 4
    endloop
  endfacet
  facet normal 0 0 -1
    outer loop
      vertex 9.13348 6.275 4
      vertex 8.73682 6.6424 4
      vertex 8.78542 6.63131 4
    endloop
  endfacet
  facet normal 0 0 -1
    outer loop
      vertex 9.13348 6.275 4
      vertex 8.68736 6.6486 4
      vertex 8.73682 6.6424 4
    endloop
  endfacet
  facet normal 0 0 -1
    outer loop
      vertex 9.13348 6.275 4
      vertex 8.63753 6.64984 4
      vertex 8.68736 6.6486 4
    endloop
  endfacet
  facet normal 0 0 -1
    outer loop
      vertex 9.13348 6.275 4
      vertex 8.58783 6.64612 4
      vertex 8.63753 6.64984 4
    endloop
  endfacet
  facet normal 0 0 -1
    outer loop
      vertex 9.13348 6.275 4
      vertex 8.53874 6.63746 4
      vertex 8.58783 6.64612 4
    endloop
  endfacet
  facet normal 0 0 -1
    outer loop
      vertex 9.13348 6.275 4
      vertex 8.49076 6.62396 4
      vertex 8.53874 6.63746 4
    endloop
  endfacet
  facet normal 0 0 -1
    outer loop
      vertex 9.13348 6.275 4
      vertex 8.44436 6.60575 4
      vertex 8.49076 6.62396 4
    endloop
  endfacet
  facet normal 0 0 -1
    outer loop
      vertex 9.13348 6.275 4
      vertex 8.4 6.58301 4
      vertex 8.44436 6.60575 4
    endloop
  endfacet
  facet normal 0 0 -1
    outer loop
      vertex 9.13348 6.275 4
      vertex 8.35813 6.55597 4
      vertex 8.4 6.58301 4
    endloop
  endfacet
  facet normal 0 0 -1
    outer loop
      vertex 9.13348 6.275 4
      vertex 8.31916 6.52489 4
      vertex 8.35813 6.55597 4
    endloop
  endfacet
  facet normal 0 0 -1
    outer loop
      vertex 9.13348 6.275 4
      vertex 8.28347 6.49009 4
      vertex 8.31916 6.52489 4
    endloop
  endfacet
  facet normal 0 0 -1
    outer loop
      vertex 9.13348 6.275 4
      vertex 8.25143 6.4519 4
      vertex 8.28347 6.49009 4
    endloop
  endfacet
  facet normal 0 0 -1
    outer loop
      vertex 9.13348 6.275 4
      vertex 8.22335 6.41072 4
      vertex 8.25143 6.4519 4
    endloop
  endfacet
  facet normal 0 0 -1
    outer loop
      vertex 9.13348 6.275 4
      vertex 8.19952 6.36694 4
      vertex 8.22335 6.41072 4
    endloop
  endfacet
  facet normal 0 0 -1
    outer loop
      vertex 9.13348 6.275 4
      vertex 8.18015 6.32101 4
      vertex 8.19952 6.36694 4
    endloop
  endfacet
  facet normal 0 -0 -1
    outer loop
      vertex 8.18015 6.32101 4
      vertex 9.13348 6.275 4
      vertex 8.16596 6.275 4
    endloop
  endfacet
  facet normal 0.760154 -0.637824 -0.123881
    outer loop
      vertex 7.91695 6.83017 0
      vertex 8.25143 6.4519 4
      vertex 7.85287 6.7538 0
    endloop
  endfacet
  facet normal 0.819838 -0.559034 -0.123882
    outer loop
      vertex 8.25143 6.4519 4
      vertex 8.22335 6.41072 4
      vertex 7.85287 6.7538 0
    endloop
  endfacet
  facet normal 0.538332 -0.833578 -0.123883
    outer loop
      vertex 8.4 6.58301 4
      vertex 8.35813 6.55597 4
      vertex 8.06626 6.96194 0
    endloop
  endfacet
  facet normal 0.618717 -0.775785 -0.123883
    outer loop
      vertex 8.35813 6.55597 4
      vertex 8.31916 6.52489 4
      vertex 8.06626 6.96194 0
    endloop
  endfacet
  facet normal -0.315941 -0.940656 -0.123883
    outer loop
      vertex 8.92084 7.11262 0
      vertex 8.83267 6.61544 4
      vertex 8.78542 6.63131 4
    endloop
  endfacet
  facet normal -0.220757 -0.967429 -0.123882
    outer loop
      vertex 8.92084 7.11262 0
      vertex 8.78542 6.63131 4
      vertex 8.73682 6.6424 4
    endloop
  endfacet
  facet normal 0.914386 -0.385424 -0.123882
    outer loop
      vertex 7.74903 6.58388 0
      vertex 8.18015 6.32101 4
      vertex 7.71031 6.49202 0
    endloop
  endfacet
  facet normal 0.914314 -0.385593 -0.123885
    outer loop
      vertex 8.19952 6.36694 4
      vertex 8.18015 6.32101 4
      vertex 7.74903 6.58388 0
    endloop
  endfacet
  facet normal 0.98739 0.0985747 -0.123874
    outer loop
      vertex 14.3207 1.525 1.29049
      vertex 14.1612 1.50096 0
      vertex 14.1588 1.525 0
    endloop
  endfacet
  facet normal 0.972375 0.197827 -0.123897
    outer loop
      vertex 14.1809 1.40324 0
      vertex 14.6336 1.525 3.74731
      vertex 14.6591 1.525 3.94744
    endloop
  endfacet
  facet normal 0.972727 0.196098 -0.123884
    outer loop
      vertex 14.6336 1.525 3.74731
      vertex 14.1809 1.40324 0
      vertex 14.1612 1.50096 0
    endloop
  endfacet
  facet normal -0.727433 0.674904 -0.12388
    outer loop
      vertex 15.916 1.00721 0
      vertex 15.8482 0.934133 0
      vertex 15.533 1.32861 4
    endloop
  endfacet
  facet normal -0.981262 0.147558 -0.123902
    outer loop
      vertex 16.1412 1.525 0
      vertex 16.1302 1.45185 0
      vertex 15.7683 1.525 2.95323
    endloop
  endfacet
  facet normal 0.692645 0.710558 -0.123895
    outer loop
      vertex 14.7835 1.30991 4
      vertex 14.8192 1.27511 4
      vertex 14.4883 0.900218 0
    endloop
  endfacet
  facet normal -0.123408 0.984593 -0.123883
    outer loop
      vertex 15.2368 1.1576 4
      vertex 15.3236 0.665192 0
      vertex 15.2247 0.652796 0
    endloop
  endfacet
  facet normal -0.315641 0.940757 -0.123885
    outer loop
      vertex 15.3327 1.18456 4
      vertex 15.4208 0.687375 0
      vertex 15.2854 1.16869 4
    endloop
  endfacet
  facet normal -0.656823 0.743798 -0.123889
    outer loop
      vertex 15.8482 0.934133 0
      vertex 15.7735 0.868168 0
      vertex 15.4617 1.25908 4
    endloop
  endfacet
  facet normal 0.948097 0.29261 -0.124465
    outer loop
      vertex 14.6802 1.47899 4
      vertex 14.6591 1.525 3.94744
      vertex 14.666 1.525 4
    endloop
  endfacet
  facet normal 0.947987 0.293205 -0.1239
    outer loop
      vertex 14.2103 1.30798 0
      vertex 14.6591 1.525 3.94744
      vertex 14.6802 1.47899 4
    endloop
  endfacet
  facet normal 0.948166 0.292631 -0.123889
    outer loop
      vertex 14.6591 1.525 3.94744
      vertex 14.2103 1.30798 0
      vertex 14.1809 1.40324 0
    endloop
  endfacet
  facet normal 0.972649 0.196492 -0.123876
    outer loop
      vertex 14.3207 1.525 1.29049
      vertex 14.6336 1.525 3.74731
      vertex 14.1612 1.50096 0
    endloop
  endfacet
  facet normal 0.362515 0.923707 -0.123889
    outer loop
      vertex 14.9444 1.19425 4
      vertex 14.9908 1.17604 4
      vertex 14.8315 0.702072 0
    endloop
  endfacet
  facet normal 0.172356 0.977214 -0.123879
    outer loop
      vertex 15.0257 0.657761 0
      vertex 15.0387 1.16254 4
      vertex 15.0878 1.15388 4
    endloop
  endfacet
  facet normal 0.172269 0.977229 -0.123881
    outer loop
      vertex 15.0387 1.16254 4
      vertex 15.0257 0.657761 0
      vertex 14.9275 0.675072 0
    endloop
  endfacet
  facet normal 0.26918 0.95509 -0.123877
    outer loop
      vertex 14.9275 0.675072 0
      vertex 14.9908 1.17604 4
      vertex 15.0387 1.16254 4
    endloop
  endfacet
  facet normal 0.26866 0.955235 -0.123887
    outer loop
      vertex 14.9908 1.17604 4
      vertex 14.9275 0.675072 0
      vertex 14.8315 0.702072 0
    endloop
  endfacet
  facet normal 0.0740653 0.989529 -0.123883
    outer loop
      vertex 15.1251 0.650311 0
      vertex 15.0878 1.15388 4
      vertex 15.1375 1.15016 4
    endloop
  endfacet
  facet normal 0.0741643 0.989522 -0.123882
    outer loop
      vertex 15.0878 1.15388 4
      vertex 15.1251 0.650311 0
      vertex 15.0257 0.657761 0
    endloop
  endfacet
  facet normal -0.220785 0.967423 -0.123883
    outer loop
      vertex 15.4208 0.687375 0
      vertex 15.3236 0.665192 0
      vertex 15.2368 1.1576 4
    endloop
  endfacet
  facet normal -0.220757 0.967429 -0.123882
    outer loop
      vertex 15.2854 1.16869 4
      vertex 15.4208 0.687375 0
      vertex 15.2368 1.1576 4
    endloop
  endfacet
  facet normal -0.579829 0.805263 -0.123894
    outer loop
      vertex 15.4617 1.25908 4
      vertex 15.7735 0.868168 0
      vertex 15.4213 1.22999 4
    endloop
  endfacet
  facet normal -0.408006 0.904536 -0.123881
    outer loop
      vertex 15.6062 0.760128 0
      vertex 15.5153 0.719126 0
      vertex 15.3781 1.20506 4
    endloop
  endfacet
  facet normal -0.31604 0.940624 -0.123877
    outer loop
      vertex 15.5153 0.719126 0
      vertex 15.4208 0.687375 0
      vertex 15.3327 1.18456 4
    endloop
  endfacet
  facet normal -0.894241 0.430096 -0.1239
    outer loop
      vertex 16.0715 1.26156 0
      vertex 15.5891 1.41087 4
      vertex 15.6107 1.45578 4
    endloop
  endfacet
  facet normal -0.893835 0.430944 -0.123883
    outer loop
      vertex 15.5891 1.41087 4
      vertex 16.0715 1.26156 0
      vertex 16.0282 1.17175 0
    endloop
  endfacet
  facet normal -0.790938 0.599226 -0.123879
    outer loop
      vertex 15.9762 1.08668 0
      vertex 15.533 1.32861 4
      vertex 15.5631 1.36834 4
    endloop
  endfacet
  facet normal -0.790974 0.599178 -0.12388
    outer loop
      vertex 15.533 1.32861 4
      vertex 15.9762 1.08668 0
      vertex 15.916 1.00721 0
    endloop
  endfacet
  facet normal -0.846626 0.51757 -0.123879
    outer loop
      vertex 16.0282 1.17175 0
      vertex 15.5631 1.36834 4
      vertex 15.5891 1.41087 4
    endloop
  endfacet
  facet normal -0.846653 0.517526 -0.12388
    outer loop
      vertex 15.5631 1.36834 4
      vertex 16.0282 1.17175 0
      vertex 15.9762 1.08668 0
    endloop
  endfacet
  facet normal -0.96161 0.244857 -0.123904
    outer loop
      vertex 16.1056 1.35524 0
      vertex 15.7683 1.525 2.95323
      vertex 16.1302 1.45185 0
    endloop
  endfacet
  facet normal -0.962303 0.242155 -0.123828
    outer loop
      vertex 15.7683 1.525 2.95323
      vertex 16.1056 1.35524 0
      vertex 15.7018 1.525 3.47002
    endloop
  endfacet
  facet normal -0.932442 0.339414 -0.123898
    outer loop
      vertex 16.1056 1.35524 0
      vertex 16.0715 1.26156 0
      vertex 15.6107 1.45578 4
    endloop
  endfacet
  facet normal 0.914456 0.385254 -0.123896
    outer loop
      vertex 14.6802 1.47899 4
      vertex 14.249 1.21612 0
      vertex 14.2103 1.30798 0
    endloop
  endfacet
  facet normal 0.819653 0.559307 -0.123872
    outer loop
      vertex 14.7514 1.3481 4
      vertex 14.3529 1.0462 0
      vertex 14.2967 1.12856 0
    endloop
  endfacet
  facet normal 0.870964 0.475469 -0.123901
    outer loop
      vertex 14.6995 1.43306 4
      vertex 14.7234 1.38928 4
      vertex 14.2967 1.12856 0
    endloop
  endfacet
  facet normal 0.452745 0.882991 -0.12389
    outer loop
      vertex 14.9444 1.19425 4
      vertex 14.7387 0.738494 0
      vertex 14.65 0.783974 0
    endloop
  endfacet
  facet normal 0.362532 0.9237 -0.123889
    outer loop
      vertex 14.9444 1.19425 4
      vertex 14.8315 0.702072 0
      vertex 14.7387 0.738494 0
    endloop
  endfacet
  facet normal 0.538562 0.833429 -0.123882
    outer loop
      vertex 14.9 1.21699 4
      vertex 14.65 0.783974 0
      vertex 14.5663 0.838061 0
    endloop
  endfacet
  facet normal -0.0246507 0.991991 -0.123882
    outer loop
      vertex 15.2247 0.652796 0
      vertex 15.1375 1.15016 4
      vertex 15.1874 1.1514 4
    endloop
  endfacet
  facet normal -0.0247499 0.991988 -0.123884
    outer loop
      vertex 15.1375 1.15016 4
      vertex 15.2247 0.652796 0
      vertex 15.1251 0.650311 0
    endloop
  endfacet
  facet normal -0.727447 0.674889 -0.12388
    outer loop
      vertex 15.533 1.32861 4
      vertex 15.8482 0.934133 0
      vertex 15.4991 1.29207 4
    endloop
  endfacet
  facet normal -0.496303 0.859265 -0.12388
    outer loop
      vertex 15.6925 0.809974 0
      vertex 15.6062 0.760128 0
      vertex 15.3781 1.20506 4
    endloop
  endfacet
  facet normal -0.12357 0.984573 -0.12388
    outer loop
      vertex 15.2368 1.1576 4
      vertex 15.2247 0.652796 0
      vertex 15.1874 1.1514 4
    endloop
  endfacet
  facet normal -0.408363 0.904375 -0.123874
    outer loop
      vertex 15.3781 1.20506 4
      vertex 15.5153 0.719126 0
      vertex 15.3327 1.18456 4
    endloop
  endfacet
  facet normal 0.914813 0.384409 -0.123879
    outer loop
      vertex 14.6802 1.47899 4
      vertex 14.6995 1.43306 4
      vertex 14.249 1.21612 0
    endloop
  endfacet
  facet normal 0.820577 0.557944 -0.123902
    outer loop
      vertex 14.7234 1.38928 4
      vertex 14.7514 1.3481 4
      vertex 14.2967 1.12856 0
    endloop
  endfacet
  facet normal 0.692691 0.710514 -0.123894
    outer loop
      vertex 14.7835 1.30991 4
      vertex 14.4883 0.900218 0
      vertex 14.4169 0.969827 0
    endloop
  endfacet
  facet normal 0.871384 0.474703 -0.123885
    outer loop
      vertex 14.6995 1.43306 4
      vertex 14.2967 1.12856 0
      vertex 14.249 1.21612 0
    endloop
  endfacet
  facet normal 0.452341 0.883199 -0.123881
    outer loop
      vertex 14.9 1.21699 4
      vertex 14.9444 1.19425 4
      vertex 14.65 0.783974 0
    endloop
  endfacet
  facet normal 0.53806 0.833755 -0.123871
    outer loop
      vertex 14.8581 1.24403 4
      vertex 14.9 1.21699 4
      vertex 14.5663 0.838061 0
    endloop
  endfacet
  facet normal 0.619398 0.775244 -0.123866
    outer loop
      vertex 14.5663 0.838061 0
      vertex 14.8192 1.27511 4
      vertex 14.8581 1.24403 4
    endloop
  endfacet
  facet normal 0.618407 0.776031 -0.12389
    outer loop
      vertex 14.8192 1.27511 4
      vertex 14.5663 0.838061 0
      vertex 14.4883 0.900218 0
    endloop
  endfacet
  facet normal -0.656413 0.744161 -0.123879
    outer loop
      vertex 15.4991 1.29207 4
      vertex 15.8482 0.934133 0
      vertex 15.4617 1.25908 4
    endloop
  endfacet
  facet normal -0.495977 0.859455 -0.123873
    outer loop
      vertex 15.4213 1.22999 4
      vertex 15.6925 0.809974 0
      vertex 15.3781 1.20506 4
    endloop
  endfacet
  facet normal -0.578978 0.805878 -0.123875
    outer loop
      vertex 15.7735 0.868168 0
      vertex 15.6925 0.809974 0
      vertex 15.4213 1.22999 4
    endloop
  endfacet
  facet normal -0.932124 0.340293 -0.12388
    outer loop
      vertex 15.6278 1.50262 4
      vertex 16.1056 1.35524 0
      vertex 15.6107 1.45578 4
    endloop
  endfacet
  facet normal -0.961594 0.24491 -0.123923
    outer loop
      vertex 15.7018 1.525 3.47002
      vertex 15.6278 1.50262 4
      vertex 15.6335 1.525 4
    endloop
  endfacet
  facet normal -0.961485 0.245352 -0.123889
    outer loop
      vertex 15.6278 1.50262 4
      vertex 15.7018 1.525 3.47002
      vertex 16.1056 1.35524 0
    endloop
  endfacet
  facet normal 0 0 -1
    outer loop
      vertex 15.6107 1.45578 4
      vertex 15.6335 1.525 4
      vertex 15.6278 1.50262 4
    endloop
  endfacet
  facet normal 0 0 -1
    outer loop
      vertex 15.5891 1.41087 4
      vertex 15.6335 1.525 4
      vertex 15.6107 1.45578 4
    endloop
  endfacet
  facet normal 0 0 -1
    outer loop
      vertex 15.5631 1.36834 4
      vertex 15.6335 1.525 4
      vertex 15.5891 1.41087 4
    endloop
  endfacet
  facet normal 0 0 -1
    outer loop
      vertex 15.533 1.32861 4
      vertex 15.6335 1.525 4
      vertex 15.5631 1.36834 4
    endloop
  endfacet
  facet normal 0 0 -1
    outer loop
      vertex 15.4991 1.29207 4
      vertex 15.6335 1.525 4
      vertex 15.533 1.32861 4
    endloop
  endfacet
  facet normal 0 0 -1
    outer loop
      vertex 15.4617 1.25908 4
      vertex 15.6335 1.525 4
      vertex 15.4991 1.29207 4
    endloop
  endfacet
  facet normal 0 0 -1
    outer loop
      vertex 15.4213 1.22999 4
      vertex 15.6335 1.525 4
      vertex 15.4617 1.25908 4
    endloop
  endfacet
  facet normal 0 0 -1
    outer loop
      vertex 15.3781 1.20506 4
      vertex 15.6335 1.525 4
      vertex 15.4213 1.22999 4
    endloop
  endfacet
  facet normal 0 0 -1
    outer loop
      vertex 15.3327 1.18456 4
      vertex 15.6335 1.525 4
      vertex 15.3781 1.20506 4
    endloop
  endfacet
  facet normal 0 0 -1
    outer loop
      vertex 15.2854 1.16869 4
      vertex 15.6335 1.525 4
      vertex 15.3327 1.18456 4
    endloop
  endfacet
  facet normal 0 0 -1
    outer loop
      vertex 15.2368 1.1576 4
      vertex 15.6335 1.525 4
      vertex 15.2854 1.16869 4
    endloop
  endfacet
  facet normal 0 0 -1
    outer loop
      vertex 15.1874 1.1514 4
      vertex 15.6335 1.525 4
      vertex 15.2368 1.1576 4
    endloop
  endfacet
  facet normal 0 0 -1
    outer loop
      vertex 15.1375 1.15016 4
      vertex 15.6335 1.525 4
      vertex 15.1874 1.1514 4
    endloop
  endfacet
  facet normal 0 0 -1
    outer loop
      vertex 15.0878 1.15388 4
      vertex 15.6335 1.525 4
      vertex 15.1375 1.15016 4
    endloop
  endfacet
  facet normal 0 0 -1
    outer loop
      vertex 15.0387 1.16254 4
      vertex 15.6335 1.525 4
      vertex 15.0878 1.15388 4
    endloop
  endfacet
  facet normal 0 0 -1
    outer loop
      vertex 14.9908 1.17604 4
      vertex 15.6335 1.525 4
      vertex 15.0387 1.16254 4
    endloop
  endfacet
  facet normal 0 0 -1
    outer loop
      vertex 14.9444 1.19425 4
      vertex 15.6335 1.525 4
      vertex 14.9908 1.17604 4
    endloop
  endfacet
  facet normal 0 0 -1
    outer loop
      vertex 14.9 1.21699 4
      vertex 15.6335 1.525 4
      vertex 14.9444 1.19425 4
    endloop
  endfacet
  facet normal 0 0 -1
    outer loop
      vertex 14.8581 1.24403 4
      vertex 15.6335 1.525 4
      vertex 14.9 1.21699 4
    endloop
  endfacet
  facet normal 0 0 -1
    outer loop
      vertex 14.8192 1.27511 4
      vertex 15.6335 1.525 4
      vertex 14.8581 1.24403 4
    endloop
  endfacet
  facet normal 0 0 -1
    outer loop
      vertex 14.7835 1.30991 4
      vertex 15.6335 1.525 4
      vertex 14.8192 1.27511 4
    endloop
  endfacet
  facet normal 0 0 -1
    outer loop
      vertex 14.7514 1.3481 4
      vertex 15.6335 1.525 4
      vertex 14.7835 1.30991 4
    endloop
  endfacet
  facet normal 0 0 -1
    outer loop
      vertex 14.7234 1.38928 4
      vertex 15.6335 1.525 4
      vertex 14.7514 1.3481 4
    endloop
  endfacet
  facet normal 0 0 -1
    outer loop
      vertex 14.6995 1.43306 4
      vertex 15.6335 1.525 4
      vertex 14.7234 1.38928 4
    endloop
  endfacet
  facet normal 0 0 -1
    outer loop
      vertex 14.6802 1.47899 4
      vertex 15.6335 1.525 4
      vertex 14.6995 1.43306 4
    endloop
  endfacet
  facet normal -0 0 -1
    outer loop
      vertex 15.6335 1.525 4
      vertex 14.6802 1.47899 4
      vertex 14.666 1.525 4
    endloop
  endfacet
  facet normal 0.760559 0.637343 -0.123874
    outer loop
      vertex 14.7514 1.3481 4
      vertex 14.4169 0.969827 0
      vertex 14.3529 1.0462 0
    endloop
  endfacet
  facet normal 0.759605 0.638474 -0.123901
    outer loop
      vertex 14.7514 1.3481 4
      vertex 14.7835 1.30991 4
      vertex 14.4169 0.969827 0
    endloop
  endfacet
  facet normal -0.981262 -0.147558 -0.123902
    outer loop
      vertex 16.1302 6.34815 0
      vertex 16.1412 6.275 0
      vertex 15.7683 6.275 2.95323
    endloop
  endfacet
  facet normal -0.893852 -0.430904 -0.123893
    outer loop
      vertex 16.0282 6.62825 0
      vertex 16.0715 6.53843 0
      vertex 15.6107 6.34422 4
    endloop
  endfacet
  facet normal -0.0246507 -0.99199 -0.123885
    outer loop
      vertex 15.1251 7.14969 0
      vertex 15.1874 6.6486 4
      vertex 15.1375 6.64984 4
    endloop
  endfacet
  facet normal -0.0247997 -0.991987 -0.123882
    outer loop
      vertex 15.1874 6.6486 4
      vertex 15.1251 7.14969 0
      vertex 15.2247 7.1472 0
    endloop
  endfacet
  facet normal -0.656413 -0.744161 -0.12388
    outer loop
      vertex 15.8482 6.86587 0
      vertex 15.4991 6.50793 4
      vertex 15.4617 6.54092 4
    endloop
  endfacet
  facet normal 0.692696 -0.710509 -0.123894
    outer loop
      vertex 14.4883 6.89978 0
      vertex 14.8192 6.52489 4
      vertex 14.4169 6.83017 0
    endloop
  endfacet
  facet normal 0.820581 -0.557947 -0.123861
    outer loop
      vertex 14.7514 6.4519 4
      vertex 14.7234 6.41072 4
      vertex 14.3529 6.7538 0
    endloop
  endfacet
  facet normal -0.961604 -0.24488 -0.123904
    outer loop
      vertex 15.7683 6.275 2.95323
      vertex 16.1056 6.44475 0
      vertex 16.1302 6.34815 0
    endloop
  endfacet
  facet normal -0.9623 -0.242168 -0.123828
    outer loop
      vertex 16.1056 6.44475 0
      vertex 15.7683 6.275 2.95323
      vertex 15.7018 6.275 3.47002
    endloop
  endfacet
  facet normal -0.961483 -0.24536 -0.123889
    outer loop
      vertex 15.7018 6.275 3.47002
      vertex 15.6278 6.29738 4
      vertex 16.1056 6.44475 0
    endloop
  endfacet
  facet normal -0.961594 -0.24491 -0.123923
    outer loop
      vertex 15.6278 6.29738 4
      vertex 15.7018 6.275 3.47002
      vertex 15.6335 6.275 4
    endloop
  endfacet
  facet normal 0.947987 -0.293205 -0.1239
    outer loop
      vertex 14.6591 6.275 3.94744
      vertex 14.2103 6.49202 0
      vertex 14.6802 6.32101 4
    endloop
  endfacet
  facet normal 0.948097 -0.29261 -0.124465
    outer loop
      vertex 14.6591 6.275 3.94744
      vertex 14.6802 6.32101 4
      vertex 14.666 6.275 4
    endloop
  endfacet
  facet normal 0.948166 -0.292631 -0.123889
    outer loop
      vertex 14.2103 6.49202 0
      vertex 14.6591 6.275 3.94744
      vertex 14.1809 6.39676 0
    endloop
  endfacet
  facet normal -0.894243 -0.430097 -0.123877
    outer loop
      vertex 16.0282 6.62825 0
      vertex 15.6107 6.34422 4
      vertex 15.5891 6.38913 4
    endloop
  endfacet
  facet normal -0.579831 -0.805265 -0.123869
    outer loop
      vertex 15.6925 6.99003 0
      vertex 15.4617 6.54092 4
      vertex 15.4213 6.57001 4
    endloop
  endfacet
  facet normal -0.220852 -0.967408 -0.123883
    outer loop
      vertex 15.3236 7.13481 0
      vertex 15.4208 7.11262 0
      vertex 15.2368 6.6424 4
    endloop
  endfacet
  facet normal -0.315641 -0.940757 -0.123883
    outer loop
      vertex 15.4208 7.11262 0
      vertex 15.3327 6.61544 4
      vertex 15.2854 6.63131 4
    endloop
  endfacet
  facet normal 0.972649 -0.196492 -0.123876
    outer loop
      vertex 14.6336 6.275 3.74731
      vertex 14.3207 6.275 1.29049
      vertex 14.1612 6.29904 0
    endloop
  endfacet
  facet normal 0.819683 -0.559259 -0.123891
    outer loop
      vertex 14.3529 6.7538 0
      vertex 14.7234 6.41072 4
      vertex 14.2967 6.67143 0
    endloop
  endfacet
  facet normal 0.692645 -0.710558 -0.123893
    outer loop
      vertex 14.8192 6.52489 4
      vertex 14.7835 6.49009 4
      vertex 14.4169 6.83017 0
    endloop
  endfacet
  facet normal 0.172259 -0.977231 -0.123881
    outer loop
      vertex 15.0257 7.14224 0
      vertex 15.0387 6.63746 4
      vertex 14.9275 7.12493 0
    endloop
  endfacet
  facet normal 0.172356 -0.977214 -0.12388
    outer loop
      vertex 15.0387 6.63746 4
      vertex 15.0257 7.14224 0
      vertex 15.0878 6.64612 4
    endloop
  endfacet
  facet normal 0.452824 -0.882952 -0.123883
    outer loop
      vertex 14.7387 7.06151 0
      vertex 14.9 6.58301 4
      vertex 14.65 7.01602 0
    endloop
  endfacet
  facet normal -0.932124 -0.340293 -0.123879
    outer loop
      vertex 16.1056 6.44475 0
      vertex 15.6278 6.29738 4
      vertex 15.6107 6.34422 4
    endloop
  endfacet
  facet normal -0.932442 -0.339414 -0.123897
    outer loop
      vertex 16.0715 6.53843 0
      vertex 16.1056 6.44475 0
      vertex 15.6107 6.34422 4
    endloop
  endfacet
  facet normal -0.727447 -0.674889 -0.12388
    outer loop
      vertex 15.8482 6.86587 0
      vertex 15.916 6.79279 0
      vertex 15.533 6.47139 4
    endloop
  endfacet
  facet normal -0.316031 -0.940627 -0.123876
    outer loop
      vertex 15.4208 7.11262 0
      vertex 15.5153 7.08087 0
      vertex 15.3327 6.61544 4
    endloop
  endfacet
  facet normal -0.496258 -0.859291 -0.12388
    outer loop
      vertex 15.6062 7.03987 0
      vertex 15.6925 6.99003 0
      vertex 15.3781 6.59494 4
    endloop
  endfacet
  facet normal -0.495977 -0.859455 -0.123874
    outer loop
      vertex 15.6925 6.99003 0
      vertex 15.4213 6.57001 4
      vertex 15.3781 6.59494 4
    endloop
  endfacet
  facet normal -0.579017 -0.805848 -0.123888
    outer loop
      vertex 15.6925 6.99003 0
      vertex 15.7735 6.93183 0
      vertex 15.4617 6.54092 4
    endloop
  endfacet
  facet normal -0.656795 -0.743823 -0.123889
    outer loop
      vertex 15.7735 6.93183 0
      vertex 15.8482 6.86587 0
      vertex 15.4617 6.54092 4
    endloop
  endfacet
  facet normal 0.87136 -0.474744 -0.123895
    outer loop
      vertex 14.7234 6.41072 4
      vertex 14.249 6.58388 0
      vertex 14.2967 6.67143 0
    endloop
  endfacet
  facet normal 0.870966 -0.47547 -0.12388
    outer loop
      vertex 14.249 6.58388 0
      vertex 14.7234 6.41072 4
      vertex 14.6995 6.36694 4
    endloop
  endfacet
  facet normal 0.972375 -0.197827 -0.123897
    outer loop
      vertex 14.6336 6.275 3.74731
      vertex 14.1809 6.39676 0
      vertex 14.6591 6.275 3.94744
    endloop
  endfacet
  facet normal 0.972727 -0.196098 -0.123884
    outer loop
      vertex 14.1809 6.39676 0
      vertex 14.6336 6.275 3.74731
      vertex 14.1612 6.29904 0
    endloop
  endfacet
  facet normal 0.98739 -0.0985747 -0.123874
    outer loop
      vertex 14.1612 6.29904 0
      vertex 14.3207 6.275 1.29049
      vertex 14.1588 6.275 0
    endloop
  endfacet
  facet normal 0 0 -1
    outer loop
      vertex 15.6335 6.275 4
      vertex 15.6107 6.34422 4
      vertex 15.6278 6.29738 4
    endloop
  endfacet
  facet normal 0 0 -1
    outer loop
      vertex 15.6335 6.275 4
      vertex 15.5891 6.38913 4
      vertex 15.6107 6.34422 4
    endloop
  endfacet
  facet normal 0 0 -1
    outer loop
      vertex 15.6335 6.275 4
      vertex 15.5631 6.43166 4
      vertex 15.5891 6.38913 4
    endloop
  endfacet
  facet normal 0 0 -1
    outer loop
      vertex 15.6335 6.275 4
      vertex 15.533 6.47139 4
      vertex 15.5631 6.43166 4
    endloop
  endfacet
  facet normal 0 0 -1
    outer loop
      vertex 15.6335 6.275 4
      vertex 15.4991 6.50793 4
      vertex 15.533 6.47139 4
    endloop
  endfacet
  facet normal 0 0 -1
    outer loop
      vertex 15.6335 6.275 4
      vertex 15.4617 6.54092 4
      vertex 15.4991 6.50793 4
    endloop
  endfacet
  facet normal 0 0 -1
    outer loop
      vertex 15.6335 6.275 4
      vertex 15.4213 6.57001 4
      vertex 15.4617 6.54092 4
    endloop
  endfacet
  facet normal 0 0 -1
    outer loop
      vertex 15.6335 6.275 4
      vertex 15.3781 6.59494 4
      vertex 15.4213 6.57001 4
    endloop
  endfacet
  facet normal 0 0 -1
    outer loop
      vertex 15.6335 6.275 4
      vertex 15.3327 6.61544 4
      vertex 15.3781 6.59494 4
    endloop
  endfacet
  facet normal 0 0 -1
    outer loop
      vertex 15.6335 6.275 4
      vertex 15.2854 6.63131 4
      vertex 15.3327 6.61544 4
    endloop
  endfacet
  facet normal 0 0 -1
    outer loop
      vertex 15.6335 6.275 4
      vertex 15.2368 6.6424 4
      vertex 15.2854 6.63131 4
    endloop
  endfacet
  facet normal 0 0 -1
    outer loop
      vertex 15.6335 6.275 4
      vertex 15.1874 6.6486 4
      vertex 15.2368 6.6424 4
    endloop
  endfacet
  facet normal 0 0 -1
    outer loop
      vertex 15.6335 6.275 4
      vertex 15.1375 6.64984 4
      vertex 15.1874 6.6486 4
    endloop
  endfacet
  facet normal 0 0 -1
    outer loop
      vertex 15.6335 6.275 4
      vertex 15.0878 6.64612 4
      vertex 15.1375 6.64984 4
    endloop
  endfacet
  facet normal 0 0 -1
    outer loop
      vertex 15.6335 6.275 4
      vertex 15.0387 6.63746 4
      vertex 15.0878 6.64612 4
    endloop
  endfacet
  facet normal 0 0 -1
    outer loop
      vertex 15.6335 6.275 4
      vertex 14.9908 6.62396 4
      vertex 15.0387 6.63746 4
    endloop
  endfacet
  facet normal 0 0 -1
    outer loop
      vertex 15.6335 6.275 4
      vertex 14.9444 6.60575 4
      vertex 14.9908 6.62396 4
    endloop
  endfacet
  facet normal 0 0 -1
    outer loop
      vertex 15.6335 6.275 4
      vertex 14.9 6.58301 4
      vertex 14.9444 6.60575 4
    endloop
  endfacet
  facet normal 0 0 -1
    outer loop
      vertex 15.6335 6.275 4
      vertex 14.8581 6.55597 4
      vertex 14.9 6.58301 4
    endloop
  endfacet
  facet normal 0 0 -1
    outer loop
      vertex 15.6335 6.275 4
      vertex 14.8192 6.52489 4
      vertex 14.8581 6.55597 4
    endloop
  endfacet
  facet normal 0 0 -1
    outer loop
      vertex 15.6335 6.275 4
      vertex 14.7835 6.49009 4
      vertex 14.8192 6.52489 4
    endloop
  endfacet
  facet normal 0 0 -1
    outer loop
      vertex 15.6335 6.275 4
      vertex 14.7514 6.4519 4
      vertex 14.7835 6.49009 4
    endloop
  endfacet
  facet normal 0 0 -1
    outer loop
      vertex 15.6335 6.275 4
      vertex 14.7234 6.41072 4
      vertex 14.7514 6.4519 4
    endloop
  endfacet
  facet normal 0 0 -1
    outer loop
      vertex 15.6335 6.275 4
      vertex 14.6995 6.36694 4
      vertex 14.7234 6.41072 4
    endloop
  endfacet
  facet normal 0 0 -1
    outer loop
      vertex 15.6335 6.275 4
      vertex 14.6802 6.32101 4
      vertex 14.6995 6.36694 4
    endloop
  endfacet
  facet normal 0 -0 -1
    outer loop
      vertex 14.6802 6.32101 4
      vertex 15.6335 6.275 4
      vertex 14.666 6.275 4
    endloop
  endfacet
  facet normal 0.53806 -0.833755 -0.123871
    outer loop
      vertex 14.9 6.58301 4
      vertex 14.8581 6.55597 4
      vertex 14.5663 6.96194 0
    endloop
  endfacet
  facet normal 0.618425 -0.776016 -0.123889
    outer loop
      vertex 14.5663 6.96194 0
      vertex 14.8192 6.52489 4
      vertex 14.4883 6.89978 0
    endloop
  endfacet
  facet normal 0.362515 -0.923707 -0.123889
    outer loop
      vertex 14.8315 7.09793 0
      vertex 14.9908 6.62396 4
      vertex 14.7387 7.06151 0
    endloop
  endfacet
  facet normal 0.26866 -0.955235 -0.123888
    outer loop
      vertex 14.9275 7.12493 0
      vertex 14.9908 6.62396 4
      vertex 14.8315 7.09793 0
    endloop
  endfacet
  facet normal 0.26918 -0.95509 -0.123878
    outer loop
      vertex 14.9908 6.62396 4
      vertex 14.9275 7.12493 0
      vertex 15.0387 6.63746 4
    endloop
  endfacet
  facet normal 0.0741643 -0.989522 -0.123882
    outer loop
      vertex 15.1251 7.14969 0
      vertex 15.0878 6.64612 4
      vertex 15.0257 7.14224 0
    endloop
  endfacet
  facet normal 0.0740653 -0.989529 -0.123884
    outer loop
      vertex 15.0878 6.64612 4
      vertex 15.1251 7.14969 0
      vertex 15.1375 6.64984 4
    endloop
  endfacet
  facet normal 0.362515 -0.923707 -0.123889
    outer loop
      vertex 14.9908 6.62396 4
      vertex 14.9444 6.60575 4
      vertex 14.7387 7.06151 0
    endloop
  endfacet
  facet normal 0.452341 -0.883198 -0.123893
    outer loop
      vertex 14.9444 6.60575 4
      vertex 14.9 6.58301 4
      vertex 14.7387 7.06151 0
    endloop
  endfacet
  facet normal 0.538513 -0.833461 -0.123881
    outer loop
      vertex 14.65 7.01602 0
      vertex 14.9 6.58301 4
      vertex 14.5663 6.96194 0
    endloop
  endfacet
  facet normal -0.727447 -0.674889 -0.12388
    outer loop
      vertex 15.8482 6.86587 0
      vertex 15.533 6.47139 4
      vertex 15.4991 6.50793 4
    endloop
  endfacet
  facet normal -0.846653 -0.517526 -0.12388
    outer loop
      vertex 16.0282 6.62825 0
      vertex 15.5631 6.43166 4
      vertex 15.9762 6.71332 0
    endloop
  endfacet
  facet normal -0.846626 -0.51757 -0.123879
    outer loop
      vertex 15.5631 6.43166 4
      vertex 16.0282 6.62825 0
      vertex 15.5891 6.38913 4
    endloop
  endfacet
  facet normal -0.790974 -0.599178 -0.12388
    outer loop
      vertex 15.9762 6.71332 0
      vertex 15.533 6.47139 4
      vertex 15.916 6.79279 0
    endloop
  endfacet
  facet normal -0.790938 -0.599226 -0.123879
    outer loop
      vertex 15.533 6.47139 4
      vertex 15.9762 6.71332 0
      vertex 15.5631 6.43166 4
    endloop
  endfacet
  facet normal -0.123349 -0.9846 -0.123883
    outer loop
      vertex 15.3236 7.13481 0
      vertex 15.2368 6.6424 4
      vertex 15.2247 7.1472 0
    endloop
  endfacet
  facet normal -0.40799 -0.904543 -0.12388
    outer loop
      vertex 15.5153 7.08087 0
      vertex 15.6062 7.03987 0
      vertex 15.3781 6.59494 4
    endloop
  endfacet
  facet normal -0.408363 -0.904375 -0.123873
    outer loop
      vertex 15.5153 7.08087 0
      vertex 15.3781 6.59494 4
      vertex 15.3327 6.61544 4
    endloop
  endfacet
  facet normal 0.759605 -0.638474 -0.123901
    outer loop
      vertex 14.7835 6.49009 4
      vertex 14.7514 6.4519 4
      vertex 14.4169 6.83017 0
    endloop
  endfacet
  facet normal 0.760546 -0.637357 -0.123874
    outer loop
      vertex 14.4169 6.83017 0
      vertex 14.7514 6.4519 4
      vertex 14.3529 6.7538 0
    endloop
  endfacet
  facet normal 0.619398 -0.775244 -0.123867
    outer loop
      vertex 14.8581 6.55597 4
      vertex 14.8192 6.52489 4
      vertex 14.5663 6.96194 0
    endloop
  endfacet
  facet normal -0.220757 -0.967429 -0.123881
    outer loop
      vertex 15.4208 7.11262 0
      vertex 15.2854 6.63131 4
      vertex 15.2368 6.6424 4
    endloop
  endfacet
  facet normal -0.12357 -0.984573 -0.123879
    outer loop
      vertex 15.2247 7.1472 0
      vertex 15.2368 6.6424 4
      vertex 15.1874 6.6486 4
    endloop
  endfacet
  facet normal 0.914456 -0.385254 -0.123896
    outer loop
      vertex 14.249 6.58388 0
      vertex 14.6802 6.32101 4
      vertex 14.2103 6.49202 0
    endloop
  endfacet
  facet normal 0.914813 -0.384409 -0.123879
    outer loop
      vertex 14.6995 6.36694 4
      vertex 14.6802 6.32101 4
      vertex 14.249 6.58388 0
    endloop
  endfacet
endsolid OpenSCAD_Model
