solid OpenSCAD_Model
  facet normal -0.999688 0.0249693 0
    outer loop
      vertex -2 0 0
      vertex -1.99751 0.0996914 3
      vertex -1.99751 0.0996914 0
    endloop
  endfacet
  facet normal -0.999688 0.0249693 0
    outer loop
      vertex -1.99751 0.0996914 3
      vertex -2 0 0
      vertex -2 0 3
    endloop
  endfacet
  facet normal 0 1 -0
    outer loop
      vertex 0.049861 1.99938 0
      vertex -0.049861 1.99938 3
      vertex 0.049861 1.99938 3
    endloop
  endfacet
  facet normal 0 1 0
    outer loop
      vertex -0.049861 1.99938 3
      vertex 0.049861 1.99938 0
      vertex -0.049861 1.99938 0
    endloop
  endfacet
  facet normal 0 -1 0
    outer loop
      vertex -0.049861 -1.99938 0
      vertex 0.049861 -1.99938 3
      vertex -0.049861 -1.99938 3
    endloop
  endfacet
  facet normal 0 -1 -0
    outer loop
      vertex 0.049861 -1.99938 3
      vertex -0.049861 -1.99938 0
      vertex 0.049861 -1.99938 0
    endloop
  endfacet
  facet normal 0.68019 0.733036 -0
    outer loop
      vertex 1.39647 1.43173 0
      vertex 1.32337 1.49956 3
      vertex 1.39647 1.43173 3
    endloop
  endfacet
  facet normal 0.68019 0.733036 0
    outer loop
      vertex 1.32337 1.49956 3
      vertex 1.39647 1.43173 0
      vertex 1.32337 1.49956 0
    endloop
  endfacet
  facet normal -0.715876 0.698227 0
    outer loop
      vertex -1.4661 1.36034 0
      vertex -1.39647 1.43173 3
      vertex -1.39647 1.43173 0
    endloop
  endfacet
  facet normal -0.715876 0.698227 0
    outer loop
      vertex -1.39647 1.43173 3
      vertex -1.4661 1.36034 0
      vertex -1.4661 1.36034 3
    endloop
  endfacet
  facet normal -0.388468 0.921462 0
    outer loop
      vertex -0.730681 1.86175 0
      vertex -0.822574 1.82301 3
      vertex -0.730681 1.86175 3
    endloop
  endfacet
  facet normal -0.388468 0.921462 0
    outer loop
      vertex -0.822574 1.82301 3
      vertex -0.730681 1.86175 0
      vertex -0.822574 1.82301 0
    endloop
  endfacet
  facet normal 0.911524 0.411248 0
    outer loop
      vertex 1.84295 0.776869 3
      vertex 1.80194 0.867767 0
      vertex 1.80194 0.867767 3
    endloop
  endfacet
  facet normal 0.911524 0.411248 0
    outer loop
      vertex 1.80194 0.867767 0
      vertex 1.84295 0.776869 3
      vertex 1.84295 0.776869 0
    endloop
  endfacet
  facet normal 0.388468 0.921462 -0
    outer loop
      vertex 0.822574 1.82301 0
      vertex 0.730681 1.86175 3
      vertex 0.822574 1.82301 3
    endloop
  endfacet
  facet normal 0.388468 0.921462 0
    outer loop
      vertex 0.730681 1.86175 3
      vertex 0.822574 1.82301 0
      vertex 0.730681 1.86175 0
    endloop
  endfacet
  facet normal 0.563256 0.826282 -0
    outer loop
      vertex 1.16749 1.62388 0
      vertex 1.08509 1.68005 3
      vertex 1.16749 1.62388 3
    endloop
  endfacet
  facet normal 0.563256 0.826282 0
    outer loop
      vertex 1.08509 1.68005 3
      vertex 1.16749 1.62388 0
      vertex 1.08509 1.68005 0
    endloop
  endfacet
  facet normal -0.930883 0.365318 0
    outer loop
      vertex -1.87938 0.68404 0
      vertex -1.84295 0.776869 3
      vertex -1.84295 0.776869 0
    endloop
  endfacet
  facet normal -0.930883 0.365318 0
    outer loop
      vertex -1.84295 0.776869 3
      vertex -1.87938 0.68404 0
      vertex -1.87938 0.68404 3
    endloop
  endfacet
  facet normal -0.198052 0.980192 0
    outer loop
      vertex -0.347296 1.96961 0
      vertex -0.445042 1.94986 3
      vertex -0.347296 1.96961 3
    endloop
  endfacet
  facet normal -0.198052 0.980192 0
    outer loop
      vertex -0.445042 1.94986 3
      vertex -0.347296 1.96961 0
      vertex -0.445042 1.94986 0
    endloop
  endfacet
  facet normal 0.974914 0.222581 0
    outer loop
      vertex 1.9595 0.4 3
      vertex 1.93815 0.493514 0
      vertex 1.93815 0.493514 3
    endloop
  endfacet
  facet normal 0.974914 0.222581 0
    outer loop
      vertex 1.93815 0.493514 0
      vertex 1.9595 0.4 3
      vertex 1.9595 0.4 0
    endloop
  endfacet
  facet normal 0.811907 0.583787 0
    outer loop
      vertex 1.65248 1.12664 3
      vertex 1.59426 1.20761 0
      vertex 1.59426 1.20761 3
    endloop
  endfacet
  facet normal 0.811907 0.583787 0
    outer loop
      vertex 1.59426 1.20761 0
      vertex 1.65248 1.12664 3
      vertex 1.65248 1.12664 0
    endloop
  endfacet
  facet normal 0.86603 0.499992 0
    outer loop
      vertex 1.75644 0.956508 3
      vertex 1.70658 1.04287 0
      vertex 1.70658 1.04287 3
    endloop
  endfacet
  facet normal 0.86603 0.499992 0
    outer loop
      vertex 1.70658 1.04287 0
      vertex 1.75644 0.956508 3
      vertex 1.75644 0.956508 0
    endloop
  endfacet
  facet normal 0.198052 0.980192 -0
    outer loop
      vertex 0.445042 1.94986 0
      vertex 0.347296 1.96961 3
      vertex 0.445042 1.94986 3
    endloop
  endfacet
  facet normal 0.198052 0.980192 0
    outer loop
      vertex 0.347296 1.96961 3
      vertex 0.445042 1.94986 0
      vertex 0.347296 1.96961 0
    endloop
  endfacet
  facet normal 0.60386 0.797091 -0
    outer loop
      vertex 1.24698 1.56366 0
      vertex 1.16749 1.62388 3
      vertex 1.24698 1.56366 3
    endloop
  endfacet
  facet normal 0.60386 0.797091 0
    outer loop
      vertex 1.16749 1.62388 3
      vertex 1.24698 1.56366 0
      vertex 1.16749 1.62388 0
    endloop
  endfacet
  facet normal -0.984802 0.17368 0
    outer loop
      vertex -1.97766 0.298084 0
      vertex -1.96034 0.396292 3
      vertex -1.96034 0.396292 0
    endloop
  endfacet
  facet normal -0.984802 0.17368 0
    outer loop
      vertex -1.96034 0.396292 3
      vertex -1.97766 0.298084 0
      vertex -1.97766 0.298084 3
    endloop
  endfacet
  facet normal -0.840046 0.542515 0
    outer loop
      vertex -1.70658 1.04287 0
      vertex -1.65248 1.12664 3
      vertex -1.65248 1.12664 0
    endloop
  endfacet
  facet normal -0.840046 0.542515 0
    outer loop
      vertex -1.65248 1.12664 3
      vertex -1.70658 1.04287 0
      vertex -1.70658 1.04287 3
    endloop
  endfacet
  facet normal 0 0 1
    outer loop
      vertex 0.915906 0.4 3
      vertex 1.93815 0.493514 3
      vertex 1.91115 0.58951 3
    endloop
  endfacet
  facet normal 0 0 1
    outer loop
      vertex 0.915906 0.4 3
      vertex 1.91115 0.58951 3
      vertex 1.87938 0.68404 3
    endloop
  endfacet
  facet normal 0 0 1
    outer loop
      vertex 0.915906 0.4 3
      vertex 1.87938 0.68404 3
      vertex 1.84295 0.776869 3
    endloop
  endfacet
  facet normal 0 0 1
    outer loop
      vertex 0.915906 0.4 3
      vertex 1.84295 0.776869 3
      vertex 1.80194 0.867767 3
    endloop
  endfacet
  facet normal 0 0 1
    outer loop
      vertex 0.878222 0.478253 3
      vertex 1.80194 0.867767 3
      vertex 1.75644 0.956508 3
    endloop
  endfacet
  facet normal 0 0 1
    outer loop
      vertex 0.878222 0.478253 3
      vertex 1.75644 0.956508 3
      vertex 1.70658 1.04287 3
    endloop
  endfacet
  facet normal 0 0 1
    outer loop
      vertex 0.826239 0.563319 3
      vertex 1.70658 1.04287 3
      vertex 1.65248 1.12664 3
    endloop
  endfacet
  facet normal 0 0 1
    outer loop
      vertex 0.826239 0.563319 3
      vertex 1.65248 1.12664 3
      vertex 1.59426 1.20761 3
    endloop
  endfacet
  facet normal 0 0 1
    outer loop
      vertex 0.766044 0.642787 3
      vertex 1.59426 1.20761 3
      vertex 1.53209 1.28557 3
    endloop
  endfacet
  facet normal 0 0 1
    outer loop
      vertex 0.766044 0.642787 3
      vertex 1.53209 1.28557 3
      vertex 1.4661 1.36034 3
    endloop
  endfacet
  facet normal 0 0 1
    outer loop
      vertex 0.698236 0.715866 3
      vertex 1.4661 1.36034 3
      vertex 1.39647 1.43173 3
    endloop
  endfacet
  facet normal 0 0 1
    outer loop
      vertex 0.698236 0.715866 3
      vertex 1.39647 1.43173 3
      vertex 1.32337 1.49956 3
    endloop
  endfacet
  facet normal 0 0 1
    outer loop
      vertex 0.623489 0.781831 3
      vertex 1.32337 1.49956 3
      vertex 1.24698 1.56366 3
    endloop
  endfacet
  facet normal 0 0 1
    outer loop
      vertex 0.623489 0.781831 3
      vertex 1.24698 1.56366 3
      vertex 1.16749 1.62388 3
    endloop
  endfacet
  facet normal 0 0 1
    outer loop
      vertex 0.542545 0.840026 3
      vertex 1.16749 1.62388 3
      vertex 1.08509 1.68005 3
    endloop
  endfacet
  facet normal 0 0 1
    outer loop
      vertex 0.542545 0.840026 3
      vertex 1.08509 1.68005 3
      vertex 1 1.73205 3
    endloop
  endfacet
  facet normal 0 0 1
    outer loop
      vertex 1.70658 1.04287 3
      vertex 0.826239 0.563319 3
      vertex 0.878222 0.478253 3
    endloop
  endfacet
  facet normal 0 0 1
    outer loop
      vertex 0.45621 0.889872 3
      vertex 1 1.73205 3
      vertex 0.912421 1.77974 3
    endloop
  endfacet
  facet normal 0 0 1
    outer loop
      vertex 1.93815 0.493514 3
      vertex 0.915906 0.4 3
      vertex 1.9595 0.4 3
    endloop
  endfacet
  facet normal 0 0 1
    outer loop
      vertex 1.80194 0.867767 3
      vertex 0.878222 0.478253 3
      vertex 0.915906 0.4 3
    endloop
  endfacet
  facet normal 0 0 1
    outer loop
      vertex 0.45621 0.889872 3
      vertex 0.912421 1.77974 3
      vertex 0.822574 1.82301 3
    endloop
  endfacet
  facet normal 0 0 1
    outer loop
      vertex 1.59426 1.20761 3
      vertex 0.766044 0.642787 3
      vertex 0.826239 0.563319 3
    endloop
  endfacet
  facet normal 0 0 1
    outer loop
      vertex 0.36534 0.930873 3
      vertex 0.822574 1.82301 3
      vertex 0.730681 1.86175 3
    endloop
  endfacet
  facet normal 0 0 1
    outer loop
      vertex 1.4661 1.36034 3
      vertex 0.698236 0.715866 3
      vertex 0.766044 0.642787 3
    endloop
  endfacet
  facet normal 0 0 1
    outer loop
      vertex 0.36534 0.930873 3
      vertex 0.730681 1.86175 3
      vertex 0.636972 1.89585 3
    endloop
  endfacet
  facet normal 0 0 1
    outer loop
      vertex 1.32337 1.49956 3
      vertex 0.623489 0.781831 3
      vertex 0.698236 0.715866 3
    endloop
  endfacet
  facet normal 0 0 1
    outer loop
      vertex 1.16749 1.62388 3
      vertex 0.542545 0.840026 3
      vertex 0.623489 0.781831 3
    endloop
  endfacet
  facet normal 0 0 1
    outer loop
      vertex 0.27084 0.962624 3
      vertex 0.636972 1.89585 3
      vertex 0.54168 1.92525 3
    endloop
  endfacet
  facet normal 0 0 1
    outer loop
      vertex 1 1.73205 3
      vertex 0.45621 0.889872 3
      vertex 0.542545 0.840026 3
    endloop
  endfacet
  facet normal 0 0 1
    outer loop
      vertex 0.27084 0.962624 3
      vertex 0.54168 1.92525 3
      vertex 0.445042 1.94986 3
    endloop
  endfacet
  facet normal 0 0 1
    outer loop
      vertex 0.822574 1.82301 3
      vertex 0.36534 0.930873 3
      vertex 0.45621 0.889872 3
    endloop
  endfacet
  facet normal 0 0 1
    outer loop
      vertex 0.173648 0.984807 3
      vertex 0.445042 1.94986 3
      vertex 0.347296 1.96961 3
    endloop
  endfacet
  facet normal 0 0 1
    outer loop
      vertex 0.636972 1.89585 3
      vertex 0.27084 0.962624 3
      vertex 0.36534 0.930873 3
    endloop
  endfacet
  facet normal 0 0 1
    outer loop
      vertex 0.173648 0.984807 3
      vertex 0.347296 1.96961 3
      vertex 0.248687 1.98448 3
    endloop
  endfacet
  facet normal 0 0 1
    outer loop
      vertex 0.445042 1.94986 3
      vertex 0.173648 0.984807 3
      vertex 0.27084 0.962624 3
    endloop
  endfacet
  facet normal 0 0 1
    outer loop
      vertex 0.0747299 0.997203 3
      vertex 0.248687 1.98448 3
      vertex 0.14946 1.99441 3
    endloop
  endfacet
  facet normal 0 0 1
    outer loop
      vertex 0.248687 1.98448 3
      vertex 0.0747299 0.997203 3
      vertex 0.173648 0.984807 3
    endloop
  endfacet
  facet normal 0 0 1
    outer loop
      vertex 0.049861 1.99938 3
      vertex 0.0747299 0.997203 3
      vertex 0.14946 1.99441 3
    endloop
  endfacet
  facet normal 0 0 1
    outer loop
      vertex 0.049861 1.99938 3
      vertex -0.02493 0.999689 3
      vertex 0.0747299 0.997203 3
    endloop
  endfacet
  facet normal -0 0 1
    outer loop
      vertex -0.049861 1.99938 3
      vertex -0.02493 0.999689 3
      vertex 0.049861 1.99938 3
    endloop
  endfacet
  facet normal -0 0 1
    outer loop
      vertex -0.14946 1.99441 3
      vertex -0.02493 0.999689 3
      vertex -0.049861 1.99938 3
    endloop
  endfacet
  facet normal 0 0 1
    outer loop
      vertex -0.02493 0.999689 3
      vertex -0.14946 1.99441 3
      vertex -0.124343 0.992239 3
    endloop
  endfacet
  facet normal -0 0 1
    outer loop
      vertex -0.248687 1.98448 3
      vertex -0.124343 0.992239 3
      vertex -0.14946 1.99441 3
    endloop
  endfacet
  facet normal -0 0 1
    outer loop
      vertex -0.347296 1.96961 3
      vertex -0.124343 0.992239 3
      vertex -0.248687 1.98448 3
    endloop
  endfacet
  facet normal 0 0 1
    outer loop
      vertex -0.124343 0.992239 3
      vertex -0.347296 1.96961 3
      vertex -0.222521 0.974928 3
    endloop
  endfacet
  facet normal -0 0 1
    outer loop
      vertex -0.445042 1.94986 3
      vertex -0.222521 0.974928 3
      vertex -0.347296 1.96961 3
    endloop
  endfacet
  facet normal -0 0 1
    outer loop
      vertex -0.54168 1.92525 3
      vertex -0.222521 0.974928 3
      vertex -0.445042 1.94986 3
    endloop
  endfacet
  facet normal 0 0 1
    outer loop
      vertex -0.222521 0.974928 3
      vertex -0.54168 1.92525 3
      vertex -0.318486 0.947927 3
    endloop
  endfacet
  facet normal -0 0 1
    outer loop
      vertex -0.636972 1.89585 3
      vertex -0.318486 0.947927 3
      vertex -0.54168 1.92525 3
    endloop
  endfacet
  facet normal -0 0 1
    outer loop
      vertex -0.730681 1.86175 3
      vertex -0.318486 0.947927 3
      vertex -0.636972 1.89585 3
    endloop
  endfacet
  facet normal 0 0 1
    outer loop
      vertex -0.318486 0.947927 3
      vertex -0.730681 1.86175 3
      vertex -0.411286 0.911506 3
    endloop
  endfacet
  facet normal -0 0 1
    outer loop
      vertex -0.822574 1.82301 3
      vertex -0.411286 0.911506 3
      vertex -0.730681 1.86175 3
    endloop
  endfacet
  facet normal -0 0 1
    outer loop
      vertex -0.912421 1.77974 3
      vertex -0.411286 0.911506 3
      vertex -0.822574 1.82301 3
    endloop
  endfacet
  facet normal 0 0 1
    outer loop
      vertex -0.411286 0.911506 3
      vertex -0.912421 1.77974 3
      vertex -0.5 0.866025 3
    endloop
  endfacet
  facet normal -0 0 1
    outer loop
      vertex -1 1.73205 3
      vertex -0.5 0.866025 3
      vertex -0.912421 1.77974 3
    endloop
  endfacet
  facet normal -0 0 1
    outer loop
      vertex -1.08509 1.68005 3
      vertex -0.5 0.866025 3
      vertex -1 1.73205 3
    endloop
  endfacet
  facet normal 0 0 1
    outer loop
      vertex -0.5 0.866025 3
      vertex -1.08509 1.68005 3
      vertex -0.583743 0.811937 3
    endloop
  endfacet
  facet normal -0 0 1
    outer loop
      vertex -1.16749 1.62388 3
      vertex -0.583743 0.811937 3
      vertex -1.08509 1.68005 3
    endloop
  endfacet
  facet normal -0 0 1
    outer loop
      vertex -1.24698 1.56366 3
      vertex -0.583743 0.811937 3
      vertex -1.16749 1.62388 3
    endloop
  endfacet
  facet normal 0 0 1
    outer loop
      vertex -0.583743 0.811937 3
      vertex -1.24698 1.56366 3
      vertex -0.661685 0.749781 3
    endloop
  endfacet
  facet normal -0 0 1
    outer loop
      vertex -1.32337 1.49956 3
      vertex -0.661685 0.749781 3
      vertex -1.24698 1.56366 3
    endloop
  endfacet
  facet normal -0 0 1
    outer loop
      vertex -1.39647 1.43173 3
      vertex -0.661685 0.749781 3
      vertex -1.32337 1.49956 3
    endloop
  endfacet
  facet normal 0 0 1
    outer loop
      vertex -0.661685 0.749781 3
      vertex -1.39647 1.43173 3
      vertex -0.733051 0.680172 3
    endloop
  endfacet
  facet normal -0 0 1
    outer loop
      vertex -1.4661 1.36034 3
      vertex -0.733051 0.680172 3
      vertex -1.39647 1.43173 3
    endloop
  endfacet
  facet normal 0 0 1
    outer loop
      vertex -0.733051 0.680172 3
      vertex -1.53209 1.28557 3
      vertex -0.797132 0.603804 3
    endloop
  endfacet
  facet normal -0 0 1
    outer loop
      vertex -1.53209 1.28557 3
      vertex -0.733051 0.680172 3
      vertex -1.4661 1.36034 3
    endloop
  endfacet
  facet normal -0 0 1
    outer loop
      vertex 0.915906 -0.4 3
      vertex 1.93815 -0.493514 3
      vertex 1.9595 -0.4 3
    endloop
  endfacet
  facet normal 0 0 1
    outer loop
      vertex 1.93815 -0.493514 3
      vertex 0.915906 -0.4 3
      vertex 1.91115 -0.58951 3
    endloop
  endfacet
  facet normal 0 0 1
    outer loop
      vertex 1.91115 -0.58951 3
      vertex 0.915906 -0.4 3
      vertex 1.87938 -0.68404 3
    endloop
  endfacet
  facet normal 0 0 1
    outer loop
      vertex 1.87938 -0.68404 3
      vertex 0.915906 -0.4 3
      vertex 1.84295 -0.776869 3
    endloop
  endfacet
  facet normal 0 0 1
    outer loop
      vertex 1.84295 -0.776869 3
      vertex 0.915906 -0.4 3
      vertex 1.80194 -0.867767 3
    endloop
  endfacet
  facet normal -0 0 1
    outer loop
      vertex 0.878222 -0.478253 3
      vertex 1.80194 -0.867767 3
      vertex 0.915906 -0.4 3
    endloop
  endfacet
  facet normal 0 0 1
    outer loop
      vertex 1.80194 -0.867767 3
      vertex 0.878222 -0.478253 3
      vertex 1.75644 -0.956508 3
    endloop
  endfacet
  facet normal 0 0 1
    outer loop
      vertex 1.75644 -0.956508 3
      vertex 0.878222 -0.478253 3
      vertex 1.70658 -1.04287 3
    endloop
  endfacet
  facet normal -0 0 1
    outer loop
      vertex 0.826239 -0.563319 3
      vertex 1.70658 -1.04287 3
      vertex 0.878222 -0.478253 3
    endloop
  endfacet
  facet normal 0 0 1
    outer loop
      vertex 1.65248 -1.12664 3
      vertex 0.826239 -0.563319 3
      vertex 1.59426 -1.20761 3
    endloop
  endfacet
  facet normal -0 0 1
    outer loop
      vertex 0.766044 -0.642787 3
      vertex 1.59426 -1.20761 3
      vertex 0.826239 -0.563319 3
    endloop
  endfacet
  facet normal 0 0 1
    outer loop
      vertex 1.59426 -1.20761 3
      vertex 0.766044 -0.642787 3
      vertex 1.53209 -1.28557 3
    endloop
  endfacet
  facet normal 0 0 1
    outer loop
      vertex 1.53209 -1.28557 3
      vertex 0.766044 -0.642787 3
      vertex 1.4661 -1.36034 3
    endloop
  endfacet
  facet normal 0 0 1
    outer loop
      vertex 1.4661 -1.36034 3
      vertex 0.698236 -0.715866 3
      vertex 1.39647 -1.43173 3
    endloop
  endfacet
  facet normal 0 0 1
    outer loop
      vertex 1.39647 -1.43173 3
      vertex 0.698236 -0.715866 3
      vertex 1.32337 -1.49956 3
    endloop
  endfacet
  facet normal -0 0 1
    outer loop
      vertex 0.623489 -0.781831 3
      vertex 1.32337 -1.49956 3
      vertex 0.698236 -0.715866 3
    endloop
  endfacet
  facet normal 0 0 1
    outer loop
      vertex 1.70658 -1.04287 3
      vertex 0.826239 -0.563319 3
      vertex 1.65248 -1.12664 3
    endloop
  endfacet
  facet normal -0 0 1
    outer loop
      vertex 0.698236 -0.715866 3
      vertex 1.4661 -1.36034 3
      vertex 0.766044 -0.642787 3
    endloop
  endfacet
  facet normal 0 0 1
    outer loop
      vertex 1.32337 -1.49956 3
      vertex 0.623489 -0.781831 3
      vertex 1.24698 -1.56366 3
    endloop
  endfacet
  facet normal 0 0 1
    outer loop
      vertex 1.24698 -1.56366 3
      vertex 0.623489 -0.781831 3
      vertex 1.16749 -1.62388 3
    endloop
  endfacet
  facet normal -0 0 1
    outer loop
      vertex 0.542545 -0.840026 3
      vertex 1.16749 -1.62388 3
      vertex 0.623489 -0.781831 3
    endloop
  endfacet
  facet normal 0 0 1
    outer loop
      vertex 1.16749 -1.62388 3
      vertex 0.542545 -0.840026 3
      vertex 1.08509 -1.68005 3
    endloop
  endfacet
  facet normal 0 0 1
    outer loop
      vertex 1.08509 -1.68005 3
      vertex 0.542545 -0.840026 3
      vertex 1 -1.73205 3
    endloop
  endfacet
  facet normal -0 0 1
    outer loop
      vertex 0.45621 -0.889872 3
      vertex 1 -1.73205 3
      vertex 0.542545 -0.840026 3
    endloop
  endfacet
  facet normal 0 0 1
    outer loop
      vertex 1 -1.73205 3
      vertex 0.45621 -0.889872 3
      vertex 0.912421 -1.77974 3
    endloop
  endfacet
  facet normal 0 0 1
    outer loop
      vertex 0.912421 -1.77974 3
      vertex 0.45621 -0.889872 3
      vertex 0.822574 -1.82301 3
    endloop
  endfacet
  facet normal -0 0 1
    outer loop
      vertex 0.36534 -0.930873 3
      vertex 0.822574 -1.82301 3
      vertex 0.45621 -0.889872 3
    endloop
  endfacet
  facet normal 0 0 1
    outer loop
      vertex 0.822574 -1.82301 3
      vertex 0.36534 -0.930873 3
      vertex 0.730681 -1.86175 3
    endloop
  endfacet
  facet normal 0 0 1
    outer loop
      vertex 0.730681 -1.86175 3
      vertex 0.36534 -0.930873 3
      vertex 0.636972 -1.89585 3
    endloop
  endfacet
  facet normal -0 0 1
    outer loop
      vertex 0.27084 -0.962624 3
      vertex 0.636972 -1.89585 3
      vertex 0.36534 -0.930873 3
    endloop
  endfacet
  facet normal 0 0 1
    outer loop
      vertex 0.636972 -1.89585 3
      vertex 0.27084 -0.962624 3
      vertex 0.54168 -1.92525 3
    endloop
  endfacet
  facet normal 0 0 1
    outer loop
      vertex 0.54168 -1.92525 3
      vertex 0.27084 -0.962624 3
      vertex 0.445042 -1.94986 3
    endloop
  endfacet
  facet normal -0 0 1
    outer loop
      vertex 0.173648 -0.984807 3
      vertex 0.445042 -1.94986 3
      vertex 0.27084 -0.962624 3
    endloop
  endfacet
  facet normal 0 0 1
    outer loop
      vertex 0.445042 -1.94986 3
      vertex 0.173648 -0.984807 3
      vertex 0.347296 -1.96961 3
    endloop
  endfacet
  facet normal 0 0 1
    outer loop
      vertex 0.347296 -1.96961 3
      vertex 0.173648 -0.984807 3
      vertex 0.248687 -1.98448 3
    endloop
  endfacet
  facet normal -0 0 1
    outer loop
      vertex 0.0747299 -0.997203 3
      vertex 0.248687 -1.98448 3
      vertex 0.173648 -0.984807 3
    endloop
  endfacet
  facet normal 0 0 1
    outer loop
      vertex 0.248687 -1.98448 3
      vertex 0.0747299 -0.997203 3
      vertex 0.14946 -1.99441 3
    endloop
  endfacet
  facet normal 0 0 1
    outer loop
      vertex 0.0747299 -0.997203 3
      vertex 0.049861 -1.99938 3
      vertex 0.14946 -1.99441 3
    endloop
  endfacet
  facet normal -0 0 1
    outer loop
      vertex -0.02493 -0.999689 3
      vertex 0.049861 -1.99938 3
      vertex 0.0747299 -0.997203 3
    endloop
  endfacet
  facet normal 0 0 1
    outer loop
      vertex -0.02493 -0.999689 3
      vertex -0.049861 -1.99938 3
      vertex 0.049861 -1.99938 3
    endloop
  endfacet
  facet normal 0 0 1
    outer loop
      vertex -0.14946 -1.99441 3
      vertex -0.02493 -0.999689 3
      vertex -0.124343 -0.992239 3
    endloop
  endfacet
  facet normal 0 0 1
    outer loop
      vertex -0.02493 -0.999689 3
      vertex -0.14946 -1.99441 3
      vertex -0.049861 -1.99938 3
    endloop
  endfacet
  facet normal 0 0 1
    outer loop
      vertex -0.347296 -1.96961 3
      vertex -0.124343 -0.992239 3
      vertex -0.222521 -0.974928 3
    endloop
  endfacet
  facet normal 0 0 1
    outer loop
      vertex -0.124343 -0.992239 3
      vertex -0.248687 -1.98448 3
      vertex -0.14946 -1.99441 3
    endloop
  endfacet
  facet normal 0 0 1
    outer loop
      vertex -0.54168 -1.92525 3
      vertex -0.222521 -0.974928 3
      vertex -0.318486 -0.947927 3
    endloop
  endfacet
  facet normal 0 0 1
    outer loop
      vertex -0.124343 -0.992239 3
      vertex -0.347296 -1.96961 3
      vertex -0.248687 -1.98448 3
    endloop
  endfacet
  facet normal 0 0 1
    outer loop
      vertex -0.730681 -1.86175 3
      vertex -0.318486 -0.947927 3
      vertex -0.411286 -0.911506 3
    endloop
  endfacet
  facet normal 0 0 1
    outer loop
      vertex -0.222521 -0.974928 3
      vertex -0.445042 -1.94986 3
      vertex -0.347296 -1.96961 3
    endloop
  endfacet
  facet normal 0 0 1
    outer loop
      vertex -0.912421 -1.77974 3
      vertex -0.411286 -0.911506 3
      vertex -0.5 -0.866025 3
    endloop
  endfacet
  facet normal 0 0 1
    outer loop
      vertex -0.222521 -0.974928 3
      vertex -0.54168 -1.92525 3
      vertex -0.445042 -1.94986 3
    endloop
  endfacet
  facet normal 0 0 1
    outer loop
      vertex -1.08509 -1.68005 3
      vertex -0.5 -0.866025 3
      vertex -0.583743 -0.811937 3
    endloop
  endfacet
  facet normal 0 0 1
    outer loop
      vertex -0.318486 -0.947927 3
      vertex -0.636972 -1.89585 3
      vertex -0.54168 -1.92525 3
    endloop
  endfacet
  facet normal 0 0 1
    outer loop
      vertex -1.24698 -1.56366 3
      vertex -0.583743 -0.811937 3
      vertex -0.661685 -0.749781 3
    endloop
  endfacet
  facet normal 0 0 1
    outer loop
      vertex -0.318486 -0.947927 3
      vertex -0.730681 -1.86175 3
      vertex -0.636972 -1.89585 3
    endloop
  endfacet
  facet normal 0 0 1
    outer loop
      vertex -1.39647 -1.43173 3
      vertex -0.661685 -0.749781 3
      vertex -0.733051 -0.680172 3
    endloop
  endfacet
  facet normal 0 0 1
    outer loop
      vertex -1.53209 -1.28557 3
      vertex -0.733051 -0.680172 3
      vertex -0.797132 -0.603804 3
    endloop
  endfacet
  facet normal 0 0 1
    outer loop
      vertex -0.411286 -0.911506 3
      vertex -0.822574 -1.82301 3
      vertex -0.730681 -1.86175 3
    endloop
  endfacet
  facet normal 0 0 1
    outer loop
      vertex -1.65248 -1.12664 3
      vertex -0.797132 -0.603804 3
      vertex -0.853291 -0.521435 3
    endloop
  endfacet
  facet normal 0 0 1
    outer loop
      vertex -1.75644 -0.956508 3
      vertex -0.853291 -0.521435 3
      vertex -0.900969 -0.433884 3
    endloop
  endfacet
  facet normal 0 0 1
    outer loop
      vertex -0.411286 -0.911506 3
      vertex -0.912421 -1.77974 3
      vertex -0.822574 -1.82301 3
    endloop
  endfacet
  facet normal 0 0 1
    outer loop
      vertex -1.84295 -0.776869 3
      vertex -0.900969 -0.433884 3
      vertex -0.939692 -0.34202 3
    endloop
  endfacet
  facet normal 0 0 1
    outer loop
      vertex -1.91115 -0.58951 3
      vertex -0.939692 -0.34202 3
      vertex -0.969077 -0.246757 3
    endloop
  endfacet
  facet normal 0 0 1
    outer loop
      vertex -1.96034 -0.396292 3
      vertex -0.969077 -0.246757 3
      vertex -0.988831 -0.149042 3
    endloop
  endfacet
  facet normal 0 0 1
    outer loop
      vertex -1.99006 -0.199135 3
      vertex -0.988831 -0.149042 3
      vertex -0.998756 -0.0498457 3
    endloop
  endfacet
  facet normal 0 0 1
    outer loop
      vertex -0.5 -0.866025 3
      vertex -1 -1.73205 3
      vertex -0.912421 -1.77974 3
    endloop
  endfacet
  facet normal -0 0 1
    outer loop
      vertex -1.59426 1.20761 3
      vertex -0.797132 0.603804 3
      vertex -1.53209 1.28557 3
    endloop
  endfacet
  facet normal -0 0 1
    outer loop
      vertex -1.65248 1.12664 3
      vertex -0.797132 0.603804 3
      vertex -1.59426 1.20761 3
    endloop
  endfacet
  facet normal 0 0 1
    outer loop
      vertex -0.5 -0.866025 3
      vertex -1.08509 -1.68005 3
      vertex -1 -1.73205 3
    endloop
  endfacet
  facet normal 0 0 1
    outer loop
      vertex -0.797132 0.603804 3
      vertex -1.65248 1.12664 3
      vertex -0.853291 0.521435 3
    endloop
  endfacet
  facet normal 0 0 1
    outer loop
      vertex -0.583743 -0.811937 3
      vertex -1.16749 -1.62388 3
      vertex -1.08509 -1.68005 3
    endloop
  endfacet
  facet normal -0 0 1
    outer loop
      vertex -1.70658 1.04287 3
      vertex -0.853291 0.521435 3
      vertex -1.65248 1.12664 3
    endloop
  endfacet
  facet normal 0 0 1
    outer loop
      vertex -0.583743 -0.811937 3
      vertex -1.24698 -1.56366 3
      vertex -1.16749 -1.62388 3
    endloop
  endfacet
  facet normal -0 0 1
    outer loop
      vertex -1.75644 0.956508 3
      vertex -0.853291 0.521435 3
      vertex -1.70658 1.04287 3
    endloop
  endfacet
  facet normal 0 0 1
    outer loop
      vertex -0.661685 -0.749781 3
      vertex -1.32337 -1.49956 3
      vertex -1.24698 -1.56366 3
    endloop
  endfacet
  facet normal 0 0 1
    outer loop
      vertex -0.853291 0.521435 3
      vertex -1.75644 0.956508 3
      vertex -0.900969 0.433884 3
    endloop
  endfacet
  facet normal 0 0 1
    outer loop
      vertex -0.661685 -0.749781 3
      vertex -1.39647 -1.43173 3
      vertex -1.32337 -1.49956 3
    endloop
  endfacet
  facet normal -0 0 1
    outer loop
      vertex -1.80194 0.867767 3
      vertex -0.900969 0.433884 3
      vertex -1.75644 0.956508 3
    endloop
  endfacet
  facet normal 0 0 1
    outer loop
      vertex -0.733051 -0.680172 3
      vertex -1.4661 -1.36034 3
      vertex -1.39647 -1.43173 3
    endloop
  endfacet
  facet normal -0 0 1
    outer loop
      vertex -1.84295 0.776869 3
      vertex -0.900969 0.433884 3
      vertex -1.80194 0.867767 3
    endloop
  endfacet
  facet normal 0 0 1
    outer loop
      vertex -0.733051 -0.680172 3
      vertex -1.53209 -1.28557 3
      vertex -1.4661 -1.36034 3
    endloop
  endfacet
  facet normal 0 0 1
    outer loop
      vertex -0.900969 0.433884 3
      vertex -1.84295 0.776869 3
      vertex -0.939692 0.34202 3
    endloop
  endfacet
  facet normal 0 0 1
    outer loop
      vertex -0.797132 -0.603804 3
      vertex -1.59426 -1.20761 3
      vertex -1.53209 -1.28557 3
    endloop
  endfacet
  facet normal -0 0 1
    outer loop
      vertex -1.87938 0.68404 3
      vertex -0.939692 0.34202 3
      vertex -1.84295 0.776869 3
    endloop
  endfacet
  facet normal 0 0 1
    outer loop
      vertex -0.797132 -0.603804 3
      vertex -1.65248 -1.12664 3
      vertex -1.59426 -1.20761 3
    endloop
  endfacet
  facet normal -0 0 1
    outer loop
      vertex -1.91115 0.58951 3
      vertex -0.939692 0.34202 3
      vertex -1.87938 0.68404 3
    endloop
  endfacet
  facet normal 0 0 1
    outer loop
      vertex -0.853291 -0.521435 3
      vertex -1.70658 -1.04287 3
      vertex -1.65248 -1.12664 3
    endloop
  endfacet
  facet normal 0 0 1
    outer loop
      vertex -0.939692 0.34202 3
      vertex -1.91115 0.58951 3
      vertex -0.969077 0.246757 3
    endloop
  endfacet
  facet normal 0 0 1
    outer loop
      vertex -0.853291 -0.521435 3
      vertex -1.75644 -0.956508 3
      vertex -1.70658 -1.04287 3
    endloop
  endfacet
  facet normal -0 0 1
    outer loop
      vertex -1.93815 0.493514 3
      vertex -0.969077 0.246757 3
      vertex -1.91115 0.58951 3
    endloop
  endfacet
  facet normal 0 0 1
    outer loop
      vertex -0.900969 -0.433884 3
      vertex -1.80194 -0.867767 3
      vertex -1.75644 -0.956508 3
    endloop
  endfacet
  facet normal -0 0 1
    outer loop
      vertex -1.96034 0.396292 3
      vertex -0.969077 0.246757 3
      vertex -1.93815 0.493514 3
    endloop
  endfacet
  facet normal 0 0 1
    outer loop
      vertex -0.900969 -0.433884 3
      vertex -1.84295 -0.776869 3
      vertex -1.80194 -0.867767 3
    endloop
  endfacet
  facet normal 0 0 1
    outer loop
      vertex -0.969077 0.246757 3
      vertex -1.96034 0.396292 3
      vertex -0.988831 0.149042 3
    endloop
  endfacet
  facet normal 0 0 1
    outer loop
      vertex -0.939692 -0.34202 3
      vertex -1.87938 -0.68404 3
      vertex -1.84295 -0.776869 3
    endloop
  endfacet
  facet normal -0 0 1
    outer loop
      vertex -1.97766 0.298084 3
      vertex -0.988831 0.149042 3
      vertex -1.96034 0.396292 3
    endloop
  endfacet
  facet normal 0 0 1
    outer loop
      vertex -0.939692 -0.34202 3
      vertex -1.91115 -0.58951 3
      vertex -1.87938 -0.68404 3
    endloop
  endfacet
  facet normal -0 0 1
    outer loop
      vertex -1.99006 0.199135 3
      vertex -0.988831 0.149042 3
      vertex -1.97766 0.298084 3
    endloop
  endfacet
  facet normal 0 0 1
    outer loop
      vertex -0.969077 -0.246757 3
      vertex -1.93815 -0.493514 3
      vertex -1.91115 -0.58951 3
    endloop
  endfacet
  facet normal 0 0 1
    outer loop
      vertex -0.988831 0.149042 3
      vertex -1.99006 0.199135 3
      vertex -0.998756 0.0498457 3
    endloop
  endfacet
  facet normal 0 0 1
    outer loop
      vertex -0.969077 -0.246757 3
      vertex -1.96034 -0.396292 3
      vertex -1.93815 -0.493514 3
    endloop
  endfacet
  facet normal -0 0 1
    outer loop
      vertex -1.99751 0.0996914 3
      vertex -0.998756 0.0498457 3
      vertex -1.99006 0.199135 3
    endloop
  endfacet
  facet normal 0 0 1
    outer loop
      vertex -0.988831 -0.149042 3
      vertex -1.97766 -0.298084 3
      vertex -1.96034 -0.396292 3
    endloop
  endfacet
  facet normal 0 0 1
    outer loop
      vertex -2 0 3
      vertex -0.998756 0.0498457 3
      vertex -1.99751 0.0996914 3
    endloop
  endfacet
  facet normal 0 0 1
    outer loop
      vertex -0.988831 -0.149042 3
      vertex -1.99006 -0.199135 3
      vertex -1.97766 -0.298084 3
    endloop
  endfacet
  facet normal 0 0 1
    outer loop
      vertex -0.998756 0.0498457 3
      vertex -2 0 3
      vertex -0.998756 -0.0498457 3
    endloop
  endfacet
  facet normal 0 0 1
    outer loop
      vertex -0.998756 -0.0498457 3
      vertex -1.99751 -0.0996914 3
      vertex -1.99006 -0.199135 3
    endloop
  endfacet
  facet normal 0 0 1
    outer loop
      vertex -0.998756 -0.0498457 3
      vertex -2 0 3
      vertex -1.99751 -0.0996914 3
    endloop
  endfacet
  facet normal -0.563256 0.826282 0
    outer loop
      vertex -1.08509 1.68005 0
      vertex -1.16749 1.62388 3
      vertex -1.08509 1.68005 3
    endloop
  endfacet
  facet normal -0.563256 0.826282 0
    outer loop
      vertex -1.16749 1.62388 3
      vertex -1.08509 1.68005 0
      vertex -1.16749 1.62388 0
    endloop
  endfacet
  facet normal -0.0995762 0.99503 0
    outer loop
      vertex -0.14946 1.99441 0
      vertex -0.248687 1.98448 3
      vertex -0.14946 1.99441 3
    endloop
  endfacet
  facet normal -0.0995762 0.99503 0
    outer loop
      vertex -0.248687 1.98448 3
      vertex -0.14946 1.99441 0
      vertex -0.248687 1.98448 0
    endloop
  endfacet
  facet normal 0.715876 -0.698227 0
    outer loop
      vertex 1.39647 -1.43173 3
      vertex 1.4661 -1.36034 0
      vertex 1.4661 -1.36034 3
    endloop
  endfacet
  facet normal 0.715876 -0.698227 0
    outer loop
      vertex 1.4661 -1.36034 0
      vertex 1.39647 -1.43173 3
      vertex 1.39647 -1.43173 0
    endloop
  endfacet
  facet normal 0.149112 -0.98882 0
    outer loop
      vertex 0.248687 -1.98448 0
      vertex 0.347296 -1.96961 3
      vertex 0.248687 -1.98448 3
    endloop
  endfacet
  facet normal 0.149112 -0.98882 0
    outer loop
      vertex 0.347296 -1.96961 3
      vertex 0.248687 -1.98448 0
      vertex 0.347296 -1.96961 0
    endloop
  endfacet
  facet normal 0.947898 0.318573 0
    outer loop
      vertex 1.91115 0.58951 3
      vertex 1.87938 0.68404 0
      vertex 1.87938 0.68404 3
    endloop
  endfacet
  facet normal 0.947898 0.318573 0
    outer loop
      vertex 1.87938 0.68404 0
      vertex 1.91115 0.58951 3
      vertex 1.91115 0.58951 0
    endloop
  endfacet
  facet normal 0.930883 0.365318 0
    outer loop
      vertex 1.87938 0.68404 3
      vertex 1.84295 0.776869 0
      vertex 1.84295 0.776869 3
    endloop
  endfacet
  facet normal 0.930883 0.365318 0
    outer loop
      vertex 1.84295 0.776869 0
      vertex 1.87938 0.68404 3
      vertex 1.87938 0.68404 0
    endloop
  endfacet
  facet normal 0.962648 0.270756 0
    outer loop
      vertex 1.93815 0.493514 3
      vertex 1.91115 0.58951 0
      vertex 1.91115 0.58951 3
    endloop
  endfacet
  facet normal 0.962648 0.270756 0
    outer loop
      vertex 1.91115 0.58951 0
      vertex 1.93815 0.493514 3
      vertex 1.93815 0.493514 0
    endloop
  endfacet
  facet normal 0.749756 0.661714 0
    outer loop
      vertex 1.53209 1.28557 3
      vertex 1.4661 1.36034 0
      vertex 1.4661 1.36034 3
    endloop
  endfacet
  facet normal 0.749756 0.661714 0
    outer loop
      vertex 1.4661 1.36034 0
      vertex 1.53209 1.28557 3
      vertex 1.53209 1.28557 0
    endloop
  endfacet
  facet normal 0.781836 0.623484 0
    outer loop
      vertex 1.59426 1.20761 3
      vertex 1.53209 1.28557 0
      vertex 1.53209 1.28557 3
    endloop
  endfacet
  facet normal 0.781836 0.623484 0
    outer loop
      vertex 1.53209 1.28557 0
      vertex 1.59426 1.20761 3
      vertex 1.59426 1.20761 0
    endloop
  endfacet
  facet normal 0.715876 0.698227 0
    outer loop
      vertex 1.4661 1.36034 3
      vertex 1.39647 1.43173 0
      vertex 1.39647 1.43173 3
    endloop
  endfacet
  facet normal 0.715876 0.698227 0
    outer loop
      vertex 1.39647 1.43173 0
      vertex 1.4661 1.36034 3
      vertex 1.4661 1.36034 0
    endloop
  endfacet
  facet normal 0.840046 0.542515 0
    outer loop
      vertex 1.70658 1.04287 3
      vertex 1.65248 1.12664 0
      vertex 1.65248 1.12664 3
    endloop
  endfacet
  facet normal 0.840046 0.542515 0
    outer loop
      vertex 1.65248 1.12664 0
      vertex 1.70658 1.04287 3
      vertex 1.70658 1.04287 0
    endloop
  endfacet
  facet normal 0.889851 0.456252 0
    outer loop
      vertex 1.80194 0.867767 3
      vertex 1.75644 0.956508 0
      vertex 1.75644 0.956508 3
    endloop
  endfacet
  facet normal 0.889851 0.456252 0
    outer loop
      vertex 1.75644 0.956508 0
      vertex 1.80194 0.867767 3
      vertex 1.80194 0.867767 0
    endloop
  endfacet
  facet normal 0.0995762 0.99503 -0
    outer loop
      vertex 0.248687 1.98448 0
      vertex 0.14946 1.99441 3
      vertex 0.248687 1.98448 3
    endloop
  endfacet
  facet normal 0.0995762 0.99503 0
    outer loop
      vertex 0.14946 1.99441 3
      vertex 0.248687 1.98448 0
      vertex 0.14946 1.99441 0
    endloop
  endfacet
  facet normal 0.294813 0.955555 -0
    outer loop
      vertex 0.636972 1.89585 0
      vertex 0.54168 1.92525 3
      vertex 0.636972 1.89585 3
    endloop
  endfacet
  facet normal 0.294813 0.955555 0
    outer loop
      vertex 0.54168 1.92525 3
      vertex 0.636972 1.89585 0
      vertex 0.54168 1.92525 0
    endloop
  endfacet
  facet normal 0.341956 0.939716 -0
    outer loop
      vertex 0.730681 1.86175 0
      vertex 0.636972 1.89585 3
      vertex 0.730681 1.86175 3
    endloop
  endfacet
  facet normal 0.341956 0.939716 0
    outer loop
      vertex 0.636972 1.89585 3
      vertex 0.730681 1.86175 0
      vertex 0.636972 1.89585 0
    endloop
  endfacet
  facet normal 0.246785 0.96907 -0
    outer loop
      vertex 0.54168 1.92525 0
      vertex 0.445042 1.94986 3
      vertex 0.54168 1.92525 3
    endloop
  endfacet
  facet normal 0.246785 0.96907 0
    outer loop
      vertex 0.445042 1.94986 3
      vertex 0.54168 1.92525 0
      vertex 0.445042 1.94986 0
    endloop
  endfacet
  facet normal 0.149112 0.98882 -0
    outer loop
      vertex 0.347296 1.96961 0
      vertex 0.248687 1.98448 3
      vertex 0.347296 1.96961 3
    endloop
  endfacet
  facet normal 0.149112 0.98882 0
    outer loop
      vertex 0.248687 1.98448 3
      vertex 0.347296 1.96961 0
      vertex 0.248687 1.98448 0
    endloop
  endfacet
  facet normal 0.0498381 0.998757 -0
    outer loop
      vertex 0.14946 1.99441 0
      vertex 0.049861 1.99938 3
      vertex 0.14946 1.99441 3
    endloop
  endfacet
  facet normal 0.0498381 0.998757 0
    outer loop
      vertex 0.049861 1.99938 3
      vertex 0.14946 1.99441 0
      vertex 0.049861 1.99938 0
    endloop
  endfacet
  facet normal 0.478231 0.878234 -0
    outer loop
      vertex 1 1.73205 0
      vertex 0.912421 1.77974 3
      vertex 1 1.73205 3
    endloop
  endfacet
  facet normal 0.478231 0.878234 0
    outer loop
      vertex 0.912421 1.77974 3
      vertex 1 1.73205 0
      vertex 0.912421 1.77974 0
    endloop
  endfacet
  facet normal 0.521454 0.853279 -0
    outer loop
      vertex 1.08509 1.68005 0
      vertex 1 1.73205 3
      vertex 1.08509 1.68005 3
    endloop
  endfacet
  facet normal 0.521454 0.853279 0
    outer loop
      vertex 1 1.73205 3
      vertex 1.08509 1.68005 0
      vertex 1 1.73205 0
    endloop
  endfacet
  facet normal 0.4339 0.900961 -0
    outer loop
      vertex 0.912421 1.77974 0
      vertex 0.822574 1.82301 3
      vertex 0.912421 1.77974 3
    endloop
  endfacet
  facet normal 0.4339 0.900961 0
    outer loop
      vertex 0.822574 1.82301 3
      vertex 0.912421 1.77974 0
      vertex 0.822574 1.82301 0
    endloop
  endfacet
  facet normal 0.642795 0.766039 -0
    outer loop
      vertex 1.32337 1.49956 0
      vertex 1.24698 1.56366 3
      vertex 1.32337 1.49956 3
    endloop
  endfacet
  facet normal 0.642795 0.766039 0
    outer loop
      vertex 1.24698 1.56366 3
      vertex 1.32337 1.49956 0
      vertex 1.24698 1.56366 0
    endloop
  endfacet
  facet normal -0.781836 0.623484 0
    outer loop
      vertex -1.59426 1.20761 0
      vertex -1.53209 1.28557 3
      vertex -1.53209 1.28557 0
    endloop
  endfacet
  facet normal -0.781836 0.623484 0
    outer loop
      vertex -1.53209 1.28557 3
      vertex -1.59426 1.20761 0
      vertex -1.59426 1.20761 3
    endloop
  endfacet
  facet normal -0.749756 0.661714 0
    outer loop
      vertex -1.53209 1.28557 0
      vertex -1.4661 1.36034 3
      vertex -1.4661 1.36034 0
    endloop
  endfacet
  facet normal -0.749756 0.661714 0
    outer loop
      vertex -1.4661 1.36034 3
      vertex -1.53209 1.28557 0
      vertex -1.53209 1.28557 3
    endloop
  endfacet
  facet normal -0.811907 0.583787 0
    outer loop
      vertex -1.65248 1.12664 0
      vertex -1.59426 1.20761 3
      vertex -1.59426 1.20761 0
    endloop
  endfacet
  facet normal -0.811907 0.583787 0
    outer loop
      vertex -1.59426 1.20761 3
      vertex -1.65248 1.12664 0
      vertex -1.65248 1.12664 3
    endloop
  endfacet
  facet normal -0.889851 0.456252 0
    outer loop
      vertex -1.80194 0.867767 0
      vertex -1.75644 0.956508 3
      vertex -1.75644 0.956508 0
    endloop
  endfacet
  facet normal -0.889851 0.456252 0
    outer loop
      vertex -1.75644 0.956508 3
      vertex -1.80194 0.867767 0
      vertex -1.80194 0.867767 3
    endloop
  endfacet
  facet normal -0.911524 0.411248 0
    outer loop
      vertex -1.84295 0.776869 0
      vertex -1.80194 0.867767 3
      vertex -1.80194 0.867767 0
    endloop
  endfacet
  facet normal -0.911524 0.411248 0
    outer loop
      vertex -1.80194 0.867767 3
      vertex -1.84295 0.776869 0
      vertex -1.84295 0.776869 3
    endloop
  endfacet
  facet normal -0.86603 0.499992 0
    outer loop
      vertex -1.75644 0.956508 0
      vertex -1.70658 1.04287 3
      vertex -1.70658 1.04287 0
    endloop
  endfacet
  facet normal -0.86603 0.499992 0
    outer loop
      vertex -1.70658 1.04287 3
      vertex -1.75644 0.956508 0
      vertex -1.75644 0.956508 3
    endloop
  endfacet
  facet normal -0.962648 0.270756 0
    outer loop
      vertex -1.93815 0.493514 0
      vertex -1.91115 0.58951 3
      vertex -1.91115 0.58951 0
    endloop
  endfacet
  facet normal -0.962648 0.270756 0
    outer loop
      vertex -1.91115 0.58951 3
      vertex -1.93815 0.493514 0
      vertex -1.93815 0.493514 3
    endloop
  endfacet
  facet normal -0.947898 0.318573 0
    outer loop
      vertex -1.91115 0.58951 0
      vertex -1.87938 0.68404 3
      vertex -1.87938 0.68404 0
    endloop
  endfacet
  facet normal -0.947898 0.318573 0
    outer loop
      vertex -1.87938 0.68404 3
      vertex -1.91115 0.58951 0
      vertex -1.91115 0.58951 3
    endloop
  endfacet
  facet normal -0.974929 0.222518 0
    outer loop
      vertex -1.96034 0.396292 0
      vertex -1.93815 0.493514 3
      vertex -1.93815 0.493514 0
    endloop
  endfacet
  facet normal -0.974929 0.222518 0
    outer loop
      vertex -1.93815 0.493514 3
      vertex -1.96034 0.396292 0
      vertex -1.96034 0.396292 3
    endloop
  endfacet
  facet normal -0.992239 0.124345 0
    outer loop
      vertex -1.99006 0.199135 0
      vertex -1.97766 0.298084 3
      vertex -1.97766 0.298084 0
    endloop
  endfacet
  facet normal -0.992239 0.124345 0
    outer loop
      vertex -1.97766 0.298084 3
      vertex -1.99006 0.199135 0
      vertex -1.99006 0.199135 3
    endloop
  endfacet
  facet normal -0.997205 0.0747075 0
    outer loop
      vertex -1.99751 0.0996914 0
      vertex -1.99006 0.199135 3
      vertex -1.99006 0.199135 0
    endloop
  endfacet
  facet normal -0.997205 0.0747075 0
    outer loop
      vertex -1.99006 0.199135 3
      vertex -1.99751 0.0996914 0
      vertex -1.99751 0.0996914 3
    endloop
  endfacet
  facet normal -0.642795 0.766039 0
    outer loop
      vertex -1.24698 1.56366 0
      vertex -1.32337 1.49956 3
      vertex -1.24698 1.56366 3
    endloop
  endfacet
  facet normal -0.642795 0.766039 0
    outer loop
      vertex -1.32337 1.49956 3
      vertex -1.24698 1.56366 0
      vertex -1.32337 1.49956 0
    endloop
  endfacet
  facet normal -0.478231 0.878234 0
    outer loop
      vertex -0.912421 1.77974 0
      vertex -1 1.73205 3
      vertex -0.912421 1.77974 3
    endloop
  endfacet
  facet normal -0.478231 0.878234 0
    outer loop
      vertex -1 1.73205 3
      vertex -0.912421 1.77974 0
      vertex -1 1.73205 0
    endloop
  endfacet
  facet normal -0.4339 0.900961 0
    outer loop
      vertex -0.822574 1.82301 0
      vertex -0.912421 1.77974 3
      vertex -0.822574 1.82301 3
    endloop
  endfacet
  facet normal -0.4339 0.900961 0
    outer loop
      vertex -0.912421 1.77974 3
      vertex -0.822574 1.82301 0
      vertex -0.912421 1.77974 0
    endloop
  endfacet
  facet normal -0.521454 0.853279 0
    outer loop
      vertex -1 1.73205 0
      vertex -1.08509 1.68005 3
      vertex -1 1.73205 3
    endloop
  endfacet
  facet normal -0.521454 0.853279 0
    outer loop
      vertex -1.08509 1.68005 3
      vertex -1 1.73205 0
      vertex -1.08509 1.68005 0
    endloop
  endfacet
  facet normal -0.60386 0.797091 0
    outer loop
      vertex -1.16749 1.62388 0
      vertex -1.24698 1.56366 3
      vertex -1.16749 1.62388 3
    endloop
  endfacet
  facet normal -0.60386 0.797091 0
    outer loop
      vertex -1.24698 1.56366 3
      vertex -1.16749 1.62388 0
      vertex -1.24698 1.56366 0
    endloop
  endfacet
  facet normal -0.68019 0.733036 0
    outer loop
      vertex -1.32337 1.49956 0
      vertex -1.39647 1.43173 3
      vertex -1.32337 1.49956 3
    endloop
  endfacet
  facet normal -0.68019 0.733036 0
    outer loop
      vertex -1.39647 1.43173 3
      vertex -1.32337 1.49956 0
      vertex -1.39647 1.43173 0
    endloop
  endfacet
  facet normal -0.294813 0.955555 0
    outer loop
      vertex -0.54168 1.92525 0
      vertex -0.636972 1.89585 3
      vertex -0.54168 1.92525 3
    endloop
  endfacet
  facet normal -0.294813 0.955555 0
    outer loop
      vertex -0.636972 1.89585 3
      vertex -0.54168 1.92525 0
      vertex -0.636972 1.89585 0
    endloop
  endfacet
  facet normal -0.246785 0.96907 0
    outer loop
      vertex -0.445042 1.94986 0
      vertex -0.54168 1.92525 3
      vertex -0.445042 1.94986 3
    endloop
  endfacet
  facet normal -0.246785 0.96907 0
    outer loop
      vertex -0.54168 1.92525 3
      vertex -0.445042 1.94986 0
      vertex -0.54168 1.92525 0
    endloop
  endfacet
  facet normal -0.341956 0.939716 0
    outer loop
      vertex -0.636972 1.89585 0
      vertex -0.730681 1.86175 3
      vertex -0.636972 1.89585 3
    endloop
  endfacet
  facet normal -0.341956 0.939716 0
    outer loop
      vertex -0.730681 1.86175 3
      vertex -0.636972 1.89585 0
      vertex -0.730681 1.86175 0
    endloop
  endfacet
  facet normal -0.149112 0.98882 0
    outer loop
      vertex -0.248687 1.98448 0
      vertex -0.347296 1.96961 3
      vertex -0.248687 1.98448 3
    endloop
  endfacet
  facet normal -0.149112 0.98882 0
    outer loop
      vertex -0.347296 1.96961 3
      vertex -0.248687 1.98448 0
      vertex -0.347296 1.96961 0
    endloop
  endfacet
  facet normal -0.0498381 0.998757 0
    outer loop
      vertex -0.049861 1.99938 0
      vertex -0.14946 1.99441 3
      vertex -0.049861 1.99938 3
    endloop
  endfacet
  facet normal -0.0498381 0.998757 0
    outer loop
      vertex -0.14946 1.99441 3
      vertex -0.049861 1.99938 0
      vertex -0.14946 1.99441 0
    endloop
  endfacet
  facet normal 0.930883 -0.365318 0
    outer loop
      vertex 1.84295 -0.776869 3
      vertex 1.87938 -0.68404 0
      vertex 1.87938 -0.68404 3
    endloop
  endfacet
  facet normal 0.930883 -0.365318 0
    outer loop
      vertex 1.87938 -0.68404 0
      vertex 1.84295 -0.776869 3
      vertex 1.84295 -0.776869 0
    endloop
  endfacet
  facet normal 0.749756 -0.661714 0
    outer loop
      vertex 1.4661 -1.36034 3
      vertex 1.53209 -1.28557 0
      vertex 1.53209 -1.28557 3
    endloop
  endfacet
  facet normal 0.749756 -0.661714 0
    outer loop
      vertex 1.53209 -1.28557 0
      vertex 1.4661 -1.36034 3
      vertex 1.4661 -1.36034 0
    endloop
  endfacet
  facet normal 0.4339 -0.900961 0
    outer loop
      vertex 0.822574 -1.82301 0
      vertex 0.912421 -1.77974 3
      vertex 0.822574 -1.82301 3
    endloop
  endfacet
  facet normal 0.4339 -0.900961 0
    outer loop
      vertex 0.912421 -1.77974 3
      vertex 0.822574 -1.82301 0
      vertex 0.912421 -1.77974 0
    endloop
  endfacet
  facet normal -0.811907 -0.583787 0
    outer loop
      vertex -1.59426 -1.20761 0
      vertex -1.65248 -1.12664 3
      vertex -1.65248 -1.12664 0
    endloop
  endfacet
  facet normal -0.811907 -0.583787 0
    outer loop
      vertex -1.65248 -1.12664 3
      vertex -1.59426 -1.20761 0
      vertex -1.59426 -1.20761 3
    endloop
  endfacet
  facet normal -0.999688 -0.0249693 0
    outer loop
      vertex -1.99751 -0.0996914 0
      vertex -2 0 3
      vertex -2 0 0
    endloop
  endfacet
  facet normal -0.999688 -0.0249693 0
    outer loop
      vertex -2 0 3
      vertex -1.99751 -0.0996914 0
      vertex -1.99751 -0.0996914 3
    endloop
  endfacet
  facet normal 0.198052 -0.980192 0
    outer loop
      vertex 0.347296 -1.96961 0
      vertex 0.445042 -1.94986 3
      vertex 0.347296 -1.96961 3
    endloop
  endfacet
  facet normal 0.198052 -0.980192 0
    outer loop
      vertex 0.445042 -1.94986 3
      vertex 0.347296 -1.96961 0
      vertex 0.445042 -1.94986 0
    endloop
  endfacet
  facet normal 0.341956 -0.939716 0
    outer loop
      vertex 0.636972 -1.89585 0
      vertex 0.730681 -1.86175 3
      vertex 0.636972 -1.89585 3
    endloop
  endfacet
  facet normal 0.341956 -0.939716 0
    outer loop
      vertex 0.730681 -1.86175 3
      vertex 0.636972 -1.89585 0
      vertex 0.730681 -1.86175 0
    endloop
  endfacet
  facet normal 0.86603 -0.499992 0
    outer loop
      vertex 1.70658 -1.04287 3
      vertex 1.75644 -0.956508 0
      vertex 1.75644 -0.956508 3
    endloop
  endfacet
  facet normal 0.86603 -0.499992 0
    outer loop
      vertex 1.75644 -0.956508 0
      vertex 1.70658 -1.04287 3
      vertex 1.70658 -1.04287 0
    endloop
  endfacet
  facet normal 0.974914 -0.222581 0
    outer loop
      vertex 1.93815 -0.493514 3
      vertex 1.9595 -0.4 0
      vertex 1.9595 -0.4 3
    endloop
  endfacet
  facet normal 0.974914 -0.222581 0
    outer loop
      vertex 1.9595 -0.4 0
      vertex 1.93815 -0.493514 3
      vertex 1.93815 -0.493514 0
    endloop
  endfacet
  facet normal 0.947898 -0.318573 0
    outer loop
      vertex 1.87938 -0.68404 3
      vertex 1.91115 -0.58951 0
      vertex 1.91115 -0.58951 3
    endloop
  endfacet
  facet normal 0.947898 -0.318573 0
    outer loop
      vertex 1.91115 -0.58951 0
      vertex 1.87938 -0.68404 3
      vertex 1.87938 -0.68404 0
    endloop
  endfacet
  facet normal 0.521454 -0.853279 0
    outer loop
      vertex 1 -1.73205 0
      vertex 1.08509 -1.68005 3
      vertex 1 -1.73205 3
    endloop
  endfacet
  facet normal 0.521454 -0.853279 0
    outer loop
      vertex 1.08509 -1.68005 3
      vertex 1 -1.73205 0
      vertex 1.08509 -1.68005 0
    endloop
  endfacet
  facet normal -0.388468 -0.921462 0
    outer loop
      vertex -0.822574 -1.82301 0
      vertex -0.730681 -1.86175 3
      vertex -0.822574 -1.82301 3
    endloop
  endfacet
  facet normal -0.388468 -0.921462 -0
    outer loop
      vertex -0.730681 -1.86175 3
      vertex -0.822574 -1.82301 0
      vertex -0.730681 -1.86175 0
    endloop
  endfacet
  facet normal 0 0 -1
    outer loop
      vertex 0.915906 -0.4 0
      vertex 1.93815 -0.493514 0
      vertex 1.91115 -0.58951 0
    endloop
  endfacet
  facet normal 0 0 -1
    outer loop
      vertex 0.915906 -0.4 0
      vertex 1.91115 -0.58951 0
      vertex 1.87938 -0.68404 0
    endloop
  endfacet
  facet normal 0 0 -1
    outer loop
      vertex 0.915906 -0.4 0
      vertex 1.87938 -0.68404 0
      vertex 1.84295 -0.776869 0
    endloop
  endfacet
  facet normal 0 0 -1
    outer loop
      vertex 0.915906 -0.4 0
      vertex 1.84295 -0.776869 0
      vertex 1.80194 -0.867767 0
    endloop
  endfacet
  facet normal 0 0 -1
    outer loop
      vertex 0.878222 -0.478253 0
      vertex 1.80194 -0.867767 0
      vertex 1.75644 -0.956508 0
    endloop
  endfacet
  facet normal 0 0 -1
    outer loop
      vertex 0.878222 -0.478253 0
      vertex 1.75644 -0.956508 0
      vertex 1.70658 -1.04287 0
    endloop
  endfacet
  facet normal 0 0 -1
    outer loop
      vertex 0.826239 -0.563319 0
      vertex 1.70658 -1.04287 0
      vertex 1.65248 -1.12664 0
    endloop
  endfacet
  facet normal 0 0 -1
    outer loop
      vertex 0.826239 -0.563319 0
      vertex 1.65248 -1.12664 0
      vertex 1.59426 -1.20761 0
    endloop
  endfacet
  facet normal 0 0 -1
    outer loop
      vertex 0.766044 -0.642787 0
      vertex 1.59426 -1.20761 0
      vertex 1.53209 -1.28557 0
    endloop
  endfacet
  facet normal 0 0 -1
    outer loop
      vertex 0.766044 -0.642787 0
      vertex 1.53209 -1.28557 0
      vertex 1.4661 -1.36034 0
    endloop
  endfacet
  facet normal 0 0 -1
    outer loop
      vertex 0.698236 -0.715866 0
      vertex 1.4661 -1.36034 0
      vertex 1.39647 -1.43173 0
    endloop
  endfacet
  facet normal 0 0 -1
    outer loop
      vertex 0.698236 -0.715866 0
      vertex 1.39647 -1.43173 0
      vertex 1.32337 -1.49956 0
    endloop
  endfacet
  facet normal 0 0 -1
    outer loop
      vertex 0.623489 -0.781831 0
      vertex 1.32337 -1.49956 0
      vertex 1.24698 -1.56366 0
    endloop
  endfacet
  facet normal 0 0 -1
    outer loop
      vertex 0.623489 -0.781831 0
      vertex 1.24698 -1.56366 0
      vertex 1.16749 -1.62388 0
    endloop
  endfacet
  facet normal 0 0 -1
    outer loop
      vertex 0.542545 -0.840026 0
      vertex 1.16749 -1.62388 0
      vertex 1.08509 -1.68005 0
    endloop
  endfacet
  facet normal 0 0 -1
    outer loop
      vertex 0.542545 -0.840026 0
      vertex 1.08509 -1.68005 0
      vertex 1 -1.73205 0
    endloop
  endfacet
  facet normal 0 0 -1
    outer loop
      vertex 1.70658 -1.04287 0
      vertex 0.826239 -0.563319 0
      vertex 0.878222 -0.478253 0
    endloop
  endfacet
  facet normal 0 0 -1
    outer loop
      vertex 0.45621 -0.889872 0
      vertex 1 -1.73205 0
      vertex 0.912421 -1.77974 0
    endloop
  endfacet
  facet normal 0 0 -1
    outer loop
      vertex 1.93815 -0.493514 0
      vertex 0.915906 -0.4 0
      vertex 1.9595 -0.4 0
    endloop
  endfacet
  facet normal 0 0 -1
    outer loop
      vertex 1.80194 -0.867767 0
      vertex 0.878222 -0.478253 0
      vertex 0.915906 -0.4 0
    endloop
  endfacet
  facet normal 0 0 -1
    outer loop
      vertex 0.45621 -0.889872 0
      vertex 0.912421 -1.77974 0
      vertex 0.822574 -1.82301 0
    endloop
  endfacet
  facet normal 0 0 -1
    outer loop
      vertex 1.59426 -1.20761 0
      vertex 0.766044 -0.642787 0
      vertex 0.826239 -0.563319 0
    endloop
  endfacet
  facet normal 0 0 -1
    outer loop
      vertex 0.36534 -0.930873 0
      vertex 0.822574 -1.82301 0
      vertex 0.730681 -1.86175 0
    endloop
  endfacet
  facet normal 0 0 -1
    outer loop
      vertex 1.4661 -1.36034 0
      vertex 0.698236 -0.715866 0
      vertex 0.766044 -0.642787 0
    endloop
  endfacet
  facet normal 0 0 -1
    outer loop
      vertex 0.36534 -0.930873 0
      vertex 0.730681 -1.86175 0
      vertex 0.636972 -1.89585 0
    endloop
  endfacet
  facet normal 0 0 -1
    outer loop
      vertex 1.32337 -1.49956 0
      vertex 0.623489 -0.781831 0
      vertex 0.698236 -0.715866 0
    endloop
  endfacet
  facet normal 0 0 -1
    outer loop
      vertex 1.16749 -1.62388 0
      vertex 0.542545 -0.840026 0
      vertex 0.623489 -0.781831 0
    endloop
  endfacet
  facet normal 0 0 -1
    outer loop
      vertex 0.27084 -0.962624 0
      vertex 0.636972 -1.89585 0
      vertex 0.54168 -1.92525 0
    endloop
  endfacet
  facet normal 0 0 -1
    outer loop
      vertex 1 -1.73205 0
      vertex 0.45621 -0.889872 0
      vertex 0.542545 -0.840026 0
    endloop
  endfacet
  facet normal 0 0 -1
    outer loop
      vertex 0.27084 -0.962624 0
      vertex 0.54168 -1.92525 0
      vertex 0.445042 -1.94986 0
    endloop
  endfacet
  facet normal 0 0 -1
    outer loop
      vertex 0.822574 -1.82301 0
      vertex 0.36534 -0.930873 0
      vertex 0.45621 -0.889872 0
    endloop
  endfacet
  facet normal 0 0 -1
    outer loop
      vertex 0.173648 -0.984807 0
      vertex 0.445042 -1.94986 0
      vertex 0.347296 -1.96961 0
    endloop
  endfacet
  facet normal 0 0 -1
    outer loop
      vertex 0.636972 -1.89585 0
      vertex 0.27084 -0.962624 0
      vertex 0.36534 -0.930873 0
    endloop
  endfacet
  facet normal 0 0 -1
    outer loop
      vertex 0.173648 -0.984807 0
      vertex 0.347296 -1.96961 0
      vertex 0.248687 -1.98448 0
    endloop
  endfacet
  facet normal 0 0 -1
    outer loop
      vertex 0.445042 -1.94986 0
      vertex 0.173648 -0.984807 0
      vertex 0.27084 -0.962624 0
    endloop
  endfacet
  facet normal 0 0 -1
    outer loop
      vertex 0.0747299 -0.997203 0
      vertex 0.248687 -1.98448 0
      vertex 0.14946 -1.99441 0
    endloop
  endfacet
  facet normal 0 0 -1
    outer loop
      vertex 0.248687 -1.98448 0
      vertex 0.0747299 -0.997203 0
      vertex 0.173648 -0.984807 0
    endloop
  endfacet
  facet normal 0 0 -1
    outer loop
      vertex 0.049861 -1.99938 0
      vertex 0.0747299 -0.997203 0
      vertex 0.14946 -1.99441 0
    endloop
  endfacet
  facet normal 0 0 -1
    outer loop
      vertex 0.049861 -1.99938 0
      vertex -0.02493 -0.999689 0
      vertex 0.0747299 -0.997203 0
    endloop
  endfacet
  facet normal 0 0 -1
    outer loop
      vertex -0.049861 -1.99938 0
      vertex -0.02493 -0.999689 0
      vertex 0.049861 -1.99938 0
    endloop
  endfacet
  facet normal 0 0 -1
    outer loop
      vertex -0.14946 -1.99441 0
      vertex -0.02493 -0.999689 0
      vertex -0.049861 -1.99938 0
    endloop
  endfacet
  facet normal -0 0 -1
    outer loop
      vertex -0.02493 -0.999689 0
      vertex -0.14946 -1.99441 0
      vertex -0.124343 -0.992239 0
    endloop
  endfacet
  facet normal 0 0 -1
    outer loop
      vertex -0.248687 -1.98448 0
      vertex -0.124343 -0.992239 0
      vertex -0.14946 -1.99441 0
    endloop
  endfacet
  facet normal 0 0 -1
    outer loop
      vertex -0.347296 -1.96961 0
      vertex -0.124343 -0.992239 0
      vertex -0.248687 -1.98448 0
    endloop
  endfacet
  facet normal -0 0 -1
    outer loop
      vertex -0.124343 -0.992239 0
      vertex -0.347296 -1.96961 0
      vertex -0.222521 -0.974928 0
    endloop
  endfacet
  facet normal 0 0 -1
    outer loop
      vertex -0.445042 -1.94986 0
      vertex -0.222521 -0.974928 0
      vertex -0.347296 -1.96961 0
    endloop
  endfacet
  facet normal 0 0 -1
    outer loop
      vertex -0.54168 -1.92525 0
      vertex -0.222521 -0.974928 0
      vertex -0.445042 -1.94986 0
    endloop
  endfacet
  facet normal -0 0 -1
    outer loop
      vertex -0.222521 -0.974928 0
      vertex -0.54168 -1.92525 0
      vertex -0.318486 -0.947927 0
    endloop
  endfacet
  facet normal 0 0 -1
    outer loop
      vertex -0.636972 -1.89585 0
      vertex -0.318486 -0.947927 0
      vertex -0.54168 -1.92525 0
    endloop
  endfacet
  facet normal 0 0 -1
    outer loop
      vertex -0.730681 -1.86175 0
      vertex -0.318486 -0.947927 0
      vertex -0.636972 -1.89585 0
    endloop
  endfacet
  facet normal -0 0 -1
    outer loop
      vertex -0.318486 -0.947927 0
      vertex -0.730681 -1.86175 0
      vertex -0.411286 -0.911506 0
    endloop
  endfacet
  facet normal 0 0 -1
    outer loop
      vertex -0.822574 -1.82301 0
      vertex -0.411286 -0.911506 0
      vertex -0.730681 -1.86175 0
    endloop
  endfacet
  facet normal 0 0 -1
    outer loop
      vertex -0.912421 -1.77974 0
      vertex -0.411286 -0.911506 0
      vertex -0.822574 -1.82301 0
    endloop
  endfacet
  facet normal -0 0 -1
    outer loop
      vertex -0.411286 -0.911506 0
      vertex -0.912421 -1.77974 0
      vertex -0.5 -0.866025 0
    endloop
  endfacet
  facet normal 0 0 -1
    outer loop
      vertex -1 -1.73205 0
      vertex -0.5 -0.866025 0
      vertex -0.912421 -1.77974 0
    endloop
  endfacet
  facet normal 0 0 -1
    outer loop
      vertex -1.08509 -1.68005 0
      vertex -0.5 -0.866025 0
      vertex -1 -1.73205 0
    endloop
  endfacet
  facet normal -0 0 -1
    outer loop
      vertex -0.5 -0.866025 0
      vertex -1.08509 -1.68005 0
      vertex -0.583743 -0.811937 0
    endloop
  endfacet
  facet normal 0 0 -1
    outer loop
      vertex -1.16749 -1.62388 0
      vertex -0.583743 -0.811937 0
      vertex -1.08509 -1.68005 0
    endloop
  endfacet
  facet normal 0 0 -1
    outer loop
      vertex -1.24698 -1.56366 0
      vertex -0.583743 -0.811937 0
      vertex -1.16749 -1.62388 0
    endloop
  endfacet
  facet normal -0 0 -1
    outer loop
      vertex -0.583743 -0.811937 0
      vertex -1.24698 -1.56366 0
      vertex -0.661685 -0.749781 0
    endloop
  endfacet
  facet normal 0 0 -1
    outer loop
      vertex -1.32337 -1.49956 0
      vertex -0.661685 -0.749781 0
      vertex -1.24698 -1.56366 0
    endloop
  endfacet
  facet normal 0 0 -1
    outer loop
      vertex -1.39647 -1.43173 0
      vertex -0.661685 -0.749781 0
      vertex -1.32337 -1.49956 0
    endloop
  endfacet
  facet normal -0 0 -1
    outer loop
      vertex -0.661685 -0.749781 0
      vertex -1.39647 -1.43173 0
      vertex -0.733051 -0.680172 0
    endloop
  endfacet
  facet normal 0 0 -1
    outer loop
      vertex -1.4661 -1.36034 0
      vertex -0.733051 -0.680172 0
      vertex -1.39647 -1.43173 0
    endloop
  endfacet
  facet normal -0 0 -1
    outer loop
      vertex -0.733051 -0.680172 0
      vertex -1.53209 -1.28557 0
      vertex -0.797132 -0.603804 0
    endloop
  endfacet
  facet normal 0 0 -1
    outer loop
      vertex -1.53209 -1.28557 0
      vertex -0.733051 -0.680172 0
      vertex -1.4661 -1.36034 0
    endloop
  endfacet
  facet normal 0 0 -1
    outer loop
      vertex 0.915906 0.4 0
      vertex 1.93815 0.493514 0
      vertex 1.9595 0.4 0
    endloop
  endfacet
  facet normal -0 0 -1
    outer loop
      vertex 1.93815 0.493514 0
      vertex 0.915906 0.4 0
      vertex 1.91115 0.58951 0
    endloop
  endfacet
  facet normal -0 0 -1
    outer loop
      vertex 1.91115 0.58951 0
      vertex 0.915906 0.4 0
      vertex 1.87938 0.68404 0
    endloop
  endfacet
  facet normal -0 0 -1
    outer loop
      vertex 1.87938 0.68404 0
      vertex 0.915906 0.4 0
      vertex 1.84295 0.776869 0
    endloop
  endfacet
  facet normal -0 0 -1
    outer loop
      vertex 1.84295 0.776869 0
      vertex 0.915906 0.4 0
      vertex 1.80194 0.867767 0
    endloop
  endfacet
  facet normal 0 0 -1
    outer loop
      vertex 0.878222 0.478253 0
      vertex 1.80194 0.867767 0
      vertex 0.915906 0.4 0
    endloop
  endfacet
  facet normal -0 0 -1
    outer loop
      vertex 1.80194 0.867767 0
      vertex 0.878222 0.478253 0
      vertex 1.75644 0.956508 0
    endloop
  endfacet
  facet normal -0 0 -1
    outer loop
      vertex 1.75644 0.956508 0
      vertex 0.878222 0.478253 0
      vertex 1.70658 1.04287 0
    endloop
  endfacet
  facet normal 0 0 -1
    outer loop
      vertex 0.826239 0.563319 0
      vertex 1.70658 1.04287 0
      vertex 0.878222 0.478253 0
    endloop
  endfacet
  facet normal -0 0 -1
    outer loop
      vertex 1.65248 1.12664 0
      vertex 0.826239 0.563319 0
      vertex 1.59426 1.20761 0
    endloop
  endfacet
  facet normal 0 0 -1
    outer loop
      vertex 0.766044 0.642787 0
      vertex 1.59426 1.20761 0
      vertex 0.826239 0.563319 0
    endloop
  endfacet
  facet normal -0 0 -1
    outer loop
      vertex 1.59426 1.20761 0
      vertex 0.766044 0.642787 0
      vertex 1.53209 1.28557 0
    endloop
  endfacet
  facet normal -0 0 -1
    outer loop
      vertex 1.53209 1.28557 0
      vertex 0.766044 0.642787 0
      vertex 1.4661 1.36034 0
    endloop
  endfacet
  facet normal -0 0 -1
    outer loop
      vertex 1.4661 1.36034 0
      vertex 0.698236 0.715866 0
      vertex 1.39647 1.43173 0
    endloop
  endfacet
  facet normal -0 0 -1
    outer loop
      vertex 1.39647 1.43173 0
      vertex 0.698236 0.715866 0
      vertex 1.32337 1.49956 0
    endloop
  endfacet
  facet normal 0 0 -1
    outer loop
      vertex 0.623489 0.781831 0
      vertex 1.32337 1.49956 0
      vertex 0.698236 0.715866 0
    endloop
  endfacet
  facet normal -0 0 -1
    outer loop
      vertex 1.70658 1.04287 0
      vertex 0.826239 0.563319 0
      vertex 1.65248 1.12664 0
    endloop
  endfacet
  facet normal 0 0 -1
    outer loop
      vertex 0.698236 0.715866 0
      vertex 1.4661 1.36034 0
      vertex 0.766044 0.642787 0
    endloop
  endfacet
  facet normal -0 0 -1
    outer loop
      vertex 1.32337 1.49956 0
      vertex 0.623489 0.781831 0
      vertex 1.24698 1.56366 0
    endloop
  endfacet
  facet normal -0 0 -1
    outer loop
      vertex 1.24698 1.56366 0
      vertex 0.623489 0.781831 0
      vertex 1.16749 1.62388 0
    endloop
  endfacet
  facet normal 0 0 -1
    outer loop
      vertex 0.542545 0.840026 0
      vertex 1.16749 1.62388 0
      vertex 0.623489 0.781831 0
    endloop
  endfacet
  facet normal -0 0 -1
    outer loop
      vertex 1.16749 1.62388 0
      vertex 0.542545 0.840026 0
      vertex 1.08509 1.68005 0
    endloop
  endfacet
  facet normal -0 0 -1
    outer loop
      vertex 1.08509 1.68005 0
      vertex 0.542545 0.840026 0
      vertex 1 1.73205 0
    endloop
  endfacet
  facet normal 0 0 -1
    outer loop
      vertex 0.45621 0.889872 0
      vertex 1 1.73205 0
      vertex 0.542545 0.840026 0
    endloop
  endfacet
  facet normal -0 0 -1
    outer loop
      vertex 1 1.73205 0
      vertex 0.45621 0.889872 0
      vertex 0.912421 1.77974 0
    endloop
  endfacet
  facet normal -0 0 -1
    outer loop
      vertex 0.912421 1.77974 0
      vertex 0.45621 0.889872 0
      vertex 0.822574 1.82301 0
    endloop
  endfacet
  facet normal 0 0 -1
    outer loop
      vertex 0.36534 0.930873 0
      vertex 0.822574 1.82301 0
      vertex 0.45621 0.889872 0
    endloop
  endfacet
  facet normal -0 0 -1
    outer loop
      vertex 0.822574 1.82301 0
      vertex 0.36534 0.930873 0
      vertex 0.730681 1.86175 0
    endloop
  endfacet
  facet normal -0 0 -1
    outer loop
      vertex 0.730681 1.86175 0
      vertex 0.36534 0.930873 0
      vertex 0.636972 1.89585 0
    endloop
  endfacet
  facet normal 0 0 -1
    outer loop
      vertex 0.27084 0.962624 0
      vertex 0.636972 1.89585 0
      vertex 0.36534 0.930873 0
    endloop
  endfacet
  facet normal -0 0 -1
    outer loop
      vertex 0.636972 1.89585 0
      vertex 0.27084 0.962624 0
      vertex 0.54168 1.92525 0
    endloop
  endfacet
  facet normal -0 0 -1
    outer loop
      vertex 0.54168 1.92525 0
      vertex 0.27084 0.962624 0
      vertex 0.445042 1.94986 0
    endloop
  endfacet
  facet normal 0 0 -1
    outer loop
      vertex 0.173648 0.984807 0
      vertex 0.445042 1.94986 0
      vertex 0.27084 0.962624 0
    endloop
  endfacet
  facet normal -0 0 -1
    outer loop
      vertex 0.445042 1.94986 0
      vertex 0.173648 0.984807 0
      vertex 0.347296 1.96961 0
    endloop
  endfacet
  facet normal -0 0 -1
    outer loop
      vertex 0.347296 1.96961 0
      vertex 0.173648 0.984807 0
      vertex 0.248687 1.98448 0
    endloop
  endfacet
  facet normal 0 0 -1
    outer loop
      vertex 0.0747299 0.997203 0
      vertex 0.248687 1.98448 0
      vertex 0.173648 0.984807 0
    endloop
  endfacet
  facet normal -0 0 -1
    outer loop
      vertex 0.248687 1.98448 0
      vertex 0.0747299 0.997203 0
      vertex 0.14946 1.99441 0
    endloop
  endfacet
  facet normal 0 0 -1
    outer loop
      vertex 0.0747299 0.997203 0
      vertex 0.049861 1.99938 0
      vertex 0.14946 1.99441 0
    endloop
  endfacet
  facet normal 0 0 -1
    outer loop
      vertex -0.02493 0.999689 0
      vertex 0.049861 1.99938 0
      vertex 0.0747299 0.997203 0
    endloop
  endfacet
  facet normal 0 0 -1
    outer loop
      vertex -0.02493 0.999689 0
      vertex -0.049861 1.99938 0
      vertex 0.049861 1.99938 0
    endloop
  endfacet
  facet normal 0 0 -1
    outer loop
      vertex -0.14946 1.99441 0
      vertex -0.02493 0.999689 0
      vertex -0.124343 0.992239 0
    endloop
  endfacet
  facet normal 0 0 -1
    outer loop
      vertex -0.02493 0.999689 0
      vertex -0.14946 1.99441 0
      vertex -0.049861 1.99938 0
    endloop
  endfacet
  facet normal 0 0 -1
    outer loop
      vertex -0.347296 1.96961 0
      vertex -0.124343 0.992239 0
      vertex -0.222521 0.974928 0
    endloop
  endfacet
  facet normal 0 0 -1
    outer loop
      vertex -0.124343 0.992239 0
      vertex -0.248687 1.98448 0
      vertex -0.14946 1.99441 0
    endloop
  endfacet
  facet normal 0 0 -1
    outer loop
      vertex -0.54168 1.92525 0
      vertex -0.222521 0.974928 0
      vertex -0.318486 0.947927 0
    endloop
  endfacet
  facet normal 0 0 -1
    outer loop
      vertex -0.124343 0.992239 0
      vertex -0.347296 1.96961 0
      vertex -0.248687 1.98448 0
    endloop
  endfacet
  facet normal 0 0 -1
    outer loop
      vertex -0.730681 1.86175 0
      vertex -0.318486 0.947927 0
      vertex -0.411286 0.911506 0
    endloop
  endfacet
  facet normal 0 0 -1
    outer loop
      vertex -0.222521 0.974928 0
      vertex -0.445042 1.94986 0
      vertex -0.347296 1.96961 0
    endloop
  endfacet
  facet normal 0 0 -1
    outer loop
      vertex -0.912421 1.77974 0
      vertex -0.411286 0.911506 0
      vertex -0.5 0.866025 0
    endloop
  endfacet
  facet normal 0 0 -1
    outer loop
      vertex -0.222521 0.974928 0
      vertex -0.54168 1.92525 0
      vertex -0.445042 1.94986 0
    endloop
  endfacet
  facet normal 0 0 -1
    outer loop
      vertex -1.08509 1.68005 0
      vertex -0.5 0.866025 0
      vertex -0.583743 0.811937 0
    endloop
  endfacet
  facet normal 0 0 -1
    outer loop
      vertex -0.318486 0.947927 0
      vertex -0.636972 1.89585 0
      vertex -0.54168 1.92525 0
    endloop
  endfacet
  facet normal 0 0 -1
    outer loop
      vertex -1.24698 1.56366 0
      vertex -0.583743 0.811937 0
      vertex -0.661685 0.749781 0
    endloop
  endfacet
  facet normal 0 0 -1
    outer loop
      vertex -0.318486 0.947927 0
      vertex -0.730681 1.86175 0
      vertex -0.636972 1.89585 0
    endloop
  endfacet
  facet normal 0 0 -1
    outer loop
      vertex -1.39647 1.43173 0
      vertex -0.661685 0.749781 0
      vertex -0.733051 0.680172 0
    endloop
  endfacet
  facet normal 0 0 -1
    outer loop
      vertex -1.53209 1.28557 0
      vertex -0.733051 0.680172 0
      vertex -0.797132 0.603804 0
    endloop
  endfacet
  facet normal 0 0 -1
    outer loop
      vertex -0.411286 0.911506 0
      vertex -0.822574 1.82301 0
      vertex -0.730681 1.86175 0
    endloop
  endfacet
  facet normal 0 0 -1
    outer loop
      vertex -1.65248 1.12664 0
      vertex -0.797132 0.603804 0
      vertex -0.853291 0.521435 0
    endloop
  endfacet
  facet normal 0 0 -1
    outer loop
      vertex -1.75644 0.956508 0
      vertex -0.853291 0.521435 0
      vertex -0.900969 0.433884 0
    endloop
  endfacet
  facet normal 0 0 -1
    outer loop
      vertex -0.411286 0.911506 0
      vertex -0.912421 1.77974 0
      vertex -0.822574 1.82301 0
    endloop
  endfacet
  facet normal 0 0 -1
    outer loop
      vertex -1.84295 0.776869 0
      vertex -0.900969 0.433884 0
      vertex -0.939692 0.34202 0
    endloop
  endfacet
  facet normal 0 0 -1
    outer loop
      vertex -1.91115 0.58951 0
      vertex -0.939692 0.34202 0
      vertex -0.969077 0.246757 0
    endloop
  endfacet
  facet normal 0 0 -1
    outer loop
      vertex -1.96034 0.396292 0
      vertex -0.969077 0.246757 0
      vertex -0.988831 0.149042 0
    endloop
  endfacet
  facet normal 0 0 -1
    outer loop
      vertex -1.99006 0.199135 0
      vertex -0.988831 0.149042 0
      vertex -0.998756 0.0498457 0
    endloop
  endfacet
  facet normal 0 0 -1
    outer loop
      vertex -0.5 0.866025 0
      vertex -1 1.73205 0
      vertex -0.912421 1.77974 0
    endloop
  endfacet
  facet normal 0 0 -1
    outer loop
      vertex -1.59426 -1.20761 0
      vertex -0.797132 -0.603804 0
      vertex -1.53209 -1.28557 0
    endloop
  endfacet
  facet normal 0 0 -1
    outer loop
      vertex -1.65248 -1.12664 0
      vertex -0.797132 -0.603804 0
      vertex -1.59426 -1.20761 0
    endloop
  endfacet
  facet normal 0 0 -1
    outer loop
      vertex -0.5 0.866025 0
      vertex -1.08509 1.68005 0
      vertex -1 1.73205 0
    endloop
  endfacet
  facet normal -0 0 -1
    outer loop
      vertex -0.797132 -0.603804 0
      vertex -1.65248 -1.12664 0
      vertex -0.853291 -0.521435 0
    endloop
  endfacet
  facet normal 0 0 -1
    outer loop
      vertex -0.583743 0.811937 0
      vertex -1.16749 1.62388 0
      vertex -1.08509 1.68005 0
    endloop
  endfacet
  facet normal 0 0 -1
    outer loop
      vertex -1.70658 -1.04287 0
      vertex -0.853291 -0.521435 0
      vertex -1.65248 -1.12664 0
    endloop
  endfacet
  facet normal 0 0 -1
    outer loop
      vertex -0.583743 0.811937 0
      vertex -1.24698 1.56366 0
      vertex -1.16749 1.62388 0
    endloop
  endfacet
  facet normal 0 0 -1
    outer loop
      vertex -1.75644 -0.956508 0
      vertex -0.853291 -0.521435 0
      vertex -1.70658 -1.04287 0
    endloop
  endfacet
  facet normal 0 0 -1
    outer loop
      vertex -0.661685 0.749781 0
      vertex -1.32337 1.49956 0
      vertex -1.24698 1.56366 0
    endloop
  endfacet
  facet normal -0 0 -1
    outer loop
      vertex -0.853291 -0.521435 0
      vertex -1.75644 -0.956508 0
      vertex -0.900969 -0.433884 0
    endloop
  endfacet
  facet normal 0 0 -1
    outer loop
      vertex -0.661685 0.749781 0
      vertex -1.39647 1.43173 0
      vertex -1.32337 1.49956 0
    endloop
  endfacet
  facet normal 0 0 -1
    outer loop
      vertex -1.80194 -0.867767 0
      vertex -0.900969 -0.433884 0
      vertex -1.75644 -0.956508 0
    endloop
  endfacet
  facet normal 0 0 -1
    outer loop
      vertex -0.733051 0.680172 0
      vertex -1.4661 1.36034 0
      vertex -1.39647 1.43173 0
    endloop
  endfacet
  facet normal 0 0 -1
    outer loop
      vertex -1.84295 -0.776869 0
      vertex -0.900969 -0.433884 0
      vertex -1.80194 -0.867767 0
    endloop
  endfacet
  facet normal 0 0 -1
    outer loop
      vertex -0.733051 0.680172 0
      vertex -1.53209 1.28557 0
      vertex -1.4661 1.36034 0
    endloop
  endfacet
  facet normal -0 0 -1
    outer loop
      vertex -0.900969 -0.433884 0
      vertex -1.84295 -0.776869 0
      vertex -0.939692 -0.34202 0
    endloop
  endfacet
  facet normal 0 0 -1
    outer loop
      vertex -0.797132 0.603804 0
      vertex -1.59426 1.20761 0
      vertex -1.53209 1.28557 0
    endloop
  endfacet
  facet normal 0 0 -1
    outer loop
      vertex -1.87938 -0.68404 0
      vertex -0.939692 -0.34202 0
      vertex -1.84295 -0.776869 0
    endloop
  endfacet
  facet normal 0 0 -1
    outer loop
      vertex -0.797132 0.603804 0
      vertex -1.65248 1.12664 0
      vertex -1.59426 1.20761 0
    endloop
  endfacet
  facet normal 0 0 -1
    outer loop
      vertex -1.91115 -0.58951 0
      vertex -0.939692 -0.34202 0
      vertex -1.87938 -0.68404 0
    endloop
  endfacet
  facet normal 0 0 -1
    outer loop
      vertex -0.853291 0.521435 0
      vertex -1.70658 1.04287 0
      vertex -1.65248 1.12664 0
    endloop
  endfacet
  facet normal -0 0 -1
    outer loop
      vertex -0.939692 -0.34202 0
      vertex -1.91115 -0.58951 0
      vertex -0.969077 -0.246757 0
    endloop
  endfacet
  facet normal 0 0 -1
    outer loop
      vertex -0.853291 0.521435 0
      vertex -1.75644 0.956508 0
      vertex -1.70658 1.04287 0
    endloop
  endfacet
  facet normal 0 0 -1
    outer loop
      vertex -1.93815 -0.493514 0
      vertex -0.969077 -0.246757 0
      vertex -1.91115 -0.58951 0
    endloop
  endfacet
  facet normal 0 0 -1
    outer loop
      vertex -0.900969 0.433884 0
      vertex -1.80194 0.867767 0
      vertex -1.75644 0.956508 0
    endloop
  endfacet
  facet normal 0 0 -1
    outer loop
      vertex -1.96034 -0.396292 0
      vertex -0.969077 -0.246757 0
      vertex -1.93815 -0.493514 0
    endloop
  endfacet
  facet normal 0 0 -1
    outer loop
      vertex -0.900969 0.433884 0
      vertex -1.84295 0.776869 0
      vertex -1.80194 0.867767 0
    endloop
  endfacet
  facet normal -0 0 -1
    outer loop
      vertex -0.969077 -0.246757 0
      vertex -1.96034 -0.396292 0
      vertex -0.988831 -0.149042 0
    endloop
  endfacet
  facet normal 0 0 -1
    outer loop
      vertex -0.939692 0.34202 0
      vertex -1.87938 0.68404 0
      vertex -1.84295 0.776869 0
    endloop
  endfacet
  facet normal 0 0 -1
    outer loop
      vertex -1.97766 -0.298084 0
      vertex -0.988831 -0.149042 0
      vertex -1.96034 -0.396292 0
    endloop
  endfacet
  facet normal 0 0 -1
    outer loop
      vertex -0.939692 0.34202 0
      vertex -1.91115 0.58951 0
      vertex -1.87938 0.68404 0
    endloop
  endfacet
  facet normal 0 0 -1
    outer loop
      vertex -1.99006 -0.199135 0
      vertex -0.988831 -0.149042 0
      vertex -1.97766 -0.298084 0
    endloop
  endfacet
  facet normal 0 0 -1
    outer loop
      vertex -0.969077 0.246757 0
      vertex -1.93815 0.493514 0
      vertex -1.91115 0.58951 0
    endloop
  endfacet
  facet normal -0 0 -1
    outer loop
      vertex -0.988831 -0.149042 0
      vertex -1.99006 -0.199135 0
      vertex -0.998756 -0.0498457 0
    endloop
  endfacet
  facet normal 0 0 -1
    outer loop
      vertex -0.969077 0.246757 0
      vertex -1.96034 0.396292 0
      vertex -1.93815 0.493514 0
    endloop
  endfacet
  facet normal 0 0 -1
    outer loop
      vertex -1.99751 -0.0996914 0
      vertex -0.998756 -0.0498457 0
      vertex -1.99006 -0.199135 0
    endloop
  endfacet
  facet normal 0 0 -1
    outer loop
      vertex -0.988831 0.149042 0
      vertex -1.97766 0.298084 0
      vertex -1.96034 0.396292 0
    endloop
  endfacet
  facet normal 0 0 -1
    outer loop
      vertex -2 0 0
      vertex -0.998756 -0.0498457 0
      vertex -1.99751 -0.0996914 0
    endloop
  endfacet
  facet normal 0 0 -1
    outer loop
      vertex -0.988831 0.149042 0
      vertex -1.99006 0.199135 0
      vertex -1.97766 0.298084 0
    endloop
  endfacet
  facet normal 0 0 -1
    outer loop
      vertex -0.998756 -0.0498457 0
      vertex -2 0 0
      vertex -0.998756 0.0498457 0
    endloop
  endfacet
  facet normal 0 0 -1
    outer loop
      vertex -0.998756 0.0498457 0
      vertex -1.99751 0.0996914 0
      vertex -1.99006 0.199135 0
    endloop
  endfacet
  facet normal -0 0 -1
    outer loop
      vertex -0.998756 0.0498457 0
      vertex -2 0 0
      vertex -1.99751 0.0996914 0
    endloop
  endfacet
  facet normal 0.0498381 -0.998757 0
    outer loop
      vertex 0.049861 -1.99938 0
      vertex 0.14946 -1.99441 3
      vertex 0.049861 -1.99938 3
    endloop
  endfacet
  facet normal 0.0498381 -0.998757 0
    outer loop
      vertex 0.14946 -1.99441 3
      vertex 0.049861 -1.99938 0
      vertex 0.14946 -1.99441 0
    endloop
  endfacet
  facet normal 0.388468 -0.921462 0
    outer loop
      vertex 0.730681 -1.86175 0
      vertex 0.822574 -1.82301 3
      vertex 0.730681 -1.86175 3
    endloop
  endfacet
  facet normal 0.388468 -0.921462 0
    outer loop
      vertex 0.822574 -1.82301 3
      vertex 0.730681 -1.86175 0
      vertex 0.822574 -1.82301 0
    endloop
  endfacet
  facet normal 0.962648 -0.270756 0
    outer loop
      vertex 1.91115 -0.58951 3
      vertex 1.93815 -0.493514 0
      vertex 1.93815 -0.493514 3
    endloop
  endfacet
  facet normal 0.962648 -0.270756 0
    outer loop
      vertex 1.93815 -0.493514 0
      vertex 1.91115 -0.58951 3
      vertex 1.91115 -0.58951 0
    endloop
  endfacet
  facet normal 0.840046 -0.542515 0
    outer loop
      vertex 1.65248 -1.12664 3
      vertex 1.70658 -1.04287 0
      vertex 1.70658 -1.04287 3
    endloop
  endfacet
  facet normal 0.840046 -0.542515 0
    outer loop
      vertex 1.70658 -1.04287 0
      vertex 1.65248 -1.12664 3
      vertex 1.65248 -1.12664 0
    endloop
  endfacet
  facet normal 0.781836 -0.623484 0
    outer loop
      vertex 1.53209 -1.28557 3
      vertex 1.59426 -1.20761 0
      vertex 1.59426 -1.20761 3
    endloop
  endfacet
  facet normal 0.781836 -0.623484 0
    outer loop
      vertex 1.59426 -1.20761 0
      vertex 1.53209 -1.28557 3
      vertex 1.53209 -1.28557 0
    endloop
  endfacet
  facet normal 0.68019 -0.733036 0
    outer loop
      vertex 1.32337 -1.49956 0
      vertex 1.39647 -1.43173 3
      vertex 1.32337 -1.49956 3
    endloop
  endfacet
  facet normal 0.68019 -0.733036 0
    outer loop
      vertex 1.39647 -1.43173 3
      vertex 1.32337 -1.49956 0
      vertex 1.39647 -1.43173 0
    endloop
  endfacet
  facet normal 0.60386 -0.797091 0
    outer loop
      vertex 1.16749 -1.62388 0
      vertex 1.24698 -1.56366 3
      vertex 1.16749 -1.62388 3
    endloop
  endfacet
  facet normal 0.60386 -0.797091 0
    outer loop
      vertex 1.24698 -1.56366 3
      vertex 1.16749 -1.62388 0
      vertex 1.24698 -1.56366 0
    endloop
  endfacet
  facet normal -0.0498381 -0.998757 0
    outer loop
      vertex -0.14946 -1.99441 0
      vertex -0.049861 -1.99938 3
      vertex -0.14946 -1.99441 3
    endloop
  endfacet
  facet normal -0.0498381 -0.998757 -0
    outer loop
      vertex -0.049861 -1.99938 3
      vertex -0.14946 -1.99441 0
      vertex -0.049861 -1.99938 0
    endloop
  endfacet
  facet normal -0.642795 -0.766039 0
    outer loop
      vertex -1.32337 -1.49956 0
      vertex -1.24698 -1.56366 3
      vertex -1.32337 -1.49956 3
    endloop
  endfacet
  facet normal -0.642795 -0.766039 -0
    outer loop
      vertex -1.24698 -1.56366 3
      vertex -1.32337 -1.49956 0
      vertex -1.24698 -1.56366 0
    endloop
  endfacet
  facet normal -0.840046 -0.542515 0
    outer loop
      vertex -1.65248 -1.12664 0
      vertex -1.70658 -1.04287 3
      vertex -1.70658 -1.04287 0
    endloop
  endfacet
  facet normal -0.840046 -0.542515 0
    outer loop
      vertex -1.70658 -1.04287 3
      vertex -1.65248 -1.12664 0
      vertex -1.65248 -1.12664 3
    endloop
  endfacet
  facet normal -0.715876 -0.698227 0
    outer loop
      vertex -1.39647 -1.43173 0
      vertex -1.4661 -1.36034 3
      vertex -1.4661 -1.36034 0
    endloop
  endfacet
  facet normal -0.715876 -0.698227 0
    outer loop
      vertex -1.4661 -1.36034 3
      vertex -1.39647 -1.43173 0
      vertex -1.39647 -1.43173 3
    endloop
  endfacet
  facet normal -0.930883 -0.365318 0
    outer loop
      vertex -1.84295 -0.776869 0
      vertex -1.87938 -0.68404 3
      vertex -1.87938 -0.68404 0
    endloop
  endfacet
  facet normal -0.930883 -0.365318 0
    outer loop
      vertex -1.87938 -0.68404 3
      vertex -1.84295 -0.776869 0
      vertex -1.84295 -0.776869 3
    endloop
  endfacet
  facet normal -0.984802 -0.17368 0
    outer loop
      vertex -1.96034 -0.396292 0
      vertex -1.97766 -0.298084 3
      vertex -1.97766 -0.298084 0
    endloop
  endfacet
  facet normal -0.984802 -0.17368 0
    outer loop
      vertex -1.97766 -0.298084 3
      vertex -1.96034 -0.396292 0
      vertex -1.96034 -0.396292 3
    endloop
  endfacet
  facet normal -0.992239 -0.124345 0
    outer loop
      vertex -1.97766 -0.298084 0
      vertex -1.99006 -0.199135 3
      vertex -1.99006 -0.199135 0
    endloop
  endfacet
  facet normal -0.992239 -0.124345 0
    outer loop
      vertex -1.99006 -0.199135 3
      vertex -1.97766 -0.298084 0
      vertex -1.97766 -0.298084 3
    endloop
  endfacet
  facet normal -0.997205 -0.0747075 0
    outer loop
      vertex -1.99006 -0.199135 0
      vertex -1.99751 -0.0996914 3
      vertex -1.99751 -0.0996914 0
    endloop
  endfacet
  facet normal -0.997205 -0.0747075 0
    outer loop
      vertex -1.99751 -0.0996914 3
      vertex -1.99006 -0.199135 0
      vertex -1.99006 -0.199135 3
    endloop
  endfacet
  facet normal 0.294813 -0.955555 0
    outer loop
      vertex 0.54168 -1.92525 0
      vertex 0.636972 -1.89585 3
      vertex 0.54168 -1.92525 3
    endloop
  endfacet
  facet normal 0.294813 -0.955555 0
    outer loop
      vertex 0.636972 -1.89585 3
      vertex 0.54168 -1.92525 0
      vertex 0.636972 -1.89585 0
    endloop
  endfacet
  facet normal 0.246785 -0.96907 0
    outer loop
      vertex 0.445042 -1.94986 0
      vertex 0.54168 -1.92525 3
      vertex 0.445042 -1.94986 3
    endloop
  endfacet
  facet normal 0.246785 -0.96907 0
    outer loop
      vertex 0.54168 -1.92525 3
      vertex 0.445042 -1.94986 0
      vertex 0.54168 -1.92525 0
    endloop
  endfacet
  facet normal 0.911524 -0.411248 0
    outer loop
      vertex 1.80194 -0.867767 3
      vertex 1.84295 -0.776869 0
      vertex 1.84295 -0.776869 3
    endloop
  endfacet
  facet normal 0.911524 -0.411248 0
    outer loop
      vertex 1.84295 -0.776869 0
      vertex 1.80194 -0.867767 3
      vertex 1.80194 -0.867767 0
    endloop
  endfacet
  facet normal 0.889851 -0.456252 0
    outer loop
      vertex 1.75644 -0.956508 3
      vertex 1.80194 -0.867767 0
      vertex 1.80194 -0.867767 3
    endloop
  endfacet
  facet normal 0.889851 -0.456252 0
    outer loop
      vertex 1.80194 -0.867767 0
      vertex 1.75644 -0.956508 3
      vertex 1.75644 -0.956508 0
    endloop
  endfacet
  facet normal 0.811907 -0.583787 0
    outer loop
      vertex 1.59426 -1.20761 3
      vertex 1.65248 -1.12664 0
      vertex 1.65248 -1.12664 3
    endloop
  endfacet
  facet normal 0.811907 -0.583787 0
    outer loop
      vertex 1.65248 -1.12664 0
      vertex 1.59426 -1.20761 3
      vertex 1.59426 -1.20761 0
    endloop
  endfacet
  facet normal 0.642795 -0.766039 0
    outer loop
      vertex 1.24698 -1.56366 0
      vertex 1.32337 -1.49956 3
      vertex 1.24698 -1.56366 3
    endloop
  endfacet
  facet normal 0.642795 -0.766039 0
    outer loop
      vertex 1.32337 -1.49956 3
      vertex 1.24698 -1.56366 0
      vertex 1.32337 -1.49956 0
    endloop
  endfacet
  facet normal 0.563256 -0.826282 0
    outer loop
      vertex 1.08509 -1.68005 0
      vertex 1.16749 -1.62388 3
      vertex 1.08509 -1.68005 3
    endloop
  endfacet
  facet normal 0.563256 -0.826282 0
    outer loop
      vertex 1.16749 -1.62388 3
      vertex 1.08509 -1.68005 0
      vertex 1.16749 -1.62388 0
    endloop
  endfacet
  facet normal 0.478231 -0.878234 0
    outer loop
      vertex 0.912421 -1.77974 0
      vertex 1 -1.73205 3
      vertex 0.912421 -1.77974 3
    endloop
  endfacet
  facet normal 0.478231 -0.878234 0
    outer loop
      vertex 1 -1.73205 3
      vertex 0.912421 -1.77974 0
      vertex 1 -1.73205 0
    endloop
  endfacet
  facet normal -0.149112 -0.98882 0
    outer loop
      vertex -0.347296 -1.96961 0
      vertex -0.248687 -1.98448 3
      vertex -0.347296 -1.96961 3
    endloop
  endfacet
  facet normal -0.149112 -0.98882 -0
    outer loop
      vertex -0.248687 -1.98448 3
      vertex -0.347296 -1.96961 0
      vertex -0.248687 -1.98448 0
    endloop
  endfacet
  facet normal -0.68019 -0.733036 0
    outer loop
      vertex -1.39647 -1.43173 0
      vertex -1.32337 -1.49956 3
      vertex -1.39647 -1.43173 3
    endloop
  endfacet
  facet normal -0.68019 -0.733036 -0
    outer loop
      vertex -1.32337 -1.49956 3
      vertex -1.39647 -1.43173 0
      vertex -1.32337 -1.49956 0
    endloop
  endfacet
  facet normal -0.246785 -0.96907 0
    outer loop
      vertex -0.54168 -1.92525 0
      vertex -0.445042 -1.94986 3
      vertex -0.54168 -1.92525 3
    endloop
  endfacet
  facet normal -0.246785 -0.96907 -0
    outer loop
      vertex -0.445042 -1.94986 3
      vertex -0.54168 -1.92525 0
      vertex -0.445042 -1.94986 0
    endloop
  endfacet
  facet normal -0.781836 -0.623484 0
    outer loop
      vertex -1.53209 -1.28557 0
      vertex -1.59426 -1.20761 3
      vertex -1.59426 -1.20761 0
    endloop
  endfacet
  facet normal -0.781836 -0.623484 0
    outer loop
      vertex -1.59426 -1.20761 3
      vertex -1.53209 -1.28557 0
      vertex -1.53209 -1.28557 3
    endloop
  endfacet
  facet normal -0.749756 -0.661714 0
    outer loop
      vertex -1.4661 -1.36034 0
      vertex -1.53209 -1.28557 3
      vertex -1.53209 -1.28557 0
    endloop
  endfacet
  facet normal -0.749756 -0.661714 0
    outer loop
      vertex -1.53209 -1.28557 3
      vertex -1.4661 -1.36034 0
      vertex -1.4661 -1.36034 3
    endloop
  endfacet
  facet normal -0.962648 -0.270756 0
    outer loop
      vertex -1.91115 -0.58951 0
      vertex -1.93815 -0.493514 3
      vertex -1.93815 -0.493514 0
    endloop
  endfacet
  facet normal -0.962648 -0.270756 0
    outer loop
      vertex -1.93815 -0.493514 3
      vertex -1.91115 -0.58951 0
      vertex -1.91115 -0.58951 3
    endloop
  endfacet
  facet normal -0.974929 -0.222518 0
    outer loop
      vertex -1.93815 -0.493514 0
      vertex -1.96034 -0.396292 3
      vertex -1.96034 -0.396292 0
    endloop
  endfacet
  facet normal -0.974929 -0.222518 0
    outer loop
      vertex -1.96034 -0.396292 3
      vertex -1.93815 -0.493514 0
      vertex -1.93815 -0.493514 3
    endloop
  endfacet
  facet normal -0.947898 -0.318573 0
    outer loop
      vertex -1.87938 -0.68404 0
      vertex -1.91115 -0.58951 3
      vertex -1.91115 -0.58951 0
    endloop
  endfacet
  facet normal -0.947898 -0.318573 0
    outer loop
      vertex -1.91115 -0.58951 3
      vertex -1.87938 -0.68404 0
      vertex -1.87938 -0.68404 3
    endloop
  endfacet
  facet normal 0.0995762 -0.99503 0
    outer loop
      vertex 0.14946 -1.99441 0
      vertex 0.248687 -1.98448 3
      vertex 0.14946 -1.99441 3
    endloop
  endfacet
  facet normal 0.0995762 -0.99503 0
    outer loop
      vertex 0.248687 -1.98448 3
      vertex 0.14946 -1.99441 0
      vertex 0.248687 -1.98448 0
    endloop
  endfacet
  facet normal -0.0995762 -0.99503 0
    outer loop
      vertex -0.248687 -1.98448 0
      vertex -0.14946 -1.99441 3
      vertex -0.248687 -1.98448 3
    endloop
  endfacet
  facet normal -0.0995762 -0.99503 -0
    outer loop
      vertex -0.14946 -1.99441 3
      vertex -0.248687 -1.98448 0
      vertex -0.14946 -1.99441 0
    endloop
  endfacet
  facet normal -0.563256 -0.826282 0
    outer loop
      vertex -1.16749 -1.62388 0
      vertex -1.08509 -1.68005 3
      vertex -1.16749 -1.62388 3
    endloop
  endfacet
  facet normal -0.563256 -0.826282 -0
    outer loop
      vertex -1.08509 -1.68005 3
      vertex -1.16749 -1.62388 0
      vertex -1.08509 -1.68005 0
    endloop
  endfacet
  facet normal -0.4339 -0.900961 0
    outer loop
      vertex -0.912421 -1.77974 0
      vertex -0.822574 -1.82301 3
      vertex -0.912421 -1.77974 3
    endloop
  endfacet
  facet normal -0.4339 -0.900961 -0
    outer loop
      vertex -0.822574 -1.82301 3
      vertex -0.912421 -1.77974 0
      vertex -0.822574 -1.82301 0
    endloop
  endfacet
  facet normal -0.294813 -0.955555 0
    outer loop
      vertex -0.636972 -1.89585 0
      vertex -0.54168 -1.92525 3
      vertex -0.636972 -1.89585 3
    endloop
  endfacet
  facet normal -0.294813 -0.955555 -0
    outer loop
      vertex -0.54168 -1.92525 3
      vertex -0.636972 -1.89585 0
      vertex -0.54168 -1.92525 0
    endloop
  endfacet
  facet normal -0.341956 -0.939716 0
    outer loop
      vertex -0.730681 -1.86175 0
      vertex -0.636972 -1.89585 3
      vertex -0.730681 -1.86175 3
    endloop
  endfacet
  facet normal -0.341956 -0.939716 -0
    outer loop
      vertex -0.636972 -1.89585 3
      vertex -0.730681 -1.86175 0
      vertex -0.636972 -1.89585 0
    endloop
  endfacet
  facet normal -0.198052 -0.980192 0
    outer loop
      vertex -0.445042 -1.94986 0
      vertex -0.347296 -1.96961 3
      vertex -0.445042 -1.94986 3
    endloop
  endfacet
  facet normal -0.198052 -0.980192 -0
    outer loop
      vertex -0.347296 -1.96961 3
      vertex -0.445042 -1.94986 0
      vertex -0.347296 -1.96961 0
    endloop
  endfacet
  facet normal -0.86603 -0.499992 0
    outer loop
      vertex -1.70658 -1.04287 0
      vertex -1.75644 -0.956508 3
      vertex -1.75644 -0.956508 0
    endloop
  endfacet
  facet normal -0.86603 -0.499992 0
    outer loop
      vertex -1.75644 -0.956508 3
      vertex -1.70658 -1.04287 0
      vertex -1.70658 -1.04287 3
    endloop
  endfacet
  facet normal -0.889851 -0.456252 0
    outer loop
      vertex -1.75644 -0.956508 0
      vertex -1.80194 -0.867767 3
      vertex -1.80194 -0.867767 0
    endloop
  endfacet
  facet normal -0.889851 -0.456252 0
    outer loop
      vertex -1.80194 -0.867767 3
      vertex -1.75644 -0.956508 0
      vertex -1.75644 -0.956508 3
    endloop
  endfacet
  facet normal -0.911524 -0.411248 0
    outer loop
      vertex -1.80194 -0.867767 0
      vertex -1.84295 -0.776869 3
      vertex -1.84295 -0.776869 0
    endloop
  endfacet
  facet normal -0.911524 -0.411248 0
    outer loop
      vertex -1.84295 -0.776869 3
      vertex -1.80194 -0.867767 0
      vertex -1.80194 -0.867767 3
    endloop
  endfacet
  facet normal -0.60386 -0.797091 0
    outer loop
      vertex -1.24698 -1.56366 0
      vertex -1.16749 -1.62388 3
      vertex -1.24698 -1.56366 3
    endloop
  endfacet
  facet normal -0.60386 -0.797091 -0
    outer loop
      vertex -1.16749 -1.62388 3
      vertex -1.24698 -1.56366 0
      vertex -1.16749 -1.62388 0
    endloop
  endfacet
  facet normal -0.478231 -0.878234 0
    outer loop
      vertex -1 -1.73205 0
      vertex -0.912421 -1.77974 3
      vertex -1 -1.73205 3
    endloop
  endfacet
  facet normal -0.478231 -0.878234 -0
    outer loop
      vertex -0.912421 -1.77974 3
      vertex -1 -1.73205 0
      vertex -0.912421 -1.77974 0
    endloop
  endfacet
  facet normal -0.521454 -0.853279 0
    outer loop
      vertex -1.08509 -1.68005 0
      vertex -1 -1.73205 3
      vertex -1.08509 -1.68005 3
    endloop
  endfacet
  facet normal -0.521454 -0.853279 -0
    outer loop
      vertex -1 -1.73205 3
      vertex -1.08509 -1.68005 0
      vertex -1 -1.73205 0
    endloop
  endfacet
  facet normal -0.85329 -0.521437 0
    outer loop
      vertex 0.878222 0.478253 0
      vertex 0.826239 0.563319 3
      vertex 0.826239 0.563319 0
    endloop
  endfacet
  facet normal -0.85329 -0.521437 0
    outer loop
      vertex 0.826239 0.563319 3
      vertex 0.878222 0.478253 0
      vertex 0.878222 0.478253 3
    endloop
  endfacet
  facet normal -0.411278 -0.91151 0
    outer loop
      vertex 0.36534 0.930873 0
      vertex 0.45621 0.889872 3
      vertex 0.36534 0.930873 3
    endloop
  endfacet
  facet normal -0.411278 -0.91151 -0
    outer loop
      vertex 0.45621 0.889872 3
      vertex 0.36534 0.930873 0
      vertex 0.45621 0.889872 0
    endloop
  endfacet
  facet normal 0.365338 -0.930875 0
    outer loop
      vertex -0.411286 0.911506 0
      vertex -0.318486 0.947927 3
      vertex -0.411286 0.911506 3
    endloop
  endfacet
  facet normal 0.365338 -0.930875 0
    outer loop
      vertex -0.318486 0.947927 3
      vertex -0.411286 0.911506 0
      vertex -0.318486 0.947927 0
    endloop
  endfacet
  facet normal 0.92148 -0.388427 0
    outer loop
      vertex -0.939692 0.34202 3
      vertex -0.900969 0.433884 0
      vertex -0.900969 0.433884 3
    endloop
  endfacet
  facet normal 0.92148 -0.388427 0
    outer loop
      vertex -0.900969 0.433884 0
      vertex -0.939692 0.34202 3
      vertex -0.939692 0.34202 0
    endloop
  endfacet
  facet normal -0.583745 -0.811937 0
    outer loop
      vertex 0.542545 0.840026 0
      vertex 0.623489 0.781831 3
      vertex 0.542545 0.840026 3
    endloop
  endfacet
  facet normal -0.583745 -0.811937 -0
    outer loop
      vertex 0.623489 0.781831 3
      vertex 0.542545 0.840026 0
      vertex 0.623489 0.781831 0
    endloop
  endfacet
  facet normal 0.766041 -0.642791 0
    outer loop
      vertex -0.797132 0.603804 3
      vertex -0.733051 0.680172 0
      vertex -0.733051 0.680172 3
    endloop
  endfacet
  facet normal 0.766041 -0.642791 0
    outer loop
      vertex -0.733051 0.680172 0
      vertex -0.797132 0.603804 3
      vertex -0.797132 0.603804 0
    endloop
  endfacet
  facet normal 0.173644 -0.984808 0
    outer loop
      vertex -0.222521 0.974928 0
      vertex -0.124343 0.992239 3
      vertex -0.222521 0.974928 3
    endloop
  endfacet
  facet normal 0.173644 -0.984808 0
    outer loop
      vertex -0.124343 0.992239 3
      vertex -0.222521 0.974928 0
      vertex -0.124343 0.992239 0
    endloop
  endfacet
  facet normal -0.500003 0.866023 0
    outer loop
      vertex 0.542545 -0.840026 0
      vertex 0.45621 -0.889872 3
      vertex 0.542545 -0.840026 3
    endloop
  endfacet
  facet normal -0.500003 0.866023 0
    outer loop
      vertex 0.45621 -0.889872 3
      vertex 0.542545 -0.840026 0
      vertex 0.45621 -0.889872 0
    endloop
  endfacet
  facet normal -0.733049 -0.680176 0
    outer loop
      vertex 0.766044 0.642787 0
      vertex 0.698236 0.715866 3
      vertex 0.698236 0.715866 0
    endloop
  endfacet
  facet normal -0.733049 -0.680176 0
    outer loop
      vertex 0.698236 0.715866 3
      vertex 0.766044 0.642787 0
      vertex 0.766044 0.642787 3
    endloop
  endfacet
  facet normal -0.0249371 -0.999689 0
    outer loop
      vertex -0.02493 0.999689 0
      vertex 0.0747299 0.997203 3
      vertex -0.02493 0.999689 3
    endloop
  endfacet
  facet normal -0.0249371 -0.999689 -0
    outer loop
      vertex 0.0747299 0.997203 3
      vertex -0.02493 0.999689 0
      vertex 0.0747299 0.997203 0
    endloop
  endfacet
  facet normal -0.318493 -0.947925 0
    outer loop
      vertex 0.27084 0.962624 0
      vertex 0.36534 0.930873 3
      vertex 0.27084 0.962624 3
    endloop
  endfacet
  facet normal -0.318493 -0.947925 -0
    outer loop
      vertex 0.36534 0.930873 3
      vertex 0.27084 0.962624 0
      vertex 0.36534 0.930873 0
    endloop
  endfacet
  facet normal -0.222517 -0.974929 0
    outer loop
      vertex 0.173648 0.984807 0
      vertex 0.27084 0.962624 3
      vertex 0.173648 0.984807 3
    endloop
  endfacet
  facet normal -0.222517 -0.974929 -0
    outer loop
      vertex 0.27084 0.962624 3
      vertex 0.173648 0.984807 0
      vertex 0.27084 0.962624 0
    endloop
  endfacet
  facet normal -0.500003 -0.866023 0
    outer loop
      vertex 0.45621 0.889872 0
      vertex 0.542545 0.840026 3
      vertex 0.45621 0.889872 3
    endloop
  endfacet
  facet normal -0.500003 -0.866023 -0
    outer loop
      vertex 0.542545 0.840026 3
      vertex 0.45621 0.889872 0
      vertex 0.542545 0.840026 0
    endloop
  endfacet
  facet normal -0.661688 -0.749779 0
    outer loop
      vertex 0.623489 0.781831 0
      vertex 0.698236 0.715866 3
      vertex 0.623489 0.781831 3
    endloop
  endfacet
  facet normal -0.661688 -0.749779 -0
    outer loop
      vertex 0.698236 0.715866 3
      vertex 0.623489 0.781831 0
      vertex 0.698236 0.715866 0
    endloop
  endfacet
  facet normal 1 -0 0
    outer loop
      vertex -0.998756 -0.0498457 3
      vertex -0.998756 0.0498457 0
      vertex -0.998756 0.0498457 3
    endloop
  endfacet
  facet normal 1 0 0
    outer loop
      vertex -0.998756 0.0498457 0
      vertex -0.998756 -0.0498457 3
      vertex -0.998756 -0.0498457 0
    endloop
  endfacet
  facet normal 0.955572 -0.294758 0
    outer loop
      vertex -0.969077 0.246757 3
      vertex -0.939692 0.34202 0
      vertex -0.939692 0.34202 3
    endloop
  endfacet
  facet normal 0.955572 -0.294758 0
    outer loop
      vertex -0.939692 0.34202 0
      vertex -0.969077 0.246757 3
      vertex -0.969077 0.246757 0
    endloop
  endfacet
  facet normal 0.980172 -0.198151 0
    outer loop
      vertex -0.988831 0.149042 3
      vertex -0.969077 0.246757 0
      vertex -0.969077 0.246757 3
    endloop
  endfacet
  facet normal 0.980172 -0.198151 0
    outer loop
      vertex -0.969077 0.246757 0
      vertex -0.988831 0.149042 3
      vertex -0.988831 0.149042 0
    endloop
  endfacet
  facet normal 0.87822 -0.478256 0
    outer loop
      vertex -0.900969 0.433884 3
      vertex -0.853291 0.521435 0
      vertex -0.853291 0.521435 3
    endloop
  endfacet
  facet normal 0.87822 -0.478256 0
    outer loop
      vertex -0.853291 0.521435 0
      vertex -0.900969 0.433884 3
      vertex -0.900969 0.433884 0
    endloop
  endfacet
  facet normal 0.826235 -0.563325 0
    outer loop
      vertex -0.853291 0.521435 3
      vertex -0.797132 0.603804 0
      vertex -0.797132 0.603804 3
    endloop
  endfacet
  facet normal 0.826235 -0.563325 0
    outer loop
      vertex -0.797132 0.603804 0
      vertex -0.853291 0.521435 3
      vertex -0.853291 0.521435 0
    endloop
  endfacet
  facet normal 0.270846 -0.962623 0
    outer loop
      vertex -0.318486 0.947927 0
      vertex -0.222521 0.974928 3
      vertex -0.318486 0.947927 3
    endloop
  endfacet
  facet normal 0.270846 -0.962623 0
    outer loop
      vertex -0.222521 0.974928 3
      vertex -0.318486 0.947927 0
      vertex -0.222521 0.974928 0
    endloop
  endfacet
  facet normal 0.0747303 -0.997204 0
    outer loop
      vertex -0.124343 0.992239 0
      vertex -0.02493 0.999689 3
      vertex -0.124343 0.992239 3
    endloop
  endfacet
  facet normal 0.0747303 -0.997204 0
    outer loop
      vertex -0.02493 0.999689 3
      vertex -0.124343 0.992239 0
      vertex -0.02493 0.999689 0
    endloop
  endfacet
  facet normal 0.542554 -0.840021 0
    outer loop
      vertex -0.583743 0.811937 0
      vertex -0.5 0.866025 3
      vertex -0.583743 0.811937 3
    endloop
  endfacet
  facet normal 0.542554 -0.840021 0
    outer loop
      vertex -0.5 0.866025 3
      vertex -0.583743 0.811937 0
      vertex -0.5 0.866025 0
    endloop
  endfacet
  facet normal 0.623486 -0.781835 0
    outer loop
      vertex -0.661685 0.749781 0
      vertex -0.583743 0.811937 3
      vertex -0.661685 0.749781 3
    endloop
  endfacet
  facet normal 0.623486 -0.781835 0
    outer loop
      vertex -0.583743 0.811937 3
      vertex -0.661685 0.749781 0
      vertex -0.583743 0.811937 0
    endloop
  endfacet
  facet normal 0.456211 -0.889872 0
    outer loop
      vertex -0.5 0.866025 0
      vertex -0.411286 0.911506 3
      vertex -0.5 0.866025 3
    endloop
  endfacet
  facet normal 0.456211 -0.889872 0
    outer loop
      vertex -0.411286 0.911506 3
      vertex -0.5 0.866025 0
      vertex -0.411286 0.911506 0
    endloop
  endfacet
  facet normal 0.69824 -0.715864 0
    outer loop
      vertex -0.733051 0.680172 0
      vertex -0.661685 0.749781 3
      vertex -0.733051 0.680172 3
    endloop
  endfacet
  facet normal 0.69824 -0.715864 0
    outer loop
      vertex -0.661685 0.749781 3
      vertex -0.733051 0.680172 0
      vertex -0.661685 0.749781 0
    endloop
  endfacet
  facet normal 0.995032 0.0995571 0
    outer loop
      vertex -0.988831 -0.149042 3
      vertex -0.998756 -0.0498457 0
      vertex -0.998756 -0.0498457 3
    endloop
  endfacet
  facet normal 0.995032 0.0995571 0
    outer loop
      vertex -0.998756 -0.0498457 0
      vertex -0.988831 -0.149042 3
      vertex -0.988831 -0.149042 0
    endloop
  endfacet
  facet normal -0.900972 -0.433878 0
    outer loop
      vertex 0.915906 0.4 0
      vertex 0.878222 0.478253 3
      vertex 0.878222 0.478253 0
    endloop
  endfacet
  facet normal -0.900972 -0.433878 0
    outer loop
      vertex 0.878222 0.478253 3
      vertex 0.915906 0.4 0
      vertex 0.915906 0.4 3
    endloop
  endfacet
  facet normal -0.797131 -0.603807 0
    outer loop
      vertex 0.826239 0.563319 0
      vertex 0.766044 0.642787 3
      vertex 0.766044 0.642787 0
    endloop
  endfacet
  facet normal -0.797131 -0.603807 0
    outer loop
      vertex 0.766044 0.642787 3
      vertex 0.826239 0.563319 0
      vertex 0.826239 0.563319 3
    endloop
  endfacet
  facet normal -0.124343 -0.992239 0
    outer loop
      vertex 0.0747299 0.997203 0
      vertex 0.173648 0.984807 3
      vertex 0.0747299 0.997203 3
    endloop
  endfacet
  facet normal -0.124343 -0.992239 -0
    outer loop
      vertex 0.173648 0.984807 3
      vertex 0.0747299 0.997203 0
      vertex 0.173648 0.984807 0
    endloop
  endfacet
  facet normal 0.995032 -0.0995571 0
    outer loop
      vertex -0.998756 0.0498457 3
      vertex -0.988831 0.149042 0
      vertex -0.988831 0.149042 3
    endloop
  endfacet
  facet normal 0.995032 -0.0995571 0
    outer loop
      vertex -0.988831 0.149042 0
      vertex -0.998756 0.0498457 3
      vertex -0.998756 0.0498457 0
    endloop
  endfacet
  facet normal -0.733049 0.680176 0
    outer loop
      vertex 0.698236 -0.715866 0
      vertex 0.766044 -0.642787 3
      vertex 0.766044 -0.642787 0
    endloop
  endfacet
  facet normal -0.733049 0.680176 0
    outer loop
      vertex 0.766044 -0.642787 3
      vertex 0.698236 -0.715866 0
      vertex 0.698236 -0.715866 3
    endloop
  endfacet
  facet normal -0.85329 0.521437 0
    outer loop
      vertex 0.826239 -0.563319 0
      vertex 0.878222 -0.478253 3
      vertex 0.878222 -0.478253 0
    endloop
  endfacet
  facet normal -0.85329 0.521437 0
    outer loop
      vertex 0.878222 -0.478253 3
      vertex 0.826239 -0.563319 0
      vertex 0.826239 -0.563319 3
    endloop
  endfacet
  facet normal -0.900972 0.433878 0
    outer loop
      vertex 0.878222 -0.478253 0
      vertex 0.915906 -0.4 3
      vertex 0.915906 -0.4 0
    endloop
  endfacet
  facet normal -0.900972 0.433878 0
    outer loop
      vertex 0.915906 -0.4 3
      vertex 0.878222 -0.478253 0
      vertex 0.878222 -0.478253 3
    endloop
  endfacet
  facet normal -0.0249371 0.999689 0
    outer loop
      vertex 0.0747299 -0.997203 0
      vertex -0.02493 -0.999689 3
      vertex 0.0747299 -0.997203 3
    endloop
  endfacet
  facet normal -0.0249371 0.999689 0
    outer loop
      vertex -0.02493 -0.999689 3
      vertex 0.0747299 -0.997203 0
      vertex -0.02493 -0.999689 0
    endloop
  endfacet
  facet normal -0.124343 0.992239 0
    outer loop
      vertex 0.173648 -0.984807 0
      vertex 0.0747299 -0.997203 3
      vertex 0.173648 -0.984807 3
    endloop
  endfacet
  facet normal -0.124343 0.992239 0
    outer loop
      vertex 0.0747299 -0.997203 3
      vertex 0.173648 -0.984807 0
      vertex 0.0747299 -0.997203 0
    endloop
  endfacet
  facet normal -0.411278 0.91151 0
    outer loop
      vertex 0.45621 -0.889872 0
      vertex 0.36534 -0.930873 3
      vertex 0.45621 -0.889872 3
    endloop
  endfacet
  facet normal -0.411278 0.91151 0
    outer loop
      vertex 0.36534 -0.930873 3
      vertex 0.45621 -0.889872 0
      vertex 0.36534 -0.930873 0
    endloop
  endfacet
  facet normal -0.318493 0.947925 0
    outer loop
      vertex 0.36534 -0.930873 0
      vertex 0.27084 -0.962624 3
      vertex 0.36534 -0.930873 3
    endloop
  endfacet
  facet normal -0.318493 0.947925 0
    outer loop
      vertex 0.27084 -0.962624 3
      vertex 0.36534 -0.930873 0
      vertex 0.27084 -0.962624 0
    endloop
  endfacet
  facet normal -0.661688 0.749779 0
    outer loop
      vertex 0.698236 -0.715866 0
      vertex 0.623489 -0.781831 3
      vertex 0.698236 -0.715866 3
    endloop
  endfacet
  facet normal -0.661688 0.749779 0
    outer loop
      vertex 0.623489 -0.781831 3
      vertex 0.698236 -0.715866 0
      vertex 0.623489 -0.781831 0
    endloop
  endfacet
  facet normal -0.583745 0.811937 0
    outer loop
      vertex 0.623489 -0.781831 0
      vertex 0.542545 -0.840026 3
      vertex 0.623489 -0.781831 3
    endloop
  endfacet
  facet normal -0.583745 0.811937 0
    outer loop
      vertex 0.542545 -0.840026 3
      vertex 0.623489 -0.781831 0
      vertex 0.542545 -0.840026 0
    endloop
  endfacet
  facet normal -0.797131 0.603807 0
    outer loop
      vertex 0.766044 -0.642787 0
      vertex 0.826239 -0.563319 3
      vertex 0.826239 -0.563319 0
    endloop
  endfacet
  facet normal -0.797131 0.603807 0
    outer loop
      vertex 0.826239 -0.563319 3
      vertex 0.766044 -0.642787 0
      vertex 0.766044 -0.642787 3
    endloop
  endfacet
  facet normal 0.270846 0.962623 -0
    outer loop
      vertex -0.222521 -0.974928 0
      vertex -0.318486 -0.947927 3
      vertex -0.222521 -0.974928 3
    endloop
  endfacet
  facet normal 0.270846 0.962623 0
    outer loop
      vertex -0.318486 -0.947927 3
      vertex -0.222521 -0.974928 0
      vertex -0.318486 -0.947927 0
    endloop
  endfacet
  facet normal 0.0747303 0.997204 -0
    outer loop
      vertex -0.02493 -0.999689 0
      vertex -0.124343 -0.992239 3
      vertex -0.02493 -0.999689 3
    endloop
  endfacet
  facet normal 0.0747303 0.997204 0
    outer loop
      vertex -0.124343 -0.992239 3
      vertex -0.02493 -0.999689 0
      vertex -0.124343 -0.992239 0
    endloop
  endfacet
  facet normal 0.955572 0.294758 0
    outer loop
      vertex -0.939692 -0.34202 3
      vertex -0.969077 -0.246757 0
      vertex -0.969077 -0.246757 3
    endloop
  endfacet
  facet normal 0.955572 0.294758 0
    outer loop
      vertex -0.969077 -0.246757 0
      vertex -0.939692 -0.34202 3
      vertex -0.939692 -0.34202 0
    endloop
  endfacet
  facet normal 0.980172 0.198151 0
    outer loop
      vertex -0.969077 -0.246757 3
      vertex -0.988831 -0.149042 0
      vertex -0.988831 -0.149042 3
    endloop
  endfacet
  facet normal 0.980172 0.198151 0
    outer loop
      vertex -0.988831 -0.149042 0
      vertex -0.969077 -0.246757 3
      vertex -0.969077 -0.246757 0
    endloop
  endfacet
  facet normal 0.92148 0.388427 0
    outer loop
      vertex -0.900969 -0.433884 3
      vertex -0.939692 -0.34202 0
      vertex -0.939692 -0.34202 3
    endloop
  endfacet
  facet normal 0.92148 0.388427 0
    outer loop
      vertex -0.939692 -0.34202 0
      vertex -0.900969 -0.433884 3
      vertex -0.900969 -0.433884 0
    endloop
  endfacet
  facet normal -0.222517 0.974929 0
    outer loop
      vertex 0.27084 -0.962624 0
      vertex 0.173648 -0.984807 3
      vertex 0.27084 -0.962624 3
    endloop
  endfacet
  facet normal -0.222517 0.974929 0
    outer loop
      vertex 0.173648 -0.984807 3
      vertex 0.27084 -0.962624 0
      vertex 0.173648 -0.984807 0
    endloop
  endfacet
  facet normal 0.456211 0.889872 -0
    outer loop
      vertex -0.411286 -0.911506 0
      vertex -0.5 -0.866025 3
      vertex -0.411286 -0.911506 3
    endloop
  endfacet
  facet normal 0.456211 0.889872 0
    outer loop
      vertex -0.5 -0.866025 3
      vertex -0.411286 -0.911506 0
      vertex -0.5 -0.866025 0
    endloop
  endfacet
  facet normal 0.173644 0.984808 -0
    outer loop
      vertex -0.124343 -0.992239 0
      vertex -0.222521 -0.974928 3
      vertex -0.124343 -0.992239 3
    endloop
  endfacet
  facet normal 0.173644 0.984808 0
    outer loop
      vertex -0.222521 -0.974928 3
      vertex -0.124343 -0.992239 0
      vertex -0.222521 -0.974928 0
    endloop
  endfacet
  facet normal 0.766041 0.642791 0
    outer loop
      vertex -0.733051 -0.680172 3
      vertex -0.797132 -0.603804 0
      vertex -0.797132 -0.603804 3
    endloop
  endfacet
  facet normal 0.766041 0.642791 0
    outer loop
      vertex -0.797132 -0.603804 0
      vertex -0.733051 -0.680172 3
      vertex -0.733051 -0.680172 0
    endloop
  endfacet
  facet normal 0.826235 0.563325 0
    outer loop
      vertex -0.797132 -0.603804 3
      vertex -0.853291 -0.521435 0
      vertex -0.853291 -0.521435 3
    endloop
  endfacet
  facet normal 0.826235 0.563325 0
    outer loop
      vertex -0.853291 -0.521435 0
      vertex -0.797132 -0.603804 3
      vertex -0.797132 -0.603804 0
    endloop
  endfacet
  facet normal 0.87822 0.478256 0
    outer loop
      vertex -0.853291 -0.521435 3
      vertex -0.900969 -0.433884 0
      vertex -0.900969 -0.433884 3
    endloop
  endfacet
  facet normal 0.87822 0.478256 0
    outer loop
      vertex -0.900969 -0.433884 0
      vertex -0.853291 -0.521435 3
      vertex -0.853291 -0.521435 0
    endloop
  endfacet
  facet normal 0.69824 0.715864 -0
    outer loop
      vertex -0.661685 -0.749781 0
      vertex -0.733051 -0.680172 3
      vertex -0.661685 -0.749781 3
    endloop
  endfacet
  facet normal 0.69824 0.715864 0
    outer loop
      vertex -0.733051 -0.680172 3
      vertex -0.661685 -0.749781 0
      vertex -0.733051 -0.680172 0
    endloop
  endfacet
  facet normal 0.542554 0.840021 -0
    outer loop
      vertex -0.5 -0.866025 0
      vertex -0.583743 -0.811937 3
      vertex -0.5 -0.866025 3
    endloop
  endfacet
  facet normal 0.542554 0.840021 0
    outer loop
      vertex -0.583743 -0.811937 3
      vertex -0.5 -0.866025 0
      vertex -0.583743 -0.811937 0
    endloop
  endfacet
  facet normal 0.623486 0.781835 -0
    outer loop
      vertex -0.583743 -0.811937 0
      vertex -0.661685 -0.749781 3
      vertex -0.583743 -0.811937 3
    endloop
  endfacet
  facet normal 0.623486 0.781835 0
    outer loop
      vertex -0.661685 -0.749781 3
      vertex -0.583743 -0.811937 0
      vertex -0.661685 -0.749781 0
    endloop
  endfacet
  facet normal 0.365338 0.930875 -0
    outer loop
      vertex -0.318486 -0.947927 0
      vertex -0.411286 -0.911506 3
      vertex -0.318486 -0.947927 3
    endloop
  endfacet
  facet normal 0.365338 0.930875 0
    outer loop
      vertex -0.411286 -0.911506 3
      vertex -0.318486 -0.947927 0
      vertex -0.411286 -0.911506 0
    endloop
  endfacet
  facet normal 0 -1 0
    outer loop
      vertex 0.915906 0.4 0
      vertex 1.9595 0.4 3
      vertex 0.915906 0.4 3
    endloop
  endfacet
  facet normal 0 -1 -0
    outer loop
      vertex 1.9595 0.4 3
      vertex 0.915906 0.4 0
      vertex 1.9595 0.4 0
    endloop
  endfacet
  facet normal 0 1 -0
    outer loop
      vertex 1.9595 -0.4 0
      vertex 0.915906 -0.4 3
      vertex 1.9595 -0.4 3
    endloop
  endfacet
  facet normal 0 1 0
    outer loop
      vertex 0.915906 -0.4 3
      vertex 1.9595 -0.4 0
      vertex 0.915906 -0.4 0
    endloop
  endfacet
endsolid OpenSCAD_Model
