solid OpenSCAD_Model
  facet normal -1 0 0
    outer loop
      vertex 0 0 0
      vertex 0 15.8 6.6
      vertex 0 15.8 0
    endloop
  endfacet
  facet normal -1 -0 0
    outer loop
      vertex 0 15.8 6.6
      vertex 0 0 0
      vertex 0 0 6.6
    endloop
  endfacet
  facet normal 0 0 1
    outer loop
      vertex 15.8 15.8 6.6
      vertex 14.275 14.275 6.6
      vertex 15.8 0 6.6
    endloop
  endfacet
  facet normal 0 0 1
    outer loop
      vertex 15.8 15.8 6.6
      vertex 1.525 14.275 6.6
      vertex 14.275 14.275 6.6
    endloop
  endfacet
  facet normal 0 0 1
    outer loop
      vertex 1.525 14.275 6.6
      vertex 0 15.8 6.6
      vertex 1.525 1.525 6.6
    endloop
  endfacet
  facet normal -0 0 1
    outer loop
      vertex 0 15.8 6.6
      vertex 1.525 14.275 6.6
      vertex 15.8 15.8 6.6
    endloop
  endfacet
  facet normal -0 0 1
    outer loop
      vertex 14.275 1.525 6.6
      vertex 15.8 0 6.6
      vertex 14.275 14.275 6.6
    endloop
  endfacet
  facet normal -0 0 1
    outer loop
      vertex 1.525 1.525 6.6
      vertex 15.8 0 6.6
      vertex 14.275 1.525 6.6
    endloop
  endfacet
  facet normal 0 0 1
    outer loop
      vertex 1.525 1.525 6.6
      vertex 0 0 6.6
      vertex 15.8 0 6.6
    endloop
  endfacet
  facet normal 0 0 1
    outer loop
      vertex 0 0 6.6
      vertex 1.525 1.525 6.6
      vertex 0 15.8 6.6
    endloop
  endfacet
  facet normal 1 -0 0
    outer loop
      vertex 15.8 0 6.6
      vertex 15.8 15.8 0
      vertex 15.8 15.8 6.6
    endloop
  endfacet
  facet normal 1 0 0
    outer loop
      vertex 15.8 15.8 0
      vertex 15.8 0 6.6
      vertex 15.8 0 0
    endloop
  endfacet
  facet normal 0 1 -0
    outer loop
      vertex 15.8 15.8 0
      vertex 0 15.8 6.6
      vertex 15.8 15.8 6.6
    endloop
  endfacet
  facet normal 0 1 0
    outer loop
      vertex 0 15.8 6.6
      vertex 15.8 15.8 0
      vertex 0 15.8 0
    endloop
  endfacet
  facet normal 0 0 -1
    outer loop
      vertex 2.17 3.9 0
      vertex 2.67 3.9 0
      vertex 2.66672 3.80086 0
    endloop
  endfacet
  facet normal 0 0 -1
    outer loop
      vertex 2.16503 3.80043 0
      vertex 2.66672 3.80086 0
      vertex 2.6569 3.70216 0
    endloop
  endfacet
  facet normal 0 0 -1
    outer loop
      vertex 2.67 3.9 0
      vertex 2.17 3.9 0
      vertex 2.66672 3.99914 0
    endloop
  endfacet
  facet normal 0 0 -1
    outer loop
      vertex 2.15017 3.70185 0
      vertex 2.6569 3.70216 0
      vertex 2.64057 3.60432 0
    endloop
  endfacet
  facet normal 0 0 -1
    outer loop
      vertex 2.16503 3.99957 0
      vertex 2.66672 3.99914 0
      vertex 2.17 3.9 0
    endloop
  endfacet
  facet normal 0 0 -1
    outer loop
      vertex 2.15017 3.70185 0
      vertex 2.64057 3.60432 0
      vertex 2.61781 3.50778 0
    endloop
  endfacet
  facet normal 0 0 -1
    outer loop
      vertex 2.66672 3.99914 0
      vertex 2.16503 3.99957 0
      vertex 2.6569 4.09784 0
    endloop
  endfacet
  facet normal 0 0 -1
    outer loop
      vertex 2.12557 3.60524 0
      vertex 2.61781 3.50778 0
      vertex 2.58873 3.41295 0
    endloop
  endfacet
  facet normal 0 0 -1
    outer loop
      vertex 2.15017 4.09815 0
      vertex 2.6569 4.09784 0
      vertex 2.16503 3.99957 0
    endloop
  endfacet
  facet normal 0 0 -1
    outer loop
      vertex 2.09148 3.51156 0
      vertex 2.58873 3.41295 0
      vertex 2.55343 3.32025 0
    endloop
  endfacet
  facet normal 0 0 -1
    outer loop
      vertex 2.6569 4.09784 0
      vertex 2.15017 4.09815 0
      vertex 2.64057 4.19567 0
    endloop
  endfacet
  facet normal 0 0 -1
    outer loop
      vertex 2.09148 3.51156 0
      vertex 2.55343 3.32025 0
      vertex 2.51209 3.23009 0
    endloop
  endfacet
  facet normal -0 0 -1
    outer loop
      vertex 2.64057 4.19567 0
      vertex 2.15017 4.09815 0
      vertex 2.61781 4.29222 0
    endloop
  endfacet
  facet normal 0 0 -1
    outer loop
      vertex 2.04822 3.42175 0
      vertex 2.51209 3.23009 0
      vertex 2.46488 3.14285 0
    endloop
  endfacet
  facet normal 0 0 -1
    outer loop
      vertex 2.12557 4.19475 0
      vertex 2.61781 4.29222 0
      vertex 2.15017 4.09815 0
    endloop
  endfacet
  facet normal 0 0 -1
    outer loop
      vertex 1.99624 3.33668 0
      vertex 2.46488 3.14285 0
      vertex 2.41201 3.05893 0
    endloop
  endfacet
  facet normal -0 0 -1
    outer loop
      vertex 2.61781 4.29222 0
      vertex 2.12557 4.19475 0
      vertex 2.58873 4.38705 0
    endloop
  endfacet
  facet normal 0 0 -1
    outer loop
      vertex 1.99624 3.33668 0
      vertex 2.41201 3.05893 0
      vertex 2.35371 2.97868 0
    endloop
  endfacet
  facet normal 0 0 -1
    outer loop
      vertex 2.09148 4.28843 0
      vertex 2.58873 4.38705 0
      vertex 2.12557 4.19475 0
    endloop
  endfacet
  facet normal 0 0 -1
    outer loop
      vertex 1.93604 3.25721 0
      vertex 2.35371 2.97868 0
      vertex 2.29023 2.90246 0
    endloop
  endfacet
  facet normal -0 0 -1
    outer loop
      vertex 2.58873 4.38705 0
      vertex 2.09148 4.28843 0
      vertex 2.55343 4.47975 0
    endloop
  endfacet
  facet normal 0 0 -1
    outer loop
      vertex 1.86824 3.18413 0
      vertex 2.29023 2.90246 0
      vertex 2.22186 2.83061 0
    endloop
  endfacet
  facet normal -0 0 -1
    outer loop
      vertex 2.55343 4.47975 0
      vertex 2.09148 4.28843 0
      vertex 2.51209 4.56991 0
    endloop
  endfacet
  facet normal 0 0 -1
    outer loop
      vertex 2.04822 4.37825 0
      vertex 2.51209 4.56991 0
      vertex 2.09148 4.28843 0
    endloop
  endfacet
  facet normal -0 0 -1
    outer loop
      vertex 2.66672 3.80086 0
      vertex 2.16503 3.80043 0
      vertex 2.17 3.9 0
    endloop
  endfacet
  facet normal -0 0 -1
    outer loop
      vertex 2.6569 3.70216 0
      vertex 2.15017 3.70185 0
      vertex 2.16503 3.80043 0
    endloop
  endfacet
  facet normal 0 0 -1
    outer loop
      vertex 1.86824 3.18413 0
      vertex 2.22186 2.83061 0
      vertex 2.14888 2.76343 0
    endloop
  endfacet
  facet normal 0 0 -1
    outer loop
      vertex 2.61781 3.50778 0
      vertex 2.12557 3.60524 0
      vertex 2.15017 3.70185 0
    endloop
  endfacet
  facet normal 0 0 -1
    outer loop
      vertex 2.58873 3.41295 0
      vertex 2.09148 3.51156 0
      vertex 2.12557 3.60524 0
    endloop
  endfacet
  facet normal 0 0 -1
    outer loop
      vertex 1.79349 3.11817 0
      vertex 2.14888 2.76343 0
      vertex 2.07162 2.70122 0
    endloop
  endfacet
  facet normal 0 0 -1
    outer loop
      vertex 2.51209 3.23009 0
      vertex 2.04822 3.42175 0
      vertex 2.09148 3.51156 0
    endloop
  endfacet
  facet normal 0 0 -1
    outer loop
      vertex 2.46488 3.14285 0
      vertex 1.99624 3.33668 0
      vertex 2.04822 3.42175 0
    endloop
  endfacet
  facet normal 0 0 -1
    outer loop
      vertex 1.71255 3.05997 0
      vertex 2.07162 2.70122 0
      vertex 1.99042 2.64425 0
    endloop
  endfacet
  facet normal 0 0 -1
    outer loop
      vertex 2.35371 2.97868 0
      vertex 1.93604 3.25721 0
      vertex 1.99624 3.33668 0
    endloop
  endfacet
  facet normal 0 0 -1
    outer loop
      vertex 1.71255 3.05997 0
      vertex 1.99042 2.64425 0
      vertex 1.90563 2.59277 0
    endloop
  endfacet
  facet normal 0 0 -1
    outer loop
      vertex 2.29023 2.90246 0
      vertex 1.86824 3.18413 0
      vertex 1.93604 3.25721 0
    endloop
  endfacet
  facet normal 0 0 -1
    outer loop
      vertex 1.62621 3.01013 0
      vertex 1.90563 2.59277 0
      vertex 1.81763 2.54701 0
    endloop
  endfacet
  facet normal 0 0 -1
    outer loop
      vertex 2.14888 2.76343 0
      vertex 1.79349 3.11817 0
      vertex 1.86824 3.18413 0
    endloop
  endfacet
  facet normal 0 0 -1
    outer loop
      vertex 1.53534 2.96913 0
      vertex 1.81763 2.54701 0
      vertex 1.7268 2.50717 0
    endloop
  endfacet
  facet normal 0 0 -1
    outer loop
      vertex 2.07162 2.70122 0
      vertex 1.71255 3.05997 0
      vertex 1.79349 3.11817 0
    endloop
  endfacet
  facet normal 0 0 -1
    outer loop
      vertex 1.53534 2.96913 0
      vertex 1.7268 2.50717 0
      vertex 1.63352 2.47341 0
    endloop
  endfacet
  facet normal 0 0 -1
    outer loop
      vertex 1.90563 2.59277 0
      vertex 1.62621 3.01013 0
      vertex 1.71255 3.05997 0
    endloop
  endfacet
  facet normal 0 0 -1
    outer loop
      vertex 1.44084 2.93738 0
      vertex 1.63352 2.47341 0
      vertex 1.53823 2.4459 0
    endloop
  endfacet
  facet normal 0 0 -1
    outer loop
      vertex 1.81763 2.54701 0
      vertex 1.53534 2.96913 0
      vertex 1.62621 3.01013 0
    endloop
  endfacet
  facet normal 0 0 -1
    outer loop
      vertex 1.44084 2.93738 0
      vertex 1.53823 2.4459 0
      vertex 1.525 2.44301 0
    endloop
  endfacet
  facet normal 0 0 -1
    outer loop
      vertex 1.63352 2.47341 0
      vertex 1.44084 2.93738 0
      vertex 1.53534 2.96913 0
    endloop
  endfacet
  facet normal -0 0 -1
    outer loop
      vertex 2.51209 4.56991 0
      vertex 2.04822 4.37825 0
      vertex 2.46488 4.65715 0
    endloop
  endfacet
  facet normal 0 0 -1
    outer loop
      vertex 1.99624 4.46332 0
      vertex 2.46488 4.65715 0
      vertex 2.04822 4.37825 0
    endloop
  endfacet
  facet normal -0 0 -1
    outer loop
      vertex 2.46488 4.65715 0
      vertex 1.99624 4.46332 0
      vertex 2.41201 4.74107 0
    endloop
  endfacet
  facet normal -0 0 -1
    outer loop
      vertex 2.41201 4.74107 0
      vertex 1.99624 4.46332 0
      vertex 2.35371 4.82132 0
    endloop
  endfacet
  facet normal 0 0 -1
    outer loop
      vertex 1.93604 4.54279 0
      vertex 2.35371 4.82132 0
      vertex 1.99624 4.46332 0
    endloop
  endfacet
  facet normal -0 0 -1
    outer loop
      vertex 2.35371 4.82132 0
      vertex 1.93604 4.54279 0
      vertex 2.29023 4.89754 0
    endloop
  endfacet
  facet normal 0 0 -1
    outer loop
      vertex 1.86824 4.61587 0
      vertex 2.29023 4.89754 0
      vertex 1.93604 4.54279 0
    endloop
  endfacet
  facet normal -0 0 -1
    outer loop
      vertex 2.29023 4.89754 0
      vertex 1.86824 4.61587 0
      vertex 2.22186 4.96939 0
    endloop
  endfacet
  facet normal -0 0 -1
    outer loop
      vertex 2.22186 4.96939 0
      vertex 1.86824 4.61587 0
      vertex 2.14888 5.03657 0
    endloop
  endfacet
  facet normal 0 0 -1
    outer loop
      vertex 1.79349 4.68183 0
      vertex 2.14888 5.03657 0
      vertex 1.86824 4.61587 0
    endloop
  endfacet
  facet normal -0 0 -1
    outer loop
      vertex 2.14888 5.03657 0
      vertex 1.79349 4.68183 0
      vertex 2.07162 5.09878 0
    endloop
  endfacet
  facet normal 0 0 -1
    outer loop
      vertex 1.71255 4.74003 0
      vertex 2.07162 5.09878 0
      vertex 1.79349 4.68183 0
    endloop
  endfacet
  facet normal -0 0 -1
    outer loop
      vertex 2.07162 5.09878 0
      vertex 1.71255 4.74003 0
      vertex 1.99042 5.15575 0
    endloop
  endfacet
  facet normal -0 0 -1
    outer loop
      vertex 1.99042 5.15575 0
      vertex 1.71255 4.74003 0
      vertex 1.90563 5.20723 0
    endloop
  endfacet
  facet normal 0 0 -1
    outer loop
      vertex 1.62621 4.78987 0
      vertex 1.90563 5.20723 0
      vertex 1.71255 4.74003 0
    endloop
  endfacet
  facet normal -0 0 -1
    outer loop
      vertex 1.90563 5.20723 0
      vertex 1.62621 4.78987 0
      vertex 1.81763 5.25299 0
    endloop
  endfacet
  facet normal 0 0 -1
    outer loop
      vertex 1.53534 4.83087 0
      vertex 1.81763 5.25299 0
      vertex 1.62621 4.78987 0
    endloop
  endfacet
  facet normal -0 0 -1
    outer loop
      vertex 1.81763 5.25299 0
      vertex 1.53534 4.83087 0
      vertex 1.7268 5.29283 0
    endloop
  endfacet
  facet normal -0 0 -1
    outer loop
      vertex 1.7268 5.29283 0
      vertex 1.53534 4.83087 0
      vertex 1.63352 5.32658 0
    endloop
  endfacet
  facet normal 0 0 -1
    outer loop
      vertex 1.44084 4.86262 0
      vertex 1.63352 5.32658 0
      vertex 1.53534 4.83087 0
    endloop
  endfacet
  facet normal -0 0 -1
    outer loop
      vertex 1.63352 5.32658 0
      vertex 1.44084 4.86262 0
      vertex 1.53823 5.3541 0
    endloop
  endfacet
  facet normal 0 0 -1
    outer loop
      vertex 1.34365 4.88481 0
      vertex 1.525 5.35699 0
      vertex 1.44084 4.86262 0
    endloop
  endfacet
  facet normal -0 0 -1
    outer loop
      vertex 1.53823 5.3541 0
      vertex 1.44084 4.86262 0
      vertex 1.525 5.35699 0
    endloop
  endfacet
  facet normal 0 0 -1
    outer loop
      vertex 2.17 11.9 0
      vertex 2.67 11.9 0
      vertex 2.66672 11.8009 0
    endloop
  endfacet
  facet normal 0 0 -1
    outer loop
      vertex 2.16503 11.8004 0
      vertex 2.66672 11.8009 0
      vertex 2.6569 11.7022 0
    endloop
  endfacet
  facet normal 0 0 -1
    outer loop
      vertex 2.67 11.9 0
      vertex 2.17 11.9 0
      vertex 2.66672 11.9991 0
    endloop
  endfacet
  facet normal 0 0 -1
    outer loop
      vertex 2.15017 11.7019 0
      vertex 2.6569 11.7022 0
      vertex 2.64057 11.6043 0
    endloop
  endfacet
  facet normal 0 0 -1
    outer loop
      vertex 2.16503 11.9996 0
      vertex 2.66672 11.9991 0
      vertex 2.17 11.9 0
    endloop
  endfacet
  facet normal 0 0 -1
    outer loop
      vertex 2.15017 11.7019 0
      vertex 2.64057 11.6043 0
      vertex 2.61781 11.5078 0
    endloop
  endfacet
  facet normal 0 0 -1
    outer loop
      vertex 2.66672 11.9991 0
      vertex 2.16503 11.9996 0
      vertex 2.6569 12.0978 0
    endloop
  endfacet
  facet normal 0 0 -1
    outer loop
      vertex 2.12557 11.6052 0
      vertex 2.61781 11.5078 0
      vertex 2.58873 11.413 0
    endloop
  endfacet
  facet normal 0 0 -1
    outer loop
      vertex 2.15017 12.0981 0
      vertex 2.6569 12.0978 0
      vertex 2.16503 11.9996 0
    endloop
  endfacet
  facet normal 0 0 -1
    outer loop
      vertex 2.09148 11.5116 0
      vertex 2.58873 11.413 0
      vertex 2.55343 11.3203 0
    endloop
  endfacet
  facet normal 0 0 -1
    outer loop
      vertex 2.6569 12.0978 0
      vertex 2.15017 12.0981 0
      vertex 2.64057 12.1957 0
    endloop
  endfacet
  facet normal 0 0 -1
    outer loop
      vertex 2.09148 11.5116 0
      vertex 2.55343 11.3203 0
      vertex 2.51209 11.2301 0
    endloop
  endfacet
  facet normal -0 0 -1
    outer loop
      vertex 2.64057 12.1957 0
      vertex 2.15017 12.0981 0
      vertex 2.61781 12.2922 0
    endloop
  endfacet
  facet normal 0 0 -1
    outer loop
      vertex 2.04822 11.4217 0
      vertex 2.51209 11.2301 0
      vertex 2.46488 11.1429 0
    endloop
  endfacet
  facet normal 0 0 -1
    outer loop
      vertex 2.12557 12.1948 0
      vertex 2.61781 12.2922 0
      vertex 2.15017 12.0981 0
    endloop
  endfacet
  facet normal 0 0 -1
    outer loop
      vertex 1.99624 11.3367 0
      vertex 2.46488 11.1429 0
      vertex 2.41201 11.0589 0
    endloop
  endfacet
  facet normal -0 0 -1
    outer loop
      vertex 2.61781 12.2922 0
      vertex 2.12557 12.1948 0
      vertex 2.58873 12.387 0
    endloop
  endfacet
  facet normal 0 0 -1
    outer loop
      vertex 1.99624 11.3367 0
      vertex 2.41201 11.0589 0
      vertex 2.35371 10.9787 0
    endloop
  endfacet
  facet normal 0 0 -1
    outer loop
      vertex 2.09148 12.2884 0
      vertex 2.58873 12.387 0
      vertex 2.12557 12.1948 0
    endloop
  endfacet
  facet normal 0 0 -1
    outer loop
      vertex 1.93604 11.2572 0
      vertex 2.35371 10.9787 0
      vertex 2.29023 10.9025 0
    endloop
  endfacet
  facet normal -0 0 -1
    outer loop
      vertex 2.58873 12.387 0
      vertex 2.09148 12.2884 0
      vertex 2.55343 12.4797 0
    endloop
  endfacet
  facet normal 0 0 -1
    outer loop
      vertex 1.86824 11.1841 0
      vertex 2.29023 10.9025 0
      vertex 2.22186 10.8306 0
    endloop
  endfacet
  facet normal -0 0 -1
    outer loop
      vertex 2.55343 12.4797 0
      vertex 2.09148 12.2884 0
      vertex 2.51209 12.5699 0
    endloop
  endfacet
  facet normal 0 0 -1
    outer loop
      vertex 2.04822 12.3783 0
      vertex 2.51209 12.5699 0
      vertex 2.09148 12.2884 0
    endloop
  endfacet
  facet normal -0 0 -1
    outer loop
      vertex 2.66672 11.8009 0
      vertex 2.16503 11.8004 0
      vertex 2.17 11.9 0
    endloop
  endfacet
  facet normal -0 0 -1
    outer loop
      vertex 2.6569 11.7022 0
      vertex 2.15017 11.7019 0
      vertex 2.16503 11.8004 0
    endloop
  endfacet
  facet normal 0 0 -1
    outer loop
      vertex 1.86824 11.1841 0
      vertex 2.22186 10.8306 0
      vertex 2.14888 10.7634 0
    endloop
  endfacet
  facet normal 0 0 -1
    outer loop
      vertex 2.61781 11.5078 0
      vertex 2.12557 11.6052 0
      vertex 2.15017 11.7019 0
    endloop
  endfacet
  facet normal 0 0 -1
    outer loop
      vertex 2.58873 11.413 0
      vertex 2.09148 11.5116 0
      vertex 2.12557 11.6052 0
    endloop
  endfacet
  facet normal 0 0 -1
    outer loop
      vertex 1.79349 11.1182 0
      vertex 2.14888 10.7634 0
      vertex 2.07162 10.7012 0
    endloop
  endfacet
  facet normal 0 0 -1
    outer loop
      vertex 2.51209 11.2301 0
      vertex 2.04822 11.4217 0
      vertex 2.09148 11.5116 0
    endloop
  endfacet
  facet normal 0 0 -1
    outer loop
      vertex 2.46488 11.1429 0
      vertex 1.99624 11.3367 0
      vertex 2.04822 11.4217 0
    endloop
  endfacet
  facet normal 0 0 -1
    outer loop
      vertex 1.71255 11.06 0
      vertex 2.07162 10.7012 0
      vertex 1.99042 10.6442 0
    endloop
  endfacet
  facet normal 0 0 -1
    outer loop
      vertex 2.35371 10.9787 0
      vertex 1.93604 11.2572 0
      vertex 1.99624 11.3367 0
    endloop
  endfacet
  facet normal 0 0 -1
    outer loop
      vertex 1.71255 11.06 0
      vertex 1.99042 10.6442 0
      vertex 1.90563 10.5928 0
    endloop
  endfacet
  facet normal 0 0 -1
    outer loop
      vertex 2.29023 10.9025 0
      vertex 1.86824 11.1841 0
      vertex 1.93604 11.2572 0
    endloop
  endfacet
  facet normal 0 0 -1
    outer loop
      vertex 1.62621 11.0101 0
      vertex 1.90563 10.5928 0
      vertex 1.81763 10.547 0
    endloop
  endfacet
  facet normal 0 0 -1
    outer loop
      vertex 2.14888 10.7634 0
      vertex 1.79349 11.1182 0
      vertex 1.86824 11.1841 0
    endloop
  endfacet
  facet normal 0 0 -1
    outer loop
      vertex 1.53534 10.9691 0
      vertex 1.81763 10.547 0
      vertex 1.7268 10.5072 0
    endloop
  endfacet
  facet normal 0 0 -1
    outer loop
      vertex 2.07162 10.7012 0
      vertex 1.71255 11.06 0
      vertex 1.79349 11.1182 0
    endloop
  endfacet
  facet normal 0 0 -1
    outer loop
      vertex 1.53534 10.9691 0
      vertex 1.7268 10.5072 0
      vertex 1.63352 10.4734 0
    endloop
  endfacet
  facet normal 0 0 -1
    outer loop
      vertex 1.90563 10.5928 0
      vertex 1.62621 11.0101 0
      vertex 1.71255 11.06 0
    endloop
  endfacet
  facet normal 0 0 -1
    outer loop
      vertex 1.44084 10.9374 0
      vertex 1.63352 10.4734 0
      vertex 1.53823 10.4459 0
    endloop
  endfacet
  facet normal 0 0 -1
    outer loop
      vertex 1.81763 10.547 0
      vertex 1.53534 10.9691 0
      vertex 1.62621 11.0101 0
    endloop
  endfacet
  facet normal 0 0 -1
    outer loop
      vertex 1.44084 10.9374 0
      vertex 1.53823 10.4459 0
      vertex 1.525 10.443 0
    endloop
  endfacet
  facet normal 0 0 -1
    outer loop
      vertex 1.63352 10.4734 0
      vertex 1.44084 10.9374 0
      vertex 1.53534 10.9691 0
    endloop
  endfacet
  facet normal 0 0 -1
    outer loop
      vertex 1.24473 4.8972 0
      vertex 1.525 5.35699 0
      vertex 1.34365 4.88481 0
    endloop
  endfacet
  facet normal 0 0 -1
    outer loop
      vertex 1.14507 4.89969 0
      vertex 1.525 5.35699 0
      vertex 1.24473 4.8972 0
    endloop
  endfacet
  facet normal 0 0 -1
    outer loop
      vertex 1.525 10.443 0
      vertex 1.34365 10.9152 0
      vertex 1.44084 10.9374 0
    endloop
  endfacet
  facet normal 0 0 -1
    outer loop
      vertex 1.04566 4.89224 0
      vertex 1.525 5.35699 0
      vertex 1.14507 4.89969 0
    endloop
  endfacet
  facet normal 0 0 -1
    outer loop
      vertex 1.525 10.443 0
      vertex 1.24473 10.9028 0
      vertex 1.34365 10.9152 0
    endloop
  endfacet
  facet normal 0 0 -1
    outer loop
      vertex 0.947478 4.87493 0
      vertex 1.525 5.35699 0
      vertex 1.04566 4.89224 0
    endloop
  endfacet
  facet normal 0 0 -1
    outer loop
      vertex 1.525 10.443 0
      vertex 1.14507 10.9003 0
      vertex 1.24473 10.9028 0
    endloop
  endfacet
  facet normal 0 0 -1
    outer loop
      vertex 0.851513 4.84793 0
      vertex 1.525 5.35699 0
      vertex 0.947478 4.87493 0
    endloop
  endfacet
  facet normal 0 0 -1
    outer loop
      vertex 1.525 10.443 0
      vertex 1.04566 10.9078 0
      vertex 1.14507 10.9003 0
    endloop
  endfacet
  facet normal 0 0 -1
    outer loop
      vertex 0.758713 4.81151 0
      vertex 1.525 5.35699 0
      vertex 0.851513 4.84793 0
    endloop
  endfacet
  facet normal 0 0 -1
    outer loop
      vertex 1.525 10.443 0
      vertex 0.947478 10.9251 0
      vertex 1.04566 10.9078 0
    endloop
  endfacet
  facet normal -0 0 -1
    outer loop
      vertex 1.525 5.35699 0
      vertex 0.758713 4.81151 0
      vertex 1.525 10.443 0
    endloop
  endfacet
  facet normal 0 0 -1
    outer loop
      vertex 1.525 10.443 0
      vertex 0.851513 10.9521 0
      vertex 0.947478 10.9251 0
    endloop
  endfacet
  facet normal 0 0 -1
    outer loop
      vertex 0.758713 10.9885 0
      vertex 1.525 10.443 0
      vertex 0.758713 4.81151 0
    endloop
  endfacet
  facet normal 0 0 -1
    outer loop
      vertex 1.525 10.443 0
      vertex 0.758713 10.9885 0
      vertex 0.851513 10.9521 0
    endloop
  endfacet
  facet normal 0 0 -1
    outer loop
      vertex 0.669999 4.76602 0
      vertex 0.758713 10.9885 0
      vertex 0.758713 4.81151 0
    endloop
  endfacet
  facet normal 0 0 -1
    outer loop
      vertex 0.669999 4.76602 0
      vertex 0.669999 11.034 0
      vertex 0.758713 10.9885 0
    endloop
  endfacet
  facet normal 0 0 -1
    outer loop
      vertex 0.586256 4.71194 0
      vertex 0.669999 11.034 0
      vertex 0.669999 4.76602 0
    endloop
  endfacet
  facet normal 0 0 -1
    outer loop
      vertex 0.586256 4.71194 0
      vertex 0.586256 11.0881 0
      vertex 0.669999 11.034 0
    endloop
  endfacet
  facet normal 0 0 -1
    outer loop
      vertex 0.508314 4.64978 0
      vertex 0.586256 11.0881 0
      vertex 0.586256 4.71194 0
    endloop
  endfacet
  facet normal 0 0 -1
    outer loop
      vertex 0.508314 4.64978 0
      vertex 0.508314 11.1502 0
      vertex 0.586256 11.0881 0
    endloop
  endfacet
  facet normal 0 0 -1
    outer loop
      vertex 0.436948 4.58017 0
      vertex 0.508314 11.1502 0
      vertex 0.508314 4.64978 0
    endloop
  endfacet
  facet normal 0 0 -1
    outer loop
      vertex 0.436948 4.58017 0
      vertex 0.436948 11.2198 0
      vertex 0.508314 11.1502 0
    endloop
  endfacet
  facet normal 0 0 -1
    outer loop
      vertex 0.372867 4.5038 0
      vertex 0.436948 11.2198 0
      vertex 0.436948 4.58017 0
    endloop
  endfacet
  facet normal 0 0 -1
    outer loop
      vertex 0.372867 4.5038 0
      vertex 0.372867 11.2962 0
      vertex 0.436948 11.2198 0
    endloop
  endfacet
  facet normal 0 0 -1
    outer loop
      vertex 0.316709 4.42143 0
      vertex 0.372867 11.2962 0
      vertex 0.372867 4.5038 0
    endloop
  endfacet
  facet normal 0 0 -1
    outer loop
      vertex 0.316709 4.42143 0
      vertex 0.316709 11.3786 0
      vertex 0.372867 11.2962 0
    endloop
  endfacet
  facet normal 0 0 -1
    outer loop
      vertex 0.269031 4.33388 0
      vertex 0.316709 11.3786 0
      vertex 0.316709 4.42143 0
    endloop
  endfacet
  facet normal 0 0 -1
    outer loop
      vertex 0.269031 4.33388 0
      vertex 0.269031 11.4661 0
      vertex 0.316709 11.3786 0
    endloop
  endfacet
  facet normal 0 0 -1
    outer loop
      vertex 0.230307 4.24202 0
      vertex 0.269031 11.4661 0
      vertex 0.269031 4.33388 0
    endloop
  endfacet
  facet normal 0 0 -1
    outer loop
      vertex 0.230307 4.24202 0
      vertex 0.230307 11.558 0
      vertex 0.269031 11.4661 0
    endloop
  endfacet
  facet normal 0 0 -1
    outer loop
      vertex 0.200922 4.14676 0
      vertex 0.230307 11.558 0
      vertex 0.230307 4.24202 0
    endloop
  endfacet
  facet normal 0 0 -1
    outer loop
      vertex 0.200922 4.14676 0
      vertex 0.200922 11.6532 0
      vertex 0.230307 11.558 0
    endloop
  endfacet
  facet normal 0 0 -1
    outer loop
      vertex 0.181169 4.04904 0
      vertex 0.200922 11.6532 0
      vertex 0.200922 4.14676 0
    endloop
  endfacet
  facet normal 0 0 -1
    outer loop
      vertex 0.181169 4.04904 0
      vertex 0.181169 11.751 0
      vertex 0.200922 11.6532 0
    endloop
  endfacet
  facet normal 0 0 -1
    outer loop
      vertex 0.171243 3.94985 0
      vertex 0.181169 11.751 0
      vertex 0.181169 4.04904 0
    endloop
  endfacet
  facet normal -0 0 -1
    outer loop
      vertex 0.181169 11.751 0
      vertex 0.171243 3.94985 0
      vertex 0.171243 11.8502 0
    endloop
  endfacet
  facet normal -0 0 -1
    outer loop
      vertex 2.51209 12.5699 0
      vertex 2.04822 12.3783 0
      vertex 2.46488 12.6571 0
    endloop
  endfacet
  facet normal 0 0 -1
    outer loop
      vertex 1.99624 12.4633 0
      vertex 2.46488 12.6571 0
      vertex 2.04822 12.3783 0
    endloop
  endfacet
  facet normal -0 0 -1
    outer loop
      vertex 2.46488 12.6571 0
      vertex 1.99624 12.4633 0
      vertex 2.41201 12.7411 0
    endloop
  endfacet
  facet normal -0 0 -1
    outer loop
      vertex 2.41201 12.7411 0
      vertex 1.99624 12.4633 0
      vertex 2.35371 12.8213 0
    endloop
  endfacet
  facet normal 0 0 -1
    outer loop
      vertex 1.93604 12.5428 0
      vertex 2.35371 12.8213 0
      vertex 1.99624 12.4633 0
    endloop
  endfacet
  facet normal -0 0 -1
    outer loop
      vertex 2.35371 12.8213 0
      vertex 1.93604 12.5428 0
      vertex 2.29023 12.8975 0
    endloop
  endfacet
  facet normal 0 0 -1
    outer loop
      vertex 1.86824 12.6159 0
      vertex 2.29023 12.8975 0
      vertex 1.93604 12.5428 0
    endloop
  endfacet
  facet normal -0 0 -1
    outer loop
      vertex 2.29023 12.8975 0
      vertex 1.86824 12.6159 0
      vertex 2.22186 12.9694 0
    endloop
  endfacet
  facet normal -0 0 -1
    outer loop
      vertex 2.22186 12.9694 0
      vertex 1.86824 12.6159 0
      vertex 2.14888 13.0366 0
    endloop
  endfacet
  facet normal 0 0 -1
    outer loop
      vertex 1.79349 12.6818 0
      vertex 2.14888 13.0366 0
      vertex 1.86824 12.6159 0
    endloop
  endfacet
  facet normal -0 0 -1
    outer loop
      vertex 2.14888 13.0366 0
      vertex 1.79349 12.6818 0
      vertex 2.07162 13.0988 0
    endloop
  endfacet
  facet normal 0 0 -1
    outer loop
      vertex 1.71255 12.74 0
      vertex 2.07162 13.0988 0
      vertex 1.79349 12.6818 0
    endloop
  endfacet
  facet normal -0 0 -1
    outer loop
      vertex 2.07162 13.0988 0
      vertex 1.71255 12.74 0
      vertex 1.99042 13.1557 0
    endloop
  endfacet
  facet normal -0 0 -1
    outer loop
      vertex 1.99042 13.1557 0
      vertex 1.71255 12.74 0
      vertex 1.90563 13.2072 0
    endloop
  endfacet
  facet normal 0 0 -1
    outer loop
      vertex 1.62621 12.7899 0
      vertex 1.90563 13.2072 0
      vertex 1.71255 12.74 0
    endloop
  endfacet
  facet normal -0 0 -1
    outer loop
      vertex 1.90563 13.2072 0
      vertex 1.62621 12.7899 0
      vertex 1.81763 13.253 0
    endloop
  endfacet
  facet normal 0 0 -1
    outer loop
      vertex 1.53534 12.8309 0
      vertex 1.81763 13.253 0
      vertex 1.62621 12.7899 0
    endloop
  endfacet
  facet normal -0 0 -1
    outer loop
      vertex 1.81763 13.253 0
      vertex 1.53534 12.8309 0
      vertex 1.7268 13.2928 0
    endloop
  endfacet
  facet normal -0 0 -1
    outer loop
      vertex 1.7268 13.2928 0
      vertex 1.53534 12.8309 0
      vertex 1.63352 13.3266 0
    endloop
  endfacet
  facet normal 0 0 -1
    outer loop
      vertex 1.44084 12.8626 0
      vertex 1.63352 13.3266 0
      vertex 1.53534 12.8309 0
    endloop
  endfacet
  facet normal -0 0 -1
    outer loop
      vertex 1.63352 13.3266 0
      vertex 1.44084 12.8626 0
      vertex 1.53823 13.3541 0
    endloop
  endfacet
  facet normal 0 0 -1
    outer loop
      vertex 1.34365 12.8848 0
      vertex 1.525 13.357 0
      vertex 1.44084 12.8626 0
    endloop
  endfacet
  facet normal -0 0 -1
    outer loop
      vertex 1.53823 13.3541 0
      vertex 1.44084 12.8626 0
      vertex 1.525 13.357 0
    endloop
  endfacet
  facet normal 0 0 -1
    outer loop
      vertex 5.35659 14.275 0
      vertex 4.89503 14.5304 0
      vertex 4.9 14.63 0
    endloop
  endfacet
  facet normal 0 0 -1
    outer loop
      vertex 5.02023 13.6325 0
      vertex 4.88017 14.4319 0
      vertex 4.89503 14.5304 0
    endloop
  endfacet
  facet normal 0 0 -1
    outer loop
      vertex 4.59824 13.9141 0
      vertex 4.95185 13.5606 0
      vertex 4.87888 13.4934 0
    endloop
  endfacet
  facet normal 0 0 -1
    outer loop
      vertex 5.02023 13.6325 0
      vertex 4.85557 14.3352 0
      vertex 4.88017 14.4319 0
    endloop
  endfacet
  facet normal 0 0 -1
    outer loop
      vertex 5.02023 13.6325 0
      vertex 4.82148 14.2416 0
      vertex 4.85557 14.3352 0
    endloop
  endfacet
  facet normal 0 0 -1
    outer loop
      vertex 4.52349 13.8482 0
      vertex 4.87888 13.4934 0
      vertex 4.80162 13.4312 0
    endloop
  endfacet
  facet normal 0 0 -1
    outer loop
      vertex 5.02023 13.6325 0
      vertex 4.77822 14.1517 0
      vertex 4.82148 14.2416 0
    endloop
  endfacet
  facet normal 0 0 -1
    outer loop
      vertex 5.02023 13.6325 0
      vertex 4.72624 14.0667 0
      vertex 4.77822 14.1517 0
    endloop
  endfacet
  facet normal 0 0 -1
    outer loop
      vertex 4.44255 13.79 0
      vertex 4.80162 13.4312 0
      vertex 4.72042 13.3742 0
    endloop
  endfacet
  facet normal 0 0 -1
    outer loop
      vertex 5.02023 13.6325 0
      vertex 4.66604 13.9872 0
      vertex 4.72624 14.0667 0
    endloop
  endfacet
  facet normal 0 0 -1
    outer loop
      vertex 4.44255 13.79 0
      vertex 4.72042 13.3742 0
      vertex 4.63563 13.3228 0
    endloop
  endfacet
  facet normal 0 0 -1
    outer loop
      vertex 5.02023 13.6325 0
      vertex 4.59824 13.9141 0
      vertex 4.66604 13.9872 0
    endloop
  endfacet
  facet normal 0 0 -1
    outer loop
      vertex 4.35621 13.7401 0
      vertex 4.63563 13.3228 0
      vertex 4.54763 13.277 0
    endloop
  endfacet
  facet normal 0 0 -1
    outer loop
      vertex 4.87888 13.4934 0
      vertex 4.52349 13.8482 0
      vertex 4.59824 13.9141 0
    endloop
  endfacet
  facet normal 0 0 -1
    outer loop
      vertex 4.26534 13.6991 0
      vertex 4.54763 13.277 0
      vertex 4.4568 13.2372 0
    endloop
  endfacet
  facet normal 0 0 -1
    outer loop
      vertex 4.80162 13.4312 0
      vertex 4.44255 13.79 0
      vertex 4.52349 13.8482 0
    endloop
  endfacet
  facet normal 0 0 -1
    outer loop
      vertex 4.26534 13.6991 0
      vertex 4.4568 13.2372 0
      vertex 4.36353 13.2034 0
    endloop
  endfacet
  facet normal 0 0 -1
    outer loop
      vertex 4.63563 13.3228 0
      vertex 4.35621 13.7401 0
      vertex 4.44255 13.79 0
    endloop
  endfacet
  facet normal 0 0 -1
    outer loop
      vertex 4.17084 13.6674 0
      vertex 4.36353 13.2034 0
      vertex 4.26823 13.1759 0
    endloop
  endfacet
  facet normal 0 0 -1
    outer loop
      vertex 4.54763 13.277 0
      vertex 4.26534 13.6991 0
      vertex 4.35621 13.7401 0
    endloop
  endfacet
  facet normal 0 0 -1
    outer loop
      vertex 4.07365 13.6452 0
      vertex 4.26823 13.1759 0
      vertex 4.17132 13.1547 0
    endloop
  endfacet
  facet normal 0 0 -1
    outer loop
      vertex 4.36353 13.2034 0
      vertex 4.17084 13.6674 0
      vertex 4.26534 13.6991 0
    endloop
  endfacet
  facet normal 0 0 -1
    outer loop
      vertex 4.26823 13.1759 0
      vertex 4.07365 13.6452 0
      vertex 4.17084 13.6674 0
    endloop
  endfacet
  facet normal 0 0 -1
    outer loop
      vertex 4.07323 13.14 0
      vertex 4.07365 13.6452 0
      vertex 4.17132 13.1547 0
    endloop
  endfacet
  facet normal 0 0 -1
    outer loop
      vertex 4.07323 13.14 0
      vertex 3.97473 13.6328 0
      vertex 4.07365 13.6452 0
    endloop
  endfacet
  facet normal 0 0 -1
    outer loop
      vertex 3.97437 13.1318 0
      vertex 3.97473 13.6328 0
      vertex 4.07323 13.14 0
    endloop
  endfacet
  facet normal 0 0 -1
    outer loop
      vertex 3.87507 13.6303 0
      vertex 3.97437 13.1318 0
      vertex 3.8752 13.1302 0
    endloop
  endfacet
  facet normal 0 0 -1
    outer loop
      vertex 3.97437 13.1318 0
      vertex 3.87507 13.6303 0
      vertex 3.97473 13.6328 0
    endloop
  endfacet
  facet normal 0 0 -1
    outer loop
      vertex 3.77613 13.1351 0
      vertex 3.87507 13.6303 0
      vertex 3.8752 13.1302 0
    endloop
  endfacet
  facet normal 0 0 -1
    outer loop
      vertex 3.77613 13.1351 0
      vertex 3.77566 13.6378 0
      vertex 3.87507 13.6303 0
    endloop
  endfacet
  facet normal 0 0 -1
    outer loop
      vertex 3.6776 13.1466 0
      vertex 3.77566 13.6378 0
      vertex 3.77613 13.1351 0
    endloop
  endfacet
  facet normal 0 0 -1
    outer loop
      vertex 3.6776 13.1466 0
      vertex 3.67748 13.6551 0
      vertex 3.77566 13.6378 0
    endloop
  endfacet
  facet normal 0 0 -1
    outer loop
      vertex 3.58005 13.1645 0
      vertex 3.67748 13.6551 0
      vertex 3.6776 13.1466 0
    endloop
  endfacet
  facet normal 0 0 -1
    outer loop
      vertex 3.4839 13.1889 0
      vertex 3.67748 13.6551 0
      vertex 3.58005 13.1645 0
    endloop
  endfacet
  facet normal -0 0 -1
    outer loop
      vertex 3.67748 13.6551 0
      vertex 3.4839 13.1889 0
      vertex 3.58151 13.6821 0
    endloop
  endfacet
  facet normal 0 0 -1
    outer loop
      vertex 3.38956 13.2195 0
      vertex 3.58151 13.6821 0
      vertex 3.4839 13.1889 0
    endloop
  endfacet
  facet normal -0 0 -1
    outer loop
      vertex 3.58151 13.6821 0
      vertex 3.38956 13.2195 0
      vertex 3.48871 13.7185 0
    endloop
  endfacet
  facet normal 0 0 -1
    outer loop
      vertex 3.29746 13.2563 0
      vertex 3.48871 13.7185 0
      vertex 3.38956 13.2195 0
    endloop
  endfacet
  facet normal 0 0 -1
    outer loop
      vertex 3.20799 13.2992 0
      vertex 3.48871 13.7185 0
      vertex 3.29746 13.2563 0
    endloop
  endfacet
  facet normal -0 0 -1
    outer loop
      vertex 3.48871 13.7185 0
      vertex 3.20799 13.2992 0
      vertex 3.4 13.764 0
    endloop
  endfacet
  facet normal 0 0 -1
    outer loop
      vertex 3.12154 13.3478 0
      vertex 3.4 13.764 0
      vertex 3.20799 13.2992 0
    endloop
  endfacet
  facet normal -0 0 -1
    outer loop
      vertex 3.4 13.764 0
      vertex 3.12154 13.3478 0
      vertex 3.31626 13.8181 0
    endloop
  endfacet
  facet normal 0 0 -1
    outer loop
      vertex 3.03851 13.4021 0
      vertex 3.31626 13.8181 0
      vertex 3.12154 13.3478 0
    endloop
  endfacet
  facet normal 0 0 -1
    outer loop
      vertex 2.95924 13.4617 0
      vertex 3.31626 13.8181 0
      vertex 3.03851 13.4021 0
    endloop
  endfacet
  facet normal -0 0 -1
    outer loop
      vertex 3.31626 13.8181 0
      vertex 2.95924 13.4617 0
      vertex 3.23831 13.8802 0
    endloop
  endfacet
  facet normal 0 0 -1
    outer loop
      vertex 2.88408 13.5264 0
      vertex 3.23831 13.8802 0
      vertex 2.95924 13.4617 0
    endloop
  endfacet
  facet normal -0 0 -1
    outer loop
      vertex 3.23831 13.8802 0
      vertex 2.88408 13.5264 0
      vertex 3.16695 13.9498 0
    endloop
  endfacet
  facet normal 0 0 -1
    outer loop
      vertex 2.81336 13.596 0
      vertex 3.16695 13.9498 0
      vertex 2.88408 13.5264 0
    endloop
  endfacet
  facet normal 0 0 -1
    outer loop
      vertex 2.7474 13.67 0
      vertex 3.16695 13.9498 0
      vertex 2.81336 13.596 0
    endloop
  endfacet
  facet normal -0 0 -1
    outer loop
      vertex 3.16695 13.9498 0
      vertex 2.7474 13.67 0
      vertex 3.10287 14.0262 0
    endloop
  endfacet
  facet normal 0 0 -1
    outer loop
      vertex 2.68647 13.7483 0
      vertex 3.10287 14.0262 0
      vertex 2.7474 13.67 0
    endloop
  endfacet
  facet normal -0 0 -1
    outer loop
      vertex 3.10287 14.0262 0
      vertex 2.68647 13.7483 0
      vertex 3.04671 14.1086 0
    endloop
  endfacet
  facet normal 0 0 -1
    outer loop
      vertex 2.63086 13.8305 0
      vertex 3.04671 14.1086 0
      vertex 2.68647 13.7483 0
    endloop
  endfacet
  facet normal -0 0 -1
    outer loop
      vertex 3.04671 14.1086 0
      vertex 2.58079 13.9161 0
      vertex 2.99903 14.1961 0
    endloop
  endfacet
  facet normal 0 0 -1
    outer loop
      vertex 2.58079 13.9161 0
      vertex 3.04671 14.1086 0
      vertex 2.63086 13.8305 0
    endloop
  endfacet
  facet normal -0 0 -1
    outer loop
      vertex 5.24209 1.83991 0
      vertex 4.77822 1.64825 0
      vertex 5.19488 1.92715 0
    endloop
  endfacet
  facet normal 0 0 -1
    outer loop
      vertex 4.72624 1.73332 0
      vertex 5.19488 1.92715 0
      vertex 4.77822 1.64825 0
    endloop
  endfacet
  facet normal -0 0 -1
    outer loop
      vertex 5.19488 1.92715 0
      vertex 4.72624 1.73332 0
      vertex 5.14201 2.01107 0
    endloop
  endfacet
  facet normal -0 0 -1
    outer loop
      vertex 5.14201 2.01107 0
      vertex 4.72624 1.73332 0
      vertex 5.08371 2.09132 0
    endloop
  endfacet
  facet normal 0 0 -1
    outer loop
      vertex 4.66604 1.81279 0
      vertex 5.08371 2.09132 0
      vertex 4.72624 1.73332 0
    endloop
  endfacet
  facet normal -0 0 -1
    outer loop
      vertex 5.08371 2.09132 0
      vertex 4.66604 1.81279 0
      vertex 5.02023 2.16754 0
    endloop
  endfacet
  facet normal 0 0 -1
    outer loop
      vertex 4.59824 1.88587 0
      vertex 5.02023 2.16754 0
      vertex 4.66604 1.81279 0
    endloop
  endfacet
  facet normal -0 0 -1
    outer loop
      vertex 5.02023 2.16754 0
      vertex 4.59824 1.88587 0
      vertex 4.95185 2.23939 0
    endloop
  endfacet
  facet normal -0 0 -1
    outer loop
      vertex 4.95185 2.23939 0
      vertex 4.59824 1.88587 0
      vertex 4.87888 2.30657 0
    endloop
  endfacet
  facet normal 0 0 -1
    outer loop
      vertex 4.52349 1.95183 0
      vertex 4.87888 2.30657 0
      vertex 4.59824 1.88587 0
    endloop
  endfacet
  facet normal -0 0 -1
    outer loop
      vertex 4.87888 2.30657 0
      vertex 4.52349 1.95183 0
      vertex 4.80162 2.36878 0
    endloop
  endfacet
  facet normal 0 0 -1
    outer loop
      vertex 4.44255 2.01003 0
      vertex 4.80162 2.36878 0
      vertex 4.52349 1.95183 0
    endloop
  endfacet
  facet normal -0 0 -1
    outer loop
      vertex 4.80162 2.36878 0
      vertex 4.44255 2.01003 0
      vertex 4.72042 2.42575 0
    endloop
  endfacet
  facet normal -0 0 -1
    outer loop
      vertex 4.72042 2.42575 0
      vertex 4.44255 2.01003 0
      vertex 4.63563 2.47723 0
    endloop
  endfacet
  facet normal 0 0 -1
    outer loop
      vertex 4.35621 2.05987 0
      vertex 4.63563 2.47723 0
      vertex 4.44255 2.01003 0
    endloop
  endfacet
  facet normal -0 0 -1
    outer loop
      vertex 4.63563 2.47723 0
      vertex 4.35621 2.05987 0
      vertex 4.54763 2.52299 0
    endloop
  endfacet
  facet normal 0 0 -1
    outer loop
      vertex 4.26534 2.10087 0
      vertex 4.54763 2.52299 0
      vertex 4.35621 2.05987 0
    endloop
  endfacet
  facet normal -0 0 -1
    outer loop
      vertex 4.54763 2.52299 0
      vertex 4.26534 2.10087 0
      vertex 4.4568 2.56283 0
    endloop
  endfacet
  facet normal -0 0 -1
    outer loop
      vertex 4.4568 2.56283 0
      vertex 4.26534 2.10087 0
      vertex 4.36353 2.59658 0
    endloop
  endfacet
  facet normal 0 0 -1
    outer loop
      vertex 4.17084 2.13262 0
      vertex 4.36353 2.59658 0
      vertex 4.26534 2.10087 0
    endloop
  endfacet
  facet normal -0 0 -1
    outer loop
      vertex 4.36353 2.59658 0
      vertex 4.17084 2.13262 0
      vertex 4.26823 2.6241 0
    endloop
  endfacet
  facet normal 0 0 -1
    outer loop
      vertex 4.07365 2.15481 0
      vertex 4.26823 2.6241 0
      vertex 4.17084 2.13262 0
    endloop
  endfacet
  facet normal -0 0 -1
    outer loop
      vertex 4.26823 2.6241 0
      vertex 4.07365 2.15481 0
      vertex 4.17132 2.64526 0
    endloop
  endfacet
  facet normal 0 0 -1
    outer loop
      vertex 4.07365 2.15481 0
      vertex 4.07323 2.65996 0
      vertex 4.17132 2.64526 0
    endloop
  endfacet
  facet normal 0 0 -1
    outer loop
      vertex 3.97473 2.1672 0
      vertex 4.07323 2.65996 0
      vertex 4.07365 2.15481 0
    endloop
  endfacet
  facet normal 0 0 -1
    outer loop
      vertex 3.97473 2.1672 0
      vertex 3.97437 2.66815 0
      vertex 4.07323 2.65996 0
    endloop
  endfacet
  facet normal 0 0 -1
    outer loop
      vertex 3.87507 2.16969 0
      vertex 3.97437 2.66815 0
      vertex 3.97473 2.1672 0
    endloop
  endfacet
  facet normal -0 0 -1
    outer loop
      vertex 3.97437 2.66815 0
      vertex 3.87507 2.16969 0
      vertex 3.8752 2.66979 0
    endloop
  endfacet
  facet normal 0 0 -1
    outer loop
      vertex 3.87507 2.16969 0
      vertex 3.77613 2.66488 0
      vertex 3.8752 2.66979 0
    endloop
  endfacet
  facet normal 0 0 -1
    outer loop
      vertex 3.77566 2.16224 0
      vertex 3.77613 2.66488 0
      vertex 3.87507 2.16969 0
    endloop
  endfacet
  facet normal 0 0 -1
    outer loop
      vertex 3.77566 2.16224 0
      vertex 3.6776 2.65342 0
      vertex 3.77613 2.66488 0
    endloop
  endfacet
  facet normal 0 0 -1
    outer loop
      vertex 3.67748 2.14493 0
      vertex 3.6776 2.65342 0
      vertex 3.77566 2.16224 0
    endloop
  endfacet
  facet normal 0 0 -1
    outer loop
      vertex 3.4839 2.61113 0
      vertex 3.67748 2.14493 0
      vertex 3.58151 2.11793 0
    endloop
  endfacet
  facet normal 0 0 -1
    outer loop
      vertex 3.67748 2.14493 0
      vertex 3.58005 2.63548 0
      vertex 3.6776 2.65342 0
    endloop
  endfacet
  facet normal 0 0 -1
    outer loop
      vertex 3.38956 2.58048 0
      vertex 3.58151 2.11793 0
      vertex 3.48871 2.08151 0
    endloop
  endfacet
  facet normal 0 0 -1
    outer loop
      vertex 3.67748 2.14493 0
      vertex 3.4839 2.61113 0
      vertex 3.58005 2.63548 0
    endloop
  endfacet
  facet normal 0 0 -1
    outer loop
      vertex 3.20799 2.50083 0
      vertex 3.48871 2.08151 0
      vertex 3.4 2.03603 0
    endloop
  endfacet
  facet normal 0 0 -1
    outer loop
      vertex 3.58151 2.11793 0
      vertex 3.38956 2.58048 0
      vertex 3.4839 2.61113 0
    endloop
  endfacet
  facet normal 0 0 -1
    outer loop
      vertex 3.12154 2.45219 0
      vertex 3.4 2.03603 0
      vertex 3.31626 1.98194 0
    endloop
  endfacet
  facet normal 0 0 -1
    outer loop
      vertex 3.48871 2.08151 0
      vertex 3.29746 2.54366 0
      vertex 3.38956 2.58048 0
    endloop
  endfacet
  facet normal 0 0 -1
    outer loop
      vertex 2.95924 2.33832 0
      vertex 3.31626 1.98194 0
      vertex 3.23831 1.91978 0
    endloop
  endfacet
  facet normal 0 0 -1
    outer loop
      vertex 3.48871 2.08151 0
      vertex 3.20799 2.50083 0
      vertex 3.29746 2.54366 0
    endloop
  endfacet
  facet normal 0 0 -1
    outer loop
      vertex 2.88408 2.27359 0
      vertex 3.23831 1.91978 0
      vertex 3.16695 1.85017 0
    endloop
  endfacet
  facet normal 0 0 -1
    outer loop
      vertex 3.4 2.03603 0
      vertex 3.12154 2.45219 0
      vertex 3.20799 2.50083 0
    endloop
  endfacet
  facet normal 0 0 -1
    outer loop
      vertex 2.7474 2.12995 0
      vertex 3.16695 1.85017 0
      vertex 3.10287 1.7738 0
    endloop
  endfacet
  facet normal 0 0 -1
    outer loop
      vertex 2.68647 2.05168 0
      vertex 3.10287 1.7738 0
      vertex 3.04671 1.69143 0
    endloop
  endfacet
  facet normal 0 0 -1
    outer loop
      vertex 3.31626 1.98194 0
      vertex 3.03851 2.39794 0
      vertex 3.12154 2.45219 0
    endloop
  endfacet
  facet normal 0 0 -1
    outer loop
      vertex 2.58079 1.88392 0
      vertex 3.04671 1.69143 0
      vertex 2.99903 1.60388 0
    endloop
  endfacet
  facet normal 0 0 -1
    outer loop
      vertex 2.53649 1.79517 0
      vertex 2.99903 1.60388 0
      vertex 2.96031 1.51202 0
    endloop
  endfacet
  facet normal 0 0 -1
    outer loop
      vertex 3.31626 1.98194 0
      vertex 2.95924 2.33832 0
      vertex 3.03851 2.39794 0
    endloop
  endfacet
  facet normal 0 0 -1
    outer loop
      vertex 2.46595 1.60987 0
      vertex 2.96031 1.51202 0
      vertex 2.93092 1.41676 0
    endloop
  endfacet
  facet normal 0 0 -1
    outer loop
      vertex 2.44295 1.525 0
      vertex 2.93092 1.41676 0
      vertex 2.91117 1.31904 0
    endloop
  endfacet
  facet normal 0 0 -1
    outer loop
      vertex 2.44295 1.525 0
      vertex 2.91117 1.31904 0
      vertex 2.90124 1.21985 0
    endloop
  endfacet
  facet normal 0 0 -1
    outer loop
      vertex 3.23831 1.91978 0
      vertex 2.88408 2.27359 0
      vertex 2.95924 2.33832 0
    endloop
  endfacet
  facet normal 0 0 -1
    outer loop
      vertex 13.3566 14.275 0
      vertex 12.895 14.5304 0
      vertex 12.9 14.63 0
    endloop
  endfacet
  facet normal 0 0 -1
    outer loop
      vertex 13.0202 13.6325 0
      vertex 12.8802 14.4319 0
      vertex 12.895 14.5304 0
    endloop
  endfacet
  facet normal 0 0 -1
    outer loop
      vertex 12.5982 13.9141 0
      vertex 12.9519 13.5606 0
      vertex 12.8789 13.4934 0
    endloop
  endfacet
  facet normal 0 0 -1
    outer loop
      vertex 13.0202 13.6325 0
      vertex 12.8556 14.3352 0
      vertex 12.8802 14.4319 0
    endloop
  endfacet
  facet normal 0 0 -1
    outer loop
      vertex 13.0202 13.6325 0
      vertex 12.8215 14.2416 0
      vertex 12.8556 14.3352 0
    endloop
  endfacet
  facet normal 0 0 -1
    outer loop
      vertex 12.5235 13.8482 0
      vertex 12.8789 13.4934 0
      vertex 12.8016 13.4312 0
    endloop
  endfacet
  facet normal 0 0 -1
    outer loop
      vertex 13.0202 13.6325 0
      vertex 12.7782 14.1517 0
      vertex 12.8215 14.2416 0
    endloop
  endfacet
  facet normal 0 0 -1
    outer loop
      vertex 13.0202 13.6325 0
      vertex 12.7262 14.0667 0
      vertex 12.7782 14.1517 0
    endloop
  endfacet
  facet normal 0 0 -1
    outer loop
      vertex 12.4425 13.79 0
      vertex 12.8016 13.4312 0
      vertex 12.7204 13.3742 0
    endloop
  endfacet
  facet normal 0 0 -1
    outer loop
      vertex 13.0202 13.6325 0
      vertex 12.666 13.9872 0
      vertex 12.7262 14.0667 0
    endloop
  endfacet
  facet normal 0 0 -1
    outer loop
      vertex 12.4425 13.79 0
      vertex 12.7204 13.3742 0
      vertex 12.6356 13.3228 0
    endloop
  endfacet
  facet normal 0 0 -1
    outer loop
      vertex 13.0202 13.6325 0
      vertex 12.5982 13.9141 0
      vertex 12.666 13.9872 0
    endloop
  endfacet
  facet normal 0 0 -1
    outer loop
      vertex 12.3562 13.7401 0
      vertex 12.6356 13.3228 0
      vertex 12.5476 13.277 0
    endloop
  endfacet
  facet normal 0 0 -1
    outer loop
      vertex 12.8789 13.4934 0
      vertex 12.5235 13.8482 0
      vertex 12.5982 13.9141 0
    endloop
  endfacet
  facet normal 0 0 -1
    outer loop
      vertex 12.2653 13.6991 0
      vertex 12.5476 13.277 0
      vertex 12.4568 13.2372 0
    endloop
  endfacet
  facet normal 0 0 -1
    outer loop
      vertex 12.8016 13.4312 0
      vertex 12.4425 13.79 0
      vertex 12.5235 13.8482 0
    endloop
  endfacet
  facet normal 0 0 -1
    outer loop
      vertex 12.2653 13.6991 0
      vertex 12.4568 13.2372 0
      vertex 12.3635 13.2034 0
    endloop
  endfacet
  facet normal 0 0 -1
    outer loop
      vertex 12.6356 13.3228 0
      vertex 12.3562 13.7401 0
      vertex 12.4425 13.79 0
    endloop
  endfacet
  facet normal 0 0 -1
    outer loop
      vertex 12.1708 13.6674 0
      vertex 12.3635 13.2034 0
      vertex 12.2682 13.1759 0
    endloop
  endfacet
  facet normal 0 0 -1
    outer loop
      vertex 12.5476 13.277 0
      vertex 12.2653 13.6991 0
      vertex 12.3562 13.7401 0
    endloop
  endfacet
  facet normal 0 0 -1
    outer loop
      vertex 12.0736 13.6452 0
      vertex 12.2682 13.1759 0
      vertex 12.1713 13.1547 0
    endloop
  endfacet
  facet normal 0 0 -1
    outer loop
      vertex 12.3635 13.2034 0
      vertex 12.1708 13.6674 0
      vertex 12.2653 13.6991 0
    endloop
  endfacet
  facet normal 0 0 -1
    outer loop
      vertex 12.2682 13.1759 0
      vertex 12.0736 13.6452 0
      vertex 12.1708 13.6674 0
    endloop
  endfacet
  facet normal 0 0 -1
    outer loop
      vertex 12.0732 13.14 0
      vertex 12.0736 13.6452 0
      vertex 12.1713 13.1547 0
    endloop
  endfacet
  facet normal 0 0 -1
    outer loop
      vertex 12.0732 13.14 0
      vertex 11.9747 13.6328 0
      vertex 12.0736 13.6452 0
    endloop
  endfacet
  facet normal 0 0 -1
    outer loop
      vertex 11.9744 13.1318 0
      vertex 11.9747 13.6328 0
      vertex 12.0732 13.14 0
    endloop
  endfacet
  facet normal 0 0 -1
    outer loop
      vertex 11.8751 13.6303 0
      vertex 11.9744 13.1318 0
      vertex 11.8752 13.1302 0
    endloop
  endfacet
  facet normal 0 0 -1
    outer loop
      vertex 11.9744 13.1318 0
      vertex 11.8751 13.6303 0
      vertex 11.9747 13.6328 0
    endloop
  endfacet
  facet normal 0 0 -1
    outer loop
      vertex 11.7761 13.1351 0
      vertex 11.8751 13.6303 0
      vertex 11.8752 13.1302 0
    endloop
  endfacet
  facet normal 0 0 -1
    outer loop
      vertex 11.7761 13.1351 0
      vertex 11.7757 13.6378 0
      vertex 11.8751 13.6303 0
    endloop
  endfacet
  facet normal 0 0 -1
    outer loop
      vertex 11.6776 13.1466 0
      vertex 11.7757 13.6378 0
      vertex 11.7761 13.1351 0
    endloop
  endfacet
  facet normal 0 0 -1
    outer loop
      vertex 11.6776 13.1466 0
      vertex 11.6775 13.6551 0
      vertex 11.7757 13.6378 0
    endloop
  endfacet
  facet normal 0 0 -1
    outer loop
      vertex 11.5801 13.1645 0
      vertex 11.6775 13.6551 0
      vertex 11.6776 13.1466 0
    endloop
  endfacet
  facet normal 0 0 -1
    outer loop
      vertex 11.4839 13.1889 0
      vertex 11.6775 13.6551 0
      vertex 11.5801 13.1645 0
    endloop
  endfacet
  facet normal -0 0 -1
    outer loop
      vertex 11.6775 13.6551 0
      vertex 11.4839 13.1889 0
      vertex 11.5815 13.6821 0
    endloop
  endfacet
  facet normal 0 0 -1
    outer loop
      vertex 11.3896 13.2195 0
      vertex 11.5815 13.6821 0
      vertex 11.4839 13.1889 0
    endloop
  endfacet
  facet normal -0 0 -1
    outer loop
      vertex 11.5815 13.6821 0
      vertex 11.3896 13.2195 0
      vertex 11.4887 13.7185 0
    endloop
  endfacet
  facet normal 0 0 -1
    outer loop
      vertex 11.2975 13.2563 0
      vertex 11.4887 13.7185 0
      vertex 11.3896 13.2195 0
    endloop
  endfacet
  facet normal 0 0 -1
    outer loop
      vertex 11.208 13.2992 0
      vertex 11.4887 13.7185 0
      vertex 11.2975 13.2563 0
    endloop
  endfacet
  facet normal -0 0 -1
    outer loop
      vertex 11.4887 13.7185 0
      vertex 11.208 13.2992 0
      vertex 11.4 13.764 0
    endloop
  endfacet
  facet normal 0 0 -1
    outer loop
      vertex 11.1215 13.3478 0
      vertex 11.4 13.764 0
      vertex 11.208 13.2992 0
    endloop
  endfacet
  facet normal -0 0 -1
    outer loop
      vertex 11.4 13.764 0
      vertex 11.1215 13.3478 0
      vertex 11.3163 13.8181 0
    endloop
  endfacet
  facet normal 0 0 -1
    outer loop
      vertex 11.0385 13.4021 0
      vertex 11.3163 13.8181 0
      vertex 11.1215 13.3478 0
    endloop
  endfacet
  facet normal 0 0 -1
    outer loop
      vertex 10.9592 13.4617 0
      vertex 11.3163 13.8181 0
      vertex 11.0385 13.4021 0
    endloop
  endfacet
  facet normal -0 0 -1
    outer loop
      vertex 11.3163 13.8181 0
      vertex 10.9592 13.4617 0
      vertex 11.2383 13.8802 0
    endloop
  endfacet
  facet normal 0 0 -1
    outer loop
      vertex 10.8841 13.5264 0
      vertex 11.2383 13.8802 0
      vertex 10.9592 13.4617 0
    endloop
  endfacet
  facet normal -0 0 -1
    outer loop
      vertex 11.2383 13.8802 0
      vertex 10.8841 13.5264 0
      vertex 11.1669 13.9498 0
    endloop
  endfacet
  facet normal 0 0 -1
    outer loop
      vertex 10.8134 13.596 0
      vertex 11.1669 13.9498 0
      vertex 10.8841 13.5264 0
    endloop
  endfacet
  facet normal 0 0 -1
    outer loop
      vertex 10.7474 13.67 0
      vertex 11.1669 13.9498 0
      vertex 10.8134 13.596 0
    endloop
  endfacet
  facet normal -0 0 -1
    outer loop
      vertex 11.1669 13.9498 0
      vertex 10.7474 13.67 0
      vertex 11.1029 14.0262 0
    endloop
  endfacet
  facet normal 0 0 -1
    outer loop
      vertex 10.6865 13.7483 0
      vertex 11.1029 14.0262 0
      vertex 10.7474 13.67 0
    endloop
  endfacet
  facet normal -0 0 -1
    outer loop
      vertex 11.1029 14.0262 0
      vertex 10.6865 13.7483 0
      vertex 11.0467 14.1086 0
    endloop
  endfacet
  facet normal 0 0 -1
    outer loop
      vertex 10.6309 13.8305 0
      vertex 11.0467 14.1086 0
      vertex 10.6865 13.7483 0
    endloop
  endfacet
  facet normal -0 0 -1
    outer loop
      vertex 11.0467 14.1086 0
      vertex 10.5808 13.9161 0
      vertex 10.999 14.1961 0
    endloop
  endfacet
  facet normal 0 0 -1
    outer loop
      vertex 10.5808 13.9161 0
      vertex 11.0467 14.1086 0
      vertex 10.6309 13.8305 0
    endloop
  endfacet
  facet normal -0 0 -1
    outer loop
      vertex 13.2421 1.83991 0
      vertex 12.7782 1.64825 0
      vertex 13.1949 1.92715 0
    endloop
  endfacet
  facet normal 0 0 -1
    outer loop
      vertex 12.7262 1.73332 0
      vertex 13.1949 1.92715 0
      vertex 12.7782 1.64825 0
    endloop
  endfacet
  facet normal -0 0 -1
    outer loop
      vertex 13.1949 1.92715 0
      vertex 12.7262 1.73332 0
      vertex 13.142 2.01107 0
    endloop
  endfacet
  facet normal -0 0 -1
    outer loop
      vertex 13.142 2.01107 0
      vertex 12.7262 1.73332 0
      vertex 13.0837 2.09132 0
    endloop
  endfacet
  facet normal 0 0 -1
    outer loop
      vertex 12.666 1.81279 0
      vertex 13.0837 2.09132 0
      vertex 12.7262 1.73332 0
    endloop
  endfacet
  facet normal -0 0 -1
    outer loop
      vertex 13.0837 2.09132 0
      vertex 12.666 1.81279 0
      vertex 13.0202 2.16754 0
    endloop
  endfacet
  facet normal 0 0 -1
    outer loop
      vertex 12.5982 1.88587 0
      vertex 13.0202 2.16754 0
      vertex 12.666 1.81279 0
    endloop
  endfacet
  facet normal -0 0 -1
    outer loop
      vertex 13.0202 2.16754 0
      vertex 12.5982 1.88587 0
      vertex 12.9519 2.23939 0
    endloop
  endfacet
  facet normal -0 0 -1
    outer loop
      vertex 12.9519 2.23939 0
      vertex 12.5982 1.88587 0
      vertex 12.8789 2.30657 0
    endloop
  endfacet
  facet normal 0 0 -1
    outer loop
      vertex 12.5235 1.95183 0
      vertex 12.8789 2.30657 0
      vertex 12.5982 1.88587 0
    endloop
  endfacet
  facet normal -0 0 -1
    outer loop
      vertex 12.8789 2.30657 0
      vertex 12.5235 1.95183 0
      vertex 12.8016 2.36878 0
    endloop
  endfacet
  facet normal 0 0 -1
    outer loop
      vertex 12.4425 2.01003 0
      vertex 12.8016 2.36878 0
      vertex 12.5235 1.95183 0
    endloop
  endfacet
  facet normal -0 0 -1
    outer loop
      vertex 12.8016 2.36878 0
      vertex 12.4425 2.01003 0
      vertex 12.7204 2.42575 0
    endloop
  endfacet
  facet normal -0 0 -1
    outer loop
      vertex 12.7204 2.42575 0
      vertex 12.4425 2.01003 0
      vertex 12.6356 2.47723 0
    endloop
  endfacet
  facet normal 0 0 -1
    outer loop
      vertex 12.3562 2.05987 0
      vertex 12.6356 2.47723 0
      vertex 12.4425 2.01003 0
    endloop
  endfacet
  facet normal -0 0 -1
    outer loop
      vertex 12.6356 2.47723 0
      vertex 12.3562 2.05987 0
      vertex 12.5476 2.52299 0
    endloop
  endfacet
  facet normal 0 0 -1
    outer loop
      vertex 12.2653 2.10087 0
      vertex 12.5476 2.52299 0
      vertex 12.3562 2.05987 0
    endloop
  endfacet
  facet normal -0 0 -1
    outer loop
      vertex 12.5476 2.52299 0
      vertex 12.2653 2.10087 0
      vertex 12.4568 2.56283 0
    endloop
  endfacet
  facet normal -0 0 -1
    outer loop
      vertex 12.4568 2.56283 0
      vertex 12.2653 2.10087 0
      vertex 12.3635 2.59658 0
    endloop
  endfacet
  facet normal 0 0 -1
    outer loop
      vertex 12.1708 2.13262 0
      vertex 12.3635 2.59658 0
      vertex 12.2653 2.10087 0
    endloop
  endfacet
  facet normal -0 0 -1
    outer loop
      vertex 12.3635 2.59658 0
      vertex 12.1708 2.13262 0
      vertex 12.2682 2.6241 0
    endloop
  endfacet
  facet normal 0 0 -1
    outer loop
      vertex 12.0736 2.15481 0
      vertex 12.2682 2.6241 0
      vertex 12.1708 2.13262 0
    endloop
  endfacet
  facet normal -0 0 -1
    outer loop
      vertex 12.2682 2.6241 0
      vertex 12.0736 2.15481 0
      vertex 12.1713 2.64526 0
    endloop
  endfacet
  facet normal 0 0 -1
    outer loop
      vertex 12.0736 2.15481 0
      vertex 12.0732 2.65996 0
      vertex 12.1713 2.64526 0
    endloop
  endfacet
  facet normal 0 0 -1
    outer loop
      vertex 11.9747 2.1672 0
      vertex 12.0732 2.65996 0
      vertex 12.0736 2.15481 0
    endloop
  endfacet
  facet normal 0 0 -1
    outer loop
      vertex 11.9747 2.1672 0
      vertex 11.9744 2.66815 0
      vertex 12.0732 2.65996 0
    endloop
  endfacet
  facet normal 0 0 -1
    outer loop
      vertex 11.8751 2.16969 0
      vertex 11.9744 2.66815 0
      vertex 11.9747 2.1672 0
    endloop
  endfacet
  facet normal -0 0 -1
    outer loop
      vertex 11.9744 2.66815 0
      vertex 11.8751 2.16969 0
      vertex 11.8752 2.66979 0
    endloop
  endfacet
  facet normal 0 0 -1
    outer loop
      vertex 11.8751 2.16969 0
      vertex 11.7761 2.66488 0
      vertex 11.8752 2.66979 0
    endloop
  endfacet
  facet normal 0 0 -1
    outer loop
      vertex 11.7757 2.16224 0
      vertex 11.7761 2.66488 0
      vertex 11.8751 2.16969 0
    endloop
  endfacet
  facet normal 0 0 -1
    outer loop
      vertex 11.7757 2.16224 0
      vertex 11.6776 2.65342 0
      vertex 11.7761 2.66488 0
    endloop
  endfacet
  facet normal 0 0 -1
    outer loop
      vertex 11.6775 2.14493 0
      vertex 11.6776 2.65342 0
      vertex 11.7757 2.16224 0
    endloop
  endfacet
  facet normal 0 0 -1
    outer loop
      vertex 11.4839 2.61113 0
      vertex 11.6775 2.14493 0
      vertex 11.5815 2.11793 0
    endloop
  endfacet
  facet normal 0 0 -1
    outer loop
      vertex 11.6775 2.14493 0
      vertex 11.5801 2.63548 0
      vertex 11.6776 2.65342 0
    endloop
  endfacet
  facet normal 0 0 -1
    outer loop
      vertex 11.3896 2.58048 0
      vertex 11.5815 2.11793 0
      vertex 11.4887 2.08151 0
    endloop
  endfacet
  facet normal 0 0 -1
    outer loop
      vertex 11.6775 2.14493 0
      vertex 11.4839 2.61113 0
      vertex 11.5801 2.63548 0
    endloop
  endfacet
  facet normal 0 0 -1
    outer loop
      vertex 11.208 2.50083 0
      vertex 11.4887 2.08151 0
      vertex 11.4 2.03603 0
    endloop
  endfacet
  facet normal 0 0 -1
    outer loop
      vertex 11.5815 2.11793 0
      vertex 11.3896 2.58048 0
      vertex 11.4839 2.61113 0
    endloop
  endfacet
  facet normal 0 0 -1
    outer loop
      vertex 11.1215 2.45219 0
      vertex 11.4 2.03603 0
      vertex 11.3163 1.98194 0
    endloop
  endfacet
  facet normal 0 0 -1
    outer loop
      vertex 11.4887 2.08151 0
      vertex 11.2975 2.54366 0
      vertex 11.3896 2.58048 0
    endloop
  endfacet
  facet normal 0 0 -1
    outer loop
      vertex 10.9592 2.33832 0
      vertex 11.3163 1.98194 0
      vertex 11.2383 1.91978 0
    endloop
  endfacet
  facet normal 0 0 -1
    outer loop
      vertex 11.4887 2.08151 0
      vertex 11.208 2.50083 0
      vertex 11.2975 2.54366 0
    endloop
  endfacet
  facet normal 0 0 -1
    outer loop
      vertex 10.8841 2.27359 0
      vertex 11.2383 1.91978 0
      vertex 11.1669 1.85017 0
    endloop
  endfacet
  facet normal 0 0 -1
    outer loop
      vertex 11.4 2.03603 0
      vertex 11.1215 2.45219 0
      vertex 11.208 2.50083 0
    endloop
  endfacet
  facet normal 0 0 -1
    outer loop
      vertex 10.7474 2.12995 0
      vertex 11.1669 1.85017 0
      vertex 11.1029 1.7738 0
    endloop
  endfacet
  facet normal 0 0 -1
    outer loop
      vertex 10.6865 2.05168 0
      vertex 11.1029 1.7738 0
      vertex 11.0467 1.69143 0
    endloop
  endfacet
  facet normal 0 0 -1
    outer loop
      vertex 11.3163 1.98194 0
      vertex 11.0385 2.39794 0
      vertex 11.1215 2.45219 0
    endloop
  endfacet
  facet normal 0 0 -1
    outer loop
      vertex 10.5808 1.88392 0
      vertex 11.0467 1.69143 0
      vertex 10.999 1.60388 0
    endloop
  endfacet
  facet normal 0 0 -1
    outer loop
      vertex 10.5365 1.79517 0
      vertex 10.999 1.60388 0
      vertex 10.9603 1.51202 0
    endloop
  endfacet
  facet normal 0 0 -1
    outer loop
      vertex 11.3163 1.98194 0
      vertex 10.9592 2.33832 0
      vertex 11.0385 2.39794 0
    endloop
  endfacet
  facet normal 0 0 -1
    outer loop
      vertex 10.4659 1.60987 0
      vertex 10.9603 1.51202 0
      vertex 10.9309 1.41676 0
    endloop
  endfacet
  facet normal 0 0 -1
    outer loop
      vertex 10.443 1.525 0
      vertex 10.9309 1.41676 0
      vertex 10.9112 1.31904 0
    endloop
  endfacet
  facet normal 0 0 -1
    outer loop
      vertex 10.443 1.525 0
      vertex 10.9112 1.31904 0
      vertex 10.9012 1.21985 0
    endloop
  endfacet
  facet normal 0 0 -1
    outer loop
      vertex 11.2383 1.91978 0
      vertex 10.8841 2.27359 0
      vertex 10.9592 2.33832 0
    endloop
  endfacet
  facet normal 0 0 -1
    outer loop
      vertex 14.1196 13.3105 0
      vertex 14.3115 12.8479 0
      vertex 14.2187 12.8115 0
    endloop
  endfacet
  facet normal 0 0 -1
    outer loop
      vertex 14.3115 12.8479 0
      vertex 14.2139 13.3411 0
      vertex 14.275 13.3566 0
    endloop
  endfacet
  facet normal 0 0 -1
    outer loop
      vertex 13.938 13.2308 0
      vertex 14.2187 12.8115 0
      vertex 14.13 12.766 0
    endloop
  endfacet
  facet normal 0 0 -1
    outer loop
      vertex 14.3115 12.8479 0
      vertex 14.1196 13.3105 0
      vertex 14.2139 13.3411 0
    endloop
  endfacet
  facet normal 0 0 -1
    outer loop
      vertex 13.8515 13.1822 0
      vertex 14.13 12.766 0
      vertex 14.0463 12.7119 0
    endloop
  endfacet
  facet normal 0 0 -1
    outer loop
      vertex 14.2187 12.8115 0
      vertex 14.0275 13.2737 0
      vertex 14.1196 13.3105 0
    endloop
  endfacet
  facet normal 0 0 -1
    outer loop
      vertex 13.6892 13.0683 0
      vertex 14.0463 12.7119 0
      vertex 13.9683 12.6498 0
    endloop
  endfacet
  facet normal 0 0 -1
    outer loop
      vertex 14.2187 12.8115 0
      vertex 13.938 13.2308 0
      vertex 14.0275 13.2737 0
    endloop
  endfacet
  facet normal 0 0 -1
    outer loop
      vertex 13.6141 13.0036 0
      vertex 13.9683 12.6498 0
      vertex 13.8969 12.5802 0
    endloop
  endfacet
  facet normal 0 0 -1
    outer loop
      vertex 14.13 12.766 0
      vertex 13.8515 13.1822 0
      vertex 13.938 13.2308 0
    endloop
  endfacet
  facet normal 0 0 -1
    outer loop
      vertex 13.4774 12.86 0
      vertex 13.8969 12.5802 0
      vertex 13.8329 12.5038 0
    endloop
  endfacet
  facet normal 0 0 -1
    outer loop
      vertex 13.4165 12.7817 0
      vertex 13.8329 12.5038 0
      vertex 13.7767 12.4214 0
    endloop
  endfacet
  facet normal 0 0 -1
    outer loop
      vertex 14.0463 12.7119 0
      vertex 13.7685 13.1279 0
      vertex 13.8515 13.1822 0
    endloop
  endfacet
  facet normal 0 0 -1
    outer loop
      vertex 13.3108 12.6139 0
      vertex 13.7767 12.4214 0
      vertex 13.729 12.3339 0
    endloop
  endfacet
  facet normal 0 0 -1
    outer loop
      vertex 13.2665 12.5252 0
      vertex 13.729 12.3339 0
      vertex 13.6903 12.242 0
    endloop
  endfacet
  facet normal 0 0 -1
    outer loop
      vertex 14.0463 12.7119 0
      vertex 13.6892 13.0683 0
      vertex 13.7685 13.1279 0
    endloop
  endfacet
  facet normal 0 0 -1
    outer loop
      vertex 13.1959 12.3399 0
      vertex 13.6903 12.242 0
      vertex 13.6609 12.1468 0
    endloop
  endfacet
  facet normal 0 0 -1
    outer loop
      vertex 13.17 12.2441 0
      vertex 13.6609 12.1468 0
      vertex 13.6412 12.049 0
    endloop
  endfacet
  facet normal 0 0 -1
    outer loop
      vertex 13.1374 12.0486 0
      vertex 13.6412 12.049 0
      vertex 13.6312 11.9498 0
    endloop
  endfacet
  facet normal 0 0 -1
    outer loop
      vertex 13.9683 12.6498 0
      vertex 13.6141 13.0036 0
      vertex 13.6892 13.0683 0
    endloop
  endfacet
  facet normal 0 0 -1
    outer loop
      vertex 13.2665 11.2748 0
      vertex 13.729 11.4661 0
      vertex 13.3108 11.1861 0
    endloop
  endfacet
  facet normal -0 0 -1
    outer loop
      vertex 13.729 11.4661 0
      vertex 13.2665 11.2748 0
      vertex 13.6903 11.558 0
    endloop
  endfacet
  facet normal 0 0 -1
    outer loop
      vertex 13.8969 12.5802 0
      vertex 13.5434 12.934 0
      vertex 13.6141 13.0036 0
    endloop
  endfacet
  facet normal 0 0 -1
    outer loop
      vertex 13.2282 11.3663 0
      vertex 13.6903 11.558 0
      vertex 13.2665 11.2748 0
    endloop
  endfacet
  facet normal 0 0 -1
    outer loop
      vertex 13.8969 12.5802 0
      vertex 13.4774 12.86 0
      vertex 13.5434 12.934 0
    endloop
  endfacet
  facet normal 0 0 -1
    outer loop
      vertex 13.1959 11.4601 0
      vertex 13.6903 11.558 0
      vertex 13.2282 11.3663 0
    endloop
  endfacet
  facet normal 0 0 -1
    outer loop
      vertex 13.8329 12.5038 0
      vertex 13.4165 12.7817 0
      vertex 13.4774 12.86 0
    endloop
  endfacet
  facet normal -0 0 -1
    outer loop
      vertex 13.6903 11.558 0
      vertex 13.1959 11.4601 0
      vertex 13.6609 11.6532 0
    endloop
  endfacet
  facet normal 0 0 -1
    outer loop
      vertex 13.7767 12.4214 0
      vertex 13.3609 12.6995 0
      vertex 13.4165 12.7817 0
    endloop
  endfacet
  facet normal 0 0 -1
    outer loop
      vertex 13.17 11.5559 0
      vertex 13.6609 11.6532 0
      vertex 13.1959 11.4601 0
    endloop
  endfacet
  facet normal 0 0 -1
    outer loop
      vertex 13.7767 12.4214 0
      vertex 13.3108 12.6139 0
      vertex 13.3609 12.6995 0
    endloop
  endfacet
  facet normal -0 0 -1
    outer loop
      vertex 13.6609 11.6532 0
      vertex 13.17 11.5559 0
      vertex 13.6412 11.751 0
    endloop
  endfacet
  facet normal 0 0 -1
    outer loop
      vertex 13.729 12.3339 0
      vertex 13.2665 12.5252 0
      vertex 13.3108 12.6139 0
    endloop
  endfacet
  facet normal 0 0 -1
    outer loop
      vertex 13.1505 11.6531 0
      vertex 13.6412 11.751 0
      vertex 13.17 11.5559 0
    endloop
  endfacet
  facet normal 0 0 -1
    outer loop
      vertex 13.6903 12.242 0
      vertex 13.2282 12.4337 0
      vertex 13.2665 12.5252 0
    endloop
  endfacet
  facet normal 0 0 -1
    outer loop
      vertex 13.1374 11.7514 0
      vertex 13.6412 11.751 0
      vertex 13.1505 11.6531 0
    endloop
  endfacet
  facet normal 0 0 -1
    outer loop
      vertex 13.6903 12.242 0
      vertex 13.1959 12.3399 0
      vertex 13.2282 12.4337 0
    endloop
  endfacet
  facet normal 0 0 -1
    outer loop
      vertex 13.6412 11.751 0
      vertex 13.1374 11.7514 0
      vertex 13.6312 11.8502 0
    endloop
  endfacet
  facet normal 0 0 -1
    outer loop
      vertex 13.6609 12.1468 0
      vertex 13.17 12.2441 0
      vertex 13.1959 12.3399 0
    endloop
  endfacet
  facet normal 0 0 -1
    outer loop
      vertex 13.1308 11.8504 0
      vertex 13.6312 11.8502 0
      vertex 13.1374 11.7514 0
    endloop
  endfacet
  facet normal 0 0 -1
    outer loop
      vertex 13.6412 12.049 0
      vertex 13.1505 12.1469 0
      vertex 13.17 12.2441 0
    endloop
  endfacet
  facet normal 0 0 -1
    outer loop
      vertex 13.6312 11.8502 0
      vertex 13.1308 11.8504 0
      vertex 13.6312 11.9498 0
    endloop
  endfacet
  facet normal -0 0 -1
    outer loop
      vertex 13.6412 12.049 0
      vertex 13.1374 12.0486 0
      vertex 13.1505 12.1469 0
    endloop
  endfacet
  facet normal 0 0 -1
    outer loop
      vertex 13.1308 11.9496 0
      vertex 13.6312 11.9498 0
      vertex 13.1308 11.8504 0
    endloop
  endfacet
  facet normal -0 0 -1
    outer loop
      vertex 13.6312 11.9498 0
      vertex 13.1308 11.9496 0
      vertex 13.1374 12.0486 0
    endloop
  endfacet
  facet normal 0 0 -1
    outer loop
      vertex 15.625 3.99957 0
      vertex 15.63 11.9 0
      vertex 15.63 3.9 0
    endloop
  endfacet
  facet normal 0 0 -1
    outer loop
      vertex 15.625 3.99957 0
      vertex 15.625 11.8004 0
      vertex 15.63 11.9 0
    endloop
  endfacet
  facet normal 0 0 -1
    outer loop
      vertex 15.6102 4.09815 0
      vertex 15.625 11.8004 0
      vertex 15.625 3.99957 0
    endloop
  endfacet
  facet normal 0 0 -1
    outer loop
      vertex 15.6102 4.09815 0
      vertex 15.6102 11.7019 0
      vertex 15.625 11.8004 0
    endloop
  endfacet
  facet normal 0 0 -1
    outer loop
      vertex 15.5856 4.19475 0
      vertex 15.6102 11.7019 0
      vertex 15.6102 4.09815 0
    endloop
  endfacet
  facet normal 0 0 -1
    outer loop
      vertex 15.5856 4.19475 0
      vertex 15.5856 11.6052 0
      vertex 15.6102 11.7019 0
    endloop
  endfacet
  facet normal 0 0 -1
    outer loop
      vertex 15.5515 4.28843 0
      vertex 15.5856 11.6052 0
      vertex 15.5856 4.19475 0
    endloop
  endfacet
  facet normal 0 0 -1
    outer loop
      vertex 15.5515 4.28843 0
      vertex 15.5515 11.5116 0
      vertex 15.5856 11.6052 0
    endloop
  endfacet
  facet normal 0 0 -1
    outer loop
      vertex 15.5082 4.37825 0
      vertex 15.5515 11.5116 0
      vertex 15.5515 4.28843 0
    endloop
  endfacet
  facet normal 0 0 -1
    outer loop
      vertex 15.5082 4.37825 0
      vertex 15.5082 11.4217 0
      vertex 15.5515 11.5116 0
    endloop
  endfacet
  facet normal 0 0 -1
    outer loop
      vertex 15.4562 4.46332 0
      vertex 15.5082 11.4217 0
      vertex 15.5082 4.37825 0
    endloop
  endfacet
  facet normal 0 0 -1
    outer loop
      vertex 15.4562 4.46332 0
      vertex 15.4562 11.3367 0
      vertex 15.5082 11.4217 0
    endloop
  endfacet
  facet normal 0 0 -1
    outer loop
      vertex 15.396 4.54279 0
      vertex 15.4562 11.3367 0
      vertex 15.4562 4.46332 0
    endloop
  endfacet
  facet normal 0 0 -1
    outer loop
      vertex 15.396 4.54279 0
      vertex 15.396 11.2572 0
      vertex 15.4562 11.3367 0
    endloop
  endfacet
  facet normal 0 0 -1
    outer loop
      vertex 15.3282 4.61587 0
      vertex 15.396 11.2572 0
      vertex 15.396 4.54279 0
    endloop
  endfacet
  facet normal 0 0 -1
    outer loop
      vertex 15.3282 4.61587 0
      vertex 15.3282 11.1841 0
      vertex 15.396 11.2572 0
    endloop
  endfacet
  facet normal 0 0 -1
    outer loop
      vertex 15.2535 4.68183 0
      vertex 15.3282 11.1841 0
      vertex 15.3282 4.61587 0
    endloop
  endfacet
  facet normal 0 0 -1
    outer loop
      vertex 15.2535 4.68183 0
      vertex 15.2535 11.1182 0
      vertex 15.3282 11.1841 0
    endloop
  endfacet
  facet normal 0 0 -1
    outer loop
      vertex 15.1725 4.74003 0
      vertex 15.2535 11.1182 0
      vertex 15.2535 4.68183 0
    endloop
  endfacet
  facet normal 0 0 -1
    outer loop
      vertex 15.1725 4.74003 0
      vertex 15.1725 11.06 0
      vertex 15.2535 11.1182 0
    endloop
  endfacet
  facet normal 0 0 -1
    outer loop
      vertex 15.0862 4.78987 0
      vertex 15.1725 11.06 0
      vertex 15.1725 4.74003 0
    endloop
  endfacet
  facet normal 0 0 -1
    outer loop
      vertex 15.0862 4.78987 0
      vertex 15.0862 11.0101 0
      vertex 15.1725 11.06 0
    endloop
  endfacet
  facet normal 0 0 -1
    outer loop
      vertex 14.275 5.3566 0
      vertex 15.0862 4.78987 0
      vertex 14.9953 4.83087 0
    endloop
  endfacet
  facet normal 0 0 -1
    outer loop
      vertex 15.0862 4.78987 0
      vertex 14.275 5.3566 0
      vertex 15.0862 11.0101 0
    endloop
  endfacet
  facet normal 0 0 -1
    outer loop
      vertex 14.275 5.3566 0
      vertex 14.9953 4.83087 0
      vertex 14.9008 4.86262 0
    endloop
  endfacet
  facet normal 0 0 -1
    outer loop
      vertex 14.275 10.4434 0
      vertex 15.0862 11.0101 0
      vertex 14.275 5.3566 0
    endloop
  endfacet
  facet normal 0 0 -1
    outer loop
      vertex 14.275 5.3566 0
      vertex 14.9008 4.86262 0
      vertex 14.8036 4.88481 0
    endloop
  endfacet
  facet normal 0 0 -1
    outer loop
      vertex 15.0862 11.0101 0
      vertex 14.275 10.4434 0
      vertex 14.9953 10.9691 0
    endloop
  endfacet
  facet normal 0 0 -1
    outer loop
      vertex 14.275 5.3566 0
      vertex 14.8036 4.88481 0
      vertex 14.7047 4.8972 0
    endloop
  endfacet
  facet normal 0 0 -1
    outer loop
      vertex 14.9953 10.9691 0
      vertex 14.275 10.4434 0
      vertex 14.9008 10.9374 0
    endloop
  endfacet
  facet normal 0 0 -1
    outer loop
      vertex 14.275 5.3566 0
      vertex 14.7047 4.8972 0
      vertex 14.6051 4.89969 0
    endloop
  endfacet
  facet normal 0 0 -1
    outer loop
      vertex 14.9008 10.9374 0
      vertex 14.275 10.4434 0
      vertex 14.8036 10.9152 0
    endloop
  endfacet
  facet normal 0 0 -1
    outer loop
      vertex 14.275 5.3566 0
      vertex 14.6051 4.89969 0
      vertex 14.5057 4.89224 0
    endloop
  endfacet
  facet normal 0 0 -1
    outer loop
      vertex 14.8036 10.9152 0
      vertex 14.275 10.4434 0
      vertex 14.7047 10.9028 0
    endloop
  endfacet
  facet normal 0 0 -1
    outer loop
      vertex 14.275 5.3566 0
      vertex 14.5057 4.89224 0
      vertex 14.4075 4.87493 0
    endloop
  endfacet
  facet normal 0 0 -1
    outer loop
      vertex 14.7047 10.9028 0
      vertex 14.275 10.4434 0
      vertex 14.6051 10.9003 0
    endloop
  endfacet
  facet normal 0 0 -1
    outer loop
      vertex 14.2139 5.34113 0
      vertex 14.4075 4.87493 0
      vertex 14.3115 4.84793 0
    endloop
  endfacet
  facet normal -0 0 -1
    outer loop
      vertex 14.6051 10.9003 0
      vertex 14.275 10.4434 0
      vertex 14.5057 10.9078 0
    endloop
  endfacet
  facet normal -0 0 -1
    outer loop
      vertex 14.5057 10.9078 0
      vertex 14.275 10.4434 0
      vertex 14.4075 10.9251 0
    endloop
  endfacet
  facet normal 0 0 -1
    outer loop
      vertex 14.1196 5.31048 0
      vertex 14.3115 4.84793 0
      vertex 14.2187 4.81151 0
    endloop
  endfacet
  facet normal 0 0 -1
    outer loop
      vertex 14.4075 4.87493 0
      vertex 14.2139 5.34113 0
      vertex 14.275 5.3566 0
    endloop
  endfacet
  facet normal 0 0 -1
    outer loop
      vertex 13.938 5.23083 0
      vertex 14.2187 4.81151 0
      vertex 14.13 4.76602 0
    endloop
  endfacet
  facet normal 0 0 -1
    outer loop
      vertex 14.3115 4.84793 0
      vertex 14.1196 5.31048 0
      vertex 14.2139 5.34113 0
    endloop
  endfacet
  facet normal 0 0 -1
    outer loop
      vertex 13.8515 5.18219 0
      vertex 14.13 4.76602 0
      vertex 14.0463 4.71194 0
    endloop
  endfacet
  facet normal 0 0 -1
    outer loop
      vertex 14.2187 4.81151 0
      vertex 14.0275 5.27366 0
      vertex 14.1196 5.31048 0
    endloop
  endfacet
  facet normal 0 0 -1
    outer loop
      vertex 13.6892 5.06832 0
      vertex 14.0463 4.71194 0
      vertex 13.9683 4.64978 0
    endloop
  endfacet
  facet normal 0 0 -1
    outer loop
      vertex 14.2187 4.81151 0
      vertex 13.938 5.23083 0
      vertex 14.0275 5.27366 0
    endloop
  endfacet
  facet normal 0 0 -1
    outer loop
      vertex 13.6141 5.00359 0
      vertex 13.9683 4.64978 0
      vertex 13.8969 4.58017 0
    endloop
  endfacet
  facet normal 0 0 -1
    outer loop
      vertex 14.13 4.76602 0
      vertex 13.8515 5.18219 0
      vertex 13.938 5.23083 0
    endloop
  endfacet
  facet normal 0 0 -1
    outer loop
      vertex 13.4774 4.85995 0
      vertex 13.8969 4.58017 0
      vertex 13.8329 4.5038 0
    endloop
  endfacet
  facet normal 0 0 -1
    outer loop
      vertex 13.4165 4.78168 0
      vertex 13.8329 4.5038 0
      vertex 13.7767 4.42143 0
    endloop
  endfacet
  facet normal 0 0 -1
    outer loop
      vertex 14.0463 4.71194 0
      vertex 13.7685 5.12794 0
      vertex 13.8515 5.18219 0
    endloop
  endfacet
  facet normal 0 0 -1
    outer loop
      vertex 13.3108 4.61392 0
      vertex 13.7767 4.42143 0
      vertex 13.729 4.33388 0
    endloop
  endfacet
  facet normal 0 0 -1
    outer loop
      vertex 13.2665 4.52517 0
      vertex 13.729 4.33388 0
      vertex 13.6903 4.24202 0
    endloop
  endfacet
  facet normal 0 0 -1
    outer loop
      vertex 14.0463 4.71194 0
      vertex 13.6892 5.06832 0
      vertex 13.7685 5.12794 0
    endloop
  endfacet
  facet normal 0 0 -1
    outer loop
      vertex 13.1959 4.33987 0
      vertex 13.6903 4.24202 0
      vertex 13.6609 4.14676 0
    endloop
  endfacet
  facet normal 0 0 -1
    outer loop
      vertex 13.17 4.24414 0
      vertex 13.6609 4.14676 0
      vertex 13.6412 4.04904 0
    endloop
  endfacet
  facet normal 0 0 -1
    outer loop
      vertex 13.1374 4.04857 0
      vertex 13.6412 4.04904 0
      vertex 13.6312 3.94985 0
    endloop
  endfacet
  facet normal 0 0 -1
    outer loop
      vertex 13.9683 4.64978 0
      vertex 13.6141 5.00359 0
      vertex 13.6892 5.06832 0
    endloop
  endfacet
  facet normal 0 0 -1
    outer loop
      vertex 13.2665 3.27483 0
      vertex 13.729 3.46612 0
      vertex 13.3108 3.18608 0
    endloop
  endfacet
  facet normal -0 0 -1
    outer loop
      vertex 13.729 3.46612 0
      vertex 13.2665 3.27483 0
      vertex 13.6903 3.55798 0
    endloop
  endfacet
  facet normal 0 0 -1
    outer loop
      vertex 13.8969 4.58017 0
      vertex 13.5434 4.93403 0
      vertex 13.6141 5.00359 0
    endloop
  endfacet
  facet normal 0 0 -1
    outer loop
      vertex 13.2282 3.36631 0
      vertex 13.6903 3.55798 0
      vertex 13.2665 3.27483 0
    endloop
  endfacet
  facet normal 0 0 -1
    outer loop
      vertex 13.8969 4.58017 0
      vertex 13.4774 4.85995 0
      vertex 13.5434 4.93403 0
    endloop
  endfacet
  facet normal 0 0 -1
    outer loop
      vertex 13.1959 3.46012 0
      vertex 13.6903 3.55798 0
      vertex 13.2282 3.36631 0
    endloop
  endfacet
  facet normal 0 0 -1
    outer loop
      vertex 13.8329 4.5038 0
      vertex 13.4165 4.78168 0
      vertex 13.4774 4.85995 0
    endloop
  endfacet
  facet normal -0 0 -1
    outer loop
      vertex 13.6903 3.55798 0
      vertex 13.1959 3.46012 0
      vertex 13.6609 3.65324 0
    endloop
  endfacet
  facet normal 0 0 -1
    outer loop
      vertex 13.7767 4.42143 0
      vertex 13.3609 4.69955 0
      vertex 13.4165 4.78168 0
    endloop
  endfacet
  facet normal 0 0 -1
    outer loop
      vertex 13.17 3.55586 0
      vertex 13.6609 3.65324 0
      vertex 13.1959 3.46012 0
    endloop
  endfacet
  facet normal 0 0 -1
    outer loop
      vertex 13.7767 4.42143 0
      vertex 13.3108 4.61392 0
      vertex 13.3609 4.69955 0
    endloop
  endfacet
  facet normal -0 0 -1
    outer loop
      vertex 13.6609 3.65324 0
      vertex 13.17 3.55586 0
      vertex 13.6412 3.75096 0
    endloop
  endfacet
  facet normal 0 0 -1
    outer loop
      vertex 13.729 4.33388 0
      vertex 13.2665 4.52517 0
      vertex 13.3108 4.61392 0
    endloop
  endfacet
  facet normal 0 0 -1
    outer loop
      vertex 13.1505 3.65311 0
      vertex 13.6412 3.75096 0
      vertex 13.17 3.55586 0
    endloop
  endfacet
  facet normal 0 0 -1
    outer loop
      vertex 13.6903 4.24202 0
      vertex 13.2282 4.43369 0
      vertex 13.2665 4.52517 0
    endloop
  endfacet
  facet normal 0 0 -1
    outer loop
      vertex 13.1374 3.75143 0
      vertex 13.6412 3.75096 0
      vertex 13.1505 3.65311 0
    endloop
  endfacet
  facet normal 0 0 -1
    outer loop
      vertex 13.6903 4.24202 0
      vertex 13.1959 4.33987 0
      vertex 13.2282 4.43369 0
    endloop
  endfacet
  facet normal 0 0 -1
    outer loop
      vertex 13.6412 3.75096 0
      vertex 13.1374 3.75143 0
      vertex 13.6312 3.85015 0
    endloop
  endfacet
  facet normal 0 0 -1
    outer loop
      vertex 13.6609 4.14676 0
      vertex 13.17 4.24414 0
      vertex 13.1959 4.33987 0
    endloop
  endfacet
  facet normal 0 0 -1
    outer loop
      vertex 13.1308 3.8504 0
      vertex 13.6312 3.85015 0
      vertex 13.1374 3.75143 0
    endloop
  endfacet
  facet normal 0 0 -1
    outer loop
      vertex 13.6412 4.04904 0
      vertex 13.1505 4.14689 0
      vertex 13.17 4.24414 0
    endloop
  endfacet
  facet normal 0 0 -1
    outer loop
      vertex 13.6312 3.85015 0
      vertex 13.1308 3.8504 0
      vertex 13.6312 3.94985 0
    endloop
  endfacet
  facet normal -0 0 -1
    outer loop
      vertex 13.6412 4.04904 0
      vertex 13.1374 4.04857 0
      vertex 13.1505 4.14689 0
    endloop
  endfacet
  facet normal 0 0 -1
    outer loop
      vertex 13.1308 3.94959 0
      vertex 13.6312 3.94985 0
      vertex 13.1308 3.8504 0
    endloop
  endfacet
  facet normal -0 0 -1
    outer loop
      vertex 13.6312 3.94985 0
      vertex 13.1308 3.94959 0
      vertex 13.1374 4.04857 0
    endloop
  endfacet
  facet normal 0 0 -1
    outer loop
      vertex 15.8 0 0
      vertex 15.63 3.9 0
      vertex 15.8 15.8 0
    endloop
  endfacet
  facet normal 0 0 -1
    outer loop
      vertex 15.8 0 0
      vertex 15.625 3.80043 0
      vertex 15.63 3.9 0
    endloop
  endfacet
  facet normal 0 0 -1
    outer loop
      vertex 15.8 0 0
      vertex 15.6102 3.70185 0
      vertex 15.625 3.80043 0
    endloop
  endfacet
  facet normal 0 0 -1
    outer loop
      vertex 15.8 0 0
      vertex 15.5856 3.60524 0
      vertex 15.6102 3.70185 0
    endloop
  endfacet
  facet normal 0 0 -1
    outer loop
      vertex 15.8 0 0
      vertex 15.5515 3.51156 0
      vertex 15.5856 3.60524 0
    endloop
  endfacet
  facet normal 0 0 -1
    outer loop
      vertex 15.8 0 0
      vertex 15.5082 3.42175 0
      vertex 15.5515 3.51156 0
    endloop
  endfacet
  facet normal 0 0 -1
    outer loop
      vertex 15.8 0 0
      vertex 15.4562 3.33668 0
      vertex 15.5082 3.42175 0
    endloop
  endfacet
  facet normal 0 0 -1
    outer loop
      vertex 15.8 0 0
      vertex 15.396 3.25721 0
      vertex 15.4562 3.33668 0
    endloop
  endfacet
  facet normal 0 0 -1
    outer loop
      vertex 15.8 0 0
      vertex 15.3282 3.18413 0
      vertex 15.396 3.25721 0
    endloop
  endfacet
  facet normal 0 0 -1
    outer loop
      vertex 15.8 0 0
      vertex 15.2535 3.11817 0
      vertex 15.3282 3.18413 0
    endloop
  endfacet
  facet normal 0 0 -1
    outer loop
      vertex 15.8 0 0
      vertex 15.1725 3.05997 0
      vertex 15.2535 3.11817 0
    endloop
  endfacet
  facet normal 0 0 -1
    outer loop
      vertex 15.8 0 0
      vertex 15.0862 3.01013 0
      vertex 15.1725 3.05997 0
    endloop
  endfacet
  facet normal 0 0 -1
    outer loop
      vertex 14.275 1.525 0
      vertex 15.0862 3.01013 0
      vertex 15.8 0 0
    endloop
  endfacet
  facet normal 0 0 -1
    outer loop
      vertex 15.0862 3.01013 0
      vertex 14.275 1.525 0
      vertex 14.9953 2.96913 0
    endloop
  endfacet
  facet normal 0 0 -1
    outer loop
      vertex 14.9953 2.96913 0
      vertex 14.275 1.525 0
      vertex 14.9008 2.93738 0
    endloop
  endfacet
  facet normal 0 0 -1
    outer loop
      vertex 14.275 2.44339 0
      vertex 14.9008 2.93738 0
      vertex 14.275 1.525 0
    endloop
  endfacet
  facet normal 0 0 -1
    outer loop
      vertex 14.9008 2.93738 0
      vertex 14.275 2.44339 0
      vertex 14.8036 2.91519 0
    endloop
  endfacet
  facet normal 0 0 -1
    outer loop
      vertex 14.8036 2.91519 0
      vertex 14.275 2.44339 0
      vertex 14.7047 2.9028 0
    endloop
  endfacet
  facet normal 0 0 -1
    outer loop
      vertex 14.7047 2.9028 0
      vertex 14.275 2.44339 0
      vertex 14.6051 2.90031 0
    endloop
  endfacet
  facet normal -0 0 -1
    outer loop
      vertex 14.5057 2.90776 0
      vertex 14.275 2.44339 0
      vertex 14.4075 2.92507 0
    endloop
  endfacet
  facet normal -0 0 -1
    outer loop
      vertex 14.6051 2.90031 0
      vertex 14.275 2.44339 0
      vertex 14.5057 2.90776 0
    endloop
  endfacet
  facet normal 0 0 -1
    outer loop
      vertex 12.7782 0.691746 0
      vertex 14.275 1.525 0
      vertex 15.8 0 0
    endloop
  endfacet
  facet normal 0 0 -1
    outer loop
      vertex 12.895 1.26957 0
      vertex 13.3566 1.525 0
      vertex 12.9 1.17 0
    endloop
  endfacet
  facet normal 0 0 -1
    outer loop
      vertex 12.8802 1.36815 0
      vertex 13.3566 1.525 0
      vertex 12.895 1.26957 0
    endloop
  endfacet
  facet normal 0 0 -1
    outer loop
      vertex 12.8556 1.46476 0
      vertex 13.3566 1.525 0
      vertex 12.8802 1.36815 0
    endloop
  endfacet
  facet normal -0 0 -1
    outer loop
      vertex 13.3566 1.525 0
      vertex 12.8556 1.46476 0
      vertex 13.3478 1.56222 0
    endloop
  endfacet
  facet normal -0 0 -1
    outer loop
      vertex 13.3478 1.56222 0
      vertex 12.8556 1.46476 0
      vertex 13.3187 1.65705 0
    endloop
  endfacet
  facet normal 0 0 -1
    outer loop
      vertex 12.8215 1.55843 0
      vertex 13.3187 1.65705 0
      vertex 12.8556 1.46476 0
    endloop
  endfacet
  facet normal -0 0 -1
    outer loop
      vertex 13.3187 1.65705 0
      vertex 12.8215 1.55843 0
      vertex 13.2834 1.74975 0
    endloop
  endfacet
  facet normal -0 0 -1
    outer loop
      vertex 13.2834 1.74975 0
      vertex 12.8215 1.55843 0
      vertex 13.2421 1.83991 0
    endloop
  endfacet
  facet normal 0 0 -1
    outer loop
      vertex 12.7782 1.64825 0
      vertex 13.2421 1.83991 0
      vertex 12.8215 1.55843 0
    endloop
  endfacet
  facet normal -0 0 -1
    outer loop
      vertex 14.275 1.525 0
      vertex 12.8556 0.875244 0
      vertex 13.3566 1.525 0
    endloop
  endfacet
  facet normal 0 0 -1
    outer loop
      vertex 13.3566 1.525 0
      vertex 12.895 1.07043 0
      vertex 12.9 1.17 0
    endloop
  endfacet
  facet normal 0 0 -1
    outer loop
      vertex 13.3566 1.525 0
      vertex 12.8802 0.971853 0
      vertex 12.895 1.07043 0
    endloop
  endfacet
  facet normal 0 0 -1
    outer loop
      vertex 13.3566 1.525 0
      vertex 12.8556 0.875244 0
      vertex 12.8802 0.971853 0
    endloop
  endfacet
  facet normal 0 0 -1
    outer loop
      vertex 14.275 1.525 0
      vertex 12.8215 0.781565 0
      vertex 12.8556 0.875244 0
    endloop
  endfacet
  facet normal 0 0 -1
    outer loop
      vertex 14.275 1.525 0
      vertex 12.7782 0.691746 0
      vertex 12.8215 0.781565 0
    endloop
  endfacet
  facet normal 0 0 -1
    outer loop
      vertex 15.8 0 0
      vertex 12.7262 0.60668 0
      vertex 12.7782 0.691746 0
    endloop
  endfacet
  facet normal 0 0 -1
    outer loop
      vertex 15.8 0 0
      vertex 12.666 0.527212 0
      vertex 12.7262 0.60668 0
    endloop
  endfacet
  facet normal 0 0 -1
    outer loop
      vertex 15.8 0 0
      vertex 12.5982 0.454133 0
      vertex 12.666 0.527212 0
    endloop
  endfacet
  facet normal 0 0 -1
    outer loop
      vertex 15.8 0 0
      vertex 12.5235 0.388168 0
      vertex 12.5982 0.454133 0
    endloop
  endfacet
  facet normal 0 0 -1
    outer loop
      vertex 15.8 0 0
      vertex 12.4425 0.329973 0
      vertex 12.5235 0.388168 0
    endloop
  endfacet
  facet normal 0 0 -1
    outer loop
      vertex 15.8 0 0
      vertex 12.3562 0.280128 0
      vertex 12.4425 0.329973 0
    endloop
  endfacet
  facet normal 0 0 -1
    outer loop
      vertex 15.8 0 0
      vertex 12.2653 0.239126 0
      vertex 12.3562 0.280128 0
    endloop
  endfacet
  facet normal 0 0 -1
    outer loop
      vertex 15.8 0 0
      vertex 12.1708 0.207376 0
      vertex 12.2653 0.239126 0
    endloop
  endfacet
  facet normal 0 0 -1
    outer loop
      vertex 15.8 0 0
      vertex 12.0736 0.185192 0
      vertex 12.1708 0.207376 0
    endloop
  endfacet
  facet normal 0 0 -1
    outer loop
      vertex 15.8 0 0
      vertex 11.9747 0.172795 0
      vertex 12.0736 0.185192 0
    endloop
  endfacet
  facet normal 0 0 -1
    outer loop
      vertex 15.8 0 0
      vertex 11.8751 0.17031 0
      vertex 11.9747 0.172795 0
    endloop
  endfacet
  facet normal 0 0 -1
    outer loop
      vertex 10.443 1.525 0
      vertex 10.9012 1.21985 0
      vertex 10.9012 1.12015 0
    endloop
  endfacet
  facet normal 0 0 -1
    outer loop
      vertex 11.1669 1.85017 0
      vertex 10.8134 2.20403 0
      vertex 10.8841 2.27359 0
    endloop
  endfacet
  facet normal 0 0 -1
    outer loop
      vertex 11.1669 1.85017 0
      vertex 10.7474 2.12995 0
      vertex 10.8134 2.20403 0
    endloop
  endfacet
  facet normal 0 0 -1
    outer loop
      vertex 10.443 1.525 0
      vertex 10.9012 1.12015 0
      vertex 10.9112 1.02096 0
    endloop
  endfacet
  facet normal 0 0 -1
    outer loop
      vertex 11.1029 1.7738 0
      vertex 10.6865 2.05168 0
      vertex 10.7474 2.12995 0
    endloop
  endfacet
  facet normal 0 0 -1
    outer loop
      vertex 10.443 1.525 0
      vertex 10.9112 1.02096 0
      vertex 10.9309 0.923243 0
    endloop
  endfacet
  facet normal 0 0 -1
    outer loop
      vertex 11.0467 1.69143 0
      vertex 10.6309 1.96955 0
      vertex 10.6865 2.05168 0
    endloop
  endfacet
  facet normal 0 0 -1
    outer loop
      vertex 11.0467 1.69143 0
      vertex 10.5808 1.88392 0
      vertex 10.6309 1.96955 0
    endloop
  endfacet
  facet normal 0 0 -1
    outer loop
      vertex 10.443 1.525 0
      vertex 10.9309 0.923243 0
      vertex 10.9603 0.827979 0
    endloop
  endfacet
  facet normal 0 0 -1
    outer loop
      vertex 10.999 1.60388 0
      vertex 10.5365 1.79517 0
      vertex 10.5808 1.88392 0
    endloop
  endfacet
  facet normal 0 0 -1
    outer loop
      vertex 10.443 1.525 0
      vertex 10.9603 0.827979 0
      vertex 10.999 0.736115 0
    endloop
  endfacet
  facet normal 0 0 -1
    outer loop
      vertex 10.9603 1.51202 0
      vertex 10.4982 1.70369 0
      vertex 10.5365 1.79517 0
    endloop
  endfacet
  facet normal 0 0 -1
    outer loop
      vertex 10.9603 1.51202 0
      vertex 10.4659 1.60987 0
      vertex 10.4982 1.70369 0
    endloop
  endfacet
  facet normal 0 0 -1
    outer loop
      vertex 4.77822 0.691746 0
      vertex 10.999 0.736115 0
      vertex 11.0467 0.648564 0
    endloop
  endfacet
  facet normal 0 0 -1
    outer loop
      vertex 10.9309 1.41676 0
      vertex 10.443 1.525 0
      vertex 10.4659 1.60987 0
    endloop
  endfacet
  facet normal 0 0 -1
    outer loop
      vertex 4.72624 0.60668 0
      vertex 11.0467 0.648564 0
      vertex 11.1029 0.566195 0
    endloop
  endfacet
  facet normal -0 0 -1
    outer loop
      vertex 10.999 0.736115 0
      vertex 4.77822 0.691746 0
      vertex 10.443 1.525 0
    endloop
  endfacet
  facet normal 0 0 -1
    outer loop
      vertex 4.66604 0.527212 0
      vertex 11.1029 0.566195 0
      vertex 11.1669 0.489827 0
    endloop
  endfacet
  facet normal 0 0 -1
    outer loop
      vertex 4.59824 0.454133 0
      vertex 11.1669 0.489827 0
      vertex 11.2383 0.420218 0
    endloop
  endfacet
  facet normal 0 0 -1
    outer loop
      vertex 4.52349 0.388168 0
      vertex 11.2383 0.420218 0
      vertex 11.3163 0.358062 0
    endloop
  endfacet
  facet normal 0 0 -1
    outer loop
      vertex 4.44255 0.329973 0
      vertex 11.3163 0.358062 0
      vertex 11.4 0.303974 0
    endloop
  endfacet
  facet normal 0 0 -1
    outer loop
      vertex 4.35621 0.280128 0
      vertex 11.4 0.303974 0
      vertex 11.4887 0.258493 0
    endloop
  endfacet
  facet normal 0 0 -1
    outer loop
      vertex 4.26534 0.239126 0
      vertex 11.4887 0.258493 0
      vertex 11.5815 0.222073 0
    endloop
  endfacet
  facet normal 0 0 -1
    outer loop
      vertex 4.17084 0.207376 0
      vertex 11.5815 0.222073 0
      vertex 11.6775 0.195071 0
    endloop
  endfacet
  facet normal 0 0 -1
    outer loop
      vertex 4.89503 1.26957 0
      vertex 5.35659 1.525 0
      vertex 4.9 1.17 0
    endloop
  endfacet
  facet normal 0 0 -1
    outer loop
      vertex 4.88017 1.36815 0
      vertex 5.35659 1.525 0
      vertex 4.89503 1.26957 0
    endloop
  endfacet
  facet normal 0 0 -1
    outer loop
      vertex 4.85557 1.46476 0
      vertex 5.35659 1.525 0
      vertex 4.88017 1.36815 0
    endloop
  endfacet
  facet normal -0 0 -1
    outer loop
      vertex 5.35659 1.525 0
      vertex 4.85557 1.46476 0
      vertex 5.34781 1.56222 0
    endloop
  endfacet
  facet normal -0 0 -1
    outer loop
      vertex 5.34781 1.56222 0
      vertex 4.85557 1.46476 0
      vertex 5.31873 1.65705 0
    endloop
  endfacet
  facet normal 0 0 -1
    outer loop
      vertex 4.82148 1.55843 0
      vertex 5.31873 1.65705 0
      vertex 4.85557 1.46476 0
    endloop
  endfacet
  facet normal -0 0 -1
    outer loop
      vertex 5.31873 1.65705 0
      vertex 4.82148 1.55843 0
      vertex 5.28343 1.74975 0
    endloop
  endfacet
  facet normal -0 0 -1
    outer loop
      vertex 5.28343 1.74975 0
      vertex 4.82148 1.55843 0
      vertex 5.24209 1.83991 0
    endloop
  endfacet
  facet normal 0 0 -1
    outer loop
      vertex 4.77822 1.64825 0
      vertex 5.24209 1.83991 0
      vertex 4.82148 1.55843 0
    endloop
  endfacet
  facet normal -0 0 -1
    outer loop
      vertex 10.443 1.525 0
      vertex 4.77822 0.691746 0
      vertex 5.35659 1.525 0
    endloop
  endfacet
  facet normal 0 0 -1
    outer loop
      vertex 4.07365 0.185192 0
      vertex 11.6775 0.195071 0
      vertex 11.7757 0.17776 0
    endloop
  endfacet
  facet normal 0 0 -1
    outer loop
      vertex 5.35659 1.525 0
      vertex 4.89503 1.07043 0
      vertex 4.9 1.17 0
    endloop
  endfacet
  facet normal 0 0 -1
    outer loop
      vertex 5.35659 1.525 0
      vertex 4.88017 0.971853 0
      vertex 4.89503 1.07043 0
    endloop
  endfacet
  facet normal 0 0 -1
    outer loop
      vertex 5.35659 1.525 0
      vertex 4.85557 0.875244 0
      vertex 4.88017 0.971853 0
    endloop
  endfacet
  facet normal 0 0 -1
    outer loop
      vertex 5.35659 1.525 0
      vertex 4.82148 0.781565 0
      vertex 4.85557 0.875244 0
    endloop
  endfacet
  facet normal 0 0 -1
    outer loop
      vertex 5.35659 1.525 0
      vertex 4.77822 0.691746 0
      vertex 4.82148 0.781565 0
    endloop
  endfacet
  facet normal 0 0 -1
    outer loop
      vertex 3.97473 0.172795 0
      vertex 11.7757 0.17776 0
      vertex 11.8751 0.17031 0
    endloop
  endfacet
  facet normal -0 0 -1
    outer loop
      vertex 11.0467 0.648564 0
      vertex 4.72624 0.60668 0
      vertex 4.77822 0.691746 0
    endloop
  endfacet
  facet normal -0 0 -1
    outer loop
      vertex 11.1029 0.566195 0
      vertex 4.66604 0.527212 0
      vertex 4.72624 0.60668 0
    endloop
  endfacet
  facet normal -0 0 -1
    outer loop
      vertex 11.1669 0.489827 0
      vertex 4.59824 0.454133 0
      vertex 4.66604 0.527212 0
    endloop
  endfacet
  facet normal 0 0 -1
    outer loop
      vertex 3.97473 0.172795 0
      vertex 11.8751 0.17031 0
      vertex 15.8 0 0
    endloop
  endfacet
  facet normal -0 0 -1
    outer loop
      vertex 11.2383 0.420218 0
      vertex 4.52349 0.388168 0
      vertex 4.59824 0.454133 0
    endloop
  endfacet
  facet normal -0 0 -1
    outer loop
      vertex 11.3163 0.358062 0
      vertex 4.44255 0.329973 0
      vertex 4.52349 0.388168 0
    endloop
  endfacet
  facet normal -0 0 -1
    outer loop
      vertex 11.4 0.303974 0
      vertex 4.35621 0.280128 0
      vertex 4.44255 0.329973 0
    endloop
  endfacet
  facet normal -0 0 -1
    outer loop
      vertex 11.4887 0.258493 0
      vertex 4.26534 0.239126 0
      vertex 4.35621 0.280128 0
    endloop
  endfacet
  facet normal -0 0 -1
    outer loop
      vertex 11.5815 0.222073 0
      vertex 4.17084 0.207376 0
      vertex 4.26534 0.239126 0
    endloop
  endfacet
  facet normal -0 0 -1
    outer loop
      vertex 11.6775 0.195071 0
      vertex 4.07365 0.185192 0
      vertex 4.17084 0.207376 0
    endloop
  endfacet
  facet normal -0 0 -1
    outer loop
      vertex 11.7757 0.17776 0
      vertex 3.97473 0.172795 0
      vertex 4.07365 0.185192 0
    endloop
  endfacet
  facet normal 0 0 -1
    outer loop
      vertex 15.8 0 0
      vertex 3.87507 0.17031 0
      vertex 3.97473 0.172795 0
    endloop
  endfacet
  facet normal 0 0 -1
    outer loop
      vertex 2.44295 1.525 0
      vertex 2.90124 1.21985 0
      vertex 2.90124 1.12015 0
    endloop
  endfacet
  facet normal 0 0 -1
    outer loop
      vertex 3.16695 1.85017 0
      vertex 2.81336 2.20403 0
      vertex 2.88408 2.27359 0
    endloop
  endfacet
  facet normal 0 0 -1
    outer loop
      vertex 3.16695 1.85017 0
      vertex 2.7474 2.12995 0
      vertex 2.81336 2.20403 0
    endloop
  endfacet
  facet normal 0 0 -1
    outer loop
      vertex 2.44295 1.525 0
      vertex 2.90124 1.12015 0
      vertex 2.91117 1.02096 0
    endloop
  endfacet
  facet normal 0 0 -1
    outer loop
      vertex 3.10287 1.7738 0
      vertex 2.68647 2.05168 0
      vertex 2.7474 2.12995 0
    endloop
  endfacet
  facet normal 0 0 -1
    outer loop
      vertex 2.44295 1.525 0
      vertex 2.91117 1.02096 0
      vertex 2.93092 0.923243 0
    endloop
  endfacet
  facet normal 0 0 -1
    outer loop
      vertex 3.04671 1.69143 0
      vertex 2.63086 1.96955 0
      vertex 2.68647 2.05168 0
    endloop
  endfacet
  facet normal 0 0 -1
    outer loop
      vertex 3.04671 1.69143 0
      vertex 2.58079 1.88392 0
      vertex 2.63086 1.96955 0
    endloop
  endfacet
  facet normal 0 0 -1
    outer loop
      vertex 1.525 1.525 0
      vertex 2.93092 0.923243 0
      vertex 2.96031 0.827979 0
    endloop
  endfacet
  facet normal 0 0 -1
    outer loop
      vertex 2.99903 1.60388 0
      vertex 2.53649 1.79517 0
      vertex 2.58079 1.88392 0
    endloop
  endfacet
  facet normal 0 0 -1
    outer loop
      vertex 1.525 1.525 0
      vertex 2.96031 0.827979 0
      vertex 2.99903 0.736115 0
    endloop
  endfacet
  facet normal 0 0 -1
    outer loop
      vertex 2.96031 1.51202 0
      vertex 2.49815 1.70369 0
      vertex 2.53649 1.79517 0
    endloop
  endfacet
  facet normal 0 0 -1
    outer loop
      vertex 2.96031 1.51202 0
      vertex 2.46595 1.60987 0
      vertex 2.49815 1.70369 0
    endloop
  endfacet
  facet normal 0 0 -1
    outer loop
      vertex 1.525 1.525 0
      vertex 2.99903 0.736115 0
      vertex 3.04671 0.648564 0
    endloop
  endfacet
  facet normal 0 0 -1
    outer loop
      vertex 2.93092 1.41676 0
      vertex 2.44295 1.525 0
      vertex 2.46595 1.60987 0
    endloop
  endfacet
  facet normal 0 0 -1
    outer loop
      vertex 0 0 0
      vertex 3.04671 0.648564 0
      vertex 3.10287 0.566195 0
    endloop
  endfacet
  facet normal 0 0 -1
    outer loop
      vertex 2.93092 0.923243 0
      vertex 1.525 1.525 0
      vertex 2.44295 1.525 0
    endloop
  endfacet
  facet normal 0 0 -1
    outer loop
      vertex 0 0 0
      vertex 3.10287 0.566195 0
      vertex 3.16695 0.489827 0
    endloop
  endfacet
  facet normal 0 0 -1
    outer loop
      vertex 0 0 0
      vertex 3.16695 0.489827 0
      vertex 3.23831 0.420218 0
    endloop
  endfacet
  facet normal 0 0 -1
    outer loop
      vertex 0 0 0
      vertex 3.23831 0.420218 0
      vertex 3.31626 0.358062 0
    endloop
  endfacet
  facet normal 0 0 -1
    outer loop
      vertex 0.947478 2.92507 0
      vertex 1.525 2.44301 0
      vertex 1.525 1.525 0
    endloop
  endfacet
  facet normal 0 0 -1
    outer loop
      vertex 1.525 2.44301 0
      vertex 1.34365 2.91519 0
      vertex 1.44084 2.93738 0
    endloop
  endfacet
  facet normal 0 0 -1
    outer loop
      vertex 1.525 2.44301 0
      vertex 1.24473 2.9028 0
      vertex 1.34365 2.91519 0
    endloop
  endfacet
  facet normal 0 0 -1
    outer loop
      vertex 1.525 2.44301 0
      vertex 1.14507 2.90031 0
      vertex 1.24473 2.9028 0
    endloop
  endfacet
  facet normal 0 0 -1
    outer loop
      vertex 1.525 2.44301 0
      vertex 1.04566 2.90776 0
      vertex 1.14507 2.90031 0
    endloop
  endfacet
  facet normal 0 0 -1
    outer loop
      vertex 1.525 2.44301 0
      vertex 0.947478 2.92507 0
      vertex 1.04566 2.90776 0
    endloop
  endfacet
  facet normal 0 0 -1
    outer loop
      vertex 1.525 1.525 0
      vertex 0.851513 2.95207 0
      vertex 0.947478 2.92507 0
    endloop
  endfacet
  facet normal 0 0 -1
    outer loop
      vertex 1.525 1.525 0
      vertex 0.758713 2.98849 0
      vertex 0.851513 2.95207 0
    endloop
  endfacet
  facet normal 0 0 -1
    outer loop
      vertex 1.525 1.525 0
      vertex 0.669999 3.03397 0
      vertex 0.758713 2.98849 0
    endloop
  endfacet
  facet normal 0 0 -1
    outer loop
      vertex 0 0 0
      vertex 0.669999 3.03397 0
      vertex 1.525 1.525 0
    endloop
  endfacet
  facet normal -0 0 -1
    outer loop
      vertex 0.669999 3.03397 0
      vertex 0 0 0
      vertex 0.586256 3.08806 0
    endloop
  endfacet
  facet normal -0 0 -1
    outer loop
      vertex 0.586256 3.08806 0
      vertex 0 0 0
      vertex 0.508314 3.15022 0
    endloop
  endfacet
  facet normal -0 0 -1
    outer loop
      vertex 0.508314 3.15022 0
      vertex 0 0 0
      vertex 0.436948 3.21983 0
    endloop
  endfacet
  facet normal -0 0 -1
    outer loop
      vertex 0.436948 3.21983 0
      vertex 0 0 0
      vertex 0.372867 3.2962 0
    endloop
  endfacet
  facet normal 0 0 -1
    outer loop
      vertex 0 0 0
      vertex 0.171243 3.94985 0
      vertex 0.171243 3.85015 0
    endloop
  endfacet
  facet normal -0 0 -1
    outer loop
      vertex 0.171243 3.94985 0
      vertex 0 0 0
      vertex 0.171243 11.8502 0
    endloop
  endfacet
  facet normal 0 0 -1
    outer loop
      vertex 0 15.8 0
      vertex 0.171243 11.8502 0
      vertex 0 0 0
    endloop
  endfacet
  facet normal -0 0 -1
    outer loop
      vertex 0.181169 3.75096 0
      vertex 0 0 0
      vertex 0.171243 3.85015 0
    endloop
  endfacet
  facet normal -0 0 -1
    outer loop
      vertex 0.200922 3.65324 0
      vertex 0 0 0
      vertex 0.181169 3.75096 0
    endloop
  endfacet
  facet normal -0 0 -1
    outer loop
      vertex 0.230307 3.55798 0
      vertex 0 0 0
      vertex 0.200922 3.65324 0
    endloop
  endfacet
  facet normal -0 0 -1
    outer loop
      vertex 0.269031 3.46612 0
      vertex 0 0 0
      vertex 0.230307 3.55798 0
    endloop
  endfacet
  facet normal -0 0 -1
    outer loop
      vertex 0.316709 3.37856 0
      vertex 0 0 0
      vertex 0.269031 3.46612 0
    endloop
  endfacet
  facet normal -0 0 -1
    outer loop
      vertex 0.372867 3.2962 0
      vertex 0 0 0
      vertex 0.316709 3.37856 0
    endloop
  endfacet
  facet normal -0 0 -1
    outer loop
      vertex 3.04671 0.648564 0
      vertex 0 0 0
      vertex 1.525 1.525 0
    endloop
  endfacet
  facet normal -0 0 -1
    outer loop
      vertex 3.4 0.303974 0
      vertex 0 0 0
      vertex 3.31626 0.358062 0
    endloop
  endfacet
  facet normal -0 0 -1
    outer loop
      vertex 3.48871 0.258493 0
      vertex 0 0 0
      vertex 3.4 0.303974 0
    endloop
  endfacet
  facet normal -0 0 -1
    outer loop
      vertex 3.58151 0.222073 0
      vertex 0 0 0
      vertex 3.48871 0.258493 0
    endloop
  endfacet
  facet normal -0 0 -1
    outer loop
      vertex 3.67748 0.195071 0
      vertex 0 0 0
      vertex 3.58151 0.222073 0
    endloop
  endfacet
  facet normal -0 0 -1
    outer loop
      vertex 3.77566 0.17776 0
      vertex 0 0 0
      vertex 3.67748 0.195071 0
    endloop
  endfacet
  facet normal -0 0 -1
    outer loop
      vertex 3.87507 0.17031 0
      vertex 0 0 0
      vertex 3.77566 0.17776 0
    endloop
  endfacet
  facet normal 0 0 -1
    outer loop
      vertex 0 0 0
      vertex 3.87507 0.17031 0
      vertex 15.8 0 0
    endloop
  endfacet
  facet normal 0 0 -1
    outer loop
      vertex 15.63 11.9 0
      vertex 15.8 15.8 0
      vertex 15.63 3.9 0
    endloop
  endfacet
  facet normal 0 0 -1
    outer loop
      vertex 15.625 11.9996 0
      vertex 15.8 15.8 0
      vertex 15.63 11.9 0
    endloop
  endfacet
  facet normal 0 0 -1
    outer loop
      vertex 15.6102 12.0981 0
      vertex 15.8 15.8 0
      vertex 15.625 11.9996 0
    endloop
  endfacet
  facet normal 0 0 -1
    outer loop
      vertex 15.5856 12.1948 0
      vertex 15.8 15.8 0
      vertex 15.6102 12.0981 0
    endloop
  endfacet
  facet normal 0 0 -1
    outer loop
      vertex 15.5515 12.2884 0
      vertex 15.8 15.8 0
      vertex 15.5856 12.1948 0
    endloop
  endfacet
  facet normal 0 0 -1
    outer loop
      vertex 15.5082 12.3783 0
      vertex 15.8 15.8 0
      vertex 15.5515 12.2884 0
    endloop
  endfacet
  facet normal 0 0 -1
    outer loop
      vertex 15.4562 12.4633 0
      vertex 15.8 15.8 0
      vertex 15.5082 12.3783 0
    endloop
  endfacet
  facet normal 0 0 -1
    outer loop
      vertex 15.396 12.5428 0
      vertex 15.8 15.8 0
      vertex 15.4562 12.4633 0
    endloop
  endfacet
  facet normal 0 0 -1
    outer loop
      vertex 15.3282 12.6159 0
      vertex 15.8 15.8 0
      vertex 15.396 12.5428 0
    endloop
  endfacet
  facet normal 0 0 -1
    outer loop
      vertex 15.2535 12.6818 0
      vertex 15.8 15.8 0
      vertex 15.3282 12.6159 0
    endloop
  endfacet
  facet normal 0 0 -1
    outer loop
      vertex 15.1725 12.74 0
      vertex 15.8 15.8 0
      vertex 15.2535 12.6818 0
    endloop
  endfacet
  facet normal 0 0 -1
    outer loop
      vertex 15.0862 12.7899 0
      vertex 15.8 15.8 0
      vertex 15.1725 12.74 0
    endloop
  endfacet
  facet normal 0 0 -1
    outer loop
      vertex 14.275 14.275 0
      vertex 15.0862 12.7899 0
      vertex 14.9953 12.8309 0
    endloop
  endfacet
  facet normal 0 0 -1
    outer loop
      vertex 14.275 14.275 0
      vertex 14.9953 12.8309 0
      vertex 14.9008 12.8626 0
    endloop
  endfacet
  facet normal 0 0 -1
    outer loop
      vertex 14.275 13.3566 0
      vertex 14.9008 12.8626 0
      vertex 14.8036 12.8848 0
    endloop
  endfacet
  facet normal 0 0 -1
    outer loop
      vertex 14.275 13.3566 0
      vertex 14.8036 12.8848 0
      vertex 14.7047 12.8972 0
    endloop
  endfacet
  facet normal 0 0 -1
    outer loop
      vertex 14.275 13.3566 0
      vertex 14.7047 12.8972 0
      vertex 14.6051 12.8997 0
    endloop
  endfacet
  facet normal 0 0 -1
    outer loop
      vertex 14.275 13.3566 0
      vertex 14.6051 12.8997 0
      vertex 14.5057 12.8922 0
    endloop
  endfacet
  facet normal 0 0 -1
    outer loop
      vertex 14.275 13.3566 0
      vertex 14.5057 12.8922 0
      vertex 14.4075 12.8749 0
    endloop
  endfacet
  facet normal 0 0 -1
    outer loop
      vertex 14.275 13.3566 0
      vertex 14.4075 12.8749 0
      vertex 14.3115 12.8479 0
    endloop
  endfacet
  facet normal 0 0 -1
    outer loop
      vertex 14.9008 12.8626 0
      vertex 14.275 13.3566 0
      vertex 14.275 14.275 0
    endloop
  endfacet
  facet normal 0 0 -1
    outer loop
      vertex 15.0862 12.7899 0
      vertex 14.275 14.275 0
      vertex 15.8 15.8 0
    endloop
  endfacet
  facet normal 0 0 -1
    outer loop
      vertex 12.8556 14.9248 0
      vertex 14.275 14.275 0
      vertex 13.3566 14.275 0
    endloop
  endfacet
  facet normal 0 0 -1
    outer loop
      vertex 12.895 14.5304 0
      vertex 13.3478 14.2378 0
      vertex 13.3187 14.143 0
    endloop
  endfacet
  facet normal 0 0 -1
    outer loop
      vertex 12.895 14.5304 0
      vertex 13.3187 14.143 0
      vertex 13.2834 14.0503 0
    endloop
  endfacet
  facet normal 0 0 -1
    outer loop
      vertex 12.895 14.5304 0
      vertex 13.2834 14.0503 0
      vertex 13.2421 13.9601 0
    endloop
  endfacet
  facet normal 0 0 -1
    outer loop
      vertex 12.895 14.5304 0
      vertex 13.2421 13.9601 0
      vertex 13.1949 13.8729 0
    endloop
  endfacet
  facet normal 0 0 -1
    outer loop
      vertex 12.895 14.5304 0
      vertex 13.1949 13.8729 0
      vertex 13.142 13.7889 0
    endloop
  endfacet
  facet normal 0 0 -1
    outer loop
      vertex 12.895 14.5304 0
      vertex 13.142 13.7889 0
      vertex 13.0837 13.7087 0
    endloop
  endfacet
  facet normal 0 0 -1
    outer loop
      vertex 12.895 14.5304 0
      vertex 13.0837 13.7087 0
      vertex 13.0202 13.6325 0
    endloop
  endfacet
  facet normal 0 0 -1
    outer loop
      vertex 12.5982 13.9141 0
      vertex 13.0202 13.6325 0
      vertex 12.9519 13.5606 0
    endloop
  endfacet
  facet normal 0 0 -1
    outer loop
      vertex 12.895 14.5304 0
      vertex 13.3566 14.275 0
      vertex 13.3478 14.2378 0
    endloop
  endfacet
  facet normal 0 0 -1
    outer loop
      vertex 12.895 14.7296 0
      vertex 13.3566 14.275 0
      vertex 12.9 14.63 0
    endloop
  endfacet
  facet normal 0 0 -1
    outer loop
      vertex 12.8802 14.8281 0
      vertex 13.3566 14.275 0
      vertex 12.895 14.7296 0
    endloop
  endfacet
  facet normal 0 0 -1
    outer loop
      vertex 12.8556 14.9248 0
      vertex 13.3566 14.275 0
      vertex 12.8802 14.8281 0
    endloop
  endfacet
  facet normal 0 0 -1
    outer loop
      vertex 12.8215 15.0184 0
      vertex 14.275 14.275 0
      vertex 12.8556 14.9248 0
    endloop
  endfacet
  facet normal 0 0 -1
    outer loop
      vertex 12.7782 15.1083 0
      vertex 14.275 14.275 0
      vertex 12.8215 15.0184 0
    endloop
  endfacet
  facet normal 0 0 -1
    outer loop
      vertex 14.275 14.275 0
      vertex 12.7782 15.1083 0
      vertex 15.8 15.8 0
    endloop
  endfacet
  facet normal 0 0 -1
    outer loop
      vertex 12.7262 15.1933 0
      vertex 15.8 15.8 0
      vertex 12.7782 15.1083 0
    endloop
  endfacet
  facet normal 0 0 -1
    outer loop
      vertex 12.666 15.2728 0
      vertex 15.8 15.8 0
      vertex 12.7262 15.1933 0
    endloop
  endfacet
  facet normal 0 0 -1
    outer loop
      vertex 12.5982 15.3459 0
      vertex 15.8 15.8 0
      vertex 12.666 15.2728 0
    endloop
  endfacet
  facet normal 0 0 -1
    outer loop
      vertex 12.5235 15.4118 0
      vertex 15.8 15.8 0
      vertex 12.5982 15.3459 0
    endloop
  endfacet
  facet normal 0 0 -1
    outer loop
      vertex 12.4425 15.47 0
      vertex 15.8 15.8 0
      vertex 12.5235 15.4118 0
    endloop
  endfacet
  facet normal 0 0 -1
    outer loop
      vertex 12.3562 15.5199 0
      vertex 15.8 15.8 0
      vertex 12.4425 15.47 0
    endloop
  endfacet
  facet normal 0 0 -1
    outer loop
      vertex 12.2653 15.5609 0
      vertex 15.8 15.8 0
      vertex 12.3562 15.5199 0
    endloop
  endfacet
  facet normal 0 0 -1
    outer loop
      vertex 12.1708 15.5926 0
      vertex 15.8 15.8 0
      vertex 12.2653 15.5609 0
    endloop
  endfacet
  facet normal 0 0 -1
    outer loop
      vertex 12.0736 15.6148 0
      vertex 15.8 15.8 0
      vertex 12.1708 15.5926 0
    endloop
  endfacet
  facet normal 0 0 -1
    outer loop
      vertex 11.9747 15.6272 0
      vertex 15.8 15.8 0
      vertex 12.0736 15.6148 0
    endloop
  endfacet
  facet normal 0 0 -1
    outer loop
      vertex 11.8751 15.6297 0
      vertex 15.8 15.8 0
      vertex 11.9747 15.6272 0
    endloop
  endfacet
  facet normal 0 0 -1
    outer loop
      vertex 10.5365 14.0048 0
      vertex 10.999 14.1961 0
      vertex 10.5808 13.9161 0
    endloop
  endfacet
  facet normal -0 0 -1
    outer loop
      vertex 10.999 14.1961 0
      vertex 10.5365 14.0048 0
      vertex 10.9603 14.288 0
    endloop
  endfacet
  facet normal 0 0 -1
    outer loop
      vertex 10.4982 14.0963 0
      vertex 10.9603 14.288 0
      vertex 10.5365 14.0048 0
    endloop
  endfacet
  facet normal 0 0 -1
    outer loop
      vertex 10.4659 14.1901 0
      vertex 10.9603 14.288 0
      vertex 10.4982 14.0963 0
    endloop
  endfacet
  facet normal -0 0 -1
    outer loop
      vertex 10.9603 14.288 0
      vertex 10.4659 14.1901 0
      vertex 10.9309 14.3832 0
    endloop
  endfacet
  facet normal 0 0 -1
    outer loop
      vertex 10.443 14.275 0
      vertex 10.9309 14.3832 0
      vertex 10.4659 14.1901 0
    endloop
  endfacet
  facet normal -0 0 -1
    outer loop
      vertex 10.9309 14.3832 0
      vertex 10.443 14.275 0
      vertex 10.9112 14.481 0
    endloop
  endfacet
  facet normal -0 0 -1
    outer loop
      vertex 10.9112 14.481 0
      vertex 10.443 14.275 0
      vertex 10.9012 14.5802 0
    endloop
  endfacet
  facet normal -0 0 -1
    outer loop
      vertex 10.9012 14.5802 0
      vertex 10.443 14.275 0
      vertex 10.9012 14.6798 0
    endloop
  endfacet
  facet normal -0 0 -1
    outer loop
      vertex 10.9012 14.6798 0
      vertex 10.443 14.275 0
      vertex 10.9112 14.779 0
    endloop
  endfacet
  facet normal -0 0 -1
    outer loop
      vertex 10.9112 14.779 0
      vertex 10.443 14.275 0
      vertex 10.9309 14.8768 0
    endloop
  endfacet
  facet normal -0 0 -1
    outer loop
      vertex 10.9309 14.8768 0
      vertex 10.443 14.275 0
      vertex 10.9603 14.972 0
    endloop
  endfacet
  facet normal -0 0 -1
    outer loop
      vertex 10.9603 14.972 0
      vertex 10.443 14.275 0
      vertex 10.999 15.0639 0
    endloop
  endfacet
  facet normal 0 0 -1
    outer loop
      vertex 4.77822 15.1083 0
      vertex 10.999 15.0639 0
      vertex 10.443 14.275 0
    endloop
  endfacet
  facet normal 0 0 -1
    outer loop
      vertex 10.999 15.0639 0
      vertex 4.77822 15.1083 0
      vertex 11.0467 15.1514 0
    endloop
  endfacet
  facet normal 0 0 -1
    outer loop
      vertex 4.77822 15.1083 0
      vertex 10.443 14.275 0
      vertex 5.35659 14.275 0
    endloop
  endfacet
  facet normal 0 0 -1
    outer loop
      vertex 4.72624 15.1933 0
      vertex 11.0467 15.1514 0
      vertex 4.77822 15.1083 0
    endloop
  endfacet
  facet normal 0 0 -1
    outer loop
      vertex 11.0467 15.1514 0
      vertex 4.72624 15.1933 0
      vertex 11.1029 15.2338 0
    endloop
  endfacet
  facet normal 0 0 -1
    outer loop
      vertex 4.66604 15.2728 0
      vertex 11.1029 15.2338 0
      vertex 4.72624 15.1933 0
    endloop
  endfacet
  facet normal 0 0 -1
    outer loop
      vertex 11.1029 15.2338 0
      vertex 4.66604 15.2728 0
      vertex 11.1669 15.3102 0
    endloop
  endfacet
  facet normal 0 0 -1
    outer loop
      vertex 4.59824 15.3459 0
      vertex 11.1669 15.3102 0
      vertex 4.66604 15.2728 0
    endloop
  endfacet
  facet normal 0 0 -1
    outer loop
      vertex 11.1669 15.3102 0
      vertex 4.59824 15.3459 0
      vertex 11.2383 15.3798 0
    endloop
  endfacet
  facet normal 0 0 -1
    outer loop
      vertex 4.52349 15.4118 0
      vertex 11.2383 15.3798 0
      vertex 4.59824 15.3459 0
    endloop
  endfacet
  facet normal 0 0 -1
    outer loop
      vertex 4.89503 14.5304 0
      vertex 5.34781 14.2378 0
      vertex 5.31873 14.143 0
    endloop
  endfacet
  facet normal 0 0 -1
    outer loop
      vertex 4.89503 14.5304 0
      vertex 5.31873 14.143 0
      vertex 5.28343 14.0503 0
    endloop
  endfacet
  facet normal 0 0 -1
    outer loop
      vertex 4.89503 14.5304 0
      vertex 5.28343 14.0503 0
      vertex 5.24209 13.9601 0
    endloop
  endfacet
  facet normal 0 0 -1
    outer loop
      vertex 4.89503 14.5304 0
      vertex 5.24209 13.9601 0
      vertex 5.19488 13.8729 0
    endloop
  endfacet
  facet normal 0 0 -1
    outer loop
      vertex 4.89503 14.5304 0
      vertex 5.19488 13.8729 0
      vertex 5.14201 13.7889 0
    endloop
  endfacet
  facet normal 0 0 -1
    outer loop
      vertex 4.89503 14.5304 0
      vertex 5.14201 13.7889 0
      vertex 5.08371 13.7087 0
    endloop
  endfacet
  facet normal 0 0 -1
    outer loop
      vertex 4.89503 14.5304 0
      vertex 5.08371 13.7087 0
      vertex 5.02023 13.6325 0
    endloop
  endfacet
  facet normal 0 0 -1
    outer loop
      vertex 4.59824 13.9141 0
      vertex 5.02023 13.6325 0
      vertex 4.95185 13.5606 0
    endloop
  endfacet
  facet normal 0 0 -1
    outer loop
      vertex 4.89503 14.5304 0
      vertex 5.35659 14.275 0
      vertex 5.34781 14.2378 0
    endloop
  endfacet
  facet normal 0 0 -1
    outer loop
      vertex 4.89503 14.7296 0
      vertex 5.35659 14.275 0
      vertex 4.9 14.63 0
    endloop
  endfacet
  facet normal 0 0 -1
    outer loop
      vertex 4.88017 14.8281 0
      vertex 5.35659 14.275 0
      vertex 4.89503 14.7296 0
    endloop
  endfacet
  facet normal 0 0 -1
    outer loop
      vertex 4.85557 14.9248 0
      vertex 5.35659 14.275 0
      vertex 4.88017 14.8281 0
    endloop
  endfacet
  facet normal 0 0 -1
    outer loop
      vertex 4.82148 15.0184 0
      vertex 5.35659 14.275 0
      vertex 4.85557 14.9248 0
    endloop
  endfacet
  facet normal 0 0 -1
    outer loop
      vertex 4.77822 15.1083 0
      vertex 5.35659 14.275 0
      vertex 4.82148 15.0184 0
    endloop
  endfacet
  facet normal 0 0 -1
    outer loop
      vertex 11.2383 15.3798 0
      vertex 4.52349 15.4118 0
      vertex 11.3163 15.4419 0
    endloop
  endfacet
  facet normal 0 0 -1
    outer loop
      vertex 4.44255 15.47 0
      vertex 11.3163 15.4419 0
      vertex 4.52349 15.4118 0
    endloop
  endfacet
  facet normal 0 0 -1
    outer loop
      vertex 11.3163 15.4419 0
      vertex 4.44255 15.47 0
      vertex 11.4 15.496 0
    endloop
  endfacet
  facet normal 0 0 -1
    outer loop
      vertex 4.35621 15.5199 0
      vertex 11.4 15.496 0
      vertex 4.44255 15.47 0
    endloop
  endfacet
  facet normal 0 0 -1
    outer loop
      vertex 11.4 15.496 0
      vertex 4.35621 15.5199 0
      vertex 11.4887 15.5415 0
    endloop
  endfacet
  facet normal 0 0 -1
    outer loop
      vertex 4.26534 15.5609 0
      vertex 11.4887 15.5415 0
      vertex 4.35621 15.5199 0
    endloop
  endfacet
  facet normal 0 0 -1
    outer loop
      vertex 11.4887 15.5415 0
      vertex 4.26534 15.5609 0
      vertex 11.5815 15.5779 0
    endloop
  endfacet
  facet normal 0 0 -1
    outer loop
      vertex 4.17084 15.5926 0
      vertex 11.5815 15.5779 0
      vertex 4.26534 15.5609 0
    endloop
  endfacet
  facet normal 0 0 -1
    outer loop
      vertex 11.5815 15.5779 0
      vertex 4.17084 15.5926 0
      vertex 11.6775 15.6049 0
    endloop
  endfacet
  facet normal 0 0 -1
    outer loop
      vertex 4.07365 15.6148 0
      vertex 11.6775 15.6049 0
      vertex 4.17084 15.5926 0
    endloop
  endfacet
  facet normal 0 0 -1
    outer loop
      vertex 11.6775 15.6049 0
      vertex 4.07365 15.6148 0
      vertex 11.7757 15.6222 0
    endloop
  endfacet
  facet normal 0 0 -1
    outer loop
      vertex 3.97473 15.6272 0
      vertex 11.7757 15.6222 0
      vertex 4.07365 15.6148 0
    endloop
  endfacet
  facet normal 0 0 -1
    outer loop
      vertex 11.7757 15.6222 0
      vertex 3.97473 15.6272 0
      vertex 11.8751 15.6297 0
    endloop
  endfacet
  facet normal -0 0 -1
    outer loop
      vertex 11.8751 15.6297 0
      vertex 3.97473 15.6272 0
      vertex 15.8 15.8 0
    endloop
  endfacet
  facet normal 0 0 -1
    outer loop
      vertex 3.87507 15.6297 0
      vertex 15.8 15.8 0
      vertex 3.97473 15.6272 0
    endloop
  endfacet
  facet normal 0 0 -1
    outer loop
      vertex 2.53649 14.0048 0
      vertex 2.99903 14.1961 0
      vertex 2.58079 13.9161 0
    endloop
  endfacet
  facet normal -0 0 -1
    outer loop
      vertex 2.99903 14.1961 0
      vertex 2.53649 14.0048 0
      vertex 2.96031 14.288 0
    endloop
  endfacet
  facet normal 0 0 -1
    outer loop
      vertex 2.49815 14.0963 0
      vertex 2.96031 14.288 0
      vertex 2.53649 14.0048 0
    endloop
  endfacet
  facet normal 0 0 -1
    outer loop
      vertex 2.46595 14.1901 0
      vertex 2.96031 14.288 0
      vertex 2.49815 14.0963 0
    endloop
  endfacet
  facet normal -0 0 -1
    outer loop
      vertex 2.96031 14.288 0
      vertex 2.46595 14.1901 0
      vertex 2.93092 14.3832 0
    endloop
  endfacet
  facet normal 0 0 -1
    outer loop
      vertex 2.44295 14.275 0
      vertex 2.93092 14.3832 0
      vertex 2.46595 14.1901 0
    endloop
  endfacet
  facet normal -0 0 -1
    outer loop
      vertex 2.93092 14.3832 0
      vertex 2.44295 14.275 0
      vertex 2.91117 14.481 0
    endloop
  endfacet
  facet normal -0 0 -1
    outer loop
      vertex 2.91117 14.481 0
      vertex 2.44295 14.275 0
      vertex 2.90124 14.5802 0
    endloop
  endfacet
  facet normal -0 0 -1
    outer loop
      vertex 2.90124 14.5802 0
      vertex 2.44295 14.275 0
      vertex 2.90124 14.6798 0
    endloop
  endfacet
  facet normal -0 0 -1
    outer loop
      vertex 2.90124 14.6798 0
      vertex 2.44295 14.275 0
      vertex 2.91117 14.779 0
    endloop
  endfacet
  facet normal -0 0 -1
    outer loop
      vertex 2.91117 14.779 0
      vertex 2.44295 14.275 0
      vertex 2.93092 14.8768 0
    endloop
  endfacet
  facet normal 0 0 -1
    outer loop
      vertex 1.525 14.275 0
      vertex 2.93092 14.8768 0
      vertex 2.44295 14.275 0
    endloop
  endfacet
  facet normal -0 0 -1
    outer loop
      vertex 2.93092 14.8768 0
      vertex 1.525 14.275 0
      vertex 2.96031 14.972 0
    endloop
  endfacet
  facet normal -0 0 -1
    outer loop
      vertex 2.96031 14.972 0
      vertex 1.525 14.275 0
      vertex 2.99903 15.0639 0
    endloop
  endfacet
  facet normal -0 0 -1
    outer loop
      vertex 2.99903 15.0639 0
      vertex 1.525 14.275 0
      vertex 3.04671 15.1514 0
    endloop
  endfacet
  facet normal 0 0 -1
    outer loop
      vertex 0 15.8 0
      vertex 3.04671 15.1514 0
      vertex 1.525 14.275 0
    endloop
  endfacet
  facet normal 0 0 -1
    outer loop
      vertex 3.04671 15.1514 0
      vertex 0 15.8 0
      vertex 3.10287 15.2338 0
    endloop
  endfacet
  facet normal 0 0 -1
    outer loop
      vertex 3.10287 15.2338 0
      vertex 0 15.8 0
      vertex 3.16695 15.3102 0
    endloop
  endfacet
  facet normal 0 0 -1
    outer loop
      vertex 3.16695 15.3102 0
      vertex 0 15.8 0
      vertex 3.23831 15.3798 0
    endloop
  endfacet
  facet normal 0 0 -1
    outer loop
      vertex 1.24473 12.8972 0
      vertex 1.525 13.357 0
      vertex 1.34365 12.8848 0
    endloop
  endfacet
  facet normal 0 0 -1
    outer loop
      vertex 1.14507 12.8997 0
      vertex 1.525 13.357 0
      vertex 1.24473 12.8972 0
    endloop
  endfacet
  facet normal 0 0 -1
    outer loop
      vertex 1.04566 12.8922 0
      vertex 1.525 13.357 0
      vertex 1.14507 12.8997 0
    endloop
  endfacet
  facet normal 0 0 -1
    outer loop
      vertex 0.947478 12.8749 0
      vertex 1.525 13.357 0
      vertex 1.04566 12.8922 0
    endloop
  endfacet
  facet normal -0 0 -1
    outer loop
      vertex 1.525 13.357 0
      vertex 0.947478 12.8749 0
      vertex 1.525 14.275 0
    endloop
  endfacet
  facet normal 0 0 -1
    outer loop
      vertex 0.851513 12.8479 0
      vertex 1.525 14.275 0
      vertex 0.947478 12.8749 0
    endloop
  endfacet
  facet normal 0 0 -1
    outer loop
      vertex 0.758713 12.8115 0
      vertex 1.525 14.275 0
      vertex 0.851513 12.8479 0
    endloop
  endfacet
  facet normal 0 0 -1
    outer loop
      vertex 0.669999 12.766 0
      vertex 1.525 14.275 0
      vertex 0.758713 12.8115 0
    endloop
  endfacet
  facet normal 0 0 -1
    outer loop
      vertex 0 15.8 0
      vertex 0.669999 12.766 0
      vertex 0.586256 12.7119 0
    endloop
  endfacet
  facet normal 0 0 -1
    outer loop
      vertex 0 15.8 0
      vertex 0.586256 12.7119 0
      vertex 0.508314 12.6498 0
    endloop
  endfacet
  facet normal 0 0 -1
    outer loop
      vertex 0 15.8 0
      vertex 0.508314 12.6498 0
      vertex 0.436948 12.5802 0
    endloop
  endfacet
  facet normal 0 0 -1
    outer loop
      vertex 0 15.8 0
      vertex 0.436948 12.5802 0
      vertex 0.372867 12.5038 0
    endloop
  endfacet
  facet normal 0 0 -1
    outer loop
      vertex 0 15.8 0
      vertex 0.372867 12.5038 0
      vertex 0.316709 12.4214 0
    endloop
  endfacet
  facet normal 0 0 -1
    outer loop
      vertex 3.87507 15.6297 0
      vertex 0 15.8 0
      vertex 15.8 15.8 0
    endloop
  endfacet
  facet normal 0 0 -1
    outer loop
      vertex 3.77566 15.6222 0
      vertex 0 15.8 0
      vertex 3.87507 15.6297 0
    endloop
  endfacet
  facet normal 0 0 -1
    outer loop
      vertex 3.67748 15.6049 0
      vertex 0 15.8 0
      vertex 3.77566 15.6222 0
    endloop
  endfacet
  facet normal 0 0 -1
    outer loop
      vertex 3.58151 15.5779 0
      vertex 0 15.8 0
      vertex 3.67748 15.6049 0
    endloop
  endfacet
  facet normal 0 0 -1
    outer loop
      vertex 3.48871 15.5415 0
      vertex 0 15.8 0
      vertex 3.58151 15.5779 0
    endloop
  endfacet
  facet normal 0 0 -1
    outer loop
      vertex 3.4 15.496 0
      vertex 0 15.8 0
      vertex 3.48871 15.5415 0
    endloop
  endfacet
  facet normal 0 0 -1
    outer loop
      vertex 3.31626 15.4419 0
      vertex 0 15.8 0
      vertex 3.4 15.496 0
    endloop
  endfacet
  facet normal 0 0 -1
    outer loop
      vertex 3.23831 15.3798 0
      vertex 0 15.8 0
      vertex 3.31626 15.4419 0
    endloop
  endfacet
  facet normal 0 0 -1
    outer loop
      vertex 0.669999 12.766 0
      vertex 0 15.8 0
      vertex 1.525 14.275 0
    endloop
  endfacet
  facet normal 0 0 -1
    outer loop
      vertex 0.269031 12.3339 0
      vertex 0 15.8 0
      vertex 0.316709 12.4214 0
    endloop
  endfacet
  facet normal 0 0 -1
    outer loop
      vertex 0.230307 12.242 0
      vertex 0 15.8 0
      vertex 0.269031 12.3339 0
    endloop
  endfacet
  facet normal 0 0 -1
    outer loop
      vertex 0.200922 12.1468 0
      vertex 0 15.8 0
      vertex 0.230307 12.242 0
    endloop
  endfacet
  facet normal 0 0 -1
    outer loop
      vertex 0.181169 12.049 0
      vertex 0 15.8 0
      vertex 0.200922 12.1468 0
    endloop
  endfacet
  facet normal 0 0 -1
    outer loop
      vertex 0.171243 11.9498 0
      vertex 0 15.8 0
      vertex 0.181169 12.049 0
    endloop
  endfacet
  facet normal 0 0 -1
    outer loop
      vertex 0.171243 11.8502 0
      vertex 0 15.8 0
      vertex 0.171243 11.9498 0
    endloop
  endfacet
  facet normal 0 0 -1
    outer loop
      vertex 14.2139 2.45887 0
      vertex 14.4075 2.92507 0
      vertex 14.275 2.44339 0
    endloop
  endfacet
  facet normal -0 0 -1
    outer loop
      vertex 14.4075 2.92507 0
      vertex 14.2139 2.45887 0
      vertex 14.3115 2.95207 0
    endloop
  endfacet
  facet normal 0 0 -1
    outer loop
      vertex 14.1196 2.48952 0
      vertex 14.3115 2.95207 0
      vertex 14.2139 2.45887 0
    endloop
  endfacet
  facet normal -0 0 -1
    outer loop
      vertex 14.3115 2.95207 0
      vertex 14.1196 2.48952 0
      vertex 14.2187 2.98849 0
    endloop
  endfacet
  facet normal 0 0 -1
    outer loop
      vertex 14.0275 2.52634 0
      vertex 14.2187 2.98849 0
      vertex 14.1196 2.48952 0
    endloop
  endfacet
  facet normal 0 0 -1
    outer loop
      vertex 13.938 2.56917 0
      vertex 14.2187 2.98849 0
      vertex 14.0275 2.52634 0
    endloop
  endfacet
  facet normal -0 0 -1
    outer loop
      vertex 14.2187 2.98849 0
      vertex 13.938 2.56917 0
      vertex 14.13 3.03397 0
    endloop
  endfacet
  facet normal 0 0 -1
    outer loop
      vertex 13.8515 2.61781 0
      vertex 14.13 3.03397 0
      vertex 13.938 2.56917 0
    endloop
  endfacet
  facet normal -0 0 -1
    outer loop
      vertex 14.13 3.03397 0
      vertex 13.8515 2.61781 0
      vertex 14.0463 3.08806 0
    endloop
  endfacet
  facet normal 0 0 -1
    outer loop
      vertex 13.7685 2.67206 0
      vertex 14.0463 3.08806 0
      vertex 13.8515 2.61781 0
    endloop
  endfacet
  facet normal 0 0 -1
    outer loop
      vertex 13.6892 2.73168 0
      vertex 14.0463 3.08806 0
      vertex 13.7685 2.67206 0
    endloop
  endfacet
  facet normal -0 0 -1
    outer loop
      vertex 14.0463 3.08806 0
      vertex 13.6892 2.73168 0
      vertex 13.9683 3.15022 0
    endloop
  endfacet
  facet normal 0 0 -1
    outer loop
      vertex 13.6141 2.79641 0
      vertex 13.9683 3.15022 0
      vertex 13.6892 2.73168 0
    endloop
  endfacet
  facet normal -0 0 -1
    outer loop
      vertex 13.9683 3.15022 0
      vertex 13.6141 2.79641 0
      vertex 13.8969 3.21983 0
    endloop
  endfacet
  facet normal 0 0 -1
    outer loop
      vertex 13.5434 2.86597 0
      vertex 13.8969 3.21983 0
      vertex 13.6141 2.79641 0
    endloop
  endfacet
  facet normal 0 0 -1
    outer loop
      vertex 13.4774 2.94005 0
      vertex 13.8969 3.21983 0
      vertex 13.5434 2.86597 0
    endloop
  endfacet
  facet normal -0 0 -1
    outer loop
      vertex 13.8969 3.21983 0
      vertex 13.4774 2.94005 0
      vertex 13.8329 3.2962 0
    endloop
  endfacet
  facet normal 0 0 -1
    outer loop
      vertex 13.4165 3.01832 0
      vertex 13.8329 3.2962 0
      vertex 13.4774 2.94005 0
    endloop
  endfacet
  facet normal -0 0 -1
    outer loop
      vertex 13.8329 3.2962 0
      vertex 13.4165 3.01832 0
      vertex 13.7767 3.37856 0
    endloop
  endfacet
  facet normal 0 0 -1
    outer loop
      vertex 13.3609 3.10045 0
      vertex 13.7767 3.37856 0
      vertex 13.4165 3.01832 0
    endloop
  endfacet
  facet normal -0 0 -1
    outer loop
      vertex 13.7767 3.37856 0
      vertex 13.3108 3.18608 0
      vertex 13.729 3.46612 0
    endloop
  endfacet
  facet normal 0 0 -1
    outer loop
      vertex 13.3108 3.18608 0
      vertex 13.7767 3.37856 0
      vertex 13.3609 3.10045 0
    endloop
  endfacet
  facet normal 0 0 -1
    outer loop
      vertex 14.2139 10.4589 0
      vertex 14.4075 10.9251 0
      vertex 14.275 10.4434 0
    endloop
  endfacet
  facet normal -0 0 -1
    outer loop
      vertex 14.4075 10.9251 0
      vertex 14.2139 10.4589 0
      vertex 14.3115 10.9521 0
    endloop
  endfacet
  facet normal 0 0 -1
    outer loop
      vertex 14.1196 10.4895 0
      vertex 14.3115 10.9521 0
      vertex 14.2139 10.4589 0
    endloop
  endfacet
  facet normal -0 0 -1
    outer loop
      vertex 14.3115 10.9521 0
      vertex 14.1196 10.4895 0
      vertex 14.2187 10.9885 0
    endloop
  endfacet
  facet normal 0 0 -1
    outer loop
      vertex 14.0275 10.5263 0
      vertex 14.2187 10.9885 0
      vertex 14.1196 10.4895 0
    endloop
  endfacet
  facet normal 0 0 -1
    outer loop
      vertex 13.938 10.5692 0
      vertex 14.2187 10.9885 0
      vertex 14.0275 10.5263 0
    endloop
  endfacet
  facet normal -0 0 -1
    outer loop
      vertex 14.2187 10.9885 0
      vertex 13.938 10.5692 0
      vertex 14.13 11.034 0
    endloop
  endfacet
  facet normal 0 0 -1
    outer loop
      vertex 13.8515 10.6178 0
      vertex 14.13 11.034 0
      vertex 13.938 10.5692 0
    endloop
  endfacet
  facet normal -0 0 -1
    outer loop
      vertex 14.13 11.034 0
      vertex 13.8515 10.6178 0
      vertex 14.0463 11.0881 0
    endloop
  endfacet
  facet normal 0 0 -1
    outer loop
      vertex 13.7685 10.6721 0
      vertex 14.0463 11.0881 0
      vertex 13.8515 10.6178 0
    endloop
  endfacet
  facet normal 0 0 -1
    outer loop
      vertex 13.6892 10.7317 0
      vertex 14.0463 11.0881 0
      vertex 13.7685 10.6721 0
    endloop
  endfacet
  facet normal -0 0 -1
    outer loop
      vertex 14.0463 11.0881 0
      vertex 13.6892 10.7317 0
      vertex 13.9683 11.1502 0
    endloop
  endfacet
  facet normal 0 0 -1
    outer loop
      vertex 13.6141 10.7964 0
      vertex 13.9683 11.1502 0
      vertex 13.6892 10.7317 0
    endloop
  endfacet
  facet normal -0 0 -1
    outer loop
      vertex 13.9683 11.1502 0
      vertex 13.6141 10.7964 0
      vertex 13.8969 11.2198 0
    endloop
  endfacet
  facet normal 0 0 -1
    outer loop
      vertex 13.5434 10.866 0
      vertex 13.8969 11.2198 0
      vertex 13.6141 10.7964 0
    endloop
  endfacet
  facet normal 0 0 -1
    outer loop
      vertex 13.4774 10.94 0
      vertex 13.8969 11.2198 0
      vertex 13.5434 10.866 0
    endloop
  endfacet
  facet normal -0 0 -1
    outer loop
      vertex 13.8969 11.2198 0
      vertex 13.4774 10.94 0
      vertex 13.8329 11.2962 0
    endloop
  endfacet
  facet normal 0 0 -1
    outer loop
      vertex 13.4165 11.0183 0
      vertex 13.8329 11.2962 0
      vertex 13.4774 10.94 0
    endloop
  endfacet
  facet normal -0 0 -1
    outer loop
      vertex 13.8329 11.2962 0
      vertex 13.4165 11.0183 0
      vertex 13.7767 11.3786 0
    endloop
  endfacet
  facet normal 0 0 -1
    outer loop
      vertex 13.3609 11.1005 0
      vertex 13.7767 11.3786 0
      vertex 13.4165 11.0183 0
    endloop
  endfacet
  facet normal -0 0 -1
    outer loop
      vertex 13.7767 11.3786 0
      vertex 13.3108 11.1861 0
      vertex 13.729 11.4661 0
    endloop
  endfacet
  facet normal 0 0 -1
    outer loop
      vertex 13.3108 11.1861 0
      vertex 13.7767 11.3786 0
      vertex 13.3609 11.1005 0
    endloop
  endfacet
  facet normal 0 -1 0
    outer loop
      vertex 0 0 0
      vertex 15.8 0 6.6
      vertex 0 0 6.6
    endloop
  endfacet
  facet normal 0 -1 -0
    outer loop
      vertex 15.8 0 6.6
      vertex 0 0 0
      vertex 15.8 0 0
    endloop
  endfacet
  facet normal 1 -0 0
    outer loop
      vertex 1.525 12.5044 2.98221
      vertex 1.525 14.275 0
      vertex 1.525 14.275 6.6
    endloop
  endfacet
  facet normal 1 0 0
    outer loop
      vertex 1.525 14.275 0
      vertex 1.525 12.5044 2.98221
      vertex 1.525 13.357 0.799999
    endloop
  endfacet
  facet normal 1 0 0
    outer loop
      vertex 1.525 13.357 0.799999
      vertex 1.525 12.5925 2.2185
      vertex 1.525 12.7479 0.799999
    endloop
  endfacet
  facet normal 1 0 0
    outer loop
      vertex 1.525 13.357 0.799999
      vertex 1.525 12.5044 2.98221
      vertex 1.525 12.5925 2.2185
    endloop
  endfacet
  facet normal 1 0 0
    outer loop
      vertex 1.525 14.275 6.6
      vertex 1.525 12.4496 3.45678
      vertex 1.525 12.5044 2.98221
    endloop
  endfacet
  facet normal 1 0 0
    outer loop
      vertex 1.525 14.275 6.6
      vertex 1.525 12.3751 4.06294
      vertex 1.525 12.4496 3.45678
    endloop
  endfacet
  facet normal 1 0 0
    outer loop
      vertex 1.525 14.275 6.6
      vertex 1.525 12.3452 4.30625
      vertex 1.525 12.3751 4.06294
    endloop
  endfacet
  facet normal 1 0 0
    outer loop
      vertex 1.525 14.275 6.6
      vertex 1.525 12.3273 4.44042
      vertex 1.525 12.3452 4.30625
    endloop
  endfacet
  facet normal 1 0 0
    outer loop
      vertex 1.525 14.275 6.6
      vertex 1.525 12.264 4.91577
      vertex 1.525 12.3273 4.44042
    endloop
  endfacet
  facet normal 1 0 0
    outer loop
      vertex 1.525 14.275 6.6
      vertex 1.525 12.262 4.92947
      vertex 1.525 12.264 4.91577
    endloop
  endfacet
  facet normal 1 0 0
    outer loop
      vertex 1.525 14.275 6.6
      vertex 1.525 12.2516 5
      vertex 1.525 12.262 4.92947
    endloop
  endfacet
  facet normal 1 0 0
    outer loop
      vertex 1.525 14.275 6.6
      vertex 1.525 11.5484 5
      vertex 1.525 12.2516 5
    endloop
  endfacet
  facet normal 1 0 0
    outer loop
      vertex 1.525 4.26195 4.92947
      vertex 1.525 11.538 4.92947
      vertex 1.525 11.5484 5
    endloop
  endfacet
  facet normal 1 0 0
    outer loop
      vertex 1.525 4.32728 4.44042
      vertex 1.525 11.4727 4.44042
      vertex 1.525 11.536 4.91577
    endloop
  endfacet
  facet normal 1 -0 0
    outer loop
      vertex 1.525 4.37508 4.06294
      vertex 1.525 11.394 3.81143
      vertex 1.525 11.4548 4.30625
    endloop
  endfacet
  facet normal 1 -0 0
    outer loop
      vertex 1.525 4.50438 2.98221
      vertex 1.525 11.2673 2.73635
      vertex 1.525 11.3504 3.45678
    endloop
  endfacet
  facet normal 1 0 0
    outer loop
      vertex 1.525 11.2075 2.2185
      vertex 1.525 10.443 0.799999
      vertex 1.525 11.0521 0.799999
    endloop
  endfacet
  facet normal 1 0 -0
    outer loop
      vertex 1.525 10.443 0.799999
      vertex 1.525 11.2673 2.73635
      vertex 1.525 4.50438 2.98221
    endloop
  endfacet
  facet normal 1 0 -0
    outer loop
      vertex 1.525 4.44965 3.45678
      vertex 1.525 11.394 3.81143
      vertex 1.525 4.37508 4.06294
    endloop
  endfacet
  facet normal 1 0 0
    outer loop
      vertex 1.525 11.4727 4.44042
      vertex 1.525 4.32728 4.44042
      vertex 1.525 11.4548 4.30625
    endloop
  endfacet
  facet normal 1 0 0
    outer loop
      vertex 1.525 11.538 4.92947
      vertex 1.525 4.26396 4.91577
      vertex 1.525 11.536 4.91577
    endloop
  endfacet
  facet normal 1 0 0
    outer loop
      vertex 1.525 10.443 0.799999
      vertex 1.525 5.35699 0.799999
      vertex 1.525 10.443 0
    endloop
  endfacet
  facet normal 1 0 0
    outer loop
      vertex 1.525 11.2673 2.73635
      vertex 1.525 10.443 0.799999
      vertex 1.525 11.2075 2.2185
    endloop
  endfacet
  facet normal 1 0 0
    outer loop
      vertex 1.525 10.443 0.799999
      vertex 1.525 4.50438 2.98221
      vertex 1.525 5.35699 0.799999
    endloop
  endfacet
  facet normal 1 0 0
    outer loop
      vertex 1.525 5.35699 0.799999
      vertex 1.525 4.59245 2.2185
      vertex 1.525 4.74788 0.799999
    endloop
  endfacet
  facet normal 1 0 0
    outer loop
      vertex 1.525 4.25159 5
      vertex 1.525 11.5484 5
      vertex 1.525 14.275 6.6
    endloop
  endfacet
  facet normal 1 0 0
    outer loop
      vertex 1.525 5.35699 0.799999
      vertex 1.525 4.50438 2.98221
      vertex 1.525 4.59245 2.2185
    endloop
  endfacet
  facet normal 1 0 0
    outer loop
      vertex 1.525 11.3504 3.45678
      vertex 1.525 4.44965 3.45678
      vertex 1.525 4.50438 2.98221
    endloop
  endfacet
  facet normal 1 0 0
    outer loop
      vertex 1.525 11.394 3.81143
      vertex 1.525 4.44965 3.45678
      vertex 1.525 11.3504 3.45678
    endloop
  endfacet
  facet normal 1 0 0
    outer loop
      vertex 1.525 11.4548 4.30625
      vertex 1.525 4.34516 4.30625
      vertex 1.525 4.37508 4.06294
    endloop
  endfacet
  facet normal 1 0 0
    outer loop
      vertex 1.525 11.4548 4.30625
      vertex 1.525 4.32728 4.44042
      vertex 1.525 4.34516 4.30625
    endloop
  endfacet
  facet normal 1 0 0
    outer loop
      vertex 1.525 11.536 4.91577
      vertex 1.525 4.26396 4.91577
      vertex 1.525 4.32728 4.44042
    endloop
  endfacet
  facet normal 1 0 0
    outer loop
      vertex 1.525 11.538 4.92947
      vertex 1.525 4.26195 4.92947
      vertex 1.525 4.26396 4.91577
    endloop
  endfacet
  facet normal 1 0 0
    outer loop
      vertex 1.525 11.5484 5
      vertex 1.525 4.25159 5
      vertex 1.525 4.26195 4.92947
    endloop
  endfacet
  facet normal 1 -0 0
    outer loop
      vertex 1.525 1.525 6.6
      vertex 1.525 4.25159 5
      vertex 1.525 14.275 6.6
    endloop
  endfacet
  facet normal 1 0 0
    outer loop
      vertex 1.525 3.20755 2.2185
      vertex 1.525 2.44301 0.799999
      vertex 1.525 3.05212 0.799999
    endloop
  endfacet
  facet normal 1 0 0
    outer loop
      vertex 1.525 3.26727 2.73635
      vertex 1.525 2.44301 0.799999
      vertex 1.525 3.20755 2.2185
    endloop
  endfacet
  facet normal 1 0 0
    outer loop
      vertex 1.525 1.525 6.6
      vertex 1.525 3.26727 2.73635
      vertex 1.525 3.35035 3.45678
    endloop
  endfacet
  facet normal 1 0 0
    outer loop
      vertex 1.525 1.525 6.6
      vertex 1.525 3.35035 3.45678
      vertex 1.525 3.39398 3.81143
    endloop
  endfacet
  facet normal 1 0 0
    outer loop
      vertex 1.525 1.525 6.6
      vertex 1.525 3.39398 3.81143
      vertex 1.525 3.45484 4.30625
    endloop
  endfacet
  facet normal 1 0 0
    outer loop
      vertex 1.525 1.525 6.6
      vertex 1.525 3.45484 4.30625
      vertex 1.525 3.47272 4.44042
    endloop
  endfacet
  facet normal 1 0 0
    outer loop
      vertex 1.525 1.525 6.6
      vertex 1.525 3.47272 4.44042
      vertex 1.525 3.53604 4.91577
    endloop
  endfacet
  facet normal 1 0 0
    outer loop
      vertex 1.525 1.525 6.6
      vertex 1.525 3.53604 4.91577
      vertex 1.525 3.53805 4.92947
    endloop
  endfacet
  facet normal 1 0 0
    outer loop
      vertex 1.525 1.525 6.6
      vertex 1.525 3.53805 4.92947
      vertex 1.525 3.54841 5
    endloop
  endfacet
  facet normal 1 0 0
    outer loop
      vertex 1.525 4.25159 5
      vertex 1.525 1.525 6.6
      vertex 1.525 3.54841 5
    endloop
  endfacet
  facet normal 1 0 0
    outer loop
      vertex 1.525 1.525 0
      vertex 1.525 3.26727 2.73635
      vertex 1.525 1.525 6.6
    endloop
  endfacet
  facet normal 1 0 0
    outer loop
      vertex 1.525 3.26727 2.73635
      vertex 1.525 1.525 0
      vertex 1.525 2.44301 0.799999
    endloop
  endfacet
  facet normal 1 0 0
    outer loop
      vertex 1.525 2.44301 0.799999
      vertex 1.525 1.525 0
      vertex 1.525 2.44301 0
    endloop
  endfacet
  facet normal 1 0 0
    outer loop
      vertex 1.525 14.275 0
      vertex 1.525 13.357 0.799999
      vertex 1.525 13.357 0
    endloop
  endfacet
  facet normal 1 0 0
    outer loop
      vertex 1.525 10.443 0
      vertex 1.525 5.35699 0.799999
      vertex 1.525 5.35699 0
    endloop
  endfacet
  facet normal -1 0 0
    outer loop
      vertex 14.275 2.44339 0
      vertex 14.275 1.525 0
      vertex 14.275 2.44339 0.799999
    endloop
  endfacet
  facet normal -1 0 0
    outer loop
      vertex 14.275 10.4434 0
      vertex 14.275 5.3566 0
      vertex 14.275 10.4434 0.799999
    endloop
  endfacet
  facet normal -1 0 0
    outer loop
      vertex 14.275 13.3566 0.799999
      vertex 14.275 14.275 0
      vertex 14.275 13.3566 0
    endloop
  endfacet
  facet normal -1 0 0
    outer loop
      vertex 14.275 12.5149 2.90001
      vertex 14.275 14.275 0
      vertex 14.275 13.3566 0.799999
    endloop
  endfacet
  facet normal -1 0 0
    outer loop
      vertex 14.275 12.7138 1.11661
      vertex 14.275 13.3566 0.799999
      vertex 14.275 12.7478 0.799999
    endloop
  endfacet
  facet normal -1 0 0
    outer loop
      vertex 14.275 12.6868 1.36856
      vertex 14.275 13.3566 0.799999
      vertex 14.275 12.7138 1.11661
    endloop
  endfacet
  facet normal -1 0 0
    outer loop
      vertex 14.275 12.6445 1.74493
      vertex 14.275 13.3566 0.799999
      vertex 14.275 12.6868 1.36856
    endloop
  endfacet
  facet normal -1 0 0
    outer loop
      vertex 14.275 12.5149 2.90001
      vertex 14.275 13.3566 0.799999
      vertex 14.275 12.6445 1.74493
    endloop
  endfacet
  facet normal -1 0 0
    outer loop
      vertex 14.275 14.275 0
      vertex 14.275 12.5149 2.90001
      vertex 14.275 14.275 6.6
    endloop
  endfacet
  facet normal -1 0 0
    outer loop
      vertex 14.275 12.4522 3.42694
      vertex 14.275 14.275 6.6
      vertex 14.275 12.5149 2.90001
    endloop
  endfacet
  facet normal -1 0 0
    outer loop
      vertex 14.275 12.3938 3.91856
      vertex 14.275 14.275 6.6
      vertex 14.275 12.4522 3.42694
    endloop
  endfacet
  facet normal -1 0 0
    outer loop
      vertex 14.275 12.3166 4.52241
      vertex 14.275 14.275 6.6
      vertex 14.275 12.3938 3.91856
    endloop
  endfacet
  facet normal -1 0 0
    outer loop
      vertex 14.275 12.3023 4.63492
      vertex 14.275 14.275 6.6
      vertex 14.275 12.3166 4.52241
    endloop
  endfacet
  facet normal -1 0 0
    outer loop
      vertex 14.275 12.2932 4.6997
      vertex 14.275 14.275 6.6
      vertex 14.275 12.3023 4.63492
    endloop
  endfacet
  facet normal -1 0 0
    outer loop
      vertex 14.275 12.2513 5
      vertex 14.275 14.275 6.6
      vertex 14.275 12.2932 4.6997
    endloop
  endfacet
  facet normal -1 0 0
    outer loop
      vertex 14.275 11.5487 5
      vertex 14.275 14.275 6.6
      vertex 14.275 12.2513 5
    endloop
  endfacet
  facet normal -1 0 0
    outer loop
      vertex 14.275 4.45223 3.42694
      vertex 14.275 11.3478 3.42694
      vertex 14.275 11.2851 2.90001
    endloop
  endfacet
  facet normal -1 0 0
    outer loop
      vertex 14.275 10.4434 0.799999
      vertex 14.275 11.1132 1.36856
      vertex 14.275 11.0522 0.799999
    endloop
  endfacet
  facet normal -1 0 0
    outer loop
      vertex 14.275 10.4434 0.799999
      vertex 14.275 11.2361 2.46301
      vertex 14.275 11.1132 1.36856
    endloop
  endfacet
  facet normal -1 0 0
    outer loop
      vertex 14.275 10.4434 0.799999
      vertex 14.275 11.2851 2.90001
      vertex 14.275 11.2361 2.46301
    endloop
  endfacet
  facet normal -1 0 0
    outer loop
      vertex 14.275 4.51488 2.90001
      vertex 14.275 11.2851 2.90001
      vertex 14.275 10.4434 0.799999
    endloop
  endfacet
  facet normal -1 0 0
    outer loop
      vertex 14.275 4.45223 3.42694
      vertex 14.275 11.2851 2.90001
      vertex 14.275 4.51488 2.90001
    endloop
  endfacet
  facet normal -1 0 0
    outer loop
      vertex 14.275 11.3478 3.42694
      vertex 14.275 4.45223 3.42694
      vertex 14.275 11.4062 3.91856
    endloop
  endfacet
  facet normal -1 0 0
    outer loop
      vertex 14.275 4.39377 3.91856
      vertex 14.275 11.4062 3.91856
      vertex 14.275 4.45223 3.42694
    endloop
  endfacet
  facet normal -1 0 0
    outer loop
      vertex 14.275 5.3566 0.799999
      vertex 14.275 10.4434 0.799999
      vertex 14.275 5.3566 0
    endloop
  endfacet
  facet normal -1 0 0
    outer loop
      vertex 14.275 4.51488 2.90001
      vertex 14.275 10.4434 0.799999
      vertex 14.275 5.3566 0.799999
    endloop
  endfacet
  facet normal -1 0 0
    outer loop
      vertex 14.275 4.71379 1.11661
      vertex 14.275 5.3566 0.799999
      vertex 14.275 4.74776 0.799999
    endloop
  endfacet
  facet normal -1 0 0
    outer loop
      vertex 14.275 4.68676 1.36856
      vertex 14.275 5.3566 0.799999
      vertex 14.275 4.71379 1.11661
    endloop
  endfacet
  facet normal -1 0 0
    outer loop
      vertex 14.275 4.64452 1.74493
      vertex 14.275 5.3566 0.799999
      vertex 14.275 4.68676 1.36856
    endloop
  endfacet
  facet normal -1 0 0
    outer loop
      vertex 14.275 4.51488 2.90001
      vertex 14.275 5.3566 0.799999
      vertex 14.275 4.64452 1.74493
    endloop
  endfacet
  facet normal -1 0 0
    outer loop
      vertex 14.275 11.4062 3.91856
      vertex 14.275 4.39377 3.91856
      vertex 14.275 11.4834 4.52241
    endloop
  endfacet
  facet normal -1 0 0
    outer loop
      vertex 14.275 4.31664 4.52241
      vertex 14.275 11.4834 4.52241
      vertex 14.275 4.39377 3.91856
    endloop
  endfacet
  facet normal -1 0 0
    outer loop
      vertex 14.275 11.4834 4.52241
      vertex 14.275 4.31664 4.52241
      vertex 14.275 11.4977 4.63492
    endloop
  endfacet
  facet normal -1 0 0
    outer loop
      vertex 14.275 4.30226 4.63492
      vertex 14.275 11.4977 4.63492
      vertex 14.275 4.31664 4.52241
    endloop
  endfacet
  facet normal -1 0 0
    outer loop
      vertex 14.275 4.29323 4.6997
      vertex 14.275 11.4977 4.63492
      vertex 14.275 4.30226 4.63492
    endloop
  endfacet
  facet normal -1 0 0
    outer loop
      vertex 14.275 11.4977 4.63492
      vertex 14.275 4.29323 4.6997
      vertex 14.275 11.5487 5
    endloop
  endfacet
  facet normal -1 0 0
    outer loop
      vertex 14.275 4.25133 5
      vertex 14.275 11.5487 5
      vertex 14.275 4.29323 4.6997
    endloop
  endfacet
  facet normal -1 0 0
    outer loop
      vertex 14.275 11.5487 5
      vertex 14.275 4.25133 5
      vertex 14.275 14.275 6.6
    endloop
  endfacet
  facet normal -1 0 0
    outer loop
      vertex 14.275 1.525 6.6
      vertex 14.275 4.25133 5
      vertex 14.275 3.54867 5
    endloop
  endfacet
  facet normal -1 0 0
    outer loop
      vertex 14.275 2.44339 0.799999
      vertex 14.275 3.11324 1.36856
      vertex 14.275 3.05224 0.799999
    endloop
  endfacet
  facet normal -1 0 0
    outer loop
      vertex 14.275 2.44339 0.799999
      vertex 14.275 3.23607 2.46301
      vertex 14.275 3.11324 1.36856
    endloop
  endfacet
  facet normal -1 0 0
    outer loop
      vertex 14.275 2.44339 0.799999
      vertex 14.275 3.28512 2.90001
      vertex 14.275 3.23607 2.46301
    endloop
  endfacet
  facet normal -1 0 0
    outer loop
      vertex 14.275 1.525 0
      vertex 14.275 3.28512 2.90001
      vertex 14.275 2.44339 0.799999
    endloop
  endfacet
  facet normal -1 0 0
    outer loop
      vertex 14.275 3.28512 2.90001
      vertex 14.275 1.525 6.6
      vertex 14.275 3.34777 3.42694
    endloop
  endfacet
  facet normal -1 0 0
    outer loop
      vertex 14.275 3.34777 3.42694
      vertex 14.275 1.525 6.6
      vertex 14.275 3.40622 3.91856
    endloop
  endfacet
  facet normal -1 0 0
    outer loop
      vertex 14.275 3.40622 3.91856
      vertex 14.275 1.525 6.6
      vertex 14.275 3.48336 4.52241
    endloop
  endfacet
  facet normal -1 0 0
    outer loop
      vertex 14.275 3.48336 4.52241
      vertex 14.275 1.525 6.6
      vertex 14.275 3.49774 4.63492
    endloop
  endfacet
  facet normal -1 -0 0
    outer loop
      vertex 14.275 3.28512 2.90001
      vertex 14.275 1.525 0
      vertex 14.275 1.525 6.6
    endloop
  endfacet
  facet normal -1 0 0
    outer loop
      vertex 14.275 4.25133 5
      vertex 14.275 1.525 6.6
      vertex 14.275 14.275 6.6
    endloop
  endfacet
  facet normal -1 0 0
    outer loop
      vertex 14.275 3.49774 4.63492
      vertex 14.275 1.525 6.6
      vertex 14.275 3.54867 5
    endloop
  endfacet
  facet normal 0 -1 0
    outer loop
      vertex 5.35659 14.275 0
      vertex 10.443 14.275 0.799999
      vertex 5.35659 14.275 0.799999
    endloop
  endfacet
  facet normal 0 -1 -0
    outer loop
      vertex 10.443 14.275 0.799999
      vertex 5.35659 14.275 0
      vertex 10.443 14.275 0
    endloop
  endfacet
  facet normal 0 -1 0
    outer loop
      vertex 4.25184 14.275 5
      vertex 11.5174 14.275 4.78074
      vertex 11.5488 14.275 5
    endloop
  endfacet
  facet normal 0 -1 0
    outer loop
      vertex 4.32307 14.275 4.47718
      vertex 11.5174 14.275 4.78074
      vertex 4.25184 14.275 5
    endloop
  endfacet
  facet normal 0 -1 0
    outer loop
      vertex 4.32307 14.275 4.47718
      vertex 11.4545 14.275 4.29815
      vertex 11.5174 14.275 4.78074
    endloop
  endfacet
  facet normal 0 -1 0
    outer loop
      vertex 4.32307 14.275 4.47718
      vertex 11.4313 14.275 4.12061
      vertex 11.4545 14.275 4.29815
    endloop
  endfacet
  facet normal 0 -1 0
    outer loop
      vertex 4.38479 14.275 3.98458
      vertex 11.4313 14.275 4.12061
      vertex 4.32307 14.275 4.47718
    endloop
  endfacet
  facet normal 0 -1 0
    outer loop
      vertex 4.42069 14.275 3.69809
      vertex 11.4313 14.275 4.12061
      vertex 4.38479 14.275 3.98458
    endloop
  endfacet
  facet normal 0 -1 0
    outer loop
      vertex 4.42069 14.275 3.69809
      vertex 11.3191 14.275 3.19187
      vertex 11.4313 14.275 4.12061
    endloop
  endfacet
  facet normal 0 -1 0
    outer loop
      vertex 4.48663 14.275 3.13474
      vertex 11.3191 14.275 3.19187
      vertex 4.42069 14.275 3.69809
    endloop
  endfacet
  facet normal 0 -1 0
    outer loop
      vertex 4.55189 14.275 2.57716
      vertex 11.3191 14.275 3.19187
      vertex 4.48663 14.275 3.13474
    endloop
  endfacet
  facet normal 0 -1 0
    outer loop
      vertex 10.443 14.275 0.799999
      vertex 11.3191 14.275 3.19187
      vertex 4.55189 14.275 2.57716
    endloop
  endfacet
  facet normal 0 -1 0
    outer loop
      vertex 11.3191 14.275 3.19187
      vertex 10.443 14.275 0.799999
      vertex 11.1628 14.275 1.81809
    endloop
  endfacet
  facet normal 0 -1 0
    outer loop
      vertex 5.35659 14.275 0.799999
      vertex 4.55189 14.275 2.57716
      vertex 4.74216 14.275 0.860758
    endloop
  endfacet
  facet normal 0 -1 0
    outer loop
      vertex 5.35659 14.275 0.799999
      vertex 4.74216 14.275 0.860758
      vertex 4.74862 14.275 0.799999
    endloop
  endfacet
  facet normal 0 -1 0
    outer loop
      vertex 10.443 14.275 0.799999
      vertex 4.55189 14.275 2.57716
      vertex 5.35659 14.275 0.799999
    endloop
  endfacet
  facet normal 0 -1 0
    outer loop
      vertex 11.1628 14.275 1.81809
      vertex 10.443 14.275 0.799999
      vertex 11.1284 14.275 1.50042
    endloop
  endfacet
  facet normal 0 -1 0
    outer loop
      vertex 11.1284 14.275 1.50042
      vertex 10.443 14.275 0.799999
      vertex 11.0525 14.275 0.799999
    endloop
  endfacet
  facet normal 0 -1 0
    outer loop
      vertex 4.25184 14.275 5
      vertex 1.525 14.275 6.6
      vertex 3.54876 14.275 5
    endloop
  endfacet
  facet normal 0 -1 0
    outer loop
      vertex 1.525 14.275 6.6
      vertex 3.5174 14.275 4.78074
      vertex 3.54876 14.275 5
    endloop
  endfacet
  facet normal 0 -1 0
    outer loop
      vertex 1.525 14.275 6.6
      vertex 3.45448 14.275 4.29815
      vertex 3.5174 14.275 4.78074
    endloop
  endfacet
  facet normal 0 -1 0
    outer loop
      vertex 1.525 14.275 6.6
      vertex 3.43133 14.275 4.12061
      vertex 3.45448 14.275 4.29815
    endloop
  endfacet
  facet normal 0 -1 0
    outer loop
      vertex 1.525 14.275 6.6
      vertex 3.31907 14.275 3.19187
      vertex 3.43133 14.275 4.12061
    endloop
  endfacet
  facet normal 0 -1 0
    outer loop
      vertex 1.525 14.275 0
      vertex 3.31907 14.275 3.19187
      vertex 1.525 14.275 6.6
    endloop
  endfacet
  facet normal 0 -1 0
    outer loop
      vertex 3.31907 14.275 3.19187
      vertex 2.44295 14.275 0.799999
      vertex 3.16284 14.275 1.81809
    endloop
  endfacet
  facet normal 0 -1 0
    outer loop
      vertex 3.16284 14.275 1.81809
      vertex 2.44295 14.275 0.799999
      vertex 3.1284 14.275 1.50042
    endloop
  endfacet
  facet normal 0 -1 0
    outer loop
      vertex 3.31907 14.275 3.19187
      vertex 1.525 14.275 0
      vertex 2.44295 14.275 0.799999
    endloop
  endfacet
  facet normal 0 -1 -0
    outer loop
      vertex 2.44295 14.275 0.799999
      vertex 1.525 14.275 0
      vertex 2.44295 14.275 0
    endloop
  endfacet
  facet normal 0 -1 0
    outer loop
      vertex 1.525 14.275 6.6
      vertex 4.25184 14.275 5
      vertex 14.275 14.275 6.6
    endloop
  endfacet
  facet normal 0 -1 0
    outer loop
      vertex 11.5488 14.275 5
      vertex 14.275 14.275 6.6
      vertex 4.25184 14.275 5
    endloop
  endfacet
  facet normal 0 -1 0
    outer loop
      vertex 12.2518 14.275 5
      vertex 14.275 14.275 6.6
      vertex 11.5488 14.275 5
    endloop
  endfacet
  facet normal 0 -1 0
    outer loop
      vertex 12.3231 14.275 4.47718
      vertex 14.275 14.275 6.6
      vertex 12.2518 14.275 5
    endloop
  endfacet
  facet normal 0 -1 0
    outer loop
      vertex 12.3848 14.275 3.98458
      vertex 14.275 14.275 6.6
      vertex 12.3231 14.275 4.47718
    endloop
  endfacet
  facet normal 0 -1 0
    outer loop
      vertex 12.4207 14.275 3.69809
      vertex 14.275 14.275 6.6
      vertex 12.3848 14.275 3.98458
    endloop
  endfacet
  facet normal 0 -1 0
    outer loop
      vertex 12.4866 14.275 3.13474
      vertex 14.275 14.275 6.6
      vertex 12.4207 14.275 3.69809
    endloop
  endfacet
  facet normal 0 -1 0
    outer loop
      vertex 12.5519 14.275 2.57716
      vertex 14.275 14.275 6.6
      vertex 12.4866 14.275 3.13474
    endloop
  endfacet
  facet normal 0 -1 0
    outer loop
      vertex 13.3566 14.275 0.799999
      vertex 12.5519 14.275 2.57716
      vertex 12.7422 14.275 0.860758
    endloop
  endfacet
  facet normal 0 -1 0
    outer loop
      vertex 13.3566 14.275 0.799999
      vertex 12.7422 14.275 0.860758
      vertex 12.7486 14.275 0.799999
    endloop
  endfacet
  facet normal 0 -1 0
    outer loop
      vertex 14.275 14.275 0
      vertex 12.5519 14.275 2.57716
      vertex 13.3566 14.275 0.799999
    endloop
  endfacet
  facet normal 0 -1 0
    outer loop
      vertex 14.275 14.275 0
      vertex 13.3566 14.275 0.799999
      vertex 13.3566 14.275 0
    endloop
  endfacet
  facet normal 0 -1 0
    outer loop
      vertex 12.5519 14.275 2.57716
      vertex 14.275 14.275 0
      vertex 14.275 14.275 6.6
    endloop
  endfacet
  facet normal 0 -1 0
    outer loop
      vertex 3.1284 14.275 1.50042
      vertex 2.44295 14.275 0.799999
      vertex 3.05249 14.275 0.799999
    endloop
  endfacet
  facet normal 0 1 -0
    outer loop
      vertex 10.443 1.525 0
      vertex 5.35659 1.525 0.799999
      vertex 10.443 1.525 0.799999
    endloop
  endfacet
  facet normal 0 1 0
    outer loop
      vertex 5.35659 1.525 0.799999
      vertex 10.443 1.525 0
      vertex 5.35659 1.525 0
    endloop
  endfacet
  facet normal 0 1 -0
    outer loop
      vertex 11.5174 1.525 4.78074
      vertex 4.25184 1.525 5
      vertex 11.5488 1.525 5
    endloop
  endfacet
  facet normal 0 1 0
    outer loop
      vertex 11.5174 1.525 4.78074
      vertex 4.32307 1.525 4.47718
      vertex 4.25184 1.525 5
    endloop
  endfacet
  facet normal 0 1 -0
    outer loop
      vertex 11.4545 1.525 4.29815
      vertex 4.32307 1.525 4.47718
      vertex 11.5174 1.525 4.78074
    endloop
  endfacet
  facet normal 0 1 -0
    outer loop
      vertex 11.4313 1.525 4.12061
      vertex 4.32307 1.525 4.47718
      vertex 11.4545 1.525 4.29815
    endloop
  endfacet
  facet normal 0 1 0
    outer loop
      vertex 11.4313 1.525 4.12061
      vertex 4.42069 1.525 3.69807
      vertex 4.32307 1.525 4.47718
    endloop
  endfacet
  facet normal 0 1 -0
    outer loop
      vertex 11.3191 1.525 3.19187
      vertex 4.42069 1.525 3.69807
      vertex 11.4313 1.525 4.12061
    endloop
  endfacet
  facet normal 0 1 0
    outer loop
      vertex 11.3191 1.525 3.19187
      vertex 4.55189 1.525 2.57716
      vertex 4.42069 1.525 3.69807
    endloop
  endfacet
  facet normal 0 1 -0
    outer loop
      vertex 11.2151 1.525 2.27768
      vertex 4.55189 1.525 2.57716
      vertex 11.3191 1.525 3.19187
    endloop
  endfacet
  facet normal 0 1 0
    outer loop
      vertex 10.443 1.525 0.799999
      vertex 11.2151 1.525 2.27768
      vertex 11.1628 1.525 1.81807
    endloop
  endfacet
  facet normal 0 1 0
    outer loop
      vertex 10.443 1.525 0.799999
      vertex 11.1628 1.525 1.81807
      vertex 11.1284 1.525 1.5004
    endloop
  endfacet
  facet normal 0 1 0
    outer loop
      vertex 11.2151 1.525 2.27768
      vertex 10.443 1.525 0.799999
      vertex 4.55189 1.525 2.57716
    endloop
  endfacet
  facet normal 0 1 0
    outer loop
      vertex 10.443 1.525 0.799999
      vertex 11.1284 1.525 1.5004
      vertex 11.0525 1.525 0.799999
    endloop
  endfacet
  facet normal 0 1 0
    outer loop
      vertex 4.55189 1.525 2.57716
      vertex 10.443 1.525 0.799999
      vertex 5.35659 1.525 0.799999
    endloop
  endfacet
  facet normal 0 1 0
    outer loop
      vertex 4.55189 1.525 2.57716
      vertex 5.35659 1.525 0.799999
      vertex 4.74216 1.525 0.860758
    endloop
  endfacet
  facet normal 0 1 0
    outer loop
      vertex 4.74216 1.525 0.860758
      vertex 5.35659 1.525 0.799999
      vertex 4.74862 1.525 0.799999
    endloop
  endfacet
  facet normal 0 1 0
    outer loop
      vertex 11.5488 1.525 5
      vertex 14.275 1.525 6.6
      vertex 12.2518 1.525 5
    endloop
  endfacet
  facet normal 0 1 0
    outer loop
      vertex 14.275 1.525 6.6
      vertex 12.3231 1.525 4.47718
      vertex 12.2518 1.525 5
    endloop
  endfacet
  facet normal 0 1 0
    outer loop
      vertex 14.275 1.525 6.6
      vertex 12.4207 1.525 3.69807
      vertex 12.3231 1.525 4.47718
    endloop
  endfacet
  facet normal 0 1 0
    outer loop
      vertex 14.275 1.525 6.6
      vertex 12.5519 1.525 2.57716
      vertex 12.4207 1.525 3.69807
    endloop
  endfacet
  facet normal 0 1 -0
    outer loop
      vertex 14.275 1.525 0
      vertex 12.5519 1.525 2.57716
      vertex 14.275 1.525 6.6
    endloop
  endfacet
  facet normal 0 1 0
    outer loop
      vertex 12.5519 1.525 2.57716
      vertex 13.3566 1.525 0.799999
      vertex 12.7422 1.525 0.860758
    endloop
  endfacet
  facet normal 0 1 0
    outer loop
      vertex 12.5519 1.525 2.57716
      vertex 14.275 1.525 0
      vertex 13.3566 1.525 0.799999
    endloop
  endfacet
  facet normal 0 1 0
    outer loop
      vertex 13.3566 1.525 0.799999
      vertex 14.275 1.525 0
      vertex 13.3566 1.525 0
    endloop
  endfacet
  facet normal 0 1 0
    outer loop
      vertex 14.275 1.525 6.6
      vertex 11.5488 1.525 5
      vertex 1.525 1.525 6.6
    endloop
  endfacet
  facet normal 0 1 -0
    outer loop
      vertex 4.25184 1.525 5
      vertex 1.525 1.525 6.6
      vertex 11.5488 1.525 5
    endloop
  endfacet
  facet normal 0 1 -0
    outer loop
      vertex 3.54876 1.525 5
      vertex 1.525 1.525 6.6
      vertex 4.25184 1.525 5
    endloop
  endfacet
  facet normal 0 1 -0
    outer loop
      vertex 3.5174 1.525 4.78074
      vertex 1.525 1.525 6.6
      vertex 3.54876 1.525 5
    endloop
  endfacet
  facet normal 0 1 -0
    outer loop
      vertex 3.45448 1.525 4.29815
      vertex 1.525 1.525 6.6
      vertex 3.5174 1.525 4.78074
    endloop
  endfacet
  facet normal 0 1 -0
    outer loop
      vertex 3.43133 1.525 4.12061
      vertex 1.525 1.525 6.6
      vertex 3.45448 1.525 4.29815
    endloop
  endfacet
  facet normal 0 1 -0
    outer loop
      vertex 3.31907 1.525 3.19187
      vertex 1.525 1.525 6.6
      vertex 3.43133 1.525 4.12061
    endloop
  endfacet
  facet normal 0 1 0
    outer loop
      vertex 2.44295 1.525 0.799999
      vertex 3.31907 1.525 3.19187
      vertex 3.2151 1.525 2.27768
    endloop
  endfacet
  facet normal 0 1 0
    outer loop
      vertex 2.44295 1.525 0.799999
      vertex 3.2151 1.525 2.27768
      vertex 3.16283 1.525 1.81807
    endloop
  endfacet
  facet normal 0 1 0
    outer loop
      vertex 2.44295 1.525 0.799999
      vertex 3.16283 1.525 1.81807
      vertex 3.1284 1.525 1.5004
    endloop
  endfacet
  facet normal 0 1 0
    outer loop
      vertex 2.44295 1.525 0.799999
      vertex 3.1284 1.525 1.5004
      vertex 3.05249 1.525 0.799999
    endloop
  endfacet
  facet normal 0 1 0
    outer loop
      vertex 1.525 1.525 0
      vertex 3.31907 1.525 3.19187
      vertex 2.44295 1.525 0.799999
    endloop
  endfacet
  facet normal 0 1 0
    outer loop
      vertex 1.525 1.525 0
      vertex 2.44295 1.525 0.799999
      vertex 2.44295 1.525 0
    endloop
  endfacet
  facet normal 0 1 0
    outer loop
      vertex 3.31907 1.525 3.19187
      vertex 1.525 1.525 0
      vertex 1.525 1.525 6.6
    endloop
  endfacet
  facet normal 0 1 0
    outer loop
      vertex 12.7422 1.525 0.860758
      vertex 13.3566 1.525 0.799999
      vertex 12.7486 1.525 0.799999
    endloop
  endfacet
  facet normal 0.879482 0.475932 0
    outer loop
      vertex 2.51209 4.56991 0.799999
      vertex 2.46488 4.65715 0
      vertex 2.46488 4.65715 0.799999
    endloop
  endfacet
  facet normal 0.879482 0.475932 0
    outer loop
      vertex 2.46488 4.65715 0
      vertex 2.51209 4.56991 0.799999
      vertex 2.51209 4.56991 0
    endloop
  endfacet
  facet normal 0.340229 0.940343 -0
    outer loop
      vertex 1.7268 5.29283 0
      vertex 1.63352 5.32658 0.799999
      vertex 1.7268 5.29283 0.799999
    endloop
  endfacet
  facet normal 0.340229 0.940343 0
    outer loop
      vertex 1.63352 5.32658 0.799999
      vertex 1.7268 5.29283 0
      vertex 1.63352 5.32658 0
    endloop
  endfacet
  facet normal 0.84609 0.533041 0
    outer loop
      vertex 2.46488 4.65715 0.799999
      vertex 2.41201 4.74107 0
      vertex 2.41201 4.74107 0.799999
    endloop
  endfacet
  facet normal 0.84609 0.533041 0
    outer loop
      vertex 2.41201 4.74107 0
      vertex 2.46488 4.65715 0.799999
      vertex 2.46488 4.65715 0
    endloop
  endfacet
  facet normal 0.956058 -0.293179 0
    outer loop
      vertex 2.58873 3.41295 0.799999
      vertex 2.61781 3.50778 0
      vertex 2.61781 3.50778 0.799999
    endloop
  endfacet
  facet normal 0.956058 -0.293179 0
    outer loop
      vertex 2.61781 3.50778 0
      vertex 2.58873 3.41295 0.799999
      vertex 2.58873 3.41295 0
    endloop
  endfacet
  facet normal 0.934536 -0.35587 0
    outer loop
      vertex 2.55343 3.32025 0.799999
      vertex 2.58873 3.41295 0
      vertex 2.58873 3.41295 0.799999
    endloop
  endfacet
  facet normal 0.934536 -0.35587 0
    outer loop
      vertex 2.58873 3.41295 0
      vertex 2.55343 3.32025 0.799999
      vertex 2.55343 3.32025 0
    endloop
  endfacet
  facet normal 0.461353 -0.887217 0
    outer loop
      vertex 1.81763 2.54701 0
      vertex 1.90563 2.59277 0.799999
      vertex 1.81763 2.54701 0.799999
    endloop
  endfacet
  facet normal 0.461353 -0.887217 0
    outer loop
      vertex 1.90563 2.59277 0.799999
      vertex 1.81763 2.54701 0
      vertex 1.90563 2.59277 0
    endloop
  endfacet
  facet normal 0.986353 0.164644 0
    outer loop
      vertex 2.6569 4.09784 0.799999
      vertex 2.64057 4.19567 0
      vertex 2.64057 4.19567 0.799999
    endloop
  endfacet
  facet normal 0.986353 0.164644 0
    outer loop
      vertex 2.64057 4.19567 0
      vertex 2.6569 4.09784 0.799999
      vertex 2.6569 4.09784 0
    endloop
  endfacet
  facet normal 0.973322 0.229444 0
    outer loop
      vertex 2.64057 4.19567 0.799999
      vertex 2.61781 4.29222 0
      vertex 2.61781 4.29222 0.799999
    endloop
  endfacet
  facet normal 0.973322 0.229444 0
    outer loop
      vertex 2.61781 4.29222 0
      vertex 2.64057 4.19567 0.799999
      vertex 2.64057 4.19567 0
    endloop
  endfacet
  facet normal 0.809041 0.587752 0
    outer loop
      vertex 2.41201 4.74107 0.799999
      vertex 2.35371 4.82132 0
      vertex 2.35371 4.82132 0.799999
    endloop
  endfacet
  facet normal 0.809041 0.587752 0
    outer loop
      vertex 2.35371 4.82132 0
      vertex 2.41201 4.74107 0.799999
      vertex 2.41201 4.74107 0
    endloop
  endfacet
  facet normal 0.677266 0.735738 -0
    outer loop
      vertex 2.22186 4.96939 0
      vertex 2.14888 5.03657 0.799999
      vertex 2.22186 4.96939 0.799999
    endloop
  endfacet
  facet normal 0.677266 0.735738 0
    outer loop
      vertex 2.14888 5.03657 0.799999
      vertex 2.22186 4.96939 0
      vertex 2.14888 5.03657 0
    endloop
  endfacet
  facet normal 0.724433 0.689345 0
    outer loop
      vertex 2.29023 4.89754 0.799999
      vertex 2.22186 4.96939 0
      vertex 2.22186 4.96939 0.799999
    endloop
  endfacet
  facet normal 0.724433 0.689345 0
    outer loop
      vertex 2.22186 4.96939 0
      vertex 2.29023 4.89754 0.799999
      vertex 2.29023 4.89754 0
    endloop
  endfacet
  facet normal 0.277463 0.960736 -0
    outer loop
      vertex 1.63352 5.32658 0
      vertex 1.53823 5.3541 0.799999
      vertex 1.63352 5.32658 0.799999
    endloop
  endfacet
  facet normal 0.277463 0.960736 0
    outer loop
      vertex 1.53823 5.3541 0.799999
      vertex 1.63352 5.32658 0
      vertex 1.53823 5.3541 0
    endloop
  endfacet
  facet normal 0.627163 0.778888 -0
    outer loop
      vertex 2.14888 5.03657 0
      vertex 2.07162 5.09878 0.799999
      vertex 2.14888 5.03657 0.799999
    endloop
  endfacet
  facet normal 0.627163 0.778888 0
    outer loop
      vertex 2.07162 5.09878 0.799999
      vertex 2.14888 5.03657 0
      vertex 2.07162 5.09878 0
    endloop
  endfacet
  facet normal 0.401681 0.91578 -0
    outer loop
      vertex 1.81763 5.25299 0
      vertex 1.7268 5.29283 0.799999
      vertex 1.81763 5.25299 0.799999
    endloop
  endfacet
  facet normal 0.401681 0.91578 0
    outer loop
      vertex 1.7268 5.29283 0.799999
      vertex 1.81763 5.25299 0
      vertex 1.7268 5.29283 0
    endloop
  endfacet
  facet normal 0.999453 -0.0330664 0
    outer loop
      vertex 2.66672 3.80086 0.799999
      vertex 2.67 3.9 0
      vertex 2.67 3.9 0.799999
    endloop
  endfacet
  facet normal 0.999453 -0.0330664 0
    outer loop
      vertex 2.67 3.9 0
      vertex 2.66672 3.80086 0.799999
      vertex 2.66672 3.80086 0
    endloop
  endfacet
  facet normal 0.909001 0.416794 0
    outer loop
      vertex 2.55343 4.47975 0.799999
      vertex 2.51209 4.56991 0
      vertex 2.51209 4.56991 0.799999
    endloop
  endfacet
  facet normal 0.909001 0.416794 0
    outer loop
      vertex 2.51209 4.56991 0
      vertex 2.55343 4.47975 0.799999
      vertex 2.55343 4.47975 0
    endloop
  endfacet
  facet normal 0.934536 0.35587 0
    outer loop
      vertex 2.58873 4.38705 0.799999
      vertex 2.55343 4.47975 0
      vertex 2.55343 4.47975 0.799999
    endloop
  endfacet
  facet normal 0.934536 0.35587 0
    outer loop
      vertex 2.55343 4.47975 0
      vertex 2.58873 4.38705 0.799999
      vertex 2.58873 4.38705 0
    endloop
  endfacet
  facet normal 0.213411 0.976963 -0
    outer loop
      vertex 1.53823 5.3541 0
      vertex 1.525 5.35699 0.799999
      vertex 1.53823 5.3541 0.799999
    endloop
  endfacet
  facet normal 0.213411 0.976963 0
    outer loop
      vertex 1.525 5.35699 0.799999
      vertex 1.53823 5.3541 0
      vertex 1.525 5.35699 0
    endloop
  endfacet
  facet normal 0.461353 0.887217 -0
    outer loop
      vertex 1.90563 5.20723 0
      vertex 1.81763 5.25299 0.799999
      vertex 1.90563 5.20723 0.799999
    endloop
  endfacet
  facet normal 0.461353 0.887217 0
    outer loop
      vertex 1.81763 5.25299 0.799999
      vertex 1.90563 5.20723 0
      vertex 1.81763 5.25299 0
    endloop
  endfacet
  facet normal 0.574342 0.818616 -0
    outer loop
      vertex 2.07162 5.09878 0
      vertex 1.99042 5.15575 0.799999
      vertex 2.07162 5.09878 0.799999
    endloop
  endfacet
  facet normal 0.574342 0.818616 0
    outer loop
      vertex 1.99042 5.15575 0.799999
      vertex 2.07162 5.09878 0
      vertex 1.99042 5.15575 0
    endloop
  endfacet
  facet normal 0.518981 0.854786 -0
    outer loop
      vertex 1.99042 5.15575 0
      vertex 1.90563 5.20723 0.799999
      vertex 1.99042 5.15575 0.799999
    endloop
  endfacet
  facet normal 0.518981 0.854786 0
    outer loop
      vertex 1.90563 5.20723 0.799999
      vertex 1.99042 5.15575 0
      vertex 1.90563 5.20723 0
    endloop
  endfacet
  facet normal 0.999453 0.0330664 0
    outer loop
      vertex 2.67 3.9 0.799999
      vertex 2.66672 3.99914 0
      vertex 2.66672 3.99914 0.799999
    endloop
  endfacet
  facet normal 0.999453 0.0330664 0
    outer loop
      vertex 2.66672 3.99914 0
      vertex 2.67 3.9 0.799999
      vertex 2.67 3.9 0
    endloop
  endfacet
  facet normal 0.973317 -0.229466 0
    outer loop
      vertex 2.61781 3.50778 0.799999
      vertex 2.64057 3.60432 0
      vertex 2.64057 3.60432 0.799999
    endloop
  endfacet
  facet normal 0.973317 -0.229466 0
    outer loop
      vertex 2.64057 3.60432 0
      vertex 2.61781 3.50778 0.799999
      vertex 2.61781 3.50778 0
    endloop
  endfacet
  facet normal 0.986356 -0.164628 0
    outer loop
      vertex 2.64057 3.60432 0.799999
      vertex 2.6569 3.70216 0
      vertex 2.6569 3.70216 0.799999
    endloop
  endfacet
  facet normal 0.986356 -0.164628 0
    outer loop
      vertex 2.6569 3.70216 0
      vertex 2.64057 3.60432 0.799999
      vertex 2.64057 3.60432 0
    endloop
  endfacet
  facet normal 0.340318 -0.94031 0
    outer loop
      vertex 1.63352 2.47341 0
      vertex 1.7268 2.50717 0.799999
      vertex 1.63352 2.47341 0.799999
    endloop
  endfacet
  facet normal 0.340318 -0.94031 0
    outer loop
      vertex 1.7268 2.50717 0.799999
      vertex 1.63352 2.47341 0
      vertex 1.7268 2.50717 0
    endloop
  endfacet
  facet normal 0.956058 0.293179 0
    outer loop
      vertex 2.61781 4.29222 0.799999
      vertex 2.58873 4.38705 0
      vertex 2.58873 4.38705 0.799999
    endloop
  endfacet
  facet normal 0.956058 0.293179 0
    outer loop
      vertex 2.58873 4.38705 0
      vertex 2.61781 4.29222 0.799999
      vertex 2.61781 4.29222 0
    endloop
  endfacet
  facet normal 0.995087 0.0990046 0
    outer loop
      vertex 2.66672 3.99914 0.799999
      vertex 2.6569 4.09784 0
      vertex 2.6569 4.09784 0.799999
    endloop
  endfacet
  facet normal 0.995087 0.0990046 0
    outer loop
      vertex 2.6569 4.09784 0
      vertex 2.66672 3.99914 0.799999
      vertex 2.66672 3.99914 0
    endloop
  endfacet
  facet normal 0.768403 0.639966 0
    outer loop
      vertex 2.35371 4.82132 0.799999
      vertex 2.29023 4.89754 0
      vertex 2.29023 4.89754 0.799999
    endloop
  endfacet
  facet normal 0.768403 0.639966 0
    outer loop
      vertex 2.29023 4.89754 0
      vertex 2.35371 4.82132 0.799999
      vertex 2.35371 4.82132 0
    endloop
  endfacet
  facet normal 0 0 1
    outer loop
      vertex 2.09 3.9 0.799999
      vertex 2.67 3.9 0.799999
      vertex 2.66672 3.99914 0.799999
    endloop
  endfacet
  facet normal 0 0 1
    outer loop
      vertex 2.08543 3.9916 0.799999
      vertex 2.66672 3.99914 0.799999
      vertex 2.6569 4.09784 0.799999
    endloop
  endfacet
  facet normal 0 0 1
    outer loop
      vertex 2.67 3.9 0.799999
      vertex 2.09 3.9 0.799999
      vertex 2.66672 3.80086 0.799999
    endloop
  endfacet
  facet normal 0 0 1
    outer loop
      vertex 2.07176 4.08229 0.799999
      vertex 2.6569 4.09784 0.799999
      vertex 2.64057 4.19567 0.799999
    endloop
  endfacet
  facet normal -0 0 1
    outer loop
      vertex 2.08583 3.81636 0.799999
      vertex 2.66672 3.80086 0.799999
      vertex 2.09 3.9 0.799999
    endloop
  endfacet
  facet normal 0 0 1
    outer loop
      vertex 2.06979 4.09002 0.799999
      vertex 2.64057 4.19567 0.799999
      vertex 2.61781 4.29222 0.799999
    endloop
  endfacet
  facet normal -0 0 1
    outer loop
      vertex 2.08543 3.8084 0.799999
      vertex 2.66672 3.80086 0.799999
      vertex 2.08583 3.81636 0.799999
    endloop
  endfacet
  facet normal 0 0 1
    outer loop
      vertex 2.04913 4.17117 0.799999
      vertex 2.61781 4.29222 0.799999
      vertex 2.58873 4.38705 0.799999
    endloop
  endfacet
  facet normal 0 0 1
    outer loop
      vertex 2.66672 3.80086 0.799999
      vertex 2.08543 3.8084 0.799999
      vertex 2.6569 3.70216 0.799999
    endloop
  endfacet
  facet normal 0 0 1
    outer loop
      vertex 2.02049 4.24987 0.799999
      vertex 2.58873 4.38705 0.799999
      vertex 2.55343 4.47975 0.799999
    endloop
  endfacet
  facet normal -0 0 1
    outer loop
      vertex 2.08424 3.80051 0.799999
      vertex 2.6569 3.70216 0.799999
      vertex 2.08543 3.8084 0.799999
    endloop
  endfacet
  facet normal 0 0 1
    outer loop
      vertex 2.01776 4.25736 0.799999
      vertex 2.55343 4.47975 0.799999
      vertex 2.51209 4.56991 0.799999
    endloop
  endfacet
  facet normal -0 0 1
    outer loop
      vertex 2.07176 3.71771 0.799999
      vertex 2.6569 3.70216 0.799999
      vertex 2.08424 3.80051 0.799999
    endloop
  endfacet
  facet normal 0 0 1
    outer loop
      vertex 1.97796 4.33999 0.799999
      vertex 2.51209 4.56991 0.799999
      vertex 2.46488 4.65715 0.799999
    endloop
  endfacet
  facet normal 0 0 1
    outer loop
      vertex 2.6569 3.70216 0.799999
      vertex 2.07176 3.71771 0.799999
      vertex 2.64057 3.60432 0.799999
    endloop
  endfacet
  facet normal 0 0 1
    outer loop
      vertex 1.9343 4.41145 0.799999
      vertex 2.46488 4.65715 0.799999
      vertex 2.41201 4.74107 0.799999
    endloop
  endfacet
  facet normal -0 0 1
    outer loop
      vertex 2.06979 3.70998 0.799999
      vertex 2.64057 3.60432 0.799999
      vertex 2.07176 3.71771 0.799999
    endloop
  endfacet
  facet normal 0 0 1
    outer loop
      vertex 1.92532 4.42461 0.799999
      vertex 2.41201 4.74107 0.799999
      vertex 2.35371 4.82132 0.799999
    endloop
  endfacet
  facet normal 0 0 1
    outer loop
      vertex 2.64057 3.60432 0.799999
      vertex 2.06979 3.70998 0.799999
      vertex 2.61781 3.50778 0.799999
    endloop
  endfacet
  facet normal 0 0 1
    outer loop
      vertex 1.87476 4.49136 0.799999
      vertex 2.35371 4.82132 0.799999
      vertex 2.29023 4.89754 0.799999
    endloop
  endfacet
  facet normal -0 0 1
    outer loop
      vertex 2.04913 3.62882 0.799999
      vertex 2.61781 3.50778 0.799999
      vertex 2.06979 3.70998 0.799999
    endloop
  endfacet
  facet normal 0 0 1
    outer loop
      vertex 1.81238 4.5586 0.799999
      vertex 2.29023 4.89754 0.799999
      vertex 2.22186 4.96939 0.799999
    endloop
  endfacet
  facet normal 0 0 1
    outer loop
      vertex 2.61781 3.50778 0.799999
      vertex 2.04913 3.62882 0.799999
      vertex 2.58873 3.41295 0.799999
    endloop
  endfacet
  facet normal 0 0 1
    outer loop
      vertex 1.8064 4.56387 0.799999
      vertex 2.22186 4.96939 0.799999
      vertex 2.14888 5.03657 0.799999
    endloop
  endfacet
  facet normal -0 0 1
    outer loop
      vertex 2.02049 3.55013 0.799999
      vertex 2.58873 3.41295 0.799999
      vertex 2.04913 3.62882 0.799999
    endloop
  endfacet
  facet normal 0 0 1
    outer loop
      vertex 2.58873 3.41295 0.799999
      vertex 2.02049 3.55013 0.799999
      vertex 2.55343 3.32025 0.799999
    endloop
  endfacet
  facet normal 0 0 1
    outer loop
      vertex 2.66672 3.99914 0.799999
      vertex 2.08543 3.9916 0.799999
      vertex 2.09 3.9 0.799999
    endloop
  endfacet
  facet normal 0 0 1
    outer loop
      vertex 2.6569 4.09784 0.799999
      vertex 2.08424 3.99949 0.799999
      vertex 2.08543 3.9916 0.799999
    endloop
  endfacet
  facet normal 0 0 1
    outer loop
      vertex 2.6569 4.09784 0.799999
      vertex 2.07176 4.08229 0.799999
      vertex 2.08424 3.99949 0.799999
    endloop
  endfacet
  facet normal 0 0 1
    outer loop
      vertex 1.74361 4.61929 0.799999
      vertex 2.14888 5.03657 0.799999
      vertex 2.07162 5.09878 0.799999
    endloop
  endfacet
  facet normal 0 0 1
    outer loop
      vertex 2.64057 4.19567 0.799999
      vertex 2.06979 4.09002 0.799999
      vertex 2.07176 4.08229 0.799999
    endloop
  endfacet
  facet normal 0 0 1
    outer loop
      vertex 2.61781 4.29222 0.799999
      vertex 2.04913 4.17117 0.799999
      vertex 2.06979 4.09002 0.799999
    endloop
  endfacet
  facet normal 0 0 1
    outer loop
      vertex 2.58873 4.38705 0.799999
      vertex 2.02049 4.24987 0.799999
      vertex 2.04913 4.17117 0.799999
    endloop
  endfacet
  facet normal 0 0 1
    outer loop
      vertex 2.55343 4.47975 0.799999
      vertex 2.01776 4.25736 0.799999
      vertex 2.02049 4.24987 0.799999
    endloop
  endfacet
  facet normal 0 0 1
    outer loop
      vertex 1.67562 4.66817 0.799999
      vertex 2.07162 5.09878 0.799999
      vertex 1.99042 5.15575 0.799999
    endloop
  endfacet
  facet normal 0 0 1
    outer loop
      vertex 2.51209 4.56991 0.799999
      vertex 1.98142 4.33281 0.799999
      vertex 2.01776 4.25736 0.799999
    endloop
  endfacet
  facet normal 0 0 1
    outer loop
      vertex 2.51209 4.56991 0.799999
      vertex 1.97796 4.33999 0.799999
      vertex 1.98142 4.33281 0.799999
    endloop
  endfacet
  facet normal 0 0 1
    outer loop
      vertex 2.46488 4.65715 0.799999
      vertex 1.9343 4.41145 0.799999
      vertex 1.97796 4.33999 0.799999
    endloop
  endfacet
  facet normal 0 0 1
    outer loop
      vertex 2.41201 4.74107 0.799999
      vertex 1.93014 4.41825 0.799999
      vertex 1.9343 4.41145 0.799999
    endloop
  endfacet
  facet normal 0 0 1
    outer loop
      vertex 2.41201 4.74107 0.799999
      vertex 1.92532 4.42461 0.799999
      vertex 1.93014 4.41825 0.799999
    endloop
  endfacet
  facet normal 0 0 1
    outer loop
      vertex 1.66223 4.67681 0.799999
      vertex 1.99042 5.15575 0.799999
      vertex 1.90563 5.20723 0.799999
    endloop
  endfacet
  facet normal 0 0 1
    outer loop
      vertex 2.35371 4.82132 0.799999
      vertex 1.87476 4.49136 0.799999
      vertex 1.92532 4.42461 0.799999
    endloop
  endfacet
  facet normal 0 0 1
    outer loop
      vertex 2.29023 4.89754 0.799999
      vertex 1.86934 4.49721 0.799999
      vertex 1.87476 4.49136 0.799999
    endloop
  endfacet
  facet normal 0 0 1
    outer loop
      vertex 1.58971 4.71868 0.799999
      vertex 1.90563 5.20723 0.799999
      vertex 1.81763 5.25299 0.799999
    endloop
  endfacet
  facet normal 0 0 1
    outer loop
      vertex 2.29023 4.89754 0.799999
      vertex 1.81238 4.5586 0.799999
      vertex 1.86934 4.49721 0.799999
    endloop
  endfacet
  facet normal 0 0 1
    outer loop
      vertex 2.22186 4.96939 0.799999
      vertex 1.8064 4.56387 0.799999
      vertex 1.81238 4.5586 0.799999
    endloop
  endfacet
  facet normal 0 0 1
    outer loop
      vertex 2.14888 5.03657 0.799999
      vertex 1.74361 4.61929 0.799999
      vertex 1.8064 4.56387 0.799999
    endloop
  endfacet
  facet normal 0 0 1
    outer loop
      vertex 1.525 4.74788 0.799999
      vertex 1.81763 5.25299 0.799999
      vertex 1.7268 5.29283 0.799999
    endloop
  endfacet
  facet normal 0 0 1
    outer loop
      vertex 2.07162 5.09878 0.799999
      vertex 1.67562 4.66817 0.799999
      vertex 1.74361 4.61929 0.799999
    endloop
  endfacet
  facet normal 0 0 1
    outer loop
      vertex 1.99042 5.15575 0.799999
      vertex 1.66914 4.67282 0.799999
      vertex 1.67562 4.66817 0.799999
    endloop
  endfacet
  facet normal 0 0 1
    outer loop
      vertex 1.99042 5.15575 0.799999
      vertex 1.66223 4.67681 0.799999
      vertex 1.66914 4.67282 0.799999
    endloop
  endfacet
  facet normal 0 0 1
    outer loop
      vertex 1.525 4.74788 0.799999
      vertex 1.7268 5.29283 0.799999
      vertex 1.63352 5.32658 0.799999
    endloop
  endfacet
  facet normal 0 0 1
    outer loop
      vertex 1.90563 5.20723 0.799999
      vertex 1.58971 4.71868 0.799999
      vertex 1.66223 4.67681 0.799999
    endloop
  endfacet
  facet normal 0 0 1
    outer loop
      vertex 1.525 4.74788 0.799999
      vertex 1.63352 5.32658 0.799999
      vertex 1.53823 5.3541 0.799999
    endloop
  endfacet
  facet normal 0 0 1
    outer loop
      vertex 1.525 4.74788 0.799999
      vertex 1.53823 5.3541 0.799999
      vertex 1.525 5.35699 0.799999
    endloop
  endfacet
  facet normal 0 0 1
    outer loop
      vertex 1.81763 5.25299 0.799999
      vertex 1.525 4.74788 0.799999
      vertex 1.58971 4.71868 0.799999
    endloop
  endfacet
  facet normal -0 0 1
    outer loop
      vertex 2.01776 3.54264 0.799999
      vertex 2.55343 3.32025 0.799999
      vertex 2.02049 3.55013 0.799999
    endloop
  endfacet
  facet normal 0 0 1
    outer loop
      vertex 2.55343 3.32025 0.799999
      vertex 2.01776 3.54264 0.799999
      vertex 2.51209 3.23009 0.799999
    endloop
  endfacet
  facet normal -0 0 1
    outer loop
      vertex 1.97796 3.46001 0.799999
      vertex 2.51209 3.23009 0.799999
      vertex 2.01776 3.54264 0.799999
    endloop
  endfacet
  facet normal 0 0 1
    outer loop
      vertex 2.51209 3.23009 0.799999
      vertex 1.97796 3.46001 0.799999
      vertex 2.46488 3.14285 0.799999
    endloop
  endfacet
  facet normal -0 0 1
    outer loop
      vertex 1.9343 3.38855 0.799999
      vertex 2.46488 3.14285 0.799999
      vertex 1.97796 3.46001 0.799999
    endloop
  endfacet
  facet normal 0 0 1
    outer loop
      vertex 2.46488 3.14285 0.799999
      vertex 1.9343 3.38855 0.799999
      vertex 2.41201 3.05893 0.799999
    endloop
  endfacet
  facet normal -0 0 1
    outer loop
      vertex 1.93014 3.38175 0.799999
      vertex 2.41201 3.05893 0.799999
      vertex 1.9343 3.38855 0.799999
    endloop
  endfacet
  facet normal -0 0 1
    outer loop
      vertex 1.92532 3.37539 0.799999
      vertex 2.41201 3.05893 0.799999
      vertex 1.93014 3.38175 0.799999
    endloop
  endfacet
  facet normal 0 0 1
    outer loop
      vertex 2.41201 3.05893 0.799999
      vertex 1.92532 3.37539 0.799999
      vertex 2.35371 2.97868 0.799999
    endloop
  endfacet
  facet normal -0 0 1
    outer loop
      vertex 1.87476 3.30863 0.799999
      vertex 2.35371 2.97868 0.799999
      vertex 1.92532 3.37539 0.799999
    endloop
  endfacet
  facet normal 0 0 1
    outer loop
      vertex 2.35371 2.97868 0.799999
      vertex 1.87476 3.30863 0.799999
      vertex 2.29023 2.90246 0.799999
    endloop
  endfacet
  facet normal -0 0 1
    outer loop
      vertex 1.86934 3.30279 0.799999
      vertex 2.29023 2.90246 0.799999
      vertex 1.87476 3.30863 0.799999
    endloop
  endfacet
  facet normal -0 0 1
    outer loop
      vertex 1.81238 3.2414 0.799999
      vertex 2.29023 2.90246 0.799999
      vertex 1.86934 3.30279 0.799999
    endloop
  endfacet
  facet normal 0 0 1
    outer loop
      vertex 2.29023 2.90246 0.799999
      vertex 1.81238 3.2414 0.799999
      vertex 2.22186 2.83061 0.799999
    endloop
  endfacet
  facet normal -0 0 1
    outer loop
      vertex 1.8064 3.23612 0.799999
      vertex 2.22186 2.83061 0.799999
      vertex 1.81238 3.2414 0.799999
    endloop
  endfacet
  facet normal 0 0 1
    outer loop
      vertex 2.22186 2.83061 0.799999
      vertex 1.8064 3.23612 0.799999
      vertex 2.14888 2.76343 0.799999
    endloop
  endfacet
  facet normal -0 0 1
    outer loop
      vertex 1.74361 3.18071 0.799999
      vertex 2.14888 2.76343 0.799999
      vertex 1.8064 3.23612 0.799999
    endloop
  endfacet
  facet normal 0 0 1
    outer loop
      vertex 2.14888 2.76343 0.799999
      vertex 1.74361 3.18071 0.799999
      vertex 2.07162 2.70122 0.799999
    endloop
  endfacet
  facet normal -0 0 1
    outer loop
      vertex 1.73713 3.17606 0.799999
      vertex 2.07162 2.70122 0.799999
      vertex 1.74361 3.18071 0.799999
    endloop
  endfacet
  facet normal -0 0 1
    outer loop
      vertex 1.66914 3.12718 0.799999
      vertex 2.07162 2.70122 0.799999
      vertex 1.73713 3.17606 0.799999
    endloop
  endfacet
  facet normal 0 0 1
    outer loop
      vertex 2.07162 2.70122 0.799999
      vertex 1.66914 3.12718 0.799999
      vertex 1.99042 2.64425 0.799999
    endloop
  endfacet
  facet normal 0 0 1
    outer loop
      vertex 1.99042 2.64425 0.799999
      vertex 1.66914 3.12718 0.799999
      vertex 1.90563 2.59277 0.799999
    endloop
  endfacet
  facet normal -0 0 1
    outer loop
      vertex 1.59662 3.08531 0.799999
      vertex 1.90563 2.59277 0.799999
      vertex 1.66914 3.12718 0.799999
    endloop
  endfacet
  facet normal -0 0 1
    outer loop
      vertex 1.58971 3.08132 0.799999
      vertex 1.90563 2.59277 0.799999
      vertex 1.59662 3.08531 0.799999
    endloop
  endfacet
  facet normal 0 0 1
    outer loop
      vertex 1.90563 2.59277 0.799999
      vertex 1.58971 3.08132 0.799999
      vertex 1.81763 2.54701 0.799999
    endloop
  endfacet
  facet normal -0 0 1
    outer loop
      vertex 1.525 3.05212 0.799999
      vertex 1.81763 2.54701 0.799999
      vertex 1.58971 3.08132 0.799999
    endloop
  endfacet
  facet normal 0 0 1
    outer loop
      vertex 1.81763 2.54701 0.799999
      vertex 1.525 3.05212 0.799999
      vertex 1.7268 2.50717 0.799999
    endloop
  endfacet
  facet normal 0 0 1
    outer loop
      vertex 1.7268 2.50717 0.799999
      vertex 1.525 3.05212 0.799999
      vertex 1.63352 2.47341 0.799999
    endloop
  endfacet
  facet normal 0 0 1
    outer loop
      vertex 1.63352 2.47341 0.799999
      vertex 1.525 3.05212 0.799999
      vertex 1.53823 2.4459 0.799999
    endloop
  endfacet
  facet normal 0 0 1
    outer loop
      vertex 1.53823 2.4459 0.799999
      vertex 1.525 3.05212 0.799999
      vertex 1.525 2.44301 0.799999
    endloop
  endfacet
  facet normal 0.995087 -0.0990046 0
    outer loop
      vertex 2.6569 3.70216 0.799999
      vertex 2.66672 3.80086 0
      vertex 2.66672 3.80086 0.799999
    endloop
  endfacet
  facet normal 0.995087 -0.0990046 0
    outer loop
      vertex 2.66672 3.80086 0
      vertex 2.6569 3.70216 0.799999
      vertex 2.6569 3.70216 0
    endloop
  endfacet
  facet normal 0.574342 -0.818616 0
    outer loop
      vertex 1.99042 2.64425 0
      vertex 2.07162 2.70122 0.799999
      vertex 1.99042 2.64425 0.799999
    endloop
  endfacet
  facet normal 0.574342 -0.818616 0
    outer loop
      vertex 2.07162 2.70122 0.799999
      vertex 1.99042 2.64425 0
      vertex 2.07162 2.70122 0
    endloop
  endfacet
  facet normal 0.768403 -0.639966 0
    outer loop
      vertex 2.29023 2.90246 0.799999
      vertex 2.35371 2.97868 0
      vertex 2.35371 2.97868 0.799999
    endloop
  endfacet
  facet normal 0.768403 -0.639966 0
    outer loop
      vertex 2.35371 2.97868 0
      vertex 2.29023 2.90246 0.799999
      vertex 2.29023 2.90246 0
    endloop
  endfacet
  facet normal 0.213411 -0.976963 0
    outer loop
      vertex 1.525 2.44301 0
      vertex 1.53823 2.4459 0.799999
      vertex 1.525 2.44301 0.799999
    endloop
  endfacet
  facet normal 0.213411 -0.976963 0
    outer loop
      vertex 1.53823 2.4459 0.799999
      vertex 1.525 2.44301 0
      vertex 1.53823 2.4459 0
    endloop
  endfacet
  facet normal 0.27737 -0.960763 0
    outer loop
      vertex 1.53823 2.4459 0
      vertex 1.63352 2.47341 0.799999
      vertex 1.53823 2.4459 0.799999
    endloop
  endfacet
  facet normal 0.27737 -0.960763 0
    outer loop
      vertex 1.63352 2.47341 0.799999
      vertex 1.53823 2.4459 0
      vertex 1.63352 2.47341 0
    endloop
  endfacet
  facet normal 0.401681 -0.91578 0
    outer loop
      vertex 1.7268 2.50717 0
      vertex 1.81763 2.54701 0.799999
      vertex 1.7268 2.50717 0.799999
    endloop
  endfacet
  facet normal 0.401681 -0.91578 0
    outer loop
      vertex 1.81763 2.54701 0.799999
      vertex 1.7268 2.50717 0
      vertex 1.81763 2.54701 0
    endloop
  endfacet
  facet normal 0.909001 -0.416794 0
    outer loop
      vertex 2.51209 3.23009 0.799999
      vertex 2.55343 3.32025 0
      vertex 2.55343 3.32025 0.799999
    endloop
  endfacet
  facet normal 0.909001 -0.416794 0
    outer loop
      vertex 2.55343 3.32025 0
      vertex 2.51209 3.23009 0.799999
      vertex 2.51209 3.23009 0
    endloop
  endfacet
  facet normal 0.879482 -0.475932 0
    outer loop
      vertex 2.46488 3.14285 0.799999
      vertex 2.51209 3.23009 0
      vertex 2.51209 3.23009 0.799999
    endloop
  endfacet
  facet normal 0.879482 -0.475932 0
    outer loop
      vertex 2.51209 3.23009 0
      vertex 2.46488 3.14285 0.799999
      vertex 2.46488 3.14285 0
    endloop
  endfacet
  facet normal 0.724433 -0.689345 0
    outer loop
      vertex 2.22186 2.83061 0.799999
      vertex 2.29023 2.90246 0
      vertex 2.29023 2.90246 0.799999
    endloop
  endfacet
  facet normal 0.724433 -0.689345 0
    outer loop
      vertex 2.29023 2.90246 0
      vertex 2.22186 2.83061 0.799999
      vertex 2.22186 2.83061 0
    endloop
  endfacet
  facet normal 0.84609 -0.533041 0
    outer loop
      vertex 2.41201 3.05893 0.799999
      vertex 2.46488 3.14285 0
      vertex 2.46488 3.14285 0.799999
    endloop
  endfacet
  facet normal 0.84609 -0.533041 0
    outer loop
      vertex 2.46488 3.14285 0
      vertex 2.41201 3.05893 0.799999
      vertex 2.41201 3.05893 0
    endloop
  endfacet
  facet normal 0.809041 -0.587752 0
    outer loop
      vertex 2.35371 2.97868 0.799999
      vertex 2.41201 3.05893 0
      vertex 2.41201 3.05893 0.799999
    endloop
  endfacet
  facet normal 0.809041 -0.587752 0
    outer loop
      vertex 2.41201 3.05893 0
      vertex 2.35371 2.97868 0.799999
      vertex 2.35371 2.97868 0
    endloop
  endfacet
  facet normal 0.518981 -0.854786 0
    outer loop
      vertex 1.90563 2.59277 0
      vertex 1.99042 2.64425 0.799999
      vertex 1.90563 2.59277 0.799999
    endloop
  endfacet
  facet normal 0.518981 -0.854786 0
    outer loop
      vertex 1.99042 2.64425 0.799999
      vertex 1.90563 2.59277 0
      vertex 1.99042 2.64425 0
    endloop
  endfacet
  facet normal 0.677266 -0.735738 0
    outer loop
      vertex 2.14888 2.76343 0
      vertex 2.22186 2.83061 0.799999
      vertex 2.14888 2.76343 0.799999
    endloop
  endfacet
  facet normal 0.677266 -0.735738 0
    outer loop
      vertex 2.22186 2.83061 0.799999
      vertex 2.14888 2.76343 0
      vertex 2.22186 2.83061 0
    endloop
  endfacet
  facet normal 0.627163 -0.778888 0
    outer loop
      vertex 2.07162 2.70122 0
      vertex 2.14888 2.76343 0.799999
      vertex 2.07162 2.70122 0.799999
    endloop
  endfacet
  facet normal 0.627163 -0.778888 0
    outer loop
      vertex 2.14888 2.76343 0.799999
      vertex 2.07162 2.70122 0
      vertex 2.14888 2.76343 0
    endloop
  endfacet
  facet normal -1 0 0
    outer loop
      vertex 13.1308 3.8504 0
      vertex 13.1308 3.94959 0.799999
      vertex 13.1308 3.94959 0
    endloop
  endfacet
  facet normal -1 -0 0
    outer loop
      vertex 13.1308 3.94959 0.799999
      vertex 13.1308 3.8504 0
      vertex 13.1308 3.8504 0.799999
    endloop
  endfacet
  facet normal -0.701336 0.71283 0
    outer loop
      vertex 13.6141 5.00359 0
      vertex 13.5434 4.93403 0.799999
      vertex 13.6141 5.00359 0.799999
    endloop
  endfacet
  facet normal -0.701336 0.71283 0
    outer loop
      vertex 13.5434 4.93403 0.799999
      vertex 13.6141 5.00359 0
      vertex 13.5434 4.93403 0
    endloop
  endfacet
  facet normal -0.431666 0.902034 0
    outer loop
      vertex 14.0275 5.27366 0
      vertex 13.938 5.23083 0.799999
      vertex 14.0275 5.27366 0.799999
    endloop
  endfacet
  facet normal -0.431666 0.902034 0
    outer loop
      vertex 13.938 5.23083 0.799999
      vertex 14.0275 5.27366 0
      vertex 13.938 5.23083 0
    endloop
  endfacet
  facet normal -0.863124 0.504992 0
    outer loop
      vertex 13.3108 4.61392 0
      vertex 13.3609 4.69955 0.799999
      vertex 13.3609 4.69955 0
    endloop
  endfacet
  facet normal -0.863124 0.504992 0
    outer loop
      vertex 13.3609 4.69955 0.799999
      vertex 13.3108 4.61392 0
      vertex 13.3108 4.61392 0.799999
    endloop
  endfacet
  facet normal -0.828089 0.560596 0
    outer loop
      vertex 13.3609 4.69955 0
      vertex 13.4165 4.78168 0.799999
      vertex 13.4165 4.78168 0
    endloop
  endfacet
  facet normal -0.828089 0.560596 0
    outer loop
      vertex 13.4165 4.78168 0.799999
      vertex 13.3609 4.69955 0
      vertex 13.3609 4.69955 0.799999
    endloop
  endfacet
  facet normal -0.245446 0.96941 0
    outer loop
      vertex 14.275 5.3566 0
      vertex 14.2139 5.34113 0.799999
      vertex 14.275 5.3566 0.799999
    endloop
  endfacet
  facet normal -0.245446 0.96941 0
    outer loop
      vertex 14.2139 5.34113 0.799999
      vertex 14.275 5.3566 0
      vertex 14.2139 5.34113 0
    endloop
  endfacet
  facet normal -0.965295 0.261163 0
    outer loop
      vertex 13.17 4.24414 0
      vertex 13.1959 4.33987 0.799999
      vertex 13.1959 4.33987 0
    endloop
  endfacet
  facet normal -0.965295 0.261163 0
    outer loop
      vertex 13.1959 4.33987 0.799999
      vertex 13.17 4.24414 0
      vertex 13.17 4.24414 0.799999
    endloop
  endfacet
  facet normal -0.789238 0.614087 0
    outer loop
      vertex 13.4165 4.78168 0
      vertex 13.4774 4.85995 0.799999
      vertex 13.4774 4.85995 0
    endloop
  endfacet
  facet normal -0.789238 0.614087 0
    outer loop
      vertex 13.4774 4.85995 0.799999
      vertex 13.4165 4.78168 0
      vertex 13.4165 4.78168 0.799999
    endloop
  endfacet
  facet normal -0.922419 0.38619 0
    outer loop
      vertex 13.2282 4.43369 0
      vertex 13.2665 4.52517 0.799999
      vertex 13.2665 4.52517 0
    endloop
  endfacet
  facet normal -0.922419 0.38619 0
    outer loop
      vertex 13.2665 4.52517 0.799999
      vertex 13.2282 4.43369 0
      vertex 13.2282 4.43369 0.799999
    endloop
  endfacet
  facet normal -0.894729 0.446609 0
    outer loop
      vertex 13.2665 4.52517 0
      vertex 13.3108 4.61392 0.799999
      vertex 13.3108 4.61392 0
    endloop
  endfacet
  facet normal -0.894729 0.446609 0
    outer loop
      vertex 13.3108 4.61392 0.799999
      vertex 13.2665 4.52517 0
      vertex 13.2665 4.52517 0.799999
    endloop
  endfacet
  facet normal -0.99124 0.132071 0
    outer loop
      vertex 13.1374 4.04857 0
      vertex 13.1505 4.14689 0.799999
      vertex 13.1505 4.14689 0
    endloop
  endfacet
  facet normal -0.99124 0.132071 0
    outer loop
      vertex 13.1505 4.14689 0.799999
      vertex 13.1374 4.04857 0
      vertex 13.1374 4.04857 0.799999
    endloop
  endfacet
  facet normal -0 0 1
    outer loop
      vertex 14.2139 5.34113 0.799999
      vertex 14.275 4.74776 0.799999
      vertex 14.275 5.3566 0.799999
    endloop
  endfacet
  facet normal -0 0 1
    outer loop
      vertex 14.1196 5.31048 0.799999
      vertex 14.275 4.74776 0.799999
      vertex 14.2139 5.34113 0.799999
    endloop
  endfacet
  facet normal -0 0 1
    outer loop
      vertex 14.0275 5.27366 0.799999
      vertex 14.275 4.74776 0.799999
      vertex 14.1196 5.31048 0.799999
    endloop
  endfacet
  facet normal 0 0 1
    outer loop
      vertex 14.275 4.74776 0.799999
      vertex 14.0275 5.27366 0.799999
      vertex 14.259 4.7415 0.799999
    endloop
  endfacet
  facet normal 0 0 1
    outer loop
      vertex 14.259 4.7415 0.799999
      vertex 14.0275 5.27366 0.799999
      vertex 14.2516 4.73858 0.799999
    endloop
  endfacet
  facet normal 0 0 1
    outer loop
      vertex 14.2516 4.73858 0.799999
      vertex 14.0275 5.27366 0.799999
      vertex 14.2445 4.73495 0.799999
    endloop
  endfacet
  facet normal -0 0 1
    outer loop
      vertex 13.938 5.23083 0.799999
      vertex 14.2445 4.73495 0.799999
      vertex 14.0275 5.27366 0.799999
    endloop
  endfacet
  facet normal 0 0 1
    outer loop
      vertex 14.2445 4.73495 0.799999
      vertex 13.938 5.23083 0.799999
      vertex 14.17 4.69674 0.799999
    endloop
  endfacet
  facet normal -0 0 1
    outer loop
      vertex 13.8515 5.18219 0.799999
      vertex 14.17 4.69674 0.799999
      vertex 13.938 5.23083 0.799999
    endloop
  endfacet
  facet normal 0 0 1
    outer loop
      vertex 14.17 4.69674 0.799999
      vertex 13.8515 5.18219 0.799999
      vertex 14.0997 4.65131 0.799999
    endloop
  endfacet
  facet normal -0 0 1
    outer loop
      vertex 13.7685 5.12794 0.799999
      vertex 14.0997 4.65131 0.799999
      vertex 13.8515 5.18219 0.799999
    endloop
  endfacet
  facet normal 0 0 1
    outer loop
      vertex 14.0997 4.65131 0.799999
      vertex 13.7685 5.12794 0.799999
      vertex 14.093 4.64698 0.799999
    endloop
  endfacet
  facet normal 0 0 1
    outer loop
      vertex 14.093 4.64698 0.799999
      vertex 13.7685 5.12794 0.799999
      vertex 14.0867 4.64201 0.799999
    endloop
  endfacet
  facet normal -0 0 1
    outer loop
      vertex 13.6892 5.06832 0.799999
      vertex 14.0867 4.64201 0.799999
      vertex 13.7685 5.12794 0.799999
    endloop
  endfacet
  facet normal 0 0 1
    outer loop
      vertex 14.0867 4.64201 0.799999
      vertex 13.6892 5.06832 0.799999
      vertex 14.0212 4.5898 0.799999
    endloop
  endfacet
  facet normal -0 0 1
    outer loop
      vertex 13.6141 5.00359 0.799999
      vertex 14.0212 4.5898 0.799999
      vertex 13.6892 5.06832 0.799999
    endloop
  endfacet
  facet normal 0 0 1
    outer loop
      vertex 14.0212 4.5898 0.799999
      vertex 13.6141 5.00359 0.799999
      vertex 13.9613 4.53133 0.799999
    endloop
  endfacet
  facet normal -0 0 1
    outer loop
      vertex 13.5434 4.93403 0.799999
      vertex 13.9613 4.53133 0.799999
      vertex 13.6141 5.00359 0.799999
    endloop
  endfacet
  facet normal 0 0 1
    outer loop
      vertex 13.9613 4.53133 0.799999
      vertex 13.5434 4.93403 0.799999
      vertex 13.9556 4.52576 0.799999
    endloop
  endfacet
  facet normal -0 0 1
    outer loop
      vertex 13.4774 4.85995 0.799999
      vertex 13.9556 4.52576 0.799999
      vertex 13.5434 4.93403 0.799999
    endloop
  endfacet
  facet normal 0 0 1
    outer loop
      vertex 13.9556 4.52576 0.799999
      vertex 13.4774 4.85995 0.799999
      vertex 13.8966 4.4555 0.799999
    endloop
  endfacet
  facet normal -0 0 1
    outer loop
      vertex 13.4165 4.78168 0.799999
      vertex 13.8966 4.4555 0.799999
      vertex 13.4774 4.85995 0.799999
    endloop
  endfacet
  facet normal 0 0 1
    outer loop
      vertex 13.8966 4.4555 0.799999
      vertex 13.4165 4.78168 0.799999
      vertex 13.8921 4.44891 0.799999
    endloop
  endfacet
  facet normal 0 0 1
    outer loop
      vertex 13.8921 4.44891 0.799999
      vertex 13.4165 4.78168 0.799999
      vertex 13.845 4.37972 0.799999
    endloop
  endfacet
  facet normal -0 0 1
    outer loop
      vertex 13.3609 4.69955 0.799999
      vertex 13.845 4.37972 0.799999
      vertex 13.4165 4.78168 0.799999
    endloop
  endfacet
  facet normal -0 0 1
    outer loop
      vertex 13.3108 4.61392 0.799999
      vertex 13.845 4.37972 0.799999
      vertex 13.3609 4.69955 0.799999
    endloop
  endfacet
  facet normal 0 0 1
    outer loop
      vertex 13.845 4.37972 0.799999
      vertex 13.3108 4.61392 0.799999
      vertex 13.8011 4.29917 0.799999
    endloop
  endfacet
  facet normal 0 0 1
    outer loop
      vertex 13.8011 4.29917 0.799999
      vertex 13.2665 4.52517 0.799999
      vertex 13.7686 4.22201 0.799999
    endloop
  endfacet
  facet normal -0 0 1
    outer loop
      vertex 13.2665 4.52517 0.799999
      vertex 13.8011 4.29917 0.799999
      vertex 13.3108 4.61392 0.799999
    endloop
  endfacet
  facet normal 0 0 1
    outer loop
      vertex 14.0275 2.52634 0.799999
      vertex 14.275 3.05224 0.799999
      vertex 14.2516 3.06141 0.799999
    endloop
  endfacet
  facet normal 0 0 1
    outer loop
      vertex 14.275 3.05224 0.799999
      vertex 14.2139 2.45887 0.799999
      vertex 14.275 2.44339 0.799999
    endloop
  endfacet
  facet normal 0 0 1
    outer loop
      vertex 13.938 2.56917 0.799999
      vertex 14.2516 3.06141 0.799999
      vertex 14.1771 3.09962 0.799999
    endloop
  endfacet
  facet normal 0 0 1
    outer loop
      vertex 13.938 2.56917 0.799999
      vertex 14.1771 3.09962 0.799999
      vertex 14.17 3.10326 0.799999
    endloop
  endfacet
  facet normal 0 0 1
    outer loop
      vertex 14.275 3.05224 0.799999
      vertex 14.1196 2.48952 0.799999
      vertex 14.2139 2.45887 0.799999
    endloop
  endfacet
  facet normal 0 0 1
    outer loop
      vertex 13.8515 2.61781 0.799999
      vertex 14.17 3.10326 0.799999
      vertex 14.0997 3.14869 0.799999
    endloop
  endfacet
  facet normal 0 0 1
    outer loop
      vertex 13.7685 2.67206 0.799999
      vertex 14.0997 3.14869 0.799999
      vertex 14.093 3.15302 0.799999
    endloop
  endfacet
  facet normal 0 0 1
    outer loop
      vertex 13.7685 2.67206 0.799999
      vertex 14.093 3.15302 0.799999
      vertex 14.0867 3.15799 0.799999
    endloop
  endfacet
  facet normal 0 0 1
    outer loop
      vertex 14.275 3.05224 0.799999
      vertex 14.0275 2.52634 0.799999
      vertex 14.1196 2.48952 0.799999
    endloop
  endfacet
  facet normal 0 0 1
    outer loop
      vertex 13.6892 2.73168 0.799999
      vertex 14.0867 3.15799 0.799999
      vertex 14.0212 3.2102 0.799999
    endloop
  endfacet
  facet normal 0 0 1
    outer loop
      vertex 13.6141 2.79641 0.799999
      vertex 14.0212 3.2102 0.799999
      vertex 14.0155 3.21577 0.799999
    endloop
  endfacet
  facet normal 0 0 1
    outer loop
      vertex 13.6141 2.79641 0.799999
      vertex 14.0155 3.21577 0.799999
      vertex 13.9556 3.27424 0.799999
    endloop
  endfacet
  facet normal 0 0 1
    outer loop
      vertex 14.2516 3.06141 0.799999
      vertex 13.938 2.56917 0.799999
      vertex 14.0275 2.52634 0.799999
    endloop
  endfacet
  facet normal 0 0 1
    outer loop
      vertex 13.4774 2.94005 0.799999
      vertex 13.9556 3.27424 0.799999
      vertex 13.8966 3.3445 0.799999
    endloop
  endfacet
  facet normal 0 0 1
    outer loop
      vertex 14.17 3.10326 0.799999
      vertex 13.8515 2.61781 0.799999
      vertex 13.938 2.56917 0.799999
    endloop
  endfacet
  facet normal 0 0 1
    outer loop
      vertex 13.4165 3.01832 0.799999
      vertex 13.8966 3.3445 0.799999
      vertex 13.8495 3.41369 0.799999
    endloop
  endfacet
  facet normal 0 0 1
    outer loop
      vertex 13.3609 3.10045 0.799999
      vertex 13.8495 3.41369 0.799999
      vertex 13.845 3.42028 0.799999
    endloop
  endfacet
  facet normal 0 0 1
    outer loop
      vertex 13.3609 3.10045 0.799999
      vertex 13.845 3.42028 0.799999
      vertex 13.8412 3.42728 0.799999
    endloop
  endfacet
  facet normal 0 0 1
    outer loop
      vertex 13.3108 3.18608 0.799999
      vertex 13.8412 3.42728 0.799999
      vertex 13.8011 3.50083 0.799999
    endloop
  endfacet
  facet normal 0 0 1
    outer loop
      vertex 13.2665 3.27483 0.799999
      vertex 13.8011 3.50083 0.799999
      vertex 13.7686 3.57799 0.799999
    endloop
  endfacet
  facet normal 0 0 1
    outer loop
      vertex 14.0997 3.14869 0.799999
      vertex 13.7685 2.67206 0.799999
      vertex 13.8515 2.61781 0.799999
    endloop
  endfacet
  facet normal 0 0 1
    outer loop
      vertex 13.2282 3.36631 0.799999
      vertex 13.7686 3.57799 0.799999
      vertex 13.7655 3.58534 0.799999
    endloop
  endfacet
  facet normal 0 0 1
    outer loop
      vertex 13.1959 3.46012 0.799999
      vertex 13.7655 3.58534 0.799999
      vertex 13.7384 3.67298 0.799999
    endloop
  endfacet
  facet normal 0 0 1
    outer loop
      vertex 13.17 3.55586 0.799999
      vertex 13.7384 3.67298 0.799999
      vertex 13.7369 3.6808 0.799999
    endloop
  endfacet
  facet normal 0 0 1
    outer loop
      vertex 13.17 3.55586 0.799999
      vertex 13.7369 3.6808 0.799999
      vertex 13.7203 3.76288 0.799999
    endloop
  endfacet
  facet normal 0 0 1
    outer loop
      vertex 13.1505 3.65311 0.799999
      vertex 13.7203 3.76288 0.799999
      vertex 13.7195 3.77082 0.799999
    endloop
  endfacet
  facet normal 0 0 1
    outer loop
      vertex 13.1374 3.75143 0.799999
      vertex 13.7195 3.77082 0.799999
      vertex 13.7111 3.85414 0.799999
    endloop
  endfacet
  facet normal 0 0 1
    outer loop
      vertex 14.0867 3.15799 0.799999
      vertex 13.6892 2.73168 0.799999
      vertex 13.7685 2.67206 0.799999
    endloop
  endfacet
  facet normal -0 0 1
    outer loop
      vertex 13.2282 4.43369 0.799999
      vertex 13.7686 4.22201 0.799999
      vertex 13.2665 4.52517 0.799999
    endloop
  endfacet
  facet normal 0 0 1
    outer loop
      vertex 13.7686 4.22201 0.799999
      vertex 13.2282 4.43369 0.799999
      vertex 13.7655 4.21466 0.799999
    endloop
  endfacet
  facet normal 0 0 1
    outer loop
      vertex 14.0212 3.2102 0.799999
      vertex 13.6141 2.79641 0.799999
      vertex 13.6892 2.73168 0.799999
    endloop
  endfacet
  facet normal -0 0 1
    outer loop
      vertex 13.1959 4.33987 0.799999
      vertex 13.7655 4.21466 0.799999
      vertex 13.2282 4.43369 0.799999
    endloop
  endfacet
  facet normal 0 0 1
    outer loop
      vertex 13.9556 3.27424 0.799999
      vertex 13.5434 2.86597 0.799999
      vertex 13.6141 2.79641 0.799999
    endloop
  endfacet
  facet normal 0 0 1
    outer loop
      vertex 13.7655 4.21466 0.799999
      vertex 13.1959 4.33987 0.799999
      vertex 13.7384 4.12702 0.799999
    endloop
  endfacet
  facet normal 0 0 1
    outer loop
      vertex 13.9556 3.27424 0.799999
      vertex 13.4774 2.94005 0.799999
      vertex 13.5434 2.86597 0.799999
    endloop
  endfacet
  facet normal -0 0 1
    outer loop
      vertex 13.17 4.24414 0.799999
      vertex 13.7384 4.12702 0.799999
      vertex 13.1959 4.33987 0.799999
    endloop
  endfacet
  facet normal 0 0 1
    outer loop
      vertex 13.8966 3.3445 0.799999
      vertex 13.4165 3.01832 0.799999
      vertex 13.4774 2.94005 0.799999
    endloop
  endfacet
  facet normal 0 0 1
    outer loop
      vertex 13.7384 4.12702 0.799999
      vertex 13.17 4.24414 0.799999
      vertex 13.7369 4.1192 0.799999
    endloop
  endfacet
  facet normal 0 0 1
    outer loop
      vertex 13.8495 3.41369 0.799999
      vertex 13.3609 3.10045 0.799999
      vertex 13.4165 3.01832 0.799999
    endloop
  endfacet
  facet normal 0 0 1
    outer loop
      vertex 13.7369 4.1192 0.799999
      vertex 13.17 4.24414 0.799999
      vertex 13.7203 4.03712 0.799999
    endloop
  endfacet
  facet normal 0 0 1
    outer loop
      vertex 13.8412 3.42728 0.799999
      vertex 13.3108 3.18608 0.799999
      vertex 13.3609 3.10045 0.799999
    endloop
  endfacet
  facet normal -0 0 1
    outer loop
      vertex 13.1505 4.14689 0.799999
      vertex 13.7203 4.03712 0.799999
      vertex 13.17 4.24414 0.799999
    endloop
  endfacet
  facet normal 0 0 1
    outer loop
      vertex 13.8011 3.50083 0.799999
      vertex 13.2665 3.27483 0.799999
      vertex 13.3108 3.18608 0.799999
    endloop
  endfacet
  facet normal -0 0 1
    outer loop
      vertex 13.1374 4.04857 0.799999
      vertex 13.7203 4.03712 0.799999
      vertex 13.1505 4.14689 0.799999
    endloop
  endfacet
  facet normal 0 0 1
    outer loop
      vertex 13.7686 3.57799 0.799999
      vertex 13.2282 3.36631 0.799999
      vertex 13.2665 3.27483 0.799999
    endloop
  endfacet
  facet normal 0 0 1
    outer loop
      vertex 13.7203 4.03712 0.799999
      vertex 13.1374 4.04857 0.799999
      vertex 13.7119 3.95379 0.799999
    endloop
  endfacet
  facet normal 0 0 1
    outer loop
      vertex 13.7655 3.58534 0.799999
      vertex 13.1959 3.46012 0.799999
      vertex 13.2282 3.36631 0.799999
    endloop
  endfacet
  facet normal 0 0 1
    outer loop
      vertex 13.7119 3.95379 0.799999
      vertex 13.1374 4.04857 0.799999
      vertex 13.7111 3.94586 0.799999
    endloop
  endfacet
  facet normal 0 0 1
    outer loop
      vertex 13.7384 3.67298 0.799999
      vertex 13.17 3.55586 0.799999
      vertex 13.1959 3.46012 0.799999
    endloop
  endfacet
  facet normal -0 0 1
    outer loop
      vertex 13.1308 3.94959 0.799999
      vertex 13.7111 3.94586 0.799999
      vertex 13.1374 4.04857 0.799999
    endloop
  endfacet
  facet normal 0 0 1
    outer loop
      vertex 13.7203 3.76288 0.799999
      vertex 13.1505 3.65311 0.799999
      vertex 13.17 3.55586 0.799999
    endloop
  endfacet
  facet normal 0 0 1
    outer loop
      vertex 13.7111 3.94586 0.799999
      vertex 13.1308 3.94959 0.799999
      vertex 13.7111 3.85414 0.799999
    endloop
  endfacet
  facet normal 0 0 1
    outer loop
      vertex 13.7195 3.77082 0.799999
      vertex 13.1374 3.75143 0.799999
      vertex 13.1505 3.65311 0.799999
    endloop
  endfacet
  facet normal 0 0 1
    outer loop
      vertex 13.1308 3.8504 0.799999
      vertex 13.7111 3.85414 0.799999
      vertex 13.1308 3.94959 0.799999
    endloop
  endfacet
  facet normal 0 0 1
    outer loop
      vertex 13.7111 3.85414 0.799999
      vertex 13.1308 3.8504 0.799999
      vertex 13.1374 3.75143 0.799999
    endloop
  endfacet
  facet normal -0.490137 0.871645 0
    outer loop
      vertex 13.938 5.23083 0
      vertex 13.8515 5.18219 0.799999
      vertex 13.938 5.23083 0.799999
    endloop
  endfacet
  facet normal -0.490137 0.871645 0
    outer loop
      vertex 13.8515 5.18219 0.799999
      vertex 13.938 5.23083 0
      vertex 13.8515 5.18219 0
    endloop
  endfacet
  facet normal -0.547113 0.837058 0
    outer loop
      vertex 13.8515 5.18219 0
      vertex 13.7685 5.12794 0.799999
      vertex 13.8515 5.18219 0.799999
    endloop
  endfacet
  facet normal -0.547113 0.837058 0
    outer loop
      vertex 13.7685 5.12794 0.799999
      vertex 13.8515 5.18219 0
      vertex 13.7685 5.12794 0
    endloop
  endfacet
  facet normal -0.371217 0.928546 0
    outer loop
      vertex 14.1196 5.31048 0
      vertex 14.0275 5.27366 0.799999
      vertex 14.1196 5.31048 0.799999
    endloop
  endfacet
  facet normal -0.371217 0.928546 0
    outer loop
      vertex 14.0275 5.27366 0.799999
      vertex 14.1196 5.31048 0
      vertex 14.0275 5.27366 0
    endloop
  endfacet
  facet normal -0.945534 0.325525 0
    outer loop
      vertex 13.1959 4.33987 0
      vertex 13.2282 4.43369 0.799999
      vertex 13.2282 4.43369 0
    endloop
  endfacet
  facet normal -0.945534 0.325525 0
    outer loop
      vertex 13.2282 4.43369 0.799999
      vertex 13.1959 4.33987 0
      vertex 13.1959 4.33987 0.799999
    endloop
  endfacet
  facet normal -0.980484 0.196601 0
    outer loop
      vertex 13.1505 4.14689 0
      vertex 13.17 4.24414 0.799999
      vertex 13.17 4.24414 0
    endloop
  endfacet
  facet normal -0.980484 0.196601 0
    outer loop
      vertex 13.17 4.24414 0.799999
      vertex 13.1505 4.14689 0
      vertex 13.1505 4.14689 0.799999
    endloop
  endfacet
  facet normal -0.997784 0.0665324 0
    outer loop
      vertex 13.1308 3.94959 0
      vertex 13.1374 4.04857 0.799999
      vertex 13.1374 4.04857 0
    endloop
  endfacet
  facet normal -0.997784 0.0665324 0
    outer loop
      vertex 13.1374 4.04857 0.799999
      vertex 13.1308 3.94959 0
      vertex 13.1308 3.94959 0.799999
    endloop
  endfacet
  facet normal -0.652874 0.757467 0
    outer loop
      vertex 13.6892 5.06832 0
      vertex 13.6141 5.00359 0.799999
      vertex 13.6892 5.06832 0.799999
    endloop
  endfacet
  facet normal -0.652874 0.757467 0
    outer loop
      vertex 13.6141 5.00359 0.799999
      vertex 13.6892 5.06832 0
      vertex 13.6141 5.00359 0
    endloop
  endfacet
  facet normal -0.600935 0.799298 0
    outer loop
      vertex 13.7685 5.12794 0
      vertex 13.6892 5.06832 0.799999
      vertex 13.7685 5.12794 0.799999
    endloop
  endfacet
  facet normal -0.600935 0.799298 0
    outer loop
      vertex 13.6892 5.06832 0.799999
      vertex 13.7685 5.12794 0
      vertex 13.6892 5.06832 0
    endloop
  endfacet
  facet normal -0.547113 -0.837058 0
    outer loop
      vertex 13.7685 2.67206 0
      vertex 13.8515 2.61781 0.799999
      vertex 13.7685 2.67206 0.799999
    endloop
  endfacet
  facet normal -0.547113 -0.837058 -0
    outer loop
      vertex 13.8515 2.61781 0.799999
      vertex 13.7685 2.67206 0
      vertex 13.8515 2.61781 0
    endloop
  endfacet
  facet normal -0.746653 -0.665214 0
    outer loop
      vertex 13.5434 2.86597 0
      vertex 13.4774 2.94005 0.799999
      vertex 13.4774 2.94005 0
    endloop
  endfacet
  facet normal -0.746653 -0.665214 0
    outer loop
      vertex 13.4774 2.94005 0.799999
      vertex 13.5434 2.86597 0
      vertex 13.5434 2.86597 0.799999
    endloop
  endfacet
  facet normal -0.789238 -0.614087 0
    outer loop
      vertex 13.4774 2.94005 0
      vertex 13.4165 3.01832 0.799999
      vertex 13.4165 3.01832 0
    endloop
  endfacet
  facet normal -0.789238 -0.614087 0
    outer loop
      vertex 13.4165 3.01832 0.799999
      vertex 13.4774 2.94005 0
      vertex 13.4774 2.94005 0.799999
    endloop
  endfacet
  facet normal -0.894729 -0.446609 0
    outer loop
      vertex 13.3108 3.18608 0
      vertex 13.2665 3.27483 0.799999
      vertex 13.2665 3.27483 0
    endloop
  endfacet
  facet normal -0.894729 -0.446609 0
    outer loop
      vertex 13.2665 3.27483 0.799999
      vertex 13.3108 3.18608 0
      vertex 13.3108 3.18608 0.799999
    endloop
  endfacet
  facet normal -0.828089 -0.560596 0
    outer loop
      vertex 13.4165 3.01832 0
      vertex 13.3609 3.10045 0.799999
      vertex 13.3609 3.10045 0
    endloop
  endfacet
  facet normal -0.828089 -0.560596 0
    outer loop
      vertex 13.3609 3.10045 0.799999
      vertex 13.4165 3.01832 0
      vertex 13.4165 3.01832 0.799999
    endloop
  endfacet
  facet normal -0.945523 -0.325556 0
    outer loop
      vertex 13.2282 3.36631 0
      vertex 13.1959 3.46012 0.799999
      vertex 13.1959 3.46012 0
    endloop
  endfacet
  facet normal -0.945523 -0.325556 0
    outer loop
      vertex 13.1959 3.46012 0.799999
      vertex 13.2282 3.36631 0
      vertex 13.2282 3.36631 0.799999
    endloop
  endfacet
  facet normal -0.965302 -0.261138 0
    outer loop
      vertex 13.1959 3.46012 0
      vertex 13.17 3.55586 0.799999
      vertex 13.17 3.55586 0
    endloop
  endfacet
  facet normal -0.965302 -0.261138 0
    outer loop
      vertex 13.17 3.55586 0.799999
      vertex 13.1959 3.46012 0
      vertex 13.1959 3.46012 0.799999
    endloop
  endfacet
  facet normal -0.980484 -0.196601 0
    outer loop
      vertex 13.17 3.55586 0
      vertex 13.1505 3.65311 0.799999
      vertex 13.1505 3.65311 0
    endloop
  endfacet
  facet normal -0.980484 -0.196601 0
    outer loop
      vertex 13.1505 3.65311 0.799999
      vertex 13.17 3.55586 0
      vertex 13.17 3.55586 0.799999
    endloop
  endfacet
  facet normal -0.746653 0.665214 0
    outer loop
      vertex 13.4774 4.85995 0
      vertex 13.5434 4.93403 0.799999
      vertex 13.5434 4.93403 0
    endloop
  endfacet
  facet normal -0.746653 0.665214 0
    outer loop
      vertex 13.5434 4.93403 0.799999
      vertex 13.4774 4.85995 0
      vertex 13.4774 4.85995 0.799999
    endloop
  endfacet
  facet normal -0.309109 0.951027 0
    outer loop
      vertex 14.2139 5.34113 0
      vertex 14.1196 5.31048 0.799999
      vertex 14.2139 5.34113 0.799999
    endloop
  endfacet
  facet normal -0.309109 0.951027 0
    outer loop
      vertex 14.1196 5.31048 0.799999
      vertex 14.2139 5.34113 0
      vertex 14.1196 5.31048 0
    endloop
  endfacet
  facet normal -0.309109 -0.951027 0
    outer loop
      vertex 14.1196 2.48952 0
      vertex 14.2139 2.45887 0.799999
      vertex 14.1196 2.48952 0.799999
    endloop
  endfacet
  facet normal -0.309109 -0.951027 -0
    outer loop
      vertex 14.2139 2.45887 0.799999
      vertex 14.1196 2.48952 0
      vertex 14.2139 2.45887 0
    endloop
  endfacet
  facet normal -0.490137 -0.871645 0
    outer loop
      vertex 13.8515 2.61781 0
      vertex 13.938 2.56917 0.799999
      vertex 13.8515 2.61781 0.799999
    endloop
  endfacet
  facet normal -0.490137 -0.871645 -0
    outer loop
      vertex 13.938 2.56917 0.799999
      vertex 13.8515 2.61781 0
      vertex 13.938 2.56917 0
    endloop
  endfacet
  facet normal -0.652874 -0.757467 0
    outer loop
      vertex 13.6141 2.79641 0
      vertex 13.6892 2.73168 0.799999
      vertex 13.6141 2.79641 0.799999
    endloop
  endfacet
  facet normal -0.652874 -0.757467 -0
    outer loop
      vertex 13.6892 2.73168 0.799999
      vertex 13.6141 2.79641 0
      vertex 13.6892 2.73168 0
    endloop
  endfacet
  facet normal -0.863124 -0.504992 0
    outer loop
      vertex 13.3609 3.10045 0
      vertex 13.3108 3.18608 0.799999
      vertex 13.3108 3.18608 0
    endloop
  endfacet
  facet normal -0.863124 -0.504992 0
    outer loop
      vertex 13.3108 3.18608 0.799999
      vertex 13.3609 3.10045 0
      vertex 13.3609 3.10045 0.799999
    endloop
  endfacet
  facet normal -0.997784 -0.0665391 0
    outer loop
      vertex 13.1374 3.75143 0
      vertex 13.1308 3.8504 0.799999
      vertex 13.1308 3.8504 0
    endloop
  endfacet
  facet normal -0.997784 -0.0665391 0
    outer loop
      vertex 13.1308 3.8504 0.799999
      vertex 13.1374 3.75143 0
      vertex 13.1374 3.75143 0.799999
    endloop
  endfacet
  facet normal -0.600935 -0.799298 0
    outer loop
      vertex 13.6892 2.73168 0
      vertex 13.7685 2.67206 0.799999
      vertex 13.6892 2.73168 0.799999
    endloop
  endfacet
  facet normal -0.600935 -0.799298 -0
    outer loop
      vertex 13.7685 2.67206 0.799999
      vertex 13.6892 2.73168 0
      vertex 13.7685 2.67206 0
    endloop
  endfacet
  facet normal -0.431666 -0.902034 0
    outer loop
      vertex 13.938 2.56917 0
      vertex 14.0275 2.52634 0.799999
      vertex 13.938 2.56917 0.799999
    endloop
  endfacet
  facet normal -0.431666 -0.902034 -0
    outer loop
      vertex 14.0275 2.52634 0.799999
      vertex 13.938 2.56917 0
      vertex 14.0275 2.52634 0
    endloop
  endfacet
  facet normal -0.701336 -0.71283 0
    outer loop
      vertex 13.5434 2.86597 0
      vertex 13.6141 2.79641 0.799999
      vertex 13.5434 2.86597 0.799999
    endloop
  endfacet
  facet normal -0.701336 -0.71283 -0
    outer loop
      vertex 13.6141 2.79641 0.799999
      vertex 13.5434 2.86597 0
      vertex 13.6141 2.79641 0
    endloop
  endfacet
  facet normal -0.922419 -0.38619 0
    outer loop
      vertex 13.2665 3.27483 0
      vertex 13.2282 3.36631 0.799999
      vertex 13.2282 3.36631 0
    endloop
  endfacet
  facet normal -0.922419 -0.38619 0
    outer loop
      vertex 13.2282 3.36631 0.799999
      vertex 13.2665 3.27483 0
      vertex 13.2665 3.27483 0.799999
    endloop
  endfacet
  facet normal -0.99124 -0.132071 0
    outer loop
      vertex 13.1505 3.65311 0
      vertex 13.1374 3.75143 0.799999
      vertex 13.1374 3.75143 0
    endloop
  endfacet
  facet normal -0.99124 -0.132071 0
    outer loop
      vertex 13.1374 3.75143 0.799999
      vertex 13.1505 3.65311 0
      vertex 13.1505 3.65311 0.799999
    endloop
  endfacet
  facet normal -0.245595 -0.969372 0
    outer loop
      vertex 14.2139 2.45887 0
      vertex 14.275 2.44339 0.799999
      vertex 14.2139 2.45887 0.799999
    endloop
  endfacet
  facet normal -0.245595 -0.969372 -0
    outer loop
      vertex 14.275 2.44339 0.799999
      vertex 14.2139 2.45887 0
      vertex 14.275 2.44339 0
    endloop
  endfacet
  facet normal -0.371217 -0.928546 0
    outer loop
      vertex 14.0275 2.52634 0
      vertex 14.1196 2.48952 0.799999
      vertex 14.0275 2.52634 0.799999
    endloop
  endfacet
  facet normal -0.371217 -0.928546 -0
    outer loop
      vertex 14.1196 2.48952 0.799999
      vertex 14.0275 2.52634 0
      vertex 14.1196 2.48952 0
    endloop
  endfacet
  facet normal 0.986372 0.16453 0
    outer loop
      vertex 2.6569 12.0978 0.799999
      vertex 2.64057 12.1957 0
      vertex 2.64057 12.1957 0.799999
    endloop
  endfacet
  facet normal 0.986372 0.16453 0
    outer loop
      vertex 2.64057 12.1957 0
      vertex 2.6569 12.0978 0.799999
      vertex 2.6569 12.0978 0
    endloop
  endfacet
  facet normal 0.677375 0.735638 -0
    outer loop
      vertex 2.22186 12.9694 0
      vertex 2.14888 13.0366 0.799999
      vertex 2.22186 12.9694 0.799999
    endloop
  endfacet
  facet normal 0.677375 0.735638 0
    outer loop
      vertex 2.14888 13.0366 0.799999
      vertex 2.22186 12.9694 0
      vertex 2.14888 13.0366 0
    endloop
  endfacet
  facet normal 0.909071 0.416641 0
    outer loop
      vertex 2.55343 12.4797 0.799999
      vertex 2.51209 12.5699 0
      vertex 2.51209 12.5699 0.799999
    endloop
  endfacet
  facet normal 0.909071 0.416641 0
    outer loop
      vertex 2.51209 12.5699 0
      vertex 2.55343 12.4797 0.799999
      vertex 2.55343 12.4797 0
    endloop
  endfacet
  facet normal 0.340675 0.940181 -0
    outer loop
      vertex 1.7268 13.2928 0
      vertex 1.63352 13.3266 0.799999
      vertex 1.7268 13.2928 0.799999
    endloop
  endfacet
  facet normal 0.340675 0.940181 0
    outer loop
      vertex 1.63352 13.3266 0.799999
      vertex 1.7268 13.2928 0
      vertex 1.63352 13.3266 0
    endloop
  endfacet
  facet normal 0.973295 0.229556 0
    outer loop
      vertex 2.64057 12.1957 0.799999
      vertex 2.61781 12.2922 0
      vertex 2.61781 12.2922 0.799999
    endloop
  endfacet
  facet normal 0.973295 0.229556 0
    outer loop
      vertex 2.61781 12.2922 0
      vertex 2.64057 12.1957 0.799999
      vertex 2.64057 12.1957 0
    endloop
  endfacet
  facet normal 0.808867 0.587992 0
    outer loop
      vertex 2.41201 12.7411 0.799999
      vertex 2.35371 12.8213 0
      vertex 2.35371 12.8213 0.799999
    endloop
  endfacet
  facet normal 0.808867 0.587992 0
    outer loop
      vertex 2.35371 12.8213 0
      vertex 2.41201 12.7411 0.799999
      vertex 2.41201 12.7411 0
    endloop
  endfacet
  facet normal 0.724672 0.689094 0
    outer loop
      vertex 2.29023 12.8975 0.799999
      vertex 2.22186 12.9694 0
      vertex 2.22186 12.9694 0.799999
    endloop
  endfacet
  facet normal 0.724672 0.689094 0
    outer loop
      vertex 2.22186 12.9694 0
      vertex 2.29023 12.8975 0.799999
      vertex 2.29023 12.8975 0
    endloop
  endfacet
  facet normal 0.846319 0.532677 0
    outer loop
      vertex 2.46488 12.6571 0.799999
      vertex 2.41201 12.7411 0
      vertex 2.41201 12.7411 0.799999
    endloop
  endfacet
  facet normal 0.846319 0.532677 0
    outer loop
      vertex 2.41201 12.7411 0
      vertex 2.46488 12.6571 0.799999
      vertex 2.46488 12.6571 0
    endloop
  endfacet
  facet normal 0.277277 0.96079 -0
    outer loop
      vertex 1.63352 13.3266 0
      vertex 1.53823 13.3541 0.799999
      vertex 1.63352 13.3266 0.799999
    endloop
  endfacet
  facet normal 0.277277 0.96079 0
    outer loop
      vertex 1.53823 13.3541 0.799999
      vertex 1.63352 13.3266 0
      vertex 1.53823 13.3541 0
    endloop
  endfacet
  facet normal 0.627102 0.778937 -0
    outer loop
      vertex 2.14888 13.0366 0
      vertex 2.07162 13.0988 0.799999
      vertex 2.14888 13.0366 0.799999
    endloop
  endfacet
  facet normal 0.627102 0.778937 0
    outer loop
      vertex 2.07162 13.0988 0.799999
      vertex 2.14888 13.0366 0
      vertex 2.07162 13.0988 0
    endloop
  endfacet
  facet normal 0.401342 0.915928 -0
    outer loop
      vertex 1.81763 13.253 0
      vertex 1.7268 13.2928 0.799999
      vertex 1.81763 13.253 0.799999
    endloop
  endfacet
  facet normal 0.401342 0.915928 0
    outer loop
      vertex 1.7268 13.2928 0.799999
      vertex 1.81763 13.253 0
      vertex 1.7268 13.2928 0
    endloop
  endfacet
  facet normal 0.999453 -0.0330798 0
    outer loop
      vertex 2.66672 11.8009 0.799999
      vertex 2.67 11.9 0
      vertex 2.67 11.9 0.799999
    endloop
  endfacet
  facet normal 0.999453 -0.0330798 0
    outer loop
      vertex 2.67 11.9 0
      vertex 2.66672 11.8009 0.799999
      vertex 2.66672 11.8009 0
    endloop
  endfacet
  facet normal 0.46167 -0.887052 0
    outer loop
      vertex 1.81763 10.547 0
      vertex 1.90563 10.5928 0.799999
      vertex 1.81763 10.547 0.799999
    endloop
  endfacet
  facet normal 0.46167 -0.887052 0
    outer loop
      vertex 1.90563 10.5928 0.799999
      vertex 1.81763 10.547 0
      vertex 1.90563 10.5928 0
    endloop
  endfacet
  facet normal 0.934536 -0.35587 0
    outer loop
      vertex 2.55343 11.3203 0.799999
      vertex 2.58873 11.413 0
      vertex 2.58873 11.413 0.799999
    endloop
  endfacet
  facet normal 0.934536 -0.35587 0
    outer loop
      vertex 2.58873 11.413 0
      vertex 2.55343 11.3203 0.799999
      vertex 2.55343 11.3203 0
    endloop
  endfacet
  facet normal 0.846319 -0.532677 0
    outer loop
      vertex 2.41201 11.0589 0.799999
      vertex 2.46488 11.1429 0
      vertex 2.46488 11.1429 0.799999
    endloop
  endfacet
  facet normal 0.846319 -0.532677 0
    outer loop
      vertex 2.46488 11.1429 0
      vertex 2.41201 11.0589 0.799999
      vertex 2.41201 11.0589 0
    endloop
  endfacet
  facet normal 0.340675 -0.940181 0
    outer loop
      vertex 1.63352 10.4734 0
      vertex 1.7268 10.5072 0.799999
      vertex 1.63352 10.4734 0.799999
    endloop
  endfacet
  facet normal 0.340675 -0.940181 0
    outer loop
      vertex 1.7268 10.5072 0.799999
      vertex 1.63352 10.4734 0
      vertex 1.7268 10.5072 0
    endloop
  endfacet
  facet normal 0.956032 0.293264 0
    outer loop
      vertex 2.61781 12.2922 0.799999
      vertex 2.58873 12.387 0
      vertex 2.58873 12.387 0.799999
    endloop
  endfacet
  facet normal 0.956032 0.293264 0
    outer loop
      vertex 2.58873 12.387 0
      vertex 2.61781 12.2922 0.799999
      vertex 2.61781 12.2922 0
    endloop
  endfacet
  facet normal 0.934536 0.35587 0
    outer loop
      vertex 2.58873 12.387 0.799999
      vertex 2.55343 12.4797 0
      vertex 2.55343 12.4797 0.799999
    endloop
  endfacet
  facet normal 0.934536 0.35587 0
    outer loop
      vertex 2.55343 12.4797 0
      vertex 2.58873 12.387 0.799999
      vertex 2.58873 12.387 0
    endloop
  endfacet
  facet normal 0.76832 0.640065 0
    outer loop
      vertex 2.35371 12.8213 0.799999
      vertex 2.29023 12.8975 0
      vertex 2.29023 12.8975 0.799999
    endloop
  endfacet
  facet normal 0.76832 0.640065 0
    outer loop
      vertex 2.29023 12.8975 0
      vertex 2.35371 12.8213 0.799999
      vertex 2.35371 12.8213 0
    endloop
  endfacet
  facet normal 0.87939 0.476101 0
    outer loop
      vertex 2.51209 12.5699 0.799999
      vertex 2.46488 12.6571 0
      vertex 2.46488 12.6571 0.799999
    endloop
  endfacet
  facet normal 0.87939 0.476101 0
    outer loop
      vertex 2.46488 12.6571 0
      vertex 2.51209 12.5699 0.799999
      vertex 2.51209 12.5699 0
    endloop
  endfacet
  facet normal 0.214115 0.976808 -0
    outer loop
      vertex 1.53823 13.3541 0
      vertex 1.525 13.357 0.799999
      vertex 1.53823 13.3541 0.799999
    endloop
  endfacet
  facet normal 0.214115 0.976808 0
    outer loop
      vertex 1.525 13.357 0.799999
      vertex 1.53823 13.3541 0
      vertex 1.525 13.357 0
    endloop
  endfacet
  facet normal 0.46167 0.887052 -0
    outer loop
      vertex 1.90563 13.2072 0
      vertex 1.81763 13.253 0.799999
      vertex 1.90563 13.2072 0.799999
    endloop
  endfacet
  facet normal 0.46167 0.887052 0
    outer loop
      vertex 1.81763 13.253 0.799999
      vertex 1.90563 13.2072 0
      vertex 1.81763 13.253 0
    endloop
  endfacet
  facet normal 0.573868 0.818948 -0
    outer loop
      vertex 2.07162 13.0988 0
      vertex 1.99042 13.1557 0.799999
      vertex 2.07162 13.0988 0.799999
    endloop
  endfacet
  facet normal 0.573868 0.818948 0
    outer loop
      vertex 1.99042 13.1557 0.799999
      vertex 2.07162 13.0988 0
      vertex 1.99042 13.1557 0
    endloop
  endfacet
  facet normal 0.519128 0.854696 -0
    outer loop
      vertex 1.99042 13.1557 0
      vertex 1.90563 13.2072 0.799999
      vertex 1.99042 13.1557 0.799999
    endloop
  endfacet
  facet normal 0.519128 0.854696 0
    outer loop
      vertex 1.90563 13.2072 0.799999
      vertex 1.99042 13.1557 0
      vertex 1.90563 13.2072 0
    endloop
  endfacet
  facet normal 0.999453 0.0330798 0
    outer loop
      vertex 2.67 11.9 0.799999
      vertex 2.66672 11.9991 0
      vertex 2.66672 11.9991 0.799999
    endloop
  endfacet
  facet normal 0.999453 0.0330798 0
    outer loop
      vertex 2.66672 11.9991 0
      vertex 2.67 11.9 0.799999
      vertex 2.67 11.9 0
    endloop
  endfacet
  facet normal 0.973295 -0.229556 0
    outer loop
      vertex 2.61781 11.5078 0.799999
      vertex 2.64057 11.6043 0
      vertex 2.64057 11.6043 0.799999
    endloop
  endfacet
  facet normal 0.973295 -0.229556 0
    outer loop
      vertex 2.64057 11.6043 0
      vertex 2.61781 11.5078 0.799999
      vertex 2.61781 11.5078 0
    endloop
  endfacet
  facet normal 0.986372 -0.16453 0
    outer loop
      vertex 2.64057 11.6043 0.799999
      vertex 2.6569 11.7022 0
      vertex 2.6569 11.7022 0.799999
    endloop
  endfacet
  facet normal 0.986372 -0.16453 0
    outer loop
      vertex 2.6569 11.7022 0
      vertex 2.64057 11.6043 0.799999
      vertex 2.64057 11.6043 0
    endloop
  endfacet
  facet normal 0.401342 -0.915928 0
    outer loop
      vertex 1.7268 10.5072 0
      vertex 1.81763 10.547 0.799999
      vertex 1.7268 10.5072 0.799999
    endloop
  endfacet
  facet normal 0.401342 -0.915928 0
    outer loop
      vertex 1.81763 10.547 0.799999
      vertex 1.7268 10.5072 0
      vertex 1.81763 10.547 0
    endloop
  endfacet
  facet normal 0.995087 0.0990046 0
    outer loop
      vertex 2.66672 11.9991 0.799999
      vertex 2.6569 12.0978 0
      vertex 2.6569 12.0978 0.799999
    endloop
  endfacet
  facet normal 0.995087 0.0990046 0
    outer loop
      vertex 2.6569 12.0978 0
      vertex 2.66672 11.9991 0.799999
      vertex 2.66672 11.9991 0
    endloop
  endfacet
  facet normal 0 0 1
    outer loop
      vertex 2.09 11.9 0.799999
      vertex 2.67 11.9 0.799999
      vertex 2.66672 11.9991 0.799999
    endloop
  endfacet
  facet normal 0 0 1
    outer loop
      vertex 2.08543 11.9916 0.799999
      vertex 2.66672 11.9991 0.799999
      vertex 2.6569 12.0978 0.799999
    endloop
  endfacet
  facet normal 0 0 1
    outer loop
      vertex 2.67 11.9 0.799999
      vertex 2.09 11.9 0.799999
      vertex 2.66672 11.8009 0.799999
    endloop
  endfacet
  facet normal 0 0 1
    outer loop
      vertex 2.07176 12.0823 0.799999
      vertex 2.6569 12.0978 0.799999
      vertex 2.64057 12.1957 0.799999
    endloop
  endfacet
  facet normal -0 0 1
    outer loop
      vertex 2.08583 11.8164 0.799999
      vertex 2.66672 11.8009 0.799999
      vertex 2.09 11.9 0.799999
    endloop
  endfacet
  facet normal 0 0 1
    outer loop
      vertex 2.06979 12.09 0.799999
      vertex 2.64057 12.1957 0.799999
      vertex 2.61781 12.2922 0.799999
    endloop
  endfacet
  facet normal -0 0 1
    outer loop
      vertex 2.08543 11.8084 0.799999
      vertex 2.66672 11.8009 0.799999
      vertex 2.08583 11.8164 0.799999
    endloop
  endfacet
  facet normal 0 0 1
    outer loop
      vertex 2.04913 12.1712 0.799999
      vertex 2.61781 12.2922 0.799999
      vertex 2.58873 12.387 0.799999
    endloop
  endfacet
  facet normal 0 0 1
    outer loop
      vertex 2.66672 11.8009 0.799999
      vertex 2.08543 11.8084 0.799999
      vertex 2.6569 11.7022 0.799999
    endloop
  endfacet
  facet normal 0 0 1
    outer loop
      vertex 2.02049 12.2499 0.799999
      vertex 2.58873 12.387 0.799999
      vertex 2.55343 12.4797 0.799999
    endloop
  endfacet
  facet normal -0 0 1
    outer loop
      vertex 2.08424 11.8005 0.799999
      vertex 2.6569 11.7022 0.799999
      vertex 2.08543 11.8084 0.799999
    endloop
  endfacet
  facet normal 0 0 1
    outer loop
      vertex 2.01776 12.2574 0.799999
      vertex 2.55343 12.4797 0.799999
      vertex 2.51209 12.5699 0.799999
    endloop
  endfacet
  facet normal -0 0 1
    outer loop
      vertex 2.07176 11.7177 0.799999
      vertex 2.6569 11.7022 0.799999
      vertex 2.08424 11.8005 0.799999
    endloop
  endfacet
  facet normal 0 0 1
    outer loop
      vertex 1.97796 12.34 0.799999
      vertex 2.51209 12.5699 0.799999
      vertex 2.46488 12.6571 0.799999
    endloop
  endfacet
  facet normal 0 0 1
    outer loop
      vertex 2.6569 11.7022 0.799999
      vertex 2.07176 11.7177 0.799999
      vertex 2.64057 11.6043 0.799999
    endloop
  endfacet
  facet normal 0 0 1
    outer loop
      vertex 1.9343 12.4114 0.799999
      vertex 2.46488 12.6571 0.799999
      vertex 2.41201 12.7411 0.799999
    endloop
  endfacet
  facet normal -0 0 1
    outer loop
      vertex 2.06979 11.71 0.799999
      vertex 2.64057 11.6043 0.799999
      vertex 2.07176 11.7177 0.799999
    endloop
  endfacet
  facet normal 0 0 1
    outer loop
      vertex 1.92532 12.4246 0.799999
      vertex 2.41201 12.7411 0.799999
      vertex 2.35371 12.8213 0.799999
    endloop
  endfacet
  facet normal 0 0 1
    outer loop
      vertex 2.64057 11.6043 0.799999
      vertex 2.06979 11.71 0.799999
      vertex 2.61781 11.5078 0.799999
    endloop
  endfacet
  facet normal 0 0 1
    outer loop
      vertex 1.87476 12.4914 0.799999
      vertex 2.35371 12.8213 0.799999
      vertex 2.29023 12.8975 0.799999
    endloop
  endfacet
  facet normal -0 0 1
    outer loop
      vertex 2.04913 11.6288 0.799999
      vertex 2.61781 11.5078 0.799999
      vertex 2.06979 11.71 0.799999
    endloop
  endfacet
  facet normal 0 0 1
    outer loop
      vertex 1.81238 12.5586 0.799999
      vertex 2.29023 12.8975 0.799999
      vertex 2.22186 12.9694 0.799999
    endloop
  endfacet
  facet normal 0 0 1
    outer loop
      vertex 2.61781 11.5078 0.799999
      vertex 2.04913 11.6288 0.799999
      vertex 2.58873 11.413 0.799999
    endloop
  endfacet
  facet normal 0 0 1
    outer loop
      vertex 1.8064 12.5639 0.799999
      vertex 2.22186 12.9694 0.799999
      vertex 2.14888 13.0366 0.799999
    endloop
  endfacet
  facet normal -0 0 1
    outer loop
      vertex 2.02049 11.5501 0.799999
      vertex 2.58873 11.413 0.799999
      vertex 2.04913 11.6288 0.799999
    endloop
  endfacet
  facet normal 0 0 1
    outer loop
      vertex 2.58873 11.413 0.799999
      vertex 2.02049 11.5501 0.799999
      vertex 2.55343 11.3203 0.799999
    endloop
  endfacet
  facet normal 0 0 1
    outer loop
      vertex 2.66672 11.9991 0.799999
      vertex 2.08543 11.9916 0.799999
      vertex 2.09 11.9 0.799999
    endloop
  endfacet
  facet normal 0 0 1
    outer loop
      vertex 2.6569 12.0978 0.799999
      vertex 2.08424 11.9995 0.799999
      vertex 2.08543 11.9916 0.799999
    endloop
  endfacet
  facet normal 0 0 1
    outer loop
      vertex 2.6569 12.0978 0.799999
      vertex 2.07176 12.0823 0.799999
      vertex 2.08424 11.9995 0.799999
    endloop
  endfacet
  facet normal 0 0 1
    outer loop
      vertex 1.74361 12.6193 0.799999
      vertex 2.14888 13.0366 0.799999
      vertex 2.07162 13.0988 0.799999
    endloop
  endfacet
  facet normal 0 0 1
    outer loop
      vertex 2.64057 12.1957 0.799999
      vertex 2.06979 12.09 0.799999
      vertex 2.07176 12.0823 0.799999
    endloop
  endfacet
  facet normal 0 0 1
    outer loop
      vertex 2.61781 12.2922 0.799999
      vertex 2.04913 12.1712 0.799999
      vertex 2.06979 12.09 0.799999
    endloop
  endfacet
  facet normal 0 0 1
    outer loop
      vertex 2.58873 12.387 0.799999
      vertex 2.02049 12.2499 0.799999
      vertex 2.04913 12.1712 0.799999
    endloop
  endfacet
  facet normal 0 0 1
    outer loop
      vertex 2.55343 12.4797 0.799999
      vertex 2.01776 12.2574 0.799999
      vertex 2.02049 12.2499 0.799999
    endloop
  endfacet
  facet normal 0 0 1
    outer loop
      vertex 1.67562 12.6682 0.799999
      vertex 2.07162 13.0988 0.799999
      vertex 1.99042 13.1557 0.799999
    endloop
  endfacet
  facet normal 0 0 1
    outer loop
      vertex 2.51209 12.5699 0.799999
      vertex 1.98142 12.3328 0.799999
      vertex 2.01776 12.2574 0.799999
    endloop
  endfacet
  facet normal 0 0 1
    outer loop
      vertex 2.51209 12.5699 0.799999
      vertex 1.97796 12.34 0.799999
      vertex 1.98142 12.3328 0.799999
    endloop
  endfacet
  facet normal 0 0 1
    outer loop
      vertex 2.46488 12.6571 0.799999
      vertex 1.9343 12.4114 0.799999
      vertex 1.97796 12.34 0.799999
    endloop
  endfacet
  facet normal 0 0 1
    outer loop
      vertex 2.41201 12.7411 0.799999
      vertex 1.93014 12.4183 0.799999
      vertex 1.9343 12.4114 0.799999
    endloop
  endfacet
  facet normal 0 0 1
    outer loop
      vertex 2.41201 12.7411 0.799999
      vertex 1.92532 12.4246 0.799999
      vertex 1.93014 12.4183 0.799999
    endloop
  endfacet
  facet normal 0 0 1
    outer loop
      vertex 1.66223 12.6768 0.799999
      vertex 1.99042 13.1557 0.799999
      vertex 1.90563 13.2072 0.799999
    endloop
  endfacet
  facet normal 0 0 1
    outer loop
      vertex 2.35371 12.8213 0.799999
      vertex 1.87476 12.4914 0.799999
      vertex 1.92532 12.4246 0.799999
    endloop
  endfacet
  facet normal 0 0 1
    outer loop
      vertex 2.29023 12.8975 0.799999
      vertex 1.86934 12.4972 0.799999
      vertex 1.87476 12.4914 0.799999
    endloop
  endfacet
  facet normal 0 0 1
    outer loop
      vertex 1.58971 12.7187 0.799999
      vertex 1.90563 13.2072 0.799999
      vertex 1.81763 13.253 0.799999
    endloop
  endfacet
  facet normal 0 0 1
    outer loop
      vertex 2.29023 12.8975 0.799999
      vertex 1.81238 12.5586 0.799999
      vertex 1.86934 12.4972 0.799999
    endloop
  endfacet
  facet normal 0 0 1
    outer loop
      vertex 2.22186 12.9694 0.799999
      vertex 1.8064 12.5639 0.799999
      vertex 1.81238 12.5586 0.799999
    endloop
  endfacet
  facet normal 0 0 1
    outer loop
      vertex 2.14888 13.0366 0.799999
      vertex 1.74361 12.6193 0.799999
      vertex 1.8064 12.5639 0.799999
    endloop
  endfacet
  facet normal 0 0 1
    outer loop
      vertex 1.525 12.7479 0.799999
      vertex 1.81763 13.253 0.799999
      vertex 1.7268 13.2928 0.799999
    endloop
  endfacet
  facet normal 0 0 1
    outer loop
      vertex 2.07162 13.0988 0.799999
      vertex 1.67562 12.6682 0.799999
      vertex 1.74361 12.6193 0.799999
    endloop
  endfacet
  facet normal 0 0 1
    outer loop
      vertex 1.99042 13.1557 0.799999
      vertex 1.66914 12.6728 0.799999
      vertex 1.67562 12.6682 0.799999
    endloop
  endfacet
  facet normal 0 0 1
    outer loop
      vertex 1.99042 13.1557 0.799999
      vertex 1.66223 12.6768 0.799999
      vertex 1.66914 12.6728 0.799999
    endloop
  endfacet
  facet normal 0 0 1
    outer loop
      vertex 1.525 12.7479 0.799999
      vertex 1.7268 13.2928 0.799999
      vertex 1.63352 13.3266 0.799999
    endloop
  endfacet
  facet normal 0 0 1
    outer loop
      vertex 1.90563 13.2072 0.799999
      vertex 1.58971 12.7187 0.799999
      vertex 1.66223 12.6768 0.799999
    endloop
  endfacet
  facet normal 0 0 1
    outer loop
      vertex 1.525 12.7479 0.799999
      vertex 1.63352 13.3266 0.799999
      vertex 1.53823 13.3541 0.799999
    endloop
  endfacet
  facet normal 0 0 1
    outer loop
      vertex 1.525 12.7479 0.799999
      vertex 1.53823 13.3541 0.799999
      vertex 1.525 13.357 0.799999
    endloop
  endfacet
  facet normal 0 0 1
    outer loop
      vertex 1.81763 13.253 0.799999
      vertex 1.525 12.7479 0.799999
      vertex 1.58971 12.7187 0.799999
    endloop
  endfacet
  facet normal -0 0 1
    outer loop
      vertex 2.01776 11.5426 0.799999
      vertex 2.55343 11.3203 0.799999
      vertex 2.02049 11.5501 0.799999
    endloop
  endfacet
  facet normal 0 0 1
    outer loop
      vertex 2.55343 11.3203 0.799999
      vertex 2.01776 11.5426 0.799999
      vertex 2.51209 11.2301 0.799999
    endloop
  endfacet
  facet normal -0 0 1
    outer loop
      vertex 1.97796 11.46 0.799999
      vertex 2.51209 11.2301 0.799999
      vertex 2.01776 11.5426 0.799999
    endloop
  endfacet
  facet normal 0 0 1
    outer loop
      vertex 2.51209 11.2301 0.799999
      vertex 1.97796 11.46 0.799999
      vertex 2.46488 11.1429 0.799999
    endloop
  endfacet
  facet normal -0 0 1
    outer loop
      vertex 1.9343 11.3886 0.799999
      vertex 2.46488 11.1429 0.799999
      vertex 1.97796 11.46 0.799999
    endloop
  endfacet
  facet normal 0 0 1
    outer loop
      vertex 2.46488 11.1429 0.799999
      vertex 1.9343 11.3886 0.799999
      vertex 2.41201 11.0589 0.799999
    endloop
  endfacet
  facet normal -0 0 1
    outer loop
      vertex 1.93014 11.3817 0.799999
      vertex 2.41201 11.0589 0.799999
      vertex 1.9343 11.3886 0.799999
    endloop
  endfacet
  facet normal -0 0 1
    outer loop
      vertex 1.92532 11.3754 0.799999
      vertex 2.41201 11.0589 0.799999
      vertex 1.93014 11.3817 0.799999
    endloop
  endfacet
  facet normal 0 0 1
    outer loop
      vertex 2.41201 11.0589 0.799999
      vertex 1.92532 11.3754 0.799999
      vertex 2.35371 10.9787 0.799999
    endloop
  endfacet
  facet normal -0 0 1
    outer loop
      vertex 1.87476 11.3086 0.799999
      vertex 2.35371 10.9787 0.799999
      vertex 1.92532 11.3754 0.799999
    endloop
  endfacet
  facet normal 0 0 1
    outer loop
      vertex 2.35371 10.9787 0.799999
      vertex 1.87476 11.3086 0.799999
      vertex 2.29023 10.9025 0.799999
    endloop
  endfacet
  facet normal -0 0 1
    outer loop
      vertex 1.86934 11.3028 0.799999
      vertex 2.29023 10.9025 0.799999
      vertex 1.87476 11.3086 0.799999
    endloop
  endfacet
  facet normal -0 0 1
    outer loop
      vertex 1.81238 11.2414 0.799999
      vertex 2.29023 10.9025 0.799999
      vertex 1.86934 11.3028 0.799999
    endloop
  endfacet
  facet normal 0 0 1
    outer loop
      vertex 2.29023 10.9025 0.799999
      vertex 1.81238 11.2414 0.799999
      vertex 2.22186 10.8306 0.799999
    endloop
  endfacet
  facet normal -0 0 1
    outer loop
      vertex 1.8064 11.2361 0.799999
      vertex 2.22186 10.8306 0.799999
      vertex 1.81238 11.2414 0.799999
    endloop
  endfacet
  facet normal 0 0 1
    outer loop
      vertex 2.22186 10.8306 0.799999
      vertex 1.8064 11.2361 0.799999
      vertex 2.14888 10.7634 0.799999
    endloop
  endfacet
  facet normal -0 0 1
    outer loop
      vertex 1.74361 11.1807 0.799999
      vertex 2.14888 10.7634 0.799999
      vertex 1.8064 11.2361 0.799999
    endloop
  endfacet
  facet normal 0 0 1
    outer loop
      vertex 2.14888 10.7634 0.799999
      vertex 1.74361 11.1807 0.799999
      vertex 2.07162 10.7012 0.799999
    endloop
  endfacet
  facet normal -0 0 1
    outer loop
      vertex 1.73713 11.1761 0.799999
      vertex 2.07162 10.7012 0.799999
      vertex 1.74361 11.1807 0.799999
    endloop
  endfacet
  facet normal -0 0 1
    outer loop
      vertex 1.66914 11.1272 0.799999
      vertex 2.07162 10.7012 0.799999
      vertex 1.73713 11.1761 0.799999
    endloop
  endfacet
  facet normal 0 0 1
    outer loop
      vertex 2.07162 10.7012 0.799999
      vertex 1.66914 11.1272 0.799999
      vertex 1.99042 10.6442 0.799999
    endloop
  endfacet
  facet normal 0 0 1
    outer loop
      vertex 1.99042 10.6442 0.799999
      vertex 1.66914 11.1272 0.799999
      vertex 1.90563 10.5928 0.799999
    endloop
  endfacet
  facet normal -0 0 1
    outer loop
      vertex 1.59662 11.0853 0.799999
      vertex 1.90563 10.5928 0.799999
      vertex 1.66914 11.1272 0.799999
    endloop
  endfacet
  facet normal -0 0 1
    outer loop
      vertex 1.58971 11.0813 0.799999
      vertex 1.90563 10.5928 0.799999
      vertex 1.59662 11.0853 0.799999
    endloop
  endfacet
  facet normal 0 0 1
    outer loop
      vertex 1.90563 10.5928 0.799999
      vertex 1.58971 11.0813 0.799999
      vertex 1.81763 10.547 0.799999
    endloop
  endfacet
  facet normal -0 0 1
    outer loop
      vertex 1.525 11.0521 0.799999
      vertex 1.81763 10.547 0.799999
      vertex 1.58971 11.0813 0.799999
    endloop
  endfacet
  facet normal 0 0 1
    outer loop
      vertex 1.81763 10.547 0.799999
      vertex 1.525 11.0521 0.799999
      vertex 1.7268 10.5072 0.799999
    endloop
  endfacet
  facet normal 0 0 1
    outer loop
      vertex 1.7268 10.5072 0.799999
      vertex 1.525 11.0521 0.799999
      vertex 1.63352 10.4734 0.799999
    endloop
  endfacet
  facet normal 0 0 1
    outer loop
      vertex 1.63352 10.4734 0.799999
      vertex 1.525 11.0521 0.799999
      vertex 1.53823 10.4459 0.799999
    endloop
  endfacet
  facet normal 0 0 1
    outer loop
      vertex 1.53823 10.4459 0.799999
      vertex 1.525 11.0521 0.799999
      vertex 1.525 10.443 0.799999
    endloop
  endfacet
  facet normal 0.995087 -0.0990046 0
    outer loop
      vertex 2.6569 11.7022 0.799999
      vertex 2.66672 11.8009 0
      vertex 2.66672 11.8009 0.799999
    endloop
  endfacet
  facet normal 0.995087 -0.0990046 0
    outer loop
      vertex 2.66672 11.8009 0
      vertex 2.6569 11.7022 0.799999
      vertex 2.6569 11.7022 0
    endloop
  endfacet
  facet normal 0.956032 -0.293264 0
    outer loop
      vertex 2.58873 11.413 0.799999
      vertex 2.61781 11.5078 0
      vertex 2.61781 11.5078 0.799999
    endloop
  endfacet
  facet normal 0.956032 -0.293264 0
    outer loop
      vertex 2.61781 11.5078 0
      vertex 2.58873 11.413 0.799999
      vertex 2.58873 11.413 0
    endloop
  endfacet
  facet normal 0.76832 -0.640065 0
    outer loop
      vertex 2.29023 10.9025 0.799999
      vertex 2.35371 10.9787 0
      vertex 2.35371 10.9787 0.799999
    endloop
  endfacet
  facet normal 0.76832 -0.640065 0
    outer loop
      vertex 2.35371 10.9787 0
      vertex 2.29023 10.9025 0.799999
      vertex 2.29023 10.9025 0
    endloop
  endfacet
  facet normal 0.574544 -0.818474 0
    outer loop
      vertex 1.99042 10.6442 0
      vertex 2.07162 10.7012 0.799999
      vertex 1.99042 10.6442 0.799999
    endloop
  endfacet
  facet normal 0.574544 -0.818474 0
    outer loop
      vertex 2.07162 10.7012 0.799999
      vertex 1.99042 10.6442 0
      vertex 2.07162 10.7012 0
    endloop
  endfacet
  facet normal 0.214115 -0.976808 0
    outer loop
      vertex 1.525 10.443 0
      vertex 1.53823 10.4459 0.799999
      vertex 1.525 10.443 0.799999
    endloop
  endfacet
  facet normal 0.214115 -0.976808 0
    outer loop
      vertex 1.53823 10.4459 0.799999
      vertex 1.525 10.443 0
      vertex 1.53823 10.4459 0
    endloop
  endfacet
  facet normal 0.277277 -0.96079 0
    outer loop
      vertex 1.53823 10.4459 0
      vertex 1.63352 10.4734 0.799999
      vertex 1.53823 10.4459 0.799999
    endloop
  endfacet
  facet normal 0.277277 -0.96079 0
    outer loop
      vertex 1.63352 10.4734 0.799999
      vertex 1.53823 10.4459 0
      vertex 1.63352 10.4734 0
    endloop
  endfacet
  facet normal 0.909071 -0.416641 0
    outer loop
      vertex 2.51209 11.2301 0.799999
      vertex 2.55343 11.3203 0
      vertex 2.55343 11.3203 0.799999
    endloop
  endfacet
  facet normal 0.909071 -0.416641 0
    outer loop
      vertex 2.55343 11.3203 0
      vertex 2.51209 11.2301 0.799999
      vertex 2.51209 11.2301 0
    endloop
  endfacet
  facet normal 0.87939 -0.476101 0
    outer loop
      vertex 2.46488 11.1429 0.799999
      vertex 2.51209 11.2301 0
      vertex 2.51209 11.2301 0.799999
    endloop
  endfacet
  facet normal 0.87939 -0.476101 0
    outer loop
      vertex 2.51209 11.2301 0
      vertex 2.46488 11.1429 0.799999
      vertex 2.46488 11.1429 0
    endloop
  endfacet
  facet normal 0.808867 -0.587992 0
    outer loop
      vertex 2.35371 10.9787 0.799999
      vertex 2.41201 11.0589 0
      vertex 2.41201 11.0589 0.799999
    endloop
  endfacet
  facet normal 0.808867 -0.587992 0
    outer loop
      vertex 2.41201 11.0589 0
      vertex 2.35371 10.9787 0.799999
      vertex 2.35371 10.9787 0
    endloop
  endfacet
  facet normal 0.518391 -0.855144 0
    outer loop
      vertex 1.90563 10.5928 0
      vertex 1.99042 10.6442 0.799999
      vertex 1.90563 10.5928 0.799999
    endloop
  endfacet
  facet normal 0.518391 -0.855144 0
    outer loop
      vertex 1.99042 10.6442 0.799999
      vertex 1.90563 10.5928 0
      vertex 1.99042 10.6442 0
    endloop
  endfacet
  facet normal 0.724672 -0.689094 0
    outer loop
      vertex 2.22186 10.8306 0.799999
      vertex 2.29023 10.9025 0
      vertex 2.29023 10.9025 0.799999
    endloop
  endfacet
  facet normal 0.724672 -0.689094 0
    outer loop
      vertex 2.29023 10.9025 0
      vertex 2.22186 10.8306 0.799999
      vertex 2.22186 10.8306 0
    endloop
  endfacet
  facet normal 0.627102 -0.778937 0
    outer loop
      vertex 2.07162 10.7012 0
      vertex 2.14888 10.7634 0.799999
      vertex 2.07162 10.7012 0.799999
    endloop
  endfacet
  facet normal 0.627102 -0.778937 0
    outer loop
      vertex 2.14888 10.7634 0.799999
      vertex 2.07162 10.7012 0
      vertex 2.14888 10.7634 0
    endloop
  endfacet
  facet normal 0.677375 -0.735638 0
    outer loop
      vertex 2.14888 10.7634 0
      vertex 2.22186 10.8306 0.799999
      vertex 2.14888 10.7634 0.799999
    endloop
  endfacet
  facet normal 0.677375 -0.735638 0
    outer loop
      vertex 2.22186 10.8306 0.799999
      vertex 2.14888 10.7634 0
      vertex 2.22186 10.8306 0
    endloop
  endfacet
  facet normal -0.43224 0.901759 0
    outer loop
      vertex 14.0275 13.2737 0
      vertex 13.938 13.2308 0.799999
      vertex 14.0275 13.2737 0.799999
    endloop
  endfacet
  facet normal -0.43224 0.901759 0
    outer loop
      vertex 13.938 13.2308 0.799999
      vertex 14.0275 13.2737 0
      vertex 13.938 13.2308 0
    endloop
  endfacet
  facet normal -0.922449 0.386118 0
    outer loop
      vertex 13.2282 12.4337 0
      vertex 13.2665 12.5252 0.799999
      vertex 13.2665 12.5252 0
    endloop
  endfacet
  facet normal -0.922449 0.386118 0
    outer loop
      vertex 13.2665 12.5252 0.799999
      vertex 13.2282 12.4337 0
      vertex 13.2282 12.4337 0.799999
    endloop
  endfacet
  facet normal -0.746295 0.665615 0
    outer loop
      vertex 13.4774 12.86 0
      vertex 13.5434 12.934 0.799999
      vertex 13.5434 12.934 0
    endloop
  endfacet
  facet normal -0.746295 0.665615 0
    outer loop
      vertex 13.5434 12.934 0.799999
      vertex 13.4774 12.86 0
      vertex 13.4774 12.86 0.799999
    endloop
  endfacet
  facet normal -0.245894 0.969297 0
    outer loop
      vertex 14.275 13.3566 0
      vertex 14.2139 13.3411 0.799999
      vertex 14.275 13.3566 0.799999
    endloop
  endfacet
  facet normal -0.245894 0.969297 0
    outer loop
      vertex 14.2139 13.3411 0.799999
      vertex 14.275 13.3566 0
      vertex 14.2139 13.3411 0
    endloop
  endfacet
  facet normal -0.6527 -0.757616 0
    outer loop
      vertex 13.6141 10.7964 0
      vertex 13.6892 10.7317 0.799999
      vertex 13.6141 10.7964 0.799999
    endloop
  endfacet
  facet normal -0.6527 -0.757616 -0
    outer loop
      vertex 13.6892 10.7317 0.799999
      vertex 13.6141 10.7964 0
      vertex 13.6892 10.7317 0
    endloop
  endfacet
  facet normal -0.894629 -0.44681 0
    outer loop
      vertex 13.3108 11.1861 0
      vertex 13.2665 11.2748 0.799999
      vertex 13.2665 11.2748 0
    endloop
  endfacet
  facet normal -0.894629 -0.44681 0
    outer loop
      vertex 13.2665 11.2748 0.799999
      vertex 13.3108 11.1861 0
      vertex 13.3108 11.1861 0.799999
    endloop
  endfacet
  facet normal -0.997785 0.066519 0
    outer loop
      vertex 13.1308 11.9496 0
      vertex 13.1374 12.0486 0.799999
      vertex 13.1374 12.0486 0
    endloop
  endfacet
  facet normal -0.997785 0.066519 0
    outer loop
      vertex 13.1374 12.0486 0.799999
      vertex 13.1308 11.9496 0
      vertex 13.1308 11.9496 0.799999
    endloop
  endfacet
  facet normal -0.945512 0.325587 0
    outer loop
      vertex 13.1959 12.3399 0
      vertex 13.2282 12.4337 0.799999
      vertex 13.2282 12.4337 0
    endloop
  endfacet
  facet normal -0.945512 0.325587 0
    outer loop
      vertex 13.2282 12.4337 0.799999
      vertex 13.1959 12.3399 0
      vertex 13.1959 12.3399 0.799999
    endloop
  endfacet
  facet normal -0.980464 0.196698 0
    outer loop
      vertex 13.1505 12.1469 0
      vertex 13.17 12.2441 0.799999
      vertex 13.17 12.2441 0
    endloop
  endfacet
  facet normal -0.980464 0.196698 0
    outer loop
      vertex 13.17 12.2441 0.799999
      vertex 13.1505 12.1469 0
      vertex 13.1505 12.1469 0.799999
    endloop
  endfacet
  facet normal -0.828311 0.560269 0
    outer loop
      vertex 13.3609 12.6995 0
      vertex 13.4165 12.7817 0.799999
      vertex 13.4165 12.7817 0
    endloop
  endfacet
  facet normal -0.828311 0.560269 0
    outer loop
      vertex 13.4165 12.7817 0.799999
      vertex 13.3609 12.6995 0
      vertex 13.3609 12.6995 0.799999
    endloop
  endfacet
  facet normal -0.600806 0.799395 0
    outer loop
      vertex 13.7685 13.1279 0
      vertex 13.6892 13.0683 0.799999
      vertex 13.7685 13.1279 0.799999
    endloop
  endfacet
  facet normal -0.600806 0.799395 0
    outer loop
      vertex 13.6892 13.0683 0.799999
      vertex 13.7685 13.1279 0
      vertex 13.6892 13.0683 0
    endloop
  endfacet
  facet normal -0.6527 0.757616 0
    outer loop
      vertex 13.6892 13.0683 0
      vertex 13.6141 13.0036 0.799999
      vertex 13.6892 13.0683 0.799999
    endloop
  endfacet
  facet normal -0.6527 0.757616 0
    outer loop
      vertex 13.6141 13.0036 0.799999
      vertex 13.6892 13.0683 0
      vertex 13.6141 13.0036 0
    endloop
  endfacet
  facet normal -0.489831 0.871818 0
    outer loop
      vertex 13.938 13.2308 0
      vertex 13.8515 13.1822 0.799999
      vertex 13.938 13.2308 0.799999
    endloop
  endfacet
  facet normal -0.489831 0.871818 0
    outer loop
      vertex 13.8515 13.1822 0.799999
      vertex 13.938 13.2308 0
      vertex 13.8515 13.1822 0
    endloop
  endfacet
  facet normal -0.701541 0.712629 0
    outer loop
      vertex 13.6141 13.0036 0
      vertex 13.5434 12.934 0.799999
      vertex 13.6141 13.0036 0.799999
    endloop
  endfacet
  facet normal -0.701541 0.712629 0
    outer loop
      vertex 13.5434 12.934 0.799999
      vertex 13.6141 13.0036 0
      vertex 13.5434 12.934 0
    endloop
  endfacet
  facet normal -0.789352 -0.613941 0
    outer loop
      vertex 13.4774 10.94 0
      vertex 13.4165 11.0183 0.799999
      vertex 13.4165 11.0183 0
    endloop
  endfacet
  facet normal -0.789352 -0.613941 0
    outer loop
      vertex 13.4165 11.0183 0.799999
      vertex 13.4774 10.94 0
      vertex 13.4774 10.94 0.799999
    endloop
  endfacet
  facet normal -1 0 0
    outer loop
      vertex 13.1308 11.8504 0
      vertex 13.1308 11.9496 0.799999
      vertex 13.1308 11.9496 0
    endloop
  endfacet
  facet normal -1 -0 0
    outer loop
      vertex 13.1308 11.9496 0.799999
      vertex 13.1308 11.8504 0
      vertex 13.1308 11.8504 0.799999
    endloop
  endfacet
  facet normal -0.991237 0.132098 0
    outer loop
      vertex 13.1374 12.0486 0
      vertex 13.1505 12.1469 0.799999
      vertex 13.1505 12.1469 0
    endloop
  endfacet
  facet normal -0.991237 0.132098 0
    outer loop
      vertex 13.1505 12.1469 0.799999
      vertex 13.1374 12.0486 0
      vertex 13.1374 12.0486 0.799999
    endloop
  endfacet
  facet normal -0.894629 0.44681 0
    outer loop
      vertex 13.2665 12.5252 0
      vertex 13.3108 12.6139 0.799999
      vertex 13.3108 12.6139 0
    endloop
  endfacet
  facet normal -0.894629 0.44681 0
    outer loop
      vertex 13.3108 12.6139 0.799999
      vertex 13.2665 12.5252 0
      vertex 13.2665 12.5252 0.799999
    endloop
  endfacet
  facet normal -0.789352 0.613941 0
    outer loop
      vertex 13.4165 12.7817 0
      vertex 13.4774 12.86 0.799999
      vertex 13.4774 12.86 0
    endloop
  endfacet
  facet normal -0.789352 0.613941 0
    outer loop
      vertex 13.4774 12.86 0.799999
      vertex 13.4165 12.7817 0
      vertex 13.4165 12.7817 0.799999
    endloop
  endfacet
  facet normal -0.371043 0.928616 0
    outer loop
      vertex 14.1196 13.3105 0
      vertex 14.0275 13.2737 0.799999
      vertex 14.1196 13.3105 0.799999
    endloop
  endfacet
  facet normal -0.371043 0.928616 0
    outer loop
      vertex 14.0275 13.2737 0.799999
      vertex 14.1196 13.3105 0
      vertex 14.0275 13.2737 0
    endloop
  endfacet
  facet normal -0.945512 -0.325587 0
    outer loop
      vertex 13.2282 11.3663 0
      vertex 13.1959 11.4601 0.799999
      vertex 13.1959 11.4601 0
    endloop
  endfacet
  facet normal -0.945512 -0.325587 0
    outer loop
      vertex 13.1959 11.4601 0.799999
      vertex 13.2282 11.3663 0
      vertex 13.2282 11.3663 0.799999
    endloop
  endfacet
  facet normal -0.965343 -0.260985 0
    outer loop
      vertex 13.1959 11.4601 0
      vertex 13.17 11.5559 0.799999
      vertex 13.17 11.5559 0
    endloop
  endfacet
  facet normal -0.965343 -0.260985 0
    outer loop
      vertex 13.17 11.5559 0.799999
      vertex 13.1959 11.4601 0
      vertex 13.1959 11.4601 0.799999
    endloop
  endfacet
  facet normal -0.863047 -0.505124 0
    outer loop
      vertex 13.3609 11.1005 0
      vertex 13.3108 11.1861 0.799999
      vertex 13.3108 11.1861 0
    endloop
  endfacet
  facet normal -0.863047 -0.505124 0
    outer loop
      vertex 13.3108 11.1861 0.799999
      vertex 13.3609 11.1005 0
      vertex 13.3609 11.1005 0.799999
    endloop
  endfacet
  facet normal -0.746295 -0.665615 0
    outer loop
      vertex 13.5434 10.866 0
      vertex 13.4774 10.94 0.799999
      vertex 13.4774 10.94 0
    endloop
  endfacet
  facet normal -0.746295 -0.665615 0
    outer loop
      vertex 13.4774 10.94 0.799999
      vertex 13.5434 10.866 0
      vertex 13.5434 10.866 0.799999
    endloop
  endfacet
  facet normal -0 0 1
    outer loop
      vertex 14.2139 13.3411 0.799999
      vertex 14.275 12.7478 0.799999
      vertex 14.275 13.3566 0.799999
    endloop
  endfacet
  facet normal -0 0 1
    outer loop
      vertex 14.1196 13.3105 0.799999
      vertex 14.275 12.7478 0.799999
      vertex 14.2139 13.3411 0.799999
    endloop
  endfacet
  facet normal -0 0 1
    outer loop
      vertex 14.0275 13.2737 0.799999
      vertex 14.275 12.7478 0.799999
      vertex 14.1196 13.3105 0.799999
    endloop
  endfacet
  facet normal 0 0 1
    outer loop
      vertex 14.275 12.7478 0.799999
      vertex 14.0275 13.2737 0.799999
      vertex 14.259 12.7415 0.799999
    endloop
  endfacet
  facet normal 0 0 1
    outer loop
      vertex 14.259 12.7415 0.799999
      vertex 14.0275 13.2737 0.799999
      vertex 14.2516 12.7386 0.799999
    endloop
  endfacet
  facet normal 0 0 1
    outer loop
      vertex 14.2516 12.7386 0.799999
      vertex 14.0275 13.2737 0.799999
      vertex 14.2445 12.7349 0.799999
    endloop
  endfacet
  facet normal -0 0 1
    outer loop
      vertex 13.938 13.2308 0.799999
      vertex 14.2445 12.7349 0.799999
      vertex 14.0275 13.2737 0.799999
    endloop
  endfacet
  facet normal 0 0 1
    outer loop
      vertex 14.2445 12.7349 0.799999
      vertex 13.938 13.2308 0.799999
      vertex 14.17 12.6967 0.799999
    endloop
  endfacet
  facet normal -0 0 1
    outer loop
      vertex 13.8515 13.1822 0.799999
      vertex 14.17 12.6967 0.799999
      vertex 13.938 13.2308 0.799999
    endloop
  endfacet
  facet normal 0 0 1
    outer loop
      vertex 14.17 12.6967 0.799999
      vertex 13.8515 13.1822 0.799999
      vertex 14.0997 12.6513 0.799999
    endloop
  endfacet
  facet normal -0 0 1
    outer loop
      vertex 13.7685 13.1279 0.799999
      vertex 14.0997 12.6513 0.799999
      vertex 13.8515 13.1822 0.799999
    endloop
  endfacet
  facet normal 0 0 1
    outer loop
      vertex 14.0997 12.6513 0.799999
      vertex 13.7685 13.1279 0.799999
      vertex 14.093 12.647 0.799999
    endloop
  endfacet
  facet normal 0 0 1
    outer loop
      vertex 14.093 12.647 0.799999
      vertex 13.7685 13.1279 0.799999
      vertex 14.0867 12.642 0.799999
    endloop
  endfacet
  facet normal -0 0 1
    outer loop
      vertex 13.6892 13.0683 0.799999
      vertex 14.0867 12.642 0.799999
      vertex 13.7685 13.1279 0.799999
    endloop
  endfacet
  facet normal 0 0 1
    outer loop
      vertex 14.0867 12.642 0.799999
      vertex 13.6892 13.0683 0.799999
      vertex 14.0212 12.5898 0.799999
    endloop
  endfacet
  facet normal -0 0 1
    outer loop
      vertex 13.6141 13.0036 0.799999
      vertex 14.0212 12.5898 0.799999
      vertex 13.6892 13.0683 0.799999
    endloop
  endfacet
  facet normal 0 0 1
    outer loop
      vertex 14.0212 12.5898 0.799999
      vertex 13.6141 13.0036 0.799999
      vertex 13.9613 12.5313 0.799999
    endloop
  endfacet
  facet normal -0 0 1
    outer loop
      vertex 13.5434 12.934 0.799999
      vertex 13.9613 12.5313 0.799999
      vertex 13.6141 13.0036 0.799999
    endloop
  endfacet
  facet normal 0 0 1
    outer loop
      vertex 13.9613 12.5313 0.799999
      vertex 13.5434 12.934 0.799999
      vertex 13.9556 12.5258 0.799999
    endloop
  endfacet
  facet normal -0 0 1
    outer loop
      vertex 13.4774 12.86 0.799999
      vertex 13.9556 12.5258 0.799999
      vertex 13.5434 12.934 0.799999
    endloop
  endfacet
  facet normal 0 0 1
    outer loop
      vertex 13.9556 12.5258 0.799999
      vertex 13.4774 12.86 0.799999
      vertex 13.8966 12.4555 0.799999
    endloop
  endfacet
  facet normal -0 0 1
    outer loop
      vertex 13.4165 12.7817 0.799999
      vertex 13.8966 12.4555 0.799999
      vertex 13.4774 12.86 0.799999
    endloop
  endfacet
  facet normal 0 0 1
    outer loop
      vertex 13.8966 12.4555 0.799999
      vertex 13.4165 12.7817 0.799999
      vertex 13.8921 12.4489 0.799999
    endloop
  endfacet
  facet normal 0 0 1
    outer loop
      vertex 13.8921 12.4489 0.799999
      vertex 13.4165 12.7817 0.799999
      vertex 13.845 12.3797 0.799999
    endloop
  endfacet
  facet normal -0 0 1
    outer loop
      vertex 13.3609 12.6995 0.799999
      vertex 13.845 12.3797 0.799999
      vertex 13.4165 12.7817 0.799999
    endloop
  endfacet
  facet normal -0 0 1
    outer loop
      vertex 13.3108 12.6139 0.799999
      vertex 13.845 12.3797 0.799999
      vertex 13.3609 12.6995 0.799999
    endloop
  endfacet
  facet normal 0 0 1
    outer loop
      vertex 13.845 12.3797 0.799999
      vertex 13.3108 12.6139 0.799999
      vertex 13.8011 12.2992 0.799999
    endloop
  endfacet
  facet normal 0 0 1
    outer loop
      vertex 13.8011 12.2992 0.799999
      vertex 13.2665 12.5252 0.799999
      vertex 13.7686 12.222 0.799999
    endloop
  endfacet
  facet normal -0 0 1
    outer loop
      vertex 13.2665 12.5252 0.799999
      vertex 13.8011 12.2992 0.799999
      vertex 13.3108 12.6139 0.799999
    endloop
  endfacet
  facet normal 0 0 1
    outer loop
      vertex 14.0275 10.5263 0.799999
      vertex 14.275 11.0522 0.799999
      vertex 14.2516 11.0614 0.799999
    endloop
  endfacet
  facet normal 0 0 1
    outer loop
      vertex 14.275 11.0522 0.799999
      vertex 14.2139 10.4589 0.799999
      vertex 14.275 10.4434 0.799999
    endloop
  endfacet
  facet normal 0 0 1
    outer loop
      vertex 13.938 10.5692 0.799999
      vertex 14.2516 11.0614 0.799999
      vertex 14.1771 11.0996 0.799999
    endloop
  endfacet
  facet normal 0 0 1
    outer loop
      vertex 13.938 10.5692 0.799999
      vertex 14.1771 11.0996 0.799999
      vertex 14.17 11.1033 0.799999
    endloop
  endfacet
  facet normal 0 0 1
    outer loop
      vertex 14.275 11.0522 0.799999
      vertex 14.1196 10.4895 0.799999
      vertex 14.2139 10.4589 0.799999
    endloop
  endfacet
  facet normal 0 0 1
    outer loop
      vertex 13.8515 10.6178 0.799999
      vertex 14.17 11.1033 0.799999
      vertex 14.0997 11.1487 0.799999
    endloop
  endfacet
  facet normal 0 0 1
    outer loop
      vertex 13.7685 10.6721 0.799999
      vertex 14.0997 11.1487 0.799999
      vertex 14.093 11.153 0.799999
    endloop
  endfacet
  facet normal 0 0 1
    outer loop
      vertex 13.7685 10.6721 0.799999
      vertex 14.093 11.153 0.799999
      vertex 14.0867 11.158 0.799999
    endloop
  endfacet
  facet normal 0 0 1
    outer loop
      vertex 14.275 11.0522 0.799999
      vertex 14.0275 10.5263 0.799999
      vertex 14.1196 10.4895 0.799999
    endloop
  endfacet
  facet normal 0 0 1
    outer loop
      vertex 13.6892 10.7317 0.799999
      vertex 14.0867 11.158 0.799999
      vertex 14.0212 11.2102 0.799999
    endloop
  endfacet
  facet normal 0 0 1
    outer loop
      vertex 13.6141 10.7964 0.799999
      vertex 14.0212 11.2102 0.799999
      vertex 14.0155 11.2158 0.799999
    endloop
  endfacet
  facet normal 0 0 1
    outer loop
      vertex 13.6141 10.7964 0.799999
      vertex 14.0155 11.2158 0.799999
      vertex 13.9556 11.2742 0.799999
    endloop
  endfacet
  facet normal 0 0 1
    outer loop
      vertex 14.2516 11.0614 0.799999
      vertex 13.938 10.5692 0.799999
      vertex 14.0275 10.5263 0.799999
    endloop
  endfacet
  facet normal 0 0 1
    outer loop
      vertex 13.4774 10.94 0.799999
      vertex 13.9556 11.2742 0.799999
      vertex 13.8966 11.3445 0.799999
    endloop
  endfacet
  facet normal 0 0 1
    outer loop
      vertex 14.17 11.1033 0.799999
      vertex 13.8515 10.6178 0.799999
      vertex 13.938 10.5692 0.799999
    endloop
  endfacet
  facet normal 0 0 1
    outer loop
      vertex 13.4165 11.0183 0.799999
      vertex 13.8966 11.3445 0.799999
      vertex 13.8495 11.4137 0.799999
    endloop
  endfacet
  facet normal 0 0 1
    outer loop
      vertex 13.3609 11.1005 0.799999
      vertex 13.8495 11.4137 0.799999
      vertex 13.845 11.4203 0.799999
    endloop
  endfacet
  facet normal 0 0 1
    outer loop
      vertex 13.3609 11.1005 0.799999
      vertex 13.845 11.4203 0.799999
      vertex 13.8412 11.4273 0.799999
    endloop
  endfacet
  facet normal 0 0 1
    outer loop
      vertex 13.3108 11.1861 0.799999
      vertex 13.8412 11.4273 0.799999
      vertex 13.8011 11.5008 0.799999
    endloop
  endfacet
  facet normal 0 0 1
    outer loop
      vertex 13.2665 11.2748 0.799999
      vertex 13.8011 11.5008 0.799999
      vertex 13.7686 11.578 0.799999
    endloop
  endfacet
  facet normal 0 0 1
    outer loop
      vertex 14.0997 11.1487 0.799999
      vertex 13.7685 10.6721 0.799999
      vertex 13.8515 10.6178 0.799999
    endloop
  endfacet
  facet normal 0 0 1
    outer loop
      vertex 13.2282 11.3663 0.799999
      vertex 13.7686 11.578 0.799999
      vertex 13.7655 11.5853 0.799999
    endloop
  endfacet
  facet normal 0 0 1
    outer loop
      vertex 13.1959 11.4601 0.799999
      vertex 13.7655 11.5853 0.799999
      vertex 13.7384 11.673 0.799999
    endloop
  endfacet
  facet normal 0 0 1
    outer loop
      vertex 13.17 11.5559 0.799999
      vertex 13.7384 11.673 0.799999
      vertex 13.7369 11.6808 0.799999
    endloop
  endfacet
  facet normal 0 0 1
    outer loop
      vertex 13.17 11.5559 0.799999
      vertex 13.7369 11.6808 0.799999
      vertex 13.7203 11.7629 0.799999
    endloop
  endfacet
  facet normal 0 0 1
    outer loop
      vertex 13.1505 11.6531 0.799999
      vertex 13.7203 11.7629 0.799999
      vertex 13.7195 11.7708 0.799999
    endloop
  endfacet
  facet normal 0 0 1
    outer loop
      vertex 13.1374 11.7514 0.799999
      vertex 13.7195 11.7708 0.799999
      vertex 13.7111 11.8541 0.799999
    endloop
  endfacet
  facet normal 0 0 1
    outer loop
      vertex 14.0867 11.158 0.799999
      vertex 13.6892 10.7317 0.799999
      vertex 13.7685 10.6721 0.799999
    endloop
  endfacet
  facet normal -0 0 1
    outer loop
      vertex 13.2282 12.4337 0.799999
      vertex 13.7686 12.222 0.799999
      vertex 13.2665 12.5252 0.799999
    endloop
  endfacet
  facet normal 0 0 1
    outer loop
      vertex 13.7686 12.222 0.799999
      vertex 13.2282 12.4337 0.799999
      vertex 13.7655 12.2147 0.799999
    endloop
  endfacet
  facet normal 0 0 1
    outer loop
      vertex 14.0212 11.2102 0.799999
      vertex 13.6141 10.7964 0.799999
      vertex 13.6892 10.7317 0.799999
    endloop
  endfacet
  facet normal -0 0 1
    outer loop
      vertex 13.1959 12.3399 0.799999
      vertex 13.7655 12.2147 0.799999
      vertex 13.2282 12.4337 0.799999
    endloop
  endfacet
  facet normal 0 0 1
    outer loop
      vertex 13.9556 11.2742 0.799999
      vertex 13.5434 10.866 0.799999
      vertex 13.6141 10.7964 0.799999
    endloop
  endfacet
  facet normal 0 0 1
    outer loop
      vertex 13.7655 12.2147 0.799999
      vertex 13.1959 12.3399 0.799999
      vertex 13.7384 12.127 0.799999
    endloop
  endfacet
  facet normal 0 0 1
    outer loop
      vertex 13.9556 11.2742 0.799999
      vertex 13.4774 10.94 0.799999
      vertex 13.5434 10.866 0.799999
    endloop
  endfacet
  facet normal -0 0 1
    outer loop
      vertex 13.17 12.2441 0.799999
      vertex 13.7384 12.127 0.799999
      vertex 13.1959 12.3399 0.799999
    endloop
  endfacet
  facet normal 0 0 1
    outer loop
      vertex 13.8966 11.3445 0.799999
      vertex 13.4165 11.0183 0.799999
      vertex 13.4774 10.94 0.799999
    endloop
  endfacet
  facet normal 0 0 1
    outer loop
      vertex 13.7384 12.127 0.799999
      vertex 13.17 12.2441 0.799999
      vertex 13.7369 12.1192 0.799999
    endloop
  endfacet
  facet normal 0 0 1
    outer loop
      vertex 13.8495 11.4137 0.799999
      vertex 13.3609 11.1005 0.799999
      vertex 13.4165 11.0183 0.799999
    endloop
  endfacet
  facet normal 0 0 1
    outer loop
      vertex 13.7369 12.1192 0.799999
      vertex 13.17 12.2441 0.799999
      vertex 13.7203 12.0371 0.799999
    endloop
  endfacet
  facet normal 0 0 1
    outer loop
      vertex 13.8412 11.4273 0.799999
      vertex 13.3108 11.1861 0.799999
      vertex 13.3609 11.1005 0.799999
    endloop
  endfacet
  facet normal -0 0 1
    outer loop
      vertex 13.1505 12.1469 0.799999
      vertex 13.7203 12.0371 0.799999
      vertex 13.17 12.2441 0.799999
    endloop
  endfacet
  facet normal 0 0 1
    outer loop
      vertex 13.8011 11.5008 0.799999
      vertex 13.2665 11.2748 0.799999
      vertex 13.3108 11.1861 0.799999
    endloop
  endfacet
  facet normal -0 0 1
    outer loop
      vertex 13.1374 12.0486 0.799999
      vertex 13.7203 12.0371 0.799999
      vertex 13.1505 12.1469 0.799999
    endloop
  endfacet
  facet normal 0 0 1
    outer loop
      vertex 13.7686 11.578 0.799999
      vertex 13.2282 11.3663 0.799999
      vertex 13.2665 11.2748 0.799999
    endloop
  endfacet
  facet normal 0 0 1
    outer loop
      vertex 13.7203 12.0371 0.799999
      vertex 13.1374 12.0486 0.799999
      vertex 13.7119 11.9538 0.799999
    endloop
  endfacet
  facet normal 0 0 1
    outer loop
      vertex 13.7655 11.5853 0.799999
      vertex 13.1959 11.4601 0.799999
      vertex 13.2282 11.3663 0.799999
    endloop
  endfacet
  facet normal 0 0 1
    outer loop
      vertex 13.7119 11.9538 0.799999
      vertex 13.1374 12.0486 0.799999
      vertex 13.7111 11.9459 0.799999
    endloop
  endfacet
  facet normal 0 0 1
    outer loop
      vertex 13.7384 11.673 0.799999
      vertex 13.17 11.5559 0.799999
      vertex 13.1959 11.4601 0.799999
    endloop
  endfacet
  facet normal -0 0 1
    outer loop
      vertex 13.1308 11.9496 0.799999
      vertex 13.7111 11.9459 0.799999
      vertex 13.1374 12.0486 0.799999
    endloop
  endfacet
  facet normal 0 0 1
    outer loop
      vertex 13.7203 11.7629 0.799999
      vertex 13.1505 11.6531 0.799999
      vertex 13.17 11.5559 0.799999
    endloop
  endfacet
  facet normal 0 0 1
    outer loop
      vertex 13.7111 11.9459 0.799999
      vertex 13.1308 11.9496 0.799999
      vertex 13.7111 11.8541 0.799999
    endloop
  endfacet
  facet normal 0 0 1
    outer loop
      vertex 13.7195 11.7708 0.799999
      vertex 13.1374 11.7514 0.799999
      vertex 13.1505 11.6531 0.799999
    endloop
  endfacet
  facet normal 0 0 1
    outer loop
      vertex 13.1308 11.8504 0.799999
      vertex 13.7111 11.8541 0.799999
      vertex 13.1308 11.9496 0.799999
    endloop
  endfacet
  facet normal 0 0 1
    outer loop
      vertex 13.7111 11.8541 0.799999
      vertex 13.1308 11.8504 0.799999
      vertex 13.1374 11.7514 0.799999
    endloop
  endfacet
  facet normal -0.965343 0.260985 0
    outer loop
      vertex 13.17 12.2441 0
      vertex 13.1959 12.3399 0.799999
      vertex 13.1959 12.3399 0
    endloop
  endfacet
  facet normal -0.965343 0.260985 0
    outer loop
      vertex 13.1959 12.3399 0.799999
      vertex 13.17 12.2441 0
      vertex 13.17 12.2441 0.799999
    endloop
  endfacet
  facet normal -0.863047 0.505124 0
    outer loop
      vertex 13.3108 12.6139 0
      vertex 13.3609 12.6995 0.799999
      vertex 13.3609 12.6995 0
    endloop
  endfacet
  facet normal -0.863047 0.505124 0
    outer loop
      vertex 13.3609 12.6995 0.799999
      vertex 13.3108 12.6139 0
      vertex 13.3108 12.6139 0.799999
    endloop
  endfacet
  facet normal -0.308653 0.951175 0
    outer loop
      vertex 14.2139 13.3411 0
      vertex 14.1196 13.3105 0.799999
      vertex 14.2139 13.3411 0.799999
    endloop
  endfacet
  facet normal -0.308653 0.951175 0
    outer loop
      vertex 14.1196 13.3105 0.799999
      vertex 14.2139 13.3411 0
      vertex 14.1196 13.3105 0
    endloop
  endfacet
  facet normal -0.547467 0.836827 0
    outer loop
      vertex 13.8515 13.1822 0
      vertex 13.7685 13.1279 0.799999
      vertex 13.8515 13.1822 0.799999
    endloop
  endfacet
  facet normal -0.547467 0.836827 0
    outer loop
      vertex 13.7685 13.1279 0.799999
      vertex 13.8515 13.1822 0
      vertex 13.7685 13.1279 0
    endloop
  endfacet
  facet normal -0.600806 -0.799395 0
    outer loop
      vertex 13.6892 10.7317 0
      vertex 13.7685 10.6721 0.799999
      vertex 13.6892 10.7317 0.799999
    endloop
  endfacet
  facet normal -0.600806 -0.799395 -0
    outer loop
      vertex 13.7685 10.6721 0.799999
      vertex 13.6892 10.7317 0
      vertex 13.7685 10.6721 0
    endloop
  endfacet
  facet normal -0.371043 -0.928616 0
    outer loop
      vertex 14.0275 10.5263 0
      vertex 14.1196 10.4895 0.799999
      vertex 14.0275 10.5263 0.799999
    endloop
  endfacet
  facet normal -0.371043 -0.928616 -0
    outer loop
      vertex 14.1196 10.4895 0.799999
      vertex 14.0275 10.5263 0
      vertex 14.1196 10.4895 0
    endloop
  endfacet
  facet normal -0.489831 -0.871818 0
    outer loop
      vertex 13.8515 10.6178 0
      vertex 13.938 10.5692 0.799999
      vertex 13.8515 10.6178 0.799999
    endloop
  endfacet
  facet normal -0.489831 -0.871818 -0
    outer loop
      vertex 13.938 10.5692 0.799999
      vertex 13.8515 10.6178 0
      vertex 13.938 10.5692 0
    endloop
  endfacet
  facet normal -0.245894 -0.969297 0
    outer loop
      vertex 14.2139 10.4589 0
      vertex 14.275 10.4434 0.799999
      vertex 14.2139 10.4589 0.799999
    endloop
  endfacet
  facet normal -0.245894 -0.969297 -0
    outer loop
      vertex 14.275 10.4434 0.799999
      vertex 14.2139 10.4589 0
      vertex 14.275 10.4434 0
    endloop
  endfacet
  facet normal -0.997785 -0.066519 0
    outer loop
      vertex 13.1374 11.7514 0
      vertex 13.1308 11.8504 0.799999
      vertex 13.1308 11.8504 0
    endloop
  endfacet
  facet normal -0.997785 -0.066519 0
    outer loop
      vertex 13.1308 11.8504 0.799999
      vertex 13.1374 11.7514 0
      vertex 13.1374 11.7514 0.799999
    endloop
  endfacet
  facet normal -0.980464 -0.196698 0
    outer loop
      vertex 13.17 11.5559 0
      vertex 13.1505 11.6531 0.799999
      vertex 13.1505 11.6531 0
    endloop
  endfacet
  facet normal -0.980464 -0.196698 0
    outer loop
      vertex 13.1505 11.6531 0.799999
      vertex 13.17 11.5559 0
      vertex 13.17 11.5559 0.799999
    endloop
  endfacet
  facet normal -0.701541 -0.712629 0
    outer loop
      vertex 13.5434 10.866 0
      vertex 13.6141 10.7964 0.799999
      vertex 13.5434 10.866 0.799999
    endloop
  endfacet
  facet normal -0.701541 -0.712629 -0
    outer loop
      vertex 13.6141 10.7964 0.799999
      vertex 13.5434 10.866 0
      vertex 13.6141 10.7964 0
    endloop
  endfacet
  facet normal -0.43224 -0.901759 0
    outer loop
      vertex 13.938 10.5692 0
      vertex 14.0275 10.5263 0.799999
      vertex 13.938 10.5692 0.799999
    endloop
  endfacet
  facet normal -0.43224 -0.901759 -0
    outer loop
      vertex 14.0275 10.5263 0.799999
      vertex 13.938 10.5692 0
      vertex 14.0275 10.5263 0
    endloop
  endfacet
  facet normal -0.308653 -0.951175 0
    outer loop
      vertex 14.1196 10.4895 0
      vertex 14.2139 10.4589 0.799999
      vertex 14.1196 10.4895 0.799999
    endloop
  endfacet
  facet normal -0.308653 -0.951175 -0
    outer loop
      vertex 14.2139 10.4589 0.799999
      vertex 14.1196 10.4895 0
      vertex 14.2139 10.4589 0
    endloop
  endfacet
  facet normal -0.991237 -0.132098 0
    outer loop
      vertex 13.1505 11.6531 0
      vertex 13.1374 11.7514 0.799999
      vertex 13.1374 11.7514 0
    endloop
  endfacet
  facet normal -0.991237 -0.132098 0
    outer loop
      vertex 13.1374 11.7514 0.799999
      vertex 13.1505 11.6531 0
      vertex 13.1505 11.6531 0.799999
    endloop
  endfacet
  facet normal -0.922449 -0.386118 0
    outer loop
      vertex 13.2665 11.2748 0
      vertex 13.2282 11.3663 0.799999
      vertex 13.2282 11.3663 0
    endloop
  endfacet
  facet normal -0.922449 -0.386118 0
    outer loop
      vertex 13.2282 11.3663 0.799999
      vertex 13.2665 11.2748 0
      vertex 13.2665 11.2748 0.799999
    endloop
  endfacet
  facet normal -0.828311 -0.560269 0
    outer loop
      vertex 13.4165 11.0183 0
      vertex 13.3609 11.1005 0.799999
      vertex 13.3609 11.1005 0
    endloop
  endfacet
  facet normal -0.828311 -0.560269 0
    outer loop
      vertex 13.3609 11.1005 0.799999
      vertex 13.4165 11.0183 0
      vertex 13.4165 11.0183 0.799999
    endloop
  endfacet
  facet normal -0.547467 -0.836827 0
    outer loop
      vertex 13.7685 10.6721 0
      vertex 13.8515 10.6178 0.799999
      vertex 13.7685 10.6721 0.799999
    endloop
  endfacet
  facet normal -0.547467 -0.836827 -0
    outer loop
      vertex 13.8515 10.6178 0.799999
      vertex 13.7685 10.6721 0
      vertex 13.8515 10.6178 0
    endloop
  endfacet
  facet normal 0.879482 0.475932 0
    outer loop
      vertex 5.24209 1.83991 0.799999
      vertex 5.19488 1.92715 0
      vertex 5.19488 1.92715 0.799999
    endloop
  endfacet
  facet normal 0.879482 0.475932 0
    outer loop
      vertex 5.19488 1.92715 0
      vertex 5.24209 1.83991 0.799999
      vertex 5.24209 1.83991 0
    endloop
  endfacet
  facet normal 0.340261 0.940331 -0
    outer loop
      vertex 4.4568 2.56283 0
      vertex 4.36353 2.59658 0.799999
      vertex 4.4568 2.56283 0.799999
    endloop
  endfacet
  facet normal 0.340261 0.940331 0
    outer loop
      vertex 4.36353 2.59658 0.799999
      vertex 4.4568 2.56283 0
      vertex 4.36353 2.59658 0
    endloop
  endfacet
  facet normal -0.922276 0.386533 0
    outer loop
      vertex 2.49815 1.70369 0
      vertex 2.53649 1.79517 0.799999
      vertex 2.53649 1.79517 0
    endloop
  endfacet
  facet normal -0.922276 0.386533 0
    outer loop
      vertex 2.53649 1.79517 0.799999
      vertex 2.49815 1.70369 0
      vertex 2.49815 1.70369 0.799999
    endloop
  endfacet
  facet normal 0.016535 0.999863 -0
    outer loop
      vertex 3.97437 2.66815 0
      vertex 3.8752 2.66979 0.799999
      vertex 3.97437 2.66815 0.799999
    endloop
  endfacet
  facet normal 0.016535 0.999863 0
    outer loop
      vertex 3.8752 2.66979 0.799999
      vertex 3.97437 2.66815 0
      vertex 3.8752 2.66979 0
    endloop
  endfacet
  facet normal -0.371217 0.928546 0
    outer loop
      vertex 3.38956 2.58048 0
      vertex 3.29746 2.54366 0.799999
      vertex 3.38956 2.58048 0.799999
    endloop
  endfacet
  facet normal -0.371217 0.928546 0
    outer loop
      vertex 3.29746 2.54366 0.799999
      vertex 3.38956 2.58048 0
      vertex 3.29746 2.54366 0
    endloop
  endfacet
  facet normal -0.652575 0.757724 0
    outer loop
      vertex 2.95924 2.33832 0
      vertex 2.88408 2.27359 0.799999
      vertex 2.95924 2.33832 0.799999
    endloop
  endfacet
  facet normal -0.652575 0.757724 0
    outer loop
      vertex 2.88408 2.27359 0.799999
      vertex 2.95924 2.33832 0
      vertex 2.88408 2.27359 0
    endloop
  endfacet
  facet normal 0.973287 0.229593 0
    outer loop
      vertex 5.35659 1.525 0.799999
      vertex 5.34781 1.56222 0
      vertex 5.34781 1.56222 0.799999
    endloop
  endfacet
  facet normal 0.973287 0.229593 0
    outer loop
      vertex 5.34781 1.56222 0
      vertex 5.35659 1.525 0.799999
      vertex 5.35659 1.525 0
    endloop
  endfacet
  facet normal 0.84609 0.533041 0
    outer loop
      vertex 5.19488 1.92715 0.799999
      vertex 5.14201 2.01107 0
      vertex 5.14201 2.01107 0.799999
    endloop
  endfacet
  facet normal 0.84609 0.533041 0
    outer loop
      vertex 5.14201 2.01107 0
      vertex 5.19488 1.92715 0.799999
      vertex 5.19488 1.92715 0
    endloop
  endfacet
  facet normal 0.768403 0.639966 0
    outer loop
      vertex 5.08371 2.09132 0.799999
      vertex 5.02023 2.16754 0
      vertex 5.02023 2.16754 0.799999
    endloop
  endfacet
  facet normal 0.768403 0.639966 0
    outer loop
      vertex 5.02023 2.16754 0
      vertex 5.08371 2.09132 0.799999
      vertex 5.08371 2.09132 0
    endloop
  endfacet
  facet normal 0.148207 0.988956 -0
    outer loop
      vertex 4.17132 2.64526 0
      vertex 4.07323 2.65996 0.799999
      vertex 4.17132 2.64526 0.799999
    endloop
  endfacet
  facet normal 0.148207 0.988956 0
    outer loop
      vertex 4.07323 2.65996 0.799999
      vertex 4.17132 2.64526 0
      vertex 4.07323 2.65996 0
    endloop
  endfacet
  facet normal 0.277436 0.960744 -0
    outer loop
      vertex 4.36353 2.59658 0
      vertex 4.26823 2.6241 0.799999
      vertex 4.36353 2.59658 0.799999
    endloop
  endfacet
  facet normal 0.277436 0.960744 0
    outer loop
      vertex 4.26823 2.6241 0.799999
      vertex 4.36353 2.59658 0
      vertex 4.26823 2.6241 0
    endloop
  endfacet
  facet normal 0.574342 0.818616 -0
    outer loop
      vertex 4.80162 2.36878 0
      vertex 4.72042 2.42575 0.799999
      vertex 4.80162 2.36878 0.799999
    endloop
  endfacet
  facet normal 0.574342 0.818616 0
    outer loop
      vertex 4.72042 2.42575 0.799999
      vertex 4.80162 2.36878 0
      vertex 4.72042 2.42575 0
    endloop
  endfacet
  facet normal 0.401681 0.91578 -0
    outer loop
      vertex 4.54763 2.52299 0
      vertex 4.4568 2.56283 0.799999
      vertex 4.54763 2.52299 0.799999
    endloop
  endfacet
  facet normal 0.401681 0.91578 0
    outer loop
      vertex 4.4568 2.56283 0.799999
      vertex 4.54763 2.52299 0
      vertex 4.4568 2.56283 0
    endloop
  endfacet
  facet normal 0.518981 0.854786 -0
    outer loop
      vertex 4.72042 2.42575 0
      vertex 4.63563 2.47723 0.799999
      vertex 4.72042 2.42575 0.799999
    endloop
  endfacet
  facet normal 0.518981 0.854786 0
    outer loop
      vertex 4.63563 2.47723 0.799999
      vertex 4.72042 2.42575 0
      vertex 4.63563 2.47723 0
    endloop
  endfacet
  facet normal -0.789092 0.614276 0
    outer loop
      vertex 2.68647 2.05168 0
      vertex 2.7474 2.12995 0.799999
      vertex 2.7474 2.12995 0
    endloop
  endfacet
  facet normal -0.789092 0.614276 0
    outer loop
      vertex 2.7474 2.12995 0.799999
      vertex 2.68647 2.05168 0
      vertex 2.68647 2.05168 0.799999
    endloop
  endfacet
  facet normal -0.115531 0.993304 0
    outer loop
      vertex 3.77613 2.66488 0
      vertex 3.6776 2.65342 0.799999
      vertex 3.77613 2.66488 0.799999
    endloop
  endfacet
  facet normal -0.115531 0.993304 0
    outer loop
      vertex 3.6776 2.65342 0.799999
      vertex 3.77613 2.66488 0
      vertex 3.6776 2.65342 0
    endloop
  endfacet
  facet normal -0.546975 0.837149 0
    outer loop
      vertex 3.12154 2.45219 0
      vertex 3.03851 2.39794 0.799999
      vertex 3.12154 2.45219 0.799999
    endloop
  endfacet
  facet normal -0.546975 0.837149 0
    outer loop
      vertex 3.03851 2.39794 0.799999
      vertex 3.12154 2.45219 0
      vertex 3.03851 2.39794 0
    endloop
  endfacet
  facet normal -0.60108 0.799189 0
    outer loop
      vertex 3.03851 2.39794 0
      vertex 2.95924 2.33832 0.799999
      vertex 3.03851 2.39794 0.799999
    endloop
  endfacet
  facet normal -0.60108 0.799189 0
    outer loop
      vertex 2.95924 2.33832 0.799999
      vertex 3.03851 2.39794 0
      vertex 2.95924 2.33832 0
    endloop
  endfacet
  facet normal 0.956058 0.293179 0
    outer loop
      vertex 5.34781 1.56222 0.799999
      vertex 5.31873 1.65705 0
      vertex 5.31873 1.65705 0.799999
    endloop
  endfacet
  facet normal 0.956058 0.293179 0
    outer loop
      vertex 5.31873 1.65705 0
      vertex 5.34781 1.56222 0.799999
      vertex 5.34781 1.56222 0
    endloop
  endfacet
  facet normal 0.677316 0.735692 -0
    outer loop
      vertex 4.95185 2.23939 0
      vertex 4.87888 2.30657 0.799999
      vertex 4.95185 2.23939 0.799999
    endloop
  endfacet
  facet normal 0.677316 0.735692 0
    outer loop
      vertex 4.87888 2.30657 0.799999
      vertex 4.95185 2.23939 0
      vertex 4.87888 2.30657 0
    endloop
  endfacet
  facet normal 0.809041 0.587752 0
    outer loop
      vertex 5.14201 2.01107 0.799999
      vertex 5.08371 2.09132 0
      vertex 5.08371 2.09132 0.799999
    endloop
  endfacet
  facet normal 0.809041 0.587752 0
    outer loop
      vertex 5.08371 2.09132 0
      vertex 5.14201 2.01107 0.799999
      vertex 5.14201 2.01107 0
    endloop
  endfacet
  facet normal -0.0495002 0.998774 0
    outer loop
      vertex 3.8752 2.66979 0
      vertex 3.77613 2.66488 0.799999
      vertex 3.8752 2.66979 0.799999
    endloop
  endfacet
  facet normal -0.0495002 0.998774 0
    outer loop
      vertex 3.77613 2.66488 0.799999
      vertex 3.8752 2.66979 0
      vertex 3.77613 2.66488 0
    endloop
  endfacet
  facet normal 0.0825616 0.996586 -0
    outer loop
      vertex 4.07323 2.65996 0
      vertex 3.97437 2.66815 0.799999
      vertex 4.07323 2.65996 0.799999
    endloop
  endfacet
  facet normal 0.0825616 0.996586 0
    outer loop
      vertex 3.97437 2.66815 0.799999
      vertex 4.07323 2.65996 0
      vertex 3.97437 2.66815 0
    endloop
  endfacet
  facet normal 0.213321 0.976982 -0
    outer loop
      vertex 4.26823 2.6241 0
      vertex 4.17132 2.64526 0.799999
      vertex 4.26823 2.6241 0.799999
    endloop
  endfacet
  facet normal 0.213321 0.976982 0
    outer loop
      vertex 4.17132 2.64526 0.799999
      vertex 4.26823 2.6241 0
      vertex 4.17132 2.64526 0
    endloop
  endfacet
  facet normal 0.461353 0.887217 -0
    outer loop
      vertex 4.63563 2.47723 0
      vertex 4.54763 2.52299 0.799999
      vertex 4.63563 2.47723 0.799999
    endloop
  endfacet
  facet normal 0.461353 0.887217 0
    outer loop
      vertex 4.54763 2.52299 0.799999
      vertex 4.63563 2.47723 0
      vertex 4.54763 2.52299 0
    endloop
  endfacet
  facet normal 0.627163 0.778888 -0
    outer loop
      vertex 4.87888 2.30657 0
      vertex 4.80162 2.36878 0.799999
      vertex 4.87888 2.30657 0.799999
    endloop
  endfacet
  facet normal 0.627163 0.778888 0
    outer loop
      vertex 4.80162 2.36878 0.799999
      vertex 4.87888 2.30657 0
      vertex 4.80162 2.36878 0
    endloop
  endfacet
  facet normal -0.945843 0.324623 0
    outer loop
      vertex 2.46595 1.60987 0
      vertex 2.49815 1.70369 0.799999
      vertex 2.49815 1.70369 0
    endloop
  endfacet
  facet normal -0.945843 0.324623 0
    outer loop
      vertex 2.49815 1.70369 0.799999
      vertex 2.46595 1.60987 0
      vertex 2.46595 1.60987 0.799999
    endloop
  endfacet
  facet normal -0.965185 0.261568 0
    outer loop
      vertex 2.44295 1.525 0
      vertex 2.46595 1.60987 0.799999
      vertex 2.46595 1.60987 0
    endloop
  endfacet
  facet normal -0.965185 0.261568 0
    outer loop
      vertex 2.46595 1.60987 0.799999
      vertex 2.44295 1.525 0
      vertex 2.44295 1.525 0.799999
    endloop
  endfacet
  facet normal -0.894729 0.446609 0
    outer loop
      vertex 2.53649 1.79517 0
      vertex 2.58079 1.88392 0.799999
      vertex 2.58079 1.88392 0
    endloop
  endfacet
  facet normal -0.894729 0.446609 0
    outer loop
      vertex 2.58079 1.88392 0.799999
      vertex 2.53649 1.79517 0
      vertex 2.53649 1.79517 0.799999
    endloop
  endfacet
  facet normal -0.828043 0.560665 0
    outer loop
      vertex 2.63086 1.96955 0
      vertex 2.68647 2.05168 0.799999
      vertex 2.68647 2.05168 0
    endloop
  endfacet
  facet normal -0.828043 0.560665 0
    outer loop
      vertex 2.68647 2.05168 0.799999
      vertex 2.63086 1.96955 0
      vertex 2.63086 1.96955 0.799999
    endloop
  endfacet
  facet normal -0.863256 0.504767 0
    outer loop
      vertex 2.58079 1.88392 0
      vertex 2.63086 1.96955 0.799999
      vertex 2.63086 1.96955 0
    endloop
  endfacet
  facet normal -0.863256 0.504767 0
    outer loop
      vertex 2.63086 1.96955 0.799999
      vertex 2.58079 1.88392 0
      vertex 2.58079 1.88392 0.799999
    endloop
  endfacet
  facet normal -0.431784 0.901977 0
    outer loop
      vertex 3.29746 2.54366 0
      vertex 3.20799 2.50083 0.799999
      vertex 3.29746 2.54366 0.799999
    endloop
  endfacet
  facet normal -0.431784 0.901977 0
    outer loop
      vertex 3.20799 2.50083 0.799999
      vertex 3.29746 2.54366 0
      vertex 3.20799 2.50083 0
    endloop
  endfacet
  facet normal -0.30899 0.951065 0
    outer loop
      vertex 3.4839 2.61113 0
      vertex 3.38956 2.58048 0.799999
      vertex 3.4839 2.61113 0.799999
    endloop
  endfacet
  facet normal -0.30899 0.951065 0
    outer loop
      vertex 3.38956 2.58048 0.799999
      vertex 3.4839 2.61113 0
      vertex 3.38956 2.58048 0
    endloop
  endfacet
  facet normal -0.180872 0.983507 0
    outer loop
      vertex 3.6776 2.65342 0
      vertex 3.58005 2.63548 0.799999
      vertex 3.6776 2.65342 0.799999
    endloop
  endfacet
  facet normal -0.180872 0.983507 0
    outer loop
      vertex 3.58005 2.63548 0.799999
      vertex 3.6776 2.65342 0
      vertex 3.58005 2.63548 0
    endloop
  endfacet
  facet normal -0.2455 0.969397 0
    outer loop
      vertex 3.58005 2.63548 0
      vertex 3.4839 2.61113 0.799999
      vertex 3.58005 2.63548 0.799999
    endloop
  endfacet
  facet normal -0.2455 0.969397 0
    outer loop
      vertex 3.4839 2.61113 0.799999
      vertex 3.58005 2.63548 0
      vertex 3.4839 2.61113 0
    endloop
  endfacet
  facet normal -0.490352 0.871524 0
    outer loop
      vertex 3.20799 2.50083 0
      vertex 3.12154 2.45219 0.799999
      vertex 3.20799 2.50083 0.799999
    endloop
  endfacet
  facet normal -0.490352 0.871524 0
    outer loop
      vertex 3.12154 2.45219 0.799999
      vertex 3.20799 2.50083 0
      vertex 3.12154 2.45219 0
    endloop
  endfacet
  facet normal -0.746853 0.664989 0
    outer loop
      vertex 2.7474 2.12995 0
      vertex 2.81336 2.20403 0.799999
      vertex 2.81336 2.20403 0
    endloop
  endfacet
  facet normal -0.746853 0.664989 0
    outer loop
      vertex 2.81336 2.20403 0.799999
      vertex 2.7474 2.12995 0
      vertex 2.7474 2.12995 0.799999
    endloop
  endfacet
  facet normal -0.701236 0.71293 0
    outer loop
      vertex 2.88408 2.27359 0
      vertex 2.81336 2.20403 0.799999
      vertex 2.88408 2.27359 0.799999
    endloop
  endfacet
  facet normal -0.701236 0.71293 0
    outer loop
      vertex 2.81336 2.20403 0.799999
      vertex 2.88408 2.27359 0
      vertex 2.81336 2.20403 0
    endloop
  endfacet
  facet normal 0.909001 0.416794 0
    outer loop
      vertex 5.28343 1.74975 0.799999
      vertex 5.24209 1.83991 0
      vertex 5.24209 1.83991 0.799999
    endloop
  endfacet
  facet normal 0.909001 0.416794 0
    outer loop
      vertex 5.24209 1.83991 0
      vertex 5.28343 1.74975 0.799999
      vertex 5.28343 1.74975 0
    endloop
  endfacet
  facet normal 0.934536 0.35587 0
    outer loop
      vertex 5.31873 1.65705 0.799999
      vertex 5.28343 1.74975 0
      vertex 5.28343 1.74975 0.799999
    endloop
  endfacet
  facet normal 0.934536 0.35587 0
    outer loop
      vertex 5.28343 1.74975 0
      vertex 5.31873 1.65705 0.799999
      vertex 5.31873 1.65705 0
    endloop
  endfacet
  facet normal 0.724382 0.689398 0
    outer loop
      vertex 5.02023 2.16754 0.799999
      vertex 4.95185 2.23939 0
      vertex 4.95185 2.23939 0.799999
    endloop
  endfacet
  facet normal 0.724382 0.689398 0
    outer loop
      vertex 4.95185 2.23939 0
      vertex 5.02023 2.16754 0.799999
      vertex 5.02023 2.16754 0
    endloop
  endfacet
  facet normal 0 0 1
    outer loop
      vertex 4.74862 1.525 0.799999
      vertex 5.34781 1.56222 0.799999
      vertex 5.31873 1.65705 0.799999
    endloop
  endfacet
  facet normal 0 0 1
    outer loop
      vertex 4.74862 1.525 0.799999
      vertex 5.31873 1.65705 0.799999
      vertex 5.28343 1.74975 0.799999
    endloop
  endfacet
  facet normal 0 0 1
    outer loop
      vertex 4.74776 1.52736 0.799999
      vertex 5.28343 1.74975 0.799999
      vertex 5.24209 1.83991 0.799999
    endloop
  endfacet
  facet normal 0 0 1
    outer loop
      vertex 4.70796 1.60999 0.799999
      vertex 5.24209 1.83991 0.799999
      vertex 5.19488 1.92715 0.799999
    endloop
  endfacet
  facet normal 0 0 1
    outer loop
      vertex 4.66014 1.68825 0.799999
      vertex 5.19488 1.92715 0.799999
      vertex 5.14201 2.01107 0.799999
    endloop
  endfacet
  facet normal 0 0 1
    outer loop
      vertex 4.66014 1.68825 0.799999
      vertex 5.14201 2.01107 0.799999
      vertex 5.08371 2.09132 0.799999
    endloop
  endfacet
  facet normal 0 0 1
    outer loop
      vertex 4.60476 1.76136 0.799999
      vertex 5.08371 2.09132 0.799999
      vertex 5.02023 2.16754 0.799999
    endloop
  endfacet
  facet normal 0 0 1
    outer loop
      vertex 4.54238 1.8286 0.799999
      vertex 5.02023 2.16754 0.799999
      vertex 4.95185 2.23939 0.799999
    endloop
  endfacet
  facet normal 0 0 1
    outer loop
      vertex 4.54238 1.8286 0.799999
      vertex 4.95185 2.23939 0.799999
      vertex 4.87888 2.30657 0.799999
    endloop
  endfacet
  facet normal 0 0 1
    outer loop
      vertex 4.47361 1.88928 0.799999
      vertex 4.87888 2.30657 0.799999
      vertex 4.80162 2.36878 0.799999
    endloop
  endfacet
  facet normal 0 0 1
    outer loop
      vertex 5.19488 1.92715 0.799999
      vertex 4.66014 1.68825 0.799999
      vertex 4.70796 1.60999 0.799999
    endloop
  endfacet
  facet normal 0 0 1
    outer loop
      vertex 5.34781 1.56222 0.799999
      vertex 4.74862 1.525 0.799999
      vertex 5.35659 1.525 0.799999
    endloop
  endfacet
  facet normal 0 0 1
    outer loop
      vertex 4.39914 1.94282 0.799999
      vertex 4.80162 2.36878 0.799999
      vertex 4.72042 2.42575 0.799999
    endloop
  endfacet
  facet normal 0 0 1
    outer loop
      vertex 5.28343 1.74975 0.799999
      vertex 4.74776 1.52736 0.799999
      vertex 4.74862 1.525 0.799999
    endloop
  endfacet
  facet normal 0 0 1
    outer loop
      vertex 5.24209 1.83991 0.799999
      vertex 4.70796 1.60999 0.799999
      vertex 4.74776 1.52736 0.799999
    endloop
  endfacet
  facet normal 0 0 1
    outer loop
      vertex 4.39224 1.94681 0.799999
      vertex 4.72042 2.42575 0.799999
      vertex 4.63563 2.47723 0.799999
    endloop
  endfacet
  facet normal 0 0 1
    outer loop
      vertex 5.08371 2.09132 0.799999
      vertex 4.60476 1.76136 0.799999
      vertex 4.66014 1.68825 0.799999
    endloop
  endfacet
  facet normal 0 0 1
    outer loop
      vertex 5.02023 2.16754 0.799999
      vertex 4.59934 1.76721 0.799999
      vertex 4.60476 1.76136 0.799999
    endloop
  endfacet
  facet normal 0 0 1
    outer loop
      vertex 4.31971 1.98868 0.799999
      vertex 4.63563 2.47723 0.799999
      vertex 4.54763 2.52299 0.799999
    endloop
  endfacet
  facet normal 0 0 1
    outer loop
      vertex 5.02023 2.16754 0.799999
      vertex 4.54238 1.8286 0.799999
      vertex 4.59934 1.76721 0.799999
    endloop
  endfacet
  facet normal 0 0 1
    outer loop
      vertex 4.87888 2.30657 0.799999
      vertex 4.47959 1.88401 0.799999
      vertex 4.54238 1.8286 0.799999
    endloop
  endfacet
  facet normal 0 0 1
    outer loop
      vertex 4.87888 2.30657 0.799999
      vertex 4.47361 1.88928 0.799999
      vertex 4.47959 1.88401 0.799999
    endloop
  endfacet
  facet normal 0 0 1
    outer loop
      vertex 4.80162 2.36878 0.799999
      vertex 4.46713 1.89394 0.799999
      vertex 4.47361 1.88928 0.799999
    endloop
  endfacet
  facet normal 0 0 1
    outer loop
      vertex 4.24338 2.02312 0.799999
      vertex 4.54763 2.52299 0.799999
      vertex 4.4568 2.56283 0.799999
    endloop
  endfacet
  facet normal 0 0 1
    outer loop
      vertex 4.80162 2.36878 0.799999
      vertex 4.39914 1.94282 0.799999
      vertex 4.46713 1.89394 0.799999
    endloop
  endfacet
  facet normal 0 0 1
    outer loop
      vertex 4.72042 2.42575 0.799999
      vertex 4.39224 1.94681 0.799999
      vertex 4.39914 1.94282 0.799999
    endloop
  endfacet
  facet normal 0 0 1
    outer loop
      vertex 4.22855 2.02894 0.799999
      vertex 4.4568 2.56283 0.799999
      vertex 4.36353 2.59658 0.799999
    endloop
  endfacet
  facet normal 0 0 1
    outer loop
      vertex 4.63563 2.47723 0.799999
      vertex 4.31971 1.98868 0.799999
      vertex 4.39224 1.94681 0.799999
    endloop
  endfacet
  facet normal 0 0 1
    outer loop
      vertex 4.14917 2.05561 0.799999
      vertex 4.36353 2.59658 0.799999
      vertex 4.26823 2.6241 0.799999
    endloop
  endfacet
  facet normal 0 0 1
    outer loop
      vertex 4.54763 2.52299 0.799999
      vertex 4.24338 2.02312 0.799999
      vertex 4.31971 1.98868 0.799999
    endloop
  endfacet
  facet normal 0 0 1
    outer loop
      vertex 4.4568 2.56283 0.799999
      vertex 4.23611 2.0264 0.799999
      vertex 4.24338 2.02312 0.799999
    endloop
  endfacet
  facet normal 0 0 1
    outer loop
      vertex 4.4568 2.56283 0.799999
      vertex 4.22855 2.02894 0.799999
      vertex 4.23611 2.0264 0.799999
    endloop
  endfacet
  facet normal 0 0 1
    outer loop
      vertex 4.06753 2.07425 0.799999
      vertex 4.26823 2.6241 0.799999
      vertex 4.17132 2.64526 0.799999
    endloop
  endfacet
  facet normal 0 0 1
    outer loop
      vertex 4.36353 2.59658 0.799999
      vertex 4.14917 2.05561 0.799999
      vertex 4.22855 2.02894 0.799999
    endloop
  endfacet
  facet normal 0 0 1
    outer loop
      vertex 4.05976 2.07602 0.799999
      vertex 4.17132 2.64526 0.799999
      vertex 4.07323 2.65996 0.799999
    endloop
  endfacet
  facet normal 0 0 1
    outer loop
      vertex 4.26823 2.6241 0.799999
      vertex 4.06753 2.07425 0.799999
      vertex 4.14917 2.05561 0.799999
    endloop
  endfacet
  facet normal 0 0 1
    outer loop
      vertex 4.17132 2.64526 0.799999
      vertex 4.05976 2.07602 0.799999
      vertex 4.06753 2.07425 0.799999
    endloop
  endfacet
  facet normal 0 0 1
    outer loop
      vertex 4.07323 2.65996 0.799999
      vertex 3.97666 2.08644 0.799999
      vertex 4.05976 2.07602 0.799999
    endloop
  endfacet
  facet normal 0 0 1
    outer loop
      vertex 3.96875 2.08743 0.799999
      vertex 4.07323 2.65996 0.799999
      vertex 3.97437 2.66815 0.799999
    endloop
  endfacet
  facet normal 0 0 1
    outer loop
      vertex 4.07323 2.65996 0.799999
      vertex 3.96875 2.08743 0.799999
      vertex 3.97666 2.08644 0.799999
    endloop
  endfacet
  facet normal 0 0 1
    outer loop
      vertex 3.97437 2.66815 0.799999
      vertex 3.88504 2.08952 0.799999
      vertex 3.96875 2.08743 0.799999
    endloop
  endfacet
  facet normal 0 0 1
    outer loop
      vertex 3.8752 2.66979 0.799999
      vertex 3.88504 2.08952 0.799999
      vertex 3.97437 2.66815 0.799999
    endloop
  endfacet
  facet normal 0 0 1
    outer loop
      vertex 3.88504 2.08952 0.799999
      vertex 3.8752 2.66979 0.799999
      vertex 3.87706 2.08971 0.799999
    endloop
  endfacet
  facet normal 0 0 1
    outer loop
      vertex 3.8752 2.66979 0.799999
      vertex 3.86911 2.08912 0.799999
      vertex 3.87706 2.08971 0.799999
    endloop
  endfacet
  facet normal -0 0 1
    outer loop
      vertex 3.77613 2.66488 0.799999
      vertex 3.86911 2.08912 0.799999
      vertex 3.8752 2.66979 0.799999
    endloop
  endfacet
  facet normal 0 0 1
    outer loop
      vertex 3.86911 2.08912 0.799999
      vertex 3.77613 2.66488 0.799999
      vertex 3.7856 2.08286 0.799999
    endloop
  endfacet
  facet normal -0 0 1
    outer loop
      vertex 3.6776 2.65342 0.799999
      vertex 3.7856 2.08286 0.799999
      vertex 3.77613 2.66488 0.799999
    endloop
  endfacet
  facet normal 0 0 1
    outer loop
      vertex 3.7856 2.08286 0.799999
      vertex 3.6776 2.65342 0.799999
      vertex 3.70313 2.06832 0.799999
    endloop
  endfacet
  facet normal -0 0 1
    outer loop
      vertex 3.58005 2.63548 0.799999
      vertex 3.70313 2.06832 0.799999
      vertex 3.6776 2.65342 0.799999
    endloop
  endfacet
  facet normal 0 0 1
    outer loop
      vertex 3.70313 2.06832 0.799999
      vertex 3.58005 2.63548 0.799999
      vertex 3.69528 2.06693 0.799999
    endloop
  endfacet
  facet normal -0 0 1
    outer loop
      vertex 3.4839 2.61113 0.799999
      vertex 3.69528 2.06693 0.799999
      vertex 3.58005 2.63548 0.799999
    endloop
  endfacet
  facet normal 0 0 1
    outer loop
      vertex 3.69528 2.06693 0.799999
      vertex 3.4839 2.61113 0.799999
      vertex 3.60699 2.04209 0.799999
    endloop
  endfacet
  facet normal -0 0 1
    outer loop
      vertex 3.38956 2.58048 0.799999
      vertex 3.60699 2.04209 0.799999
      vertex 3.4839 2.61113 0.799999
    endloop
  endfacet
  facet normal 0 0 1
    outer loop
      vertex 3.60699 2.04209 0.799999
      vertex 3.38956 2.58048 0.799999
      vertex 3.52162 2.00859 0.799999
    endloop
  endfacet
  facet normal -0 0 1
    outer loop
      vertex 3.29746 2.54366 0.799999
      vertex 3.52162 2.00859 0.799999
      vertex 3.38956 2.58048 0.799999
    endloop
  endfacet
  facet normal -0 0 1
    outer loop
      vertex 3.20799 2.50083 0.799999
      vertex 3.52162 2.00859 0.799999
      vertex 3.29746 2.54366 0.799999
    endloop
  endfacet
  facet normal 0 0 1
    outer loop
      vertex 3.52162 2.00859 0.799999
      vertex 3.20799 2.50083 0.799999
      vertex 3.44 1.96674 0.799999
    endloop
  endfacet
  facet normal -0 0 1
    outer loop
      vertex 3.12154 2.45219 0.799999
      vertex 3.44 1.96674 0.799999
      vertex 3.20799 2.50083 0.799999
    endloop
  endfacet
  facet normal 0 0 1
    outer loop
      vertex 3.44 1.96674 0.799999
      vertex 3.12154 2.45219 0.799999
      vertex 3.4333 1.96242 0.799999
    endloop
  endfacet
  facet normal 0 0 1
    outer loop
      vertex 3.4333 1.96242 0.799999
      vertex 3.12154 2.45219 0.799999
      vertex 3.36296 1.91698 0.799999
    endloop
  endfacet
  facet normal -0 0 1
    outer loop
      vertex 3.03851 2.39794 0.799999
      vertex 3.36296 1.91698 0.799999
      vertex 3.12154 2.45219 0.799999
    endloop
  endfacet
  facet normal -0 0 1
    outer loop
      vertex 2.95924 2.33832 0.799999
      vertex 3.36296 1.91698 0.799999
      vertex 3.03851 2.39794 0.799999
    endloop
  endfacet
  facet normal 0 0 1
    outer loop
      vertex 3.36296 1.91698 0.799999
      vertex 2.95924 2.33832 0.799999
      vertex 3.29125 1.8598 0.799999
    endloop
  endfacet
  facet normal -0 0 1
    outer loop
      vertex 2.88408 2.27359 0.799999
      vertex 3.29125 1.8598 0.799999
      vertex 2.95924 2.33832 0.799999
    endloop
  endfacet
  facet normal 0 0 1
    outer loop
      vertex 3.29125 1.8598 0.799999
      vertex 2.88408 2.27359 0.799999
      vertex 3.2313 1.80133 0.799999
    endloop
  endfacet
  facet normal -0 0 1
    outer loop
      vertex 2.81336 2.20403 0.799999
      vertex 3.2313 1.80133 0.799999
      vertex 2.88408 2.27359 0.799999
    endloop
  endfacet
  facet normal 0 0 1
    outer loop
      vertex 3.2313 1.80133 0.799999
      vertex 2.81336 2.20403 0.799999
      vertex 3.22559 1.79576 0.799999
    endloop
  endfacet
  facet normal 0 0 1
    outer loop
      vertex 3.22559 1.79576 0.799999
      vertex 2.81336 2.20403 0.799999
      vertex 3.22047 1.78965 0.799999
    endloop
  endfacet
  facet normal -0 0 1
    outer loop
      vertex 2.7474 2.12995 0.799999
      vertex 3.22047 1.78965 0.799999
      vertex 2.81336 2.20403 0.799999
    endloop
  endfacet
  facet normal 0 0 1
    outer loop
      vertex 3.22047 1.78965 0.799999
      vertex 2.7474 2.12995 0.799999
      vertex 3.16664 1.7255 0.799999
    endloop
  endfacet
  facet normal -0 0 1
    outer loop
      vertex 2.68647 2.05168 0.799999
      vertex 3.16664 1.7255 0.799999
      vertex 2.7474 2.12995 0.799999
    endloop
  endfacet
  facet normal 0 0 1
    outer loop
      vertex 3.16664 1.7255 0.799999
      vertex 2.68647 2.05168 0.799999
      vertex 3.11497 1.64972 0.799999
    endloop
  endfacet
  facet normal -0 0 1
    outer loop
      vertex 2.63086 1.96955 0.799999
      vertex 3.11497 1.64972 0.799999
      vertex 2.68647 2.05168 0.799999
    endloop
  endfacet
  facet normal -0 0 1
    outer loop
      vertex 2.58079 1.88392 0.799999
      vertex 3.11497 1.64972 0.799999
      vertex 2.63086 1.96955 0.799999
    endloop
  endfacet
  facet normal 0 0 1
    outer loop
      vertex 3.11497 1.64972 0.799999
      vertex 2.58079 1.88392 0.799999
      vertex 3.07492 1.57618 0.799999
    endloop
  endfacet
  facet normal 0 0 1
    outer loop
      vertex 3.07492 1.57618 0.799999
      vertex 2.58079 1.88392 0.799999
      vertex 3.07111 1.56917 0.799999
    endloop
  endfacet
  facet normal -0 0 1
    outer loop
      vertex 2.53649 1.79517 0.799999
      vertex 3.07111 1.56917 0.799999
      vertex 2.58079 1.88392 0.799999
    endloop
  endfacet
  facet normal 0 0 1
    outer loop
      vertex 3.07111 1.56917 0.799999
      vertex 2.53649 1.79517 0.799999
      vertex 3.06801 1.56182 0.799999
    endloop
  endfacet
  facet normal 0 0 1
    outer loop
      vertex 3.06801 1.56182 0.799999
      vertex 2.53649 1.79517 0.799999
      vertex 3.05249 1.525 0.799999
    endloop
  endfacet
  facet normal -0 0 1
    outer loop
      vertex 2.49815 1.70369 0.799999
      vertex 3.05249 1.525 0.799999
      vertex 2.53649 1.79517 0.799999
    endloop
  endfacet
  facet normal -0 0 1
    outer loop
      vertex 2.46595 1.60987 0.799999
      vertex 3.05249 1.525 0.799999
      vertex 2.49815 1.70369 0.799999
    endloop
  endfacet
  facet normal 0 0 1
    outer loop
      vertex 3.05249 1.525 0.799999
      vertex 2.46595 1.60987 0.799999
      vertex 2.44295 1.525 0.799999
    endloop
  endfacet
  facet normal 0.401342 -0.915928 0
    outer loop
      vertex 4.4568 13.2372 0
      vertex 4.54763 13.277 0.799999
      vertex 4.4568 13.2372 0.799999
    endloop
  endfacet
  facet normal 0.401342 -0.915928 0
    outer loop
      vertex 4.54763 13.277 0.799999
      vertex 4.4568 13.2372 0
      vertex 4.54763 13.277 0
    endloop
  endfacet
  facet normal 0.46167 -0.887052 0
    outer loop
      vertex 4.54763 13.277 0
      vertex 4.63563 13.3228 0.799999
      vertex 4.54763 13.277 0.799999
    endloop
  endfacet
  facet normal 0.46167 -0.887052 0
    outer loop
      vertex 4.63563 13.3228 0.799999
      vertex 4.54763 13.277 0
      vertex 4.63563 13.3228 0
    endloop
  endfacet
  facet normal 0.677426 -0.735591 0
    outer loop
      vertex 4.87888 13.4934 0
      vertex 4.95185 13.5606 0.799999
      vertex 4.87888 13.4934 0.799999
    endloop
  endfacet
  facet normal 0.677426 -0.735591 0
    outer loop
      vertex 4.95185 13.5606 0.799999
      vertex 4.87888 13.4934 0
      vertex 4.95185 13.5606 0
    endloop
  endfacet
  facet normal -0.965208 -0.261482 0
    outer loop
      vertex 2.46595 14.1901 0
      vertex 2.44295 14.275 0.799999
      vertex 2.44295 14.275 0
    endloop
  endfacet
  facet normal -0.965208 -0.261482 0
    outer loop
      vertex 2.44295 14.275 0.799999
      vertex 2.46595 14.1901 0
      vertex 2.46595 14.1901 0.799999
    endloop
  endfacet
  facet normal 0.956032 -0.293264 0
    outer loop
      vertex 5.31873 14.143 0.799999
      vertex 5.34781 14.2378 0
      vertex 5.34781 14.2378 0.799999
    endloop
  endfacet
  facet normal 0.956032 -0.293264 0
    outer loop
      vertex 5.34781 14.2378 0
      vertex 5.31873 14.143 0.799999
      vertex 5.31873 14.143 0
    endloop
  endfacet
  facet normal 0.87939 -0.476101 0
    outer loop
      vertex 5.19488 13.8729 0.799999
      vertex 5.24209 13.9601 0
      vertex 5.24209 13.9601 0.799999
    endloop
  endfacet
  facet normal 0.87939 -0.476101 0
    outer loop
      vertex 5.24209 13.9601 0
      vertex 5.19488 13.8729 0.799999
      vertex 5.19488 13.8729 0
    endloop
  endfacet
  facet normal -0.922306 -0.386461 0
    outer loop
      vertex 2.53649 14.0048 0
      vertex 2.49815 14.0963 0.799999
      vertex 2.49815 14.0963 0
    endloop
  endfacet
  facet normal -0.922306 -0.386461 0
    outer loop
      vertex 2.49815 14.0963 0.799999
      vertex 2.53649 14.0048 0
      vertex 2.53649 14.0048 0.799999
    endloop
  endfacet
  facet normal 0.0826617 -0.996578 0
    outer loop
      vertex 3.97437 13.1318 0
      vertex 4.07323 13.14 0.799999
      vertex 3.97437 13.1318 0.799999
    endloop
  endfacet
  facet normal 0.0826617 -0.996578 0
    outer loop
      vertex 4.07323 13.14 0.799999
      vertex 3.97437 13.1318 0
      vertex 4.07323 13.14 0
    endloop
  endfacet
  facet normal 0.148207 -0.988956 0
    outer loop
      vertex 4.07323 13.14 0
      vertex 4.17132 13.1547 0.799999
      vertex 4.07323 13.14 0.799999
    endloop
  endfacet
  facet normal 0.148207 -0.988956 0
    outer loop
      vertex 4.17132 13.1547 0.799999
      vertex 4.07323 13.14 0
      vertex 4.17132 13.1547 0
    endloop
  endfacet
  facet normal -0 0 1
    outer loop
      vertex 4.74862 14.275 0.799999
      vertex 5.34781 14.2378 0.799999
      vertex 5.35659 14.275 0.799999
    endloop
  endfacet
  facet normal 0 0 1
    outer loop
      vertex 5.34781 14.2378 0.799999
      vertex 4.74862 14.275 0.799999
      vertex 5.31873 14.143 0.799999
    endloop
  endfacet
  facet normal 0 0 1
    outer loop
      vertex 5.31873 14.143 0.799999
      vertex 4.74862 14.275 0.799999
      vertex 5.28343 14.0503 0.799999
    endloop
  endfacet
  facet normal -0 0 1
    outer loop
      vertex 4.74776 14.2726 0.799999
      vertex 5.28343 14.0503 0.799999
      vertex 4.74862 14.275 0.799999
    endloop
  endfacet
  facet normal -0 0 1
    outer loop
      vertex 4.70796 14.19 0.799999
      vertex 5.24209 13.9601 0.799999
      vertex 4.74776 14.2726 0.799999
    endloop
  endfacet
  facet normal 0 0 1
    outer loop
      vertex 5.24209 13.9601 0.799999
      vertex 4.70796 14.19 0.799999
      vertex 5.19488 13.8729 0.799999
    endloop
  endfacet
  facet normal -0 0 1
    outer loop
      vertex 4.66014 14.1117 0.799999
      vertex 5.19488 13.8729 0.799999
      vertex 4.7038 14.1832 0.799999
    endloop
  endfacet
  facet normal 0 0 1
    outer loop
      vertex 5.19488 13.8729 0.799999
      vertex 4.66014 14.1117 0.799999
      vertex 5.14201 13.7889 0.799999
    endloop
  endfacet
  facet normal -0 0 1
    outer loop
      vertex 4.60958 14.045 0.799999
      vertex 5.08371 13.7087 0.799999
      vertex 4.66014 14.1117 0.799999
    endloop
  endfacet
  facet normal 0 0 1
    outer loop
      vertex 5.08371 13.7087 0.799999
      vertex 4.60476 14.0386 0.799999
      vertex 5.02023 13.6325 0.799999
    endloop
  endfacet
  facet normal 0 0 1
    outer loop
      vertex 5.28343 14.0503 0.799999
      vertex 4.74776 14.2726 0.799999
      vertex 5.24209 13.9601 0.799999
    endloop
  endfacet
  facet normal -0 0 1
    outer loop
      vertex 4.7038 14.1832 0.799999
      vertex 5.19488 13.8729 0.799999
      vertex 4.70796 14.19 0.799999
    endloop
  endfacet
  facet normal 0 0 1
    outer loop
      vertex 5.14201 13.7889 0.799999
      vertex 4.66014 14.1117 0.799999
      vertex 5.08371 13.7087 0.799999
    endloop
  endfacet
  facet normal -0 0 1
    outer loop
      vertex 4.60476 14.0386 0.799999
      vertex 5.08371 13.7087 0.799999
      vertex 4.60958 14.045 0.799999
    endloop
  endfacet
  facet normal -0 0 1
    outer loop
      vertex 4.59934 14.0328 0.799999
      vertex 5.02023 13.6325 0.799999
      vertex 4.60476 14.0386 0.799999
    endloop
  endfacet
  facet normal -0 0 1
    outer loop
      vertex 4.54238 13.9714 0.799999
      vertex 5.02023 13.6325 0.799999
      vertex 4.59934 14.0328 0.799999
    endloop
  endfacet
  facet normal 0 0 1
    outer loop
      vertex 5.02023 13.6325 0.799999
      vertex 4.54238 13.9714 0.799999
      vertex 4.95185 13.5606 0.799999
    endloop
  endfacet
  facet normal 0 0 1
    outer loop
      vertex 4.95185 13.5606 0.799999
      vertex 4.54238 13.9714 0.799999
      vertex 4.87888 13.4934 0.799999
    endloop
  endfacet
  facet normal -0 0 1
    outer loop
      vertex 4.47959 13.916 0.799999
      vertex 4.87888 13.4934 0.799999
      vertex 4.54238 13.9714 0.799999
    endloop
  endfacet
  facet normal -0 0 1
    outer loop
      vertex 4.47361 13.9107 0.799999
      vertex 4.87888 13.4934 0.799999
      vertex 4.47959 13.916 0.799999
    endloop
  endfacet
  facet normal 0 0 1
    outer loop
      vertex 4.87888 13.4934 0.799999
      vertex 4.47361 13.9107 0.799999
      vertex 4.80162 13.4312 0.799999
    endloop
  endfacet
  facet normal -0 0 1
    outer loop
      vertex 4.40562 13.8618 0.799999
      vertex 4.80162 13.4312 0.799999
      vertex 4.47361 13.9107 0.799999
    endloop
  endfacet
  facet normal 0 0 1
    outer loop
      vertex 4.80162 13.4312 0.799999
      vertex 4.40562 13.8618 0.799999
      vertex 4.72042 13.3742 0.799999
    endloop
  endfacet
  facet normal -0 0 1
    outer loop
      vertex 4.39914 13.8572 0.799999
      vertex 4.72042 13.3742 0.799999
      vertex 4.40562 13.8618 0.799999
    endloop
  endfacet
  facet normal -0 0 1
    outer loop
      vertex 4.39224 13.8532 0.799999
      vertex 4.72042 13.3742 0.799999
      vertex 4.39914 13.8572 0.799999
    endloop
  endfacet
  facet normal 0 0 1
    outer loop
      vertex 4.72042 13.3742 0.799999
      vertex 4.39224 13.8532 0.799999
      vertex 4.63563 13.3228 0.799999
    endloop
  endfacet
  facet normal -0 0 1
    outer loop
      vertex 4.31971 13.8113 0.799999
      vertex 4.63563 13.3228 0.799999
      vertex 4.39224 13.8532 0.799999
    endloop
  endfacet
  facet normal 0 0 1
    outer loop
      vertex 4.63563 13.3228 0.799999
      vertex 4.31971 13.8113 0.799999
      vertex 4.54763 13.277 0.799999
    endloop
  endfacet
  facet normal -0 0 1
    outer loop
      vertex 4.31244 13.808 0.799999
      vertex 4.54763 13.277 0.799999
      vertex 4.31971 13.8113 0.799999
    endloop
  endfacet
  facet normal -0 0 1
    outer loop
      vertex 4.23611 13.7736 0.799999
      vertex 4.54763 13.277 0.799999
      vertex 4.31244 13.808 0.799999
    endloop
  endfacet
  facet normal 0 0 1
    outer loop
      vertex 4.54763 13.277 0.799999
      vertex 4.23611 13.7736 0.799999
      vertex 4.4568 13.2372 0.799999
    endloop
  endfacet
  facet normal 0 0 1
    outer loop
      vertex 4.4568 13.2372 0.799999
      vertex 4.23611 13.7736 0.799999
      vertex 4.36353 13.2034 0.799999
    endloop
  endfacet
  facet normal -0 0 1
    outer loop
      vertex 4.15673 13.7469 0.799999
      vertex 4.36353 13.2034 0.799999
      vertex 4.23611 13.7736 0.799999
    endloop
  endfacet
  facet normal -0 0 1
    outer loop
      vertex 4.14917 13.7444 0.799999
      vertex 4.36353 13.2034 0.799999
      vertex 4.15673 13.7469 0.799999
    endloop
  endfacet
  facet normal 0 0 1
    outer loop
      vertex 4.36353 13.2034 0.799999
      vertex 4.14917 13.7444 0.799999
      vertex 4.26823 13.1759 0.799999
    endloop
  endfacet
  facet normal -0 0 1
    outer loop
      vertex 4.1414 13.7426 0.799999
      vertex 4.26823 13.1759 0.799999
      vertex 4.14917 13.7444 0.799999
    endloop
  endfacet
  facet normal -0 0 1
    outer loop
      vertex 4.05976 13.724 0.799999
      vertex 4.26823 13.1759 0.799999
      vertex 4.1414 13.7426 0.799999
    endloop
  endfacet
  facet normal 0 0 1
    outer loop
      vertex 4.26823 13.1759 0.799999
      vertex 4.05976 13.724 0.799999
      vertex 4.17132 13.1547 0.799999
    endloop
  endfacet
  facet normal 0 0 1
    outer loop
      vertex 4.17132 13.1547 0.799999
      vertex 4.05976 13.724 0.799999
      vertex 4.07323 13.14 0.799999
    endloop
  endfacet
  facet normal -0 0 1
    outer loop
      vertex 3.97666 13.7136 0.799999
      vertex 4.07323 13.14 0.799999
      vertex 4.05976 13.724 0.799999
    endloop
  endfacet
  facet normal -0 0 1
    outer loop
      vertex 3.96875 13.7126 0.799999
      vertex 4.07323 13.14 0.799999
      vertex 3.97666 13.7136 0.799999
    endloop
  endfacet
  facet normal 0 0 1
    outer loop
      vertex 4.07323 13.14 0.799999
      vertex 3.96875 13.7126 0.799999
      vertex 3.97437 13.1318 0.799999
    endloop
  endfacet
  facet normal -0 0 1
    outer loop
      vertex 3.87706 13.7103 0.799999
      vertex 3.97437 13.1318 0.799999
      vertex 3.96875 13.7126 0.799999
    endloop
  endfacet
  facet normal 0 0 1
    outer loop
      vertex 3.87706 13.7103 0.799999
      vertex 3.8752 13.1302 0.799999
      vertex 3.97437 13.1318 0.799999
    endloop
  endfacet
  facet normal 0 0 1
    outer loop
      vertex 3.77613 13.1351 0.799999
      vertex 3.87706 13.7103 0.799999
      vertex 3.7856 13.7171 0.799999
    endloop
  endfacet
  facet normal 0 0 1
    outer loop
      vertex 3.87706 13.7103 0.799999
      vertex 3.77613 13.1351 0.799999
      vertex 3.8752 13.1302 0.799999
    endloop
  endfacet
  facet normal 0 0 1
    outer loop
      vertex 3.6776 13.1466 0.799999
      vertex 3.7856 13.7171 0.799999
      vertex 3.69528 13.7331 0.799999
    endloop
  endfacet
  facet normal 0 0 1
    outer loop
      vertex 3.58005 13.1645 0.799999
      vertex 3.69528 13.7331 0.799999
      vertex 3.6876 13.7352 0.799999
    endloop
  endfacet
  facet normal 0 0 1
    outer loop
      vertex 3.7856 13.7171 0.799999
      vertex 3.6776 13.1466 0.799999
      vertex 3.77613 13.1351 0.799999
    endloop
  endfacet
  facet normal 0 0 1
    outer loop
      vertex 3.4839 13.1889 0.799999
      vertex 3.6876 13.7352 0.799999
      vertex 3.60699 13.7579 0.799999
    endloop
  endfacet
  facet normal 0 0 1
    outer loop
      vertex 3.69528 13.7331 0.799999
      vertex 3.58005 13.1645 0.799999
      vertex 3.6776 13.1466 0.799999
    endloop
  endfacet
  facet normal 0 0 1
    outer loop
      vertex 3.38956 13.2195 0.799999
      vertex 3.60699 13.7579 0.799999
      vertex 3.52904 13.7885 0.799999
    endloop
  endfacet
  facet normal 0 0 1
    outer loop
      vertex 3.29746 13.2563 0.799999
      vertex 3.52904 13.7885 0.799999
      vertex 3.52162 13.7914 0.799999
    endloop
  endfacet
  facet normal 0 0 1
    outer loop
      vertex 3.6876 13.7352 0.799999
      vertex 3.4839 13.1889 0.799999
      vertex 3.58005 13.1645 0.799999
    endloop
  endfacet
  facet normal 0 0 1
    outer loop
      vertex 3.20799 13.2992 0.799999
      vertex 3.52162 13.7914 0.799999
      vertex 3.44 13.8333 0.799999
    endloop
  endfacet
  facet normal 0 0 1
    outer loop
      vertex 3.12154 13.3478 0.799999
      vertex 3.44 13.8333 0.799999
      vertex 3.4333 13.8376 0.799999
    endloop
  endfacet
  facet normal 0 0 1
    outer loop
      vertex 3.60699 13.7579 0.799999
      vertex 3.38956 13.2195 0.799999
      vertex 3.4839 13.1889 0.799999
    endloop
  endfacet
  facet normal 0 0 1
    outer loop
      vertex 3.12154 13.3478 0.799999
      vertex 3.4333 13.8376 0.799999
      vertex 3.36296 13.883 0.799999
    endloop
  endfacet
  facet normal 0 0 1
    outer loop
      vertex 3.52904 13.7885 0.799999
      vertex 3.29746 13.2563 0.799999
      vertex 3.38956 13.2195 0.799999
    endloop
  endfacet
  facet normal 0 0 1
    outer loop
      vertex 2.95924 13.4617 0.799999
      vertex 3.36296 13.883 0.799999
      vertex 3.29125 13.9402 0.799999
    endloop
  endfacet
  facet normal 0 0 1
    outer loop
      vertex 2.88408 13.5264 0.799999
      vertex 3.29125 13.9402 0.799999
      vertex 3.2313 13.9987 0.799999
    endloop
  endfacet
  facet normal 0 0 1
    outer loop
      vertex 2.81336 13.596 0.799999
      vertex 3.2313 13.9987 0.799999
      vertex 3.22559 14.0042 0.799999
    endloop
  endfacet
  facet normal 0 0 1
    outer loop
      vertex 2.81336 13.596 0.799999
      vertex 3.22559 14.0042 0.799999
      vertex 3.22047 14.0104 0.799999
    endloop
  endfacet
  facet normal 0 0 1
    outer loop
      vertex 3.52162 13.7914 0.799999
      vertex 3.20799 13.2992 0.799999
      vertex 3.29746 13.2563 0.799999
    endloop
  endfacet
  facet normal 0 0 1
    outer loop
      vertex 2.7474 13.67 0.799999
      vertex 3.22047 14.0104 0.799999
      vertex 3.16664 14.0745 0.799999
    endloop
  endfacet
  facet normal 0 0 1
    outer loop
      vertex 3.44 13.8333 0.799999
      vertex 3.12154 13.3478 0.799999
      vertex 3.20799 13.2992 0.799999
    endloop
  endfacet
  facet normal 0 0 1
    outer loop
      vertex 2.68647 13.7483 0.799999
      vertex 3.16664 14.0745 0.799999
      vertex 3.11497 14.1503 0.799999
    endloop
  endfacet
  facet normal 0 0 1
    outer loop
      vertex 2.58079 13.9161 0.799999
      vertex 3.11497 14.1503 0.799999
      vertex 3.07111 14.2308 0.799999
    endloop
  endfacet
  facet normal 0 0 1
    outer loop
      vertex 2.53649 14.0048 0.799999
      vertex 3.07111 14.2308 0.799999
      vertex 3.06801 14.2382 0.799999
    endloop
  endfacet
  facet normal 0 0 1
    outer loop
      vertex 2.53649 14.0048 0.799999
      vertex 3.06801 14.2382 0.799999
      vertex 3.05249 14.275 0.799999
    endloop
  endfacet
  facet normal 0 0 1
    outer loop
      vertex 3.36296 13.883 0.799999
      vertex 3.03851 13.4021 0.799999
      vertex 3.12154 13.3478 0.799999
    endloop
  endfacet
  facet normal 0 0 1
    outer loop
      vertex 3.36296 13.883 0.799999
      vertex 2.95924 13.4617 0.799999
      vertex 3.03851 13.4021 0.799999
    endloop
  endfacet
  facet normal 0 0 1
    outer loop
      vertex 3.29125 13.9402 0.799999
      vertex 2.88408 13.5264 0.799999
      vertex 2.95924 13.4617 0.799999
    endloop
  endfacet
  facet normal 0 0 1
    outer loop
      vertex 3.2313 13.9987 0.799999
      vertex 2.81336 13.596 0.799999
      vertex 2.88408 13.5264 0.799999
    endloop
  endfacet
  facet normal 0 0 1
    outer loop
      vertex 3.22047 14.0104 0.799999
      vertex 2.7474 13.67 0.799999
      vertex 2.81336 13.596 0.799999
    endloop
  endfacet
  facet normal 0 0 1
    outer loop
      vertex 3.16664 14.0745 0.799999
      vertex 2.68647 13.7483 0.799999
      vertex 2.7474 13.67 0.799999
    endloop
  endfacet
  facet normal 0 0 1
    outer loop
      vertex 3.11497 14.1503 0.799999
      vertex 2.63086 13.8305 0.799999
      vertex 2.68647 13.7483 0.799999
    endloop
  endfacet
  facet normal 0 0 1
    outer loop
      vertex 3.11497 14.1503 0.799999
      vertex 2.58079 13.9161 0.799999
      vertex 2.63086 13.8305 0.799999
    endloop
  endfacet
  facet normal 0 0 1
    outer loop
      vertex 3.07111 14.2308 0.799999
      vertex 2.53649 14.0048 0.799999
      vertex 2.58079 13.9161 0.799999
    endloop
  endfacet
  facet normal 0 0 1
    outer loop
      vertex 3.05249 14.275 0.799999
      vertex 2.49815 14.0963 0.799999
      vertex 2.53649 14.0048 0.799999
    endloop
  endfacet
  facet normal 0 0 1
    outer loop
      vertex 3.05249 14.275 0.799999
      vertex 2.46595 14.1901 0.799999
      vertex 2.49815 14.0963 0.799999
    endloop
  endfacet
  facet normal 0 -0 1
    outer loop
      vertex 2.46595 14.1901 0.799999
      vertex 3.05249 14.275 0.799999
      vertex 2.44295 14.275 0.799999
    endloop
  endfacet
  facet normal 0.973259 -0.22971 0
    outer loop
      vertex 5.34781 14.2378 0.799999
      vertex 5.35659 14.275 0
      vertex 5.35659 14.275 0.799999
    endloop
  endfacet
  facet normal 0.973259 -0.22971 0
    outer loop
      vertex 5.35659 14.275 0
      vertex 5.34781 14.2378 0.799999
      vertex 5.34781 14.2378 0
    endloop
  endfacet
  facet normal 0.76832 -0.640065 0
    outer loop
      vertex 5.02023 13.6325 0.799999
      vertex 5.08371 13.7087 0
      vertex 5.08371 13.7087 0.799999
    endloop
  endfacet
  facet normal 0.76832 -0.640065 0
    outer loop
      vertex 5.08371 13.7087 0
      vertex 5.02023 13.6325 0.799999
      vertex 5.02023 13.6325 0
    endloop
  endfacet
  facet normal 0.808867 -0.587992 0
    outer loop
      vertex 5.08371 13.7087 0.799999
      vertex 5.14201 13.7889 0
      vertex 5.14201 13.7889 0.799999
    endloop
  endfacet
  facet normal 0.808867 -0.587992 0
    outer loop
      vertex 5.14201 13.7889 0
      vertex 5.08371 13.7087 0.799999
      vertex 5.08371 13.7087 0
    endloop
  endfacet
  facet normal 0.846319 -0.532677 0
    outer loop
      vertex 5.14201 13.7889 0.799999
      vertex 5.19488 13.8729 0
      vertex 5.19488 13.8729 0.799999
    endloop
  endfacet
  facet normal 0.846319 -0.532677 0
    outer loop
      vertex 5.19488 13.8729 0
      vertex 5.14201 13.7889 0.799999
      vertex 5.14201 13.7889 0
    endloop
  endfacet
  facet normal 0.909071 -0.416641 0
    outer loop
      vertex 5.24209 13.9601 0.799999
      vertex 5.28343 14.0503 0
      vertex 5.28343 14.0503 0.799999
    endloop
  endfacet
  facet normal 0.909071 -0.416641 0
    outer loop
      vertex 5.28343 14.0503 0
      vertex 5.24209 13.9601 0.799999
      vertex 5.24209 13.9601 0
    endloop
  endfacet
  facet normal -0.308534 -0.951213 0
    outer loop
      vertex 3.38956 13.2195 0
      vertex 3.4839 13.1889 0.799999
      vertex 3.38956 13.2195 0.799999
    endloop
  endfacet
  facet normal -0.308534 -0.951213 -0
    outer loop
      vertex 3.4839 13.1889 0.799999
      vertex 3.38956 13.2195 0
      vertex 3.4839 13.1889 0
    endloop
  endfacet
  facet normal 0.0161318 -0.99987 0
    outer loop
      vertex 3.8752 13.1302 0
      vertex 3.97437 13.1318 0.799999
      vertex 3.8752 13.1302 0.799999
    endloop
  endfacet
  facet normal 0.0161318 -0.99987 0
    outer loop
      vertex 3.97437 13.1318 0.799999
      vertex 3.8752 13.1302 0
      vertex 3.97437 13.1318 0
    endloop
  endfacet
  facet normal -0.115929 -0.993258 0
    outer loop
      vertex 3.6776 13.1466 0
      vertex 3.77613 13.1351 0.799999
      vertex 3.6776 13.1466 0.799999
    endloop
  endfacet
  facet normal -0.115929 -0.993258 -0
    outer loop
      vertex 3.77613 13.1351 0.799999
      vertex 3.6776 13.1466 0
      vertex 3.77613 13.1351 0
    endloop
  endfacet
  facet normal -0.746496 -0.66539 0
    outer loop
      vertex 2.81336 13.596 0
      vertex 2.7474 13.67 0.799999
      vertex 2.7474 13.67 0
    endloop
  endfacet
  facet normal -0.746496 -0.66539 0
    outer loop
      vertex 2.7474 13.67 0.799999
      vertex 2.81336 13.596 0
      vertex 2.81336 13.596 0.799999
    endloop
  endfacet
  facet normal -0.789206 -0.614129 0
    outer loop
      vertex 2.7474 13.67 0
      vertex 2.68647 13.7483 0.799999
      vertex 2.68647 13.7483 0
    endloop
  endfacet
  facet normal -0.789206 -0.614129 0
    outer loop
      vertex 2.68647 13.7483 0.799999
      vertex 2.7474 13.67 0
      vertex 2.7474 13.67 0.799999
    endloop
  endfacet
  facet normal -0.894629 -0.44681 0
    outer loop
      vertex 2.58079 13.9161 0
      vertex 2.53649 14.0048 0.799999
      vertex 2.53649 14.0048 0
    endloop
  endfacet
  facet normal -0.894629 -0.44681 0
    outer loop
      vertex 2.53649 14.0048 0.799999
      vertex 2.58079 13.9161 0
      vertex 2.58079 13.9161 0.799999
    endloop
  endfacet
  facet normal -0.945822 -0.324685 0
    outer loop
      vertex 2.49815 14.0963 0
      vertex 2.46595 14.1901 0.799999
      vertex 2.46595 14.1901 0
    endloop
  endfacet
  facet normal -0.945822 -0.324685 0
    outer loop
      vertex 2.46595 14.1901 0.799999
      vertex 2.49815 14.0963 0
      vertex 2.49815 14.0963 0.799999
    endloop
  endfacet
  facet normal 0.213706 -0.976898 0
    outer loop
      vertex 4.17132 13.1547 0
      vertex 4.26823 13.1759 0.799999
      vertex 4.17132 13.1547 0.799999
    endloop
  endfacet
  facet normal 0.213706 -0.976898 0
    outer loop
      vertex 4.26823 13.1759 0.799999
      vertex 4.17132 13.1547 0
      vertex 4.26823 13.1759 0
    endloop
  endfacet
  facet normal 0.27725 -0.960798 0
    outer loop
      vertex 4.26823 13.1759 0
      vertex 4.36353 13.2034 0.799999
      vertex 4.26823 13.1759 0.799999
    endloop
  endfacet
  facet normal 0.27725 -0.960798 0
    outer loop
      vertex 4.36353 13.2034 0.799999
      vertex 4.26823 13.1759 0
      vertex 4.36353 13.2034 0
    endloop
  endfacet
  facet normal 0.340707 -0.94017 0
    outer loop
      vertex 4.36353 13.2034 0
      vertex 4.4568 13.2372 0.799999
      vertex 4.36353 13.2034 0.799999
    endloop
  endfacet
  facet normal 0.340707 -0.94017 0
    outer loop
      vertex 4.4568 13.2372 0.799999
      vertex 4.36353 13.2034 0
      vertex 4.4568 13.2372 0
    endloop
  endfacet
  facet normal 0.627102 -0.778937 0
    outer loop
      vertex 4.80162 13.4312 0
      vertex 4.87888 13.4934 0.799999
      vertex 4.80162 13.4312 0.799999
    endloop
  endfacet
  facet normal 0.627102 -0.778937 0
    outer loop
      vertex 4.87888 13.4934 0.799999
      vertex 4.80162 13.4312 0
      vertex 4.87888 13.4934 0
    endloop
  endfacet
  facet normal 0.934536 -0.35587 0
    outer loop
      vertex 5.28343 14.0503 0.799999
      vertex 5.31873 14.143 0
      vertex 5.31873 14.143 0.799999
    endloop
  endfacet
  facet normal 0.934536 -0.35587 0
    outer loop
      vertex 5.31873 14.143 0
      vertex 5.28343 14.0503 0.799999
      vertex 5.28343 14.0503 0
    endloop
  endfacet
  facet normal -0.180482 -0.983578 0
    outer loop
      vertex 3.58005 13.1645 0
      vertex 3.6776 13.1466 0.799999
      vertex 3.58005 13.1645 0.799999
    endloop
  endfacet
  facet normal -0.180482 -0.983578 -0
    outer loop
      vertex 3.6776 13.1466 0.799999
      vertex 3.58005 13.1645 0
      vertex 3.6776 13.1466 0
    endloop
  endfacet
  facet normal -0.371043 -0.928616 0
    outer loop
      vertex 3.29746 13.2563 0
      vertex 3.38956 13.2195 0.799999
      vertex 3.29746 13.2563 0.799999
    endloop
  endfacet
  facet normal -0.371043 -0.928616 -0
    outer loop
      vertex 3.38956 13.2195 0.799999
      vertex 3.29746 13.2563 0
      vertex 3.38956 13.2195 0
    endloop
  endfacet
  facet normal -0.547328 -0.836918 0
    outer loop
      vertex 3.03851 13.4021 0
      vertex 3.12154 13.3478 0.799999
      vertex 3.03851 13.4021 0.799999
    endloop
  endfacet
  facet normal -0.547328 -0.836918 -0
    outer loop
      vertex 3.12154 13.3478 0.799999
      vertex 3.03851 13.4021 0
      vertex 3.12154 13.3478 0
    endloop
  endfacet
  facet normal -0.70144 -0.712728 0
    outer loop
      vertex 2.81336 13.596 0
      vertex 2.88408 13.5264 0.799999
      vertex 2.81336 13.596 0.799999
    endloop
  endfacet
  facet normal -0.70144 -0.712728 -0
    outer loop
      vertex 2.88408 13.5264 0.799999
      vertex 2.81336 13.596 0
      vertex 2.88408 13.5264 0
    endloop
  endfacet
  facet normal -0.863178 -0.504899 0
    outer loop
      vertex 2.63086 13.8305 0
      vertex 2.58079 13.9161 0.799999
      vertex 2.58079 13.9161 0
    endloop
  endfacet
  facet normal -0.863178 -0.504899 0
    outer loop
      vertex 2.58079 13.9161 0.799999
      vertex 2.63086 13.8305 0
      vertex 2.63086 13.8305 0.799999
    endloop
  endfacet
  facet normal -0.828264 -0.560338 0
    outer loop
      vertex 2.68647 13.7483 0
      vertex 2.63086 13.8305 0.799999
      vertex 2.63086 13.8305 0
    endloop
  endfacet
  facet normal -0.828264 -0.560338 0
    outer loop
      vertex 2.63086 13.8305 0.799999
      vertex 2.68647 13.7483 0
      vertex 2.68647 13.7483 0.799999
    endloop
  endfacet
  facet normal 0.574544 -0.818474 0
    outer loop
      vertex 4.72042 13.3742 0
      vertex 4.80162 13.4312 0.799999
      vertex 4.72042 13.3742 0.799999
    endloop
  endfacet
  facet normal 0.574544 -0.818474 0
    outer loop
      vertex 4.80162 13.4312 0.799999
      vertex 4.72042 13.3742 0
      vertex 4.80162 13.4312 0
    endloop
  endfacet
  facet normal 0.518391 -0.855144 0
    outer loop
      vertex 4.63563 13.3228 0
      vertex 4.72042 13.3742 0.799999
      vertex 4.63563 13.3228 0.799999
    endloop
  endfacet
  facet normal 0.518391 -0.855144 0
    outer loop
      vertex 4.72042 13.3742 0.799999
      vertex 4.63563 13.3228 0
      vertex 4.72042 13.3742 0
    endloop
  endfacet
  facet normal 0.724622 -0.689147 0
    outer loop
      vertex 4.95185 13.5606 0.799999
      vertex 5.02023 13.6325 0
      vertex 5.02023 13.6325 0.799999
    endloop
  endfacet
  facet normal 0.724622 -0.689147 0
    outer loop
      vertex 5.02023 13.6325 0
      vertex 4.95185 13.5606 0.799999
      vertex 4.95185 13.5606 0
    endloop
  endfacet
  facet normal -0.245973 -0.969277 0
    outer loop
      vertex 3.4839 13.1889 0
      vertex 3.58005 13.1645 0.799999
      vertex 3.4839 13.1889 0.799999
    endloop
  endfacet
  facet normal -0.245973 -0.969277 -0
    outer loop
      vertex 3.58005 13.1645 0.799999
      vertex 3.4839 13.1889 0
      vertex 3.58005 13.1645 0
    endloop
  endfacet
  facet normal -0.490046 -0.871697 0
    outer loop
      vertex 3.12154 13.3478 0
      vertex 3.20799 13.2992 0.799999
      vertex 3.12154 13.3478 0.799999
    endloop
  endfacet
  facet normal -0.490046 -0.871697 -0
    outer loop
      vertex 3.20799 13.2992 0.799999
      vertex 3.12154 13.3478 0
      vertex 3.20799 13.2992 0
    endloop
  endfacet
  facet normal -0.600951 -0.799286 0
    outer loop
      vertex 2.95924 13.4617 0
      vertex 3.03851 13.4021 0.799999
      vertex 2.95924 13.4617 0.799999
    endloop
  endfacet
  facet normal -0.600951 -0.799286 -0
    outer loop
      vertex 3.03851 13.4021 0.799999
      vertex 2.95924 13.4617 0
      vertex 3.03851 13.4021 0
    endloop
  endfacet
  facet normal -0.652401 -0.757874 0
    outer loop
      vertex 2.88408 13.5264 0
      vertex 2.95924 13.4617 0.799999
      vertex 2.88408 13.5264 0.799999
    endloop
  endfacet
  facet normal -0.652401 -0.757874 -0
    outer loop
      vertex 2.95924 13.4617 0.799999
      vertex 2.88408 13.5264 0
      vertex 2.95924 13.4617 0
    endloop
  endfacet
  facet normal -0.0493996 -0.998779 0
    outer loop
      vertex 3.77613 13.1351 0
      vertex 3.8752 13.1302 0.799999
      vertex 3.77613 13.1351 0.799999
    endloop
  endfacet
  facet normal -0.0493996 -0.998779 -0
    outer loop
      vertex 3.8752 13.1302 0.799999
      vertex 3.77613 13.1351 0
      vertex 3.8752 13.1302 0
    endloop
  endfacet
  facet normal -0.432358 -0.901702 0
    outer loop
      vertex 3.20799 13.2992 0
      vertex 3.29746 13.2563 0.799999
      vertex 3.20799 13.2992 0.799999
    endloop
  endfacet
  facet normal -0.432358 -0.901702 -0
    outer loop
      vertex 3.29746 13.2563 0.799999
      vertex 3.20799 13.2992 0
      vertex 3.29746 13.2563 0
    endloop
  endfacet
  facet normal 0.879524 0.475854 0
    outer loop
      vertex 13.2421 1.83991 0.799999
      vertex 13.1949 1.92715 0
      vertex 13.1949 1.92715 0.799999
    endloop
  endfacet
  facet normal 0.879524 0.475854 0
    outer loop
      vertex 13.1949 1.92715 0
      vertex 13.2421 1.83991 0.799999
      vertex 13.2421 1.83991 0
    endloop
  endfacet
  facet normal 0.340165 0.940366 -0
    outer loop
      vertex 12.4568 2.56283 0
      vertex 12.3635 2.59658 0.799999
      vertex 12.4568 2.56283 0.799999
    endloop
  endfacet
  facet normal 0.340165 0.940366 0
    outer loop
      vertex 12.3635 2.59658 0.799999
      vertex 12.4568 2.56283 0
      vertex 12.3635 2.59658 0
    endloop
  endfacet
  facet normal -0.922419 0.38619 0
    outer loop
      vertex 10.4982 1.70369 0
      vertex 10.5365 1.79517 0.799999
      vertex 10.5365 1.79517 0
    endloop
  endfacet
  facet normal -0.922419 0.38619 0
    outer loop
      vertex 10.5365 1.79517 0.799999
      vertex 10.4982 1.70369 0
      vertex 10.4982 1.70369 0.799999
    endloop
  endfacet
  facet normal 0.01653 0.999863 -0
    outer loop
      vertex 11.9744 2.66815 0
      vertex 11.8752 2.66979 0.799999
      vertex 11.9744 2.66815 0.799999
    endloop
  endfacet
  facet normal 0.01653 0.999863 0
    outer loop
      vertex 11.8752 2.66979 0.799999
      vertex 11.9744 2.66815 0
      vertex 11.8752 2.66979 0
    endloop
  endfacet
  facet normal -0.371217 0.928546 0
    outer loop
      vertex 11.3896 2.58048 0
      vertex 11.2975 2.54366 0.799999
      vertex 11.3896 2.58048 0.799999
    endloop
  endfacet
  facet normal -0.371217 0.928546 0
    outer loop
      vertex 11.2975 2.54366 0.799999
      vertex 11.3896 2.58048 0
      vertex 11.2975 2.54366 0
    endloop
  endfacet
  facet normal -0.652874 0.757467 0
    outer loop
      vertex 10.9592 2.33832 0
      vertex 10.8841 2.27359 0.799999
      vertex 10.9592 2.33832 0.799999
    endloop
  endfacet
  facet normal -0.652874 0.757467 0
    outer loop
      vertex 10.8841 2.27359 0.799999
      vertex 10.9592 2.33832 0
      vertex 10.8841 2.27359 0
    endloop
  endfacet
  facet normal 0.97317 0.230088 0
    outer loop
      vertex 13.3566 1.525 0.799999
      vertex 13.3478 1.56222 0
      vertex 13.3478 1.56222 0.799999
    endloop
  endfacet
  facet normal 0.97317 0.230088 0
    outer loop
      vertex 13.3478 1.56222 0
      vertex 13.3566 1.525 0.799999
      vertex 13.3566 1.525 0
    endloop
  endfacet
  facet normal 0.845953 0.533257 0
    outer loop
      vertex 13.1949 1.92715 0.799999
      vertex 13.142 2.01107 0
      vertex 13.142 2.01107 0.799999
    endloop
  endfacet
  facet normal 0.845953 0.533257 0
    outer loop
      vertex 13.142 2.01107 0
      vertex 13.1949 1.92715 0.799999
      vertex 13.1949 1.92715 0
    endloop
  endfacet
  facet normal 0.768304 0.640085 0
    outer loop
      vertex 13.0837 2.09132 0.799999
      vertex 13.0202 2.16754 0
      vertex 13.0202 2.16754 0.799999
    endloop
  endfacet
  facet normal 0.768304 0.640085 0
    outer loop
      vertex 13.0202 2.16754 0
      vertex 13.0837 2.09132 0.799999
      vertex 13.0837 2.09132 0
    endloop
  endfacet
  facet normal 0.148193 0.988959 -0
    outer loop
      vertex 12.1713 2.64526 0
      vertex 12.0732 2.65996 0.799999
      vertex 12.1713 2.64526 0.799999
    endloop
  endfacet
  facet normal 0.148193 0.988959 0
    outer loop
      vertex 12.0732 2.65996 0.799999
      vertex 12.1713 2.64526 0
      vertex 12.0732 2.65996 0
    endloop
  endfacet
  facet normal 0.277436 0.960744 -0
    outer loop
      vertex 12.3635 2.59658 0
      vertex 12.2682 2.6241 0.799999
      vertex 12.3635 2.59658 0.799999
    endloop
  endfacet
  facet normal 0.277436 0.960744 0
    outer loop
      vertex 12.2682 2.6241 0.799999
      vertex 12.3635 2.59658 0
      vertex 12.2682 2.6241 0
    endloop
  endfacet
  facet normal 0.574342 0.818616 -0
    outer loop
      vertex 12.8016 2.36878 0
      vertex 12.7204 2.42575 0.799999
      vertex 12.8016 2.36878 0.799999
    endloop
  endfacet
  facet normal 0.574342 0.818616 0
    outer loop
      vertex 12.7204 2.42575 0.799999
      vertex 12.8016 2.36878 0
      vertex 12.7204 2.42575 0
    endloop
  endfacet
  facet normal 0.401792 0.915731 -0
    outer loop
      vertex 12.5476 2.52299 0
      vertex 12.4568 2.56283 0.799999
      vertex 12.5476 2.52299 0.799999
    endloop
  endfacet
  facet normal 0.401792 0.915731 0
    outer loop
      vertex 12.4568 2.56283 0.799999
      vertex 12.5476 2.52299 0
      vertex 12.4568 2.56283 0
    endloop
  endfacet
  facet normal 0.518936 0.854813 -0
    outer loop
      vertex 12.7204 2.42575 0
      vertex 12.6356 2.47723 0.799999
      vertex 12.7204 2.42575 0.799999
    endloop
  endfacet
  facet normal 0.518936 0.854813 0
    outer loop
      vertex 12.6356 2.47723 0.799999
      vertex 12.7204 2.42575 0
      vertex 12.6356 2.47723 0
    endloop
  endfacet
  facet normal -0.789238 0.614087 0
    outer loop
      vertex 10.6865 2.05168 0
      vertex 10.7474 2.12995 0.799999
      vertex 10.7474 2.12995 0
    endloop
  endfacet
  facet normal -0.789238 0.614087 0
    outer loop
      vertex 10.7474 2.12995 0.799999
      vertex 10.6865 2.05168 0
      vertex 10.6865 2.05168 0.799999
    endloop
  endfacet
  facet normal -0.115566 0.9933 0
    outer loop
      vertex 11.7761 2.66488 0
      vertex 11.6776 2.65342 0.799999
      vertex 11.7761 2.66488 0.799999
    endloop
  endfacet
  facet normal -0.115566 0.9933 0
    outer loop
      vertex 11.6776 2.65342 0.799999
      vertex 11.7761 2.66488 0
      vertex 11.6776 2.65342 0
    endloop
  endfacet
  facet normal -0.547113 0.837058 0
    outer loop
      vertex 11.1215 2.45219 0
      vertex 11.0385 2.39794 0.799999
      vertex 11.1215 2.45219 0.799999
    endloop
  endfacet
  facet normal -0.547113 0.837058 0
    outer loop
      vertex 11.0385 2.39794 0.799999
      vertex 11.1215 2.45219 0
      vertex 11.0385 2.39794 0
    endloop
  endfacet
  facet normal -0.600935 0.799298 0
    outer loop
      vertex 11.0385 2.39794 0
      vertex 10.9592 2.33832 0.799999
      vertex 11.0385 2.39794 0.799999
    endloop
  endfacet
  facet normal -0.600935 0.799298 0
    outer loop
      vertex 10.9592 2.33832 0.799999
      vertex 11.0385 2.39794 0
      vertex 10.9592 2.33832 0
    endloop
  endfacet
  facet normal 0.956001 0.293363 0
    outer loop
      vertex 13.3478 1.56222 0.799999
      vertex 13.3187 1.65705 0
      vertex 13.3187 1.65705 0.799999
    endloop
  endfacet
  facet normal 0.956001 0.293363 0
    outer loop
      vertex 13.3187 1.65705 0
      vertex 13.3478 1.56222 0.799999
      vertex 13.3478 1.56222 0
    endloop
  endfacet
  facet normal 0.677166 0.735831 -0
    outer loop
      vertex 12.9519 2.23939 0
      vertex 12.8789 2.30657 0.799999
      vertex 12.9519 2.23939 0.799999
    endloop
  endfacet
  facet normal 0.677166 0.735831 0
    outer loop
      vertex 12.8789 2.30657 0.799999
      vertex 12.9519 2.23939 0
      vertex 12.8789 2.30657 0
    endloop
  endfacet
  facet normal 0.809041 0.587752 0
    outer loop
      vertex 13.142 2.01107 0.799999
      vertex 13.0837 2.09132 0
      vertex 13.0837 2.09132 0.799999
    endloop
  endfacet
  facet normal 0.809041 0.587752 0
    outer loop
      vertex 13.0837 2.09132 0
      vertex 13.142 2.01107 0.799999
      vertex 13.142 2.01107 0
    endloop
  endfacet
  facet normal -0.0494852 0.998775 0
    outer loop
      vertex 11.8752 2.66979 0
      vertex 11.7761 2.66488 0.799999
      vertex 11.8752 2.66979 0.799999
    endloop
  endfacet
  facet normal -0.0494852 0.998775 0
    outer loop
      vertex 11.7761 2.66488 0.799999
      vertex 11.8752 2.66979 0
      vertex 11.7761 2.66488 0
    endloop
  endfacet
  facet normal 0.0826114 0.996582 -0
    outer loop
      vertex 12.0732 2.65996 0
      vertex 11.9744 2.66815 0.799999
      vertex 12.0732 2.65996 0.799999
    endloop
  endfacet
  facet normal 0.0826114 0.996582 0
    outer loop
      vertex 11.9744 2.66815 0.799999
      vertex 12.0732 2.65996 0
      vertex 11.9744 2.66815 0
    endloop
  endfacet
  facet normal 0.213342 0.976978 -0
    outer loop
      vertex 12.2682 2.6241 0
      vertex 12.1713 2.64526 0.799999
      vertex 12.2682 2.6241 0.799999
    endloop
  endfacet
  facet normal 0.213342 0.976978 0
    outer loop
      vertex 12.1713 2.64526 0.799999
      vertex 12.2682 2.6241 0
      vertex 12.1713 2.64526 0
    endloop
  endfacet
  facet normal 0.461353 0.887217 -0
    outer loop
      vertex 12.6356 2.47723 0
      vertex 12.5476 2.52299 0.799999
      vertex 12.6356 2.47723 0.799999
    endloop
  endfacet
  facet normal 0.461353 0.887217 0
    outer loop
      vertex 12.5476 2.52299 0.799999
      vertex 12.6356 2.47723 0
      vertex 12.5476 2.52299 0
    endloop
  endfacet
  facet normal 0.626966 0.779047 -0
    outer loop
      vertex 12.8789 2.30657 0
      vertex 12.8016 2.36878 0.799999
      vertex 12.8789 2.30657 0.799999
    endloop
  endfacet
  facet normal 0.626966 0.779047 0
    outer loop
      vertex 12.8016 2.36878 0.799999
      vertex 12.8789 2.30657 0
      vertex 12.8016 2.36878 0
    endloop
  endfacet
  facet normal -0.965472 0.260508 0
    outer loop
      vertex 10.443 1.525 0
      vertex 10.4659 1.60987 0.799999
      vertex 10.4659 1.60987 0
    endloop
  endfacet
  facet normal -0.965472 0.260508 0
    outer loop
      vertex 10.4659 1.60987 0.799999
      vertex 10.443 1.525 0
      vertex 10.443 1.525 0.799999
    endloop
  endfacet
  facet normal -0.894729 0.446609 0
    outer loop
      vertex 10.5365 1.79517 0
      vertex 10.5808 1.88392 0.799999
      vertex 10.5808 1.88392 0
    endloop
  endfacet
  facet normal -0.894729 0.446609 0
    outer loop
      vertex 10.5808 1.88392 0.799999
      vertex 10.5365 1.79517 0
      vertex 10.5365 1.79517 0.799999
    endloop
  endfacet
  facet normal -0.828089 0.560596 0
    outer loop
      vertex 10.6309 1.96955 0
      vertex 10.6865 2.05168 0.799999
      vertex 10.6865 2.05168 0
    endloop
  endfacet
  facet normal -0.828089 0.560596 0
    outer loop
      vertex 10.6865 2.05168 0.799999
      vertex 10.6309 1.96955 0
      vertex 10.6309 1.96955 0.799999
    endloop
  endfacet
  facet normal -0.863124 0.504992 0
    outer loop
      vertex 10.5808 1.88392 0
      vertex 10.6309 1.96955 0.799999
      vertex 10.6309 1.96955 0
    endloop
  endfacet
  facet normal -0.863124 0.504992 0
    outer loop
      vertex 10.6309 1.96955 0.799999
      vertex 10.5808 1.88392 0
      vertex 10.5808 1.88392 0.799999
    endloop
  endfacet
  facet normal -0.431666 0.902034 0
    outer loop
      vertex 11.2975 2.54366 0
      vertex 11.208 2.50083 0.799999
      vertex 11.2975 2.54366 0.799999
    endloop
  endfacet
  facet normal -0.431666 0.902034 0
    outer loop
      vertex 11.208 2.50083 0.799999
      vertex 11.2975 2.54366 0
      vertex 11.208 2.50083 0
    endloop
  endfacet
  facet normal -0.309109 0.951027 0
    outer loop
      vertex 11.4839 2.61113 0
      vertex 11.3896 2.58048 0.799999
      vertex 11.4839 2.61113 0.799999
    endloop
  endfacet
  facet normal -0.309109 0.951027 0
    outer loop
      vertex 11.3896 2.58048 0.799999
      vertex 11.4839 2.61113 0
      vertex 11.3896 2.58048 0
    endloop
  endfacet
  facet normal -0.180962 0.98349 0
    outer loop
      vertex 11.6776 2.65342 0
      vertex 11.5801 2.63548 0.799999
      vertex 11.6776 2.65342 0.799999
    endloop
  endfacet
  facet normal -0.180962 0.98349 0
    outer loop
      vertex 11.5801 2.63548 0.799999
      vertex 11.6776 2.65342 0
      vertex 11.5801 2.63548 0
    endloop
  endfacet
  facet normal -0.24538 0.969427 0
    outer loop
      vertex 11.5801 2.63548 0
      vertex 11.4839 2.61113 0.799999
      vertex 11.5801 2.63548 0.799999
    endloop
  endfacet
  facet normal -0.24538 0.969427 0
    outer loop
      vertex 11.4839 2.61113 0.799999
      vertex 11.5801 2.63548 0
      vertex 11.4839 2.61113 0
    endloop
  endfacet
  facet normal -0.490137 0.871645 0
    outer loop
      vertex 11.208 2.50083 0
      vertex 11.1215 2.45219 0.799999
      vertex 11.208 2.50083 0.799999
    endloop
  endfacet
  facet normal -0.490137 0.871645 0
    outer loop
      vertex 11.1215 2.45219 0.799999
      vertex 11.208 2.50083 0
      vertex 11.1215 2.45219 0
    endloop
  endfacet
  facet normal -0.746653 0.665214 0
    outer loop
      vertex 10.7474 2.12995 0
      vertex 10.8134 2.20403 0.799999
      vertex 10.8134 2.20403 0
    endloop
  endfacet
  facet normal -0.746653 0.665214 0
    outer loop
      vertex 10.8134 2.20403 0.799999
      vertex 10.7474 2.12995 0
      vertex 10.7474 2.12995 0.799999
    endloop
  endfacet
  facet normal -0.701336 0.71283 0
    outer loop
      vertex 10.8841 2.27359 0
      vertex 10.8134 2.20403 0.799999
      vertex 10.8841 2.27359 0.799999
    endloop
  endfacet
  facet normal -0.701336 0.71283 0
    outer loop
      vertex 10.8134 2.20403 0.799999
      vertex 10.8841 2.27359 0
      vertex 10.8134 2.20403 0
    endloop
  endfacet
  facet normal 0.909154 0.41646 0
    outer loop
      vertex 13.2834 1.74975 0.799999
      vertex 13.2421 1.83991 0
      vertex 13.2421 1.83991 0.799999
    endloop
  endfacet
  facet normal 0.909154 0.41646 0
    outer loop
      vertex 13.2421 1.83991 0
      vertex 13.2834 1.74975 0.799999
      vertex 13.2834 1.74975 0
    endloop
  endfacet
  facet normal 0.934536 0.35587 0
    outer loop
      vertex 13.3187 1.65705 0.799999
      vertex 13.2834 1.74975 0
      vertex 13.2834 1.74975 0.799999
    endloop
  endfacet
  facet normal 0.934536 0.35587 0
    outer loop
      vertex 13.2834 1.74975 0
      vertex 13.3187 1.65705 0.799999
      vertex 13.3187 1.65705 0
    endloop
  endfacet
  facet normal 0.724785 0.688975 0
    outer loop
      vertex 13.0202 2.16754 0.799999
      vertex 12.9519 2.23939 0
      vertex 12.9519 2.23939 0.799999
    endloop
  endfacet
  facet normal 0.724785 0.688975 0
    outer loop
      vertex 12.9519 2.23939 0
      vertex 13.0202 2.16754 0.799999
      vertex 13.0202 2.16754 0
    endloop
  endfacet
  facet normal 0 0 1
    outer loop
      vertex 12.7486 1.525 0.799999
      vertex 13.3478 1.56222 0.799999
      vertex 13.3187 1.65705 0.799999
    endloop
  endfacet
  facet normal 0 0 1
    outer loop
      vertex 12.7486 1.525 0.799999
      vertex 13.3187 1.65705 0.799999
      vertex 13.2834 1.74975 0.799999
    endloop
  endfacet
  facet normal 0 0 1
    outer loop
      vertex 12.7478 1.52736 0.799999
      vertex 13.2834 1.74975 0.799999
      vertex 13.2421 1.83991 0.799999
    endloop
  endfacet
  facet normal 0 0 1
    outer loop
      vertex 12.708 1.60999 0.799999
      vertex 13.2421 1.83991 0.799999
      vertex 13.1949 1.92715 0.799999
    endloop
  endfacet
  facet normal 0 0 1
    outer loop
      vertex 12.6601 1.68825 0.799999
      vertex 13.1949 1.92715 0.799999
      vertex 13.142 2.01107 0.799999
    endloop
  endfacet
  facet normal 0 0 1
    outer loop
      vertex 12.6601 1.68825 0.799999
      vertex 13.142 2.01107 0.799999
      vertex 13.0837 2.09132 0.799999
    endloop
  endfacet
  facet normal 0 0 1
    outer loop
      vertex 12.6048 1.76136 0.799999
      vertex 13.0837 2.09132 0.799999
      vertex 13.0202 2.16754 0.799999
    endloop
  endfacet
  facet normal 0 0 1
    outer loop
      vertex 12.5424 1.8286 0.799999
      vertex 13.0202 2.16754 0.799999
      vertex 12.9519 2.23939 0.799999
    endloop
  endfacet
  facet normal 0 0 1
    outer loop
      vertex 12.5424 1.8286 0.799999
      vertex 12.9519 2.23939 0.799999
      vertex 12.8789 2.30657 0.799999
    endloop
  endfacet
  facet normal 0 0 1
    outer loop
      vertex 12.4736 1.88928 0.799999
      vertex 12.8789 2.30657 0.799999
      vertex 12.8016 2.36878 0.799999
    endloop
  endfacet
  facet normal 0 0 1
    outer loop
      vertex 13.1949 1.92715 0.799999
      vertex 12.6601 1.68825 0.799999
      vertex 12.708 1.60999 0.799999
    endloop
  endfacet
  facet normal 0 0 1
    outer loop
      vertex 13.3478 1.56222 0.799999
      vertex 12.7486 1.525 0.799999
      vertex 13.3566 1.525 0.799999
    endloop
  endfacet
  facet normal 0 0 1
    outer loop
      vertex 12.3991 1.94282 0.799999
      vertex 12.8016 2.36878 0.799999
      vertex 12.7204 2.42575 0.799999
    endloop
  endfacet
  facet normal 0 0 1
    outer loop
      vertex 13.2834 1.74975 0.799999
      vertex 12.7478 1.52736 0.799999
      vertex 12.7486 1.525 0.799999
    endloop
  endfacet
  facet normal 0 0 1
    outer loop
      vertex 13.2421 1.83991 0.799999
      vertex 12.708 1.60999 0.799999
      vertex 12.7478 1.52736 0.799999
    endloop
  endfacet
  facet normal 0 0 1
    outer loop
      vertex 12.3922 1.94681 0.799999
      vertex 12.7204 2.42575 0.799999
      vertex 12.6356 2.47723 0.799999
    endloop
  endfacet
  facet normal 0 0 1
    outer loop
      vertex 13.0837 2.09132 0.799999
      vertex 12.6048 1.76136 0.799999
      vertex 12.6601 1.68825 0.799999
    endloop
  endfacet
  facet normal 0 0 1
    outer loop
      vertex 13.0202 2.16754 0.799999
      vertex 12.5993 1.76721 0.799999
      vertex 12.6048 1.76136 0.799999
    endloop
  endfacet
  facet normal 0 0 1
    outer loop
      vertex 12.3197 1.98868 0.799999
      vertex 12.6356 2.47723 0.799999
      vertex 12.5476 2.52299 0.799999
    endloop
  endfacet
  facet normal 0 0 1
    outer loop
      vertex 13.0202 2.16754 0.799999
      vertex 12.5424 1.8286 0.799999
      vertex 12.5993 1.76721 0.799999
    endloop
  endfacet
  facet normal 0 0 1
    outer loop
      vertex 12.8789 2.30657 0.799999
      vertex 12.4796 1.88401 0.799999
      vertex 12.5424 1.8286 0.799999
    endloop
  endfacet
  facet normal 0 0 1
    outer loop
      vertex 12.8789 2.30657 0.799999
      vertex 12.4736 1.88928 0.799999
      vertex 12.4796 1.88401 0.799999
    endloop
  endfacet
  facet normal 0 0 1
    outer loop
      vertex 12.8016 2.36878 0.799999
      vertex 12.4671 1.89394 0.799999
      vertex 12.4736 1.88928 0.799999
    endloop
  endfacet
  facet normal 0 0 1
    outer loop
      vertex 12.2434 2.02312 0.799999
      vertex 12.5476 2.52299 0.799999
      vertex 12.4568 2.56283 0.799999
    endloop
  endfacet
  facet normal 0 0 1
    outer loop
      vertex 12.8016 2.36878 0.799999
      vertex 12.3991 1.94282 0.799999
      vertex 12.4671 1.89394 0.799999
    endloop
  endfacet
  facet normal 0 0 1
    outer loop
      vertex 12.7204 2.42575 0.799999
      vertex 12.3922 1.94681 0.799999
      vertex 12.3991 1.94282 0.799999
    endloop
  endfacet
  facet normal 0 0 1
    outer loop
      vertex 12.2286 2.02894 0.799999
      vertex 12.4568 2.56283 0.799999
      vertex 12.3635 2.59658 0.799999
    endloop
  endfacet
  facet normal 0 0 1
    outer loop
      vertex 12.6356 2.47723 0.799999
      vertex 12.3197 1.98868 0.799999
      vertex 12.3922 1.94681 0.799999
    endloop
  endfacet
  facet normal 0 0 1
    outer loop
      vertex 12.1492 2.05561 0.799999
      vertex 12.3635 2.59658 0.799999
      vertex 12.2682 2.6241 0.799999
    endloop
  endfacet
  facet normal 0 0 1
    outer loop
      vertex 12.5476 2.52299 0.799999
      vertex 12.2434 2.02312 0.799999
      vertex 12.3197 1.98868 0.799999
    endloop
  endfacet
  facet normal 0 0 1
    outer loop
      vertex 12.4568 2.56283 0.799999
      vertex 12.2361 2.0264 0.799999
      vertex 12.2434 2.02312 0.799999
    endloop
  endfacet
  facet normal 0 0 1
    outer loop
      vertex 12.4568 2.56283 0.799999
      vertex 12.2286 2.02894 0.799999
      vertex 12.2361 2.0264 0.799999
    endloop
  endfacet
  facet normal 0 0 1
    outer loop
      vertex 12.0675 2.07425 0.799999
      vertex 12.2682 2.6241 0.799999
      vertex 12.1713 2.64526 0.799999
    endloop
  endfacet
  facet normal 0 0 1
    outer loop
      vertex 12.3635 2.59658 0.799999
      vertex 12.1492 2.05561 0.799999
      vertex 12.2286 2.02894 0.799999
    endloop
  endfacet
  facet normal 0 0 1
    outer loop
      vertex 12.0598 2.07602 0.799999
      vertex 12.1713 2.64526 0.799999
      vertex 12.0732 2.65996 0.799999
    endloop
  endfacet
  facet normal 0 0 1
    outer loop
      vertex 12.2682 2.6241 0.799999
      vertex 12.0675 2.07425 0.799999
      vertex 12.1492 2.05561 0.799999
    endloop
  endfacet
  facet normal 0 0 1
    outer loop
      vertex 12.1713 2.64526 0.799999
      vertex 12.0598 2.07602 0.799999
      vertex 12.0675 2.07425 0.799999
    endloop
  endfacet
  facet normal 0 0 1
    outer loop
      vertex 12.0732 2.65996 0.799999
      vertex 11.9767 2.08644 0.799999
      vertex 12.0598 2.07602 0.799999
    endloop
  endfacet
  facet normal 0 0 1
    outer loop
      vertex 11.9688 2.08743 0.799999
      vertex 12.0732 2.65996 0.799999
      vertex 11.9744 2.66815 0.799999
    endloop
  endfacet
  facet normal 0 0 1
    outer loop
      vertex 12.0732 2.65996 0.799999
      vertex 11.9688 2.08743 0.799999
      vertex 11.9767 2.08644 0.799999
    endloop
  endfacet
  facet normal 0 0 1
    outer loop
      vertex 11.9744 2.66815 0.799999
      vertex 11.885 2.08952 0.799999
      vertex 11.9688 2.08743 0.799999
    endloop
  endfacet
  facet normal 0 0 1
    outer loop
      vertex 11.8752 2.66979 0.799999
      vertex 11.885 2.08952 0.799999
      vertex 11.9744 2.66815 0.799999
    endloop
  endfacet
  facet normal 0 0 1
    outer loop
      vertex 11.885 2.08952 0.799999
      vertex 11.8752 2.66979 0.799999
      vertex 11.8771 2.08971 0.799999
    endloop
  endfacet
  facet normal 0 0 1
    outer loop
      vertex 11.8752 2.66979 0.799999
      vertex 11.8691 2.08912 0.799999
      vertex 11.8771 2.08971 0.799999
    endloop
  endfacet
  facet normal -0 0 1
    outer loop
      vertex 11.7761 2.66488 0.799999
      vertex 11.8691 2.08912 0.799999
      vertex 11.8752 2.66979 0.799999
    endloop
  endfacet
  facet normal 0 0 1
    outer loop
      vertex 11.8691 2.08912 0.799999
      vertex 11.7761 2.66488 0.799999
      vertex 11.7856 2.08286 0.799999
    endloop
  endfacet
  facet normal -0 0 1
    outer loop
      vertex 11.6776 2.65342 0.799999
      vertex 11.7856 2.08286 0.799999
      vertex 11.7761 2.66488 0.799999
    endloop
  endfacet
  facet normal 0 0 1
    outer loop
      vertex 11.7856 2.08286 0.799999
      vertex 11.6776 2.65342 0.799999
      vertex 11.7031 2.06832 0.799999
    endloop
  endfacet
  facet normal -0 0 1
    outer loop
      vertex 11.5801 2.63548 0.799999
      vertex 11.7031 2.06832 0.799999
      vertex 11.6776 2.65342 0.799999
    endloop
  endfacet
  facet normal 0 0 1
    outer loop
      vertex 11.7031 2.06832 0.799999
      vertex 11.5801 2.63548 0.799999
      vertex 11.6953 2.06693 0.799999
    endloop
  endfacet
  facet normal -0 0 1
    outer loop
      vertex 11.4839 2.61113 0.799999
      vertex 11.6953 2.06693 0.799999
      vertex 11.5801 2.63548 0.799999
    endloop
  endfacet
  facet normal 0 0 1
    outer loop
      vertex 11.6953 2.06693 0.799999
      vertex 11.4839 2.61113 0.799999
      vertex 11.607 2.04209 0.799999
    endloop
  endfacet
  facet normal -0 0 1
    outer loop
      vertex 11.3896 2.58048 0.799999
      vertex 11.607 2.04209 0.799999
      vertex 11.4839 2.61113 0.799999
    endloop
  endfacet
  facet normal 0 0 1
    outer loop
      vertex 11.607 2.04209 0.799999
      vertex 11.3896 2.58048 0.799999
      vertex 11.5216 2.00859 0.799999
    endloop
  endfacet
  facet normal -0 0 1
    outer loop
      vertex 11.2975 2.54366 0.799999
      vertex 11.5216 2.00859 0.799999
      vertex 11.3896 2.58048 0.799999
    endloop
  endfacet
  facet normal -0 0 1
    outer loop
      vertex 11.208 2.50083 0.799999
      vertex 11.5216 2.00859 0.799999
      vertex 11.2975 2.54366 0.799999
    endloop
  endfacet
  facet normal 0 0 1
    outer loop
      vertex 11.5216 2.00859 0.799999
      vertex 11.208 2.50083 0.799999
      vertex 11.44 1.96674 0.799999
    endloop
  endfacet
  facet normal -0 0 1
    outer loop
      vertex 11.1215 2.45219 0.799999
      vertex 11.44 1.96674 0.799999
      vertex 11.208 2.50083 0.799999
    endloop
  endfacet
  facet normal 0 0 1
    outer loop
      vertex 11.44 1.96674 0.799999
      vertex 11.1215 2.45219 0.799999
      vertex 11.4333 1.96242 0.799999
    endloop
  endfacet
  facet normal 0 0 1
    outer loop
      vertex 11.4333 1.96242 0.799999
      vertex 11.1215 2.45219 0.799999
      vertex 11.363 1.91698 0.799999
    endloop
  endfacet
  facet normal -0 0 1
    outer loop
      vertex 11.0385 2.39794 0.799999
      vertex 11.363 1.91698 0.799999
      vertex 11.1215 2.45219 0.799999
    endloop
  endfacet
  facet normal -0 0 1
    outer loop
      vertex 10.9592 2.33832 0.799999
      vertex 11.363 1.91698 0.799999
      vertex 11.0385 2.39794 0.799999
    endloop
  endfacet
  facet normal 0 0 1
    outer loop
      vertex 11.363 1.91698 0.799999
      vertex 10.9592 2.33832 0.799999
      vertex 11.2912 1.8598 0.799999
    endloop
  endfacet
  facet normal -0 0 1
    outer loop
      vertex 10.8841 2.27359 0.799999
      vertex 11.2912 1.8598 0.799999
      vertex 10.9592 2.33832 0.799999
    endloop
  endfacet
  facet normal 0 0 1
    outer loop
      vertex 11.2912 1.8598 0.799999
      vertex 10.8841 2.27359 0.799999
      vertex 11.2313 1.80133 0.799999
    endloop
  endfacet
  facet normal -0 0 1
    outer loop
      vertex 10.8134 2.20403 0.799999
      vertex 11.2313 1.80133 0.799999
      vertex 10.8841 2.27359 0.799999
    endloop
  endfacet
  facet normal 0 0 1
    outer loop
      vertex 11.2313 1.80133 0.799999
      vertex 10.8134 2.20403 0.799999
      vertex 11.2256 1.79576 0.799999
    endloop
  endfacet
  facet normal 0 0 1
    outer loop
      vertex 11.2256 1.79576 0.799999
      vertex 10.8134 2.20403 0.799999
      vertex 11.2205 1.78965 0.799999
    endloop
  endfacet
  facet normal -0 0 1
    outer loop
      vertex 10.7474 2.12995 0.799999
      vertex 11.2205 1.78965 0.799999
      vertex 10.8134 2.20403 0.799999
    endloop
  endfacet
  facet normal 0 0 1
    outer loop
      vertex 11.2205 1.78965 0.799999
      vertex 10.7474 2.12995 0.799999
      vertex 11.1666 1.7255 0.799999
    endloop
  endfacet
  facet normal -0 0 1
    outer loop
      vertex 10.6865 2.05168 0.799999
      vertex 11.1666 1.7255 0.799999
      vertex 10.7474 2.12995 0.799999
    endloop
  endfacet
  facet normal 0 0 1
    outer loop
      vertex 11.1666 1.7255 0.799999
      vertex 10.6865 2.05168 0.799999
      vertex 11.115 1.64972 0.799999
    endloop
  endfacet
  facet normal -0 0 1
    outer loop
      vertex 10.6309 1.96955 0.799999
      vertex 11.115 1.64972 0.799999
      vertex 10.6865 2.05168 0.799999
    endloop
  endfacet
  facet normal -0 0 1
    outer loop
      vertex 10.5808 1.88392 0.799999
      vertex 11.115 1.64972 0.799999
      vertex 10.6309 1.96955 0.799999
    endloop
  endfacet
  facet normal 0 0 1
    outer loop
      vertex 11.115 1.64972 0.799999
      vertex 10.5808 1.88392 0.799999
      vertex 11.0749 1.57618 0.799999
    endloop
  endfacet
  facet normal 0 0 1
    outer loop
      vertex 11.0749 1.57618 0.799999
      vertex 10.5808 1.88392 0.799999
      vertex 11.0711 1.56917 0.799999
    endloop
  endfacet
  facet normal -0 0 1
    outer loop
      vertex 10.5365 1.79517 0.799999
      vertex 11.0711 1.56917 0.799999
      vertex 10.5808 1.88392 0.799999
    endloop
  endfacet
  facet normal 0 0 1
    outer loop
      vertex 11.0711 1.56917 0.799999
      vertex 10.5365 1.79517 0.799999
      vertex 11.068 1.56182 0.799999
    endloop
  endfacet
  facet normal 0 0 1
    outer loop
      vertex 11.068 1.56182 0.799999
      vertex 10.5365 1.79517 0.799999
      vertex 11.0525 1.525 0.799999
    endloop
  endfacet
  facet normal -0 0 1
    outer loop
      vertex 10.4982 1.70369 0.799999
      vertex 11.0525 1.525 0.799999
      vertex 10.5365 1.79517 0.799999
    endloop
  endfacet
  facet normal -0 0 1
    outer loop
      vertex 10.4659 1.60987 0.799999
      vertex 11.0525 1.525 0.799999
      vertex 10.4982 1.70369 0.799999
    endloop
  endfacet
  facet normal 0 0 1
    outer loop
      vertex 11.0525 1.525 0.799999
      vertex 10.4659 1.60987 0.799999
      vertex 10.443 1.525 0.799999
    endloop
  endfacet
  facet normal -0.945534 0.325525 0
    outer loop
      vertex 10.4659 1.60987 0
      vertex 10.4982 1.70369 0.799999
      vertex 10.4982 1.70369 0
    endloop
  endfacet
  facet normal -0.945534 0.325525 0
    outer loop
      vertex 10.4982 1.70369 0.799999
      vertex 10.4659 1.60987 0
      vertex 10.4659 1.60987 0.799999
    endloop
  endfacet
  facet normal 0.401454 -0.915879 0
    outer loop
      vertex 12.4568 13.2372 0
      vertex 12.5476 13.277 0.799999
      vertex 12.4568 13.2372 0.799999
    endloop
  endfacet
  facet normal 0.401454 -0.915879 0
    outer loop
      vertex 12.5476 13.277 0.799999
      vertex 12.4568 13.2372 0
      vertex 12.5476 13.277 0
    endloop
  endfacet
  facet normal 0.46167 -0.887052 0
    outer loop
      vertex 12.5476 13.277 0
      vertex 12.6356 13.3228 0.799999
      vertex 12.5476 13.277 0.799999
    endloop
  endfacet
  facet normal 0.46167 -0.887052 0
    outer loop
      vertex 12.6356 13.3228 0.799999
      vertex 12.5476 13.277 0
      vertex 12.6356 13.3228 0
    endloop
  endfacet
  facet normal 0.677275 -0.73573 0
    outer loop
      vertex 12.8789 13.4934 0
      vertex 12.9519 13.5606 0.799999
      vertex 12.8789 13.4934 0.799999
    endloop
  endfacet
  facet normal 0.677275 -0.73573 0
    outer loop
      vertex 12.9519 13.5606 0.799999
      vertex 12.8789 13.4934 0
      vertex 12.9519 13.5606 0
    endloop
  endfacet
  facet normal -0.828311 -0.560269 0
    outer loop
      vertex 10.6865 13.7483 0
      vertex 10.6309 13.8305 0.799999
      vertex 10.6309 13.8305 0
    endloop
  endfacet
  facet normal -0.828311 -0.560269 0
    outer loop
      vertex 10.6309 13.8305 0.799999
      vertex 10.6865 13.7483 0
      vertex 10.6865 13.7483 0.799999
    endloop
  endfacet
  facet normal -0.965495 -0.260422 0
    outer loop
      vertex 10.4659 14.1901 0
      vertex 10.443 14.275 0.799999
      vertex 10.443 14.275 0
    endloop
  endfacet
  facet normal -0.965495 -0.260422 0
    outer loop
      vertex 10.443 14.275 0.799999
      vertex 10.4659 14.1901 0
      vertex 10.4659 14.1901 0.799999
    endloop
  endfacet
  facet normal 0.955975 -0.293448 0
    outer loop
      vertex 13.3187 14.143 0.799999
      vertex 13.3478 14.2378 0
      vertex 13.3478 14.2378 0.799999
    endloop
  endfacet
  facet normal 0.955975 -0.293448 0
    outer loop
      vertex 13.3478 14.2378 0
      vertex 13.3187 14.143 0.799999
      vertex 13.3187 14.143 0
    endloop
  endfacet
  facet normal 0.879433 -0.476023 0
    outer loop
      vertex 13.1949 13.8729 0.799999
      vertex 13.2421 13.9601 0
      vertex 13.2421 13.9601 0.799999
    endloop
  endfacet
  facet normal 0.879433 -0.476023 0
    outer loop
      vertex 13.2421 13.9601 0
      vertex 13.1949 13.8729 0.799999
      vertex 13.1949 13.8729 0
    endloop
  endfacet
  facet normal -0.0493847 -0.99878 0
    outer loop
      vertex 11.7761 13.1351 0
      vertex 11.8752 13.1302 0.799999
      vertex 11.7761 13.1351 0.799999
    endloop
  endfacet
  facet normal -0.0493847 -0.99878 -0
    outer loop
      vertex 11.8752 13.1302 0.799999
      vertex 11.7761 13.1351 0
      vertex 11.8752 13.1302 0
    endloop
  endfacet
  facet normal -0.922449 -0.386118 0
    outer loop
      vertex 10.5365 14.0048 0
      vertex 10.4982 14.0963 0.799999
      vertex 10.4982 14.0963 0
    endloop
  endfacet
  facet normal -0.922449 -0.386118 0
    outer loop
      vertex 10.4982 14.0963 0.799999
      vertex 10.5365 14.0048 0
      vertex 10.5365 14.0048 0.799999
    endloop
  endfacet
  facet normal 0.0827116 -0.996574 0
    outer loop
      vertex 11.9744 13.1318 0
      vertex 12.0732 13.14 0.799999
      vertex 11.9744 13.1318 0.799999
    endloop
  endfacet
  facet normal 0.0827116 -0.996574 0
    outer loop
      vertex 12.0732 13.14 0.799999
      vertex 11.9744 13.1318 0
      vertex 12.0732 13.14 0
    endloop
  endfacet
  facet normal 0.148193 -0.988959 0
    outer loop
      vertex 12.0732 13.14 0
      vertex 12.1713 13.1547 0.799999
      vertex 12.0732 13.14 0.799999
    endloop
  endfacet
  facet normal 0.148193 -0.988959 0
    outer loop
      vertex 12.1713 13.1547 0.799999
      vertex 12.0732 13.14 0
      vertex 12.1713 13.1547 0
    endloop
  endfacet
  facet normal -0 0 1
    outer loop
      vertex 12.7486 14.275 0.799999
      vertex 13.3478 14.2378 0.799999
      vertex 13.3566 14.275 0.799999
    endloop
  endfacet
  facet normal 0 0 1
    outer loop
      vertex 13.3478 14.2378 0.799999
      vertex 12.7486 14.275 0.799999
      vertex 13.3187 14.143 0.799999
    endloop
  endfacet
  facet normal 0 0 1
    outer loop
      vertex 13.3187 14.143 0.799999
      vertex 12.7486 14.275 0.799999
      vertex 13.2834 14.0503 0.799999
    endloop
  endfacet
  facet normal -0 0 1
    outer loop
      vertex 12.7478 14.2726 0.799999
      vertex 13.2834 14.0503 0.799999
      vertex 12.7486 14.275 0.799999
    endloop
  endfacet
  facet normal -0 0 1
    outer loop
      vertex 12.708 14.19 0.799999
      vertex 13.2421 13.9601 0.799999
      vertex 12.7478 14.2726 0.799999
    endloop
  endfacet
  facet normal 0 0 1
    outer loop
      vertex 13.2421 13.9601 0.799999
      vertex 12.708 14.19 0.799999
      vertex 13.1949 13.8729 0.799999
    endloop
  endfacet
  facet normal -0 0 1
    outer loop
      vertex 12.6601 14.1117 0.799999
      vertex 13.1949 13.8729 0.799999
      vertex 12.7038 14.1832 0.799999
    endloop
  endfacet
  facet normal 0 0 1
    outer loop
      vertex 13.1949 13.8729 0.799999
      vertex 12.6601 14.1117 0.799999
      vertex 13.142 13.7889 0.799999
    endloop
  endfacet
  facet normal -0 0 1
    outer loop
      vertex 12.6096 14.045 0.799999
      vertex 13.0837 13.7087 0.799999
      vertex 12.6601 14.1117 0.799999
    endloop
  endfacet
  facet normal 0 0 1
    outer loop
      vertex 13.0837 13.7087 0.799999
      vertex 12.6048 14.0386 0.799999
      vertex 13.0202 13.6325 0.799999
    endloop
  endfacet
  facet normal 0 0 1
    outer loop
      vertex 13.2834 14.0503 0.799999
      vertex 12.7478 14.2726 0.799999
      vertex 13.2421 13.9601 0.799999
    endloop
  endfacet
  facet normal -0 0 1
    outer loop
      vertex 12.7038 14.1832 0.799999
      vertex 13.1949 13.8729 0.799999
      vertex 12.708 14.19 0.799999
    endloop
  endfacet
  facet normal 0 0 1
    outer loop
      vertex 13.142 13.7889 0.799999
      vertex 12.6601 14.1117 0.799999
      vertex 13.0837 13.7087 0.799999
    endloop
  endfacet
  facet normal -0 0 1
    outer loop
      vertex 12.6048 14.0386 0.799999
      vertex 13.0837 13.7087 0.799999
      vertex 12.6096 14.045 0.799999
    endloop
  endfacet
  facet normal -0 0 1
    outer loop
      vertex 12.5993 14.0328 0.799999
      vertex 13.0202 13.6325 0.799999
      vertex 12.6048 14.0386 0.799999
    endloop
  endfacet
  facet normal -0 0 1
    outer loop
      vertex 12.5424 13.9714 0.799999
      vertex 13.0202 13.6325 0.799999
      vertex 12.5993 14.0328 0.799999
    endloop
  endfacet
  facet normal 0 0 1
    outer loop
      vertex 13.0202 13.6325 0.799999
      vertex 12.5424 13.9714 0.799999
      vertex 12.9519 13.5606 0.799999
    endloop
  endfacet
  facet normal 0 0 1
    outer loop
      vertex 12.9519 13.5606 0.799999
      vertex 12.5424 13.9714 0.799999
      vertex 12.8789 13.4934 0.799999
    endloop
  endfacet
  facet normal -0 0 1
    outer loop
      vertex 12.4796 13.916 0.799999
      vertex 12.8789 13.4934 0.799999
      vertex 12.5424 13.9714 0.799999
    endloop
  endfacet
  facet normal -0 0 1
    outer loop
      vertex 12.4736 13.9107 0.799999
      vertex 12.8789 13.4934 0.799999
      vertex 12.4796 13.916 0.799999
    endloop
  endfacet
  facet normal 0 0 1
    outer loop
      vertex 12.8789 13.4934 0.799999
      vertex 12.4736 13.9107 0.799999
      vertex 12.8016 13.4312 0.799999
    endloop
  endfacet
  facet normal -0 0 1
    outer loop
      vertex 12.4056 13.8618 0.799999
      vertex 12.8016 13.4312 0.799999
      vertex 12.4736 13.9107 0.799999
    endloop
  endfacet
  facet normal 0 0 1
    outer loop
      vertex 12.8016 13.4312 0.799999
      vertex 12.4056 13.8618 0.799999
      vertex 12.7204 13.3742 0.799999
    endloop
  endfacet
  facet normal -0 0 1
    outer loop
      vertex 12.3991 13.8572 0.799999
      vertex 12.7204 13.3742 0.799999
      vertex 12.4056 13.8618 0.799999
    endloop
  endfacet
  facet normal -0 0 1
    outer loop
      vertex 12.3922 13.8532 0.799999
      vertex 12.7204 13.3742 0.799999
      vertex 12.3991 13.8572 0.799999
    endloop
  endfacet
  facet normal 0 0 1
    outer loop
      vertex 12.7204 13.3742 0.799999
      vertex 12.3922 13.8532 0.799999
      vertex 12.6356 13.3228 0.799999
    endloop
  endfacet
  facet normal -0 0 1
    outer loop
      vertex 12.3197 13.8113 0.799999
      vertex 12.6356 13.3228 0.799999
      vertex 12.3922 13.8532 0.799999
    endloop
  endfacet
  facet normal 0 0 1
    outer loop
      vertex 12.6356 13.3228 0.799999
      vertex 12.3197 13.8113 0.799999
      vertex 12.5476 13.277 0.799999
    endloop
  endfacet
  facet normal -0 0 1
    outer loop
      vertex 12.3124 13.808 0.799999
      vertex 12.5476 13.277 0.799999
      vertex 12.3197 13.8113 0.799999
    endloop
  endfacet
  facet normal -0 0 1
    outer loop
      vertex 12.2361 13.7736 0.799999
      vertex 12.5476 13.277 0.799999
      vertex 12.3124 13.808 0.799999
    endloop
  endfacet
  facet normal 0 0 1
    outer loop
      vertex 12.5476 13.277 0.799999
      vertex 12.2361 13.7736 0.799999
      vertex 12.4568 13.2372 0.799999
    endloop
  endfacet
  facet normal 0 0 1
    outer loop
      vertex 12.4568 13.2372 0.799999
      vertex 12.2361 13.7736 0.799999
      vertex 12.3635 13.2034 0.799999
    endloop
  endfacet
  facet normal -0 0 1
    outer loop
      vertex 12.1567 13.7469 0.799999
      vertex 12.3635 13.2034 0.799999
      vertex 12.2361 13.7736 0.799999
    endloop
  endfacet
  facet normal -0 0 1
    outer loop
      vertex 12.1492 13.7444 0.799999
      vertex 12.3635 13.2034 0.799999
      vertex 12.1567 13.7469 0.799999
    endloop
  endfacet
  facet normal 0 0 1
    outer loop
      vertex 12.3635 13.2034 0.799999
      vertex 12.1492 13.7444 0.799999
      vertex 12.2682 13.1759 0.799999
    endloop
  endfacet
  facet normal -0 0 1
    outer loop
      vertex 12.1414 13.7426 0.799999
      vertex 12.2682 13.1759 0.799999
      vertex 12.1492 13.7444 0.799999
    endloop
  endfacet
  facet normal -0 0 1
    outer loop
      vertex 12.0598 13.724 0.799999
      vertex 12.2682 13.1759 0.799999
      vertex 12.1414 13.7426 0.799999
    endloop
  endfacet
  facet normal 0 0 1
    outer loop
      vertex 12.2682 13.1759 0.799999
      vertex 12.0598 13.724 0.799999
      vertex 12.1713 13.1547 0.799999
    endloop
  endfacet
  facet normal 0 0 1
    outer loop
      vertex 12.1713 13.1547 0.799999
      vertex 12.0598 13.724 0.799999
      vertex 12.0732 13.14 0.799999
    endloop
  endfacet
  facet normal -0 0 1
    outer loop
      vertex 11.9767 13.7136 0.799999
      vertex 12.0732 13.14 0.799999
      vertex 12.0598 13.724 0.799999
    endloop
  endfacet
  facet normal -0 0 1
    outer loop
      vertex 11.9688 13.7126 0.799999
      vertex 12.0732 13.14 0.799999
      vertex 11.9767 13.7136 0.799999
    endloop
  endfacet
  facet normal 0 0 1
    outer loop
      vertex 12.0732 13.14 0.799999
      vertex 11.9688 13.7126 0.799999
      vertex 11.9744 13.1318 0.799999
    endloop
  endfacet
  facet normal -0 0 1
    outer loop
      vertex 11.8771 13.7103 0.799999
      vertex 11.9744 13.1318 0.799999
      vertex 11.9688 13.7126 0.799999
    endloop
  endfacet
  facet normal 0 0 1
    outer loop
      vertex 11.8771 13.7103 0.799999
      vertex 11.8752 13.1302 0.799999
      vertex 11.9744 13.1318 0.799999
    endloop
  endfacet
  facet normal 0 0 1
    outer loop
      vertex 11.7761 13.1351 0.799999
      vertex 11.8771 13.7103 0.799999
      vertex 11.7856 13.7171 0.799999
    endloop
  endfacet
  facet normal 0 0 1
    outer loop
      vertex 11.8771 13.7103 0.799999
      vertex 11.7761 13.1351 0.799999
      vertex 11.8752 13.1302 0.799999
    endloop
  endfacet
  facet normal 0 0 1
    outer loop
      vertex 11.6776 13.1466 0.799999
      vertex 11.7856 13.7171 0.799999
      vertex 11.6953 13.7331 0.799999
    endloop
  endfacet
  facet normal 0 0 1
    outer loop
      vertex 11.5801 13.1645 0.799999
      vertex 11.6953 13.7331 0.799999
      vertex 11.6876 13.7352 0.799999
    endloop
  endfacet
  facet normal 0 0 1
    outer loop
      vertex 11.7856 13.7171 0.799999
      vertex 11.6776 13.1466 0.799999
      vertex 11.7761 13.1351 0.799999
    endloop
  endfacet
  facet normal 0 0 1
    outer loop
      vertex 11.4839 13.1889 0.799999
      vertex 11.6876 13.7352 0.799999
      vertex 11.607 13.7579 0.799999
    endloop
  endfacet
  facet normal 0 0 1
    outer loop
      vertex 11.6953 13.7331 0.799999
      vertex 11.5801 13.1645 0.799999
      vertex 11.6776 13.1466 0.799999
    endloop
  endfacet
  facet normal 0 0 1
    outer loop
      vertex 11.3896 13.2195 0.799999
      vertex 11.607 13.7579 0.799999
      vertex 11.529 13.7885 0.799999
    endloop
  endfacet
  facet normal 0 0 1
    outer loop
      vertex 11.2975 13.2563 0.799999
      vertex 11.529 13.7885 0.799999
      vertex 11.5216 13.7914 0.799999
    endloop
  endfacet
  facet normal 0 0 1
    outer loop
      vertex 11.6876 13.7352 0.799999
      vertex 11.4839 13.1889 0.799999
      vertex 11.5801 13.1645 0.799999
    endloop
  endfacet
  facet normal 0 0 1
    outer loop
      vertex 11.208 13.2992 0.799999
      vertex 11.5216 13.7914 0.799999
      vertex 11.44 13.8333 0.799999
    endloop
  endfacet
  facet normal 0 0 1
    outer loop
      vertex 11.1215 13.3478 0.799999
      vertex 11.44 13.8333 0.799999
      vertex 11.4333 13.8376 0.799999
    endloop
  endfacet
  facet normal 0 0 1
    outer loop
      vertex 11.607 13.7579 0.799999
      vertex 11.3896 13.2195 0.799999
      vertex 11.4839 13.1889 0.799999
    endloop
  endfacet
  facet normal 0 0 1
    outer loop
      vertex 11.1215 13.3478 0.799999
      vertex 11.4333 13.8376 0.799999
      vertex 11.363 13.883 0.799999
    endloop
  endfacet
  facet normal 0 0 1
    outer loop
      vertex 11.529 13.7885 0.799999
      vertex 11.2975 13.2563 0.799999
      vertex 11.3896 13.2195 0.799999
    endloop
  endfacet
  facet normal 0 0 1
    outer loop
      vertex 10.9592 13.4617 0.799999
      vertex 11.363 13.883 0.799999
      vertex 11.2912 13.9402 0.799999
    endloop
  endfacet
  facet normal 0 0 1
    outer loop
      vertex 10.8841 13.5264 0.799999
      vertex 11.2912 13.9402 0.799999
      vertex 11.2313 13.9987 0.799999
    endloop
  endfacet
  facet normal 0 0 1
    outer loop
      vertex 10.8134 13.596 0.799999
      vertex 11.2313 13.9987 0.799999
      vertex 11.2256 14.0042 0.799999
    endloop
  endfacet
  facet normal 0 0 1
    outer loop
      vertex 10.8134 13.596 0.799999
      vertex 11.2256 14.0042 0.799999
      vertex 11.2205 14.0104 0.799999
    endloop
  endfacet
  facet normal 0 0 1
    outer loop
      vertex 11.5216 13.7914 0.799999
      vertex 11.208 13.2992 0.799999
      vertex 11.2975 13.2563 0.799999
    endloop
  endfacet
  facet normal 0 0 1
    outer loop
      vertex 10.7474 13.67 0.799999
      vertex 11.2205 14.0104 0.799999
      vertex 11.1666 14.0745 0.799999
    endloop
  endfacet
  facet normal 0 0 1
    outer loop
      vertex 11.44 13.8333 0.799999
      vertex 11.1215 13.3478 0.799999
      vertex 11.208 13.2992 0.799999
    endloop
  endfacet
  facet normal 0 0 1
    outer loop
      vertex 10.6865 13.7483 0.799999
      vertex 11.1666 14.0745 0.799999
      vertex 11.115 14.1503 0.799999
    endloop
  endfacet
  facet normal 0 0 1
    outer loop
      vertex 10.5808 13.9161 0.799999
      vertex 11.115 14.1503 0.799999
      vertex 11.0711 14.2308 0.799999
    endloop
  endfacet
  facet normal 0 0 1
    outer loop
      vertex 10.5365 14.0048 0.799999
      vertex 11.0711 14.2308 0.799999
      vertex 11.068 14.2382 0.799999
    endloop
  endfacet
  facet normal 0 0 1
    outer loop
      vertex 10.5365 14.0048 0.799999
      vertex 11.068 14.2382 0.799999
      vertex 11.0525 14.275 0.799999
    endloop
  endfacet
  facet normal 0 0 1
    outer loop
      vertex 11.363 13.883 0.799999
      vertex 11.0385 13.4021 0.799999
      vertex 11.1215 13.3478 0.799999
    endloop
  endfacet
  facet normal 0 0 1
    outer loop
      vertex 11.363 13.883 0.799999
      vertex 10.9592 13.4617 0.799999
      vertex 11.0385 13.4021 0.799999
    endloop
  endfacet
  facet normal 0 0 1
    outer loop
      vertex 11.2912 13.9402 0.799999
      vertex 10.8841 13.5264 0.799999
      vertex 10.9592 13.4617 0.799999
    endloop
  endfacet
  facet normal 0 0 1
    outer loop
      vertex 11.2313 13.9987 0.799999
      vertex 10.8134 13.596 0.799999
      vertex 10.8841 13.5264 0.799999
    endloop
  endfacet
  facet normal 0 0 1
    outer loop
      vertex 11.2205 14.0104 0.799999
      vertex 10.7474 13.67 0.799999
      vertex 10.8134 13.596 0.799999
    endloop
  endfacet
  facet normal 0 0 1
    outer loop
      vertex 11.1666 14.0745 0.799999
      vertex 10.6865 13.7483 0.799999
      vertex 10.7474 13.67 0.799999
    endloop
  endfacet
  facet normal 0 0 1
    outer loop
      vertex 11.115 14.1503 0.799999
      vertex 10.6309 13.8305 0.799999
      vertex 10.6865 13.7483 0.799999
    endloop
  endfacet
  facet normal 0 0 1
    outer loop
      vertex 11.115 14.1503 0.799999
      vertex 10.5808 13.9161 0.799999
      vertex 10.6309 13.8305 0.799999
    endloop
  endfacet
  facet normal 0 0 1
    outer loop
      vertex 11.0711 14.2308 0.799999
      vertex 10.5365 14.0048 0.799999
      vertex 10.5808 13.9161 0.799999
    endloop
  endfacet
  facet normal 0 0 1
    outer loop
      vertex 11.0525 14.275 0.799999
      vertex 10.4982 14.0963 0.799999
      vertex 10.5365 14.0048 0.799999
    endloop
  endfacet
  facet normal 0 0 1
    outer loop
      vertex 11.0525 14.275 0.799999
      vertex 10.4659 14.1901 0.799999
      vertex 10.4982 14.0963 0.799999
    endloop
  endfacet
  facet normal 0 -0 1
    outer loop
      vertex 10.4659 14.1901 0.799999
      vertex 11.0525 14.275 0.799999
      vertex 10.443 14.275 0.799999
    endloop
  endfacet
  facet normal 0.973142 -0.230206 0
    outer loop
      vertex 13.3478 14.2378 0.799999
      vertex 13.3566 14.275 0
      vertex 13.3566 14.275 0.799999
    endloop
  endfacet
  facet normal 0.973142 -0.230206 0
    outer loop
      vertex 13.3566 14.275 0
      vertex 13.3478 14.2378 0.799999
      vertex 13.3478 14.2378 0
    endloop
  endfacet
  facet normal 0.768221 -0.640184 0
    outer loop
      vertex 13.0202 13.6325 0.799999
      vertex 13.0837 13.7087 0
      vertex 13.0837 13.7087 0.799999
    endloop
  endfacet
  facet normal 0.768221 -0.640184 0
    outer loop
      vertex 13.0837 13.7087 0
      vertex 13.0202 13.6325 0.799999
      vertex 13.0202 13.6325 0
    endloop
  endfacet
  facet normal 0.808867 -0.587992 0
    outer loop
      vertex 13.0837 13.7087 0.799999
      vertex 13.142 13.7889 0
      vertex 13.142 13.7889 0.799999
    endloop
  endfacet
  facet normal 0.808867 -0.587992 0
    outer loop
      vertex 13.142 13.7889 0
      vertex 13.0837 13.7087 0.799999
      vertex 13.0837 13.7087 0
    endloop
  endfacet
  facet normal 0.846182 -0.532893 0
    outer loop
      vertex 13.142 13.7889 0.799999
      vertex 13.1949 13.8729 0
      vertex 13.1949 13.8729 0.799999
    endloop
  endfacet
  facet normal 0.846182 -0.532893 0
    outer loop
      vertex 13.1949 13.8729 0
      vertex 13.142 13.7889 0.799999
      vertex 13.142 13.7889 0
    endloop
  endfacet
  facet normal 0.909224 -0.416308 0
    outer loop
      vertex 13.2421 13.9601 0.799999
      vertex 13.2834 14.0503 0
      vertex 13.2834 14.0503 0.799999
    endloop
  endfacet
  facet normal 0.909224 -0.416308 0
    outer loop
      vertex 13.2834 14.0503 0
      vertex 13.2421 13.9601 0.799999
      vertex 13.2421 13.9601 0
    endloop
  endfacet
  facet normal -0.308653 -0.951175 0
    outer loop
      vertex 11.3896 13.2195 0
      vertex 11.4839 13.1889 0.799999
      vertex 11.3896 13.2195 0.799999
    endloop
  endfacet
  facet normal -0.308653 -0.951175 -0
    outer loop
      vertex 11.4839 13.1889 0.799999
      vertex 11.3896 13.2195 0
      vertex 11.4839 13.1889 0
    endloop
  endfacet
  facet normal -0.547467 -0.836827 0
    outer loop
      vertex 11.0385 13.4021 0
      vertex 11.1215 13.3478 0.799999
      vertex 11.0385 13.4021 0.799999
    endloop
  endfacet
  facet normal -0.547467 -0.836827 -0
    outer loop
      vertex 11.1215 13.3478 0.799999
      vertex 11.0385 13.4021 0
      vertex 11.1215 13.3478 0
    endloop
  endfacet
  facet normal 0.0161269 -0.99987 0
    outer loop
      vertex 11.8752 13.1302 0
      vertex 11.9744 13.1318 0.799999
      vertex 11.8752 13.1302 0.799999
    endloop
  endfacet
  facet normal 0.0161269 -0.99987 0
    outer loop
      vertex 11.9744 13.1318 0.799999
      vertex 11.8752 13.1302 0
      vertex 11.9744 13.1318 0
    endloop
  endfacet
  facet normal -0.789352 -0.613941 0
    outer loop
      vertex 10.7474 13.67 0
      vertex 10.6865 13.7483 0.799999
      vertex 10.6865 13.7483 0
    endloop
  endfacet
  facet normal -0.789352 -0.613941 0
    outer loop
      vertex 10.6865 13.7483 0.799999
      vertex 10.7474 13.67 0
      vertex 10.7474 13.67 0.799999
    endloop
  endfacet
  facet normal -0.894629 -0.44681 0
    outer loop
      vertex 10.5808 13.9161 0
      vertex 10.5365 14.0048 0.799999
      vertex 10.5365 14.0048 0
    endloop
  endfacet
  facet normal -0.894629 -0.44681 0
    outer loop
      vertex 10.5365 14.0048 0.799999
      vertex 10.5808 13.9161 0
      vertex 10.5808 13.9161 0.799999
    endloop
  endfacet
  facet normal 0.27725 -0.960798 0
    outer loop
      vertex 12.2682 13.1759 0
      vertex 12.3635 13.2034 0.799999
      vertex 12.2682 13.1759 0.799999
    endloop
  endfacet
  facet normal 0.27725 -0.960798 0
    outer loop
      vertex 12.3635 13.2034 0.799999
      vertex 12.2682 13.1759 0
      vertex 12.3635 13.2034 0
    endloop
  endfacet
  facet normal 0.34061 -0.940205 0
    outer loop
      vertex 12.3635 13.2034 0
      vertex 12.4568 13.2372 0.799999
      vertex 12.3635 13.2034 0.799999
    endloop
  endfacet
  facet normal 0.34061 -0.940205 0
    outer loop
      vertex 12.4568 13.2372 0.799999
      vertex 12.3635 13.2034 0
      vertex 12.4568 13.2372 0
    endloop
  endfacet
  facet normal 0.518346 -0.855171 0
    outer loop
      vertex 12.6356 13.3228 0
      vertex 12.7204 13.3742 0.799999
      vertex 12.6356 13.3228 0.799999
    endloop
  endfacet
  facet normal 0.518346 -0.855171 0
    outer loop
      vertex 12.7204 13.3742 0.799999
      vertex 12.6356 13.3228 0
      vertex 12.7204 13.3742 0
    endloop
  endfacet
  facet normal 0.626905 -0.779096 0
    outer loop
      vertex 12.8016 13.4312 0
      vertex 12.8789 13.4934 0.799999
      vertex 12.8016 13.4312 0.799999
    endloop
  endfacet
  facet normal 0.626905 -0.779096 0
    outer loop
      vertex 12.8789 13.4934 0.799999
      vertex 12.8016 13.4312 0
      vertex 12.8789 13.4934 0
    endloop
  endfacet
  facet normal 0.725025 -0.688723 0
    outer loop
      vertex 12.9519 13.5606 0.799999
      vertex 13.0202 13.6325 0
      vertex 13.0202 13.6325 0.799999
    endloop
  endfacet
  facet normal 0.725025 -0.688723 0
    outer loop
      vertex 13.0202 13.6325 0
      vertex 12.9519 13.5606 0.799999
      vertex 12.9519 13.5606 0
    endloop
  endfacet
  facet normal 0.934536 -0.35587 0
    outer loop
      vertex 13.2834 14.0503 0.799999
      vertex 13.3187 14.143 0
      vertex 13.3187 14.143 0.799999
    endloop
  endfacet
  facet normal 0.934536 -0.35587 0
    outer loop
      vertex 13.3187 14.143 0
      vertex 13.2834 14.0503 0.799999
      vertex 13.2834 14.0503 0
    endloop
  endfacet
  facet normal -0.489831 -0.871818 0
    outer loop
      vertex 11.1215 13.3478 0
      vertex 11.208 13.2992 0.799999
      vertex 11.1215 13.3478 0.799999
    endloop
  endfacet
  facet normal -0.489831 -0.871818 -0
    outer loop
      vertex 11.208 13.2992 0.799999
      vertex 11.1215 13.3478 0
      vertex 11.208 13.2992 0
    endloop
  endfacet
  facet normal -0.371043 -0.928616 0
    outer loop
      vertex 11.2975 13.2563 0
      vertex 11.3896 13.2195 0.799999
      vertex 11.2975 13.2563 0.799999
    endloop
  endfacet
  facet normal -0.371043 -0.928616 -0
    outer loop
      vertex 11.3896 13.2195 0.799999
      vertex 11.2975 13.2563 0
      vertex 11.3896 13.2195 0
    endloop
  endfacet
  facet normal -0.6527 -0.757616 0
    outer loop
      vertex 10.8841 13.5264 0
      vertex 10.9592 13.4617 0.799999
      vertex 10.8841 13.5264 0.799999
    endloop
  endfacet
  facet normal -0.6527 -0.757616 -0
    outer loop
      vertex 10.9592 13.4617 0.799999
      vertex 10.8841 13.5264 0
      vertex 10.9592 13.4617 0
    endloop
  endfacet
  facet normal -0.115964 -0.993253 0
    outer loop
      vertex 11.6776 13.1466 0
      vertex 11.7761 13.1351 0.799999
      vertex 11.6776 13.1466 0.799999
    endloop
  endfacet
  facet normal -0.115964 -0.993253 -0
    outer loop
      vertex 11.7761 13.1351 0.799999
      vertex 11.6776 13.1466 0
      vertex 11.7761 13.1351 0
    endloop
  endfacet
  facet normal -0.701541 -0.712629 0
    outer loop
      vertex 10.8134 13.596 0
      vertex 10.8841 13.5264 0.799999
      vertex 10.8134 13.596 0.799999
    endloop
  endfacet
  facet normal -0.701541 -0.712629 -0
    outer loop
      vertex 10.8841 13.5264 0.799999
      vertex 10.8134 13.596 0
      vertex 10.8841 13.5264 0
    endloop
  endfacet
  facet normal -0.746295 -0.665615 0
    outer loop
      vertex 10.8134 13.596 0
      vertex 10.7474 13.67 0.799999
      vertex 10.7474 13.67 0
    endloop
  endfacet
  facet normal -0.746295 -0.665615 0
    outer loop
      vertex 10.7474 13.67 0.799999
      vertex 10.8134 13.596 0
      vertex 10.8134 13.596 0.799999
    endloop
  endfacet
  facet normal -0.863047 -0.505124 0
    outer loop
      vertex 10.6309 13.8305 0
      vertex 10.5808 13.9161 0.799999
      vertex 10.5808 13.9161 0
    endloop
  endfacet
  facet normal -0.863047 -0.505124 0
    outer loop
      vertex 10.5808 13.9161 0.799999
      vertex 10.6309 13.8305 0
      vertex 10.6309 13.8305 0.799999
    endloop
  endfacet
  facet normal -0.945512 -0.325587 0
    outer loop
      vertex 10.4982 14.0963 0
      vertex 10.4659 14.1901 0.799999
      vertex 10.4659 14.1901 0
    endloop
  endfacet
  facet normal -0.945512 -0.325587 0
    outer loop
      vertex 10.4659 14.1901 0.799999
      vertex 10.4982 14.0963 0
      vertex 10.4982 14.0963 0.799999
    endloop
  endfacet
  facet normal 0.213727 -0.976893 0
    outer loop
      vertex 12.1713 13.1547 0
      vertex 12.2682 13.1759 0.799999
      vertex 12.1713 13.1547 0.799999
    endloop
  endfacet
  facet normal 0.213727 -0.976893 0
    outer loop
      vertex 12.2682 13.1759 0.799999
      vertex 12.1713 13.1547 0
      vertex 12.2682 13.1759 0
    endloop
  endfacet
  facet normal 0.574544 -0.818474 0
    outer loop
      vertex 12.7204 13.3742 0
      vertex 12.8016 13.4312 0.799999
      vertex 12.7204 13.3742 0.799999
    endloop
  endfacet
  facet normal 0.574544 -0.818474 0
    outer loop
      vertex 12.8016 13.4312 0.799999
      vertex 12.7204 13.3742 0
      vertex 12.8016 13.4312 0
    endloop
  endfacet
  facet normal -0.245853 -0.969307 0
    outer loop
      vertex 11.4839 13.1889 0
      vertex 11.5801 13.1645 0.799999
      vertex 11.4839 13.1889 0.799999
    endloop
  endfacet
  facet normal -0.245853 -0.969307 -0
    outer loop
      vertex 11.5801 13.1645 0.799999
      vertex 11.4839 13.1889 0
      vertex 11.5801 13.1645 0
    endloop
  endfacet
  facet normal -0.180572 -0.983562 0
    outer loop
      vertex 11.5801 13.1645 0
      vertex 11.6776 13.1466 0.799999
      vertex 11.5801 13.1645 0.799999
    endloop
  endfacet
  facet normal -0.180572 -0.983562 -0
    outer loop
      vertex 11.6776 13.1466 0.799999
      vertex 11.5801 13.1645 0
      vertex 11.6776 13.1466 0
    endloop
  endfacet
  facet normal -0.600806 -0.799395 0
    outer loop
      vertex 10.9592 13.4617 0
      vertex 11.0385 13.4021 0.799999
      vertex 10.9592 13.4617 0.799999
    endloop
  endfacet
  facet normal -0.600806 -0.799395 -0
    outer loop
      vertex 11.0385 13.4021 0.799999
      vertex 10.9592 13.4617 0
      vertex 11.0385 13.4021 0
    endloop
  endfacet
  facet normal -0.43224 -0.901759 0
    outer loop
      vertex 11.208 13.2992 0
      vertex 11.2975 13.2563 0.799999
      vertex 11.208 13.2992 0.799999
    endloop
  endfacet
  facet normal -0.43224 -0.901759 -0
    outer loop
      vertex 11.2975 13.2563 0.799999
      vertex 11.208 13.2992 0
      vertex 11.2975 13.2563 0
    endloop
  endfacet
  facet normal -0.221369 0.970113 -0.0993806
    outer loop
      vertex 1.30542 3.41869 5
      vertex 1.44084 2.93738 0
      vertex 1.25682 3.4076 5
    endloop
  endfacet
  facet normal 0.363494 -0.92628 -0.0993823
    outer loop
      vertex 1.01076 4.37396 5
      vertex 0.964356 4.35575 5
      vertex 0.758713 4.81151 0
    endloop
  endfacet
  facet normal -0.896476 0.431802 -0.0993859
    outer loop
      vertex 2.09148 3.51156 0
      vertex 1.97796 3.46001 0.799999
      vertex 2.01776 3.54264 0.799999
    endloop
  endfacet
  facet normal -0.89647 0.431815 -0.0993842
    outer loop
      vertex 1.97796 3.46001 0.799999
      vertex 2.09148 3.51156 0
      vertex 2.04822 3.42175 0
    endloop
  endfacet
  facet normal 0.762257 -0.639599 -0.0993803
    outer loop
      vertex 0.803473 4.24009 5
      vertex 0.372867 4.5038 0
      vertex 0.436948 4.58017 0
    endloop
  endfacet
  facet normal 0.762303 -0.639544 -0.0993813
    outer loop
      vertex 0.372867 4.5038 0
      vertex 0.803473 4.24009 5
      vertex 0.771433 4.2019 5
    endloop
  endfacet
  facet normal 0.995049 0 -0.0993812
    outer loop
      vertex 0.670621 3.87508 5
      vertex 0.171243 3.94985 0
      vertex 0.670621 3.92492 5
    endloop
  endfacet
  facet normal 0.995049 0 -0.0993812
    outer loop
      vertex 0.171243 3.94985 0
      vertex 0.670621 3.87508 5
      vertex 0.171243 3.85015 0
    endloop
  endfacet
  facet normal -0.123666 0.987335 -0.0993811
    outer loop
      vertex 1.34365 2.91519 0
      vertex 1.24473 2.9028 0
      vertex 1.20737 3.4014 5
    endloop
  endfacet
  facet normal -0.580776 -0.807975 -0.0993784
    outer loop
      vertex 1.44127 4.32001 5
      vertex 1.525 4.37508 4.06294
      vertex 1.48174 4.29092 5
    endloop
  endfacet
  facet normal -0.580915 -0.807874 -0.0993849
    outer loop
      vertex 1.525 4.37508 4.06294
      vertex 1.44127 4.32001 5
      vertex 1.525 4.44965 3.45678
    endloop
  endfacet
  facet normal -0.580129 -0.808437 -0.0993982
    outer loop
      vertex 1.71255 4.74003 0
      vertex 1.67562 4.66817 0.799999
      vertex 1.66914 4.67282 0.799999
    endloop
  endfacet
  facet normal -0.896489 -0.431776 -0.0993818
    outer loop
      vertex 2.09148 4.28843 0
      vertex 1.98142 4.33281 0.799999
      vertex 2.04822 4.37825 0
    endloop
  endfacet
  facet normal -0.896484 -0.431786 -0.0993807
    outer loop
      vertex 1.98142 4.33281 0.799999
      vertex 2.09148 4.28843 0
      vertex 2.01776 4.25736 0.799999
    endloop
  endfacet
  facet normal -0.84881 -0.519272 -0.0993876
    outer loop
      vertex 1.99624 4.46332 0
      vertex 1.9343 4.41145 0.799999
      vertex 1.93014 4.41825 0.799999
    endloop
  endfacet
  facet normal -0.935044 0.340319 -0.0993745
    outer loop
      vertex 2.12557 3.60524 0
      vertex 2.02049 3.55013 0.799999
      vertex 2.04913 3.62882 0.799999
    endloop
  endfacet
  facet normal -0.935062 0.340268 -0.0993804
    outer loop
      vertex 2.02049 3.55013 0.799999
      vertex 2.12557 3.60524 0
      vertex 2.09148 3.51156 0
    endloop
  endfacet
  facet normal 0.822153 -0.560525 -0.0993804
    outer loop
      vertex 0.372867 4.5038 0
      vertex 0.743354 4.16072 5
      vertex 0.316709 4.42143 0
    endloop
  endfacet
  facet normal 0.950839 -0.293307 -0.0993812
    outer loop
      vertex 0.700153 4.07101 5
      vertex 0.200922 4.14676 0
      vertex 0.230307 4.24202 0
    endloop
  endfacet
  facet normal 0.950842 -0.293298 -0.0993814
    outer loop
      vertex 0.200922 4.14676 0
      vertex 0.700153 4.07101 5
      vertex 0.685461 4.02338 5
    endloop
  endfacet
  facet normal 0.620423 0.777945 -0.0993812
    outer loop
      vertex 0.839156 3.52511 5
      vertex 0.586256 3.08806 0
      vertex 0.508314 3.15022 0
    endloop
  endfacet
  facet normal -0.316907 -0.943236 -0.0993799
    outer loop
      vertex 1.44084 4.86262 0
      vertex 1.53534 4.83087 0
      vertex 1.35267 4.36544 5
    endloop
  endfacet
  facet normal -0.84909 -0.518816 -0.0993796
    outer loop
      vertex 2.04822 4.37825 0
      vertex 1.9343 4.41145 0.799999
      vertex 1.99624 4.46332 0
    endloop
  endfacet
  facet normal -0.84911 -0.518782 -0.099384
    outer loop
      vertex 1.9343 4.41145 0.799999
      vertex 2.04822 4.37825 0
      vertex 1.97796 4.33999 0.799999
    endloop
  endfacet
  facet normal -0.964229 -0.245735 -0.0993784
    outer loop
      vertex 2.15017 4.09815 0
      vertex 2.07176 4.08229 0.799999
      vertex 2.06979 4.09002 0.799999
    endloop
  endfacet
  facet normal -0.316907 0.943236 -0.0993799
    outer loop
      vertex 1.53534 2.96913 0
      vertex 1.44084 2.93738 0
      vertex 1.35267 3.43456 5
    endloop
  endfacet
  facet normal -0.993815 0.0495482 -0.0993816
    outer loop
      vertex 2.17 3.9 0
      vertex 2.08583 3.81636 0.799999
      vertex 2.09 3.9 0.799999
    endloop
  endfacet
  facet normal -0.993813 0.0496058 -0.0993754
    outer loop
      vertex 2.08583 3.81636 0.799999
      vertex 2.17 3.9 0
      vertex 2.16503 3.80043 0
    endloop
  endfacet
  facet normal 0.873871 -0.475893 -0.0993805
    outer loop
      vertex 0.743354 4.16072 5
      vertex 0.269031 4.33388 0
      vertex 0.316709 4.42143 0
    endloop
  endfacet
  facet normal 0.873893 -0.475851 -0.0993812
    outer loop
      vertex 0.269031 4.33388 0
      vertex 0.743354 4.16072 5
      vertex 0.719515 4.11694 5
    endloop
  endfacet
  facet normal 0.620423 -0.777945 -0.0993812
    outer loop
      vertex 0.586256 4.71194 0
      vertex 0.839156 4.27489 5
      vertex 0.508314 4.64978 0
    endloop
  endfacet
  facet normal 0.363521 -0.92627 -0.0993827
    outer loop
      vertex 0.851513 4.84793 0
      vertex 1.01076 4.37396 5
      vertex 0.758713 4.81151 0
    endloop
  endfacet
  facet normal 0.916908 0.386527 -0.0993811
    outer loop
      vertex 0.719515 3.68306 5
      vertex 0.269031 3.46612 0
      vertex 0.230307 3.55798 0
    endloop
  endfacet
  facet normal 0.539882 0.835853 -0.0993823
    outer loop
      vertex 0.919999 3.46699 5
      vertex 0.669999 3.03397 0
      vertex 0.586256 3.08806 0
    endloop
  endfacet
  facet normal -0.0247488 -0.994741 -0.0993826
    outer loop
      vertex 1.14507 4.89969 0
      vertex 1.20737 4.3986 5
      vertex 1.15753 4.39984 5
    endloop
  endfacet
  facet normal -0.0248535 -0.994739 -0.0993811
    outer loop
      vertex 1.20737 4.3986 5
      vertex 1.14507 4.89969 0
      vertex 1.24473 4.8972 0
    endloop
  endfacet
  facet normal -0.316817 -0.943266 -0.0993813
    outer loop
      vertex 1.44084 4.86262 0
      vertex 1.35267 4.36544 5
      vertex 1.30542 4.38131 5
    endloop
  endfacet
  facet normal -0.221486 -0.970086 -0.0993823
    outer loop
      vertex 1.34365 4.88481 0
      vertex 1.44084 4.86262 0
      vertex 1.25682 4.3924 5
    endloop
  endfacet
  facet normal -0.409271 -0.906985 -0.0993796
    outer loop
      vertex 1.35267 4.36544 5
      vertex 1.525 4.59245 2.2185
      vertex 1.3981 4.34494 5
    endloop
  endfacet
  facet normal -0.409296 -0.906973 -0.0993802
    outer loop
      vertex 1.35267 4.36544 5
      vertex 1.525 4.74788 0.799999
      vertex 1.525 4.59245 2.2185
    endloop
  endfacet
  facet normal -0.409214 -0.90701 -0.0993802
    outer loop
      vertex 1.53534 4.83087 0
      vertex 1.525 4.74788 0.799999
      vertex 1.35267 4.36544 5
    endloop
  endfacet
  facet normal -0.409271 -0.906985 -0.0993783
    outer loop
      vertex 1.53534 4.83087 0
      vertex 1.58971 4.71868 0.799999
      vertex 1.525 4.74788 0.799999
    endloop
  endfacet
  facet normal -0.409233 -0.907001 -0.0993832
    outer loop
      vertex 1.58971 4.71868 0.799999
      vertex 1.53534 4.83087 0
      vertex 1.62621 4.78987 0
    endloop
  endfacet
  facet normal -0.658433 -0.746051 -0.099374
    outer loop
      vertex 1.48174 4.29092 5
      vertex 1.525 4.26396 4.91577
      vertex 1.51912 4.25793 5
    endloop
  endfacet
  facet normal -0.658438 -0.746045 -0.0993785
    outer loop
      vertex 1.525 4.26396 4.91577
      vertex 1.48174 4.29092 5
      vertex 1.525 4.32728 4.44042
    endloop
  endfacet
  facet normal -0.657892 -0.746526 -0.0993794
    outer loop
      vertex 1.86824 4.61587 0
      vertex 1.81238 4.5586 0.799999
      vertex 1.8064 4.56387 0.799999
    endloop
  endfacet
  facet normal -0.793168 -0.600839 -0.0993832
    outer loop
      vertex 1.99624 4.46332 0
      vertex 1.87476 4.49136 0.799999
      vertex 1.93604 4.54279 0
    endloop
  endfacet
  facet normal -0.793192 -0.600806 -0.0993881
    outer loop
      vertex 1.87476 4.49136 0.799999
      vertex 1.99624 4.46332 0
      vertex 1.92532 4.42461 0.799999
    endloop
  endfacet
  facet normal -0.983922 -0.148399 -0.0993787
    outer loop
      vertex 2.16503 3.99957 0
      vertex 2.08543 3.9916 0.799999
      vertex 2.08424 3.99949 0.799999
    endloop
  endfacet
  facet normal -0.935063 -0.340268 -0.0993762
    outer loop
      vertex 2.12557 4.19475 0
      vertex 2.02049 4.24987 0.799999
      vertex 2.09148 4.28843 0
    endloop
  endfacet
  facet normal -0.935058 -0.34028 -0.0993747
    outer loop
      vertex 2.02049 4.24987 0.799999
      vertex 2.12557 4.19475 0
      vertex 2.04913 4.17117 0.799999
    endloop
  endfacet
  facet normal -0.896396 -0.431968 -0.099385
    outer loop
      vertex 2.04822 4.37825 0
      vertex 1.98142 4.33281 0.799999
      vertex 1.97796 4.33999 0.799999
    endloop
  endfacet
  facet normal -0.658369 0.746105 -0.0993796
    outer loop
      vertex 1.79349 3.11817 0
      vertex 1.8064 3.23612 0.799999
      vertex 1.86824 3.18413 0
    endloop
  endfacet
  facet normal -0.658394 0.746085 -0.0993761
    outer loop
      vertex 1.8064 3.23612 0.799999
      vertex 1.79349 3.11817 0
      vertex 1.74361 3.18071 0.799999
    endloop
  endfacet
  facet normal -0.658745 0.745773 -0.0993846
    outer loop
      vertex 1.525 3.47272 4.44042
      vertex 1.525 3.45484 4.30625
      vertex 1.48174 3.50908 5
    endloop
  endfacet
  facet normal -0.497572 0.86171 -0.0993833
    outer loop
      vertex 1.59662 3.08531 0.799999
      vertex 1.62621 3.01013 0
      vertex 1.58971 3.08132 0.799999
    endloop
  endfacet
  facet normal -0.497611 0.861688 -0.0993808
    outer loop
      vertex 1.525 3.26727 2.73635
      vertex 1.3981 3.45506 5
      vertex 1.44127 3.47999 5
    endloop
  endfacet
  facet normal -0.4975 0.861753 -0.0993799
    outer loop
      vertex 1.3981 3.45506 5
      vertex 1.525 3.26727 2.73635
      vertex 1.525 3.20755 2.2185
    endloop
  endfacet
  facet normal -0.793236 0.600749 -0.0993892
    outer loop
      vertex 1.99624 3.33668 0
      vertex 1.87476 3.30863 0.799999
      vertex 1.92532 3.37539 0.799999
    endloop
  endfacet
  facet normal -0.793168 0.60084 -0.0993758
    outer loop
      vertex 1.87476 3.30863 0.799999
      vertex 1.99624 3.33668 0
      vertex 1.93604 3.25721 0
    endloop
  endfacet
  facet normal -0.793037 0.601012 -0.0993843
    outer loop
      vertex 1.93014 3.38175 0.799999
      vertex 1.99624 3.33668 0
      vertex 1.92532 3.37539 0.799999
    endloop
  endfacet
  facet normal -0.964229 0.245735 -0.0993784
    outer loop
      vertex 2.07176 3.71771 0.799999
      vertex 2.15017 3.70185 0
      vertex 2.06979 3.70998 0.799999
    endloop
  endfacet
  facet normal 0.269496 -0.95786 -0.0993825
    outer loop
      vertex 0.947478 4.87493 0
      vertex 1.05874 4.38746 5
      vertex 0.851513 4.84793 0
    endloop
  endfacet
  facet normal 0.172768 -0.979936 -0.0993824
    outer loop
      vertex 1.04566 4.89224 0
      vertex 1.05874 4.38746 5
      vertex 0.947478 4.87493 0
    endloop
  endfacet
  facet normal 0.172868 -0.979918 -0.0993809
    outer loop
      vertex 1.10783 4.39612 5
      vertex 1.05874 4.38746 5
      vertex 1.04566 4.89224 0
    endloop
  endfacet
  facet normal 0.539811 -0.835899 -0.0993811
    outer loop
      vertex 0.669999 4.76602 0
      vertex 0.919999 4.33301 5
      vertex 0.586256 4.71194 0
    endloop
  endfacet
  facet normal 0.454023 -0.88543 -0.0993812
    outer loop
      vertex 0.758713 4.81151 0
      vertex 0.919999 4.33301 5
      vertex 0.669999 4.76602 0
    endloop
  endfacet
  facet normal 0.694788 -0.712315 -0.099381
    outer loop
      vertex 0.508314 4.64978 0
      vertex 0.839156 4.27489 5
      vertex 0.436948 4.58017 0
    endloop
  endfacet
  facet normal 0.694737 -0.712365 -0.0993799
    outer loop
      vertex 0.839156 4.27489 5
      vertex 0.803473 4.24009 5
      vertex 0.436948 4.58017 0
    endloop
  endfacet
  facet normal 0.873893 0.475851 -0.0993812
    outer loop
      vertex 0.719515 3.68306 5
      vertex 0.316709 3.37856 0
      vertex 0.269031 3.46612 0
    endloop
  endfacet
  facet normal 0.916908 0.386527 -0.0993811
    outer loop
      vertex 0.700153 3.72899 5
      vertex 0.719515 3.68306 5
      vertex 0.230307 3.55798 0
    endloop
  endfacet
  facet normal 0.822121 -0.560572 -0.0993812
    outer loop
      vertex 0.771433 4.2019 5
      vertex 0.743354 4.16072 5
      vertex 0.372867 4.5038 0
    endloop
  endfacet
  facet normal 0.916908 -0.386527 -0.0993811
    outer loop
      vertex 0.269031 4.33388 0
      vertex 0.719515 4.11694 5
      vertex 0.230307 4.24202 0
    endloop
  endfacet
  facet normal 0.990104 -0.0990803 -0.0993812
    outer loop
      vertex 0.181169 4.04904 0
      vertex 0.675584 3.97452 5
      vertex 0.171243 3.94985 0
    endloop
  endfacet
  facet normal 0.975323 -0.197151 -0.0993812
    outer loop
      vertex 0.200922 4.14676 0
      vertex 0.675584 3.97452 5
      vertex 0.181169 4.04904 0
    endloop
  endfacet
  facet normal 0.975321 -0.19716 -0.0993813
    outer loop
      vertex 0.685461 4.02338 5
      vertex 0.675584 3.97452 5
      vertex 0.200922 4.14676 0
    endloop
  endfacet
  facet normal 0.172768 0.979936 -0.0993824
    outer loop
      vertex 1.05874 3.41254 5
      vertex 1.04566 2.90776 0
      vertex 0.947478 2.92507 0
    endloop
  endfacet
  facet normal 0.172868 0.979918 -0.0993809
    outer loop
      vertex 1.05874 3.41254 5
      vertex 1.10783 3.40388 5
      vertex 1.04566 2.90776 0
    endloop
  endfacet
  facet normal -0.123666 -0.987335 -0.0993811
    outer loop
      vertex 1.24473 4.8972 0
      vertex 1.34365 4.88481 0
      vertex 1.20737 4.3986 5
    endloop
  endfacet
  facet normal -0.123789 -0.987319 -0.0993829
    outer loop
      vertex 1.34365 4.88481 0
      vertex 1.25682 4.3924 5
      vertex 1.20737 4.3986 5
    endloop
  endfacet
  facet normal -0.580842 -0.807926 -0.0993852
    outer loop
      vertex 1.71255 4.74003 0
      vertex 1.74361 4.61929 0.799999
      vertex 1.67562 4.66817 0.799999
    endloop
  endfacet
  facet normal -0.580907 -0.807881 -0.0993758
    outer loop
      vertex 1.74361 4.61929 0.799999
      vertex 1.71255 4.74003 0
      vertex 1.79349 4.68183 0
    endloop
  endfacet
  facet normal -0.580473 -0.808192 -0.0993839
    outer loop
      vertex 1.525 4.37508 4.06294
      vertex 1.525 4.34516 4.30625
      vertex 1.48174 4.29092 5
    endloop
  endfacet
  facet normal -0.658461 -0.746026 -0.0993757
    outer loop
      vertex 1.79349 4.68183 0
      vertex 1.8064 4.56387 0.799999
      vertex 1.74361 4.61929 0.799999
    endloop
  endfacet
  facet normal -0.658369 -0.746105 -0.0993888
    outer loop
      vertex 1.8064 4.56387 0.799999
      vertex 1.79349 4.68183 0
      vertex 1.86824 4.61587 0
    endloop
  endfacet
  facet normal -0.658745 -0.745773 -0.0993846
    outer loop
      vertex 1.525 4.34516 4.30625
      vertex 1.525 4.32728 4.44042
      vertex 1.48174 4.29092 5
    endloop
  endfacet
  facet normal -0.49753 -0.861735 -0.0993836
    outer loop
      vertex 1.62621 4.78987 0
      vertex 1.66223 4.67681 0.799999
      vertex 1.58971 4.71868 0.799999
    endloop
  endfacet
  facet normal -0.497461 -0.861774 -0.0993921
    outer loop
      vertex 1.66223 4.67681 0.799999
      vertex 1.62621 4.78987 0
      vertex 1.71255 4.74003 0
    endloop
  endfacet
  facet normal -0.497438 -0.861788 -0.0993802
    outer loop
      vertex 1.525 4.59245 2.2185
      vertex 1.525 4.50438 2.98221
      vertex 1.3981 4.34494 5
    endloop
  endfacet
  facet normal -0.729575 -0.67664 -0.0993902
    outer loop
      vertex 1.525 4.26195 4.92947
      vertex 1.525 4.25159 5
      vertex 1.51912 4.25793 5
    endloop
  endfacet
  facet normal -0.72992 -0.676268 -0.0993876
    outer loop
      vertex 1.93604 4.54279 0
      vertex 1.87476 4.49136 0.799999
      vertex 1.86934 4.49721 0.799999
    endloop
  endfacet
  facet normal -0.728927 -0.67734 -0.0993761
    outer loop
      vertex 1.525 4.26396 4.91577
      vertex 1.525 4.26195 4.92947
      vertex 1.51912 4.25793 5
    endloop
  endfacet
  facet normal -0.729464 -0.676761 -0.0993826
    outer loop
      vertex 1.93604 4.54279 0
      vertex 1.81238 4.5586 0.799999
      vertex 1.86824 4.61587 0
    endloop
  endfacet
  facet normal -0.729433 -0.676796 -0.099377
    outer loop
      vertex 1.81238 4.5586 0.799999
      vertex 1.93604 4.54279 0
      vertex 1.86934 4.49721 0.799999
    endloop
  endfacet
  facet normal -0.964274 -0.245561 -0.0993744
    outer loop
      vertex 2.15017 4.09815 0
      vertex 2.04913 4.17117 0.799999
      vertex 2.12557 4.19475 0
    endloop
  endfacet
  facet normal -0.964289 -0.245499 -0.099382
    outer loop
      vertex 2.04913 4.17117 0.799999
      vertex 2.15017 4.09815 0
      vertex 2.06979 4.09002 0.799999
    endloop
  endfacet
  facet normal -0.983934 -0.148319 -0.0993783
    outer loop
      vertex 2.16503 3.99957 0
      vertex 2.07176 4.08229 0.799999
      vertex 2.15017 4.09815 0
    endloop
  endfacet
  facet normal -0.983936 -0.148303 -0.0993802
    outer loop
      vertex 2.07176 4.08229 0.799999
      vertex 2.16503 3.99957 0
      vertex 2.08424 3.99949 0.799999
    endloop
  endfacet
  facet normal -0.934885 -0.340753 -0.0993838
    outer loop
      vertex 2.09148 4.28843 0
      vertex 2.02049 4.24987 0.799999
      vertex 2.01776 4.25736 0.799999
    endloop
  endfacet
  facet normal -0.993812 -0.0496058 -0.0993787
    outer loop
      vertex 2.17 3.9 0
      vertex 2.08543 3.9916 0.799999
      vertex 2.16503 3.99957 0
    endloop
  endfacet
  facet normal -0.993813 -0.0495822 -0.0993815
    outer loop
      vertex 2.08543 3.9916 0.799999
      vertex 2.17 3.9 0
      vertex 2.09 3.9 0.799999
    endloop
  endfacet
  facet normal -0.793037 -0.601012 -0.0993843
    outer loop
      vertex 1.99624 4.46332 0
      vertex 1.93014 4.41825 0.799999
      vertex 1.92532 4.42461 0.799999
    endloop
  endfacet
  facet normal -0.497461 0.861773 -0.0993933
    outer loop
      vertex 1.62621 3.01013 0
      vertex 1.66914 3.12718 0.799999
      vertex 1.71255 3.05997 0
    endloop
  endfacet
  facet normal -0.49753 0.861735 -0.099384
    outer loop
      vertex 1.66914 3.12718 0.799999
      vertex 1.62621 3.01013 0
      vertex 1.59662 3.08531 0.799999
    endloop
  endfacet
  facet normal -0.49739 0.861815 -0.0993845
    outer loop
      vertex 1.525 3.35035 3.45678
      vertex 1.525 3.26727 2.73635
      vertex 1.44127 3.47999 5
    endloop
  endfacet
  facet normal -0.580907 0.80788 -0.0993852
    outer loop
      vertex 1.71255 3.05997 0
      vertex 1.73713 3.17606 0.799999
      vertex 1.79349 3.11817 0
    endloop
  endfacet
  facet normal -0.580841 0.807926 -0.0993939
    outer loop
      vertex 1.73713 3.17606 0.799999
      vertex 1.71255 3.05997 0
      vertex 1.66914 3.12718 0.799999
    endloop
  endfacet
  facet normal -0.580938 0.807857 -0.0993848
    outer loop
      vertex 1.525 3.39398 3.81143
      vertex 1.525 3.35035 3.45678
      vertex 1.44127 3.47999 5
    endloop
  endfacet
  facet normal -0.58013 0.808439 -0.099371
    outer loop
      vertex 1.74361 3.18071 0.799999
      vertex 1.79349 3.11817 0
      vertex 1.73713 3.17606 0.799999
    endloop
  endfacet
  facet normal -0.580775 0.807974 -0.0993858
    outer loop
      vertex 1.525 3.45484 4.30625
      vertex 1.44127 3.47999 5
      vertex 1.48174 3.50908 5
    endloop
  endfacet
  facet normal -0.580723 0.808012 -0.0993809
    outer loop
      vertex 1.44127 3.47999 5
      vertex 1.525 3.45484 4.30625
      vertex 1.525 3.39398 3.81143
    endloop
  endfacet
  facet normal -0.658594 0.745907 -0.099384
    outer loop
      vertex 1.81238 3.2414 0.799999
      vertex 1.86824 3.18413 0
      vertex 1.8064 3.23612 0.799999
    endloop
  endfacet
  facet normal -0.658433 0.746051 -0.099374
    outer loop
      vertex 1.525 3.53604 4.91577
      vertex 1.48174 3.50908 5
      vertex 1.51912 3.54207 5
    endloop
  endfacet
  facet normal -0.658438 0.746045 -0.0993785
    outer loop
      vertex 1.48174 3.50908 5
      vertex 1.525 3.53604 4.91577
      vertex 1.525 3.47272 4.44042
    endloop
  endfacet
  facet normal -0.84881 0.519272 -0.0993876
    outer loop
      vertex 1.9343 3.38855 0.799999
      vertex 1.99624 3.33668 0
      vertex 1.93014 3.38175 0.799999
    endloop
  endfacet
  facet normal -0.84911 0.518782 -0.099384
    outer loop
      vertex 2.04822 3.42175 0
      vertex 1.9343 3.38855 0.799999
      vertex 1.97796 3.46001 0.799999
    endloop
  endfacet
  facet normal -0.84909 0.518816 -0.0993796
    outer loop
      vertex 1.9343 3.38855 0.799999
      vertex 2.04822 3.42175 0
      vertex 1.99624 3.33668 0
    endloop
  endfacet
  facet normal -0.964296 0.24547 -0.0993824
    outer loop
      vertex 2.15017 3.70185 0
      vertex 2.04913 3.62882 0.799999
      vertex 2.06979 3.70998 0.799999
    endloop
  endfacet
  facet normal -0.96428 0.245537 -0.0993743
    outer loop
      vertex 2.04913 3.62882 0.799999
      vertex 2.15017 3.70185 0
      vertex 2.12557 3.60524 0
    endloop
  endfacet
  facet normal -0.983936 0.148303 -0.0993802
    outer loop
      vertex 2.16503 3.80043 0
      vertex 2.07176 3.71771 0.799999
      vertex 2.08424 3.80051 0.799999
    endloop
  endfacet
  facet normal -0.983934 0.148319 -0.0993783
    outer loop
      vertex 2.07176 3.71771 0.799999
      vertex 2.16503 3.80043 0
      vertex 2.15017 3.70185 0
    endloop
  endfacet
  facet normal -0.983922 0.148399 -0.0993787
    outer loop
      vertex 2.08543 3.8084 0.799999
      vertex 2.16503 3.80043 0
      vertex 2.08424 3.80051 0.799999
    endloop
  endfacet
  facet normal 0.269509 -0.957856 -0.0993827
    outer loop
      vertex 1.05874 4.38746 5
      vertex 1.01076 4.37396 5
      vertex 0.851513 4.84793 0
    endloop
  endfacet
  facet normal 0.539816 -0.835896 -0.0993812
    outer loop
      vertex 0.919999 4.33301 5
      vertex 0.878128 4.30597 5
      vertex 0.586256 4.71194 0
    endloop
  endfacet
  facet normal 0.620414 -0.777953 -0.0993814
    outer loop
      vertex 0.878128 4.30597 5
      vertex 0.839156 4.27489 5
      vertex 0.586256 4.71194 0
    endloop
  endfacet
  facet normal 0.762303 0.639544 -0.0993813
    outer loop
      vertex 0.803473 3.55991 5
      vertex 0.372867 3.2962 0
      vertex 0.771433 3.5981 5
    endloop
  endfacet
  facet normal 0.762257 0.639599 -0.0993803
    outer loop
      vertex 0.372867 3.2962 0
      vertex 0.803473 3.55991 5
      vertex 0.436948 3.21983 0
    endloop
  endfacet
  facet normal 0.990104 0.0990803 -0.0993813
    outer loop
      vertex 0.670621 3.87508 5
      vertex 0.181169 3.75096 0
      vertex 0.171243 3.85015 0
    endloop
  endfacet
  facet normal 0.950842 0.293298 -0.0993814
    outer loop
      vertex 0.700153 3.72899 5
      vertex 0.200922 3.65324 0
      vertex 0.685461 3.77662 5
    endloop
  endfacet
  facet normal 0.950839 0.293307 -0.0993812
    outer loop
      vertex 0.200922 3.65324 0
      vertex 0.700153 3.72899 5
      vertex 0.230307 3.55798 0
    endloop
  endfacet
  facet normal 0.990105 0.0990704 -0.0993811
    outer loop
      vertex 0.670621 3.87508 5
      vertex 0.675584 3.82548 5
      vertex 0.181169 3.75096 0
    endloop
  endfacet
  facet normal 0.916908 -0.386527 -0.0993811
    outer loop
      vertex 0.719515 4.11694 5
      vertex 0.700153 4.07101 5
      vertex 0.230307 4.24202 0
    endloop
  endfacet
  facet normal 0 0 -1
    outer loop
      vertex 1.48174 3.50908 5
      vertex 1.525 3.54841 5
      vertex 1.51912 3.54207 5
    endloop
  endfacet
  facet normal -0 0 -1
    outer loop
      vertex 1.525 3.54841 5
      vertex 1.48174 3.50908 5
      vertex 1.525 4.25159 5
    endloop
  endfacet
  facet normal 0 0 -1
    outer loop
      vertex 1.48174 4.29092 5
      vertex 1.525 4.25159 5
      vertex 1.48174 3.50908 5
    endloop
  endfacet
  facet normal 0 0 -1
    outer loop
      vertex 1.525 4.25159 5
      vertex 1.48174 4.29092 5
      vertex 1.51912 4.25793 5
    endloop
  endfacet
  facet normal 0 0 -1
    outer loop
      vertex 1.44127 3.47999 5
      vertex 1.48174 4.29092 5
      vertex 1.48174 3.50908 5
    endloop
  endfacet
  facet normal 0 0 -1
    outer loop
      vertex 1.44127 3.47999 5
      vertex 1.44127 4.32001 5
      vertex 1.48174 4.29092 5
    endloop
  endfacet
  facet normal 0 0 -1
    outer loop
      vertex 1.3981 3.45506 5
      vertex 1.44127 4.32001 5
      vertex 1.44127 3.47999 5
    endloop
  endfacet
  facet normal 0 0 -1
    outer loop
      vertex 1.3981 3.45506 5
      vertex 1.3981 4.34494 5
      vertex 1.44127 4.32001 5
    endloop
  endfacet
  facet normal 0 0 -1
    outer loop
      vertex 1.35267 3.43456 5
      vertex 1.3981 4.34494 5
      vertex 1.3981 3.45506 5
    endloop
  endfacet
  facet normal 0 0 -1
    outer loop
      vertex 1.35267 3.43456 5
      vertex 1.35267 4.36544 5
      vertex 1.3981 4.34494 5
    endloop
  endfacet
  facet normal 0 0 -1
    outer loop
      vertex 1.30542 3.41869 5
      vertex 1.35267 4.36544 5
      vertex 1.35267 3.43456 5
    endloop
  endfacet
  facet normal 0 0 -1
    outer loop
      vertex 1.30542 3.41869 5
      vertex 1.30542 4.38131 5
      vertex 1.35267 4.36544 5
    endloop
  endfacet
  facet normal 0 0 -1
    outer loop
      vertex 1.25682 3.4076 5
      vertex 1.30542 4.38131 5
      vertex 1.30542 3.41869 5
    endloop
  endfacet
  facet normal 0 0 -1
    outer loop
      vertex 1.25682 3.4076 5
      vertex 1.25682 4.3924 5
      vertex 1.30542 4.38131 5
    endloop
  endfacet
  facet normal 0 0 -1
    outer loop
      vertex 1.20737 3.4014 5
      vertex 1.25682 4.3924 5
      vertex 1.25682 3.4076 5
    endloop
  endfacet
  facet normal 0 0 -1
    outer loop
      vertex 1.20737 3.4014 5
      vertex 1.20737 4.3986 5
      vertex 1.25682 4.3924 5
    endloop
  endfacet
  facet normal 0 0 -1
    outer loop
      vertex 1.15753 3.40016 5
      vertex 1.20737 4.3986 5
      vertex 1.20737 3.4014 5
    endloop
  endfacet
  facet normal 0 0 -1
    outer loop
      vertex 1.15753 3.40016 5
      vertex 1.15753 4.39984 5
      vertex 1.20737 4.3986 5
    endloop
  endfacet
  facet normal 0 0 -1
    outer loop
      vertex 1.10783 3.40388 5
      vertex 1.15753 4.39984 5
      vertex 1.15753 3.40016 5
    endloop
  endfacet
  facet normal 0 0 -1
    outer loop
      vertex 1.10783 3.40388 5
      vertex 1.10783 4.39612 5
      vertex 1.15753 4.39984 5
    endloop
  endfacet
  facet normal 0 0 -1
    outer loop
      vertex 1.05874 3.41254 5
      vertex 1.10783 4.39612 5
      vertex 1.10783 3.40388 5
    endloop
  endfacet
  facet normal 0 0 -1
    outer loop
      vertex 1.05874 3.41254 5
      vertex 1.05874 4.38746 5
      vertex 1.10783 4.39612 5
    endloop
  endfacet
  facet normal 0 0 -1
    outer loop
      vertex 1.01076 3.42604 5
      vertex 1.05874 4.38746 5
      vertex 1.05874 3.41254 5
    endloop
  endfacet
  facet normal 0 0 -1
    outer loop
      vertex 1.01076 3.42604 5
      vertex 1.01076 4.37396 5
      vertex 1.05874 4.38746 5
    endloop
  endfacet
  facet normal 0 0 -1
    outer loop
      vertex 0.964356 3.44425 5
      vertex 1.01076 4.37396 5
      vertex 1.01076 3.42604 5
    endloop
  endfacet
  facet normal 0 0 -1
    outer loop
      vertex 0.964356 3.44425 5
      vertex 0.964356 4.35575 5
      vertex 1.01076 4.37396 5
    endloop
  endfacet
  facet normal 0 0 -1
    outer loop
      vertex 0.919999 3.46699 5
      vertex 0.964356 4.35575 5
      vertex 0.964356 3.44425 5
    endloop
  endfacet
  facet normal 0 0 -1
    outer loop
      vertex 0.919999 3.46699 5
      vertex 0.919999 4.33301 5
      vertex 0.964356 4.35575 5
    endloop
  endfacet
  facet normal 0 0 -1
    outer loop
      vertex 0.878128 3.49403 5
      vertex 0.919999 4.33301 5
      vertex 0.919999 3.46699 5
    endloop
  endfacet
  facet normal 0 0 -1
    outer loop
      vertex 0.878128 3.49403 5
      vertex 0.878128 4.30597 5
      vertex 0.919999 4.33301 5
    endloop
  endfacet
  facet normal 0 0 -1
    outer loop
      vertex 0.839156 3.52511 5
      vertex 0.878128 4.30597 5
      vertex 0.878128 3.49403 5
    endloop
  endfacet
  facet normal 0 0 -1
    outer loop
      vertex 0.839156 3.52511 5
      vertex 0.839156 4.27489 5
      vertex 0.878128 4.30597 5
    endloop
  endfacet
  facet normal 0 0 -1
    outer loop
      vertex 0.803473 3.55991 5
      vertex 0.839156 4.27489 5
      vertex 0.839156 3.52511 5
    endloop
  endfacet
  facet normal 0 0 -1
    outer loop
      vertex 0.803473 3.55991 5
      vertex 0.803473 4.24009 5
      vertex 0.839156 4.27489 5
    endloop
  endfacet
  facet normal 0 0 -1
    outer loop
      vertex 0.771433 3.5981 5
      vertex 0.803473 4.24009 5
      vertex 0.803473 3.55991 5
    endloop
  endfacet
  facet normal 0 0 -1
    outer loop
      vertex 0.771433 3.5981 5
      vertex 0.771433 4.2019 5
      vertex 0.803473 4.24009 5
    endloop
  endfacet
  facet normal 0 0 -1
    outer loop
      vertex 0.743354 3.63928 5
      vertex 0.771433 4.2019 5
      vertex 0.771433 3.5981 5
    endloop
  endfacet
  facet normal 0 0 -1
    outer loop
      vertex 0.743354 3.63928 5
      vertex 0.743354 4.16072 5
      vertex 0.771433 4.2019 5
    endloop
  endfacet
  facet normal 0 0 -1
    outer loop
      vertex 0.719515 3.68306 5
      vertex 0.743354 4.16072 5
      vertex 0.743354 3.63928 5
    endloop
  endfacet
  facet normal 0 0 -1
    outer loop
      vertex 0.719515 3.68306 5
      vertex 0.719515 4.11694 5
      vertex 0.743354 4.16072 5
    endloop
  endfacet
  facet normal 0 0 -1
    outer loop
      vertex 0.700153 3.72899 5
      vertex 0.719515 4.11694 5
      vertex 0.719515 3.68306 5
    endloop
  endfacet
  facet normal 0 0 -1
    outer loop
      vertex 0.700153 3.72899 5
      vertex 0.700153 4.07101 5
      vertex 0.719515 4.11694 5
    endloop
  endfacet
  facet normal 0 0 -1
    outer loop
      vertex 0.685461 3.77662 5
      vertex 0.700153 4.07101 5
      vertex 0.700153 3.72899 5
    endloop
  endfacet
  facet normal 0 0 -1
    outer loop
      vertex 0.685461 3.77662 5
      vertex 0.685461 4.02338 5
      vertex 0.700153 4.07101 5
    endloop
  endfacet
  facet normal 0 0 -1
    outer loop
      vertex 0.675584 3.82548 5
      vertex 0.685461 4.02338 5
      vertex 0.685461 3.77662 5
    endloop
  endfacet
  facet normal 0 0 -1
    outer loop
      vertex 0.675584 3.82548 5
      vertex 0.675584 3.97452 5
      vertex 0.685461 4.02338 5
    endloop
  endfacet
  facet normal 0 0 -1
    outer loop
      vertex 0.670621 3.87508 5
      vertex 0.675584 3.97452 5
      vertex 0.675584 3.82548 5
    endloop
  endfacet
  facet normal 0 0 -1
    outer loop
      vertex 0.675584 3.97452 5
      vertex 0.670621 3.87508 5
      vertex 0.670621 3.92492 5
    endloop
  endfacet
  facet normal 0.990105 -0.0990704 -0.0993813
    outer loop
      vertex 0.675584 3.97452 5
      vertex 0.670621 3.92492 5
      vertex 0.171243 3.94985 0
    endloop
  endfacet
  facet normal -0.123789 0.987319 -0.0993829
    outer loop
      vertex 1.25682 3.4076 5
      vertex 1.34365 2.91519 0
      vertex 1.20737 3.4014 5
    endloop
  endfacet
  facet normal -0.221486 0.970086 -0.0993823
    outer loop
      vertex 1.44084 2.93738 0
      vertex 1.34365 2.91519 0
      vertex 1.25682 3.4076 5
    endloop
  endfacet
  facet normal 0.0742708 0.992274 -0.0993827
    outer loop
      vertex 1.14507 2.90031 0
      vertex 1.10783 3.40388 5
      vertex 1.15753 3.40016 5
    endloop
  endfacet
  facet normal 0.0743626 0.992267 -0.0993813
    outer loop
      vertex 1.10783 3.40388 5
      vertex 1.14507 2.90031 0
      vertex 1.04566 2.90776 0
    endloop
  endfacet
  facet normal 0.453944 0.88547 -0.0993825
    outer loop
      vertex 0.919999 3.46699 5
      vertex 0.964356 3.44425 5
      vertex 0.669999 3.03397 0
    endloop
  endfacet
  facet normal 0.363521 0.92627 -0.0993824
    outer loop
      vertex 0.964356 3.44425 5
      vertex 0.851513 2.95207 0
      vertex 0.758713 2.98849 0
    endloop
  endfacet
  facet normal 0.453944 0.88547 -0.0993825
    outer loop
      vertex 0.964356 3.44425 5
      vertex 0.758713 2.98849 0
      vertex 0.669999 3.03397 0
    endloop
  endfacet
  facet normal 0.0743626 -0.992267 -0.0993813
    outer loop
      vertex 1.14507 4.89969 0
      vertex 1.10783 4.39612 5
      vertex 1.04566 4.89224 0
    endloop
  endfacet
  facet normal 0.0742708 -0.992274 -0.0993827
    outer loop
      vertex 1.10783 4.39612 5
      vertex 1.14507 4.89969 0
      vertex 1.15753 4.39984 5
    endloop
  endfacet
  facet normal -0.221369 -0.970113 -0.0993806
    outer loop
      vertex 1.44084 4.86262 0
      vertex 1.30542 4.38131 5
      vertex 1.25682 4.3924 5
    endloop
  endfacet
  facet normal -0.497572 -0.861709 -0.099394
    outer loop
      vertex 1.71255 4.74003 0
      vertex 1.66914 4.67282 0.799999
      vertex 1.66223 4.67681 0.799999
    endloop
  endfacet
  facet normal -0.497611 -0.861688 -0.0993858
    outer loop
      vertex 1.3981 4.34494 5
      vertex 1.525 4.44965 3.45678
      vertex 1.44127 4.32001 5
    endloop
  endfacet
  facet normal -0.497508 -0.861747 -0.0993814
    outer loop
      vertex 1.525 4.44965 3.45678
      vertex 1.3981 4.34494 5
      vertex 1.525 4.50438 2.98221
    endloop
  endfacet
  facet normal -0.409233 0.907001 -0.0993832
    outer loop
      vertex 1.53534 2.96913 0
      vertex 1.58971 3.08132 0.799999
      vertex 1.62621 3.01013 0
    endloop
  endfacet
  facet normal -0.409271 0.906985 -0.0993796
    outer loop
      vertex 1.525 3.20755 2.2185
      vertex 1.35267 3.43456 5
      vertex 1.3981 3.45506 5
    endloop
  endfacet
  facet normal -0.409296 0.906973 -0.0993802
    outer loop
      vertex 1.525 3.05212 0.799999
      vertex 1.35267 3.43456 5
      vertex 1.525 3.20755 2.2185
    endloop
  endfacet
  facet normal -0.409214 0.90701 -0.0993802
    outer loop
      vertex 1.525 3.05212 0.799999
      vertex 1.53534 2.96913 0
      vertex 1.35267 3.43456 5
    endloop
  endfacet
  facet normal -0.409271 0.906985 -0.0993783
    outer loop
      vertex 1.58971 3.08132 0.799999
      vertex 1.53534 2.96913 0
      vertex 1.525 3.05212 0.799999
    endloop
  endfacet
  facet normal -0.729433 0.676796 -0.099377
    outer loop
      vertex 1.93604 3.25721 0
      vertex 1.81238 3.2414 0.799999
      vertex 1.86934 3.30279 0.799999
    endloop
  endfacet
  facet normal -0.729464 0.676761 -0.0993826
    outer loop
      vertex 1.81238 3.2414 0.799999
      vertex 1.93604 3.25721 0
      vertex 1.86824 3.18413 0
    endloop
  endfacet
  facet normal -0.728927 0.67734 -0.0993761
    outer loop
      vertex 1.525 3.53805 4.92947
      vertex 1.525 3.53604 4.91577
      vertex 1.51912 3.54207 5
    endloop
  endfacet
  facet normal -0.729575 0.67664 -0.0993902
    outer loop
      vertex 1.525 3.54841 5
      vertex 1.525 3.53805 4.92947
      vertex 1.51912 3.54207 5
    endloop
  endfacet
  facet normal -0.729344 0.676891 -0.0993751
    outer loop
      vertex 1.87476 3.30863 0.799999
      vertex 1.93604 3.25721 0
      vertex 1.86934 3.30279 0.799999
    endloop
  endfacet
  facet normal -0.934885 0.340752 -0.099388
    outer loop
      vertex 2.02049 3.55013 0.799999
      vertex 2.09148 3.51156 0
      vertex 2.01776 3.54264 0.799999
    endloop
  endfacet
  facet normal -0.993796 0.0499395 -0.0993803
    outer loop
      vertex 2.08583 3.81636 0.799999
      vertex 2.16503 3.80043 0
      vertex 2.08543 3.8084 0.799999
    endloop
  endfacet
  facet normal 0.453944 -0.88547 -0.0993825
    outer loop
      vertex 0.964356 4.35575 5
      vertex 0.919999 4.33301 5
      vertex 0.758713 4.81151 0
    endloop
  endfacet
  facet normal 0.822121 0.560572 -0.0993812
    outer loop
      vertex 0.771433 3.5981 5
      vertex 0.372867 3.2962 0
      vertex 0.316709 3.37856 0
    endloop
  endfacet
  facet normal 0.694788 0.712315 -0.0993803
    outer loop
      vertex 0.803473 3.55991 5
      vertex 0.508314 3.15022 0
      vertex 0.436948 3.21983 0
    endloop
  endfacet
  facet normal 0.975323 0.197151 -0.0993812
    outer loop
      vertex 0.675584 3.82548 5
      vertex 0.200922 3.65324 0
      vertex 0.181169 3.75096 0
    endloop
  endfacet
  facet normal 0.975321 0.19716 -0.0993813
    outer loop
      vertex 0.675584 3.82548 5
      vertex 0.685461 3.77662 5
      vertex 0.200922 3.65324 0
    endloop
  endfacet
  facet normal -0.316817 0.943266 -0.0993813
    outer loop
      vertex 1.35267 3.43456 5
      vertex 1.44084 2.93738 0
      vertex 1.30542 3.41869 5
    endloop
  endfacet
  facet normal -0.0247488 0.994742 -0.0993806
    outer loop
      vertex 1.24473 2.9028 0
      vertex 1.15753 3.40016 5
      vertex 1.20737 3.4014 5
    endloop
  endfacet
  facet normal -0.0248535 0.994739 -0.0993821
    outer loop
      vertex 1.15753 3.40016 5
      vertex 1.24473 2.9028 0
      vertex 1.14507 2.90031 0
    endloop
  endfacet
  facet normal 0.269496 0.95786 -0.0993825
    outer loop
      vertex 1.05874 3.41254 5
      vertex 0.947478 2.92507 0
      vertex 0.851513 2.95207 0
    endloop
  endfacet
  facet normal 0.620414 0.777953 -0.0993814
    outer loop
      vertex 0.839156 3.52511 5
      vertex 0.878128 3.49403 5
      vertex 0.586256 3.08806 0
    endloop
  endfacet
  facet normal 0.539816 0.835896 -0.0993812
    outer loop
      vertex 0.878128 3.49403 5
      vertex 0.919999 3.46699 5
      vertex 0.586256 3.08806 0
    endloop
  endfacet
  facet normal 0.873893 0.475851 -0.0993812
    outer loop
      vertex 0.719515 3.68306 5
      vertex 0.743354 3.63928 5
      vertex 0.316709 3.37856 0
    endloop
  endfacet
  facet normal 0.822121 0.560572 -0.0993812
    outer loop
      vertex 0.743354 3.63928 5
      vertex 0.771433 3.5981 5
      vertex 0.316709 3.37856 0
    endloop
  endfacet
  facet normal 0.694737 0.712365 -0.0993813
    outer loop
      vertex 0.803473 3.55991 5
      vertex 0.839156 3.52511 5
      vertex 0.508314 3.15022 0
    endloop
  endfacet
  facet normal 0.363494 0.92628 -0.0993829
    outer loop
      vertex 0.964356 3.44425 5
      vertex 1.01076 3.42604 5
      vertex 0.851513 2.95207 0
    endloop
  endfacet
  facet normal 0.269509 0.957856 -0.0993827
    outer loop
      vertex 1.01076 3.42604 5
      vertex 1.05874 3.41254 5
      vertex 0.851513 2.95207 0
    endloop
  endfacet
  facet normal -0.984022 -0.147733 -0.0993813
    outer loop
      vertex 15.6102 4.09815 0
      vertex 15.625 3.99957 0
      vertex 15.1201 3.99907 5
    endloop
  endfacet
  facet normal 0.0742708 0.992274 -0.0993818
    outer loop
      vertex 14.6175 3.40016 5
      vertex 14.6051 2.90031 0
      vertex 14.5678 3.40388 5
    endloop
  endfacet
  facet normal -0.0247191 -0.994742 -0.0993801
    outer loop
      vertex 14.7047 4.8972 0
      vertex 14.6674 4.3986 5
      vertex 14.6175 4.39984 5
    endloop
  endfacet
  facet normal -0.123691 0.987332 -0.0993817
    outer loop
      vertex 14.7168 3.4076 5
      vertex 14.8036 2.91519 0
      vertex 14.7047 2.9028 0
    endloop
  endfacet
  facet normal 0.363521 -0.926269 -0.099386
    outer loop
      vertex 14.275 4.68676 1.36856
      vertex 14.4708 4.37396 5
      vertex 14.4244 4.35575 5
    endloop
  endfacet
  facet normal 0.363314 -0.926351 -0.0993819
    outer loop
      vertex 14.4708 4.37396 5
      vertex 14.275 4.68676 1.36856
      vertex 14.275 4.71379 1.11661
    endloop
  endfacet
  facet normal 0.365234 -0.925594 -0.0993998
    outer loop
      vertex 14.259 4.7415 0.799999
      vertex 14.2516 4.73858 0.799999
      vertex 14.2187 4.81151 0
    endloop
  endfacet
  facet normal -0.729464 -0.676761 -0.0993792
    outer loop
      vertex 15.396 4.54279 0
      vertex 15.013 4.22139 5
      vertex 14.9791 4.25793 5
    endloop
  endfacet
  facet normal -0.964285 0.245513 -0.0993843
    outer loop
      vertex 15.1201 3.80093 5
      vertex 15.6102 3.70185 0
      vertex 15.1078 3.75262 5
    endloop
  endfacet
  facet normal 0.762652 -0.639122 -0.099428
    outer loop
      vertex 13.9556 4.52576 0.799999
      vertex 13.8329 4.5038 0
      vertex 13.8969 4.58017 0
    endloop
  endfacet
  facet normal 0.762018 -0.639896 -0.0993095
    outer loop
      vertex 13.8329 4.5038 0
      vertex 13.9556 4.52576 0.799999
      vertex 13.8966 4.4555 0.799999
    endloop
  endfacet
  facet normal 0.995049 0 -0.0993807
    outer loop
      vertex 13.7111 3.85414 0.799999
      vertex 13.6312 3.94985 0
      vertex 13.7111 3.94586 0.799999
    endloop
  endfacet
  facet normal 0.995049 0 -0.0993807
    outer loop
      vertex 13.6312 3.94985 0
      vertex 13.7111 3.85414 0.799999
      vertex 13.6312 3.85015 0
    endloop
  endfacet
  facet normal -0.896332 -0.4321 -0.0993896
    outer loop
      vertex 15.5082 4.37825 0
      vertex 15.5515 4.28843 0
      vertex 15.0907 4.09422 5
    endloop
  endfacet
  facet normal -0.848974 -0.519006 -0.0993789
    outer loop
      vertex 15.4562 4.46332 0
      vertex 15.0691 4.13913 5
      vertex 15.0431 4.18166 5
    endloop
  endfacet
  facet normal -0.658234 0.746225 -0.0993787
    outer loop
      vertex 14.9791 3.54207 5
      vertex 15.3282 3.18413 0
      vertex 14.9417 3.50908 5
    endloop
  endfacet
  facet normal -0.984022 0.147733 -0.0993813
    outer loop
      vertex 15.625 3.80043 0
      vertex 15.6102 3.70185 0
      vertex 15.1201 3.80093 5
    endloop
  endfacet
  facet normal 0.821964 -0.560815 -0.0993044
    outer loop
      vertex 13.8921 4.44891 0.799999
      vertex 13.7767 4.42143 0
      vertex 13.8329 4.5038 0
    endloop
  endfacet
  facet normal 0.822549 -0.559937 -0.0994189
    outer loop
      vertex 13.7767 4.42143 0
      vertex 13.8921 4.44891 0.799999
      vertex 13.845 4.37972 0.799999
    endloop
  endfacet
  facet normal 0.950794 -0.293443 -0.0994105
    outer loop
      vertex 13.7655 4.21466 0.799999
      vertex 13.6609 4.14676 0
      vertex 13.6903 4.24202 0
    endloop
  endfacet
  facet normal 0.950642 -0.293957 -0.0993469
    outer loop
      vertex 13.6609 4.14676 0
      vertex 13.7655 4.21466 0.799999
      vertex 13.7384 4.12702 0.799999
    endloop
  endfacet
  facet normal 0.762018 0.639896 -0.0993095
    outer loop
      vertex 13.9556 3.27424 0.799999
      vertex 13.8329 3.2962 0
      vertex 13.8966 3.3445 0.799999
    endloop
  endfacet
  facet normal 0.762652 0.639122 -0.099428
    outer loop
      vertex 13.8329 3.2962 0
      vertex 13.9556 3.27424 0.799999
      vertex 13.8969 3.21983 0
    endloop
  endfacet
  facet normal -0.316907 -0.943236 -0.0993755
    outer loop
      vertex 14.9008 4.86262 0
      vertex 14.9953 4.83087 0
      vertex 14.8127 4.36544 5
    endloop
  endfacet
  facet normal -0.849001 -0.518962 -0.0993781
    outer loop
      vertex 15.4562 4.46332 0
      vertex 15.5082 4.37825 0
      vertex 15.0691 4.13913 5
    endloop
  endfacet
  facet normal -0.964285 -0.245513 -0.0993843
    outer loop
      vertex 15.6102 4.09815 0
      vertex 15.1201 3.99907 5
      vertex 15.1078 4.04738 5
    endloop
  endfacet
  facet normal -0.316907 0.943236 -0.0993755
    outer loop
      vertex 14.9953 2.96913 0
      vertex 14.9008 2.93738 0
      vertex 14.8127 3.43456 5
    endloop
  endfacet
  facet normal -0.581438 0.807497 -0.0993902
    outer loop
      vertex 14.9417 3.50908 5
      vertex 15.2535 3.11817 0
      vertex 14.9013 3.47999 5
    endloop
  endfacet
  facet normal -0.93503 0.340356 -0.0993838
    outer loop
      vertex 15.5856 3.60524 0
      vertex 15.5515 3.51156 0
      vertex 15.1078 3.75262 5
    endloop
  endfacet
  facet normal -0.993797 0.0499045 -0.0993797
    outer loop
      vertex 15.63 3.9 0
      vertex 15.625 3.80043 0
      vertex 15.13 3.9 5
    endloop
  endfacet
  facet normal 0.873775 -0.47606 -0.0994192
    outer loop
      vertex 13.845 4.37972 0.799999
      vertex 13.729 4.33388 0
      vertex 13.7767 4.42143 0
    endloop
  endfacet
  facet normal 0.873713 -0.476176 -0.0994036
    outer loop
      vertex 13.729 4.33388 0
      vertex 13.845 4.37972 0.799999
      vertex 13.8011 4.29917 0.799999
    endloop
  endfacet
  facet normal 0.620143 -0.778172 -0.0993506
    outer loop
      vertex 14.0463 4.71194 0
      vertex 14.0212 4.5898 0.799999
      vertex 13.9683 4.64978 0
    endloop
  endfacet
  facet normal 0.620228 -0.778106 -0.0993378
    outer loop
      vertex 14.0212 4.5898 0.799999
      vertex 14.0463 4.71194 0
      vertex 14.0867 4.64201 0.799999
    endloop
  endfacet
  facet normal 0.620248 -0.778076 -0.0994466
    outer loop
      vertex 14.275 4.31664 4.52241
      vertex 14.2992 4.27489 5
      vertex 14.275 4.30226 4.63492
    endloop
  endfacet
  facet normal 0.362553 -0.926652 -0.0993573
    outer loop
      vertex 14.259 4.7415 0.799999
      vertex 14.2187 4.81151 0
      vertex 14.275 4.74776 0.799999
    endloop
  endfacet
  facet normal 0.363772 -0.926172 -0.0993714
    outer loop
      vertex 14.3115 4.84793 0
      vertex 14.275 4.71379 1.11661
      vertex 14.275 4.74776 0.799999
    endloop
  endfacet
  facet normal 0.363584 -0.926245 -0.0993862
    outer loop
      vertex 14.275 4.71379 1.11661
      vertex 14.3115 4.84793 0
      vertex 14.4708 4.37396 5
    endloop
  endfacet
  facet normal 0.36352 -0.926269 -0.0993949
    outer loop
      vertex 14.3115 4.84793 0
      vertex 14.275 4.74776 0.799999
      vertex 14.2187 4.81151 0
    endloop
  endfacet
  facet normal 0.172834 0.979924 -0.0993806
    outer loop
      vertex 14.5187 3.41254 5
      vertex 14.5678 3.40388 5
      vertex 14.4075 2.92507 0
    endloop
  endfacet
  facet normal 0.453956 0.885464 -0.0993901
    outer loop
      vertex 14.17 3.10326 0.799999
      vertex 14.1771 3.09962 0.799999
      vertex 14.13 3.03397 0
    endloop
  endfacet
  facet normal 0.453596 0.885649 -0.0993817
    outer loop
      vertex 14.4244 3.44425 5
      vertex 14.275 3.28512 2.90001
      vertex 14.38 3.46699 5
    endloop
  endfacet
  facet normal 0.453883 0.885501 -0.0993909
    outer loop
      vertex 14.275 3.28512 2.90001
      vertex 14.4244 3.44425 5
      vertex 14.275 3.23607 2.46301
    endloop
  endfacet
  facet normal 0.990037 0.0997519 -0.0993764
    outer loop
      vertex 13.7195 3.77082 0.799999
      vertex 13.7203 3.76288 0.799999
      vertex 13.6412 3.75096 0
    endloop
  endfacet
  facet normal 0.695057 0.712056 -0.0993526
    outer loop
      vertex 13.9683 3.15022 0
      vertex 13.9556 3.27424 0.799999
      vertex 14.0155 3.21577 0.799999
    endloop
  endfacet
  facet normal 0.694616 0.712477 -0.0994249
    outer loop
      vertex 13.9556 3.27424 0.799999
      vertex 13.9683 3.15022 0
      vertex 13.8969 3.21983 0
    endloop
  endfacet
  facet normal -0.123913 -0.987304 -0.0993784
    outer loop
      vertex 14.7047 4.8972 0
      vertex 14.7168 4.3924 5
      vertex 14.6674 4.3986 5
    endloop
  endfacet
  facet normal -0.221369 -0.970113 -0.0993797
    outer loop
      vertex 14.9008 4.86262 0
      vertex 14.7654 4.38131 5
      vertex 14.7168 4.3924 5
    endloop
  endfacet
  facet normal -0.409496 -0.906884 -0.099373
    outer loop
      vertex 14.9953 4.83087 0
      vertex 14.8581 4.34494 5
      vertex 14.8127 4.36544 5
    endloop
  endfacet
  facet normal -0.409121 -0.907052 -0.0993791
    outer loop
      vertex 14.8581 4.34494 5
      vertex 14.9953 4.83087 0
      vertex 15.0862 4.78987 0
    endloop
  endfacet
  facet normal -0.658617 -0.745886 -0.0993862
    outer loop
      vertex 15.2535 4.68183 0
      vertex 15.3282 4.61587 0
      vertex 14.9417 4.29092 5
    endloop
  endfacet
  facet normal -0.793168 -0.60084 -0.0993786
    outer loop
      vertex 15.396 4.54279 0
      vertex 15.4562 4.46332 0
      vertex 15.013 4.22139 5
    endloop
  endfacet
  facet normal -0.93503 -0.340356 -0.0993831
    outer loop
      vertex 15.5515 4.28843 0
      vertex 15.5856 4.19475 0
      vertex 15.1078 4.04738 5
    endloop
  endfacet
  facet normal -0.896724 -0.43129 -0.0993763
    outer loop
      vertex 15.5082 4.37825 0
      vertex 15.0907 4.09422 5
      vertex 15.0691 4.13913 5
    endloop
  endfacet
  facet normal -0.221464 0.970091 -0.0993811
    outer loop
      vertex 14.9008 2.93738 0
      vertex 14.8036 2.91519 0
      vertex 14.7168 3.4076 5
    endloop
  endfacet
  facet normal -0.793168 0.60084 -0.0993786
    outer loop
      vertex 15.4562 3.33668 0
      vertex 15.396 3.25721 0
      vertex 15.013 3.57861 5
    endloop
  endfacet
  facet normal -0.729464 0.676761 -0.0993792
    outer loop
      vertex 15.396 3.25721 0
      vertex 15.3282 3.18413 0
      vertex 14.9791 3.54207 5
    endloop
  endfacet
  facet normal -0.896722 0.431289 -0.0993949
    outer loop
      vertex 15.5515 3.51156 0
      vertex 15.0691 3.66087 5
      vertex 15.0907 3.70578 5
    endloop
  endfacet
  facet normal -0.896314 0.432139 -0.0993809
    outer loop
      vertex 15.0691 3.66087 5
      vertex 15.5515 3.51156 0
      vertex 15.5082 3.42175 0
    endloop
  endfacet
  facet normal 0.269405 -0.957885 -0.0993797
    outer loop
      vertex 14.4075 4.87493 0
      vertex 14.5187 4.38746 5
      vertex 14.3115 4.84793 0
    endloop
  endfacet
  facet normal 0.172737 -0.979942 -0.0993791
    outer loop
      vertex 14.5057 4.89224 0
      vertex 14.5678 4.39612 5
      vertex 14.4075 4.87493 0
    endloop
  endfacet
  facet normal 0.0743701 -0.992266 -0.0993803
    outer loop
      vertex 14.6051 4.89969 0
      vertex 14.5678 4.39612 5
      vertex 14.5057 4.89224 0
    endloop
  endfacet
  facet normal 0.540007 -0.835772 -0.0993867
    outer loop
      vertex 14.13 4.76602 0
      vertex 14.0997 4.65131 0.799999
      vertex 14.0463 4.71194 0
    endloop
  endfacet
  facet normal 0.540074 -0.83573 -0.099378
    outer loop
      vertex 14.0997 4.65131 0.799999
      vertex 14.13 4.76602 0
      vertex 14.17 4.69674 0.799999
    endloop
  endfacet
  facet normal 0.539831 -0.835886 -0.0993837
    outer loop
      vertex 14.275 4.51488 2.90001
      vertex 14.38 4.33301 5
      vertex 14.275 4.45223 3.42694
    endloop
  endfacet
  facet normal 0.45408 -0.885401 -0.0993799
    outer loop
      vertex 14.2187 4.81151 0
      vertex 14.17 4.69674 0.799999
      vertex 14.13 4.76602 0
    endloop
  endfacet
  facet normal 0.454104 -0.885389 -0.0993767
    outer loop
      vertex 14.17 4.69674 0.799999
      vertex 14.2187 4.81151 0
      vertex 14.2445 4.73495 0.799999
    endloop
  endfacet
  facet normal 0.453894 -0.885496 -0.0993833
    outer loop
      vertex 14.275 4.64452 1.74493
      vertex 14.38 4.33301 5
      vertex 14.275 4.51488 2.90001
    endloop
  endfacet
  facet normal 0.694616 -0.712478 -0.0994135
    outer loop
      vertex 13.9683 4.64978 0
      vertex 13.9613 4.53133 0.799999
      vertex 13.8969 4.58017 0
    endloop
  endfacet
  facet normal 0.695058 -0.712057 -0.0993473
    outer loop
      vertex 13.9613 4.53133 0.799999
      vertex 13.9683 4.64978 0
      vertex 14.0212 4.5898 0.799999
    endloop
  endfacet
  facet normal 0.693508 -0.71355 -0.0994652
    outer loop
      vertex 14.275 4.30226 4.63492
      vertex 14.2992 4.27489 5
      vertex 14.275 4.29323 4.6997
    endloop
  endfacet
  facet normal 0.69544 -0.711671 -0.0994306
    outer loop
      vertex 13.9613 4.53133 0.799999
      vertex 13.9556 4.52576 0.799999
      vertex 13.8969 4.58017 0
    endloop
  endfacet
  facet normal 0.694109 -0.712964 -0.0994778
    outer loop
      vertex 14.275 4.29323 4.6997
      vertex 14.2992 4.27489 5
      vertex 14.275 4.25133 5
    endloop
  endfacet
  facet normal 0.821747 -0.561132 -0.0993101
    outer loop
      vertex 13.8966 4.4555 0.799999
      vertex 13.8921 4.44891 0.799999
      vertex 13.8329 4.5038 0
    endloop
  endfacet
  facet normal 0.916992 -0.386322 -0.0994056
    outer loop
      vertex 13.8011 4.29917 0.799999
      vertex 13.6903 4.24202 0
      vertex 13.729 4.33388 0
    endloop
  endfacet
  facet normal 0.91702 -0.386251 -0.0994146
    outer loop
      vertex 13.6903 4.24202 0
      vertex 13.8011 4.29917 0.799999
      vertex 13.7686 4.22201 0.799999
    endloop
  endfacet
  facet normal 0.990033 -0.0997993 -0.0993766
    outer loop
      vertex 13.7119 3.95379 0.799999
      vertex 13.6412 4.04904 0
      vertex 13.7203 4.03712 0.799999
    endloop
  endfacet
  facet normal 0.990031 -0.0998116 -0.0993779
    outer loop
      vertex 13.6412 4.04904 0
      vertex 13.7119 3.95379 0.799999
      vertex 13.6312 3.94985 0
    endloop
  endfacet
  facet normal 0.97542 -0.196641 -0.0994393
    outer loop
      vertex 13.7369 4.1192 0.799999
      vertex 13.6412 4.04904 0
      vertex 13.6609 4.14676 0
    endloop
  endfacet
  facet normal 0.975304 -0.197247 -0.0993723
    outer loop
      vertex 13.6412 4.04904 0
      vertex 13.7369 4.1192 0.799999
      vertex 13.7203 4.03712 0.799999
    endloop
  endfacet
  facet normal 0.977242 -0.187451 -0.0992958
    outer loop
      vertex 13.7384 4.12702 0.799999
      vertex 13.7369 4.1192 0.799999
      vertex 13.6609 4.14676 0
    endloop
  endfacet
  facet normal -0.316516 0.943367 -0.0993816
    outer loop
      vertex 14.8127 3.43456 5
      vertex 14.9008 2.93738 0
      vertex 14.7654 3.41869 5
    endloop
  endfacet
  facet normal 0.0743701 0.992266 -0.0993803
    outer loop
      vertex 14.5678 3.40388 5
      vertex 14.6051 2.90031 0
      vertex 14.5057 2.90776 0
    endloop
  endfacet
  facet normal 0.620248 0.778076 -0.0994466
    outer loop
      vertex 14.275 3.49774 4.63492
      vertex 14.2992 3.52511 5
      vertex 14.275 3.48336 4.52241
    endloop
  endfacet
  facet normal 0.620228 0.778106 -0.0993378
    outer loop
      vertex 14.0463 3.08806 0
      vertex 14.0212 3.2102 0.799999
      vertex 14.0867 3.15799 0.799999
    endloop
  endfacet
  facet normal 0.620143 0.778172 -0.0993506
    outer loop
      vertex 14.0212 3.2102 0.799999
      vertex 14.0463 3.08806 0
      vertex 13.9683 3.15022 0
    endloop
  endfacet
  facet normal 0.69411 0.712965 -0.0994612
    outer loop
      vertex 14.275 3.54867 5
      vertex 14.2992 3.52511 5
      vertex 14.275 3.49774 4.63492
    endloop
  endfacet
  facet normal 0.695446 0.711678 -0.0993445
    outer loop
      vertex 14.0155 3.21577 0.799999
      vertex 14.0212 3.2102 0.799999
      vertex 13.9683 3.15022 0
    endloop
  endfacet
  facet normal 0.873638 0.476314 -0.0994029
    outer loop
      vertex 13.8412 3.42728 0.799999
      vertex 13.729 3.46612 0
      vertex 13.8011 3.50083 0.799999
    endloop
  endfacet
  facet normal 0.873796 0.476017 -0.0994394
    outer loop
      vertex 13.729 3.46612 0
      vertex 13.8412 3.42728 0.799999
      vertex 13.7767 3.37856 0
    endloop
  endfacet
  facet normal 0.916835 0.386692 -0.0994075
    outer loop
      vertex 13.7655 3.58534 0.799999
      vertex 13.7686 3.57799 0.799999
      vertex 13.6903 3.55798 0
    endloop
  endfacet
  facet normal 0.172834 -0.979924 -0.0993806
    outer loop
      vertex 14.5678 4.39612 5
      vertex 14.5187 4.38746 5
      vertex 14.4075 4.87493 0
    endloop
  endfacet
  facet normal -0.221464 -0.970091 -0.0993811
    outer loop
      vertex 14.8036 4.88481 0
      vertex 14.9008 4.86262 0
      vertex 14.7168 4.3924 5
    endloop
  endfacet
  facet normal -0.123691 -0.987332 -0.0993817
    outer loop
      vertex 14.8036 4.88481 0
      vertex 14.7168 4.3924 5
      vertex 14.7047 4.8972 0
    endloop
  endfacet
  facet normal -0.0248685 -0.994739 -0.0993823
    outer loop
      vertex 14.7047 4.8972 0
      vertex 14.6175 4.39984 5
      vertex 14.6051 4.89969 0
    endloop
  endfacet
  facet normal -0.581439 -0.807499 -0.0993704
    outer loop
      vertex 15.1725 4.74003 0
      vertex 14.9417 4.29092 5
      vertex 14.9013 4.32001 5
    endloop
  endfacet
  facet normal -0.497635 -0.861675 -0.0993791
    outer loop
      vertex 15.0862 4.78987 0
      vertex 15.1725 4.74003 0
      vertex 14.8581 4.34494 5
    endloop
  endfacet
  facet normal -0.729464 -0.676761 -0.0993792
    outer loop
      vertex 15.3282 4.61587 0
      vertex 15.396 4.54279 0
      vertex 14.9791 4.25793 5
    endloop
  endfacet
  facet normal -0.658234 -0.746225 -0.0993787
    outer loop
      vertex 15.3282 4.61587 0
      vertex 14.9791 4.25793 5
      vertex 14.9417 4.29092 5
    endloop
  endfacet
  facet normal -0.580623 -0.808084 -0.0993853
    outer loop
      vertex 15.1725 4.74003 0
      vertex 15.2535 4.68183 0
      vertex 14.9417 4.29092 5
    endloop
  endfacet
  facet normal -0.964273 -0.24556 -0.0993836
    outer loop
      vertex 15.5856 4.19475 0
      vertex 15.6102 4.09815 0
      vertex 15.1078 4.04738 5
    endloop
  endfacet
  facet normal -0.934708 -0.341236 -0.0993969
    outer loop
      vertex 15.5515 4.28843 0
      vertex 15.1078 4.04738 5
      vertex 15.0907 4.09422 5
    endloop
  endfacet
  facet normal -0.993797 -0.0499045 -0.0993798
    outer loop
      vertex 15.63 3.9 0
      vertex 15.1275 3.94978 5
      vertex 15.625 3.99957 0
    endloop
  endfacet
  facet normal -0.993797 -0.0499095 -0.0993797
    outer loop
      vertex 15.1275 3.94978 5
      vertex 15.63 3.9 0
      vertex 15.13 3.9 5
    endloop
  endfacet
  facet normal -0.984022 -0.147733 -0.0993813
    outer loop
      vertex 15.625 3.99957 0
      vertex 15.1275 3.94978 5
      vertex 15.1201 3.99907 5
    endloop
  endfacet
  facet normal -0.793132 -0.600888 -0.0993778
    outer loop
      vertex 15.4562 4.46332 0
      vertex 15.0431 4.18166 5
      vertex 15.013 4.22139 5
    endloop
  endfacet
  facet normal -0.658617 0.745886 -0.0993862
    outer loop
      vertex 15.3282 3.18413 0
      vertex 15.2535 3.11817 0
      vertex 14.9417 3.50908 5
    endloop
  endfacet
  facet normal -0.497635 0.861675 -0.0993759
    outer loop
      vertex 15.1725 3.05997 0
      vertex 15.0862 3.01013 0
      vertex 14.9013 3.47999 5
    endloop
  endfacet
  facet normal -0.580624 0.808085 -0.0993754
    outer loop
      vertex 15.2535 3.11817 0
      vertex 15.1725 3.05997 0
      vertex 14.9013 3.47999 5
    endloop
  endfacet
  facet normal -0.729464 0.676761 -0.0993792
    outer loop
      vertex 15.013 3.57861 5
      vertex 15.396 3.25721 0
      vertex 14.9791 3.54207 5
    endloop
  endfacet
  facet normal -0.848974 0.519006 -0.0993789
    outer loop
      vertex 15.0691 3.66087 5
      vertex 15.4562 3.33668 0
      vertex 15.0431 3.61834 5
    endloop
  endfacet
  facet normal -0.849001 0.518962 -0.0993781
    outer loop
      vertex 15.5082 3.42175 0
      vertex 15.4562 3.33668 0
      vertex 15.0691 3.66087 5
    endloop
  endfacet
  facet normal -0.964279 0.245536 -0.099384
    outer loop
      vertex 15.6102 3.70185 0
      vertex 15.5856 3.60524 0
      vertex 15.1078 3.75262 5
    endloop
  endfacet
  facet normal -0.984022 0.147733 -0.0993813
    outer loop
      vertex 15.1275 3.85022 5
      vertex 15.625 3.80043 0
      vertex 15.1201 3.80093 5
    endloop
  endfacet
  facet normal 0.269926 -0.957738 -0.0993877
    outer loop
      vertex 14.5187 4.38746 5
      vertex 14.4708 4.37396 5
      vertex 14.3115 4.84793 0
    endloop
  endfacet
  facet normal 0.540096 -0.835714 -0.0993882
    outer loop
      vertex 14.0997 4.65131 0.799999
      vertex 14.093 4.64698 0.799999
      vertex 14.0463 4.71194 0
    endloop
  endfacet
  facet normal 0.539553 -0.836068 -0.0993607
    outer loop
      vertex 14.275 4.39377 3.91856
      vertex 14.38 4.33301 5
      vertex 14.3381 4.30597 5
    endloop
  endfacet
  facet normal 0.539978 -0.83579 -0.0993863
    outer loop
      vertex 14.38 4.33301 5
      vertex 14.275 4.39377 3.91856
      vertex 14.275 4.45223 3.42694
    endloop
  endfacet
  facet normal 0.616293 -0.781217 -0.0994111
    outer loop
      vertex 14.093 4.64698 0.799999
      vertex 14.0867 4.64201 0.799999
      vertex 14.0463 4.71194 0
    endloop
  endfacet
  facet normal 0.621112 -0.777389 -0.0994303
    outer loop
      vertex 14.275 4.31664 4.52241
      vertex 14.3381 4.30597 5
      vertex 14.2992 4.27489 5
    endloop
  endfacet
  facet normal 0.620496 -0.777889 -0.0993601
    outer loop
      vertex 14.3381 4.30597 5
      vertex 14.275 4.31664 4.52241
      vertex 14.275 4.39377 3.91856
    endloop
  endfacet
  facet normal 0.916835 -0.386692 -0.0994075
    outer loop
      vertex 13.7686 4.22201 0.799999
      vertex 13.7655 4.21466 0.799999
      vertex 13.6903 4.24202 0
    endloop
  endfacet
  facet normal 0 0 -1
    outer loop
      vertex 15.1275 3.85022 5
      vertex 15.1275 3.94978 5
      vertex 15.13 3.9 5
    endloop
  endfacet
  facet normal 0 0 -1
    outer loop
      vertex 15.1201 3.80093 5
      vertex 15.1275 3.94978 5
      vertex 15.1275 3.85022 5
    endloop
  endfacet
  facet normal 0 0 -1
    outer loop
      vertex 15.1201 3.80093 5
      vertex 15.1201 3.99907 5
      vertex 15.1275 3.94978 5
    endloop
  endfacet
  facet normal 0 0 -1
    outer loop
      vertex 15.1078 3.75262 5
      vertex 15.1201 3.99907 5
      vertex 15.1201 3.80093 5
    endloop
  endfacet
  facet normal 0 0 -1
    outer loop
      vertex 15.1078 3.75262 5
      vertex 15.1078 4.04738 5
      vertex 15.1201 3.99907 5
    endloop
  endfacet
  facet normal 0 0 -1
    outer loop
      vertex 15.0907 3.70578 5
      vertex 15.1078 4.04738 5
      vertex 15.1078 3.75262 5
    endloop
  endfacet
  facet normal 0 0 -1
    outer loop
      vertex 15.0907 3.70578 5
      vertex 15.0907 4.09422 5
      vertex 15.1078 4.04738 5
    endloop
  endfacet
  facet normal 0 0 -1
    outer loop
      vertex 15.0691 3.66087 5
      vertex 15.0907 4.09422 5
      vertex 15.0907 3.70578 5
    endloop
  endfacet
  facet normal 0 0 -1
    outer loop
      vertex 15.0691 3.66087 5
      vertex 15.0691 4.13913 5
      vertex 15.0907 4.09422 5
    endloop
  endfacet
  facet normal 0 0 -1
    outer loop
      vertex 15.0431 3.61834 5
      vertex 15.0691 4.13913 5
      vertex 15.0691 3.66087 5
    endloop
  endfacet
  facet normal 0 0 -1
    outer loop
      vertex 15.0431 3.61834 5
      vertex 15.0431 4.18166 5
      vertex 15.0691 4.13913 5
    endloop
  endfacet
  facet normal 0 0 -1
    outer loop
      vertex 15.013 3.57861 5
      vertex 15.0431 4.18166 5
      vertex 15.0431 3.61834 5
    endloop
  endfacet
  facet normal 0 0 -1
    outer loop
      vertex 15.013 3.57861 5
      vertex 15.013 4.22139 5
      vertex 15.0431 4.18166 5
    endloop
  endfacet
  facet normal 0 0 -1
    outer loop
      vertex 14.9791 3.54207 5
      vertex 15.013 4.22139 5
      vertex 15.013 3.57861 5
    endloop
  endfacet
  facet normal 0 0 -1
    outer loop
      vertex 14.9791 3.54207 5
      vertex 14.9791 4.25793 5
      vertex 15.013 4.22139 5
    endloop
  endfacet
  facet normal 0 0 -1
    outer loop
      vertex 14.9417 3.50908 5
      vertex 14.9791 4.25793 5
      vertex 14.9791 3.54207 5
    endloop
  endfacet
  facet normal 0 0 -1
    outer loop
      vertex 14.9417 3.50908 5
      vertex 14.9417 4.29092 5
      vertex 14.9791 4.25793 5
    endloop
  endfacet
  facet normal 0 0 -1
    outer loop
      vertex 14.9013 3.47999 5
      vertex 14.9417 4.29092 5
      vertex 14.9417 3.50908 5
    endloop
  endfacet
  facet normal 0 0 -1
    outer loop
      vertex 14.9013 3.47999 5
      vertex 14.9013 4.32001 5
      vertex 14.9417 4.29092 5
    endloop
  endfacet
  facet normal 0 0 -1
    outer loop
      vertex 14.8581 3.45506 5
      vertex 14.9013 4.32001 5
      vertex 14.9013 3.47999 5
    endloop
  endfacet
  facet normal 0 0 -1
    outer loop
      vertex 14.8581 3.45506 5
      vertex 14.8581 4.34494 5
      vertex 14.9013 4.32001 5
    endloop
  endfacet
  facet normal 0 0 -1
    outer loop
      vertex 14.8127 3.43456 5
      vertex 14.8581 4.34494 5
      vertex 14.8581 3.45506 5
    endloop
  endfacet
  facet normal 0 0 -1
    outer loop
      vertex 14.8127 3.43456 5
      vertex 14.8127 4.36544 5
      vertex 14.8581 4.34494 5
    endloop
  endfacet
  facet normal 0 0 -1
    outer loop
      vertex 14.7654 3.41869 5
      vertex 14.8127 4.36544 5
      vertex 14.8127 3.43456 5
    endloop
  endfacet
  facet normal 0 0 -1
    outer loop
      vertex 14.7654 3.41869 5
      vertex 14.7654 4.38131 5
      vertex 14.8127 4.36544 5
    endloop
  endfacet
  facet normal 0 0 -1
    outer loop
      vertex 14.7168 3.4076 5
      vertex 14.7654 4.38131 5
      vertex 14.7654 3.41869 5
    endloop
  endfacet
  facet normal 0 0 -1
    outer loop
      vertex 14.7168 3.4076 5
      vertex 14.7168 4.3924 5
      vertex 14.7654 4.38131 5
    endloop
  endfacet
  facet normal 0 0 -1
    outer loop
      vertex 14.6674 3.4014 5
      vertex 14.7168 4.3924 5
      vertex 14.7168 3.4076 5
    endloop
  endfacet
  facet normal 0 0 -1
    outer loop
      vertex 14.6674 3.4014 5
      vertex 14.6674 4.3986 5
      vertex 14.7168 4.3924 5
    endloop
  endfacet
  facet normal 0 0 -1
    outer loop
      vertex 14.6175 3.40016 5
      vertex 14.6674 4.3986 5
      vertex 14.6674 3.4014 5
    endloop
  endfacet
  facet normal 0 0 -1
    outer loop
      vertex 14.6175 3.40016 5
      vertex 14.6175 4.39984 5
      vertex 14.6674 4.3986 5
    endloop
  endfacet
  facet normal 0 0 -1
    outer loop
      vertex 14.5678 3.40388 5
      vertex 14.6175 4.39984 5
      vertex 14.6175 3.40016 5
    endloop
  endfacet
  facet normal 0 0 -1
    outer loop
      vertex 14.5678 3.40388 5
      vertex 14.5678 4.39612 5
      vertex 14.6175 4.39984 5
    endloop
  endfacet
  facet normal 0 0 -1
    outer loop
      vertex 14.5187 3.41254 5
      vertex 14.5678 4.39612 5
      vertex 14.5678 3.40388 5
    endloop
  endfacet
  facet normal 0 0 -1
    outer loop
      vertex 14.5187 3.41254 5
      vertex 14.5187 4.38746 5
      vertex 14.5678 4.39612 5
    endloop
  endfacet
  facet normal 0 0 -1
    outer loop
      vertex 14.4708 3.42604 5
      vertex 14.5187 4.38746 5
      vertex 14.5187 3.41254 5
    endloop
  endfacet
  facet normal 0 0 -1
    outer loop
      vertex 14.4708 3.42604 5
      vertex 14.4708 4.37396 5
      vertex 14.5187 4.38746 5
    endloop
  endfacet
  facet normal 0 0 -1
    outer loop
      vertex 14.4244 3.44425 5
      vertex 14.4708 4.37396 5
      vertex 14.4708 3.42604 5
    endloop
  endfacet
  facet normal 0 0 -1
    outer loop
      vertex 14.4244 3.44425 5
      vertex 14.4244 4.35575 5
      vertex 14.4708 4.37396 5
    endloop
  endfacet
  facet normal 0 0 -1
    outer loop
      vertex 14.38 3.46699 5
      vertex 14.4244 4.35575 5
      vertex 14.4244 3.44425 5
    endloop
  endfacet
  facet normal 0 0 -1
    outer loop
      vertex 14.38 3.46699 5
      vertex 14.38 4.33301 5
      vertex 14.4244 4.35575 5
    endloop
  endfacet
  facet normal 0 0 -1
    outer loop
      vertex 14.3381 3.49403 5
      vertex 14.38 4.33301 5
      vertex 14.38 3.46699 5
    endloop
  endfacet
  facet normal 0 0 -1
    outer loop
      vertex 14.3381 3.49403 5
      vertex 14.3381 4.30597 5
      vertex 14.38 4.33301 5
    endloop
  endfacet
  facet normal 0 0 -1
    outer loop
      vertex 14.275 3.54867 5
      vertex 14.3381 3.49403 5
      vertex 14.2992 3.52511 5
    endloop
  endfacet
  facet normal 0 0 -1
    outer loop
      vertex 14.3381 3.49403 5
      vertex 14.275 3.54867 5
      vertex 14.3381 4.30597 5
    endloop
  endfacet
  facet normal 0 0 -1
    outer loop
      vertex 14.275 4.25133 5
      vertex 14.3381 4.30597 5
      vertex 14.275 3.54867 5
    endloop
  endfacet
  facet normal 0 0 -1
    outer loop
      vertex 14.3381 4.30597 5
      vertex 14.275 4.25133 5
      vertex 14.2992 4.27489 5
    endloop
  endfacet
  facet normal 0.990025 -0.0998764 -0.099377
    outer loop
      vertex 13.7119 3.95379 0.799999
      vertex 13.7111 3.94586 0.799999
      vertex 13.6312 3.94985 0
    endloop
  endfacet
  facet normal -0.0247191 0.994742 -0.0993801
    outer loop
      vertex 14.6674 3.4014 5
      vertex 14.7047 2.9028 0
      vertex 14.6175 3.40016 5
    endloop
  endfacet
  facet normal -0.221369 0.970113 -0.0993797
    outer loop
      vertex 14.7654 3.41869 5
      vertex 14.9008 2.93738 0
      vertex 14.7168 3.4076 5
    endloop
  endfacet
  facet normal 0.172737 0.979942 -0.0993791
    outer loop
      vertex 14.5678 3.40388 5
      vertex 14.5057 2.90776 0
      vertex 14.4075 2.92507 0
    endloop
  endfacet
  facet normal 0.540073 0.835729 -0.0993884
    outer loop
      vertex 14.13 3.03397 0
      vertex 14.0997 3.14869 0.799999
      vertex 14.17 3.10326 0.799999
    endloop
  endfacet
  facet normal 0.540077 0.835727 -0.0993879
    outer loop
      vertex 14.0997 3.14869 0.799999
      vertex 14.13 3.03397 0
      vertex 14.0463 3.08806 0
    endloop
  endfacet
  facet normal 0.539831 0.835886 -0.0993837
    outer loop
      vertex 14.275 3.34777 3.42694
      vertex 14.38 3.46699 5
      vertex 14.275 3.28512 2.90001
    endloop
  endfacet
  facet normal 0.363545 0.92626 -0.0993862
    outer loop
      vertex 14.3115 2.95207 0
      vertex 14.275 3.11324 1.36856
      vertex 14.4244 3.44425 5
    endloop
  endfacet
  facet normal 0.363845 0.926144 -0.0993646
    outer loop
      vertex 14.275 3.11324 1.36856
      vertex 14.3115 2.95207 0
      vertex 14.275 3.05224 0.799999
    endloop
  endfacet
  facet normal 0.363056 0.926446 -0.0994383
    outer loop
      vertex 14.3115 2.95207 0
      vertex 14.2516 3.06141 0.799999
      vertex 14.275 3.05224 0.799999
    endloop
  endfacet
  facet normal 0.363521 0.92627 -0.0993794
    outer loop
      vertex 14.2516 3.06141 0.799999
      vertex 14.3115 2.95207 0
      vertex 14.2187 2.98849 0
    endloop
  endfacet
  facet normal 0.454104 0.885389 -0.0993784
    outer loop
      vertex 14.2187 2.98849 0
      vertex 14.1771 3.09962 0.799999
      vertex 14.2516 3.06141 0.799999
    endloop
  endfacet
  facet normal 0.454 0.885441 -0.0993909
    outer loop
      vertex 14.1771 3.09962 0.799999
      vertex 14.2187 2.98849 0
      vertex 14.13 3.03397 0
    endloop
  endfacet
  facet normal 0.453732 0.885578 -0.0993884
    outer loop
      vertex 14.275 3.23607 2.46301
      vertex 14.4244 3.44425 5
      vertex 14.275 3.11324 1.36856
    endloop
  endfacet
  facet normal 0.822547 0.559936 -0.0994401
    outer loop
      vertex 13.8966 3.3445 0.799999
      vertex 13.7767 3.37856 0
      vertex 13.8495 3.41369 0.799999
    endloop
  endfacet
  facet normal 0.821932 0.560862 -0.0993085
    outer loop
      vertex 13.7767 3.37856 0
      vertex 13.8966 3.3445 0.799999
      vertex 13.8329 3.2962 0
    endloop
  endfacet
  facet normal 0.874499 0.474728 -0.0994176
    outer loop
      vertex 13.8412 3.42728 0.799999
      vertex 13.845 3.42028 0.799999
      vertex 13.7767 3.37856 0
    endloop
  endfacet
  facet normal 0.990031 0.0998111 -0.0993773
    outer loop
      vertex 13.7195 3.77082 0.799999
      vertex 13.6312 3.85015 0
      vertex 13.7111 3.85414 0.799999
    endloop
  endfacet
  facet normal 0.990031 0.0998116 -0.0993773
    outer loop
      vertex 13.6312 3.85015 0
      vertex 13.7195 3.77082 0.799999
      vertex 13.6412 3.75096 0
    endloop
  endfacet
  facet normal 0.977242 0.187451 -0.0992958
    outer loop
      vertex 13.7369 3.6808 0.799999
      vertex 13.7384 3.67298 0.799999
      vertex 13.6609 3.65324 0
    endloop
  endfacet
  facet normal 0.91702 0.386251 -0.0994146
    outer loop
      vertex 13.8011 3.50083 0.799999
      vertex 13.6903 3.55798 0
      vertex 13.7686 3.57799 0.799999
    endloop
  endfacet
  facet normal 0.916992 0.386322 -0.0994056
    outer loop
      vertex 13.6903 3.55798 0
      vertex 13.8011 3.50083 0.799999
      vertex 13.729 3.46612 0
    endloop
  endfacet
  facet normal 0.0742708 -0.992274 -0.0993818
    outer loop
      vertex 14.6051 4.89969 0
      vertex 14.6175 4.39984 5
      vertex 14.5678 4.39612 5
    endloop
  endfacet
  facet normal -0.316516 -0.943367 -0.0993816
    outer loop
      vertex 14.9008 4.86262 0
      vertex 14.8127 4.36544 5
      vertex 14.7654 4.38131 5
    endloop
  endfacet
  facet normal -0.497353 -0.861838 -0.0993743
    outer loop
      vertex 15.1725 4.74003 0
      vertex 14.9013 4.32001 5
      vertex 14.8581 4.34494 5
    endloop
  endfacet
  facet normal -0.409121 0.907052 -0.0993791
    outer loop
      vertex 14.9953 2.96913 0
      vertex 14.8581 3.45506 5
      vertex 15.0862 3.01013 0
    endloop
  endfacet
  facet normal -0.409496 0.906884 -0.099373
    outer loop
      vertex 14.8581 3.45506 5
      vertex 14.9953 2.96913 0
      vertex 14.8127 3.43456 5
    endloop
  endfacet
  facet normal -0.497352 0.861838 -0.0993807
    outer loop
      vertex 14.9013 3.47999 5
      vertex 15.0862 3.01013 0
      vertex 14.8581 3.45506 5
    endloop
  endfacet
  facet normal -0.793132 0.600888 -0.0993778
    outer loop
      vertex 15.0431 3.61834 5
      vertex 15.4562 3.33668 0
      vertex 15.013 3.57861 5
    endloop
  endfacet
  facet normal -0.934707 0.341236 -0.0993976
    outer loop
      vertex 15.1078 3.75262 5
      vertex 15.5515 3.51156 0
      vertex 15.0907 3.70578 5
    endloop
  endfacet
  facet normal -0.993797 0.0499095 -0.0993798
    outer loop
      vertex 15.13 3.9 5
      vertex 15.625 3.80043 0
      vertex 15.1275 3.85022 5
    endloop
  endfacet
  facet normal 0.453596 -0.885648 -0.0993883
    outer loop
      vertex 14.275 4.64452 1.74493
      vertex 14.4244 4.35575 5
      vertex 14.38 4.33301 5
    endloop
  endfacet
  facet normal 0.453734 -0.885578 -0.0993884
    outer loop
      vertex 14.4244 4.35575 5
      vertex 14.275 4.64452 1.74493
      vertex 14.275 4.68676 1.36856
    endloop
  endfacet
  facet normal 0.452967 -0.885969 -0.0993956
    outer loop
      vertex 14.2516 4.73858 0.799999
      vertex 14.2445 4.73495 0.799999
      vertex 14.2187 4.81151 0
    endloop
  endfacet
  facet normal -0.0248685 0.994739 -0.0993823
    outer loop
      vertex 14.6175 3.40016 5
      vertex 14.7047 2.9028 0
      vertex 14.6051 2.90031 0
    endloop
  endfacet
  facet normal -0.123913 0.987304 -0.0993784
    outer loop
      vertex 14.7168 3.4076 5
      vertex 14.7047 2.9028 0
      vertex 14.6674 3.4014 5
    endloop
  endfacet
  facet normal 0.269405 0.957885 -0.0993797
    outer loop
      vertex 14.5187 3.41254 5
      vertex 14.4075 2.92507 0
      vertex 14.3115 2.95207 0
    endloop
  endfacet
  facet normal 0.621112 0.777389 -0.0994303
    outer loop
      vertex 14.3381 3.49403 5
      vertex 14.275 3.48336 4.52241
      vertex 14.2992 3.52511 5
    endloop
  endfacet
  facet normal 0.620555 0.777841 -0.0993669
    outer loop
      vertex 14.275 3.48336 4.52241
      vertex 14.3381 3.49403 5
      vertex 14.275 3.40622 3.91856
    endloop
  endfacet
  facet normal 0.616293 0.781217 -0.0994111
    outer loop
      vertex 14.0867 3.15799 0.799999
      vertex 14.093 3.15302 0.799999
      vertex 14.0463 3.08806 0
    endloop
  endfacet
  facet normal 0.539553 0.836067 -0.0993683
    outer loop
      vertex 14.38 3.46699 5
      vertex 14.275 3.40622 3.91856
      vertex 14.3381 3.49403 5
    endloop
  endfacet
  facet normal 0.539799 0.835907 -0.0993832
    outer loop
      vertex 14.275 3.40622 3.91856
      vertex 14.38 3.46699 5
      vertex 14.275 3.34777 3.42694
    endloop
  endfacet
  facet normal 0.540096 0.835714 -0.0993882
    outer loop
      vertex 14.093 3.15302 0.799999
      vertex 14.0997 3.14869 0.799999
      vertex 14.0463 3.08806 0
    endloop
  endfacet
  facet normal 0.821738 0.561126 -0.0994187
    outer loop
      vertex 13.845 3.42028 0.799999
      vertex 13.8495 3.41369 0.799999
      vertex 13.7767 3.37856 0
    endloop
  endfacet
  facet normal 0.975304 0.197247 -0.0993723
    outer loop
      vertex 13.7369 3.6808 0.799999
      vertex 13.6412 3.75096 0
      vertex 13.7203 3.76288 0.799999
    endloop
  endfacet
  facet normal 0.97542 0.196641 -0.0994393
    outer loop
      vertex 13.6412 3.75096 0
      vertex 13.7369 3.6808 0.799999
      vertex 13.6609 3.65324 0
    endloop
  endfacet
  facet normal 0.950642 0.293957 -0.0993469
    outer loop
      vertex 13.7655 3.58534 0.799999
      vertex 13.6609 3.65324 0
      vertex 13.7384 3.67298 0.799999
    endloop
  endfacet
  facet normal 0.950794 0.293443 -0.0994105
    outer loop
      vertex 13.6609 3.65324 0
      vertex 13.7655 3.58534 0.799999
      vertex 13.6903 3.55798 0
    endloop
  endfacet
  facet normal 0.363521 0.926269 -0.0993866
    outer loop
      vertex 14.4244 3.44425 5
      vertex 14.4708 3.42604 5
      vertex 14.3115 2.95207 0
    endloop
  endfacet
  facet normal 0.269926 0.957738 -0.0993877
    outer loop
      vertex 14.4708 3.42604 5
      vertex 14.5187 3.41254 5
      vertex 14.3115 2.95207 0
    endloop
  endfacet
  facet normal -0.983917 -0.148437 -0.0993679
    outer loop
      vertex 2.16503 11.9996 0
      vertex 2.07176 12.0823 0.799999
      vertex 2.15017 12.0981 0
    endloop
  endfacet
  facet normal -0.983935 -0.148303 -0.0993838
    outer loop
      vertex 2.07176 12.0823 0.799999
      vertex 2.16503 11.9996 0
      vertex 2.08424 11.9995 0.799999
    endloop
  endfacet
  facet normal -0.123765 0.987323 -0.0993806
    outer loop
      vertex 1.34365 10.9152 0
      vertex 1.24473 10.9028 0
      vertex 1.20737 11.4014 5
    endloop
  endfacet
  facet normal 0.454892 -0.884985 -0.0993667
    outer loop
      vertex 0.964356 12.3558 5
      vertex 0.919999 12.333 5
      vertex 0.758713 12.8115 0
    endloop
  endfacet
  facet normal -0.727383 -0.678891 -0.100106
    outer loop
      vertex 1.525 12.262 4.92947
      vertex 1.525 12.2516 5
      vertex 1.51912 12.2579 5
    endloop
  endfacet
  facet normal -0.727022 -0.67939 -0.0993408
    outer loop
      vertex 1.93604 12.5428 0
      vertex 1.87476 12.4914 0.799999
      vertex 1.86934 12.4972 0.799999
    endloop
  endfacet
  facet normal -0.964002 0.246634 -0.0993554
    outer loop
      vertex 2.07176 11.7177 0.799999
      vertex 2.15017 11.7019 0
      vertex 2.06979 11.71 0.799999
    endloop
  endfacet
  facet normal 0.762381 -0.639452 -0.0993818
    outer loop
      vertex 0.803473 12.2401 5
      vertex 0.372867 12.5038 0
      vertex 0.436948 12.5802 0
    endloop
  endfacet
  facet normal 0.762386 -0.639446 -0.099382
    outer loop
      vertex 0.372867 12.5038 0
      vertex 0.803473 12.2401 5
      vertex 0.771433 12.2019 5
    endloop
  endfacet
  facet normal 0.995049 0 -0.0993812
    outer loop
      vertex 0.670621 11.8751 5
      vertex 0.171243 11.9498 0
      vertex 0.670621 11.9249 5
    endloop
  endfacet
  facet normal 0.995049 0 -0.0993812
    outer loop
      vertex 0.171243 11.9498 0
      vertex 0.670621 11.8751 5
      vertex 0.171243 11.8502 0
    endloop
  endfacet
  facet normal 0.0738736 0.992302 -0.0993945
    outer loop
      vertex 1.14507 10.9003 0
      vertex 1.10783 11.4039 5
      vertex 1.15753 11.4002 5
    endloop
  endfacet
  facet normal 0.0748589 0.99223 -0.0993798
    outer loop
      vertex 1.10783 11.4039 5
      vertex 1.14507 10.9003 0
      vertex 1.04566 10.9078 0
    endloop
  endfacet
  facet normal -0.896637 -0.431463 -0.0994088
    outer loop
      vertex 2.09148 12.2884 0
      vertex 1.98142 12.3328 0.799999
      vertex 2.04822 12.3783 0
    endloop
  endfacet
  facet normal -0.896376 -0.43202 -0.0993419
    outer loop
      vertex 1.98142 12.3328 0.799999
      vertex 2.09148 12.2884 0
      vertex 2.01776 12.2574 0.799999
    endloop
  endfacet
  facet normal -0.852162 -0.513767 -0.0993095
    outer loop
      vertex 1.99624 12.4633 0
      vertex 1.9343 12.4114 0.799999
      vertex 1.93014 12.4183 0.799999
    endloop
  endfacet
  facet normal -0.658504 0.745905 -0.0999884
    outer loop
      vertex 1.525 11.536 4.91577
      vertex 1.48174 11.5091 5
      vertex 1.51912 11.5421 5
    endloop
  endfacet
  facet normal -0.657819 0.746586 -0.0994191
    outer loop
      vertex 1.48174 11.5091 5
      vertex 1.525 11.536 4.91577
      vertex 1.525 11.4727 4.44042
    endloop
  endfacet
  facet normal -0.659989 0.744667 -0.0994207
    outer loop
      vertex 1.81238 11.2414 0.799999
      vertex 1.86824 11.1841 0
      vertex 1.8064 11.2361 0.799999
    endloop
  endfacet
  facet normal -0.983935 0.148303 -0.0993838
    outer loop
      vertex 2.16503 11.8004 0
      vertex 2.07176 11.7177 0.799999
      vertex 2.08424 11.8005 0.799999
    endloop
  endfacet
  facet normal -0.983917 0.148437 -0.0993679
    outer loop
      vertex 2.07176 11.7177 0.799999
      vertex 2.16503 11.8004 0
      vertex 2.15017 11.7019 0
    endloop
  endfacet
  facet normal 0.822248 -0.560386 -0.0993801
    outer loop
      vertex 0.372867 12.5038 0
      vertex 0.743354 12.1607 5
      vertex 0.316709 12.4214 0
    endloop
  endfacet
  facet normal 0.950787 -0.293476 -0.0993815
    outer loop
      vertex 0.700153 12.071 5
      vertex 0.200922 12.1468 0
      vertex 0.230307 12.242 0
    endloop
  endfacet
  facet normal 0.95079 -0.293466 -0.0993817
    outer loop
      vertex 0.200922 12.1468 0
      vertex 0.700153 12.071 5
      vertex 0.685461 12.0234 5
    endloop
  endfacet
  facet normal -0.848898 -0.519126 -0.0994043
    outer loop
      vertex 2.04822 12.3783 0
      vertex 1.9343 12.4114 0.799999
      vertex 1.99624 12.4633 0
    endloop
  endfacet
  facet normal -0.848914 -0.519098 -0.0994078
    outer loop
      vertex 1.9343 12.4114 0.799999
      vertex 2.04822 12.3783 0
      vertex 1.97796 12.34 0.799999
    endloop
  endfacet
  facet normal -0.964002 -0.246634 -0.0993554
    outer loop
      vertex 2.15017 12.0981 0
      vertex 2.07176 12.0823 0.799999
      vertex 2.06979 12.09 0.799999
    endloop
  endfacet
  facet normal -0.316458 0.943385 -0.0993907
    outer loop
      vertex 1.53534 10.9691 0
      vertex 1.44084 10.9374 0
      vertex 1.35267 11.4346 5
    endloop
  endfacet
  facet normal -0.935057 0.34028 -0.0993831
    outer loop
      vertex 2.12557 11.6052 0
      vertex 2.02049 11.5501 0.799999
      vertex 2.04913 11.6288 0.799999
    endloop
  endfacet
  facet normal -0.934971 0.340525 -0.0993549
    outer loop
      vertex 2.02049 11.5501 0.799999
      vertex 2.12557 11.6052 0
      vertex 2.09148 11.5116 0
    endloop
  endfacet
  facet normal -0.993814 0.0495718 -0.0993815
    outer loop
      vertex 2.17 11.9 0
      vertex 2.08583 11.8164 0.799999
      vertex 2.09 11.9 0.799999
    endloop
  endfacet
  facet normal -0.993813 0.0495909 -0.0993794
    outer loop
      vertex 2.08583 11.8164 0.799999
      vertex 2.17 11.9 0
      vertex 2.16503 11.8004 0
    endloop
  endfacet
  facet normal 0.873756 -0.476102 -0.0993807
    outer loop
      vertex 0.743354 12.1607 5
      vertex 0.269031 12.3339 0
      vertex 0.316709 12.4214 0
    endloop
  endfacet
  facet normal 0.873984 -0.475683 -0.0993878
    outer loop
      vertex 0.269031 12.3339 0
      vertex 0.743354 12.1607 5
      vertex 0.719515 12.1169 5
    endloop
  endfacet
  facet normal 0.620057 -0.778237 -0.0993804
    outer loop
      vertex 0.586256 12.7119 0
      vertex 0.839156 12.2749 5
      vertex 0.508314 12.6498 0
    endloop
  endfacet
  facet normal 0.363348 -0.926339 -0.0993708
    outer loop
      vertex 0.851513 12.8479 0
      vertex 1.01076 12.374 5
      vertex 0.758713 12.8115 0
    endloop
  endfacet
  facet normal 0.916968 0.386384 -0.0993849
    outer loop
      vertex 0.719515 11.6831 5
      vertex 0.269031 11.4661 0
      vertex 0.230307 11.558 0
    endloop
  endfacet
  facet normal 0.95079 0.293466 -0.0993817
    outer loop
      vertex 0.700153 11.729 5
      vertex 0.200922 11.6532 0
      vertex 0.685461 11.7766 5
    endloop
  endfacet
  facet normal 0.950787 0.293476 -0.0993815
    outer loop
      vertex 0.200922 11.6532 0
      vertex 0.700153 11.729 5
      vertex 0.230307 11.558 0
    endloop
  endfacet
  facet normal 0.454892 0.884984 -0.0993842
    outer loop
      vertex 0.919999 11.467 5
      vertex 0.964356 11.4442 5
      vertex 0.669999 11.034 0
    endloop
  endfacet
  facet normal -0.316458 -0.943385 -0.0993907
    outer loop
      vertex 1.44084 12.8626 0
      vertex 1.53534 12.8309 0
      vertex 1.35267 12.3654 5
    endloop
  endfacet
  facet normal -0.123765 -0.987323 -0.0993806
    outer loop
      vertex 1.24473 12.8972 0
      vertex 1.34365 12.8848 0
      vertex 1.20737 12.3986 5
    endloop
  endfacet
  facet normal -0.221559 -0.97007 -0.0993796
    outer loop
      vertex 1.44084 12.8626 0
      vertex 1.30542 12.3813 5
      vertex 1.25682 12.3924 5
    endloop
  endfacet
  facet normal -0.40927 -0.906982 -0.0994086
    outer loop
      vertex 1.35267 12.3654 5
      vertex 1.525 12.5925 2.2185
      vertex 1.3981 12.3449 5
    endloop
  endfacet
  facet normal -0.408644 -0.907266 -0.099393
    outer loop
      vertex 1.35267 12.3654 5
      vertex 1.525 12.7479 0.799999
      vertex 1.525 12.5925 2.2185
    endloop
  endfacet
  facet normal -0.409166 -0.90703 -0.099393
    outer loop
      vertex 1.53534 12.8309 0
      vertex 1.525 12.7479 0.799999
      vertex 1.35267 12.3654 5
    endloop
  endfacet
  facet normal -0.409271 -0.906984 -0.0993895
    outer loop
      vertex 1.53534 12.8309 0
      vertex 1.58971 12.7187 0.799999
      vertex 1.525 12.7479 0.799999
    endloop
  endfacet
  facet normal -0.409233 -0.907 -0.0993944
    outer loop
      vertex 1.58971 12.7187 0.799999
      vertex 1.53534 12.8309 0
      vertex 1.62621 12.7899 0
    endloop
  endfacet
  facet normal -0.658329 -0.746146 -0.0993396
    outer loop
      vertex 1.79349 12.6818 0
      vertex 1.8064 12.5639 0.799999
      vertex 1.74361 12.6193 0.799999
    endloop
  endfacet
  facet normal -0.658032 -0.746402 -0.0993822
    outer loop
      vertex 1.8064 12.5639 0.799999
      vertex 1.79349 12.6818 0
      vertex 1.86824 12.6159 0
    endloop
  endfacet
  facet normal -0.659161 -0.745398 -0.0994456
    outer loop
      vertex 1.525 12.3452 4.30625
      vertex 1.525 12.3273 4.44042
      vertex 1.48174 12.2909 5
    endloop
  endfacet
  facet normal -0.793279 -0.600697 -0.09936
    outer loop
      vertex 1.99624 12.4633 0
      vertex 1.87476 12.4914 0.799999
      vertex 1.93604 12.5428 0
    endloop
  endfacet
  facet normal -0.793409 -0.60052 -0.099386
    outer loop
      vertex 1.87476 12.4914 0.799999
      vertex 1.99624 12.4633 0
      vertex 1.92532 12.4246 0.799999
    endloop
  endfacet
  facet normal -0.934971 -0.340525 -0.0993549
    outer loop
      vertex 2.12557 12.1948 0
      vertex 2.02049 12.2499 0.799999
      vertex 2.09148 12.2884 0
    endloop
  endfacet
  facet normal -0.935057 -0.34028 -0.0993831
    outer loop
      vertex 2.02049 12.2499 0.799999
      vertex 2.12557 12.1948 0
      vertex 2.04913 12.1712 0.799999
    endloop
  endfacet
  facet normal -0.896864 -0.430993 -0.099401
    outer loop
      vertex 2.04822 12.3783 0
      vertex 1.98142 12.3328 0.799999
      vertex 1.97796 12.34 0.799999
    endloop
  endfacet
  facet normal -0.317356 0.943085 -0.0993766
    outer loop
      vertex 1.35267 11.4346 5
      vertex 1.44084 10.9374 0
      vertex 1.30542 11.4187 5
    endloop
  endfacet
  facet normal -0.409233 0.907 -0.0993944
    outer loop
      vertex 1.53534 10.9691 0
      vertex 1.58971 11.0813 0.799999
      vertex 1.62621 11.0101 0
    endloop
  endfacet
  facet normal -0.40927 0.906982 -0.0994086
    outer loop
      vertex 1.525 11.2075 2.2185
      vertex 1.35267 11.4346 5
      vertex 1.3981 11.4551 5
    endloop
  endfacet
  facet normal -0.408644 0.907266 -0.099393
    outer loop
      vertex 1.525 11.0521 0.799999
      vertex 1.35267 11.4346 5
      vertex 1.525 11.2075 2.2185
    endloop
  endfacet
  facet normal -0.409166 0.90703 -0.099393
    outer loop
      vertex 1.525 11.0521 0.799999
      vertex 1.53534 10.9691 0
      vertex 1.35267 11.4346 5
    endloop
  endfacet
  facet normal -0.409271 0.906984 -0.0993895
    outer loop
      vertex 1.58971 11.0813 0.799999
      vertex 1.53534 10.9691 0
      vertex 1.525 11.0521 0.799999
    endloop
  endfacet
  facet normal -0.49791 0.861515 -0.0993852
    outer loop
      vertex 1.62621 11.0101 0
      vertex 1.66914 11.1272 0.799999
      vertex 1.71255 11.06 0
    endloop
  endfacet
  facet normal -0.497796 0.861579 -0.0994008
    outer loop
      vertex 1.66914 11.1272 0.799999
      vertex 1.62621 11.0101 0
      vertex 1.59662 11.0853 0.799999
    endloop
  endfacet
  facet normal -0.498031 0.861448 -0.0993661
    outer loop
      vertex 1.525 11.3504 3.45678
      vertex 1.525 11.2673 2.73635
      vertex 1.44127 11.48 5
    endloop
  endfacet
  facet normal -0.498506 0.86117 -0.0993886
    outer loop
      vertex 1.59662 11.0853 0.799999
      vertex 1.62621 11.0101 0
      vertex 1.58971 11.0813 0.799999
    endloop
  endfacet
  facet normal -0.497162 0.861947 -0.0993809
    outer loop
      vertex 1.525 11.2673 2.73635
      vertex 1.3981 11.4551 5
      vertex 1.44127 11.48 5
    endloop
  endfacet
  facet normal -0.499226 0.860752 -0.0993974
    outer loop
      vertex 1.3981 11.4551 5
      vertex 1.525 11.2673 2.73635
      vertex 1.525 11.2075 2.2185
    endloop
  endfacet
  facet normal -0.790289 0.604634 -0.0993084
    outer loop
      vertex 1.93014 11.3817 0.799999
      vertex 1.99624 11.3367 0
      vertex 1.92532 11.3754 0.799999
    endloop
  endfacet
  facet normal -0.721746 0.684898 -0.0999851
    outer loop
      vertex 1.525 11.538 4.92947
      vertex 1.525 11.536 4.91577
      vertex 1.51912 11.5421 5
    endloop
  endfacet
  facet normal -0.729486 0.676735 -0.0993949
    outer loop
      vertex 1.93604 11.2572 0
      vertex 1.81238 11.2414 0.799999
      vertex 1.86934 11.3028 0.799999
    endloop
  endfacet
  facet normal -0.729555 0.67666 -0.099407
    outer loop
      vertex 1.81238 11.2414 0.799999
      vertex 1.93604 11.2572 0
      vertex 1.86824 11.1841 0
    endloop
  endfacet
  facet normal 0.269497 -0.957861 -0.0993692
    outer loop
      vertex 0.947478 12.8749 0
      vertex 1.05874 12.3875 5
      vertex 0.851513 12.8479 0
    endloop
  endfacet
  facet normal 0.172671 -0.979954 -0.0993683
    outer loop
      vertex 1.04566 12.8922 0
      vertex 1.05874 12.3875 5
      vertex 0.947478 12.8749 0
    endloop
  endfacet
  facet normal 0.539952 -0.835808 -0.0993786
    outer loop
      vertex 0.669999 12.766 0
      vertex 0.919999 12.333 5
      vertex 0.586256 12.7119 0
    endloop
  endfacet
  facet normal 0.454102 -0.88539 -0.0993799
    outer loop
      vertex 0.758713 12.8115 0
      vertex 0.919999 12.333 5
      vertex 0.669999 12.766 0
    endloop
  endfacet
  facet normal 0.694737 -0.712365 -0.0993827
    outer loop
      vertex 0.508314 12.6498 0
      vertex 0.839156 12.2749 5
      vertex 0.436948 12.5802 0
    endloop
  endfacet
  facet normal 0.694737 -0.712365 -0.0993827
    outer loop
      vertex 0.839156 12.2749 5
      vertex 0.803473 12.2401 5
      vertex 0.436948 12.5802 0
    endloop
  endfacet
  facet normal 0.694737 0.712365 -0.0993827
    outer loop
      vertex 0.803473 11.5599 5
      vertex 0.839156 11.5251 5
      vertex 0.508314 11.1502 0
    endloop
  endfacet
  facet normal 0.975352 0.197005 -0.0993813
    outer loop
      vertex 0.675584 11.8255 5
      vertex 0.685461 11.7766 5
      vertex 0.200922 11.6532 0
    endloop
  endfacet
  facet normal 0.822248 -0.560386 -0.0993801
    outer loop
      vertex 0.771433 12.2019 5
      vertex 0.743354 12.1607 5
      vertex 0.372867 12.5038 0
    endloop
  endfacet
  facet normal 0.916968 -0.386384 -0.0993849
    outer loop
      vertex 0.269031 12.3339 0
      vertex 0.719515 12.1169 5
      vertex 0.230307 12.242 0
    endloop
  endfacet
  facet normal 0.990105 -0.0990704 -0.0993807
    outer loop
      vertex 0.181169 12.049 0
      vertex 0.675584 11.9745 5
      vertex 0.171243 11.9498 0
    endloop
  endfacet
  facet normal 0.975354 -0.196996 -0.0993812
    outer loop
      vertex 0.200922 12.1468 0
      vertex 0.675584 11.9745 5
      vertex 0.181169 12.049 0
    endloop
  endfacet
  facet normal 0.975352 -0.197005 -0.0993813
    outer loop
      vertex 0.685461 12.0234 5
      vertex 0.675584 11.9745 5
      vertex 0.200922 12.1468 0
    endloop
  endfacet
  facet normal 0.363321 0.926349 -0.099371
    outer loop
      vertex 0.964356 11.4442 5
      vertex 1.01076 11.426 5
      vertex 0.851513 10.9521 0
    endloop
  endfacet
  facet normal 0.620057 0.778237 -0.0993804
    outer loop
      vertex 0.839156 11.5251 5
      vertex 0.586256 11.0881 0
      vertex 0.508314 11.1502 0
    endloop
  endfacet
  facet normal 0.171706 -0.980122 -0.0993827
    outer loop
      vertex 1.10783 12.3961 5
      vertex 1.05874 12.3875 5
      vertex 1.04566 12.8922 0
    endloop
  endfacet
  facet normal -0.0239509 -0.99476 -0.0993964
    outer loop
      vertex 1.14507 12.8997 0
      vertex 1.20737 12.3986 5
      vertex 1.15753 12.3998 5
    endloop
  endfacet
  facet normal -0.0249533 -0.994736 -0.0993816
    outer loop
      vertex 1.20737 12.3986 5
      vertex 1.14507 12.8997 0
      vertex 1.24473 12.8972 0
    endloop
  endfacet
  facet normal -0.221581 -0.970065 -0.0993799
    outer loop
      vertex 1.34365 12.8848 0
      vertex 1.44084 12.8626 0
      vertex 1.25682 12.3924 5
    endloop
  endfacet
  facet normal -0.123789 -0.987319 -0.0993809
    outer loop
      vertex 1.34365 12.8848 0
      vertex 1.25682 12.3924 5
      vertex 1.20737 12.3986 5
    endloop
  endfacet
  facet normal -0.580905 -0.807878 -0.0994102
    outer loop
      vertex 1.44127 12.32 5
      vertex 1.525 12.3751 4.06294
      vertex 1.48174 12.2909 5
    endloop
  endfacet
  facet normal -0.580036 -0.808507 -0.0993695
    outer loop
      vertex 1.525 12.3751 4.06294
      vertex 1.44127 12.32 5
      vertex 1.525 12.4496 3.45678
    endloop
  endfacet
  facet normal -0.575988 -0.811391 -0.0994115
    outer loop
      vertex 1.71255 12.74 0
      vertex 1.67562 12.6682 0.799999
      vertex 1.66914 12.6728 0.799999
    endloop
  endfacet
  facet normal -0.497535 -0.861729 -0.0994073
    outer loop
      vertex 1.525 12.5925 2.2185
      vertex 1.525 12.5044 2.98221
      vertex 1.3981 12.3449 5
    endloop
  endfacet
  facet normal -0.497796 -0.86158 -0.0993927
    outer loop
      vertex 1.62621 12.7899 0
      vertex 1.66223 12.6768 0.799999
      vertex 1.58971 12.7187 0.799999
    endloop
  endfacet
  facet normal -0.497911 -0.861515 -0.0993784
    outer loop
      vertex 1.66223 12.6768 0.799999
      vertex 1.62621 12.7899 0
      vertex 1.71255 12.74 0
    endloop
  endfacet
  facet normal -0.721746 -0.684898 -0.0999851
    outer loop
      vertex 1.525 12.264 4.91577
      vertex 1.525 12.262 4.92947
      vertex 1.51912 12.2579 5
    endloop
  endfacet
  facet normal -0.729555 -0.67666 -0.099407
    outer loop
      vertex 1.93604 12.5428 0
      vertex 1.81238 12.5586 0.799999
      vertex 1.86824 12.6159 0
    endloop
  endfacet
  facet normal -0.729486 -0.676735 -0.0993949
    outer loop
      vertex 1.81238 12.5586 0.799999
      vertex 1.93604 12.5428 0
      vertex 1.86934 12.4972 0.799999
    endloop
  endfacet
  facet normal -0.658504 -0.745905 -0.0999884
    outer loop
      vertex 1.48174 12.2909 5
      vertex 1.525 12.264 4.91577
      vertex 1.51912 12.2579 5
    endloop
  endfacet
  facet normal -0.657819 -0.746586 -0.0994191
    outer loop
      vertex 1.525 12.264 4.91577
      vertex 1.48174 12.2909 5
      vertex 1.525 12.3273 4.44042
    endloop
  endfacet
  facet normal -0.659989 -0.744667 -0.0994207
    outer loop
      vertex 1.86824 12.6159 0
      vertex 1.81238 12.5586 0.799999
      vertex 1.8064 12.5639 0.799999
    endloop
  endfacet
  facet normal -0.581002 -0.807819 -0.0993224
    outer loop
      vertex 1.71255 12.74 0
      vertex 1.74361 12.6193 0.799999
      vertex 1.67562 12.6682 0.799999
    endloop
  endfacet
  facet normal -0.58091 -0.807884 -0.0993358
    outer loop
      vertex 1.74361 12.6193 0.799999
      vertex 1.71255 12.74 0
      vertex 1.79349 12.6818 0
    endloop
  endfacet
  facet normal -0.579024 -0.809223 -0.0994442
    outer loop
      vertex 1.525 12.3751 4.06294
      vertex 1.525 12.3452 4.30625
      vertex 1.48174 12.2909 5
    endloop
  endfacet
  facet normal -0.964334 -0.245322 -0.0993793
    outer loop
      vertex 2.15017 12.0981 0
      vertex 2.04913 12.1712 0.799999
      vertex 2.12557 12.1948 0
    endloop
  endfacet
  facet normal -0.964326 -0.245357 -0.099375
    outer loop
      vertex 2.04913 12.1712 0.799999
      vertex 2.15017 12.0981 0
      vertex 2.06979 12.09 0.799999
    endloop
  endfacet
  facet normal -0.935034 -0.340353 -0.0993522
    outer loop
      vertex 2.09148 12.2884 0
      vertex 2.02049 12.2499 0.799999
      vertex 2.01776 12.2574 0.799999
    endloop
  endfacet
  facet normal -0.993813 -0.0495909 -0.0993804
    outer loop
      vertex 2.17 11.9 0
      vertex 2.08543 11.9916 0.799999
      vertex 2.16503 11.9996 0
    endloop
  endfacet
  facet normal -0.993813 -0.0495822 -0.0993815
    outer loop
      vertex 2.08543 11.9916 0.799999
      vertex 2.17 11.9 0
      vertex 2.09 11.9 0.799999
    endloop
  endfacet
  facet normal -0.983949 -0.148215 -0.0993852
    outer loop
      vertex 2.16503 11.9996 0
      vertex 2.08543 11.9916 0.799999
      vertex 2.08424 11.9995 0.799999
    endloop
  endfacet
  facet normal -0.790289 -0.604634 -0.0993084
    outer loop
      vertex 1.99624 12.4633 0
      vertex 1.93014 12.4183 0.799999
      vertex 1.92532 12.4246 0.799999
    endloop
  endfacet
  facet normal -0.658032 0.746402 -0.0993822
    outer loop
      vertex 1.79349 11.1182 0
      vertex 1.8064 11.2361 0.799999
      vertex 1.86824 11.1841 0
    endloop
  endfacet
  facet normal -0.658329 0.746146 -0.0993396
    outer loop
      vertex 1.8064 11.2361 0.799999
      vertex 1.79349 11.1182 0
      vertex 1.74361 11.1807 0.799999
    endloop
  endfacet
  facet normal -0.659161 0.745398 -0.0994456
    outer loop
      vertex 1.525 11.4727 4.44042
      vertex 1.525 11.4548 4.30625
      vertex 1.48174 11.5091 5
    endloop
  endfacet
  facet normal -0.580906 0.807879 -0.0993952
    outer loop
      vertex 1.71255 11.06 0
      vertex 1.73713 11.1761 0.799999
      vertex 1.79349 11.1182 0
    endloop
  endfacet
  facet normal -0.580999 0.807814 -0.0993829
    outer loop
      vertex 1.73713 11.1761 0.799999
      vertex 1.71255 11.06 0
      vertex 1.66914 11.1272 0.799999
    endloop
  endfacet
  facet normal -0.580363 0.808273 -0.0993675
    outer loop
      vertex 1.525 11.394 3.81143
      vertex 1.525 11.3504 3.45678
      vertex 1.44127 11.48 5
    endloop
  endfacet
  facet normal -0.575994 0.8114 -0.099304
    outer loop
      vertex 1.74361 11.1807 0.799999
      vertex 1.79349 11.1182 0
      vertex 1.73713 11.1761 0.799999
    endloop
  endfacet
  facet normal -0.580903 0.807874 -0.0994557
    outer loop
      vertex 1.525 11.4548 4.30625
      vertex 1.44127 11.48 5
      vertex 1.48174 11.5091 5
    endloop
  endfacet
  facet normal -0.57987 0.808628 -0.0993585
    outer loop
      vertex 1.44127 11.48 5
      vertex 1.525 11.4548 4.30625
      vertex 1.525 11.394 3.81143
    endloop
  endfacet
  facet normal -0.793409 0.60052 -0.099386
    outer loop
      vertex 1.99624 11.3367 0
      vertex 1.87476 11.3086 0.799999
      vertex 1.92532 11.3754 0.799999
    endloop
  endfacet
  facet normal -0.793279 0.600697 -0.09936
    outer loop
      vertex 1.87476 11.3086 0.799999
      vertex 1.99624 11.3367 0
      vertex 1.93604 11.2572 0
    endloop
  endfacet
  facet normal -0.852162 0.513767 -0.0993095
    outer loop
      vertex 1.9343 11.3886 0.799999
      vertex 1.99624 11.3367 0
      vertex 1.93014 11.3817 0.799999
    endloop
  endfacet
  facet normal -0.848914 0.519098 -0.0994078
    outer loop
      vertex 2.04822 11.4217 0
      vertex 1.9343 11.3886 0.799999
      vertex 1.97796 11.46 0.799999
    endloop
  endfacet
  facet normal -0.848898 0.519126 -0.0994043
    outer loop
      vertex 1.9343 11.3886 0.799999
      vertex 2.04822 11.4217 0
      vertex 1.99624 11.3367 0
    endloop
  endfacet
  facet normal -0.964326 0.245357 -0.099375
    outer loop
      vertex 2.15017 11.7019 0
      vertex 2.04913 11.6288 0.799999
      vertex 2.06979 11.71 0.799999
    endloop
  endfacet
  facet normal -0.964334 0.245322 -0.0993793
    outer loop
      vertex 2.04913 11.6288 0.799999
      vertex 2.15017 11.7019 0
      vertex 2.12557 11.6052 0
    endloop
  endfacet
  facet normal 0.26951 -0.957857 -0.0993694
    outer loop
      vertex 1.05874 12.3875 5
      vertex 1.01076 12.374 5
      vertex 0.851513 12.8479 0
    endloop
  endfacet
  facet normal 0.539253 -0.836261 -0.0993662
    outer loop
      vertex 0.919999 12.333 5
      vertex 0.878128 12.306 5
      vertex 0.586256 12.7119 0
    endloop
  endfacet
  facet normal 0.620658 -0.777759 -0.099369
    outer loop
      vertex 0.878128 12.306 5
      vertex 0.839156 12.2749 5
      vertex 0.586256 12.7119 0
    endloop
  endfacet
  facet normal 0.762386 0.639446 -0.099382
    outer loop
      vertex 0.803473 11.5599 5
      vertex 0.372867 11.2962 0
      vertex 0.771433 11.5981 5
    endloop
  endfacet
  facet normal 0.762381 0.639452 -0.0993818
    outer loop
      vertex 0.372867 11.2962 0
      vertex 0.803473 11.5599 5
      vertex 0.436948 11.2198 0
    endloop
  endfacet
  facet normal 0.694737 0.712365 -0.0993827
    outer loop
      vertex 0.803473 11.5599 5
      vertex 0.508314 11.1502 0
      vertex 0.436948 11.2198 0
    endloop
  endfacet
  facet normal 0.990105 0.0990704 -0.0993807
    outer loop
      vertex 0.670621 11.8751 5
      vertex 0.181169 11.751 0
      vertex 0.171243 11.8502 0
    endloop
  endfacet
  facet normal 0.916818 -0.386741 -0.0993792
    outer loop
      vertex 0.719515 12.1169 5
      vertex 0.700153 12.071 5
      vertex 0.230307 12.242 0
    endloop
  endfacet
  facet normal 0 0 -1
    outer loop
      vertex 1.48174 11.5091 5
      vertex 1.525 11.5484 5
      vertex 1.51912 11.5421 5
    endloop
  endfacet
  facet normal -0 0 -1
    outer loop
      vertex 1.525 11.5484 5
      vertex 1.48174 11.5091 5
      vertex 1.525 12.2516 5
    endloop
  endfacet
  facet normal 0 0 -1
    outer loop
      vertex 1.48174 12.2909 5
      vertex 1.525 12.2516 5
      vertex 1.48174 11.5091 5
    endloop
  endfacet
  facet normal 0 0 -1
    outer loop
      vertex 1.525 12.2516 5
      vertex 1.48174 12.2909 5
      vertex 1.51912 12.2579 5
    endloop
  endfacet
  facet normal 0 0 -1
    outer loop
      vertex 1.44127 11.48 5
      vertex 1.48174 12.2909 5
      vertex 1.48174 11.5091 5
    endloop
  endfacet
  facet normal 0 0 -1
    outer loop
      vertex 1.44127 11.48 5
      vertex 1.44127 12.32 5
      vertex 1.48174 12.2909 5
    endloop
  endfacet
  facet normal 0 0 -1
    outer loop
      vertex 1.3981 11.4551 5
      vertex 1.44127 12.32 5
      vertex 1.44127 11.48 5
    endloop
  endfacet
  facet normal 0 0 -1
    outer loop
      vertex 1.3981 11.4551 5
      vertex 1.3981 12.3449 5
      vertex 1.44127 12.32 5
    endloop
  endfacet
  facet normal 0 0 -1
    outer loop
      vertex 1.35267 11.4346 5
      vertex 1.3981 12.3449 5
      vertex 1.3981 11.4551 5
    endloop
  endfacet
  facet normal 0 0 -1
    outer loop
      vertex 1.35267 11.4346 5
      vertex 1.35267 12.3654 5
      vertex 1.3981 12.3449 5
    endloop
  endfacet
  facet normal 0 0 -1
    outer loop
      vertex 1.30542 11.4187 5
      vertex 1.35267 12.3654 5
      vertex 1.35267 11.4346 5
    endloop
  endfacet
  facet normal 0 0 -1
    outer loop
      vertex 1.30542 11.4187 5
      vertex 1.30542 12.3813 5
      vertex 1.35267 12.3654 5
    endloop
  endfacet
  facet normal 0 0 -1
    outer loop
      vertex 1.25682 11.4076 5
      vertex 1.30542 12.3813 5
      vertex 1.30542 11.4187 5
    endloop
  endfacet
  facet normal 0 0 -1
    outer loop
      vertex 1.25682 11.4076 5
      vertex 1.25682 12.3924 5
      vertex 1.30542 12.3813 5
    endloop
  endfacet
  facet normal 0 0 -1
    outer loop
      vertex 1.20737 11.4014 5
      vertex 1.25682 12.3924 5
      vertex 1.25682 11.4076 5
    endloop
  endfacet
  facet normal 0 0 -1
    outer loop
      vertex 1.20737 11.4014 5
      vertex 1.20737 12.3986 5
      vertex 1.25682 12.3924 5
    endloop
  endfacet
  facet normal 0 0 -1
    outer loop
      vertex 1.15753 11.4002 5
      vertex 1.20737 12.3986 5
      vertex 1.20737 11.4014 5
    endloop
  endfacet
  facet normal 0 0 -1
    outer loop
      vertex 1.15753 11.4002 5
      vertex 1.15753 12.3998 5
      vertex 1.20737 12.3986 5
    endloop
  endfacet
  facet normal 0 0 -1
    outer loop
      vertex 1.10783 11.4039 5
      vertex 1.15753 12.3998 5
      vertex 1.15753 11.4002 5
    endloop
  endfacet
  facet normal 0 0 -1
    outer loop
      vertex 1.10783 11.4039 5
      vertex 1.10783 12.3961 5
      vertex 1.15753 12.3998 5
    endloop
  endfacet
  facet normal 0 0 -1
    outer loop
      vertex 1.05874 11.4125 5
      vertex 1.10783 12.3961 5
      vertex 1.10783 11.4039 5
    endloop
  endfacet
  facet normal 0 0 -1
    outer loop
      vertex 1.05874 11.4125 5
      vertex 1.05874 12.3875 5
      vertex 1.10783 12.3961 5
    endloop
  endfacet
  facet normal 0 0 -1
    outer loop
      vertex 1.01076 11.426 5
      vertex 1.05874 12.3875 5
      vertex 1.05874 11.4125 5
    endloop
  endfacet
  facet normal 0 0 -1
    outer loop
      vertex 1.01076 11.426 5
      vertex 1.01076 12.374 5
      vertex 1.05874 12.3875 5
    endloop
  endfacet
  facet normal 0 0 -1
    outer loop
      vertex 0.964356 11.4442 5
      vertex 1.01076 12.374 5
      vertex 1.01076 11.426 5
    endloop
  endfacet
  facet normal 0 0 -1
    outer loop
      vertex 0.964356 11.4442 5
      vertex 0.964356 12.3558 5
      vertex 1.01076 12.374 5
    endloop
  endfacet
  facet normal 0 0 -1
    outer loop
      vertex 0.919999 11.467 5
      vertex 0.964356 12.3558 5
      vertex 0.964356 11.4442 5
    endloop
  endfacet
  facet normal 0 0 -1
    outer loop
      vertex 0.919999 11.467 5
      vertex 0.919999 12.333 5
      vertex 0.964356 12.3558 5
    endloop
  endfacet
  facet normal 0 0 -1
    outer loop
      vertex 0.878128 11.494 5
      vertex 0.919999 12.333 5
      vertex 0.919999 11.467 5
    endloop
  endfacet
  facet normal 0 0 -1
    outer loop
      vertex 0.878128 11.494 5
      vertex 0.878128 12.306 5
      vertex 0.919999 12.333 5
    endloop
  endfacet
  facet normal 0 0 -1
    outer loop
      vertex 0.839156 11.5251 5
      vertex 0.878128 12.306 5
      vertex 0.878128 11.494 5
    endloop
  endfacet
  facet normal 0 0 -1
    outer loop
      vertex 0.839156 11.5251 5
      vertex 0.839156 12.2749 5
      vertex 0.878128 12.306 5
    endloop
  endfacet
  facet normal 0 0 -1
    outer loop
      vertex 0.803473 11.5599 5
      vertex 0.839156 12.2749 5
      vertex 0.839156 11.5251 5
    endloop
  endfacet
  facet normal 0 0 -1
    outer loop
      vertex 0.803473 11.5599 5
      vertex 0.803473 12.2401 5
      vertex 0.839156 12.2749 5
    endloop
  endfacet
  facet normal 0 0 -1
    outer loop
      vertex 0.771433 11.5981 5
      vertex 0.803473 12.2401 5
      vertex 0.803473 11.5599 5
    endloop
  endfacet
  facet normal 0 0 -1
    outer loop
      vertex 0.771433 11.5981 5
      vertex 0.771433 12.2019 5
      vertex 0.803473 12.2401 5
    endloop
  endfacet
  facet normal 0 0 -1
    outer loop
      vertex 0.743354 11.6393 5
      vertex 0.771433 12.2019 5
      vertex 0.771433 11.5981 5
    endloop
  endfacet
  facet normal 0 0 -1
    outer loop
      vertex 0.743354 11.6393 5
      vertex 0.743354 12.1607 5
      vertex 0.771433 12.2019 5
    endloop
  endfacet
  facet normal 0 0 -1
    outer loop
      vertex 0.719515 11.6831 5
      vertex 0.743354 12.1607 5
      vertex 0.743354 11.6393 5
    endloop
  endfacet
  facet normal 0 0 -1
    outer loop
      vertex 0.719515 11.6831 5
      vertex 0.719515 12.1169 5
      vertex 0.743354 12.1607 5
    endloop
  endfacet
  facet normal 0 0 -1
    outer loop
      vertex 0.700153 11.729 5
      vertex 0.719515 12.1169 5
      vertex 0.719515 11.6831 5
    endloop
  endfacet
  facet normal 0 0 -1
    outer loop
      vertex 0.700153 11.729 5
      vertex 0.700153 12.071 5
      vertex 0.719515 12.1169 5
    endloop
  endfacet
  facet normal 0 0 -1
    outer loop
      vertex 0.685461 11.7766 5
      vertex 0.700153 12.071 5
      vertex 0.700153 11.729 5
    endloop
  endfacet
  facet normal 0 0 -1
    outer loop
      vertex 0.685461 11.7766 5
      vertex 0.685461 12.0234 5
      vertex 0.700153 12.071 5
    endloop
  endfacet
  facet normal 0 0 -1
    outer loop
      vertex 0.675584 11.8255 5
      vertex 0.685461 12.0234 5
      vertex 0.685461 11.7766 5
    endloop
  endfacet
  facet normal 0 0 -1
    outer loop
      vertex 0.675584 11.8255 5
      vertex 0.675584 11.9745 5
      vertex 0.685461 12.0234 5
    endloop
  endfacet
  facet normal 0 0 -1
    outer loop
      vertex 0.670621 11.8751 5
      vertex 0.675584 11.9745 5
      vertex 0.675584 11.8255 5
    endloop
  endfacet
  facet normal 0 0 -1
    outer loop
      vertex 0.675584 11.9745 5
      vertex 0.670621 11.8751 5
      vertex 0.670621 11.9249 5
    endloop
  endfacet
  facet normal 0.990105 -0.0990704 -0.0993807
    outer loop
      vertex 0.675584 11.9745 5
      vertex 0.670621 11.9249 5
      vertex 0.171243 11.9498 0
    endloop
  endfacet
  facet normal -0.123789 0.987319 -0.0993809
    outer loop
      vertex 1.25682 11.4076 5
      vertex 1.34365 10.9152 0
      vertex 1.20737 11.4014 5
    endloop
  endfacet
  facet normal -0.221581 0.970065 -0.0993799
    outer loop
      vertex 1.44084 10.9374 0
      vertex 1.34365 10.9152 0
      vertex 1.25682 11.4076 5
    endloop
  endfacet
  facet normal 0.269497 0.957861 -0.0993692
    outer loop
      vertex 1.05874 11.4125 5
      vertex 0.947478 10.9251 0
      vertex 0.851513 10.9521 0
    endloop
  endfacet
  facet normal 0.539253 0.836261 -0.0993662
    outer loop
      vertex 0.878128 11.494 5
      vertex 0.919999 11.467 5
      vertex 0.586256 11.0881 0
    endloop
  endfacet
  facet normal 0.539952 0.835808 -0.0993786
    outer loop
      vertex 0.919999 11.467 5
      vertex 0.669999 11.034 0
      vertex 0.586256 11.0881 0
    endloop
  endfacet
  facet normal 0.363348 0.926339 -0.0993705
    outer loop
      vertex 0.964356 11.4442 5
      vertex 0.851513 10.9521 0
      vertex 0.758713 10.9885 0
    endloop
  endfacet
  facet normal 0.454103 0.88539 -0.0993711
    outer loop
      vertex 0.964356 11.4442 5
      vertex 0.758713 10.9885 0
      vertex 0.669999 11.034 0
    endloop
  endfacet
  facet normal 0.0748589 -0.99223 -0.0993798
    outer loop
      vertex 1.14507 12.8997 0
      vertex 1.10783 12.3961 5
      vertex 1.04566 12.8922 0
    endloop
  endfacet
  facet normal 0.0738736 -0.992302 -0.0993945
    outer loop
      vertex 1.10783 12.3961 5
      vertex 1.14507 12.8997 0
      vertex 1.15753 12.3998 5
    endloop
  endfacet
  facet normal -0.317356 -0.943085 -0.0993766
    outer loop
      vertex 1.44084 12.8626 0
      vertex 1.35267 12.3654 5
      vertex 1.30542 12.3813 5
    endloop
  endfacet
  facet normal -0.497163 -0.861949 -0.0993611
    outer loop
      vertex 1.3981 12.3449 5
      vertex 1.525 12.4496 3.45678
      vertex 1.44127 12.32 5
    endloop
  endfacet
  facet normal -0.498715 -0.861045 -0.0994274
    outer loop
      vertex 1.525 12.4496 3.45678
      vertex 1.3981 12.3449 5
      vertex 1.525 12.5044 2.98221
    endloop
  endfacet
  facet normal -0.498506 -0.86117 -0.0993886
    outer loop
      vertex 1.71255 12.74 0
      vertex 1.66914 12.6728 0.799999
      vertex 1.66223 12.6768 0.799999
    endloop
  endfacet
  facet normal -0.727383 0.678891 -0.100106
    outer loop
      vertex 1.525 11.5484 5
      vertex 1.525 11.538 4.92947
      vertex 1.51912 11.5421 5
    endloop
  endfacet
  facet normal -0.727022 0.67939 -0.0993408
    outer loop
      vertex 1.87476 11.3086 0.799999
      vertex 1.93604 11.2572 0
      vertex 1.86934 11.3028 0.799999
    endloop
  endfacet
  facet normal -0.896419 0.431931 -0.0993424
    outer loop
      vertex 2.09148 11.5116 0
      vertex 1.97796 11.46 0.799999
      vertex 2.01776 11.5426 0.799999
    endloop
  endfacet
  facet normal -0.896637 0.431463 -0.0994036
    outer loop
      vertex 1.97796 11.46 0.799999
      vertex 2.09148 11.5116 0
      vertex 2.04822 11.4217 0
    endloop
  endfacet
  facet normal -0.935034 0.340353 -0.0993522
    outer loop
      vertex 2.02049 11.5501 0.799999
      vertex 2.09148 11.5116 0
      vertex 2.01776 11.5426 0.799999
    endloop
  endfacet
  facet normal -0.983949 0.148215 -0.0993852
    outer loop
      vertex 2.08543 11.8084 0.799999
      vertex 2.16503 11.8004 0
      vertex 2.08424 11.8005 0.799999
    endloop
  endfacet
  facet normal -0.993808 0.0496904 -0.0993809
    outer loop
      vertex 2.08583 11.8164 0.799999
      vertex 2.16503 11.8004 0
      vertex 2.08543 11.8084 0.799999
    endloop
  endfacet
  facet normal 0.363321 -0.926349 -0.0993704
    outer loop
      vertex 1.01076 12.374 5
      vertex 0.964356 12.3558 5
      vertex 0.758713 12.8115 0
    endloop
  endfacet
  facet normal 0.873985 0.475683 -0.0993784
    outer loop
      vertex 0.719515 11.6831 5
      vertex 0.743354 11.6393 5
      vertex 0.316709 11.3786 0
    endloop
  endfacet
  facet normal 0.873756 0.476102 -0.0993854
    outer loop
      vertex 0.719515 11.6831 5
      vertex 0.316709 11.3786 0
      vertex 0.269031 11.4661 0
    endloop
  endfacet
  facet normal 0.916818 0.386741 -0.0993792
    outer loop
      vertex 0.700153 11.729 5
      vertex 0.719515 11.6831 5
      vertex 0.230307 11.558 0
    endloop
  endfacet
  facet normal 0.990105 0.0990704 -0.0993807
    outer loop
      vertex 0.670621 11.8751 5
      vertex 0.675584 11.8255 5
      vertex 0.181169 11.751 0
    endloop
  endfacet
  facet normal 0.975354 0.196996 -0.0993812
    outer loop
      vertex 0.675584 11.8255 5
      vertex 0.200922 11.6532 0
      vertex 0.181169 11.751 0
    endloop
  endfacet
  facet normal -0.0239509 0.994762 -0.0993766
    outer loop
      vertex 1.24473 10.9028 0
      vertex 1.15753 11.4002 5
      vertex 1.20737 11.4014 5
    endloop
  endfacet
  facet normal -0.0249532 0.994735 -0.0993915
    outer loop
      vertex 1.15753 11.4002 5
      vertex 1.24473 10.9028 0
      vertex 1.14507 10.9003 0
    endloop
  endfacet
  facet normal -0.221559 0.97007 -0.0993796
    outer loop
      vertex 1.30542 11.4187 5
      vertex 1.44084 10.9374 0
      vertex 1.25682 11.4076 5
    endloop
  endfacet
  facet normal 0.172671 0.979954 -0.0993683
    outer loop
      vertex 1.05874 11.4125 5
      vertex 1.04566 10.9078 0
      vertex 0.947478 10.9251 0
    endloop
  endfacet
  facet normal 0.171706 0.980122 -0.0993827
    outer loop
      vertex 1.05874 11.4125 5
      vertex 1.10783 11.4039 5
      vertex 1.04566 10.9078 0
    endloop
  endfacet
  facet normal 0.620658 0.777759 -0.099369
    outer loop
      vertex 0.839156 11.5251 5
      vertex 0.878128 11.494 5
      vertex 0.586256 11.0881 0
    endloop
  endfacet
  facet normal 0.822248 0.560386 -0.0993801
    outer loop
      vertex 0.743354 11.6393 5
      vertex 0.771433 11.5981 5
      vertex 0.316709 11.3786 0
    endloop
  endfacet
  facet normal 0.822248 0.560386 -0.0993801
    outer loop
      vertex 0.771433 11.5981 5
      vertex 0.372867 11.2962 0
      vertex 0.316709 11.3786 0
    endloop
  endfacet
  facet normal 0.26951 0.957857 -0.0993694
    outer loop
      vertex 1.01076 11.426 5
      vertex 1.05874 11.4125 5
      vertex 0.851513 10.9521 0
    endloop
  endfacet
  facet normal -0.123789 0.987319 -0.0993802
    outer loop
      vertex 14.7168 11.4076 5
      vertex 14.8036 10.9152 0
      vertex 14.7047 10.9028 0
    endloop
  endfacet
  facet normal 0.0748664 -0.992229 -0.0993788
    outer loop
      vertex 14.6051 12.8997 0
      vertex 14.5678 12.3961 5
      vertex 14.5057 12.8922 0
    endloop
  endfacet
  facet normal -0.221559 0.97007 -0.0993787
    outer loop
      vertex 14.9008 10.9374 0
      vertex 14.8036 10.9152 0
      vertex 14.7168 11.4076 5
    endloop
  endfacet
  facet normal 0.454544 -0.885164 -0.0993698
    outer loop
      vertex 14.275 12.6445 1.74493
      vertex 14.4244 12.3558 5
      vertex 14.38 12.333 5
    endloop
  endfacet
  facet normal 0.456493 -0.88416 -0.0993703
    outer loop
      vertex 14.4244 12.3558 5
      vertex 14.275 12.6445 1.74493
      vertex 14.275 12.6868 1.36856
    endloop
  endfacet
  facet normal 0.459854 -0.882422 -0.0993224
    outer loop
      vertex 14.2516 12.7386 0.799999
      vertex 14.2445 12.7349 0.799999
      vertex 14.2187 12.8115 0
    endloop
  endfacet
  facet normal 0.762776 -0.638975 -0.0994191
    outer loop
      vertex 13.9556 12.5258 0.799999
      vertex 13.8329 12.5038 0
      vertex 13.8969 12.5802 0
    endloop
  endfacet
  facet normal 0.762197 -0.639682 -0.0993109
    outer loop
      vertex 13.8329 12.5038 0
      vertex 13.9556 12.5258 0.799999
      vertex 13.8966 12.4555 0.799999
    endloop
  endfacet
  facet normal 0.995049 0 -0.0993807
    outer loop
      vertex 13.7111 11.8541 0.799999
      vertex 13.6312 11.9498 0
      vertex 13.7111 11.9459 0.799999
    endloop
  endfacet
  facet normal 0.995049 0 -0.0993807
    outer loop
      vertex 13.6312 11.9498 0
      vertex 13.7111 11.8541 0.799999
      vertex 13.6312 11.8502 0
    endloop
  endfacet
  facet normal 0.915889 0.388939 -0.0993662
    outer loop
      vertex 13.7655 11.5853 0.799999
      vertex 13.7686 11.578 0.799999
      vertex 13.6903 11.558 0
    endloop
  endfacet
  facet normal -0.581571 -0.807404 -0.0993664
    outer loop
      vertex 15.1725 12.74 0
      vertex 14.9417 12.2909 5
      vertex 14.9013 12.32 5
    endloop
  endfacet
  facet normal -0.896483 -0.431788 -0.0993905
    outer loop
      vertex 15.5082 12.3783 0
      vertex 15.5515 12.2884 0
      vertex 15.0907 12.0942 5
    endloop
  endfacet
  facet normal -0.849354 -0.518385 -0.0993691
    outer loop
      vertex 15.4562 12.4633 0
      vertex 15.0691 12.1391 5
      vertex 15.0431 12.1817 5
    endloop
  endfacet
  facet normal -0.729556 0.676661 -0.0993865
    outer loop
      vertex 15.396 11.2572 0
      vertex 15.3282 11.1841 0
      vertex 14.9791 11.5421 5
    endloop
  endfacet
  facet normal -0.934936 0.340612 -0.0993838
    outer loop
      vertex 15.5856 11.6052 0
      vertex 15.5515 11.5116 0
      vertex 15.1078 11.7526 5
    endloop
  endfacet
  facet normal 0.822059 -0.560676 -0.0993088
    outer loop
      vertex 13.8921 12.4489 0.799999
      vertex 13.7767 12.4214 0
      vertex 13.8329 12.5038 0
    endloop
  endfacet
  facet normal 0.822587 -0.559882 -0.0994123
    outer loop
      vertex 13.7767 12.4214 0
      vertex 13.8921 12.4489 0.799999
      vertex 13.845 12.3797 0.799999
    endloop
  endfacet
  facet normal 0.950744 -0.293612 -0.0993895
    outer loop
      vertex 13.7655 12.2147 0.799999
      vertex 13.6609 12.1468 0
      vertex 13.6903 12.242 0
    endloop
  endfacet
  facet normal 0.950696 -0.293773 -0.0993697
    outer loop
      vertex 13.6609 12.1468 0
      vertex 13.7655 12.2147 0.799999
      vertex 13.7384 12.127 0.799999
    endloop
  endfacet
  facet normal 0.620157 0.778166 -0.0993103
    outer loop
      vertex 14.0463 11.0881 0
      vertex 14.0212 11.2102 0.799999
      vertex 14.0867 11.158 0.799999
    endloop
  endfacet
  facet normal 0.619776 0.778463 -0.0993675
    outer loop
      vertex 14.0212 11.2102 0.799999
      vertex 14.0463 11.0881 0
      vertex 13.9683 11.1502 0
    endloop
  endfacet
  facet normal 0.614504 0.782618 -0.0994706
    outer loop
      vertex 14.275 11.4977 4.63492
      vertex 14.2992 11.5251 5
      vertex 14.275 11.4834 4.52241
    endloop
  endfacet
  facet normal -0.316458 -0.943386 -0.0993863
    outer loop
      vertex 14.9008 12.8626 0
      vertex 14.9953 12.8309 0
      vertex 14.8127 12.3654 5
    endloop
  endfacet
  facet normal -0.84881 -0.519272 -0.0993845
    outer loop
      vertex 15.4562 12.4633 0
      vertex 15.5082 12.3783 0
      vertex 15.0691 12.1391 5
    endloop
  endfacet
  facet normal -0.964274 -0.24556 -0.0993802
    outer loop
      vertex 15.6102 12.0981 0
      vertex 15.1201 11.9991 5
      vertex 15.1078 12.0474 5
    endloop
  endfacet
  facet normal -0.316458 0.943386 -0.0993863
    outer loop
      vertex 14.9953 10.9691 0
      vertex 14.9008 10.9374 0
      vertex 14.8127 11.4346 5
    endloop
  endfacet
  facet normal -0.993798 0.0498895 -0.0993798
    outer loop
      vertex 15.63 11.9 0
      vertex 15.625 11.8004 0
      vertex 15.13 11.9 5
    endloop
  endfacet
  facet normal 0.873661 -0.47627 -0.0994145
    outer loop
      vertex 13.845 12.3797 0.799999
      vertex 13.729 12.3339 0
      vertex 13.7767 12.4214 0
    endloop
  endfacet
  facet normal 0.87359 -0.476405 -0.0993964
    outer loop
      vertex 13.729 12.3339 0
      vertex 13.845 12.3797 0.799999
      vertex 13.8011 12.2992 0.799999
    endloop
  endfacet
  facet normal 0.619776 -0.778463 -0.0993675
    outer loop
      vertex 14.0463 12.7119 0
      vertex 14.0212 12.5898 0.799999
      vertex 13.9683 12.6498 0
    endloop
  endfacet
  facet normal 0.620157 -0.778166 -0.0993103
    outer loop
      vertex 14.0212 12.5898 0.799999
      vertex 14.0463 12.7119 0
      vertex 14.0867 12.642 0.799999
    endloop
  endfacet
  facet normal 0.614504 -0.782618 -0.0994706
    outer loop
      vertex 14.275 12.3166 4.52241
      vertex 14.2992 12.2749 5
      vertex 14.275 12.3023 4.63492
    endloop
  endfacet
  facet normal 0.364558 -0.925862 -0.0993777
    outer loop
      vertex 14.259 12.7415 0.799999
      vertex 14.2187 12.8115 0
      vertex 14.275 12.7478 0.799999
    endloop
  endfacet
  facet normal 0.360552 -0.927407 -0.0995917
    outer loop
      vertex 14.3115 12.8479 0
      vertex 14.275 12.7138 1.11661
      vertex 14.275 12.7478 0.799999
    endloop
  endfacet
  facet normal 0.363313 -0.926352 -0.0993748
    outer loop
      vertex 14.275 12.7138 1.11661
      vertex 14.3115 12.8479 0
      vertex 14.4708 12.374 5
    endloop
  endfacet
  facet normal 0.36335 -0.926342 -0.0993309
    outer loop
      vertex 14.3115 12.8479 0
      vertex 14.275 12.7478 0.799999
      vertex 14.2187 12.8115 0
    endloop
  endfacet
  facet normal 0.539821 0.83589 -0.0994002
    outer loop
      vertex 14.13 11.034 0
      vertex 14.0997 11.1487 0.799999
      vertex 14.17 11.1033 0.799999
    endloop
  endfacet
  facet normal 0.540149 0.835684 -0.0993581
    outer loop
      vertex 14.0997 11.1487 0.799999
      vertex 14.13 11.034 0
      vertex 14.0463 11.0881 0
    endloop
  endfacet
  facet normal 0.54078 0.835271 -0.0993899
    outer loop
      vertex 14.275 11.3478 3.42694
      vertex 14.38 11.467 5
      vertex 14.275 11.2851 2.90001
    endloop
  endfacet
  facet normal 0.822586 0.559882 -0.0994203
    outer loop
      vertex 13.8966 11.3445 0.799999
      vertex 13.7767 11.3786 0
      vertex 13.8495 11.4137 0.799999
    endloop
  endfacet
  facet normal 0.822059 0.560676 -0.0993074
    outer loop
      vertex 13.7767 11.3786 0
      vertex 13.8966 11.3445 0.799999
      vertex 13.8329 11.2962 0
    endloop
  endfacet
  facet normal -0.317054 -0.943187 -0.099377
    outer loop
      vertex 14.9008 12.8626 0
      vertex 14.8127 12.3654 5
      vertex 14.7654 12.3813 5
    endloop
  endfacet
  facet normal -0.221559 -0.97007 -0.0993787
    outer loop
      vertex 14.8036 12.8848 0
      vertex 14.9008 12.8626 0
      vertex 14.7168 12.3924 5
    endloop
  endfacet
  facet normal -0.409495 -0.906883 -0.0993855
    outer loop
      vertex 14.9953 12.8309 0
      vertex 14.8581 12.3449 5
      vertex 14.8127 12.3654 5
    endloop
  endfacet
  facet normal -0.409121 -0.907051 -0.0993916
    outer loop
      vertex 14.8581 12.3449 5
      vertex 14.9953 12.8309 0
      vertex 15.0862 12.7899 0
    endloop
  endfacet
  facet normal -0.658346 -0.746125 -0.0993883
    outer loop
      vertex 15.3282 12.6159 0
      vertex 14.9791 12.2579 5
      vertex 14.9417 12.2909 5
    endloop
  endfacet
  facet normal -0.793277 -0.600696 -0.0993778
    outer loop
      vertex 15.396 12.5428 0
      vertex 15.4562 12.4633 0
      vertex 15.013 12.2214 5
    endloop
  endfacet
  facet normal -0.984026 -0.147704 -0.0993817
    outer loop
      vertex 15.625 11.9996 0
      vertex 15.1275 11.9498 5
      vertex 15.1201 11.9991 5
    endloop
  endfacet
  facet normal -0.934936 -0.340612 -0.0993838
    outer loop
      vertex 15.5515 12.2884 0
      vertex 15.5856 12.1948 0
      vertex 15.1078 12.0474 5
    endloop
  endfacet
  facet normal -0.896685 -0.431368 -0.0993835
    outer loop
      vertex 15.5082 12.3783 0
      vertex 15.0907 12.0942 5
      vertex 15.0691 12.1391 5
    endloop
  endfacet
  facet normal -0.317054 0.943187 -0.099377
    outer loop
      vertex 14.8127 11.4346 5
      vertex 14.9008 10.9374 0
      vertex 14.7654 11.4187 5
    endloop
  endfacet
  facet normal -0.65828 0.746184 -0.099387
    outer loop
      vertex 15.3282 11.1841 0
      vertex 15.2535 11.1182 0
      vertex 14.9417 11.5091 5
    endloop
  endfacet
  facet normal -0.496902 0.862096 -0.0993952
    outer loop
      vertex 14.9013 11.48 5
      vertex 15.0862 11.0101 0
      vertex 14.8581 11.4551 5
    endloop
  endfacet
  facet normal -0.409121 0.907051 -0.0993916
    outer loop
      vertex 14.9953 10.9691 0
      vertex 14.8581 11.4551 5
      vertex 15.0862 11.0101 0
    endloop
  endfacet
  facet normal -0.409495 0.906883 -0.0993855
    outer loop
      vertex 14.8581 11.4551 5
      vertex 14.9953 10.9691 0
      vertex 14.8127 11.4346 5
    endloop
  endfacet
  facet normal -0.793277 0.600696 -0.0993778
    outer loop
      vertex 15.4562 11.3367 0
      vertex 15.396 11.2572 0
      vertex 15.013 11.5786 5
    endloop
  endfacet
  facet normal -0.792914 0.601177 -0.0993688
    outer loop
      vertex 15.0431 11.6183 5
      vertex 15.4562 11.3367 0
      vertex 15.013 11.5786 5
    endloop
  endfacet
  facet normal -0.964274 0.24556 -0.0993802
    outer loop
      vertex 15.1201 11.8009 5
      vertex 15.6102 11.7019 0
      vertex 15.1078 11.7526 5
    endloop
  endfacet
  facet normal 0.269406 -0.957887 -0.0993664
    outer loop
      vertex 14.4075 12.8749 0
      vertex 14.5187 12.3875 5
      vertex 14.3115 12.8479 0
    endloop
  endfacet
  facet normal 0.171673 -0.980131 -0.0993611
    outer loop
      vertex 14.5678 12.3961 5
      vertex 14.5187 12.3875 5
      vertex 14.4075 12.8749 0
    endloop
  endfacet
  facet normal 0.17264 -0.979959 -0.0993757
    outer loop
      vertex 14.5057 12.8922 0
      vertex 14.5678 12.3961 5
      vertex 14.4075 12.8749 0
    endloop
  endfacet
  facet normal 0.540149 -0.835684 -0.0993581
    outer loop
      vertex 14.13 12.766 0
      vertex 14.0997 12.6513 0.799999
      vertex 14.0463 12.7119 0
    endloop
  endfacet
  facet normal 0.539821 -0.83589 -0.0994002
    outer loop
      vertex 14.0997 12.6513 0.799999
      vertex 14.13 12.766 0
      vertex 14.17 12.6967 0.799999
    endloop
  endfacet
  facet normal 0.54078 -0.835271 -0.0993899
    outer loop
      vertex 14.275 12.5149 2.90001
      vertex 14.38 12.333 5
      vertex 14.275 12.4522 3.42694
    endloop
  endfacet
  facet normal 0.454158 -0.885359 -0.0994022
    outer loop
      vertex 14.2187 12.8115 0
      vertex 14.17 12.6967 0.799999
      vertex 14.13 12.766 0
    endloop
  endfacet
  facet normal 0.454007 -0.885433 -0.0994221
    outer loop
      vertex 14.17 12.6967 0.799999
      vertex 14.2187 12.8115 0
      vertex 14.2445 12.7349 0.799999
    endloop
  endfacet
  facet normal 0.453207 -0.885847 -0.099392
    outer loop
      vertex 14.275 12.6445 1.74493
      vertex 14.38 12.333 5
      vertex 14.275 12.5149 2.90001
    endloop
  endfacet
  facet normal 0.698971 -0.708196 -0.0994842
    outer loop
      vertex 14.275 12.3023 4.63492
      vertex 14.2992 12.2749 5
      vertex 14.275 12.2932 4.6997
    endloop
  endfacet
  facet normal 0.694562 -0.712524 -0.0994654
    outer loop
      vertex 13.9683 12.6498 0
      vertex 13.9613 12.5313 0.799999
      vertex 13.8969 12.5802 0
    endloop
  endfacet
  facet normal 0.695239 -0.711877 -0.0993636
    outer loop
      vertex 13.9613 12.5313 0.799999
      vertex 13.9683 12.6498 0
      vertex 14.0212 12.5898 0.799999
    endloop
  endfacet
  facet normal 0.694719 -0.712381 -0.0993965
    outer loop
      vertex 14.275 12.2932 4.6997
      vertex 14.2992 12.2749 5
      vertex 14.275 12.2513 5
    endloop
  endfacet
  facet normal 0.690931 -0.716056 -0.099389
    outer loop
      vertex 13.9613 12.5313 0.799999
      vertex 13.9556 12.5258 0.799999
      vertex 13.8969 12.5802 0
    endloop
  endfacet
  facet normal 0.822143 -0.560552 -0.0993066
    outer loop
      vertex 13.8966 12.4555 0.799999
      vertex 13.8921 12.4489 0.799999
      vertex 13.8329 12.5038 0
    endloop
  endfacet
  facet normal 0.917052 -0.38618 -0.0994
    outer loop
      vertex 13.8011 12.2992 0.799999
      vertex 13.6903 12.242 0
      vertex 13.729 12.3339 0
    endloop
  endfacet
  facet normal 0.917092 -0.386082 -0.0994126
    outer loop
      vertex 13.6903 12.242 0
      vertex 13.8011 12.2992 0.799999
      vertex 13.7686 12.222 0.799999
    endloop
  endfacet
  facet normal 0.990029 -0.0998349 -0.0993743
    outer loop
      vertex 13.7119 11.9538 0.799999
      vertex 13.6412 12.049 0
      vertex 13.7203 12.0371 0.799999
    endloop
  endfacet
  facet normal 0.990033 -0.0998017 -0.0993707
    outer loop
      vertex 13.6412 12.049 0
      vertex 13.7119 11.9538 0.799999
      vertex 13.6312 11.9498 0
    endloop
  endfacet
  facet normal 0.97545 -0.196486 -0.0994467
    outer loop
      vertex 13.7369 12.1192 0.799999
      vertex 13.6412 12.049 0
      vertex 13.6609 12.1468 0
    endloop
  endfacet
  facet normal 0.975314 -0.197201 -0.0993677
    outer loop
      vertex 13.6412 12.049 0
      vertex 13.7369 12.1192 0.799999
      vertex 13.7203 12.0371 0.799999
    endloop
  endfacet
  facet normal 0.977152 -0.187914 -0.0993126
    outer loop
      vertex 13.7384 12.127 0.799999
      vertex 13.7369 12.1192 0.799999
      vertex 13.6609 12.1468 0
    endloop
  endfacet
  facet normal -0.123913 0.987304 -0.0993784
    outer loop
      vertex 14.7168 11.4076 5
      vertex 14.7047 10.9028 0
      vertex 14.6674 11.4014 5
    endloop
  endfacet
  facet normal 0.618583 0.779414 -0.0993399
    outer loop
      vertex 14.0867 11.158 0.799999
      vertex 14.093 11.153 0.799999
      vertex 14.0463 11.0881 0
    endloop
  endfacet
  facet normal 0.621361 0.777201 -0.0993451
    outer loop
      vertex 14.3381 11.494 5
      vertex 14.275 11.4834 4.52241
      vertex 14.2992 11.5251 5
    endloop
  endfacet
  facet normal 0.62144 0.777137 -0.0993541
    outer loop
      vertex 14.275 11.4834 4.52241
      vertex 14.3381 11.494 5
      vertex 14.275 11.4062 3.91856
    endloop
  endfacet
  facet normal 0.363348 0.926338 -0.0993746
    outer loop
      vertex 14.4244 11.4442 5
      vertex 14.4708 11.426 5
      vertex 14.3115 10.9521 0
    endloop
  endfacet
  facet normal 0.822135 0.560546 -0.0994084
    outer loop
      vertex 13.845 11.4203 0.799999
      vertex 13.8495 11.4137 0.799999
      vertex 13.7767 11.3786 0
    endloop
  endfacet
  facet normal 0.0738736 -0.992302 -0.0993936
    outer loop
      vertex 14.6051 12.8997 0
      vertex 14.6175 12.3998 5
      vertex 14.5678 12.3961 5
    endloop
  endfacet
  facet normal -0.123913 -0.987304 -0.0993784
    outer loop
      vertex 14.7047 12.8972 0
      vertex 14.7168 12.3924 5
      vertex 14.6674 12.3986 5
    endloop
  endfacet
  facet normal -0.123789 -0.987319 -0.0993802
    outer loop
      vertex 14.8036 12.8848 0
      vertex 14.7168 12.3924 5
      vertex 14.7047 12.8972 0
    endloop
  endfacet
  facet normal -0.580623 -0.808084 -0.0993837
    outer loop
      vertex 15.1725 12.74 0
      vertex 15.2535 12.6818 0
      vertex 14.9417 12.2909 5
    endloop
  endfacet
  facet normal -0.65828 -0.746184 -0.099387
    outer loop
      vertex 15.2535 12.6818 0
      vertex 15.3282 12.6159 0
      vertex 14.9417 12.2909 5
    endloop
  endfacet
  facet normal -0.498083 -0.861415 -0.0993885
    outer loop
      vertex 15.0862 12.7899 0
      vertex 15.1725 12.74 0
      vertex 14.8581 12.3449 5
    endloop
  endfacet
  facet normal -0.729095 -0.677159 -0.0993765
    outer loop
      vertex 15.396 12.5428 0
      vertex 15.013 12.2214 5
      vertex 14.9791 12.2579 5
    endloop
  endfacet
  facet normal -0.729556 -0.676661 -0.0993865
    outer loop
      vertex 15.3282 12.6159 0
      vertex 15.396 12.5428 0
      vertex 14.9791 12.2579 5
    endloop
  endfacet
  facet normal -0.964334 -0.245322 -0.0993838
    outer loop
      vertex 15.5856 12.1948 0
      vertex 15.6102 12.0981 0
      vertex 15.1078 12.0474 5
    endloop
  endfacet
  facet normal -0.984004 -0.14785 -0.0993795
    outer loop
      vertex 15.6102 12.0981 0
      vertex 15.625 11.9996 0
      vertex 15.1201 11.9991 5
    endloop
  endfacet
  facet normal -0.934613 -0.341493 -0.0993976
    outer loop
      vertex 15.5515 12.2884 0
      vertex 15.1078 12.0474 5
      vertex 15.0907 12.0942 5
    endloop
  endfacet
  facet normal -0.993798 -0.0498895 -0.0993798
    outer loop
      vertex 15.63 11.9 0
      vertex 15.1275 11.9498 5
      vertex 15.625 11.9996 0
    endloop
  endfacet
  facet normal -0.993798 -0.0498895 -0.0993798
    outer loop
      vertex 15.1275 11.9498 5
      vertex 15.63 11.9 0
      vertex 15.13 11.9 5
    endloop
  endfacet
  facet normal -0.792914 -0.601177 -0.0993688
    outer loop
      vertex 15.4562 12.4633 0
      vertex 15.0431 12.1817 5
      vertex 15.013 12.2214 5
    endloop
  endfacet
  facet normal -0.498084 0.861416 -0.099375
    outer loop
      vertex 15.1725 11.06 0
      vertex 15.0862 11.0101 0
      vertex 14.9013 11.48 5
    endloop
  endfacet
  facet normal -0.580624 0.808085 -0.0993722
    outer loop
      vertex 15.2535 11.1182 0
      vertex 15.1725 11.06 0
      vertex 14.9013 11.48 5
    endloop
  endfacet
  facet normal -0.58157 0.807402 -0.0993894
    outer loop
      vertex 14.9417 11.5091 5
      vertex 15.2535 11.1182 0
      vertex 14.9013 11.48 5
    endloop
  endfacet
  facet normal -0.729095 0.677159 -0.0993765
    outer loop
      vertex 15.013 11.5786 5
      vertex 15.396 11.2572 0
      vertex 14.9791 11.5421 5
    endloop
  endfacet
  facet normal -0.849354 0.518385 -0.0993691
    outer loop
      vertex 15.0691 11.6609 5
      vertex 15.4562 11.3367 0
      vertex 15.0431 11.6183 5
    endloop
  endfacet
  facet normal -0.84881 0.519272 -0.0993845
    outer loop
      vertex 15.5082 11.4217 0
      vertex 15.4562 11.3367 0
      vertex 15.0691 11.6609 5
    endloop
  endfacet
  facet normal -0.964334 0.245322 -0.0993838
    outer loop
      vertex 15.6102 11.7019 0
      vertex 15.5856 11.6052 0
      vertex 15.1078 11.7526 5
    endloop
  endfacet
  facet normal -0.984004 0.14785 -0.0993795
    outer loop
      vertex 15.625 11.8004 0
      vertex 15.6102 11.7019 0
      vertex 15.1201 11.8009 5
    endloop
  endfacet
  facet normal 0.269927 -0.957739 -0.0993744
    outer loop
      vertex 14.5187 12.3875 5
      vertex 14.4708 12.374 5
      vertex 14.3115 12.8479 0
    endloop
  endfacet
  facet normal 0.537453 -0.837426 -0.0993101
    outer loop
      vertex 14.0997 12.6513 0.799999
      vertex 14.093 12.647 0.799999
      vertex 14.0463 12.7119 0
    endloop
  endfacet
  facet normal 0.53899 -0.836432 -0.0993573
    outer loop
      vertex 14.275 12.3938 3.91856
      vertex 14.38 12.333 5
      vertex 14.3381 12.306 5
    endloop
  endfacet
  facet normal 0.539013 -0.836417 -0.0993587
    outer loop
      vertex 14.38 12.333 5
      vertex 14.275 12.3938 3.91856
      vertex 14.275 12.4522 3.42694
    endloop
  endfacet
  facet normal 0.618583 -0.779414 -0.0993399
    outer loop
      vertex 14.093 12.647 0.799999
      vertex 14.0867 12.642 0.799999
      vertex 14.0463 12.7119 0
    endloop
  endfacet
  facet normal 0.621361 -0.777201 -0.0993451
    outer loop
      vertex 14.275 12.3166 4.52241
      vertex 14.3381 12.306 5
      vertex 14.2992 12.2749 5
    endloop
  endfacet
  facet normal 0.62144 -0.777137 -0.0993541
    outer loop
      vertex 14.3381 12.306 5
      vertex 14.275 12.3166 4.52241
      vertex 14.275 12.3938 3.91856
    endloop
  endfacet
  facet normal 0.915889 -0.388939 -0.0993662
    outer loop
      vertex 13.7686 12.222 0.799999
      vertex 13.7655 12.2147 0.799999
      vertex 13.6903 12.242 0
    endloop
  endfacet
  facet normal 0 0 -1
    outer loop
      vertex 15.1275 11.8502 5
      vertex 15.1275 11.9498 5
      vertex 15.13 11.9 5
    endloop
  endfacet
  facet normal 0 0 -1
    outer loop
      vertex 15.1201 11.8009 5
      vertex 15.1275 11.9498 5
      vertex 15.1275 11.8502 5
    endloop
  endfacet
  facet normal 0 0 -1
    outer loop
      vertex 15.1201 11.8009 5
      vertex 15.1201 11.9991 5
      vertex 15.1275 11.9498 5
    endloop
  endfacet
  facet normal 0 0 -1
    outer loop
      vertex 15.1078 11.7526 5
      vertex 15.1201 11.9991 5
      vertex 15.1201 11.8009 5
    endloop
  endfacet
  facet normal 0 0 -1
    outer loop
      vertex 15.1078 11.7526 5
      vertex 15.1078 12.0474 5
      vertex 15.1201 11.9991 5
    endloop
  endfacet
  facet normal 0 0 -1
    outer loop
      vertex 15.0907 11.7058 5
      vertex 15.1078 12.0474 5
      vertex 15.1078 11.7526 5
    endloop
  endfacet
  facet normal 0 0 -1
    outer loop
      vertex 15.0907 11.7058 5
      vertex 15.0907 12.0942 5
      vertex 15.1078 12.0474 5
    endloop
  endfacet
  facet normal 0 0 -1
    outer loop
      vertex 15.0691 11.6609 5
      vertex 15.0907 12.0942 5
      vertex 15.0907 11.7058 5
    endloop
  endfacet
  facet normal 0 0 -1
    outer loop
      vertex 15.0691 11.6609 5
      vertex 15.0691 12.1391 5
      vertex 15.0907 12.0942 5
    endloop
  endfacet
  facet normal 0 0 -1
    outer loop
      vertex 15.0431 11.6183 5
      vertex 15.0691 12.1391 5
      vertex 15.0691 11.6609 5
    endloop
  endfacet
  facet normal 0 0 -1
    outer loop
      vertex 15.0431 11.6183 5
      vertex 15.0431 12.1817 5
      vertex 15.0691 12.1391 5
    endloop
  endfacet
  facet normal 0 0 -1
    outer loop
      vertex 15.013 11.5786 5
      vertex 15.0431 12.1817 5
      vertex 15.0431 11.6183 5
    endloop
  endfacet
  facet normal 0 0 -1
    outer loop
      vertex 15.013 11.5786 5
      vertex 15.013 12.2214 5
      vertex 15.0431 12.1817 5
    endloop
  endfacet
  facet normal 0 0 -1
    outer loop
      vertex 14.9791 11.5421 5
      vertex 15.013 12.2214 5
      vertex 15.013 11.5786 5
    endloop
  endfacet
  facet normal 0 0 -1
    outer loop
      vertex 14.9791 11.5421 5
      vertex 14.9791 12.2579 5
      vertex 15.013 12.2214 5
    endloop
  endfacet
  facet normal 0 0 -1
    outer loop
      vertex 14.9417 11.5091 5
      vertex 14.9791 12.2579 5
      vertex 14.9791 11.5421 5
    endloop
  endfacet
  facet normal 0 0 -1
    outer loop
      vertex 14.9417 11.5091 5
      vertex 14.9417 12.2909 5
      vertex 14.9791 12.2579 5
    endloop
  endfacet
  facet normal 0 0 -1
    outer loop
      vertex 14.9013 11.48 5
      vertex 14.9417 12.2909 5
      vertex 14.9417 11.5091 5
    endloop
  endfacet
  facet normal 0 0 -1
    outer loop
      vertex 14.9013 11.48 5
      vertex 14.9013 12.32 5
      vertex 14.9417 12.2909 5
    endloop
  endfacet
  facet normal 0 0 -1
    outer loop
      vertex 14.8581 11.4551 5
      vertex 14.9013 12.32 5
      vertex 14.9013 11.48 5
    endloop
  endfacet
  facet normal 0 0 -1
    outer loop
      vertex 14.8581 11.4551 5
      vertex 14.8581 12.3449 5
      vertex 14.9013 12.32 5
    endloop
  endfacet
  facet normal 0 0 -1
    outer loop
      vertex 14.8127 11.4346 5
      vertex 14.8581 12.3449 5
      vertex 14.8581 11.4551 5
    endloop
  endfacet
  facet normal 0 0 -1
    outer loop
      vertex 14.8127 11.4346 5
      vertex 14.8127 12.3654 5
      vertex 14.8581 12.3449 5
    endloop
  endfacet
  facet normal 0 0 -1
    outer loop
      vertex 14.7654 11.4187 5
      vertex 14.8127 12.3654 5
      vertex 14.8127 11.4346 5
    endloop
  endfacet
  facet normal 0 0 -1
    outer loop
      vertex 14.7654 11.4187 5
      vertex 14.7654 12.3813 5
      vertex 14.8127 12.3654 5
    endloop
  endfacet
  facet normal 0 0 -1
    outer loop
      vertex 14.7168 11.4076 5
      vertex 14.7654 12.3813 5
      vertex 14.7654 11.4187 5
    endloop
  endfacet
  facet normal 0 0 -1
    outer loop
      vertex 14.7168 11.4076 5
      vertex 14.7168 12.3924 5
      vertex 14.7654 12.3813 5
    endloop
  endfacet
  facet normal 0 0 -1
    outer loop
      vertex 14.6674 11.4014 5
      vertex 14.7168 12.3924 5
      vertex 14.7168 11.4076 5
    endloop
  endfacet
  facet normal 0 0 -1
    outer loop
      vertex 14.6674 11.4014 5
      vertex 14.6674 12.3986 5
      vertex 14.7168 12.3924 5
    endloop
  endfacet
  facet normal 0 0 -1
    outer loop
      vertex 14.6175 11.4002 5
      vertex 14.6674 12.3986 5
      vertex 14.6674 11.4014 5
    endloop
  endfacet
  facet normal 0 0 -1
    outer loop
      vertex 14.6175 11.4002 5
      vertex 14.6175 12.3998 5
      vertex 14.6674 12.3986 5
    endloop
  endfacet
  facet normal 0 0 -1
    outer loop
      vertex 14.5678 11.4039 5
      vertex 14.6175 12.3998 5
      vertex 14.6175 11.4002 5
    endloop
  endfacet
  facet normal 0 0 -1
    outer loop
      vertex 14.5678 11.4039 5
      vertex 14.5678 12.3961 5
      vertex 14.6175 12.3998 5
    endloop
  endfacet
  facet normal 0 0 -1
    outer loop
      vertex 14.5187 11.4125 5
      vertex 14.5678 12.3961 5
      vertex 14.5678 11.4039 5
    endloop
  endfacet
  facet normal 0 0 -1
    outer loop
      vertex 14.5187 11.4125 5
      vertex 14.5187 12.3875 5
      vertex 14.5678 12.3961 5
    endloop
  endfacet
  facet normal 0 0 -1
    outer loop
      vertex 14.4708 11.426 5
      vertex 14.5187 12.3875 5
      vertex 14.5187 11.4125 5
    endloop
  endfacet
  facet normal 0 0 -1
    outer loop
      vertex 14.4708 11.426 5
      vertex 14.4708 12.374 5
      vertex 14.5187 12.3875 5
    endloop
  endfacet
  facet normal 0 0 -1
    outer loop
      vertex 14.4244 11.4442 5
      vertex 14.4708 12.374 5
      vertex 14.4708 11.426 5
    endloop
  endfacet
  facet normal 0 0 -1
    outer loop
      vertex 14.4244 11.4442 5
      vertex 14.4244 12.3558 5
      vertex 14.4708 12.374 5
    endloop
  endfacet
  facet normal 0 0 -1
    outer loop
      vertex 14.38 11.467 5
      vertex 14.4244 12.3558 5
      vertex 14.4244 11.4442 5
    endloop
  endfacet
  facet normal 0 0 -1
    outer loop
      vertex 14.38 11.467 5
      vertex 14.38 12.333 5
      vertex 14.4244 12.3558 5
    endloop
  endfacet
  facet normal 0 0 -1
    outer loop
      vertex 14.3381 11.494 5
      vertex 14.38 12.333 5
      vertex 14.38 11.467 5
    endloop
  endfacet
  facet normal 0 0 -1
    outer loop
      vertex 14.3381 11.494 5
      vertex 14.3381 12.306 5
      vertex 14.38 12.333 5
    endloop
  endfacet
  facet normal 0 0 -1
    outer loop
      vertex 14.275 11.5487 5
      vertex 14.3381 11.494 5
      vertex 14.2992 11.5251 5
    endloop
  endfacet
  facet normal 0 0 -1
    outer loop
      vertex 14.3381 11.494 5
      vertex 14.275 11.5487 5
      vertex 14.3381 12.306 5
    endloop
  endfacet
  facet normal 0 0 -1
    outer loop
      vertex 14.275 12.2513 5
      vertex 14.3381 12.306 5
      vertex 14.275 11.5487 5
    endloop
  endfacet
  facet normal 0 0 -1
    outer loop
      vertex 14.3381 12.306 5
      vertex 14.275 12.2513 5
      vertex 14.2992 12.2749 5
    endloop
  endfacet
  facet normal 0.989988 -0.100252 -0.0993639
    outer loop
      vertex 13.7119 11.9538 0.799999
      vertex 13.7111 11.9459 0.799999
      vertex 13.6312 11.9498 0
    endloop
  endfacet
  facet normal -0.221559 0.97007 -0.0993787
    outer loop
      vertex 14.7654 11.4187 5
      vertex 14.9008 10.9374 0
      vertex 14.7168 11.4076 5
    endloop
  endfacet
  facet normal -0.0249682 0.994735 -0.0993917
    outer loop
      vertex 14.6175 11.4002 5
      vertex 14.7047 10.9028 0
      vertex 14.6051 10.9003 0
    endloop
  endfacet
  facet normal 0.0738736 0.992302 -0.0993936
    outer loop
      vertex 14.6175 11.4002 5
      vertex 14.6051 10.9003 0
      vertex 14.5678 11.4039 5
    endloop
  endfacet
  facet normal 0.17264 0.979959 -0.0993757
    outer loop
      vertex 14.5678 11.4039 5
      vertex 14.5057 10.9078 0
      vertex 14.4075 10.9251 0
    endloop
  endfacet
  facet normal 0.459849 0.882413 -0.0994316
    outer loop
      vertex 14.17 11.1033 0.799999
      vertex 14.1771 11.0996 0.799999
      vertex 14.13 11.034 0
    endloop
  endfacet
  facet normal 0.454542 0.885162 -0.0993994
    outer loop
      vertex 14.4244 11.4442 5
      vertex 14.275 11.2851 2.90001
      vertex 14.38 11.467 5
    endloop
  endfacet
  facet normal 0.452897 0.88601 -0.0993467
    outer loop
      vertex 14.275 11.2851 2.90001
      vertex 14.4244 11.4442 5
      vertex 14.275 11.2361 2.46301
    endloop
  endfacet
  facet normal 0.362972 0.926485 -0.0993806
    outer loop
      vertex 14.3115 10.9521 0
      vertex 14.275 11.1132 1.36856
      vertex 14.4244 11.4442 5
    endloop
  endfacet
  facet normal 0.362303 0.926742 -0.0994287
    outer loop
      vertex 14.275 11.1132 1.36856
      vertex 14.3115 10.9521 0
      vertex 14.275 11.0522 0.799999
    endloop
  endfacet
  facet normal 0.364091 0.926059 -0.0992615
    outer loop
      vertex 14.3115 10.9521 0
      vertex 14.2516 11.0614 0.799999
      vertex 14.275 11.0522 0.799999
    endloop
  endfacet
  facet normal 0.363349 0.92634 -0.0993556
    outer loop
      vertex 14.2516 11.0614 0.799999
      vertex 14.3115 10.9521 0
      vertex 14.2187 10.9885 0
    endloop
  endfacet
  facet normal 0.45401 0.885439 -0.099357
    outer loop
      vertex 14.2187 10.9885 0
      vertex 14.1771 11.0996 0.799999
      vertex 14.2516 11.0614 0.799999
    endloop
  endfacet
  facet normal 0.454161 0.885364 -0.0993387
    outer loop
      vertex 14.1771 11.0996 0.799999
      vertex 14.2187 10.9885 0
      vertex 14.13 11.034 0
    endloop
  endfacet
  facet normal 0.454869 0.884996 -0.0993796
    outer loop
      vertex 14.275 11.2361 2.46301
      vertex 14.4244 11.4442 5
      vertex 14.275 11.1132 1.36856
    endloop
  endfacet
  facet normal 0.917092 0.386082 -0.0994126
    outer loop
      vertex 13.8011 11.5008 0.799999
      vertex 13.6903 11.558 0
      vertex 13.7686 11.578 0.799999
    endloop
  endfacet
  facet normal 0.917052 0.38618 -0.0994
    outer loop
      vertex 13.6903 11.558 0
      vertex 13.8011 11.5008 0.799999
      vertex 13.729 11.4661 0
    endloop
  endfacet
  facet normal 0.975314 0.197201 -0.0993677
    outer loop
      vertex 13.7369 11.6808 0.799999
      vertex 13.6412 11.751 0
      vertex 13.7203 11.7629 0.799999
    endloop
  endfacet
  facet normal 0.97545 0.196486 -0.0994467
    outer loop
      vertex 13.6412 11.751 0
      vertex 13.7369 11.6808 0.799999
      vertex 13.6609 11.6532 0
    endloop
  endfacet
  facet normal 0.8745 0.474729 -0.0994058
    outer loop
      vertex 13.8412 11.4273 0.799999
      vertex 13.845 11.4203 0.799999
      vertex 13.7767 11.3786 0
    endloop
  endfacet
  facet normal 0.873503 0.476564 -0.0993955
    outer loop
      vertex 13.8412 11.4273 0.799999
      vertex 13.729 11.4661 0
      vertex 13.8011 11.5008 0.799999
    endloop
  endfacet
  facet normal 0.87366 0.476269 -0.0994318
    outer loop
      vertex 13.729 11.4661 0
      vertex 13.8412 11.4273 0.799999
      vertex 13.7767 11.3786 0
    endloop
  endfacet
  facet normal 0.762197 0.639682 -0.0993109
    outer loop
      vertex 13.9556 11.2742 0.799999
      vertex 13.8329 11.2962 0
      vertex 13.8966 11.3445 0.799999
    endloop
  endfacet
  facet normal 0.762776 0.638975 -0.0994191
    outer loop
      vertex 13.8329 11.2962 0
      vertex 13.9556 11.2742 0.799999
      vertex 13.8969 11.2198 0
    endloop
  endfacet
  facet normal -0.0239221 -0.994762 -0.0993762
    outer loop
      vertex 14.7047 12.8972 0
      vertex 14.6674 12.3986 5
      vertex 14.6175 12.3998 5
    endloop
  endfacet
  facet normal -0.0249682 -0.994735 -0.0993917
    outer loop
      vertex 14.7047 12.8972 0
      vertex 14.6175 12.3998 5
      vertex 14.6051 12.8997 0
    endloop
  endfacet
  facet normal -0.221559 -0.97007 -0.0993787
    outer loop
      vertex 14.9008 12.8626 0
      vertex 14.7654 12.3813 5
      vertex 14.7168 12.3924 5
    endloop
  endfacet
  facet normal -0.496904 -0.862098 -0.0993683
    outer loop
      vertex 15.1725 12.74 0
      vertex 14.9013 12.32 5
      vertex 14.8581 12.3449 5
    endloop
  endfacet
  facet normal -0.658346 0.746125 -0.0993883
    outer loop
      vertex 14.9791 11.5421 5
      vertex 15.3282 11.1841 0
      vertex 14.9417 11.5091 5
    endloop
  endfacet
  facet normal -0.896685 0.431367 -0.0993928
    outer loop
      vertex 15.5515 11.5116 0
      vertex 15.0691 11.6609 5
      vertex 15.0907 11.7058 5
    endloop
  endfacet
  facet normal -0.896483 0.431788 -0.0993859
    outer loop
      vertex 15.0691 11.6609 5
      vertex 15.5515 11.5116 0
      vertex 15.5082 11.4217 0
    endloop
  endfacet
  facet normal -0.934613 0.341493 -0.0993976
    outer loop
      vertex 15.1078 11.7526 5
      vertex 15.5515 11.5116 0
      vertex 15.0907 11.7058 5
    endloop
  endfacet
  facet normal -0.984026 0.147704 -0.0993817
    outer loop
      vertex 15.1275 11.8502 5
      vertex 15.625 11.8004 0
      vertex 15.1201 11.8009 5
    endloop
  endfacet
  facet normal -0.993798 0.0498895 -0.0993798
    outer loop
      vertex 15.13 11.9 5
      vertex 15.625 11.8004 0
      vertex 15.1275 11.8502 5
    endloop
  endfacet
  facet normal 0.363348 -0.926338 -0.0993826
    outer loop
      vertex 14.275 12.6868 1.36856
      vertex 14.4708 12.374 5
      vertex 14.4244 12.3558 5
    endloop
  endfacet
  facet normal 0.36154 -0.927049 -0.0993464
    outer loop
      vertex 14.4708 12.374 5
      vertex 14.275 12.6868 1.36856
      vertex 14.275 12.7138 1.11661
    endloop
  endfacet
  facet normal 0.363068 -0.92645 -0.0993541
    outer loop
      vertex 14.259 12.7415 0.799999
      vertex 14.2516 12.7386 0.799999
      vertex 14.2187 12.8115 0
    endloop
  endfacet
  facet normal -0.0239221 0.994762 -0.0993762
    outer loop
      vertex 14.6674 11.4014 5
      vertex 14.7047 10.9028 0
      vertex 14.6175 11.4002 5
    endloop
  endfacet
  facet normal 0.0748664 0.992229 -0.0993788
    outer loop
      vertex 14.5678 11.4039 5
      vertex 14.6051 10.9003 0
      vertex 14.5057 10.9078 0
    endloop
  endfacet
  facet normal 0.269406 0.957887 -0.0993664
    outer loop
      vertex 14.5187 11.4125 5
      vertex 14.4075 10.9251 0
      vertex 14.3115 10.9521 0
    endloop
  endfacet
  facet normal 0.171673 0.980131 -0.0993611
    outer loop
      vertex 14.5187 11.4125 5
      vertex 14.5678 11.4039 5
      vertex 14.4075 10.9251 0
    endloop
  endfacet
  facet normal 0.537453 0.837426 -0.0993101
    outer loop
      vertex 14.093 11.153 0.799999
      vertex 14.0997 11.1487 0.799999
      vertex 14.0463 11.0881 0
    endloop
  endfacet
  facet normal 0.53899 0.836432 -0.0993573
    outer loop
      vertex 14.38 11.467 5
      vertex 14.275 11.4062 3.91856
      vertex 14.3381 11.494 5
    endloop
  endfacet
  facet normal 0.539013 0.836417 -0.0993587
    outer loop
      vertex 14.275 11.4062 3.91856
      vertex 14.38 11.467 5
      vertex 14.275 11.3478 3.42694
    endloop
  endfacet
  facet normal 0.989987 0.100252 -0.0993763
    outer loop
      vertex 13.7195 11.7708 0.799999
      vertex 13.7203 11.7629 0.799999
      vertex 13.6412 11.751 0
    endloop
  endfacet
  facet normal 0.99003 0.099835 -0.0993661
    outer loop
      vertex 13.7195 11.7708 0.799999
      vertex 13.6312 11.8502 0
      vertex 13.7111 11.8541 0.799999
    endloop
  endfacet
  facet normal 0.990033 0.0998017 -0.0993697
    outer loop
      vertex 13.6312 11.8502 0
      vertex 13.7195 11.7708 0.799999
      vertex 13.6412 11.751 0
    endloop
  endfacet
  facet normal 0.977152 0.187914 -0.0993126
    outer loop
      vertex 13.7369 11.6808 0.799999
      vertex 13.7384 11.673 0.799999
      vertex 13.6609 11.6532 0
    endloop
  endfacet
  facet normal 0.950696 0.293773 -0.0993697
    outer loop
      vertex 13.7655 11.5853 0.799999
      vertex 13.6609 11.6532 0
      vertex 13.7384 11.673 0.799999
    endloop
  endfacet
  facet normal 0.950744 0.293612 -0.0993895
    outer loop
      vertex 13.6609 11.6532 0
      vertex 13.7655 11.5853 0.799999
      vertex 13.6903 11.558 0
    endloop
  endfacet
  facet normal 0.694627 0.712469 -0.0994056
    outer loop
      vertex 13.9683 11.1502 0
      vertex 13.9556 11.2742 0.799999
      vertex 14.0155 11.2158 0.799999
    endloop
  endfacet
  facet normal 0.694565 0.712528 -0.0994157
    outer loop
      vertex 13.9556 11.2742 0.799999
      vertex 13.9683 11.1502 0
      vertex 13.8969 11.2198 0
    endloop
  endfacet
  facet normal 0.697355 0.709807 -0.0993482
    outer loop
      vertex 14.0155 11.2158 0.799999
      vertex 14.0212 11.2102 0.799999
      vertex 13.9683 11.1502 0
    endloop
  endfacet
  facet normal 0.69471 0.712372 -0.0995152
    outer loop
      vertex 14.275 11.5487 5
      vertex 14.2992 11.5251 5
      vertex 14.275 11.4977 4.63492
    endloop
  endfacet
  facet normal 0.269927 0.957739 -0.0993744
    outer loop
      vertex 14.4708 11.426 5
      vertex 14.5187 11.4125 5
      vertex 14.3115 10.9521 0
    endloop
  endfacet
  facet normal -0.993817 -0.0495112 -0.0993817
    outer loop
      vertex 4.9 1.17 0
      vertex 4.4 1.17 5
      vertex 4.39752 1.21978 5
    endloop
  endfacet
  facet normal -0.993812 -0.0496058 -0.0993803
    outer loop
      vertex 4.89503 1.26957 0
      vertex 4.9 1.17 0
      vertex 4.39752 1.21978 5
    endloop
  endfacet
  facet normal -0.793161 0.600849 -0.099381
    outer loop
      vertex 4.72624 0.60668 0
      vertex 4.66604 0.527212 0
      vertex 4.31312 0.888339 5
    endloop
  endfacet
  facet normal -0.657891 -0.746526 -0.0993886
    outer loop
      vertex 4.52349 1.95183 0
      vertex 4.47959 1.88401 0.799999
      vertex 4.47361 1.88928 0.799999
    endloop
  endfacet
  facet normal -0.993812 0.0496058 -0.0993803
    outer loop
      vertex 4.9 1.17 0
      vertex 4.89503 1.07043 0
      vertex 4.39752 1.12022 5
    endloop
  endfacet
  facet normal 0.694699 -0.712405 -0.0993604
    outer loop
      vertex 3.54876 1.525 5
      vertex 3.53347 1.51009 5
      vertex 3.5174 1.525 4.78074
    endloop
  endfacet
  facet normal 0.69482 -0.712285 -0.0993747
    outer loop
      vertex 3.2313 1.80133 0.799999
      vertex 3.22559 1.79576 0.799999
      vertex 3.16695 1.85017 0
    endloop
  endfacet
  facet normal -0.793153 0.600859 -0.0993812
    outer loop
      vertex 4.31312 0.888339 5
      vertex 4.66604 0.527212 0
      vertex 4.28302 0.848606 5
    endloop
  endfacet
  facet normal 0.990111 -0.0990111 -0.099382
    outer loop
      vertex 3.40558 1.24452 5
      vertex 3.40062 1.19492 5
      vertex 2.90124 1.21985 0
    endloop
  endfacet
  facet normal 0.363521 -0.92627 -0.0993839
    outer loop
      vertex 3.58151 2.11793 0
      vertex 3.52162 2.00859 0.799999
      vertex 3.48871 2.08151 0
    endloop
  endfacet
  facet normal 0.363483 -0.926284 -0.0993888
    outer loop
      vertex 3.52162 2.00859 0.799999
      vertex 3.58151 2.11793 0
      vertex 3.60699 2.04209 0.799999
    endloop
  endfacet
  facet normal -0.849089 -0.518816 -0.0993849
    outer loop
      vertex 4.77822 1.64825 0
      vertex 4.66014 1.68825 0.799999
      vertex 4.72624 1.73332 0
    endloop
  endfacet
  facet normal -0.849084 -0.518825 -0.0993837
    outer loop
      vertex 4.66014 1.68825 0.799999
      vertex 4.77822 1.64825 0
      vertex 4.70796 1.60999 0.799999
    endloop
  endfacet
  facet normal -0.849062 -0.518861 -0.0993808
    outer loop
      vertex 4.33911 1.40913 5
      vertex 4.42069 1.525 3.69807
      vertex 4.55189 1.525 2.57716
    endloop
  endfacet
  facet normal -0.849063 -0.51886 -0.0993808
    outer loop
      vertex 4.42069 1.525 3.69807
      vertex 4.33911 1.40913 5
      vertex 4.31312 1.45166 5
    endloop
  endfacet
  facet normal -0.409237 -0.907 -0.0993827
    outer loop
      vertex 4.26534 2.10087 0
      vertex 4.31971 1.98868 0.799999
      vertex 4.24338 2.02312 0.799999
    endloop
  endfacet
  facet normal -0.409233 -0.907001 -0.0993832
    outer loop
      vertex 4.31971 1.98868 0.799999
      vertex 4.26534 2.10087 0
      vertex 4.35621 2.05987 0
    endloop
  endfacet
  facet normal 0.950855 0.293256 -0.0993798
    outer loop
      vertex 3.41546 1.04662 5
      vertex 3.43015 0.998989 5
      vertex 2.96031 0.827979 0
    endloop
  endfacet
  facet normal -0.658397 0.746081 -0.0993813
    outer loop
      vertex 4.59824 0.454133 0
      vertex 4.52349 0.388168 0
      vertex 4.24912 0.812066 5
    endloop
  endfacet
  facet normal -0.849079 0.518834 -0.0993811
    outer loop
      vertex 4.77822 0.691746 0
      vertex 4.72624 0.60668 0
      vertex 4.31312 0.888339 5
    endloop
  endfacet
  facet normal -0.993817 0.0495112 -0.0993817
    outer loop
      vertex 4.4 1.17 5
      vertex 4.9 1.17 0
      vertex 4.39752 1.12022 5
    endloop
  endfacet
  facet normal -0.316907 0.943236 -0.099381
    outer loop
      vertex 4.08267 0.704562 5
      vertex 4.17084 0.207376 0
      vertex 4.03542 0.688687 5
    endloop
  endfacet
  facet normal -0.40925 0.906994 -0.0993811
    outer loop
      vertex 4.35621 0.280128 0
      vertex 4.26534 0.239126 0
      vertex 4.08267 0.704562 5
    endloop
  endfacet
  facet normal -0.983934 -0.148319 -0.0993803
    outer loop
      vertex 4.88017 1.36815 0
      vertex 4.89503 1.26957 0
      vertex 4.39752 1.21978 5
    endloop
  endfacet
  facet normal 0.172771 -0.979935 -0.0993807
    outer loop
      vertex 3.77566 2.16224 0
      vertex 3.70313 2.06832 0.799999
      vertex 3.67748 2.14493 0
    endloop
  endfacet
  facet normal 0.172769 -0.979936 -0.0993809
    outer loop
      vertex 3.70313 2.06832 0.799999
      vertex 3.77566 2.16224 0
      vertex 3.7856 2.08286 0.799999
    endloop
  endfacet
  facet normal -0.658394 -0.746084 -0.0993788
    outer loop
      vertex 4.52349 1.95183 0
      vertex 4.54238 1.8286 0.799999
      vertex 4.47959 1.88401 0.799999
    endloop
  endfacet
  facet normal -0.658369 -0.746105 -0.0993826
    outer loop
      vertex 4.54238 1.8286 0.799999
      vertex 4.52349 1.95183 0
      vertex 4.59824 1.88587 0
    endloop
  endfacet
  facet normal -0.93503 -0.340356 -0.0993801
    outer loop
      vertex 4.85557 1.46476 0
      vertex 4.37779 1.31738 5
      vertex 4.36074 1.36422 5
    endloop
  endfacet
  facet normal -0.934909 -0.340687 -0.0993834
    outer loop
      vertex 4.82148 1.55843 0
      vertex 4.74862 1.525 0.799999
      vertex 4.74776 1.52736 0.799999
    endloop
  endfacet
  facet normal -0.935051 -0.3403 -0.0993801
    outer loop
      vertex 4.85557 1.46476 0
      vertex 4.74862 1.525 0.799999
      vertex 4.82148 1.55843 0
    endloop
  endfacet
  facet normal -0.935199 -0.339875 -0.099432
    outer loop
      vertex 4.85557 1.46476 0
      vertex 4.74216 1.525 0.860758
      vertex 4.74862 1.525 0.799999
    endloop
  endfacet
  facet normal -0.935044 -0.340316 -0.0993807
    outer loop
      vertex 4.74216 1.525 0.860758
      vertex 4.85557 1.46476 0
      vertex 4.36074 1.36422 5
    endloop
  endfacet
  facet normal -0.580952 -0.807847 -0.099386
    outer loop
      vertex 4.52349 1.95183 0
      vertex 4.47361 1.88928 0.799999
      vertex 4.46713 1.89394 0.799999
    endloop
  endfacet
  facet normal 0.0736438 -0.99232 -0.0993905
    outer loop
      vertex 3.87507 2.16969 0
      vertex 3.87706 2.08971 0.799999
      vertex 3.86911 2.08912 0.799999
    endloop
  endfacet
  facet normal 0.97531 0.197218 -0.0993799
    outer loop
      vertex 3.40558 1.09548 5
      vertex 3.41546 1.04662 5
      vertex 2.91117 1.02096 0
    endloop
  endfacet
  facet normal 0.762254 0.639603 -0.0993803
    outer loop
      vertex 3.50143 0.868097 5
      vertex 3.16695 0.489827 0
      vertex 3.10287 0.566195 0
    endloop
  endfacet
  facet normal 0.620421 0.777947 -0.0993808
    outer loop
      vertex 3.31626 0.358062 0
      vertex 3.56916 0.795109 5
      vertex 3.60813 0.76403 5
    endloop
  endfacet
  facet normal 0.62036 0.777995 -0.0993819
    outer loop
      vertex 3.56916 0.795109 5
      vertex 3.31626 0.358062 0
      vertex 3.23831 0.420218 0
    endloop
  endfacet
  facet normal 0.916928 0.386479 -0.0993803
    outer loop
      vertex 3.43015 0.998989 5
      vertex 2.99903 0.736115 0
      vertex 2.96031 0.827979 0
    endloop
  endfacet
  facet normal 0.539867 0.835863 -0.0993813
    outer loop
      vertex 3.60813 0.76403 5
      vertex 3.65 0.736987 5
      vertex 3.4 0.303974 0
    endloop
  endfacet
  facet normal -0.123735 0.987326 -0.0993814
    outer loop
      vertex 4.07365 0.185192 0
      vertex 3.97473 0.172795 0
      vertex 3.93736 0.671397 5
    endloop
  endfacet
  facet normal -0.123745 0.987325 -0.0993815
    outer loop
      vertex 3.98682 0.677596 5
      vertex 4.07365 0.185192 0
      vertex 3.93736 0.671397 5
    endloop
  endfacet
  facet normal -0.658342 0.746129 -0.0993824
    outer loop
      vertex 4.24912 0.812066 5
      vertex 4.52349 0.388168 0
      vertex 4.21174 0.779084 5
    endloop
  endfacet
  facet normal -0.964279 0.245539 -0.0993802
    outer loop
      vertex 4.88017 0.971853 0
      vertex 4.85557 0.875244 0
      vertex 4.39009 1.07093 5
    endloop
  endfacet
  facet normal -0.497499 0.861753 -0.0993807
    outer loop
      vertex 4.44255 0.329973 0
      vertex 4.35621 0.280128 0
      vertex 4.12811 0.725063 5
    endloop
  endfacet
  facet normal -0.221388 0.970108 -0.0993817
    outer loop
      vertex 4.03542 0.688687 5
      vertex 4.07365 0.185192 0
      vertex 3.98682 0.677596 5
    endloop
  endfacet
  facet normal -0.221429 0.970099 -0.0993811
    outer loop
      vertex 4.17084 0.207376 0
      vertex 4.07365 0.185192 0
      vertex 4.03542 0.688687 5
    endloop
  endfacet
  facet normal -0.316907 0.943236 -0.099381
    outer loop
      vertex 4.26534 0.239126 0
      vertex 4.17084 0.207376 0
      vertex 4.08267 0.704562 5
    endloop
  endfacet
  facet normal 0.995049 0 -0.0993816
    outer loop
      vertex 3.40062 1.14508 5
      vertex 2.90124 1.21985 0
      vertex 3.40062 1.19492 5
    endloop
  endfacet
  facet normal 0.995049 0 -0.0993816
    outer loop
      vertex 2.90124 1.21985 0
      vertex 3.40062 1.14508 5
      vertex 2.90124 1.12015 0
    endloop
  endfacet
  facet normal 0.9901 -0.0991198 -0.0993804
    outer loop
      vertex 2.91117 1.31904 0
      vertex 3.40558 1.24452 5
      vertex 2.90124 1.21985 0
    endloop
  endfacet
  facet normal 0.950853 -0.293261 -0.0993799
    outer loop
      vertex 3.43015 1.34101 5
      vertex 3.41546 1.29338 5
      vertex 2.96031 1.51202 0
    endloop
  endfacet
  facet normal 0.76218 -0.639692 -0.099383
    outer loop
      vertex 3.45448 1.525 4.29815
      vertex 3.50143 1.4719 5
      vertex 3.43133 1.525 4.12061
    endloop
  endfacet
  facet normal 0.762262 -0.639594 -0.0993807
    outer loop
      vertex 3.22047 1.78965 0.799999
      vertex 3.10287 1.7738 0
      vertex 3.16695 1.85017 0
    endloop
  endfacet
  facet normal 0.762242 -0.639618 -0.0993773
    outer loop
      vertex 3.10287 1.7738 0
      vertex 3.22047 1.78965 0.799999
      vertex 3.16664 1.7255 0.799999
    endloop
  endfacet
  facet normal 0.45396 -0.885461 -0.0993902
    outer loop
      vertex 3.48871 2.08151 0
      vertex 3.44 1.96674 0.799999
      vertex 3.4 2.03603 0
    endloop
  endfacet
  facet normal 0.454002 -0.88544 -0.0993845
    outer loop
      vertex 3.44 1.96674 0.799999
      vertex 3.48871 2.08151 0
      vertex 3.52162 2.00859 0.799999
    endloop
  endfacet
  facet normal 0.0743813 -0.992265 -0.0993818
    outer loop
      vertex 3.77566 2.16224 0
      vertex 3.86911 2.08912 0.799999
      vertex 3.7856 2.08286 0.799999
    endloop
  endfacet
  facet normal 0.0743626 -0.992267 -0.0993798
    outer loop
      vertex 3.86911 2.08912 0.799999
      vertex 3.77566 2.16224 0
      vertex 3.87507 2.16969 0
    endloop
  endfacet
  facet normal -0.729464 -0.676761 -0.0993826
    outer loop
      vertex 4.66604 1.81279 0
      vertex 4.54238 1.8286 0.799999
      vertex 4.59824 1.88587 0
    endloop
  endfacet
  facet normal -0.729433 -0.676796 -0.099377
    outer loop
      vertex 4.54238 1.8286 0.799999
      vertex 4.66604 1.81279 0
      vertex 4.59934 1.76721 0.799999
    endloop
  endfacet
  facet normal -0.793168 -0.600839 -0.0993832
    outer loop
      vertex 4.72624 1.73332 0
      vertex 4.60476 1.76136 0.799999
      vertex 4.66604 1.81279 0
    endloop
  endfacet
  facet normal -0.793179 -0.600824 -0.0993855
    outer loop
      vertex 4.60476 1.76136 0.799999
      vertex 4.72624 1.73332 0
      vertex 4.66014 1.68825 0.799999
    endloop
  endfacet
  facet normal -0.793161 -0.600848 -0.0993806
    outer loop
      vertex 4.31312 1.45166 5
      vertex 4.32307 1.525 4.47718
      vertex 4.42069 1.525 3.69807
    endloop
  endfacet
  facet normal -0.793131 -0.600887 -0.0993855
    outer loop
      vertex 4.32307 1.525 4.47718
      vertex 4.31312 1.45166 5
      vertex 4.28302 1.49139 5
    endloop
  endfacet
  facet normal -0.983934 -0.148319 -0.0993803
    outer loop
      vertex 4.88017 1.36815 0
      vertex 4.39752 1.21978 5
      vertex 4.39009 1.26907 5
    endloop
  endfacet
  facet normal -0.96428 -0.245536 -0.0993804
    outer loop
      vertex 4.85557 1.46476 0
      vertex 4.88017 1.36815 0
      vertex 4.39009 1.26907 5
    endloop
  endfacet
  facet normal -0.580841 -0.807926 -0.0993939
    outer loop
      vertex 4.44255 2.01003 0
      vertex 4.46713 1.89394 0.799999
      vertex 4.39914 1.94282 0.799999
    endloop
  endfacet
  facet normal -0.580907 -0.80788 -0.0993852
    outer loop
      vertex 4.46713 1.89394 0.799999
      vertex 4.44255 2.01003 0
      vertex 4.52349 1.95183 0
    endloop
  endfacet
  facet normal -0.221009 -0.970194 -0.0993894
    outer loop
      vertex 4.07365 2.15481 0
      vertex 4.06753 2.07425 0.799999
      vertex 4.05976 2.07602 0.799999
    endloop
  endfacet
  facet normal -0.0248358 -0.99474 -0.099376
    outer loop
      vertex 3.87507 2.16969 0
      vertex 3.96875 2.08743 0.799999
      vertex 3.88504 2.08952 0.799999
    endloop
  endfacet
  facet normal -0.0248535 -0.99474 -0.0993739
    outer loop
      vertex 3.96875 2.08743 0.799999
      vertex 3.87507 2.16969 0
      vertex 3.97473 2.1672 0
    endloop
  endfacet
  facet normal -0.123574 -0.987347 -0.0993747
    outer loop
      vertex 3.97473 2.1672 0
      vertex 3.97666 2.08644 0.799999
      vertex 3.96875 2.08743 0.799999
    endloop
  endfacet
  facet normal 0.694813 0.712291 -0.0993821
    outer loop
      vertex 3.56916 0.795109 5
      vertex 3.23831 0.420218 0
      vertex 3.16695 0.489827 0
    endloop
  endfacet
  facet normal 0.762254 0.639603 -0.0993803
    outer loop
      vertex 3.50143 0.868097 5
      vertex 3.53347 0.829913 5
      vertex 3.16695 0.489827 0
    endloop
  endfacet
  facet normal 0.822143 0.560539 -0.0993804
    outer loop
      vertex 3.50143 0.868097 5
      vertex 3.04671 0.648564 0
      vertex 3.47335 0.909282 5
    endloop
  endfacet
  facet normal 0.82214 0.560543 -0.0993803
    outer loop
      vertex 3.04671 0.648564 0
      vertex 3.50143 0.868097 5
      vertex 3.10287 0.566195 0
    endloop
  endfacet
  facet normal 0.9901 0.0991198 -0.0993804
    outer loop
      vertex 3.40558 1.09548 5
      vertex 2.91117 1.02096 0
      vertex 2.90124 1.12015 0
    endloop
  endfacet
  facet normal 0.975328 0.197128 -0.0993813
    outer loop
      vertex 3.41546 1.04662 5
      vertex 2.93092 0.923243 0
      vertex 2.91117 1.02096 0
    endloop
  endfacet
  facet normal 0.950828 0.293341 -0.0993812
    outer loop
      vertex 3.41546 1.04662 5
      vertex 2.96031 0.827979 0
      vertex 2.93092 0.923243 0
    endloop
  endfacet
  facet normal 0.539881 0.835854 -0.099381
    outer loop
      vertex 3.60813 0.76403 5
      vertex 3.4 0.303974 0
      vertex 3.31626 0.358062 0
    endloop
  endfacet
  facet normal -0.0247937 0.99474 -0.0993812
    outer loop
      vertex 3.97473 0.172795 0
      vertex 3.88753 0.670155 5
      vertex 3.93736 0.671397 5
    endloop
  endfacet
  facet normal -0.0248036 0.99474 -0.0993814
    outer loop
      vertex 3.88753 0.670155 5
      vertex 3.97473 0.172795 0
      vertex 3.87507 0.17031 0
    endloop
  endfacet
  facet normal -0.72946 0.676766 -0.0993812
    outer loop
      vertex 4.66604 0.527212 0
      vertex 4.59824 0.454133 0
      vertex 4.24912 0.812066 5
    endloop
  endfacet
  facet normal -0.729464 0.676761 -0.0993813
    outer loop
      vertex 4.28302 0.848606 5
      vertex 4.66604 0.527212 0
      vertex 4.24912 0.812066 5
    endloop
  endfacet
  facet normal -0.849084 0.518825 -0.0993813
    outer loop
      vertex 4.33911 0.930873 5
      vertex 4.77822 0.691746 0
      vertex 4.31312 0.888339 5
    endloop
  endfacet
  facet normal -0.896485 0.431784 -0.0993813
    outer loop
      vertex 4.82148 0.781565 0
      vertex 4.33911 0.930873 5
      vertex 4.36074 0.975782 5
    endloop
  endfacet
  facet normal -0.896487 0.43178 -0.0993814
    outer loop
      vertex 4.33911 0.930873 5
      vertex 4.82148 0.781565 0
      vertex 4.77822 0.691746 0
    endloop
  endfacet
  facet normal -0.964286 0.245513 -0.0993798
    outer loop
      vertex 4.39009 1.07093 5
      vertex 4.85557 0.875244 0
      vertex 4.37779 1.02262 5
    endloop
  endfacet
  facet normal -0.983933 0.148323 -0.0993803
    outer loop
      vertex 4.89503 1.07043 0
      vertex 4.88017 0.971853 0
      vertex 4.39752 1.12022 5
    endloop
  endfacet
  facet normal -0.497608 0.86169 -0.0993826
    outer loop
      vertex 4.17127 0.749987 5
      vertex 4.44255 0.329973 0
      vertex 4.12811 0.725063 5
    endloop
  endfacet
  facet normal -0.409213 0.907011 -0.0993804
    outer loop
      vertex 4.12811 0.725063 5
      vertex 4.35621 0.280128 0
      vertex 4.08267 0.704562 5
    endloop
  endfacet
  facet normal 0.975329 -0.197122 -0.0993813
    outer loop
      vertex 2.93092 1.41676 0
      vertex 3.41546 1.29338 5
      vertex 2.91117 1.31904 0
    endloop
  endfacet
  facet normal 0.950825 -0.293352 -0.0993813
    outer loop
      vertex 2.96031 1.51202 0
      vertex 3.41546 1.29338 5
      vertex 2.93092 1.41676 0
    endloop
  endfacet
  facet normal 0 0 -1
    outer loop
      vertex 4.39752 1.12022 5
      vertex 4.39752 1.21978 5
      vertex 4.4 1.17 5
    endloop
  endfacet
  facet normal 0 0 -1
    outer loop
      vertex 4.39009 1.07093 5
      vertex 4.39752 1.21978 5
      vertex 4.39752 1.12022 5
    endloop
  endfacet
  facet normal 0 0 -1
    outer loop
      vertex 4.39009 1.07093 5
      vertex 4.39009 1.26907 5
      vertex 4.39752 1.21978 5
    endloop
  endfacet
  facet normal 0 0 -1
    outer loop
      vertex 4.37779 1.02262 5
      vertex 4.39009 1.26907 5
      vertex 4.39009 1.07093 5
    endloop
  endfacet
  facet normal 0 0 -1
    outer loop
      vertex 4.37779 1.02262 5
      vertex 4.37779 1.31738 5
      vertex 4.39009 1.26907 5
    endloop
  endfacet
  facet normal 0 0 -1
    outer loop
      vertex 4.36074 0.975782 5
      vertex 4.37779 1.31738 5
      vertex 4.37779 1.02262 5
    endloop
  endfacet
  facet normal 0 0 -1
    outer loop
      vertex 4.36074 0.975782 5
      vertex 4.36074 1.36422 5
      vertex 4.37779 1.31738 5
    endloop
  endfacet
  facet normal 0 0 -1
    outer loop
      vertex 4.33911 0.930873 5
      vertex 4.36074 1.36422 5
      vertex 4.36074 0.975782 5
    endloop
  endfacet
  facet normal 0 0 -1
    outer loop
      vertex 4.33911 0.930873 5
      vertex 4.33911 1.40913 5
      vertex 4.36074 1.36422 5
    endloop
  endfacet
  facet normal 0 0 -1
    outer loop
      vertex 4.31312 0.888339 5
      vertex 4.33911 1.40913 5
      vertex 4.33911 0.930873 5
    endloop
  endfacet
  facet normal 0 0 -1
    outer loop
      vertex 4.31312 0.888339 5
      vertex 4.31312 1.45166 5
      vertex 4.33911 1.40913 5
    endloop
  endfacet
  facet normal 0 0 -1
    outer loop
      vertex 4.28302 0.848606 5
      vertex 4.31312 1.45166 5
      vertex 4.31312 0.888339 5
    endloop
  endfacet
  facet normal 0 0 -1
    outer loop
      vertex 4.28302 0.848606 5
      vertex 4.28302 1.49139 5
      vertex 4.31312 1.45166 5
    endloop
  endfacet
  facet normal 0 0 -1
    outer loop
      vertex 4.28302 0.848606 5
      vertex 4.25184 1.525 5
      vertex 4.28302 1.49139 5
    endloop
  endfacet
  facet normal 0 0 -1
    outer loop
      vertex 4.24912 0.812066 5
      vertex 4.25184 1.525 5
      vertex 4.28302 0.848606 5
    endloop
  endfacet
  facet normal 0 0 -1
    outer loop
      vertex 4.21174 0.779084 5
      vertex 4.25184 1.525 5
      vertex 4.24912 0.812066 5
    endloop
  endfacet
  facet normal 0 0 -1
    outer loop
      vertex 4.17127 0.749987 5
      vertex 4.25184 1.525 5
      vertex 4.21174 0.779084 5
    endloop
  endfacet
  facet normal 0 0 -1
    outer loop
      vertex 4.12811 0.725063 5
      vertex 4.25184 1.525 5
      vertex 4.17127 0.749987 5
    endloop
  endfacet
  facet normal 0 0 -1
    outer loop
      vertex 4.08267 0.704562 5
      vertex 4.25184 1.525 5
      vertex 4.12811 0.725063 5
    endloop
  endfacet
  facet normal 0 0 -1
    outer loop
      vertex 4.03542 0.688687 5
      vertex 4.25184 1.525 5
      vertex 4.08267 0.704562 5
    endloop
  endfacet
  facet normal 0 0 -1
    outer loop
      vertex 3.98682 0.677596 5
      vertex 4.25184 1.525 5
      vertex 4.03542 0.688687 5
    endloop
  endfacet
  facet normal 0 0 -1
    outer loop
      vertex 3.93736 0.671397 5
      vertex 4.25184 1.525 5
      vertex 3.98682 0.677596 5
    endloop
  endfacet
  facet normal 0 0 -1
    outer loop
      vertex 3.88753 0.670155 5
      vertex 4.25184 1.525 5
      vertex 3.93736 0.671397 5
    endloop
  endfacet
  facet normal 0 0 -1
    outer loop
      vertex 3.83783 0.67388 5
      vertex 4.25184 1.525 5
      vertex 3.88753 0.670155 5
    endloop
  endfacet
  facet normal 0 0 -1
    outer loop
      vertex 3.78874 0.682535 5
      vertex 4.25184 1.525 5
      vertex 3.83783 0.67388 5
    endloop
  endfacet
  facet normal 0 0 -1
    outer loop
      vertex 3.74076 0.696035 5
      vertex 4.25184 1.525 5
      vertex 3.78874 0.682535 5
    endloop
  endfacet
  facet normal 0 0 -1
    outer loop
      vertex 3.69436 0.714247 5
      vertex 4.25184 1.525 5
      vertex 3.74076 0.696035 5
    endloop
  endfacet
  facet normal 0 0 -1
    outer loop
      vertex 3.65 0.736987 5
      vertex 4.25184 1.525 5
      vertex 3.69436 0.714247 5
    endloop
  endfacet
  facet normal 0 0 -1
    outer loop
      vertex 3.60813 0.76403 5
      vertex 4.25184 1.525 5
      vertex 3.65 0.736987 5
    endloop
  endfacet
  facet normal 0 0 -1
    outer loop
      vertex 3.56916 0.795109 5
      vertex 4.25184 1.525 5
      vertex 3.60813 0.76403 5
    endloop
  endfacet
  facet normal 0 0 -1
    outer loop
      vertex 3.56916 0.795109 5
      vertex 3.54876 1.525 5
      vertex 4.25184 1.525 5
    endloop
  endfacet
  facet normal 0 0 -1
    outer loop
      vertex 3.53347 0.829913 5
      vertex 3.54876 1.525 5
      vertex 3.56916 0.795109 5
    endloop
  endfacet
  facet normal 0 0 -1
    outer loop
      vertex 3.50143 0.868097 5
      vertex 3.54876 1.525 5
      vertex 3.53347 0.829913 5
    endloop
  endfacet
  facet normal 0 0 -1
    outer loop
      vertex 3.50143 1.4719 5
      vertex 3.54876 1.525 5
      vertex 3.50143 0.868097 5
    endloop
  endfacet
  facet normal 0 0 -1
    outer loop
      vertex 3.54876 1.525 5
      vertex 3.50143 1.4719 5
      vertex 3.53347 1.51009 5
    endloop
  endfacet
  facet normal 0 0 -1
    outer loop
      vertex 3.47335 0.909282 5
      vertex 3.50143 1.4719 5
      vertex 3.50143 0.868097 5
    endloop
  endfacet
  facet normal 0 0 -1
    outer loop
      vertex 3.47335 0.909282 5
      vertex 3.47335 1.43072 5
      vertex 3.50143 1.4719 5
    endloop
  endfacet
  facet normal 0 0 -1
    outer loop
      vertex 3.44952 0.953057 5
      vertex 3.47335 1.43072 5
      vertex 3.47335 0.909282 5
    endloop
  endfacet
  facet normal 0 0 -1
    outer loop
      vertex 3.44952 0.953057 5
      vertex 3.44952 1.38694 5
      vertex 3.47335 1.43072 5
    endloop
  endfacet
  facet normal 0 0 -1
    outer loop
      vertex 3.43015 0.998989 5
      vertex 3.44952 1.38694 5
      vertex 3.44952 0.953057 5
    endloop
  endfacet
  facet normal 0 0 -1
    outer loop
      vertex 3.43015 0.998989 5
      vertex 3.43015 1.34101 5
      vertex 3.44952 1.38694 5
    endloop
  endfacet
  facet normal 0 0 -1
    outer loop
      vertex 3.41546 1.04662 5
      vertex 3.43015 1.34101 5
      vertex 3.43015 0.998989 5
    endloop
  endfacet
  facet normal 0 0 -1
    outer loop
      vertex 3.41546 1.04662 5
      vertex 3.41546 1.29338 5
      vertex 3.43015 1.34101 5
    endloop
  endfacet
  facet normal 0 0 -1
    outer loop
      vertex 3.40558 1.09548 5
      vertex 3.41546 1.29338 5
      vertex 3.41546 1.04662 5
    endloop
  endfacet
  facet normal 0 0 -1
    outer loop
      vertex 3.40558 1.09548 5
      vertex 3.40558 1.24452 5
      vertex 3.41546 1.29338 5
    endloop
  endfacet
  facet normal 0 0 -1
    outer loop
      vertex 3.40062 1.14508 5
      vertex 3.40558 1.24452 5
      vertex 3.40558 1.09548 5
    endloop
  endfacet
  facet normal 0 0 -1
    outer loop
      vertex 3.40558 1.24452 5
      vertex 3.40062 1.14508 5
      vertex 3.40062 1.19492 5
    endloop
  endfacet
  facet normal 0.97531 -0.197218 -0.0993799
    outer loop
      vertex 3.41546 1.29338 5
      vertex 3.40558 1.24452 5
      vertex 2.91117 1.31904 0
    endloop
  endfacet
  facet normal 0.822144 -0.560539 -0.0993778
    outer loop
      vertex 3.16664 1.7255 0.799999
      vertex 3.04671 1.69143 0
      vertex 3.10287 1.7738 0
    endloop
  endfacet
  facet normal 0.822128 -0.560562 -0.0993745
    outer loop
      vertex 3.04671 1.69143 0
      vertex 3.16664 1.7255 0.799999
      vertex 3.11497 1.64972 0.799999
    endloop
  endfacet
  facet normal 0.822111 -0.560585 -0.0993838
    outer loop
      vertex 3.47335 1.43072 5
      vertex 3.43133 1.525 4.12061
      vertex 3.50143 1.4719 5
    endloop
  endfacet
  facet normal 0.822165 -0.560507 -0.099378
    outer loop
      vertex 3.43133 1.525 4.12061
      vertex 3.47335 1.43072 5
      vertex 3.31907 1.525 3.19187
    endloop
  endfacet
  facet normal 0.620384 -0.777976 -0.0993828
    outer loop
      vertex 3.31626 1.98194 0
      vertex 3.29125 1.8598 0.799999
      vertex 3.23831 1.91978 0
    endloop
  endfacet
  facet normal 0.620358 -0.777997 -0.0993868
    outer loop
      vertex 3.29125 1.8598 0.799999
      vertex 3.31626 1.98194 0
      vertex 3.36296 1.91698 0.799999
    endloop
  endfacet
  facet normal 0.694819 -0.712286 -0.0993747
    outer loop
      vertex 3.23831 1.91978 0
      vertex 3.2313 1.80133 0.799999
      vertex 3.16695 1.85017 0
    endloop
  endfacet
  facet normal 0.694758 -0.712344 -0.0993837
    outer loop
      vertex 3.2313 1.80133 0.799999
      vertex 3.23831 1.91978 0
      vertex 3.29125 1.8598 0.799999
    endloop
  endfacet
  facet normal 0.269483 -0.957863 -0.0993885
    outer loop
      vertex 3.67748 2.14493 0
      vertex 3.60699 2.04209 0.799999
      vertex 3.58151 2.11793 0
    endloop
  endfacet
  facet normal 0.26949 -0.957861 -0.0993877
    outer loop
      vertex 3.60699 2.04209 0.799999
      vertex 3.67748 2.14493 0
      vertex 3.69528 2.06693 0.799999
    endloop
  endfacet
  facet normal -0.896489 -0.431776 -0.0993839
    outer loop
      vertex 4.82148 1.55843 0
      vertex 4.70796 1.60999 0.799999
      vertex 4.77822 1.64825 0
    endloop
  endfacet
  facet normal -0.896477 -0.431802 -0.0993806
    outer loop
      vertex 4.70796 1.60999 0.799999
      vertex 4.82148 1.55843 0
      vertex 4.74776 1.52736 0.799999
    endloop
  endfacet
  facet normal -0.8965 -0.431753 -0.0993806
    outer loop
      vertex 4.36074 1.36422 5
      vertex 4.55189 1.525 2.57716
      vertex 4.74216 1.525 0.860758
    endloop
  endfacet
  facet normal -0.896489 -0.431776 -0.0993812
    outer loop
      vertex 4.55189 1.525 2.57716
      vertex 4.36074 1.36422 5
      vertex 4.33911 1.40913 5
    endloop
  endfacet
  facet normal -0.729482 -0.676741 -0.0993861
    outer loop
      vertex 4.32307 1.525 4.47718
      vertex 4.28302 1.49139 5
      vertex 4.25184 1.525 5
    endloop
  endfacet
  facet normal -0.72992 -0.676268 -0.0993876
    outer loop
      vertex 4.66604 1.81279 0
      vertex 4.60476 1.76136 0.799999
      vertex 4.59934 1.76721 0.799999
    endloop
  endfacet
  facet normal -0.964286 -0.245513 -0.09938
    outer loop
      vertex 4.85557 1.46476 0
      vertex 4.39009 1.26907 5
      vertex 4.37779 1.31738 5
    endloop
  endfacet
  facet normal -0.498112 -0.861397 -0.099397
    outer loop
      vertex 4.44255 2.01003 0
      vertex 4.39914 1.94282 0.799999
      vertex 4.39224 1.94681 0.799999
    endloop
  endfacet
  facet normal -0.497478 -0.861765 -0.0993838
    outer loop
      vertex 4.35621 2.05987 0
      vertex 4.39224 1.94681 0.799999
      vertex 4.31971 1.98868 0.799999
    endloop
  endfacet
  facet normal -0.497461 -0.861774 -0.0993859
    outer loop
      vertex 4.39224 1.94681 0.799999
      vertex 4.35621 2.05987 0
      vertex 4.44255 2.01003 0
    endloop
  endfacet
  facet normal -0.316907 -0.943235 -0.0993825
    outer loop
      vertex 4.26534 2.10087 0
      vertex 4.23611 2.0264 0.799999
      vertex 4.22855 2.02894 0.799999
    endloop
  endfacet
  facet normal -0.0236849 -0.994766 -0.099393
    outer loop
      vertex 3.88504 2.08952 0.799999
      vertex 3.87706 2.08971 0.799999
      vertex 3.87507 2.16969 0
    endloop
  endfacet
  facet normal -0.123801 -0.987319 -0.0993713
    outer loop
      vertex 3.97473 2.1672 0
      vertex 4.05976 2.07602 0.799999
      vertex 3.97666 2.08644 0.799999
    endloop
  endfacet
  facet normal -0.123666 -0.987334 -0.0993874
    outer loop
      vertex 4.05976 2.07602 0.799999
      vertex 3.97473 2.1672 0
      vertex 4.07365 2.15481 0
    endloop
  endfacet
  facet normal 0.694708 0.712393 -0.0993799
    outer loop
      vertex 3.53347 0.829913 5
      vertex 3.56916 0.795109 5
      vertex 3.16695 0.489827 0
    endloop
  endfacet
  facet normal 0.873946 0.475754 -0.099383
    outer loop
      vertex 3.47335 0.909282 5
      vertex 2.99903 0.736115 0
      vertex 3.44952 0.953057 5
    endloop
  endfacet
  facet normal 0.873864 0.475904 -0.0993804
    outer loop
      vertex 2.99903 0.736115 0
      vertex 3.47335 0.909282 5
      vertex 3.04671 0.648564 0
    endloop
  endfacet
  facet normal 0.990111 0.0990111 -0.099382
    outer loop
      vertex 3.40062 1.14508 5
      vertex 3.40558 1.09548 5
      vertex 2.90124 1.12015 0
    endloop
  endfacet
  facet normal 0.45392 0.885483 -0.0993822
    outer loop
      vertex 3.48871 0.258493 0
      vertex 3.65 0.736987 5
      vertex 3.69436 0.714247 5
    endloop
  endfacet
  facet normal 0.453968 0.885458 -0.0993814
    outer loop
      vertex 3.65 0.736987 5
      vertex 3.48871 0.258493 0
      vertex 3.4 0.303974 0
    endloop
  endfacet
  facet normal 0.269502 0.957858 -0.0993813
    outer loop
      vertex 3.74076 0.696035 5
      vertex 3.67748 0.195071 0
      vertex 3.58151 0.222073 0
    endloop
  endfacet
  facet normal 0.269509 0.957856 -0.0993812
    outer loop
      vertex 3.74076 0.696035 5
      vertex 3.78874 0.682535 5
      vertex 3.67748 0.195071 0
    endloop
  endfacet
  facet normal 0.0743701 0.992266 -0.0993812
    outer loop
      vertex 3.87507 0.17031 0
      vertex 3.83783 0.67388 5
      vertex 3.88753 0.670155 5
    endloop
  endfacet
  facet normal 0.0743626 0.992267 -0.0993813
    outer loop
      vertex 3.83783 0.67388 5
      vertex 3.87507 0.17031 0
      vertex 3.77566 0.17776 0
    endloop
  endfacet
  facet normal -0.580868 0.807908 -0.0993821
    outer loop
      vertex 4.21174 0.779084 5
      vertex 4.44255 0.329973 0
      vertex 4.17127 0.749987 5
    endloop
  endfacet
  facet normal -0.580874 0.807904 -0.099382
    outer loop
      vertex 4.52349 0.388168 0
      vertex 4.44255 0.329973 0
      vertex 4.21174 0.779084 5
    endloop
  endfacet
  facet normal -0.935061 0.340271 -0.0993813
    outer loop
      vertex 4.85557 0.875244 0
      vertex 4.82148 0.781565 0
      vertex 4.36074 0.975782 5
    endloop
  endfacet
  facet normal -0.935026 0.340369 -0.0993797
    outer loop
      vertex 4.37779 1.02262 5
      vertex 4.85557 0.875244 0
      vertex 4.36074 0.975782 5
    endloop
  endfacet
  facet normal -0.983934 0.148319 -0.0993802
    outer loop
      vertex 4.39752 1.12022 5
      vertex 4.88017 0.971853 0
      vertex 4.39009 1.07093 5
    endloop
  endfacet
  facet normal 0.916816 -0.38675 -0.0993652
    outer loop
      vertex 3.1284 1.525 1.5004
      vertex 2.96031 1.51202 0
      vertex 3.05249 1.525 0.799999
    endloop
  endfacet
  facet normal 0.916929 -0.386477 -0.0993803
    outer loop
      vertex 2.96031 1.51202 0
      vertex 3.1284 1.525 1.5004
      vertex 3.43015 1.34101 5
    endloop
  endfacet
  facet normal 0.916923 -0.386492 -0.0993817
    outer loop
      vertex 2.96031 1.51202 0
      vertex 3.06801 1.56182 0.799999
      vertex 3.05249 1.525 0.799999
    endloop
  endfacet
  facet normal 0.916922 -0.386493 -0.0993816
    outer loop
      vertex 3.06801 1.56182 0.799999
      vertex 2.96031 1.51202 0
      vertex 2.99903 1.60388 0
    endloop
  endfacet
  facet normal 0.874263 -0.47517 -0.0993876
    outer loop
      vertex 3.07492 1.57618 0.799999
      vertex 3.07111 1.56917 0.799999
      vertex 2.99903 1.60388 0
    endloop
  endfacet
  facet normal 0.873969 -0.475712 -0.0993831
    outer loop
      vertex 3.44952 1.38694 5
      vertex 3.2151 1.525 2.27768
      vertex 3.47335 1.43072 5
    endloop
  endfacet
  facet normal 0.873881 -0.475874 -0.0993837
    outer loop
      vertex 3.2151 1.525 2.27768
      vertex 3.44952 1.38694 5
      vertex 3.16283 1.525 1.81807
    endloop
  endfacet
  facet normal 0.762305 -0.639546 -0.0993609
    outer loop
      vertex 3.50143 1.4719 5
      vertex 3.5174 1.525 4.78074
      vertex 3.53347 1.51009 5
    endloop
  endfacet
  facet normal 0.762246 -0.639613 -0.0993815
    outer loop
      vertex 3.5174 1.525 4.78074
      vertex 3.50143 1.4719 5
      vertex 3.45448 1.525 4.29815
    endloop
  endfacet
  facet normal 0.762677 -0.639101 -0.0993712
    outer loop
      vertex 3.22559 1.79576 0.799999
      vertex 3.22047 1.78965 0.799999
      vertex 3.16695 1.85017 0
    endloop
  endfacet
  facet normal 0.539895 -0.835844 -0.099387
    outer loop
      vertex 3.4 2.03603 0
      vertex 3.36296 1.91698 0.799999
      vertex 3.31626 1.98194 0
    endloop
  endfacet
  facet normal 0.539941 -0.835815 -0.0993806
    outer loop
      vertex 3.36296 1.91698 0.799999
      vertex 3.4 2.03603 0
      vertex 3.4333 1.96242 0.799999
    endloop
  endfacet
  facet normal 0.173494 -0.979807 -0.0993915
    outer loop
      vertex 3.70313 2.06832 0.799999
      vertex 3.69528 2.06693 0.799999
      vertex 3.67748 2.14493 0
    endloop
  endfacet
  facet normal -0.221489 -0.970085 -0.0993821
    outer loop
      vertex 4.07365 2.15481 0
      vertex 4.14917 2.05561 0.799999
      vertex 4.06753 2.07425 0.799999
    endloop
  endfacet
  facet normal -0.221486 -0.970086 -0.0993825
    outer loop
      vertex 4.14917 2.05561 0.799999
      vertex 4.07365 2.15481 0
      vertex 4.17084 2.13262 0
    endloop
  endfacet
  facet normal -0.316907 -0.943235 -0.0993825
    outer loop
      vertex 4.17084 2.13262 0
      vertex 4.22855 2.02894 0.799999
      vertex 4.14917 2.05561 0.799999
    endloop
  endfacet
  facet normal -0.316907 -0.943235 -0.0993825
    outer loop
      vertex 4.22855 2.02894 0.799999
      vertex 4.17084 2.13262 0
      vertex 4.26534 2.10087 0
    endloop
  endfacet
  facet normal -0.409215 -0.90701 -0.0993831
    outer loop
      vertex 4.26534 2.10087 0
      vertex 4.24338 2.02312 0.799999
      vertex 4.23611 2.0264 0.799999
    endloop
  endfacet
  facet normal 0.916857 0.386648 -0.099383
    outer loop
      vertex 3.43015 0.998989 5
      vertex 3.44952 0.953057 5
      vertex 2.99903 0.736115 0
    endloop
  endfacet
  facet normal 0.172771 0.979935 -0.0993814
    outer loop
      vertex 3.77566 0.17776 0
      vertex 3.78874 0.682535 5
      vertex 3.83783 0.67388 5
    endloop
  endfacet
  facet normal 0.172781 0.979934 -0.0993812
    outer loop
      vertex 3.78874 0.682535 5
      vertex 3.77566 0.17776 0
      vertex 3.67748 0.195071 0
    endloop
  endfacet
  facet normal 0.363556 0.926256 -0.099382
    outer loop
      vertex 3.69436 0.714247 5
      vertex 3.74076 0.696035 5
      vertex 3.48871 0.258493 0
    endloop
  endfacet
  facet normal 0.363521 0.92627 -0.0993815
    outer loop
      vertex 3.74076 0.696035 5
      vertex 3.58151 0.222073 0
      vertex 3.48871 0.258493 0
    endloop
  endfacet
  facet normal 0.873863 -0.475908 -0.0993751
    outer loop
      vertex 3.11497 1.64972 0.799999
      vertex 2.99903 1.60388 0
      vertex 3.04671 1.69143 0
    endloop
  endfacet
  facet normal 0.873863 -0.475907 -0.0993753
    outer loop
      vertex 2.99903 1.60388 0
      vertex 3.11497 1.64972 0.799999
      vertex 3.07492 1.57618 0.799999
    endloop
  endfacet
  facet normal 0.873816 -0.475993 -0.0993783
    outer loop
      vertex 3.31907 1.525 3.19187
      vertex 3.47335 1.43072 5
      vertex 3.2151 1.525 2.27768
    endloop
  endfacet
  facet normal 0.539215 -0.836282 -0.0993934
    outer loop
      vertex 3.44 1.96674 0.799999
      vertex 3.4333 1.96242 0.799999
      vertex 3.4 2.03603 0
    endloop
  endfacet
  facet normal 0.916851 -0.386662 -0.0993845
    outer loop
      vertex 3.43015 1.34101 5
      vertex 3.16283 1.525 1.81807
      vertex 3.44952 1.38694 5
    endloop
  endfacet
  facet normal 0.916935 -0.386463 -0.0993801
    outer loop
      vertex 3.16283 1.525 1.81807
      vertex 3.43015 1.34101 5
      vertex 3.1284 1.525 1.5004
    endloop
  endfacet
  facet normal 0.916837 -0.386693 -0.0993848
    outer loop
      vertex 3.07111 1.56917 0.799999
      vertex 3.06801 1.56182 0.799999
      vertex 2.99903 1.60388 0
    endloop
  endfacet
  facet normal 0.995049 0 -0.0993816
    outer loop
      vertex 3.40062 14.6051 5
      vertex 2.90124 14.6798 0
      vertex 3.40062 14.6549 5
    endloop
  endfacet
  facet normal 0.995049 0 -0.0993816
    outer loop
      vertex 2.90124 14.6798 0
      vertex 3.40062 14.6051 5
      vertex 2.90124 14.5802 0
    endloop
  endfacet
  facet normal -0.993818 -0.0494913 -0.0993818
    outer loop
      vertex 4.9 14.63 0
      vertex 4.4 14.63 5
      vertex 4.39752 14.6798 5
    endloop
  endfacet
  facet normal -0.993813 -0.0495909 -0.0993803
    outer loop
      vertex 4.89503 14.7296 0
      vertex 4.9 14.63 0
      vertex 4.39752 14.6798 5
    endloop
  endfacet
  facet normal -0.983938 -0.148289 -0.0993778
    outer loop
      vertex 4.88017 14.8281 0
      vertex 4.39752 14.6798 5
      vertex 4.39009 14.7291 5
    endloop
  endfacet
  facet normal 0.0748588 -0.992229 -0.0993896
    outer loop
      vertex 3.87507 15.6297 0
      vertex 3.88753 15.1298 5
      vertex 3.77566 15.6222 0
    endloop
  endfacet
  facet normal -0.658032 -0.746402 -0.0993888
    outer loop
      vertex 4.52349 15.4118 0
      vertex 4.59824 15.3459 0
      vertex 4.24912 14.9879 5
    endloop
  endfacet
  facet normal 0.97536 0.196967 -0.0993813
    outer loop
      vertex 3.41546 14.5066 5
      vertex 2.93092 14.3832 0
      vertex 2.91117 14.481 0
    endloop
  endfacet
  facet normal 0.950801 0.29343 -0.0993821
    outer loop
      vertex 3.43015 14.459 5
      vertex 2.93092 14.3832 0
      vertex 3.41546 14.5066 5
    endloop
  endfacet
  facet normal 0.950773 0.293521 -0.0993806
    outer loop
      vertex 2.93092 14.3832 0
      vertex 3.43015 14.459 5
      vertex 2.96031 14.288 0
    endloop
  endfacet
  facet normal -0.993818 0.0494913 -0.0993818
    outer loop
      vertex 4.4 14.63 5
      vertex 4.9 14.63 0
      vertex 4.39752 14.5802 5
    endloop
  endfacet
  facet normal -0.8489 -0.519127 -0.0993768
    outer loop
      vertex 4.77822 15.1083 0
      vertex 4.31312 14.9117 5
      vertex 4.72624 15.1933 0
    endloop
  endfacet
  facet normal -0.849441 -0.518239 -0.0993921
    outer loop
      vertex 4.31312 14.9117 5
      vertex 4.77822 15.1083 0
      vertex 4.33911 14.8691 5
    endloop
  endfacet
  facet normal -0.793277 -0.600695 -0.0993809
    outer loop
      vertex 4.72624 15.1933 0
      vertex 4.28302 14.9514 5
      vertex 4.66604 15.2728 0
    endloop
  endfacet
  facet normal -0.792914 -0.601176 -0.099372
    outer loop
      vertex 4.28302 14.9514 5
      vertex 4.72624 15.1933 0
      vertex 4.31312 14.9117 5
    endloop
  endfacet
  facet normal 0.694667 -0.712433 -0.0993816
    outer loop
      vertex 3.56916 15.0049 5
      vertex 3.53347 14.9701 5
      vertex 3.16695 15.3102 0
    endloop
  endfacet
  facet normal 0.690308 0.716665 -0.0993329
    outer loop
      vertex 3.22559 14.0042 0.799999
      vertex 3.2313 13.9987 0.799999
      vertex 3.16695 13.9498 0
    endloop
  endfacet
  facet normal 0.694463 0.71264 -0.0993266
    outer loop
      vertex 3.53347 14.2899 5
      vertex 3.54876 14.275 5
      vertex 3.5174 14.275 4.78074
    endloop
  endfacet
  facet normal -0.316458 0.943383 -0.0994152
    outer loop
      vertex 4.17084 13.6674 0
      vertex 4.23611 13.7736 0.799999
      vertex 4.26534 13.6991 0
    endloop
  endfacet
  facet normal -0.317229 0.943134 -0.0993192
    outer loop
      vertex 4.23611 13.7736 0.799999
      vertex 4.17084 13.6674 0
      vertex 4.15673 13.7469 0.799999
    endloop
  endfacet
  facet normal -0.727022 0.67939 -0.0993408
    outer loop
      vertex 4.60476 14.0386 0.799999
      vertex 4.66604 13.9872 0
      vertex 4.59934 14.0328 0.799999
    endloop
  endfacet
  facet normal -0.729383 0.67685 -0.0993725
    outer loop
      vertex 4.28302 14.3086 5
      vertex 4.32307 14.275 4.47718
      vertex 4.25184 14.275 5
    endloop
  endfacet
  facet normal -0.848936 0.51907 -0.0993678
    outer loop
      vertex 4.48663 14.275 3.13474
      vertex 4.42069 14.275 3.69809
      vertex 4.31312 14.3483 5
    endloop
  endfacet
  facet normal -0.849236 0.518569 -0.099419
    outer loop
      vertex 4.77822 14.1517 0
      vertex 4.66014 14.1117 0.799999
      vertex 4.7038 14.1832 0.799999
    endloop
  endfacet
  facet normal -0.848903 0.519129 -0.0993417
    outer loop
      vertex 4.66014 14.1117 0.799999
      vertex 4.77822 14.1517 0
      vertex 4.72624 14.0667 0
    endloop
  endfacet
  facet normal -0.983916 0.148436 -0.09938
    outer loop
      vertex 4.89503 14.5304 0
      vertex 4.88017 14.4319 0
      vertex 4.39752 14.5802 5
    endloop
  endfacet
  facet normal -0.993813 0.0495909 -0.0993803
    outer loop
      vertex 4.9 14.63 0
      vertex 4.89503 14.5304 0
      vertex 4.39752 14.5802 5
    endloop
  endfacet
  facet normal -0.964335 -0.245322 -0.0993776
    outer loop
      vertex 4.85557 14.9248 0
      vertex 4.88017 14.8281 0
      vertex 4.39009 14.7291 5
    endloop
  endfacet
  facet normal -0.983916 -0.148436 -0.09938
    outer loop
      vertex 4.88017 14.8281 0
      vertex 4.89503 14.7296 0
      vertex 4.39752 14.6798 5
    endloop
  endfacet
  facet normal -0.934937 -0.340613 -0.0993801
    outer loop
      vertex 4.85557 14.9248 0
      vertex 4.37779 14.7774 5
      vertex 4.36074 14.8242 5
    endloop
  endfacet
  facet normal -0.934969 -0.340524 -0.0993815
    outer loop
      vertex 4.82148 15.0184 0
      vertex 4.85557 14.9248 0
      vertex 4.36074 14.8242 5
    endloop
  endfacet
  facet normal -0.729556 -0.676661 -0.0993894
    outer loop
      vertex 4.59824 15.3459 0
      vertex 4.66604 15.2728 0
      vertex 4.24912 14.9879 5
    endloop
  endfacet
  facet normal -0.0239557 -0.99476 -0.0993964
    outer loop
      vertex 3.87507 15.6297 0
      vertex 3.93736 15.1286 5
      vertex 3.88753 15.1298 5
    endloop
  endfacet
  facet normal -0.0249533 -0.994736 -0.0993816
    outer loop
      vertex 3.93736 15.1286 5
      vertex 3.87507 15.6297 0
      vertex 3.97473 15.6272 0
    endloop
  endfacet
  facet normal -0.221559 -0.97007 -0.0993801
    outer loop
      vertex 4.07365 15.6148 0
      vertex 4.03542 15.1113 5
      vertex 3.98682 15.1224 5
    endloop
  endfacet
  facet normal -0.123765 -0.987323 -0.0993808
    outer loop
      vertex 3.97473 15.6272 0
      vertex 3.98682 15.1224 5
      vertex 3.93736 15.1286 5
    endloop
  endfacet
  facet normal -0.409196 -0.907017 -0.099392
    outer loop
      vertex 4.35621 15.5199 0
      vertex 4.12811 15.0749 5
      vertex 4.08267 15.0954 5
    endloop
  endfacet
  facet normal 0.950773 -0.293521 -0.0993806
    outer loop
      vertex 3.43015 14.801 5
      vertex 2.93092 14.8768 0
      vertex 2.96031 14.972 0
    endloop
  endfacet
  facet normal 0.950801 -0.29343 -0.0993821
    outer loop
      vertex 2.93092 14.8768 0
      vertex 3.43015 14.801 5
      vertex 3.41546 14.7534 5
    endloop
  endfacet
  facet normal 0 0 -1
    outer loop
      vertex 4.39752 14.5802 5
      vertex 4.39752 14.6798 5
      vertex 4.4 14.63 5
    endloop
  endfacet
  facet normal 0 0 -1
    outer loop
      vertex 4.39009 14.5309 5
      vertex 4.39752 14.6798 5
      vertex 4.39752 14.5802 5
    endloop
  endfacet
  facet normal 0 0 -1
    outer loop
      vertex 4.39009 14.5309 5
      vertex 4.39009 14.7291 5
      vertex 4.39752 14.6798 5
    endloop
  endfacet
  facet normal 0 0 -1
    outer loop
      vertex 4.37779 14.4826 5
      vertex 4.39009 14.7291 5
      vertex 4.39009 14.5309 5
    endloop
  endfacet
  facet normal 0 0 -1
    outer loop
      vertex 4.37779 14.4826 5
      vertex 4.37779 14.7774 5
      vertex 4.39009 14.7291 5
    endloop
  endfacet
  facet normal 0 0 -1
    outer loop
      vertex 4.36074 14.4358 5
      vertex 4.37779 14.7774 5
      vertex 4.37779 14.4826 5
    endloop
  endfacet
  facet normal 0 0 -1
    outer loop
      vertex 4.36074 14.4358 5
      vertex 4.36074 14.8242 5
      vertex 4.37779 14.7774 5
    endloop
  endfacet
  facet normal 0 0 -1
    outer loop
      vertex 4.33911 14.3909 5
      vertex 4.36074 14.8242 5
      vertex 4.36074 14.4358 5
    endloop
  endfacet
  facet normal 0 0 -1
    outer loop
      vertex 4.33911 14.3909 5
      vertex 4.33911 14.8691 5
      vertex 4.36074 14.8242 5
    endloop
  endfacet
  facet normal 0 0 -1
    outer loop
      vertex 4.31312 14.3483 5
      vertex 4.33911 14.8691 5
      vertex 4.33911 14.3909 5
    endloop
  endfacet
  facet normal 0 0 -1
    outer loop
      vertex 4.31312 14.3483 5
      vertex 4.31312 14.9117 5
      vertex 4.33911 14.8691 5
    endloop
  endfacet
  facet normal 0 0 -1
    outer loop
      vertex 4.28302 14.3086 5
      vertex 4.31312 14.9117 5
      vertex 4.31312 14.3483 5
    endloop
  endfacet
  facet normal 0 0 -1
    outer loop
      vertex 4.28302 14.3086 5
      vertex 4.28302 14.9514 5
      vertex 4.31312 14.9117 5
    endloop
  endfacet
  facet normal 0 0 -1
    outer loop
      vertex 4.25184 14.275 5
      vertex 4.28302 14.9514 5
      vertex 4.28302 14.3086 5
    endloop
  endfacet
  facet normal 0 0 -1
    outer loop
      vertex 4.25184 14.275 5
      vertex 4.24912 14.9879 5
      vertex 4.28302 14.9514 5
    endloop
  endfacet
  facet normal 0 0 -1
    outer loop
      vertex 4.25184 14.275 5
      vertex 4.21174 15.0209 5
      vertex 4.24912 14.9879 5
    endloop
  endfacet
  facet normal 0 0 -1
    outer loop
      vertex 4.25184 14.275 5
      vertex 4.17127 15.05 5
      vertex 4.21174 15.0209 5
    endloop
  endfacet
  facet normal 0 0 -1
    outer loop
      vertex 4.25184 14.275 5
      vertex 4.12811 15.0749 5
      vertex 4.17127 15.05 5
    endloop
  endfacet
  facet normal 0 0 -1
    outer loop
      vertex 4.25184 14.275 5
      vertex 4.08267 15.0954 5
      vertex 4.12811 15.0749 5
    endloop
  endfacet
  facet normal 0 0 -1
    outer loop
      vertex 4.25184 14.275 5
      vertex 4.03542 15.1113 5
      vertex 4.08267 15.0954 5
    endloop
  endfacet
  facet normal 0 0 -1
    outer loop
      vertex 4.25184 14.275 5
      vertex 3.98682 15.1224 5
      vertex 4.03542 15.1113 5
    endloop
  endfacet
  facet normal 0 0 -1
    outer loop
      vertex 4.25184 14.275 5
      vertex 3.93736 15.1286 5
      vertex 3.98682 15.1224 5
    endloop
  endfacet
  facet normal 0 0 -1
    outer loop
      vertex 4.25184 14.275 5
      vertex 3.88753 15.1298 5
      vertex 3.93736 15.1286 5
    endloop
  endfacet
  facet normal 0 0 -1
    outer loop
      vertex 4.25184 14.275 5
      vertex 3.83783 15.1261 5
      vertex 3.88753 15.1298 5
    endloop
  endfacet
  facet normal 0 0 -1
    outer loop
      vertex 4.25184 14.275 5
      vertex 3.78874 15.1175 5
      vertex 3.83783 15.1261 5
    endloop
  endfacet
  facet normal 0 0 -1
    outer loop
      vertex 4.25184 14.275 5
      vertex 3.74076 15.104 5
      vertex 3.78874 15.1175 5
    endloop
  endfacet
  facet normal 0 0 -1
    outer loop
      vertex 4.25184 14.275 5
      vertex 3.69436 15.0858 5
      vertex 3.74076 15.104 5
    endloop
  endfacet
  facet normal 0 0 -1
    outer loop
      vertex 4.25184 14.275 5
      vertex 3.65 15.063 5
      vertex 3.69436 15.0858 5
    endloop
  endfacet
  facet normal 0 0 -1
    outer loop
      vertex 4.25184 14.275 5
      vertex 3.60813 15.036 5
      vertex 3.65 15.063 5
    endloop
  endfacet
  facet normal 0 0 -1
    outer loop
      vertex 4.25184 14.275 5
      vertex 3.56916 15.0049 5
      vertex 3.60813 15.036 5
    endloop
  endfacet
  facet normal 0 0 -1
    outer loop
      vertex 3.54876 14.275 5
      vertex 3.56916 15.0049 5
      vertex 4.25184 14.275 5
    endloop
  endfacet
  facet normal 0 0 -1
    outer loop
      vertex 3.50143 14.3281 5
      vertex 3.54876 14.275 5
      vertex 3.53347 14.2899 5
    endloop
  endfacet
  facet normal 0 0 -1
    outer loop
      vertex 3.54876 14.275 5
      vertex 3.53347 14.9701 5
      vertex 3.56916 15.0049 5
    endloop
  endfacet
  facet normal 0 0 -1
    outer loop
      vertex 3.54876 14.275 5
      vertex 3.50143 14.3281 5
      vertex 3.53347 14.9701 5
    endloop
  endfacet
  facet normal 0 0 -1
    outer loop
      vertex 3.50143 14.3281 5
      vertex 3.50143 14.9319 5
      vertex 3.53347 14.9701 5
    endloop
  endfacet
  facet normal 0 0 -1
    outer loop
      vertex 3.47335 14.3693 5
      vertex 3.50143 14.9319 5
      vertex 3.50143 14.3281 5
    endloop
  endfacet
  facet normal 0 0 -1
    outer loop
      vertex 3.47335 14.3693 5
      vertex 3.47335 14.8907 5
      vertex 3.50143 14.9319 5
    endloop
  endfacet
  facet normal 0 0 -1
    outer loop
      vertex 3.44952 14.4131 5
      vertex 3.47335 14.8907 5
      vertex 3.47335 14.3693 5
    endloop
  endfacet
  facet normal 0 0 -1
    outer loop
      vertex 3.44952 14.4131 5
      vertex 3.44952 14.8469 5
      vertex 3.47335 14.8907 5
    endloop
  endfacet
  facet normal 0 0 -1
    outer loop
      vertex 3.43015 14.459 5
      vertex 3.44952 14.8469 5
      vertex 3.44952 14.4131 5
    endloop
  endfacet
  facet normal 0 0 -1
    outer loop
      vertex 3.43015 14.459 5
      vertex 3.43015 14.801 5
      vertex 3.44952 14.8469 5
    endloop
  endfacet
  facet normal 0 0 -1
    outer loop
      vertex 3.41546 14.5066 5
      vertex 3.43015 14.801 5
      vertex 3.43015 14.459 5
    endloop
  endfacet
  facet normal 0 0 -1
    outer loop
      vertex 3.41546 14.5066 5
      vertex 3.41546 14.7534 5
      vertex 3.43015 14.801 5
    endloop
  endfacet
  facet normal 0 0 -1
    outer loop
      vertex 3.40558 14.5555 5
      vertex 3.41546 14.7534 5
      vertex 3.41546 14.5066 5
    endloop
  endfacet
  facet normal 0 0 -1
    outer loop
      vertex 3.40558 14.5555 5
      vertex 3.40558 14.7045 5
      vertex 3.41546 14.7534 5
    endloop
  endfacet
  facet normal 0 0 -1
    outer loop
      vertex 3.40062 14.6051 5
      vertex 3.40558 14.7045 5
      vertex 3.40558 14.5555 5
    endloop
  endfacet
  facet normal 0 0 -1
    outer loop
      vertex 3.40558 14.7045 5
      vertex 3.40062 14.6051 5
      vertex 3.40062 14.6549 5
    endloop
  endfacet
  facet normal 0.822239 -0.560399 -0.0993792
    outer loop
      vertex 3.50143 14.9319 5
      vertex 3.04671 15.1514 0
      vertex 3.10287 15.2338 0
    endloop
  endfacet
  facet normal 0.822239 -0.560399 -0.0993792
    outer loop
      vertex 3.04671 15.1514 0
      vertex 3.50143 14.9319 5
      vertex 3.47335 14.8907 5
    endloop
  endfacet
  facet normal 0.262448 0.959811 -0.0994211
    outer loop
      vertex 3.6876 13.7352 0.799999
      vertex 3.69528 13.7331 0.799999
      vertex 3.67748 13.6551 0
    endloop
  endfacet
  facet normal 0.36222 0.926782 -0.099354
    outer loop
      vertex 3.52162 13.7914 0.799999
      vertex 3.52904 13.7885 0.799999
      vertex 3.48871 13.7185 0
    endloop
  endfacet
  facet normal 0.975341 0.197063 -0.0993799
    outer loop
      vertex 3.40558 14.5555 5
      vertex 3.41546 14.5066 5
      vertex 2.91117 14.481 0
    endloop
  endfacet
  facet normal -0.221582 0.970069 -0.0993408
    outer loop
      vertex 4.07365 13.6452 0
      vertex 4.1414 13.7426 0.799999
      vertex 4.17084 13.6674 0
    endloop
  endfacet
  facet normal -0.221037 0.970187 -0.0994013
    outer loop
      vertex 4.1414 13.7426 0.799999
      vertex 4.07365 13.6452 0
      vertex 4.05976 13.724 0.799999
    endloop
  endfacet
  facet normal -0.123764 0.987321 -0.0994001
    outer loop
      vertex 3.97473 13.6328 0
      vertex 4.05976 13.724 0.799999
      vertex 4.07365 13.6452 0
    endloop
  endfacet
  facet normal -0.123566 0.987343 -0.0994237
    outer loop
      vertex 4.05976 13.724 0.799999
      vertex 3.97473 13.6328 0
      vertex 3.97666 13.7136 0.799999
    endloop
  endfacet
  facet normal -0.58091 0.807884 -0.0993358
    outer loop
      vertex 4.44255 13.79 0
      vertex 4.47361 13.9107 0.799999
      vertex 4.52349 13.8482 0
    endloop
  endfacet
  facet normal -0.581002 0.807819 -0.0993224
    outer loop
      vertex 4.47361 13.9107 0.799999
      vertex 4.44255 13.79 0
      vertex 4.40562 13.8618 0.799999
    endloop
  endfacet
  facet normal -0.411284 0.906071 -0.0994052
    outer loop
      vertex 4.31971 13.8113 0.799999
      vertex 4.35621 13.7401 0
      vertex 4.31244 13.808 0.799999
    endloop
  endfacet
  facet normal -0.849171 0.518682 -0.0993882
    outer loop
      vertex 4.48663 14.275 3.13474
      vertex 4.33911 14.3909 5
      vertex 4.55189 14.275 2.57716
    endloop
  endfacet
  facet normal -0.849442 0.518239 -0.0993822
    outer loop
      vertex 4.33911 14.3909 5
      vertex 4.48663 14.275 3.13474
      vertex 4.31312 14.3483 5
    endloop
  endfacet
  facet normal -0.848808 0.519271 -0.0994068
    outer loop
      vertex 4.70796 14.19 0.799999
      vertex 4.77822 14.1517 0
      vertex 4.7038 14.1832 0.799999
    endloop
  endfacet
  facet normal -0.964274 -0.24556 -0.0993812
    outer loop
      vertex 4.85557 14.9248 0
      vertex 4.39009 14.7291 5
      vertex 4.37779 14.7774 5
    endloop
  endfacet
  facet normal -0.729095 -0.677159 -0.0993794
    outer loop
      vertex 4.66604 15.2728 0
      vertex 4.28302 14.9514 5
      vertex 4.24912 14.9879 5
    endloop
  endfacet
  facet normal -0.896639 -0.431464 -0.0993859
    outer loop
      vertex 4.82148 15.0184 0
      vertex 4.33911 14.8691 5
      vertex 4.77822 15.1083 0
    endloop
  endfacet
  facet normal -0.896452 -0.431854 -0.0993794
    outer loop
      vertex 4.33911 14.8691 5
      vertex 4.82148 15.0184 0
      vertex 4.36074 14.8242 5
    endloop
  endfacet
  facet normal -0.316459 -0.943386 -0.0993813
    outer loop
      vertex 4.17084 15.5926 0
      vertex 4.26534 15.5609 0
      vertex 4.03542 15.1113 5
    endloop
  endfacet
  facet normal -0.221581 -0.970065 -0.0993797
    outer loop
      vertex 4.07365 15.6148 0
      vertex 4.17084 15.5926 0
      vertex 4.03542 15.1113 5
    endloop
  endfacet
  facet normal -0.123765 -0.987323 -0.0993808
    outer loop
      vertex 4.07365 15.6148 0
      vertex 3.98682 15.1224 5
      vertex 3.97473 15.6272 0
    endloop
  endfacet
  facet normal -0.317355 -0.943083 -0.0993953
    outer loop
      vertex 4.26534 15.5609 0
      vertex 4.08267 15.0954 5
      vertex 4.03542 15.1113 5
    endloop
  endfacet
  facet normal -0.409233 -0.907 -0.0993926
    outer loop
      vertex 4.26534 15.5609 0
      vertex 4.35621 15.5199 0
      vertex 4.08267 15.0954 5
    endloop
  endfacet
  facet normal -0.497911 -0.861515 -0.0993819
    outer loop
      vertex 4.35621 15.5199 0
      vertex 4.44255 15.47 0
      vertex 4.17127 15.05 5
    endloop
  endfacet
  facet normal 0.990111 -0.0990111 -0.0993814
    outer loop
      vertex 3.40558 14.7045 5
      vertex 3.40062 14.6549 5
      vertex 2.90124 14.6798 0
    endloop
  endfacet
  facet normal 0.873748 -0.476118 -0.0993799
    outer loop
      vertex 3.04671 15.1514 0
      vertex 3.47335 14.8907 5
      vertex 2.99903 15.0639 0
    endloop
  endfacet
  facet normal 0.874059 -0.475544 -0.0993896
    outer loop
      vertex 3.47335 14.8907 5
      vertex 3.44952 14.8469 5
      vertex 2.99903 15.0639 0
    endloop
  endfacet
  facet normal 0.97536 -0.196967 -0.0993813
    outer loop
      vertex 2.93092 14.8768 0
      vertex 3.41546 14.7534 5
      vertex 2.91117 14.779 0
    endloop
  endfacet
  facet normal 0.620018 -0.778268 -0.0993811
    outer loop
      vertex 3.31626 15.4419 0
      vertex 3.56916 15.0049 5
      vertex 3.23831 15.3798 0
    endloop
  endfacet
  facet normal 0.620678 -0.777743 -0.0993687
    outer loop
      vertex 3.56916 15.0049 5
      vertex 3.31626 15.4419 0
      vertex 3.60813 15.036 5
    endloop
  endfacet
  facet normal 0.694767 -0.712336 -0.0993836
    outer loop
      vertex 3.23831 15.3798 0
      vertex 3.56916 15.0049 5
      vertex 3.16695 15.3102 0
    endloop
  endfacet
  facet normal 0.172675 -0.979954 -0.0993683
    outer loop
      vertex 3.77566 15.6222 0
      vertex 3.78874 15.1175 5
      vertex 3.67748 15.6049 0
    endloop
  endfacet
  facet normal -0.124803 0.987189 -0.0994052
    outer loop
      vertex 3.97666 13.7136 0.799999
      vertex 3.97473 13.6328 0
      vertex 3.96875 13.7126 0.799999
    endloop
  endfacet
  facet normal -0.0249524 0.994734 -0.0994113
    outer loop
      vertex 3.97473 13.6328 0
      vertex 3.87706 13.7103 0.799999
      vertex 3.96875 13.7126 0.799999
    endloop
  endfacet
  facet normal -0.0249532 0.994733 -0.0994114
    outer loop
      vertex 3.87706 13.7103 0.799999
      vertex 3.97473 13.6328 0
      vertex 3.87507 13.6303 0
    endloop
  endfacet
  facet normal 0.916977 0.386364 -0.0993801
    outer loop
      vertex 3.1284 14.275 1.50042
      vertex 2.96031 14.288 0
      vertex 3.43015 14.459 5
    endloop
  endfacet
  facet normal 0.916965 0.386393 -0.0993785
    outer loop
      vertex 3.05249 14.275 0.799999
      vertex 2.96031 14.288 0
      vertex 3.1284 14.275 1.50042
    endloop
  endfacet
  facet normal 0.916849 0.386671 -0.0993607
    outer loop
      vertex 3.06801 14.2382 0.799999
      vertex 2.96031 14.288 0
      vertex 3.05249 14.275 0.799999
    endloop
  endfacet
  facet normal 0.916981 0.386349 -0.0993984
    outer loop
      vertex 2.96031 14.288 0
      vertex 3.06801 14.2382 0.799999
      vertex 2.99903 14.1961 0
    endloop
  endfacet
  facet normal 0.990111 0.0990111 -0.0993814
    outer loop
      vertex 3.40062 14.6051 5
      vertex 3.40558 14.5555 5
      vertex 2.90124 14.5802 0
    endloop
  endfacet
  facet normal 0.990101 0.09911 -0.0993799
    outer loop
      vertex 3.40558 14.5555 5
      vertex 2.91117 14.481 0
      vertex 2.90124 14.5802 0
    endloop
  endfacet
  facet normal 0.761997 0.639911 -0.0993754
    outer loop
      vertex 3.22047 14.0104 0.799999
      vertex 3.10287 14.0262 0
      vertex 3.16664 14.0745 0.799999
    endloop
  endfacet
  facet normal 0.762381 0.639442 -0.0994412
    outer loop
      vertex 3.10287 14.0262 0
      vertex 3.22047 14.0104 0.799999
      vertex 3.16695 13.9498 0
    endloop
  endfacet
  facet normal 0.76218 0.639692 -0.099383
    outer loop
      vertex 3.50143 14.3281 5
      vertex 3.45448 14.275 4.29815
      vertex 3.43133 14.275 4.12061
    endloop
  endfacet
  facet normal 0.87406 0.475545 -0.099381
    outer loop
      vertex 3.31907 14.275 3.19187
      vertex 3.44952 14.4131 5
      vertex 3.47335 14.3693 5
    endloop
  endfacet
  facet normal 0.873952 0.475741 -0.0993882
    outer loop
      vertex 3.44952 14.4131 5
      vertex 3.31907 14.275 3.19187
      vertex 3.16284 14.275 1.81809
    endloop
  endfacet
  facet normal 0.873774 0.476071 -0.0993767
    outer loop
      vertex 3.11497 14.1503 0.799999
      vertex 2.99903 14.1961 0
      vertex 3.07111 14.2308 0.799999
    endloop
  endfacet
  facet normal 0.873749 0.476118 -0.0993704
    outer loop
      vertex 2.99903 14.1961 0
      vertex 3.11497 14.1503 0.799999
      vertex 3.04671 14.1086 0
    endloop
  endfacet
  facet normal -0.658031 0.7464 -0.0994081
    outer loop
      vertex 4.52349 13.8482 0
      vertex 4.54238 13.9714 0.799999
      vertex 4.59824 13.9141 0
    endloop
  endfacet
  facet normal -0.658328 0.746145 -0.0993616
    outer loop
      vertex 4.54238 13.9714 0.799999
      vertex 4.52349 13.8482 0
      vertex 4.47959 13.916 0.799999
    endloop
  endfacet
  facet normal -0.729486 0.676735 -0.0993949
    outer loop
      vertex 4.66604 13.9872 0
      vertex 4.54238 13.9714 0.799999
      vertex 4.59934 14.0328 0.799999
    endloop
  endfacet
  facet normal -0.729555 0.67666 -0.099407
    outer loop
      vertex 4.54238 13.9714 0.799999
      vertex 4.66604 13.9872 0
      vertex 4.59824 13.9141 0
    endloop
  endfacet
  facet normal -0.497911 0.861516 -0.0993723
    outer loop
      vertex 4.35621 13.7401 0
      vertex 4.39224 13.8532 0.799999
      vertex 4.44255 13.79 0
    endloop
  endfacet
  facet normal -0.497745 0.86161 -0.099393
    outer loop
      vertex 4.39224 13.8532 0.799999
      vertex 4.35621 13.7401 0
      vertex 4.31971 13.8113 0.799999
    endloop
  endfacet
  facet normal -0.224566 0.969377 -0.0993856
    outer loop
      vertex 4.14917 13.7444 0.799999
      vertex 4.17084 13.6674 0
      vertex 4.1414 13.7426 0.799999
    endloop
  endfacet
  facet normal -0.312412 0.944733 -0.0993931
    outer loop
      vertex 4.15673 13.7469 0.799999
      vertex 4.17084 13.6674 0
      vertex 4.14917 13.7444 0.799999
    endloop
  endfacet
  facet normal -0.409234 0.907002 -0.0993721
    outer loop
      vertex 4.26534 13.6991 0
      vertex 4.31244 13.808 0.799999
      vertex 4.35621 13.7401 0
    endloop
  endfacet
  facet normal -0.408841 0.907174 -0.0994187
    outer loop
      vertex 4.31244 13.808 0.799999
      vertex 4.26534 13.6991 0
      vertex 4.23611 13.7736 0.799999
    endloop
  endfacet
  facet normal -0.794848 0.59862 -0.0993469
    outer loop
      vertex 4.60958 14.045 0.799999
      vertex 4.66604 13.9872 0
      vertex 4.60476 14.0386 0.799999
    endloop
  endfacet
  facet normal -0.793012 0.601049 -0.0993599
    outer loop
      vertex 4.32307 14.275 4.47718
      vertex 4.31312 14.3483 5
      vertex 4.38479 14.275 3.98458
    endloop
  endfacet
  facet normal -0.792913 0.601176 -0.0993759
    outer loop
      vertex 4.31312 14.3483 5
      vertex 4.32307 14.275 4.47718
      vertex 4.28302 14.3086 5
    endloop
  endfacet
  facet normal -0.79298 0.601096 -0.0993317
    outer loop
      vertex 4.72624 14.0667 0
      vertex 4.60958 14.045 0.799999
      vertex 4.66014 14.1117 0.799999
    endloop
  endfacet
  facet normal -0.793277 0.600695 -0.0993858
    outer loop
      vertex 4.60958 14.045 0.799999
      vertex 4.72624 14.0667 0
      vertex 4.66604 13.9872 0
    endloop
  endfacet
  facet normal -0.79293 0.601156 -0.0993619
    outer loop
      vertex 4.42069 14.275 3.69809
      vertex 4.38479 14.275 3.98458
      vertex 4.31312 14.3483 5
    endloop
  endfacet
  facet normal -0.896419 0.431931 -0.0993424
    outer loop
      vertex 4.82148 14.2416 0
      vertex 4.70796 14.19 0.799999
      vertex 4.74776 14.2726 0.799999
    endloop
  endfacet
  facet normal -0.896637 0.431463 -0.0994036
    outer loop
      vertex 4.70796 14.19 0.799999
      vertex 4.82148 14.2416 0
      vertex 4.77822 14.1517 0
    endloop
  endfacet
  facet normal -0.896521 0.43171 -0.0993829
    outer loop
      vertex 4.55189 14.275 2.57716
      vertex 4.36074 14.4358 5
      vertex 4.74216 14.275 0.860758
    endloop
  endfacet
  facet normal -0.896451 0.431854 -0.099387
    outer loop
      vertex 4.36074 14.4358 5
      vertex 4.55189 14.275 2.57716
      vertex 4.33911 14.3909 5
    endloop
  endfacet
  facet normal -0.93497 0.340525 -0.0993694
    outer loop
      vertex 4.82148 14.2416 0
      vertex 4.74862 14.275 0.799999
      vertex 4.85557 14.3352 0
    endloop
  endfacet
  facet normal -0.936731 0.335662 -0.0993268
    outer loop
      vertex 4.74862 14.275 0.799999
      vertex 4.82148 14.2416 0
      vertex 4.74776 14.2726 0.799999
    endloop
  endfacet
  facet normal -0.935128 0.340075 -0.0994244
    outer loop
      vertex 4.74216 14.275 0.860758
      vertex 4.85557 14.3352 0
      vertex 4.74862 14.275 0.799999
    endloop
  endfacet
  facet normal -0.935002 0.340431 -0.0993829
    outer loop
      vertex 4.85557 14.3352 0
      vertex 4.74216 14.275 0.860758
      vertex 4.36074 14.4358 5
    endloop
  endfacet
  facet normal -0.964274 0.24556 -0.0993812
    outer loop
      vertex 4.39009 14.5309 5
      vertex 4.85557 14.3352 0
      vertex 4.37779 14.4826 5
    endloop
  endfacet
  facet normal -0.964335 0.245322 -0.0993776
    outer loop
      vertex 4.88017 14.4319 0
      vertex 4.85557 14.3352 0
      vertex 4.39009 14.5309 5
    endloop
  endfacet
  facet normal -0.497248 -0.861896 -0.0993932
    outer loop
      vertex 4.35621 15.5199 0
      vertex 4.17127 15.05 5
      vertex 4.12811 15.0749 5
    endloop
  endfacet
  facet normal -0.658544 -0.745951 -0.0993787
    outer loop
      vertex 4.52349 15.4118 0
      vertex 4.24912 14.9879 5
      vertex 4.21174 15.0209 5
    endloop
  endfacet
  facet normal -0.580907 -0.80788 -0.0993796
    outer loop
      vertex 4.52349 15.4118 0
      vertex 4.21174 15.0209 5
      vertex 4.17127 15.05 5
    endloop
  endfacet
  facet normal -0.580907 -0.80788 -0.0993796
    outer loop
      vertex 4.44255 15.47 0
      vertex 4.52349 15.4118 0
      vertex 4.17127 15.05 5
    endloop
  endfacet
  facet normal 0.975341 -0.197063 -0.0993799
    outer loop
      vertex 3.41546 14.7534 5
      vertex 3.40558 14.7045 5
      vertex 2.91117 14.779 0
    endloop
  endfacet
  facet normal 0.990101 -0.09911 -0.0993799
    outer loop
      vertex 2.91117 14.779 0
      vertex 3.40558 14.7045 5
      vertex 2.90124 14.6798 0
    endloop
  endfacet
  facet normal 0.762386 -0.639446 -0.0993811
    outer loop
      vertex 3.53347 14.9701 5
      vertex 3.50143 14.9319 5
      vertex 3.16695 15.3102 0
    endloop
  endfacet
  facet normal 0.762386 -0.639446 -0.0993811
    outer loop
      vertex 3.16695 15.3102 0
      vertex 3.50143 14.9319 5
      vertex 3.10287 15.2338 0
    endloop
  endfacet
  facet normal 0.454118 -0.885381 -0.0993799
    outer loop
      vertex 3.48871 15.5415 0
      vertex 3.65 15.063 5
      vertex 3.4 15.496 0
    endloop
  endfacet
  facet normal 0.454868 -0.884998 -0.0993674
    outer loop
      vertex 3.65 15.063 5
      vertex 3.48871 15.5415 0
      vertex 3.69436 15.0858 5
    endloop
  endfacet
  facet normal 0.0738737 -0.992304 -0.099375
    outer loop
      vertex 3.88753 15.1298 5
      vertex 3.83783 15.1261 5
      vertex 3.77566 15.6222 0
    endloop
  endfacet
  facet normal 0.171706 -0.980122 -0.0993827
    outer loop
      vertex 3.83783 15.1261 5
      vertex 3.78874 15.1175 5
      vertex 3.77566 15.6222 0
    endloop
  endfacet
  facet normal 0.363348 -0.926339 -0.099371
    outer loop
      vertex 3.58151 15.5779 0
      vertex 3.69436 15.0858 5
      vertex 3.48871 15.5415 0
    endloop
  endfacet
  facet normal 0.363348 -0.926339 -0.099371
    outer loop
      vertex 3.69436 15.0858 5
      vertex 3.58151 15.5779 0
      vertex 3.74076 15.104 5
    endloop
  endfacet
  facet normal 0.0737775 0.992307 -0.0994144
    outer loop
      vertex 3.87507 13.6303 0
      vertex 3.7856 13.7171 0.799999
      vertex 3.87706 13.7103 0.799999
    endloop
  endfacet
  facet normal 0.0748596 0.992239 -0.099286
    outer loop
      vertex 3.7856 13.7171 0.799999
      vertex 3.87507 13.6303 0
      vertex 3.77566 13.6378 0
    endloop
  endfacet
  facet normal 0.26972 0.957804 -0.0993122
    outer loop
      vertex 3.67748 13.6551 0
      vertex 3.60699 13.7579 0.799999
      vertex 3.6876 13.7352 0.799999
    endloop
  endfacet
  facet normal 0.269484 0.957867 -0.0993411
    outer loop
      vertex 3.60699 13.7579 0.799999
      vertex 3.67748 13.6551 0
      vertex 3.58151 13.6821 0
    endloop
  endfacet
  facet normal 0.363605 0.926241 -0.0993423
    outer loop
      vertex 3.58151 13.6821 0
      vertex 3.52904 13.7885 0.799999
      vertex 3.60699 13.7579 0.799999
    endloop
  endfacet
  facet normal 0.363348 0.926339 -0.099372
    outer loop
      vertex 3.52904 13.7885 0.799999
      vertex 3.58151 13.6821 0
      vertex 3.48871 13.7185 0
    endloop
  endfacet
  facet normal 0.17357 0.979804 -0.0992799
    outer loop
      vertex 3.77566 13.6378 0
      vertex 3.69528 13.7331 0.799999
      vertex 3.7856 13.7171 0.799999
    endloop
  endfacet
  facet normal 0.172674 0.979952 -0.0993874
    outer loop
      vertex 3.69528 13.7331 0.799999
      vertex 3.77566 13.6378 0
      vertex 3.67748 13.6551 0
    endloop
  endfacet
  facet normal 0.539606 0.836032 -0.0993762
    outer loop
      vertex 3.4 13.764 0
      vertex 3.36296 13.883 0.799999
      vertex 3.4333 13.8376 0.799999
    endloop
  endfacet
  facet normal 0.539969 0.835804 -0.0993254
    outer loop
      vertex 3.36296 13.883 0.799999
      vertex 3.4 13.764 0
      vertex 3.31626 13.8181 0
    endloop
  endfacet
  facet normal 0.91676 0.386877 -0.0993882
    outer loop
      vertex 3.16284 14.275 1.81809
      vertex 3.43015 14.459 5
      vertex 3.44952 14.4131 5
    endloop
  endfacet
  facet normal 0.916749 0.386902 -0.0993888
    outer loop
      vertex 3.43015 14.459 5
      vertex 3.16284 14.275 1.81809
      vertex 3.1284 14.275 1.50042
    endloop
  endfacet
  facet normal 0.917773 0.384472 -0.0993679
    outer loop
      vertex 3.06801 14.2382 0.799999
      vertex 3.07111 14.2308 0.799999
      vertex 2.99903 14.1961 0
    endloop
  endfacet
  facet normal 0.69494 0.712165 -0.0994001
    outer loop
      vertex 3.23831 13.8802 0
      vertex 3.2313 13.9987 0.799999
      vertex 3.29125 13.9402 0.799999
    endloop
  endfacet
  facet normal 0.694764 0.712333 -0.0994265
    outer loop
      vertex 3.2313 13.9987 0.799999
      vertex 3.23831 13.8802 0
      vertex 3.16695 13.9498 0
    endloop
  endfacet
  facet normal 0.767255 0.633604 -0.099325
    outer loop
      vertex 3.22047 14.0104 0.799999
      vertex 3.22559 14.0042 0.799999
      vertex 3.16695 13.9498 0
    endloop
  endfacet
  facet normal 0.76239 0.639449 -0.0993314
    outer loop
      vertex 3.5174 14.275 4.78074
      vertex 3.50143 14.3281 5
      vertex 3.53347 14.2899 5
    endloop
  endfacet
  facet normal 0.762246 0.639613 -0.0993815
    outer loop
      vertex 3.50143 14.3281 5
      vertex 3.5174 14.275 4.78074
      vertex 3.45448 14.275 4.29815
    endloop
  endfacet
  facet normal 0.620494 0.777895 -0.0993282
    outer loop
      vertex 3.31626 13.8181 0
      vertex 3.29125 13.9402 0.799999
      vertex 3.36296 13.883 0.799999
    endloop
  endfacet
  facet normal 0.620017 0.778266 -0.0993997
    outer loop
      vertex 3.29125 13.9402 0.799999
      vertex 3.31626 13.8181 0
      vertex 3.23831 13.8802 0
    endloop
  endfacet
  facet normal 0.822198 0.560461 -0.0993682
    outer loop
      vertex 3.16664 14.0745 0.799999
      vertex 3.04671 14.1086 0
      vertex 3.11497 14.1503 0.799999
    endloop
  endfacet
  facet normal 0.822239 0.5604 -0.099377
    outer loop
      vertex 3.04671 14.1086 0
      vertex 3.16664 14.0745 0.799999
      vertex 3.10287 14.0262 0
    endloop
  endfacet
  facet normal 0.822238 0.560399 -0.0993826
    outer loop
      vertex 3.43133 14.275 4.12061
      vertex 3.47335 14.3693 5
      vertex 3.50143 14.3281 5
    endloop
  endfacet
  facet normal 0.82222 0.560425 -0.0993846
    outer loop
      vertex 3.47335 14.3693 5
      vertex 3.43133 14.275 4.12061
      vertex 3.31907 14.275 3.19187
    endloop
  endfacet
  facet normal -0.659996 0.744674 -0.0993285
    outer loop
      vertex 4.47959 13.916 0.799999
      vertex 4.52349 13.8482 0
      vertex 4.47361 13.9107 0.799999
    endloop
  endfacet
  facet normal -0.499047 0.860856 -0.0993916
    outer loop
      vertex 4.39914 13.8572 0.799999
      vertex 4.44255 13.79 0
      vertex 4.39224 13.8532 0.799999
    endloop
  endfacet
  facet normal -0.575988 0.811391 -0.0994115
    outer loop
      vertex 4.40562 13.8618 0.799999
      vertex 4.44255 13.79 0
      vertex 4.39914 13.8572 0.799999
    endloop
  endfacet
  facet normal -0.934937 0.340613 -0.0993801
    outer loop
      vertex 4.37779 14.4826 5
      vertex 4.85557 14.3352 0
      vertex 4.36074 14.4358 5
    endloop
  endfacet
  facet normal -0.983938 0.148289 -0.0993778
    outer loop
      vertex 4.39752 14.5802 5
      vertex 4.88017 14.4319 0
      vertex 4.39009 14.5309 5
    endloop
  endfacet
  facet normal 0.916983 -0.38635 -0.0993802
    outer loop
      vertex 2.99903 15.0639 0
      vertex 3.43015 14.801 5
      vertex 2.96031 14.972 0
    endloop
  endfacet
  facet normal 0.539261 -0.836254 -0.0993826
    outer loop
      vertex 3.65 15.063 5
      vertex 3.60813 15.036 5
      vertex 3.4 15.496 0
    endloop
  endfacet
  facet normal 0.539966 -0.8358 -0.0993703
    outer loop
      vertex 3.4 15.496 0
      vertex 3.60813 15.036 5
      vertex 3.31626 15.4419 0
    endloop
  endfacet
  facet normal 0.269484 -0.957864 -0.0993694
    outer loop
      vertex 3.67748 15.6049 0
      vertex 3.74076 15.104 5
      vertex 3.58151 15.5779 0
    endloop
  endfacet
  facet normal 0.26951 -0.957857 -0.099369
    outer loop
      vertex 3.74076 15.104 5
      vertex 3.67748 15.6049 0
      vertex 3.78874 15.1175 5
    endloop
  endfacet
  facet normal 0.537447 0.837417 -0.0994137
    outer loop
      vertex 3.4333 13.8376 0.799999
      vertex 3.44 13.8333 0.799999
      vertex 3.4 13.764 0
    endloop
  endfacet
  facet normal 0.454433 0.885222 -0.0993602
    outer loop
      vertex 3.48871 13.7185 0
      vertex 3.44 13.8333 0.799999
      vertex 3.52162 13.7914 0.799999
    endloop
  endfacet
  facet normal 0.454117 0.885379 -0.099402
    outer loop
      vertex 3.44 13.8333 0.799999
      vertex 3.48871 13.7185 0
      vertex 3.4 13.764 0
    endloop
  endfacet
  facet normal 0.91676 -0.386877 -0.0993887
    outer loop
      vertex 3.44952 14.8469 5
      vertex 3.43015 14.801 5
      vertex 2.99903 15.0639 0
    endloop
  endfacet
  facet normal -0.993797 -0.0499095 -0.0993797
    outer loop
      vertex 12.9 1.17 0
      vertex 12.4 1.17 5
      vertex 12.3975 1.21978 5
    endloop
  endfacet
  facet normal -0.993797 -0.0499045 -0.0993798
    outer loop
      vertex 12.895 1.26957 0
      vertex 12.9 1.17 0
      vertex 12.3975 1.21978 5
    endloop
  endfacet
  facet normal 0.995049 0 -0.0993855
    outer loop
      vertex 11.4006 1.14508 5
      vertex 10.9012 1.21985 0
      vertex 11.4006 1.19492 5
    endloop
  endfacet
  facet normal 0.995049 0 -0.0993855
    outer loop
      vertex 10.9012 1.21985 0
      vertex 11.4006 1.14508 5
      vertex 10.9012 1.12015 0
    endloop
  endfacet
  facet normal -0.984022 -0.147733 -0.0993813
    outer loop
      vertex 12.8802 1.36815 0
      vertex 12.3975 1.21978 5
      vertex 12.3901 1.26907 5
    endloop
  endfacet
  facet normal -0.964279 -0.245536 -0.0993842
    outer loop
      vertex 12.8556 1.46476 0
      vertex 12.8802 1.36815 0
      vertex 12.3901 1.26907 5
    endloop
  endfacet
  facet normal 0.975424 0.196648 -0.0993904
    outer loop
      vertex 11.4155 1.04662 5
      vertex 10.9309 0.923243 0
      vertex 10.9112 1.02096 0
    endloop
  endfacet
  facet normal 0.950799 0.293432 -0.099392
    outer loop
      vertex 11.4155 1.04662 5
      vertex 10.9603 0.827979 0
      vertex 10.9309 0.923243 0
    endloop
  endfacet
  facet normal -0.993797 0.0499095 -0.0993797
    outer loop
      vertex 12.4 1.17 5
      vertex 12.9 1.17 0
      vertex 12.3975 1.12022 5
    endloop
  endfacet
  facet normal 0.694616 -0.712478 -0.0994135
    outer loop
      vertex 11.2383 1.91978 0
      vertex 11.2313 1.80133 0.799999
      vertex 11.1669 1.85017 0
    endloop
  endfacet
  facet normal 0.695058 -0.712057 -0.0993473
    outer loop
      vertex 11.2313 1.80133 0.799999
      vertex 11.2383 1.91978 0
      vertex 11.2912 1.8598 0.799999
    endloop
  endfacet
  facet normal -0.656653 -0.747612 -0.0994128
    outer loop
      vertex 12.5235 1.95183 0
      vertex 12.4796 1.88401 0.799999
      vertex 12.4736 1.88928 0.799999
    endloop
  endfacet
  facet normal 0.694608 0.71249 -0.0993902
    outer loop
      vertex 11.5335 0.829913 5
      vertex 11.5692 0.795109 5
      vertex 11.1669 0.489827 0
    endloop
  endfacet
  facet normal -0.221407 0.970104 -0.0993801
    outer loop
      vertex 12.1708 0.207376 0
      vertex 12.0736 0.185192 0
      vertex 12.0354 0.688687 5
    endloop
  endfacet
  facet normal -0.316907 0.943236 -0.0993766
    outer loop
      vertex 12.2653 0.239126 0
      vertex 12.1708 0.207376 0
      vertex 12.0827 0.704562 5
    endloop
  endfacet
  facet normal -0.729465 0.676761 -0.0993784
    outer loop
      vertex 12.283 0.848606 5
      vertex 12.666 0.527212 0
      vertex 12.2491 0.812066 5
    endloop
  endfacet
  facet normal -0.84899 0.518979 -0.0993786
    outer loop
      vertex 12.7782 0.691746 0
      vertex 12.7262 0.60668 0
      vertex 12.3131 0.888339 5
    endloop
  endfacet
  facet normal -0.984021 0.147737 -0.0993812
    outer loop
      vertex 12.895 1.07043 0
      vertex 12.8802 0.971853 0
      vertex 12.3975 1.12022 5
    endloop
  endfacet
  facet normal -0.993797 0.0499045 -0.0993798
    outer loop
      vertex 12.9 1.17 0
      vertex 12.895 1.07043 0
      vertex 12.3975 1.12022 5
    endloop
  endfacet
  facet normal -0.896515 -0.431718 -0.099398
    outer loop
      vertex 12.3607 1.36422 5
      vertex 12.5519 1.525 2.57716
      vertex 12.7422 1.525 0.860758
    endloop
  endfacet
  facet normal -0.896723 -0.43129 -0.0993859
    outer loop
      vertex 12.5519 1.525 2.57716
      vertex 12.3607 1.36422 5
      vertex 12.3391 1.40913 5
    endloop
  endfacet
  facet normal -0.896339 -0.432103 -0.0993192
    outer loop
      vertex 12.8215 1.55843 0
      vertex 12.708 1.60999 0.799999
      vertex 12.7782 1.64825 0
    endloop
  endfacet
  facet normal -0.896479 -0.431803 -0.0993584
    outer loop
      vertex 12.708 1.60999 0.799999
      vertex 12.8215 1.55843 0
      vertex 12.7478 1.52736 0.799999
    endloop
  endfacet
  facet normal -0.984022 -0.147733 -0.0993813
    outer loop
      vertex 12.8802 1.36815 0
      vertex 12.895 1.26957 0
      vertex 12.3975 1.21978 5
    endloop
  endfacet
  facet normal -0.407816 -0.90764 -0.0993754
    outer loop
      vertex 12.2653 2.10087 0
      vertex 12.2434 2.02312 0.799999
      vertex 12.2361 2.0264 0.799999
    endloop
  endfacet
  facet normal -0.498112 -0.861397 -0.0993909
    outer loop
      vertex 12.4425 2.01003 0
      vertex 12.3991 1.94282 0.799999
      vertex 12.3922 1.94681 0.799999
    endloop
  endfacet
  facet normal 0.269926 0.957739 -0.0993758
    outer loop
      vertex 11.7408 0.696035 5
      vertex 11.7887 0.682535 5
      vertex 11.6775 0.195071 0
    endloop
  endfacet
  facet normal 0.363555 0.926256 -0.0993856
    outer loop
      vertex 11.6944 0.714247 5
      vertex 11.7408 0.696035 5
      vertex 11.4887 0.258493 0
    endloop
  endfacet
  facet normal 0.975232 0.197601 -0.099376
    outer loop
      vertex 11.4056 1.09548 5
      vertex 11.4155 1.04662 5
      vertex 10.9112 1.02096 0
    endloop
  endfacet
  facet normal -0.316606 0.943337 -0.0993813
    outer loop
      vertex 12.0827 0.704562 5
      vertex 12.1708 0.207376 0
      vertex 12.0354 0.688687 5
    endloop
  endfacet
  facet normal -0.12376 0.987323 -0.0993795
    outer loop
      vertex 12.0736 0.185192 0
      vertex 11.9747 0.172795 0
      vertex 11.9374 0.671397 5
    endloop
  endfacet
  facet normal -0.58059 0.808107 -0.099386
    outer loop
      vertex 12.5235 0.388168 0
      vertex 12.4425 0.329973 0
      vertex 12.2117 0.779084 5
    endloop
  endfacet
  facet normal -0.409512 0.906875 -0.0993821
    outer loop
      vertex 12.1281 0.725063 5
      vertex 12.3562 0.280128 0
      vertex 12.0827 0.704562 5
    endloop
  endfacet
  facet normal -0.848996 0.51897 -0.0993788
    outer loop
      vertex 12.3391 0.930873 5
      vertex 12.7782 0.691746 0
      vertex 12.3131 0.888339 5
    endloop
  endfacet
  facet normal 0.950796 -0.293443 -0.0993921
    outer loop
      vertex 10.9603 1.51202 0
      vertex 11.4155 1.29338 5
      vertex 10.9309 1.41676 0
    endloop
  endfacet
  facet normal 0 0 -1
    outer loop
      vertex 12.3975 1.12022 5
      vertex 12.3975 1.21978 5
      vertex 12.4 1.17 5
    endloop
  endfacet
  facet normal 0 0 -1
    outer loop
      vertex 12.3901 1.07093 5
      vertex 12.3975 1.21978 5
      vertex 12.3975 1.12022 5
    endloop
  endfacet
  facet normal 0 0 -1
    outer loop
      vertex 12.3901 1.07093 5
      vertex 12.3901 1.26907 5
      vertex 12.3975 1.21978 5
    endloop
  endfacet
  facet normal 0 0 -1
    outer loop
      vertex 12.3778 1.02262 5
      vertex 12.3901 1.26907 5
      vertex 12.3901 1.07093 5
    endloop
  endfacet
  facet normal 0 0 -1
    outer loop
      vertex 12.3778 1.02262 5
      vertex 12.3778 1.31738 5
      vertex 12.3901 1.26907 5
    endloop
  endfacet
  facet normal 0 0 -1
    outer loop
      vertex 12.3607 0.975782 5
      vertex 12.3778 1.31738 5
      vertex 12.3778 1.02262 5
    endloop
  endfacet
  facet normal 0 0 -1
    outer loop
      vertex 12.3607 0.975782 5
      vertex 12.3607 1.36422 5
      vertex 12.3778 1.31738 5
    endloop
  endfacet
  facet normal 0 0 -1
    outer loop
      vertex 12.3391 0.930873 5
      vertex 12.3607 1.36422 5
      vertex 12.3607 0.975782 5
    endloop
  endfacet
  facet normal 0 0 -1
    outer loop
      vertex 12.3391 0.930873 5
      vertex 12.3391 1.40913 5
      vertex 12.3607 1.36422 5
    endloop
  endfacet
  facet normal 0 0 -1
    outer loop
      vertex 12.3131 0.888339 5
      vertex 12.3391 1.40913 5
      vertex 12.3391 0.930873 5
    endloop
  endfacet
  facet normal 0 0 -1
    outer loop
      vertex 12.3131 0.888339 5
      vertex 12.3131 1.45166 5
      vertex 12.3391 1.40913 5
    endloop
  endfacet
  facet normal 0 0 -1
    outer loop
      vertex 12.283 0.848606 5
      vertex 12.3131 1.45166 5
      vertex 12.3131 0.888339 5
    endloop
  endfacet
  facet normal 0 0 -1
    outer loop
      vertex 12.283 0.848606 5
      vertex 12.283 1.49139 5
      vertex 12.3131 1.45166 5
    endloop
  endfacet
  facet normal 0 0 -1
    outer loop
      vertex 12.283 0.848606 5
      vertex 12.2518 1.525 5
      vertex 12.283 1.49139 5
    endloop
  endfacet
  facet normal 0 0 -1
    outer loop
      vertex 12.2491 0.812066 5
      vertex 12.2518 1.525 5
      vertex 12.283 0.848606 5
    endloop
  endfacet
  facet normal 0 0 -1
    outer loop
      vertex 12.2117 0.779084 5
      vertex 12.2518 1.525 5
      vertex 12.2491 0.812066 5
    endloop
  endfacet
  facet normal 0 0 -1
    outer loop
      vertex 12.1713 0.749987 5
      vertex 12.2518 1.525 5
      vertex 12.2117 0.779084 5
    endloop
  endfacet
  facet normal 0 0 -1
    outer loop
      vertex 12.1281 0.725063 5
      vertex 12.2518 1.525 5
      vertex 12.1713 0.749987 5
    endloop
  endfacet
  facet normal 0 0 -1
    outer loop
      vertex 12.0827 0.704562 5
      vertex 12.2518 1.525 5
      vertex 12.1281 0.725063 5
    endloop
  endfacet
  facet normal 0 0 -1
    outer loop
      vertex 12.0354 0.688687 5
      vertex 12.2518 1.525 5
      vertex 12.0827 0.704562 5
    endloop
  endfacet
  facet normal 0 0 -1
    outer loop
      vertex 11.9868 0.677596 5
      vertex 12.2518 1.525 5
      vertex 12.0354 0.688687 5
    endloop
  endfacet
  facet normal 0 0 -1
    outer loop
      vertex 11.9374 0.671397 5
      vertex 12.2518 1.525 5
      vertex 11.9868 0.677596 5
    endloop
  endfacet
  facet normal 0 0 -1
    outer loop
      vertex 11.8875 0.670155 5
      vertex 12.2518 1.525 5
      vertex 11.9374 0.671397 5
    endloop
  endfacet
  facet normal 0 0 -1
    outer loop
      vertex 11.8378 0.67388 5
      vertex 12.2518 1.525 5
      vertex 11.8875 0.670155 5
    endloop
  endfacet
  facet normal 0 0 -1
    outer loop
      vertex 11.7887 0.682535 5
      vertex 12.2518 1.525 5
      vertex 11.8378 0.67388 5
    endloop
  endfacet
  facet normal 0 0 -1
    outer loop
      vertex 11.7408 0.696035 5
      vertex 12.2518 1.525 5
      vertex 11.7887 0.682535 5
    endloop
  endfacet
  facet normal 0 0 -1
    outer loop
      vertex 11.6944 0.714247 5
      vertex 12.2518 1.525 5
      vertex 11.7408 0.696035 5
    endloop
  endfacet
  facet normal 0 0 -1
    outer loop
      vertex 11.65 0.736987 5
      vertex 12.2518 1.525 5
      vertex 11.6944 0.714247 5
    endloop
  endfacet
  facet normal 0 0 -1
    outer loop
      vertex 11.6081 0.76403 5
      vertex 12.2518 1.525 5
      vertex 11.65 0.736987 5
    endloop
  endfacet
  facet normal 0 0 -1
    outer loop
      vertex 11.5692 0.795109 5
      vertex 12.2518 1.525 5
      vertex 11.6081 0.76403 5
    endloop
  endfacet
  facet normal 0 0 -1
    outer loop
      vertex 11.5692 0.795109 5
      vertex 11.5488 1.525 5
      vertex 12.2518 1.525 5
    endloop
  endfacet
  facet normal 0 0 -1
    outer loop
      vertex 11.5335 0.829913 5
      vertex 11.5488 1.525 5
      vertex 11.5692 0.795109 5
    endloop
  endfacet
  facet normal 0 0 -1
    outer loop
      vertex 11.5014 0.868097 5
      vertex 11.5488 1.525 5
      vertex 11.5335 0.829913 5
    endloop
  endfacet
  facet normal 0 0 -1
    outer loop
      vertex 11.5014 1.4719 5
      vertex 11.5488 1.525 5
      vertex 11.5014 0.868097 5
    endloop
  endfacet
  facet normal 0 0 -1
    outer loop
      vertex 11.5488 1.525 5
      vertex 11.5014 1.4719 5
      vertex 11.5335 1.51009 5
    endloop
  endfacet
  facet normal 0 0 -1
    outer loop
      vertex 11.4734 0.909282 5
      vertex 11.5014 1.4719 5
      vertex 11.5014 0.868097 5
    endloop
  endfacet
  facet normal 0 0 -1
    outer loop
      vertex 11.4734 0.909282 5
      vertex 11.4734 1.43072 5
      vertex 11.5014 1.4719 5
    endloop
  endfacet
  facet normal 0 0 -1
    outer loop
      vertex 11.4495 0.953057 5
      vertex 11.4734 1.43072 5
      vertex 11.4734 0.909282 5
    endloop
  endfacet
  facet normal 0 0 -1
    outer loop
      vertex 11.4495 0.953057 5
      vertex 11.4495 1.38694 5
      vertex 11.4734 1.43072 5
    endloop
  endfacet
  facet normal 0 0 -1
    outer loop
      vertex 11.4302 0.998989 5
      vertex 11.4495 1.38694 5
      vertex 11.4495 0.953057 5
    endloop
  endfacet
  facet normal 0 0 -1
    outer loop
      vertex 11.4302 0.998989 5
      vertex 11.4302 1.34101 5
      vertex 11.4495 1.38694 5
    endloop
  endfacet
  facet normal 0 0 -1
    outer loop
      vertex 11.4155 1.04662 5
      vertex 11.4302 1.34101 5
      vertex 11.4302 0.998989 5
    endloop
  endfacet
  facet normal 0 0 -1
    outer loop
      vertex 11.4155 1.04662 5
      vertex 11.4155 1.29338 5
      vertex 11.4302 1.34101 5
    endloop
  endfacet
  facet normal 0 0 -1
    outer loop
      vertex 11.4056 1.09548 5
      vertex 11.4155 1.29338 5
      vertex 11.4155 1.04662 5
    endloop
  endfacet
  facet normal 0 0 -1
    outer loop
      vertex 11.4056 1.09548 5
      vertex 11.4056 1.24452 5
      vertex 11.4155 1.29338 5
    endloop
  endfacet
  facet normal 0 0 -1
    outer loop
      vertex 11.4006 1.14508 5
      vertex 11.4056 1.24452 5
      vertex 11.4056 1.09548 5
    endloop
  endfacet
  facet normal 0 0 -1
    outer loop
      vertex 11.4056 1.24452 5
      vertex 11.4006 1.14508 5
      vertex 11.4006 1.19492 5
    endloop
  endfacet
  facet normal 0.821964 -0.560815 -0.0993082
    outer loop
      vertex 11.1666 1.7255 0.799999
      vertex 11.0467 1.69143 0
      vertex 11.1029 1.7738 0
    endloop
  endfacet
  facet normal 0.822478 -0.560041 -0.0994183
    outer loop
      vertex 11.0467 1.69143 0
      vertex 11.1666 1.7255 0.799999
      vertex 11.115 1.64972 0.799999
    endloop
  endfacet
  facet normal 0.822855 -0.559494 -0.0993772
    outer loop
      vertex 11.4734 1.43072 5
      vertex 11.4313 1.525 4.12061
      vertex 11.5014 1.4719 5
    endloop
  endfacet
  facet normal 0.82272 -0.559691 -0.0993918
    outer loop
      vertex 11.4313 1.525 4.12061
      vertex 11.4734 1.43072 5
      vertex 11.3191 1.525 3.19187
    endloop
  endfacet
  facet normal 0.69446 -0.712625 -0.0994529
    outer loop
      vertex 11.5488 1.525 5
      vertex 11.5335 1.51009 5
      vertex 11.5174 1.525 4.78074
    endloop
  endfacet
  facet normal 0.69544 -0.711671 -0.0994306
    outer loop
      vertex 11.2313 1.80133 0.799999
      vertex 11.2256 1.79576 0.799999
      vertex 11.1669 1.85017 0
    endloop
  endfacet
  facet normal 0.540077 -0.835727 -0.0993881
    outer loop
      vertex 11.4 2.03603 0
      vertex 11.363 1.91698 0.799999
      vertex 11.3163 1.98194 0
    endloop
  endfacet
  facet normal 0.540158 -0.835676 -0.0993768
    outer loop
      vertex 11.363 1.91698 0.799999
      vertex 11.4 2.03603 0
      vertex 11.4333 1.96242 0.799999
    endloop
  endfacet
  facet normal 0.454 -0.885441 -0.0993904
    outer loop
      vertex 11.4887 2.08151 0
      vertex 11.44 1.96674 0.799999
      vertex 11.4 2.03603 0
    endloop
  endfacet
  facet normal 0.454091 -0.885396 -0.0993784
    outer loop
      vertex 11.44 1.96674 0.799999
      vertex 11.4887 2.08151 0
      vertex 11.5216 2.00859 0.799999
    endloop
  endfacet
  facet normal 0.363521 -0.92627 -0.0993794
    outer loop
      vertex 11.5815 2.11793 0
      vertex 11.5216 2.00859 0.799999
      vertex 11.4887 2.08151 0
    endloop
  endfacet
  facet normal 0.363372 -0.926327 -0.0993984
    outer loop
      vertex 11.5216 2.00859 0.799999
      vertex 11.5815 2.11793 0
      vertex 11.607 2.04209 0.799999
    endloop
  endfacet
  facet normal 0.172737 -0.979943 -0.0993695
    outer loop
      vertex 11.7757 2.16224 0
      vertex 11.7031 2.06832 0.799999
      vertex 11.6775 2.14493 0
    endloop
  endfacet
  facet normal 0.172708 -0.979947 -0.0993727
    outer loop
      vertex 11.7031 2.06832 0.799999
      vertex 11.7757 2.16224 0
      vertex 11.7856 2.08286 0.799999
    endloop
  endfacet
  facet normal 0.0743902 -0.992265 -0.0993782
    outer loop
      vertex 11.7757 2.16224 0
      vertex 11.8691 2.08912 0.799999
      vertex 11.7856 2.08286 0.799999
    endloop
  endfacet
  facet normal 0.0743701 -0.992267 -0.099376
    outer loop
      vertex 11.8691 2.08912 0.799999
      vertex 11.7757 2.16224 0
      vertex 11.8751 2.16969 0
    endloop
  endfacet
  facet normal -0.964285 -0.245513 -0.0993838
    outer loop
      vertex 12.8556 1.46476 0
      vertex 12.3901 1.26907 5
      vertex 12.3778 1.31738 5
    endloop
  endfacet
  facet normal -0.934709 -0.341237 -0.0993791
    outer loop
      vertex 12.8556 1.46476 0
      vertex 12.3778 1.31738 5
      vertex 12.3607 1.36422 5
    endloop
  endfacet
  facet normal -0.942392 -0.319455 -0.0992248
    outer loop
      vertex 12.8215 1.55843 0
      vertex 12.7486 1.525 0.799999
      vertex 12.7478 1.52736 0.799999
    endloop
  endfacet
  facet normal -0.935014 -0.340386 -0.0994272
    outer loop
      vertex 12.8556 1.46476 0
      vertex 12.7486 1.525 0.799999
      vertex 12.8215 1.55843 0
    endloop
  endfacet
  facet normal -0.931088 -0.351364 -0.0980754
    outer loop
      vertex 12.8556 1.46476 0
      vertex 12.7422 1.525 0.860758
      vertex 12.7486 1.525 0.799999
    endloop
  endfacet
  facet normal -0.935128 -0.340081 -0.0993974
    outer loop
      vertex 12.7422 1.525 0.860758
      vertex 12.8556 1.46476 0
      vertex 12.3607 1.36422 5
    endloop
  endfacet
  facet normal -0.0239246 -0.994761 -0.0993915
    outer loop
      vertex 11.885 2.08952 0.799999
      vertex 11.8771 2.08971 0.799999
      vertex 11.8751 2.16969 0
    endloop
  endfacet
  facet normal -0.123801 -0.98732 -0.0993606
    outer loop
      vertex 11.9747 2.1672 0
      vertex 12.0598 2.07602 0.799999
      vertex 11.9767 2.08644 0.799999
    endloop
  endfacet
  facet normal -0.123691 -0.987332 -0.0993737
    outer loop
      vertex 12.0598 2.07602 0.799999
      vertex 11.9747 2.1672 0
      vertex 12.0736 2.15481 0
    endloop
  endfacet
  facet normal -0.658335 -0.746136 -0.0993799
    outer loop
      vertex 12.5235 1.95183 0
      vertex 12.5424 1.8286 0.799999
      vertex 12.4796 1.88401 0.799999
    endloop
  endfacet
  facet normal -0.65862 -0.74589 -0.0993353
    outer loop
      vertex 12.5424 1.8286 0.799999
      vertex 12.5235 1.95183 0
      vertex 12.5982 1.88587 0
    endloop
  endfacet
  facet normal -0.123893 0.987306 -0.0993815
    outer loop
      vertex 11.9868 0.677596 5
      vertex 12.0736 0.185192 0
      vertex 11.9374 0.671397 5
    endloop
  endfacet
  facet normal -0.0247589 0.994741 -0.0993807
    outer loop
      vertex 11.9747 0.172795 0
      vertex 11.8875 0.670155 5
      vertex 11.9374 0.671397 5
    endloop
  endfacet
  facet normal -0.0248186 0.99474 -0.0993816
    outer loop
      vertex 11.8875 0.670155 5
      vertex 11.9747 0.172795 0
      vertex 11.8751 0.17031 0
    endloop
  endfacet
  facet normal 0.950797 0.293437 -0.0993921
    outer loop
      vertex 11.4155 1.04662 5
      vertex 11.4302 0.998989 5
      vertex 10.9603 0.827979 0
    endloop
  endfacet
  facet normal 0.916999 0.386309 -0.0993921
    outer loop
      vertex 11.4302 0.998989 5
      vertex 10.999 0.736115 0
      vertex 10.9603 0.827979 0
    endloop
  endfacet
  facet normal 0.990032 0.0998016 -0.099382
    outer loop
      vertex 11.4006 1.14508 5
      vertex 11.4056 1.09548 5
      vertex 10.9012 1.12015 0
    endloop
  endfacet
  facet normal 0.990031 0.0998115 -0.0993818
    outer loop
      vertex 11.4056 1.09548 5
      vertex 10.9112 1.02096 0
      vertex 10.9012 1.12015 0
    endloop
  endfacet
  facet normal 0.762648 0.639135 -0.0993742
    outer loop
      vertex 11.5014 0.868097 5
      vertex 11.1669 0.489827 0
      vertex 11.1029 0.566195 0
    endloop
  endfacet
  facet normal 0.873359 0.476831 -0.0993786
    outer loop
      vertex 11.4734 0.909282 5
      vertex 10.999 0.736115 0
      vertex 11.4495 0.953057 5
    endloop
  endfacet
  facet normal 0.87378 0.476057 -0.0993917
    outer loop
      vertex 10.999 0.736115 0
      vertex 11.4734 0.909282 5
      vertex 11.0467 0.648564 0
    endloop
  endfacet
  facet normal -0.658645 0.745862 -0.0993803
    outer loop
      vertex 12.5982 0.454133 0
      vertex 12.5235 0.388168 0
      vertex 12.2491 0.812066 5
    endloop
  endfacet
  facet normal -0.72946 0.676766 -0.0993783
    outer loop
      vertex 12.666 0.527212 0
      vertex 12.5982 0.454133 0
      vertex 12.2491 0.812066 5
    endloop
  endfacet
  facet normal -0.497672 0.861653 -0.0993797
    outer loop
      vertex 12.4425 0.329973 0
      vertex 12.3562 0.280128 0
      vertex 12.1281 0.725063 5
    endloop
  endfacet
  facet normal -0.221388 0.970109 -0.0993804
    outer loop
      vertex 12.0354 0.688687 5
      vertex 12.0736 0.185192 0
      vertex 11.9868 0.677596 5
    endloop
  endfacet
  facet normal -0.409138 0.907045 -0.099376
    outer loop
      vertex 12.3562 0.280128 0
      vertex 12.2653 0.239126 0
      vertex 12.0827 0.704562 5
    endloop
  endfacet
  facet normal -0.793154 0.600859 -0.0993781
    outer loop
      vertex 12.3131 0.888339 5
      vertex 12.666 0.527212 0
      vertex 12.283 0.848606 5
    endloop
  endfacet
  facet normal -0.793161 0.600849 -0.0993779
    outer loop
      vertex 12.7262 0.60668 0
      vertex 12.666 0.527212 0
      vertex 12.3131 0.888339 5
    endloop
  endfacet
  facet normal -0.896718 0.431297 -0.0993946
    outer loop
      vertex 12.8215 0.781565 0
      vertex 12.3391 0.930873 5
      vertex 12.3607 0.975782 5
    endloop
  endfacet
  facet normal -0.896331 0.432104 -0.0993813
    outer loop
      vertex 12.3391 0.930873 5
      vertex 12.8215 0.781565 0
      vertex 12.7782 0.691746 0
    endloop
  endfacet
  facet normal -0.935028 0.340359 -0.0993929
    outer loop
      vertex 12.8556 0.875244 0
      vertex 12.8215 0.781565 0
      vertex 12.3607 0.975782 5
    endloop
  endfacet
  facet normal -0.964285 0.245513 -0.0993837
    outer loop
      vertex 12.3901 1.07093 5
      vertex 12.8556 0.875244 0
      vertex 12.3778 1.02262 5
    endloop
  endfacet
  facet normal -0.964279 0.245539 -0.0993841
    outer loop
      vertex 12.8802 0.971853 0
      vertex 12.8556 0.875244 0
      vertex 12.3901 1.07093 5
    endloop
  endfacet
  facet normal 0.990032 -0.0998016 -0.099382
    outer loop
      vertex 11.4056 1.24452 5
      vertex 11.4006 1.19492 5
      vertex 10.9012 1.21985 0
    endloop
  endfacet
  facet normal 0.873662 -0.476273 -0.0993895
    outer loop
      vertex 11.3191 1.525 3.19187
      vertex 11.4734 1.43072 5
      vertex 11.2151 1.525 2.27768
    endloop
  endfacet
  facet normal 0.873775 -0.47606 -0.0994192
    outer loop
      vertex 11.115 1.64972 0.799999
      vertex 10.999 1.60388 0
      vertex 11.0467 1.69143 0
    endloop
  endfacet
  facet normal 0.873613 -0.476365 -0.0993783
    outer loop
      vertex 10.999 1.60388 0
      vertex 11.115 1.64972 0.799999
      vertex 11.0749 1.57618 0.799999
    endloop
  endfacet
  facet normal 0.873382 -0.476789 -0.0993807
    outer loop
      vertex 11.4495 1.38694 5
      vertex 11.2151 1.525 2.27768
      vertex 11.4734 1.43072 5
    endloop
  endfacet
  facet normal 0.873355 -0.476838 -0.0993809
    outer loop
      vertex 11.2151 1.525 2.27768
      vertex 11.4495 1.38694 5
      vertex 11.1628 1.525 1.81807
    endloop
  endfacet
  facet normal 0.874784 -0.474205 -0.0994146
    outer loop
      vertex 11.0749 1.57618 0.799999
      vertex 11.0711 1.56917 0.799999
      vertex 10.999 1.60388 0
    endloop
  endfacet
  facet normal 0.975425 -0.196642 -0.0993905
    outer loop
      vertex 10.9309 1.41676 0
      vertex 11.4155 1.29338 5
      vertex 10.9112 1.31904 0
    endloop
  endfacet
  facet normal 0.620143 -0.778172 -0.0993506
    outer loop
      vertex 11.3163 1.98194 0
      vertex 11.2912 1.8598 0.799999
      vertex 11.2383 1.91978 0
    endloop
  endfacet
  facet normal 0.619882 -0.778375 -0.0993898
    outer loop
      vertex 11.2912 1.8598 0.799999
      vertex 11.3163 1.98194 0
      vertex 11.363 1.91698 0.799999
    endloop
  endfacet
  facet normal 0.269405 -0.957884 -0.0993948
    outer loop
      vertex 11.6775 2.14493 0
      vertex 11.607 2.04209 0.799999
      vertex 11.5815 2.11793 0
    endloop
  endfacet
  facet normal 0.269462 -0.957869 -0.0993878
    outer loop
      vertex 11.607 2.04209 0.799999
      vertex 11.6775 2.14493 0
      vertex 11.6953 2.06693 0.799999
    endloop
  endfacet
  facet normal -0.729468 -0.676764 -0.0993284
    outer loop
      vertex 12.666 1.81279 0
      vertex 12.5424 1.8286 0.799999
      vertex 12.5982 1.88587 0
    endloop
  endfacet
  facet normal -0.729788 -0.676412 -0.0993847
    outer loop
      vertex 12.5424 1.8286 0.799999
      vertex 12.666 1.81279 0
      vertex 12.5993 1.76721 0.799999
    endloop
  endfacet
  facet normal -0.729261 -0.676969 -0.0994535
    outer loop
      vertex 12.3231 1.525 4.47718
      vertex 12.283 1.49139 5
      vertex 12.2518 1.525 5
    endloop
  endfacet
  facet normal -0.724966 -0.681592 -0.0992779
    outer loop
      vertex 12.666 1.81279 0
      vertex 12.6048 1.76136 0.799999
      vertex 12.5993 1.76721 0.799999
    endloop
  endfacet
  facet normal -0.849 -0.518961 -0.0993858
    outer loop
      vertex 12.7782 1.64825 0
      vertex 12.6601 1.68825 0.799999
      vertex 12.7262 1.73332 0
    endloop
  endfacet
  facet normal -0.848704 -0.51946 -0.099317
    outer loop
      vertex 12.6601 1.68825 0.799999
      vertex 12.7782 1.64825 0
      vertex 12.708 1.60999 0.799999
    endloop
  endfacet
  facet normal -0.849127 -0.518754 -0.0993884
    outer loop
      vertex 12.3391 1.40913 5
      vertex 12.4207 1.525 3.69807
      vertex 12.5519 1.525 2.57716
    endloop
  endfacet
  facet normal -0.848972 -0.519005 -0.099401
    outer loop
      vertex 12.4207 1.525 3.69807
      vertex 12.3391 1.40913 5
      vertex 12.3131 1.45166 5
    endloop
  endfacet
  facet normal -0.79349 -0.600411 -0.0994014
    outer loop
      vertex 12.3131 1.45166 5
      vertex 12.3231 1.525 4.47718
      vertex 12.4207 1.525 3.69807
    endloop
  endfacet
  facet normal -0.793125 -0.600883 -0.0994606
    outer loop
      vertex 12.3231 1.525 4.47718
      vertex 12.3131 1.45166 5
      vertex 12.283 1.49139 5
    endloop
  endfacet
  facet normal -0.793174 -0.600844 -0.0993047
    outer loop
      vertex 12.7262 1.73332 0
      vertex 12.6048 1.76136 0.799999
      vertex 12.666 1.81279 0
    endloop
  endfacet
  facet normal -0.793596 -0.600272 -0.0993889
    outer loop
      vertex 12.6048 1.76136 0.799999
      vertex 12.7262 1.73332 0
      vertex 12.6601 1.68825 0.799999
    endloop
  endfacet
  facet normal 0.073186 -0.992353 -0.0993936
    outer loop
      vertex 11.8751 2.16969 0
      vertex 11.8771 2.08971 0.799999
      vertex 11.8691 2.08912 0.799999
    endloop
  endfacet
  facet normal -0.579771 -0.808694 -0.0993931
    outer loop
      vertex 12.5235 1.95183 0
      vertex 12.4736 1.88928 0.799999
      vertex 12.4671 1.89394 0.799999
    endloop
  endfacet
  facet normal -0.580786 -0.807967 -0.0993871
    outer loop
      vertex 12.4425 2.01003 0
      vertex 12.4671 1.89394 0.799999
      vertex 12.3991 1.94282 0.799999
    endloop
  endfacet
  facet normal -0.580622 -0.808082 -0.0994088
    outer loop
      vertex 12.4671 1.89394 0.799999
      vertex 12.4425 2.01003 0
      vertex 12.5235 1.95183 0
    endloop
  endfacet
  facet normal -0.409372 -0.906942 -0.0993501
    outer loop
      vertex 12.2653 2.10087 0
      vertex 12.3197 1.98868 0.799999
      vertex 12.2434 2.02312 0.799999
    endloop
  endfacet
  facet normal -0.409121 -0.907052 -0.0993826
    outer loop
      vertex 12.3197 1.98868 0.799999
      vertex 12.2653 2.10087 0
      vertex 12.3562 2.05987 0
    endloop
  endfacet
  facet normal -0.497633 -0.861676 -0.099383
    outer loop
      vertex 12.3562 2.05987 0
      vertex 12.3922 1.94681 0.799999
      vertex 12.3197 1.98868 0.799999
    endloop
  endfacet
  facet normal -0.497635 -0.861675 -0.0993827
    outer loop
      vertex 12.3922 1.94681 0.799999
      vertex 12.3562 2.05987 0
      vertex 12.4425 2.01003 0
    endloop
  endfacet
  facet normal -0.221335 -0.970121 -0.099379
    outer loop
      vertex 12.0736 2.15481 0
      vertex 12.1492 2.05561 0.799999
      vertex 12.0675 2.07425 0.799999
    endloop
  endfacet
  facet normal -0.221465 -0.970093 -0.0993632
    outer loop
      vertex 12.1492 2.05561 0.799999
      vertex 12.0736 2.15481 0
      vertex 12.1708 2.13262 0
    endloop
  endfacet
  facet normal -0.222919 -0.969761 -0.0993548
    outer loop
      vertex 12.0736 2.15481 0
      vertex 12.0675 2.07425 0.799999
      vertex 12.0598 2.07602 0.799999
    endloop
  endfacet
  facet normal -0.0248092 -0.99474 -0.0993785
    outer loop
      vertex 11.8751 2.16969 0
      vertex 11.9688 2.08743 0.799999
      vertex 11.885 2.08952 0.799999
    endloop
  endfacet
  facet normal -0.0248685 -0.99474 -0.0993715
    outer loop
      vertex 11.9688 2.08743 0.799999
      vertex 11.8751 2.16969 0
      vertex 11.9747 2.1672 0
    endloop
  endfacet
  facet normal -0.123729 -0.987329 -0.0993617
    outer loop
      vertex 11.9747 2.1672 0
      vertex 11.9767 2.08644 0.799999
      vertex 11.9688 2.08743 0.799999
    endloop
  endfacet
  facet normal 0.269424 0.95788 -0.0993836
    outer loop
      vertex 11.7408 0.696035 5
      vertex 11.6775 0.195071 0
      vertex 11.5815 0.222073 0
    endloop
  endfacet
  facet normal 0.363521 0.92627 -0.0993851
    outer loop
      vertex 11.7408 0.696035 5
      vertex 11.5815 0.222073 0
      vertex 11.4887 0.258493 0
    endloop
  endfacet
  facet normal 0.172737 0.979942 -0.0993791
    outer loop
      vertex 11.7757 0.17776 0
      vertex 11.7887 0.682535 5
      vertex 11.8378 0.67388 5
    endloop
  endfacet
  facet normal 0.172747 0.97994 -0.099379
    outer loop
      vertex 11.7887 0.682535 5
      vertex 11.7757 0.17776 0
      vertex 11.6775 0.195071 0
    endloop
  endfacet
  facet normal 0.540064 0.835737 -0.0993746
    outer loop
      vertex 11.6081 0.76403 5
      vertex 11.4 0.303974 0
      vertex 11.3163 0.358062 0
    endloop
  endfacet
  facet normal 0.917357 0.385461 -0.0993784
    outer loop
      vertex 11.4302 0.998989 5
      vertex 11.4495 0.953057 5
      vertex 10.999 0.736115 0
    endloop
  endfacet
  facet normal 0.694613 0.712485 -0.0993903
    outer loop
      vertex 11.5692 0.795109 5
      vertex 11.2383 0.420218 0
      vertex 11.1669 0.489827 0
    endloop
  endfacet
  facet normal 0.761663 0.640304 -0.0993968
    outer loop
      vertex 11.5014 0.868097 5
      vertex 11.5335 0.829913 5
      vertex 11.1669 0.489827 0
    endloop
  endfacet
  facet normal 0.621104 0.777404 -0.0993678
    outer loop
      vertex 11.3163 0.358062 0
      vertex 11.5692 0.795109 5
      vertex 11.6081 0.76403 5
    endloop
  endfacet
  facet normal 0.620117 0.778189 -0.0993865
    outer loop
      vertex 11.5692 0.795109 5
      vertex 11.3163 0.358062 0
      vertex 11.2383 0.420218 0
    endloop
  endfacet
  facet normal 0.822885 0.559446 -0.0993966
    outer loop
      vertex 11.5014 0.868097 5
      vertex 11.0467 0.648564 0
      vertex 11.4734 0.909282 5
    endloop
  endfacet
  facet normal 0.821955 0.560816 -0.0993721
    outer loop
      vertex 11.0467 0.648564 0
      vertex 11.5014 0.868097 5
      vertex 11.1029 0.566195 0
    endloop
  endfacet
  facet normal -0.658144 0.746303 -0.0993902
    outer loop
      vertex 12.2491 0.812066 5
      vertex 12.5235 0.388168 0
      vertex 12.2117 0.779084 5
    endloop
  endfacet
  facet normal -0.497263 0.86189 -0.0993727
    outer loop
      vertex 12.1713 0.749987 5
      vertex 12.4425 0.329973 0
      vertex 12.1281 0.725063 5
    endloop
  endfacet
  facet normal -0.581531 0.807432 -0.0993688
    outer loop
      vertex 12.2117 0.779084 5
      vertex 12.4425 0.329973 0
      vertex 12.1713 0.749987 5
    endloop
  endfacet
  facet normal -0.934705 0.34125 -0.0993788
    outer loop
      vertex 12.3778 1.02262 5
      vertex 12.8556 0.875244 0
      vertex 12.3607 0.975782 5
    endloop
  endfacet
  facet normal -0.984022 0.147733 -0.0993812
    outer loop
      vertex 12.3975 1.12022 5
      vertex 12.8802 0.971853 0
      vertex 12.3901 1.07093 5
    endloop
  endfacet
  facet normal 0.975232 -0.197601 -0.099376
    outer loop
      vertex 11.4155 1.29338 5
      vertex 11.4056 1.24452 5
      vertex 10.9112 1.31904 0
    endloop
  endfacet
  facet normal 0.990031 -0.0998115 -0.0993818
    outer loop
      vertex 10.9112 1.31904 0
      vertex 11.4056 1.24452 5
      vertex 10.9012 1.21985 0
    endloop
  endfacet
  facet normal 0.761707 -0.640241 -0.0994686
    outer loop
      vertex 11.5014 1.4719 5
      vertex 11.5174 1.525 4.78074
      vertex 11.5335 1.51009 5
    endloop
  endfacet
  facet normal 0.762102 -0.639792 -0.0993311
    outer loop
      vertex 11.5174 1.525 4.78074
      vertex 11.5014 1.4719 5
      vertex 11.4545 1.525 4.29815
    endloop
  endfacet
  facet normal 0.763903 -0.637627 -0.0994181
    outer loop
      vertex 11.2256 1.79576 0.799999
      vertex 11.2205 1.78965 0.799999
      vertex 11.1669 1.85017 0
    endloop
  endfacet
  facet normal 0.76265 -0.63912 -0.0994471
    outer loop
      vertex 11.2205 1.78965 0.799999
      vertex 11.1029 1.7738 0
      vertex 11.1669 1.85017 0
    endloop
  endfacet
  facet normal 0.761838 -0.64011 -0.0993081
    outer loop
      vertex 11.1029 1.7738 0
      vertex 11.2205 1.78965 0.799999
      vertex 11.1666 1.7255 0.799999
    endloop
  endfacet
  facet normal 0.760431 -0.641771 -0.0993692
    outer loop
      vertex 11.4545 1.525 4.29815
      vertex 11.5014 1.4719 5
      vertex 11.4313 1.525 4.12061
    endloop
  endfacet
  facet normal 0.539215 -0.836282 -0.0993934
    outer loop
      vertex 11.44 1.96674 0.799999
      vertex 11.4333 1.96242 0.799999
      vertex 11.4 2.03603 0
    endloop
  endfacet
  facet normal 0.174572 -0.979615 -0.0993968
    outer loop
      vertex 11.7031 2.06832 0.799999
      vertex 11.6953 2.06693 0.799999
      vertex 11.6775 2.14493 0
    endloop
  endfacet
  facet normal -0.319182 -0.942468 -0.0993823
    outer loop
      vertex 12.2653 2.10087 0
      vertex 12.2361 2.0264 0.799999
      vertex 12.2286 2.02894 0.799999
    endloop
  endfacet
  facet normal -0.316836 -0.943262 -0.0993555
    outer loop
      vertex 12.1708 2.13262 0
      vertex 12.2286 2.02894 0.799999
      vertex 12.1492 2.05561 0.799999
    endloop
  endfacet
  facet normal -0.316908 -0.943239 -0.0993472
    outer loop
      vertex 12.2286 2.02894 0.799999
      vertex 12.1708 2.13262 0
      vertex 12.2653 2.10087 0
    endloop
  endfacet
  facet normal 0.0743701 0.992266 -0.0993803
    outer loop
      vertex 11.8751 0.17031 0
      vertex 11.8378 0.67388 5
      vertex 11.8875 0.670155 5
    endloop
  endfacet
  facet normal 0.0743701 0.992266 -0.0993803
    outer loop
      vertex 11.8378 0.67388 5
      vertex 11.8751 0.17031 0
      vertex 11.7757 0.17776 0
    endloop
  endfacet
  facet normal 0.539594 0.836039 -0.0993829
    outer loop
      vertex 11.6081 0.76403 5
      vertex 11.65 0.736987 5
      vertex 11.4 0.303974 0
    endloop
  endfacet
  facet normal 0.453596 0.885648 -0.0993885
    outer loop
      vertex 11.4887 0.258493 0
      vertex 11.65 0.736987 5
      vertex 11.6944 0.714247 5
    endloop
  endfacet
  facet normal 0.454009 0.885437 -0.0993816
    outer loop
      vertex 11.65 0.736987 5
      vertex 11.4887 0.258493 0
      vertex 11.4 0.303974 0
    endloop
  endfacet
  facet normal 0.916029 -0.388636 -0.0992668
    outer loop
      vertex 11.1284 1.525 1.5004
      vertex 10.9603 1.51202 0
      vertex 11.0525 1.525 0.799999
    endloop
  endfacet
  facet normal 0.916969 -0.386379 -0.0993917
    outer loop
      vertex 10.9603 1.51202 0
      vertex 11.1284 1.525 1.5004
      vertex 11.4302 1.34101 5
    endloop
  endfacet
  facet normal 0.917096 -0.386067 -0.0994315
    outer loop
      vertex 10.9603 1.51202 0
      vertex 11.068 1.56182 0.799999
      vertex 11.0525 1.525 0.799999
    endloop
  endfacet
  facet normal 0.916992 -0.386323 -0.0994016
    outer loop
      vertex 11.068 1.56182 0.799999
      vertex 10.9603 1.51202 0
      vertex 10.999 1.60388 0
    endloop
  endfacet
  facet normal 0.950796 -0.293443 -0.0993921
    outer loop
      vertex 11.4302 1.34101 5
      vertex 11.4155 1.29338 5
      vertex 10.9603 1.51202 0
    endloop
  endfacet
  facet normal 0.917351 -0.385475 -0.0993809
    outer loop
      vertex 11.4302 1.34101 5
      vertex 11.1628 1.525 1.81807
      vertex 11.4495 1.38694 5
    endloop
  endfacet
  facet normal 0.917614 -0.384852 -0.099367
    outer loop
      vertex 11.1628 1.525 1.81807
      vertex 11.4302 1.34101 5
      vertex 11.1284 1.525 1.5004
    endloop
  endfacet
  facet normal 0.916835 -0.386692 -0.0994075
    outer loop
      vertex 11.0711 1.56917 0.799999
      vertex 11.068 1.56182 0.799999
      vertex 10.999 1.60388 0
    endloop
  endfacet
  facet normal 0.995049 0 -0.0993855
    outer loop
      vertex 11.4006 14.6051 5
      vertex 10.9012 14.6798 0
      vertex 11.4006 14.6549 5
    endloop
  endfacet
  facet normal 0.995049 0 -0.0993855
    outer loop
      vertex 10.9012 14.6798 0
      vertex 11.4006 14.6051 5
      vertex 10.9012 14.5802 0
    endloop
  endfacet
  facet normal -0.993798 -0.0498895 -0.0993798
    outer loop
      vertex 12.9 14.63 0
      vertex 12.4 14.63 5
      vertex 12.3975 14.6798 5
    endloop
  endfacet
  facet normal -0.993798 -0.0498895 -0.0993798
    outer loop
      vertex 12.895 14.7296 0
      vertex 12.9 14.63 0
      vertex 12.3975 14.6798 5
    endloop
  endfacet
  facet normal -0.984026 -0.147704 -0.0993788
    outer loop
      vertex 12.8802 14.8281 0
      vertex 12.3975 14.6798 5
      vertex 12.3901 14.7291 5
    endloop
  endfacet
  facet normal 0.0748663 -0.992228 -0.0993887
    outer loop
      vertex 11.8751 15.6297 0
      vertex 11.8875 15.1298 5
      vertex 11.7757 15.6222 0
    endloop
  endfacet
  facet normal -0.124958 0.987171 -0.099392
    outer loop
      vertex 11.9767 13.7136 0.799999
      vertex 11.9747 13.6328 0
      vertex 11.9688 13.7126 0.799999
    endloop
  endfacet
  facet normal -0.65828 -0.746184 -0.0993878
    outer loop
      vertex 12.5235 15.4118 0
      vertex 12.5982 15.3459 0
      vertex 12.2491 14.9879 5
    endloop
  endfacet
  facet normal 0.762779 -0.638977 -0.099375
    outer loop
      vertex 11.1669 15.3102 0
      vertex 11.5014 14.9319 5
      vertex 11.1029 15.2338 0
    endloop
  endfacet
  facet normal 0.694567 -0.71253 -0.0993919
    outer loop
      vertex 11.5692 15.0049 5
      vertex 11.5335 14.9701 5
      vertex 11.1669 15.3102 0
    endloop
  endfacet
  facet normal 0.990032 0.0998016 -0.0993814
    outer loop
      vertex 11.4056 14.5555 5
      vertex 10.9112 14.481 0
      vertex 10.9012 14.5802 0
    endloop
  endfacet
  facet normal 0.975456 0.196488 -0.0993905
    outer loop
      vertex 11.4155 14.5066 5
      vertex 10.9309 14.3832 0
      vertex 10.9112 14.481 0
    endloop
  endfacet
  facet normal -0.729161 0.677078 -0.09944
    outer loop
      vertex 12.283 14.3086 5
      vertex 12.3231 14.275 4.47718
      vertex 12.2518 14.275 5
    endloop
  endfacet
  facet normal -0.722043 0.684696 -0.0992281
    outer loop
      vertex 12.6048 14.0386 0.799999
      vertex 12.666 13.9872 0
      vertex 12.5993 14.0328 0.799999
    endloop
  endfacet
  facet normal -0.984004 0.14785 -0.099381
    outer loop
      vertex 12.895 14.5304 0
      vertex 12.8802 14.4319 0
      vertex 12.3975 14.5802 5
    endloop
  endfacet
  facet normal -0.793277 -0.600696 -0.0993778
    outer loop
      vertex 12.7262 15.1933 0
      vertex 12.283 14.9514 5
      vertex 12.666 15.2728 0
    endloop
  endfacet
  facet normal -0.792914 -0.601177 -0.0993688
    outer loop
      vertex 12.283 14.9514 5
      vertex 12.7262 15.1933 0
      vertex 12.3131 14.9117 5
    endloop
  endfacet
  facet normal 0.950743 -0.293612 -0.0993924
    outer loop
      vertex 11.4302 14.801 5
      vertex 10.9309 14.8768 0
      vertex 10.9603 14.972 0
    endloop
  endfacet
  facet normal 0.950743 -0.293612 -0.0993924
    outer loop
      vertex 10.9309 14.8768 0
      vertex 11.4302 14.801 5
      vertex 11.4155 14.7534 5
    endloop
  endfacet
  facet normal 0.620018 0.778274 -0.0993312
    outer loop
      vertex 11.3163 13.8181 0
      vertex 11.2912 13.9402 0.799999
      vertex 11.363 13.883 0.799999
    endloop
  endfacet
  facet normal 0.619776 0.778463 -0.0993675
    outer loop
      vertex 11.2912 13.9402 0.799999
      vertex 11.3163 13.8181 0
      vertex 11.2383 13.8802 0
    endloop
  endfacet
  facet normal -0.223747 0.969569 -0.0993623
    outer loop
      vertex 12.1492 13.7444 0.799999
      vertex 12.1708 13.6674 0
      vertex 12.1414 13.7426 0.799999
    endloop
  endfacet
  facet normal -0.316458 0.943384 -0.0994035
    outer loop
      vertex 12.1708 13.6674 0
      vertex 12.2361 13.7736 0.799999
      vertex 12.2653 13.6991 0
    endloop
  endfacet
  facet normal -0.317158 0.943158 -0.0993164
    outer loop
      vertex 12.2361 13.7736 0.799999
      vertex 12.1708 13.6674 0
      vertex 12.1567 13.7469 0.799999
    endloop
  endfacet
  facet normal -0.658759 0.745765 -0.0993531
    outer loop
      vertex 12.4796 13.916 0.799999
      vertex 12.5235 13.8482 0
      vertex 12.4736 13.9107 0.799999
    endloop
  endfacet
  facet normal -0.793085 0.600949 -0.0993813
    outer loop
      vertex 12.4207 14.275 3.69809
      vertex 12.3848 14.275 3.98458
      vertex 12.3131 14.3483 5
    endloop
  endfacet
  facet normal -0.793323 0.600642 -0.0993346
    outer loop
      vertex 12.7262 14.0667 0
      vertex 12.6096 14.045 0.799999
      vertex 12.6601 14.1117 0.799999
    endloop
  endfacet
  facet normal -0.793281 0.600699 -0.0993269
    outer loop
      vertex 12.6096 14.045 0.799999
      vertex 12.7262 14.0667 0
      vertex 12.666 13.9872 0
    endloop
  endfacet
  facet normal -0.964273 0.24556 -0.0993851
    outer loop
      vertex 12.3901 14.5309 5
      vertex 12.8556 14.3352 0
      vertex 12.3778 14.4826 5
    endloop
  endfacet
  facet normal -0.964334 -0.245322 -0.0993814
    outer loop
      vertex 12.8556 14.9248 0
      vertex 12.8802 14.8281 0
      vertex 12.3901 14.7291 5
    endloop
  endfacet
  facet normal -0.984004 -0.14785 -0.099381
    outer loop
      vertex 12.8802 14.8281 0
      vertex 12.895 14.7296 0
      vertex 12.3975 14.6798 5
    endloop
  endfacet
  facet normal -0.934615 -0.341494 -0.0993791
    outer loop
      vertex 12.8556 14.9248 0
      vertex 12.3778 14.7774 5
      vertex 12.3607 14.8242 5
    endloop
  endfacet
  facet normal -0.934935 -0.340612 -0.099393
    outer loop
      vertex 12.8215 15.0184 0
      vertex 12.8556 14.9248 0
      vertex 12.3607 14.8242 5
    endloop
  endfacet
  facet normal -0.729556 -0.676661 -0.0993865
    outer loop
      vertex 12.5982 15.3459 0
      vertex 12.666 15.2728 0
      vertex 12.2491 14.9879 5
    endloop
  endfacet
  facet normal -0.0239221 -0.99476 -0.0993968
    outer loop
      vertex 11.8751 15.6297 0
      vertex 11.9374 15.1286 5
      vertex 11.8875 15.1298 5
    endloop
  endfacet
  facet normal -0.0249683 -0.994736 -0.0993813
    outer loop
      vertex 11.9374 15.1286 5
      vertex 11.8751 15.6297 0
      vertex 11.9747 15.6272 0
    endloop
  endfacet
  facet normal -0.221559 -0.97007 -0.0993787
    outer loop
      vertex 12.0736 15.6148 0
      vertex 12.0354 15.1113 5
      vertex 11.9868 15.1224 5
    endloop
  endfacet
  facet normal -0.409495 -0.906882 -0.0993936
    outer loop
      vertex 12.3562 15.5199 0
      vertex 12.1281 15.0749 5
      vertex 12.0827 15.0954 5
    endloop
  endfacet
  facet normal 0.975264 -0.197446 -0.099376
    outer loop
      vertex 11.4155 14.7534 5
      vertex 11.4056 14.7045 5
      vertex 10.9112 14.779 0
    endloop
  endfacet
  facet normal 0.822053 -0.560672 -0.0993711
    outer loop
      vertex 11.5014 14.9319 5
      vertex 11.0467 15.1514 0
      vertex 11.1029 15.2338 0
    endloop
  endfacet
  facet normal 0.82298 -0.559307 -0.0993954
    outer loop
      vertex 11.0467 15.1514 0
      vertex 11.5014 14.9319 5
      vertex 11.4734 14.8907 5
    endloop
  endfacet
  facet normal 0.950743 0.293612 -0.0993924
    outer loop
      vertex 11.4302 14.459 5
      vertex 10.9309 14.3832 0
      vertex 11.4155 14.5066 5
    endloop
  endfacet
  facet normal 0.950743 0.293612 -0.0993924
    outer loop
      vertex 10.9309 14.3832 0
      vertex 11.4302 14.459 5
      vertex 10.9603 14.288 0
    endloop
  endfacet
  facet normal 0.975264 0.197446 -0.099376
    outer loop
      vertex 11.4056 14.5555 5
      vertex 11.4155 14.5066 5
      vertex 10.9112 14.481 0
    endloop
  endfacet
  facet normal -0.0249497 0.994734 -0.0994088
    outer loop
      vertex 11.9747 13.6328 0
      vertex 11.8771 13.7103 0.799999
      vertex 11.9688 13.7126 0.799999
    endloop
  endfacet
  facet normal -0.0249682 0.994733 -0.099411
    outer loop
      vertex 11.8771 13.7103 0.799999
      vertex 11.9747 13.6328 0
      vertex 11.8751 13.6303 0
    endloop
  endfacet
  facet normal 0.363068 0.92645 -0.0993541
    outer loop
      vertex 11.5216 13.7914 0.799999
      vertex 11.529 13.7885 0.799999
      vertex 11.4887 13.7185 0
    endloop
  endfacet
  facet normal -0.22156 0.970075 -0.0993295
    outer loop
      vertex 12.0736 13.6452 0
      vertex 12.1414 13.7426 0.799999
      vertex 12.1708 13.6674 0
    endloop
  endfacet
  facet normal -0.221141 0.970166 -0.0993761
    outer loop
      vertex 12.1414 13.7426 0.799999
      vertex 12.0736 13.6452 0
      vertex 12.0598 13.724 0.799999
    endloop
  endfacet
  facet normal -0.123789 0.987319 -0.0993864
    outer loop
      vertex 11.9747 13.6328 0
      vertex 12.0598 13.724 0.799999
      vertex 12.0736 13.6452 0
    endloop
  endfacet
  facet normal -0.123567 0.987344 -0.099413
    outer loop
      vertex 12.0598 13.724 0.799999
      vertex 11.9747 13.6328 0
      vertex 11.9767 13.7136 0.799999
    endloop
  endfacet
  facet normal -0.580625 0.808087 -0.0993484
    outer loop
      vertex 12.4425 13.79 0
      vertex 12.4736 13.9107 0.799999
      vertex 12.5235 13.8482 0
    endloop
  endfacet
  facet normal -0.580947 0.807861 -0.0993018
    outer loop
      vertex 12.4736 13.9107 0.799999
      vertex 12.4425 13.79 0
      vertex 12.4056 13.8618 0.799999
    endloop
  endfacet
  facet normal -0.409881 0.906707 -0.0993979
    outer loop
      vertex 12.3197 13.8113 0.799999
      vertex 12.3562 13.7401 0
      vertex 12.3124 13.808 0.799999
    endloop
  endfacet
  facet normal -0.846591 0.522894 -0.0993221
    outer loop
      vertex 12.708 14.19 0.799999
      vertex 12.7782 14.1517 0
      vertex 12.7038 14.1832 0.799999
    endloop
  endfacet
  facet normal -0.848669 0.519502 -0.0993904
    outer loop
      vertex 12.4866 14.275 3.13474
      vertex 12.3391 14.3909 5
      vertex 12.5519 14.275 2.57716
    endloop
  endfacet
  facet normal -0.849354 0.518385 -0.0993751
    outer loop
      vertex 12.3391 14.3909 5
      vertex 12.4866 14.275 3.13474
      vertex 12.3131 14.3483 5
    endloop
  endfacet
  facet normal -0.849027 0.518916 -0.099392
    outer loop
      vertex 12.7782 14.1517 0
      vertex 12.6601 14.1117 0.799999
      vertex 12.7038 14.1832 0.799999
    endloop
  endfacet
  facet normal -0.848814 0.519274 -0.0993426
    outer loop
      vertex 12.6601 14.1117 0.799999
      vertex 12.7782 14.1517 0
      vertex 12.7262 14.0667 0
    endloop
  endfacet
  facet normal -0.849566 0.518036 -0.0993812
    outer loop
      vertex 12.4866 14.275 3.13474
      vertex 12.4207 14.275 3.69809
      vertex 12.3131 14.3483 5
    endloop
  endfacet
  facet normal -0.964334 0.245322 -0.0993814
    outer loop
      vertex 12.8802 14.4319 0
      vertex 12.8556 14.3352 0
      vertex 12.3901 14.5309 5
    endloop
  endfacet
  facet normal -0.964273 -0.24556 -0.0993851
    outer loop
      vertex 12.8556 14.9248 0
      vertex 12.3901 14.7291 5
      vertex 12.3778 14.7774 5
    endloop
  endfacet
  facet normal -0.729095 -0.677159 -0.0993765
    outer loop
      vertex 12.666 15.2728 0
      vertex 12.283 14.9514 5
      vertex 12.2491 14.9879 5
    endloop
  endfacet
  facet normal -0.896483 -0.431788 -0.0993859
    outer loop
      vertex 12.8215 15.0184 0
      vertex 12.3391 14.8691 5
      vertex 12.7782 15.1083 0
    endloop
  endfacet
  facet normal -0.896685 -0.431367 -0.0993928
    outer loop
      vertex 12.3391 14.8691 5
      vertex 12.8215 15.0184 0
      vertex 12.3607 14.8242 5
    endloop
  endfacet
  facet normal -0.848811 -0.519273 -0.0993742
    outer loop
      vertex 12.7782 15.1083 0
      vertex 12.3131 14.9117 5
      vertex 12.7262 15.1933 0
    endloop
  endfacet
  facet normal -0.849352 -0.518384 -0.0993896
    outer loop
      vertex 12.3131 14.9117 5
      vertex 12.7782 15.1083 0
      vertex 12.3391 14.8691 5
    endloop
  endfacet
  facet normal -0.316459 -0.943386 -0.0993801
    outer loop
      vertex 12.1708 15.5926 0
      vertex 12.2653 15.5609 0
      vertex 12.0354 15.1113 5
    endloop
  endfacet
  facet normal -0.221559 -0.97007 -0.0993787
    outer loop
      vertex 12.0736 15.6148 0
      vertex 12.1708 15.5926 0
      vertex 12.0354 15.1113 5
    endloop
  endfacet
  facet normal -0.123789 -0.987319 -0.0993802
    outer loop
      vertex 12.0736 15.6148 0
      vertex 11.9868 15.1224 5
      vertex 11.9747 15.6272 0
    endloop
  endfacet
  facet normal -0.123913 -0.987304 -0.0993784
    outer loop
      vertex 11.9747 15.6272 0
      vertex 11.9868 15.1224 5
      vertex 11.9374 15.1286 5
    endloop
  endfacet
  facet normal -0.317054 -0.943185 -0.0993894
    outer loop
      vertex 12.2653 15.5609 0
      vertex 12.0827 15.0954 5
      vertex 12.0354 15.1113 5
    endloop
  endfacet
  facet normal -0.409121 -0.907051 -0.0993876
    outer loop
      vertex 12.2653 15.5609 0
      vertex 12.3562 15.5199 0
      vertex 12.0827 15.0954 5
    endloop
  endfacet
  facet normal -0.58157 -0.807402 -0.0993894
    outer loop
      vertex 12.5235 15.4118 0
      vertex 12.2117 15.0209 5
      vertex 12.1713 15.05 5
    endloop
  endfacet
  facet normal 0.873663 -0.476271 -0.0993912
    outer loop
      vertex 11.0467 15.1514 0
      vertex 11.4734 14.8907 5
      vertex 10.999 15.0639 0
    endloop
  endfacet
  facet normal 0.873473 -0.476621 -0.0993853
    outer loop
      vertex 11.4734 14.8907 5
      vertex 11.4495 14.8469 5
      vertex 10.999 15.0639 0
    endloop
  endfacet
  facet normal 0.975456 -0.196488 -0.0993905
    outer loop
      vertex 10.9309 14.8768 0
      vertex 11.4155 14.7534 5
      vertex 10.9112 14.779 0
    endloop
  endfacet
  facet normal 0.990032 -0.0998016 -0.0993814
    outer loop
      vertex 10.9112 14.779 0
      vertex 11.4056 14.7045 5
      vertex 10.9012 14.6798 0
    endloop
  endfacet
  facet normal 0 0 -1
    outer loop
      vertex 12.3975 14.5802 5
      vertex 12.3975 14.6798 5
      vertex 12.4 14.63 5
    endloop
  endfacet
  facet normal 0 0 -1
    outer loop
      vertex 12.3901 14.5309 5
      vertex 12.3975 14.6798 5
      vertex 12.3975 14.5802 5
    endloop
  endfacet
  facet normal 0 0 -1
    outer loop
      vertex 12.3901 14.5309 5
      vertex 12.3901 14.7291 5
      vertex 12.3975 14.6798 5
    endloop
  endfacet
  facet normal 0 0 -1
    outer loop
      vertex 12.3778 14.4826 5
      vertex 12.3901 14.7291 5
      vertex 12.3901 14.5309 5
    endloop
  endfacet
  facet normal 0 0 -1
    outer loop
      vertex 12.3778 14.4826 5
      vertex 12.3778 14.7774 5
      vertex 12.3901 14.7291 5
    endloop
  endfacet
  facet normal 0 0 -1
    outer loop
      vertex 12.3607 14.4358 5
      vertex 12.3778 14.7774 5
      vertex 12.3778 14.4826 5
    endloop
  endfacet
  facet normal 0 0 -1
    outer loop
      vertex 12.3607 14.4358 5
      vertex 12.3607 14.8242 5
      vertex 12.3778 14.7774 5
    endloop
  endfacet
  facet normal 0 0 -1
    outer loop
      vertex 12.3391 14.3909 5
      vertex 12.3607 14.8242 5
      vertex 12.3607 14.4358 5
    endloop
  endfacet
  facet normal 0 0 -1
    outer loop
      vertex 12.3391 14.3909 5
      vertex 12.3391 14.8691 5
      vertex 12.3607 14.8242 5
    endloop
  endfacet
  facet normal 0 0 -1
    outer loop
      vertex 12.3131 14.3483 5
      vertex 12.3391 14.8691 5
      vertex 12.3391 14.3909 5
    endloop
  endfacet
  facet normal 0 0 -1
    outer loop
      vertex 12.3131 14.3483 5
      vertex 12.3131 14.9117 5
      vertex 12.3391 14.8691 5
    endloop
  endfacet
  facet normal 0 0 -1
    outer loop
      vertex 12.283 14.3086 5
      vertex 12.3131 14.9117 5
      vertex 12.3131 14.3483 5
    endloop
  endfacet
  facet normal 0 0 -1
    outer loop
      vertex 12.283 14.3086 5
      vertex 12.283 14.9514 5
      vertex 12.3131 14.9117 5
    endloop
  endfacet
  facet normal 0 0 -1
    outer loop
      vertex 12.2518 14.275 5
      vertex 12.283 14.9514 5
      vertex 12.283 14.3086 5
    endloop
  endfacet
  facet normal 0 0 -1
    outer loop
      vertex 12.2518 14.275 5
      vertex 12.2491 14.9879 5
      vertex 12.283 14.9514 5
    endloop
  endfacet
  facet normal 0 0 -1
    outer loop
      vertex 12.2518 14.275 5
      vertex 12.2117 15.0209 5
      vertex 12.2491 14.9879 5
    endloop
  endfacet
  facet normal 0 0 -1
    outer loop
      vertex 12.2518 14.275 5
      vertex 12.1713 15.05 5
      vertex 12.2117 15.0209 5
    endloop
  endfacet
  facet normal 0 0 -1
    outer loop
      vertex 12.2518 14.275 5
      vertex 12.1281 15.0749 5
      vertex 12.1713 15.05 5
    endloop
  endfacet
  facet normal 0 0 -1
    outer loop
      vertex 12.2518 14.275 5
      vertex 12.0827 15.0954 5
      vertex 12.1281 15.0749 5
    endloop
  endfacet
  facet normal 0 0 -1
    outer loop
      vertex 12.2518 14.275 5
      vertex 12.0354 15.1113 5
      vertex 12.0827 15.0954 5
    endloop
  endfacet
  facet normal 0 0 -1
    outer loop
      vertex 12.2518 14.275 5
      vertex 11.9868 15.1224 5
      vertex 12.0354 15.1113 5
    endloop
  endfacet
  facet normal 0 0 -1
    outer loop
      vertex 12.2518 14.275 5
      vertex 11.9374 15.1286 5
      vertex 11.9868 15.1224 5
    endloop
  endfacet
  facet normal 0 0 -1
    outer loop
      vertex 12.2518 14.275 5
      vertex 11.8875 15.1298 5
      vertex 11.9374 15.1286 5
    endloop
  endfacet
  facet normal 0 0 -1
    outer loop
      vertex 12.2518 14.275 5
      vertex 11.8378 15.1261 5
      vertex 11.8875 15.1298 5
    endloop
  endfacet
  facet normal 0 0 -1
    outer loop
      vertex 12.2518 14.275 5
      vertex 11.7887 15.1175 5
      vertex 11.8378 15.1261 5
    endloop
  endfacet
  facet normal 0 0 -1
    outer loop
      vertex 12.2518 14.275 5
      vertex 11.7408 15.104 5
      vertex 11.7887 15.1175 5
    endloop
  endfacet
  facet normal 0 0 -1
    outer loop
      vertex 12.2518 14.275 5
      vertex 11.6944 15.0858 5
      vertex 11.7408 15.104 5
    endloop
  endfacet
  facet normal 0 0 -1
    outer loop
      vertex 12.2518 14.275 5
      vertex 11.65 15.063 5
      vertex 11.6944 15.0858 5
    endloop
  endfacet
  facet normal 0 0 -1
    outer loop
      vertex 12.2518 14.275 5
      vertex 11.6081 15.036 5
      vertex 11.65 15.063 5
    endloop
  endfacet
  facet normal 0 0 -1
    outer loop
      vertex 12.2518 14.275 5
      vertex 11.5692 15.0049 5
      vertex 11.6081 15.036 5
    endloop
  endfacet
  facet normal 0 0 -1
    outer loop
      vertex 11.5488 14.275 5
      vertex 11.5692 15.0049 5
      vertex 12.2518 14.275 5
    endloop
  endfacet
  facet normal 0 0 -1
    outer loop
      vertex 11.5014 14.3281 5
      vertex 11.5488 14.275 5
      vertex 11.5335 14.2899 5
    endloop
  endfacet
  facet normal 0 0 -1
    outer loop
      vertex 11.5488 14.275 5
      vertex 11.5335 14.9701 5
      vertex 11.5692 15.0049 5
    endloop
  endfacet
  facet normal 0 0 -1
    outer loop
      vertex 11.5488 14.275 5
      vertex 11.5014 14.3281 5
      vertex 11.5335 14.9701 5
    endloop
  endfacet
  facet normal 0 0 -1
    outer loop
      vertex 11.5014 14.3281 5
      vertex 11.5014 14.9319 5
      vertex 11.5335 14.9701 5
    endloop
  endfacet
  facet normal 0 0 -1
    outer loop
      vertex 11.4734 14.3693 5
      vertex 11.5014 14.9319 5
      vertex 11.5014 14.3281 5
    endloop
  endfacet
  facet normal 0 0 -1
    outer loop
      vertex 11.4734 14.3693 5
      vertex 11.4734 14.8907 5
      vertex 11.5014 14.9319 5
    endloop
  endfacet
  facet normal 0 0 -1
    outer loop
      vertex 11.4495 14.4131 5
      vertex 11.4734 14.8907 5
      vertex 11.4734 14.3693 5
    endloop
  endfacet
  facet normal 0 0 -1
    outer loop
      vertex 11.4495 14.4131 5
      vertex 11.4495 14.8469 5
      vertex 11.4734 14.8907 5
    endloop
  endfacet
  facet normal 0 0 -1
    outer loop
      vertex 11.4302 14.459 5
      vertex 11.4495 14.8469 5
      vertex 11.4495 14.4131 5
    endloop
  endfacet
  facet normal 0 0 -1
    outer loop
      vertex 11.4302 14.459 5
      vertex 11.4302 14.801 5
      vertex 11.4495 14.8469 5
    endloop
  endfacet
  facet normal 0 0 -1
    outer loop
      vertex 11.4155 14.5066 5
      vertex 11.4302 14.801 5
      vertex 11.4302 14.459 5
    endloop
  endfacet
  facet normal 0 0 -1
    outer loop
      vertex 11.4155 14.5066 5
      vertex 11.4155 14.7534 5
      vertex 11.4302 14.801 5
    endloop
  endfacet
  facet normal 0 0 -1
    outer loop
      vertex 11.4056 14.5555 5
      vertex 11.4155 14.7534 5
      vertex 11.4155 14.5066 5
    endloop
  endfacet
  facet normal 0 0 -1
    outer loop
      vertex 11.4056 14.5555 5
      vertex 11.4056 14.7045 5
      vertex 11.4155 14.7534 5
    endloop
  endfacet
  facet normal 0 0 -1
    outer loop
      vertex 11.4006 14.6051 5
      vertex 11.4056 14.7045 5
      vertex 11.4056 14.5555 5
    endloop
  endfacet
  facet normal 0 0 -1
    outer loop
      vertex 11.4056 14.7045 5
      vertex 11.4006 14.6051 5
      vertex 11.4006 14.6549 5
    endloop
  endfacet
  facet normal 0.363348 -0.926338 -0.0993746
    outer loop
      vertex 11.5815 15.5779 0
      vertex 11.6944 15.0858 5
      vertex 11.4887 15.5415 0
    endloop
  endfacet
  facet normal 0.363348 -0.926338 -0.0993746
    outer loop
      vertex 11.6944 15.0858 5
      vertex 11.5815 15.5779 0
      vertex 11.7408 15.104 5
    endloop
  endfacet
  facet normal 0.172641 -0.97996 -0.099366
    outer loop
      vertex 11.7757 15.6222 0
      vertex 11.7887 15.1175 5
      vertex 11.6775 15.6049 0
    endloop
  endfacet
  facet normal 0.454159 -0.88536 -0.0993802
    outer loop
      vertex 11.4887 15.5415 0
      vertex 11.65 15.063 5
      vertex 11.4 15.496 0
    endloop
  endfacet
  facet normal 0.454544 -0.885164 -0.0993738
    outer loop
      vertex 11.65 15.063 5
      vertex 11.4887 15.5415 0
      vertex 11.6944 15.0858 5
    endloop
  endfacet
  facet normal 0.0738737 -0.992304 -0.0993739
    outer loop
      vertex 11.8875 15.1298 5
      vertex 11.8378 15.1261 5
      vertex 11.7757 15.6222 0
    endloop
  endfacet
  facet normal 0.261814 0.959984 -0.0994239
    outer loop
      vertex 11.6876 13.7352 0.799999
      vertex 11.6953 13.7331 0.799999
      vertex 11.6775 13.6551 0
    endloop
  endfacet
  facet normal 0.454521 0.885177 -0.0993541
    outer loop
      vertex 11.4887 13.7185 0
      vertex 11.44 13.8333 0.799999
      vertex 11.5216 13.7914 0.799999
    endloop
  endfacet
  facet normal 0.454158 0.885359 -0.0994022
    outer loop
      vertex 11.44 13.8333 0.799999
      vertex 11.4887 13.7185 0
      vertex 11.4 13.764 0
    endloop
  endfacet
  facet normal 0.990032 0.0998016 -0.0993814
    outer loop
      vertex 11.4006 14.6051 5
      vertex 11.4056 14.5555 5
      vertex 10.9012 14.5802 0
    endloop
  endfacet
  facet normal 0.917017 0.386266 -0.0993915
    outer loop
      vertex 11.1284 14.275 1.50042
      vertex 10.9603 14.288 0
      vertex 11.4302 14.459 5
    endloop
  endfacet
  facet normal 0.91618 0.388276 -0.0992803
    outer loop
      vertex 11.0525 14.275 0.799999
      vertex 10.9603 14.288 0
      vertex 11.1284 14.275 1.50042
    endloop
  endfacet
  facet normal 0.917023 0.386246 -0.0994105
    outer loop
      vertex 11.068 14.2382 0.799999
      vertex 10.9603 14.288 0
      vertex 11.0525 14.275 0.799999
    endloop
  endfacet
  facet normal 0.917051 0.386179 -0.0994184
    outer loop
      vertex 10.9603 14.288 0
      vertex 11.068 14.2382 0.799999
      vertex 10.999 14.1961 0
    endloop
  endfacet
  facet normal 0.761792 0.640145 -0.099439
    outer loop
      vertex 11.5174 14.275 4.78074
      vertex 11.5014 14.3281 5
      vertex 11.5335 14.2899 5
    endloop
  endfacet
  facet normal 0.762102 0.639792 -0.0993311
    outer loop
      vertex 11.5014 14.3281 5
      vertex 11.5174 14.275 4.78074
      vertex 11.4545 14.275 4.29815
    endloop
  endfacet
  facet normal 0.768467 0.632126 -0.099371
    outer loop
      vertex 11.2205 14.0104 0.799999
      vertex 11.2256 14.0042 0.799999
      vertex 11.1669 13.9498 0
    endloop
  endfacet
  facet normal 0.695239 0.711877 -0.0993636
    outer loop
      vertex 11.2383 13.8802 0
      vertex 11.2313 13.9987 0.799999
      vertex 11.2912 13.9402 0.799999
    endloop
  endfacet
  facet normal 0.694562 0.712524 -0.0994654
    outer loop
      vertex 11.2313 13.9987 0.799999
      vertex 11.2383 13.8802 0
      vertex 11.1669 13.9498 0
    endloop
  endfacet
  facet normal 0.873472 0.476621 -0.0993966
    outer loop
      vertex 11.3191 14.275 3.19187
      vertex 11.4495 14.4131 5
      vertex 11.4734 14.3693 5
    endloop
  endfacet
  facet normal 0.873574 0.476434 -0.0993898
    outer loop
      vertex 11.4495 14.4131 5
      vertex 11.3191 14.275 3.19187
      vertex 11.1628 14.275 1.81809
    endloop
  endfacet
  facet normal 0.87359 0.476405 -0.0993964
    outer loop
      vertex 11.115 14.1503 0.799999
      vertex 10.999 14.1961 0
      vertex 11.0711 14.2308 0.799999
    endloop
  endfacet
  facet normal 0.873661 0.47627 -0.0994145
    outer loop
      vertex 10.999 14.1961 0
      vertex 11.115 14.1503 0.799999
      vertex 11.0467 14.1086 0
    endloop
  endfacet
  facet normal -0.498084 0.861416 -0.0993691
    outer loop
      vertex 12.3562 13.7401 0
      vertex 12.3922 13.8532 0.799999
      vertex 12.4425 13.79 0
    endloop
  endfacet
  facet normal -0.497899 0.86152 -0.0993921
    outer loop
      vertex 12.3922 13.8532 0.799999
      vertex 12.3562 13.7401 0
      vertex 12.3197 13.8113 0.799999
    endloop
  endfacet
  facet normal -0.314663 0.943989 -0.099355
    outer loop
      vertex 12.1567 13.7469 0.799999
      vertex 12.1708 13.6674 0
      vertex 12.1492 13.7444 0.799999
    endloop
  endfacet
  facet normal -0.409121 0.907051 -0.0993855
    outer loop
      vertex 12.2653 13.6991 0
      vertex 12.3124 13.808 0.799999
      vertex 12.3562 13.7401 0
    endloop
  endfacet
  facet normal -0.408975 0.907116 -0.0994028
    outer loop
      vertex 12.3124 13.808 0.799999
      vertex 12.2653 13.6991 0
      vertex 12.2361 13.7736 0.799999
    endloop
  endfacet
  facet normal -0.793382 0.600558 -0.099374
    outer loop
      vertex 12.3231 14.275 4.47718
      vertex 12.3131 14.3483 5
      vertex 12.3848 14.275 3.98458
    endloop
  endfacet
  facet normal -0.792907 0.601172 -0.099451
    outer loop
      vertex 12.3131 14.3483 5
      vertex 12.3231 14.275 4.47718
      vertex 12.283 14.3086 5
    endloop
  endfacet
  facet normal -0.796049 0.597037 -0.0992575
    outer loop
      vertex 12.6096 14.045 0.799999
      vertex 12.666 13.9872 0
      vertex 12.6048 14.0386 0.799999
    endloop
  endfacet
  facet normal -0.896421 0.431932 -0.0993203
    outer loop
      vertex 12.8215 14.2416 0
      vertex 12.708 14.19 0.799999
      vertex 12.7478 14.2726 0.799999
    endloop
  endfacet
  facet normal -0.896487 0.43179 -0.0993388
    outer loop
      vertex 12.708 14.19 0.799999
      vertex 12.8215 14.2416 0
      vertex 12.7782 14.1517 0
    endloop
  endfacet
  facet normal -0.896536 0.431674 -0.0994003
    outer loop
      vertex 12.5519 14.275 2.57716
      vertex 12.3607 14.4358 5
      vertex 12.7422 14.275 0.860758
    endloop
  endfacet
  facet normal -0.896685 0.431367 -0.0993916
    outer loop
      vertex 12.3607 14.4358 5
      vertex 12.5519 14.275 2.57716
      vertex 12.3391 14.3909 5
    endloop
  endfacet
  facet normal -0.934933 0.340611 -0.0994164
    outer loop
      vertex 12.8215 14.2416 0
      vertex 12.7486 14.275 0.799999
      vertex 12.8556 14.3352 0
    endloop
  endfacet
  facet normal -0.944008 0.314669 -0.0991603
    outer loop
      vertex 12.7486 14.275 0.799999
      vertex 12.8215 14.2416 0
      vertex 12.7478 14.2726 0.799999
    endloop
  endfacet
  facet normal -0.931011 0.351569 -0.0980673
    outer loop
      vertex 12.7422 14.275 0.860758
      vertex 12.8556 14.3352 0
      vertex 12.7486 14.275 0.799999
    endloop
  endfacet
  facet normal -0.935086 0.340196 -0.0993996
    outer loop
      vertex 12.8556 14.3352 0
      vertex 12.7422 14.275 0.860758
      vertex 12.3607 14.4358 5
    endloop
  endfacet
  facet normal -0.984026 0.147704 -0.0993788
    outer loop
      vertex 12.3975 14.5802 5
      vertex 12.8802 14.4319 0
      vertex 12.3901 14.5309 5
    endloop
  endfacet
  facet normal -0.498084 -0.861416 -0.099375
    outer loop
      vertex 12.3562 15.5199 0
      vertex 12.4425 15.47 0
      vertex 12.1713 15.05 5
    endloop
  endfacet
  facet normal -0.580624 -0.808085 -0.0993722
    outer loop
      vertex 12.4425 15.47 0
      vertex 12.5235 15.4118 0
      vertex 12.1713 15.05 5
    endloop
  endfacet
  facet normal -0.496902 -0.862096 -0.0993952
    outer loop
      vertex 12.3562 15.5199 0
      vertex 12.1713 15.05 5
      vertex 12.1281 15.0749 5
    endloop
  endfacet
  facet normal -0.658346 -0.746125 -0.0993865
    outer loop
      vertex 12.5235 15.4118 0
      vertex 12.2491 14.9879 5
      vertex 12.2117 15.0209 5
    endloop
  endfacet
  facet normal 0.761795 -0.640147 -0.0993976
    outer loop
      vertex 11.5335 14.9701 5
      vertex 11.5014 14.9319 5
      vertex 11.1669 15.3102 0
    endloop
  endfacet
  facet normal 0.990032 -0.0998016 -0.0993814
    outer loop
      vertex 11.4056 14.7045 5
      vertex 11.4006 14.6549 5
      vertex 10.9012 14.6798 0
    endloop
  endfacet
  facet normal 0.619775 -0.778461 -0.0993857
    outer loop
      vertex 11.3163 15.4419 0
      vertex 11.5692 15.0049 5
      vertex 11.2383 15.3798 0
    endloop
  endfacet
  facet normal 0.62136 -0.7772 -0.0993557
    outer loop
      vertex 11.5692 15.0049 5
      vertex 11.3163 15.4419 0
      vertex 11.6081 15.036 5
    endloop
  endfacet
  facet normal 0.694567 -0.71253 -0.0993919
    outer loop
      vertex 11.2383 15.3798 0
      vertex 11.5692 15.0049 5
      vertex 11.1669 15.3102 0
    endloop
  endfacet
  facet normal 0.269405 -0.957886 -0.0993717
    outer loop
      vertex 11.6775 15.6049 0
      vertex 11.7408 15.104 5
      vertex 11.5815 15.5779 0
    endloop
  endfacet
  facet normal 0.269927 -0.95774 -0.0993637
    outer loop
      vertex 11.7408 15.104 5
      vertex 11.6775 15.6049 0
      vertex 11.7887 15.1175 5
    endloop
  endfacet
  facet normal 0.269751 0.957796 -0.099305
    outer loop
      vertex 11.6775 13.6551 0
      vertex 11.607 13.7579 0.799999
      vertex 11.6876 13.7352 0.799999
    endloop
  endfacet
  facet normal 0.269406 0.957889 -0.0993474
    outer loop
      vertex 11.607 13.7579 0.799999
      vertex 11.6775 13.6551 0
      vertex 11.5815 13.6821 0
    endloop
  endfacet
  facet normal 0.363402 0.92632 -0.0993523
    outer loop
      vertex 11.5815 13.6821 0
      vertex 11.529 13.7885 0.799999
      vertex 11.607 13.7579 0.799999
    endloop
  endfacet
  facet normal 0.363349 0.92634 -0.0993586
    outer loop
      vertex 11.529 13.7885 0.799999
      vertex 11.5815 13.6821 0
      vertex 11.4887 13.7185 0
    endloop
  endfacet
  facet normal 0.173608 0.979799 -0.0992711
    outer loop
      vertex 11.7757 13.6378 0
      vertex 11.6953 13.7331 0.799999
      vertex 11.7856 13.7171 0.799999
    endloop
  endfacet
  facet normal 0.17264 0.979958 -0.0993873
    outer loop
      vertex 11.6953 13.7331 0.799999
      vertex 11.7757 13.6378 0
      vertex 11.6775 13.6551 0
    endloop
  endfacet
  facet normal 0.539823 0.835893 -0.0993724
    outer loop
      vertex 11.4 13.764 0
      vertex 11.363 13.883 0.799999
      vertex 11.4333 13.8376 0.799999
    endloop
  endfacet
  facet normal 0.540151 0.835686 -0.0993265
    outer loop
      vertex 11.363 13.883 0.799999
      vertex 11.4 13.764 0
      vertex 11.3163 13.8181 0
    endloop
  endfacet
  facet normal 0.91726 0.385689 -0.0993875
    outer loop
      vertex 11.1628 14.275 1.81809
      vertex 11.4302 14.459 5
      vertex 11.4495 14.4131 5
    endloop
  endfacet
  facet normal 0.917625 0.384825 -0.0993682
    outer loop
      vertex 11.4302 14.459 5
      vertex 11.1628 14.275 1.81809
      vertex 11.1284 14.275 1.50042
    endloop
  endfacet
  facet normal 0.917771 0.384472 -0.0993907
    outer loop
      vertex 11.068 14.2382 0.799999
      vertex 11.0711 14.2308 0.799999
      vertex 10.999 14.1961 0
    endloop
  endfacet
  facet normal 0.694223 0.71286 -0.099419
    outer loop
      vertex 11.5335 14.2899 5
      vertex 11.5488 14.275 5
      vertex 11.5174 14.275 4.78074
    endloop
  endfacet
  facet normal 0.690931 0.716056 -0.099389
    outer loop
      vertex 11.2256 14.0042 0.799999
      vertex 11.2313 13.9987 0.799999
      vertex 11.1669 13.9498 0
    endloop
  endfacet
  facet normal 0.822982 0.559308 -0.099376
    outer loop
      vertex 11.4313 14.275 4.12061
      vertex 11.4734 14.3693 5
      vertex 11.5014 14.3281 5
    endloop
  endfacet
  facet normal 0.822774 0.559609 -0.0993984
    outer loop
      vertex 11.4734 14.3693 5
      vertex 11.4313 14.275 4.12061
      vertex 11.3191 14.275 3.19187
    endloop
  endfacet
  facet normal 0.822548 0.55994 -0.099412
    outer loop
      vertex 11.1666 14.0745 0.799999
      vertex 11.0467 14.1086 0
      vertex 11.115 14.1503 0.799999
    endloop
  endfacet
  facet normal 0.822059 0.560676 -0.0993074
    outer loop
      vertex 11.0467 14.1086 0
      vertex 11.1666 14.0745 0.799999
      vertex 11.1029 14.0262 0
    endloop
  endfacet
  facet normal 0.760431 0.641771 -0.0993692
    outer loop
      vertex 11.5014 14.3281 5
      vertex 11.4545 14.275 4.29815
      vertex 11.4313 14.275 4.12061
    endloop
  endfacet
  facet normal 0.761592 0.640403 -0.0993062
    outer loop
      vertex 11.2205 14.0104 0.799999
      vertex 11.1029 14.0262 0
      vertex 11.1666 14.0745 0.799999
    endloop
  endfacet
  facet normal 0.762769 0.638969 -0.0995076
    outer loop
      vertex 11.1029 14.0262 0
      vertex 11.2205 14.0104 0.799999
      vertex 11.1669 13.9498 0
    endloop
  endfacet
  facet normal -0.658282 0.746186 -0.0993608
    outer loop
      vertex 12.5235 13.8482 0
      vertex 12.5424 13.9714 0.799999
      vertex 12.5982 13.9141 0
    endloop
  endfacet
  facet normal -0.658269 0.746196 -0.0993628
    outer loop
      vertex 12.5424 13.9714 0.799999
      vertex 12.5235 13.8482 0
      vertex 12.4796 13.916 0.799999
    endloop
  endfacet
  facet normal -0.729841 0.676351 -0.0994027
    outer loop
      vertex 12.666 13.9872 0
      vertex 12.5424 13.9714 0.799999
      vertex 12.5993 14.0328 0.799999
    endloop
  endfacet
  facet normal -0.729559 0.676663 -0.0993528
    outer loop
      vertex 12.5424 13.9714 0.799999
      vertex 12.666 13.9872 0
      vertex 12.5982 13.9141 0
    endloop
  endfacet
  facet normal -0.499047 0.860857 -0.0993854
    outer loop
      vertex 12.3991 13.8572 0.799999
      vertex 12.4425 13.79 0
      vertex 12.3922 13.8532 0.799999
    endloop
  endfacet
  facet normal -0.574807 0.812228 -0.0994106
    outer loop
      vertex 12.4056 13.8618 0.799999
      vertex 12.4425 13.79 0
      vertex 12.3991 13.8572 0.799999
    endloop
  endfacet
  facet normal -0.934615 0.341494 -0.0993791
    outer loop
      vertex 12.3778 14.4826 5
      vertex 12.8556 14.3352 0
      vertex 12.3607 14.4358 5
    endloop
  endfacet
  facet normal -0.993798 0.0498895 -0.0993798
    outer loop
      vertex 12.9 14.63 0
      vertex 12.895 14.5304 0
      vertex 12.3975 14.5802 5
    endloop
  endfacet
  facet normal -0.993798 0.0498895 -0.0993798
    outer loop
      vertex 12.4 14.63 5
      vertex 12.9 14.63 0
      vertex 12.3975 14.5802 5
    endloop
  endfacet
  facet normal 0.917053 -0.38618 -0.099392
    outer loop
      vertex 10.999 15.0639 0
      vertex 11.4302 14.801 5
      vertex 10.9603 14.972 0
    endloop
  endfacet
  facet normal 0.540149 -0.835683 -0.0993638
    outer loop
      vertex 11.4 15.496 0
      vertex 11.6081 15.036 5
      vertex 11.3163 15.4419 0
    endloop
  endfacet
  facet normal 0.171672 -0.980129 -0.0993805
    outer loop
      vertex 11.8378 15.1261 5
      vertex 11.7887 15.1175 5
      vertex 11.7757 15.6222 0
    endloop
  endfacet
  facet normal 0.0737454 0.99231 -0.0994154
    outer loop
      vertex 11.8751 13.6303 0
      vertex 11.7856 13.7171 0.799999
      vertex 11.8771 13.7103 0.799999
    endloop
  endfacet
  facet normal 0.0748671 0.992239 -0.0992823
    outer loop
      vertex 11.7856 13.7171 0.799999
      vertex 11.8751 13.6303 0
      vertex 11.7757 13.6378 0
    endloop
  endfacet
  facet normal 0.537447 0.837417 -0.0994137
    outer loop
      vertex 11.4333 13.8376 0.799999
      vertex 11.44 13.8333 0.799999
      vertex 11.4 13.764 0
    endloop
  endfacet
  facet normal 0.91726 -0.385689 -0.0993841
    outer loop
      vertex 11.4495 14.8469 5
      vertex 11.4302 14.801 5
      vertex 10.999 15.0639 0
    endloop
  endfacet
  facet normal 0.538988 -0.83643 -0.0993842
    outer loop
      vertex 11.65 15.063 5
      vertex 11.6081 15.036 5
      vertex 11.4 15.496 0
    endloop
  endfacet
endsolid OpenSCAD_Model
