solid OpenSCAD_Model
  facet normal -1 0 0
    outer loop
      vertex 0 0 0
      vertex 0 31.8 6.6
      vertex 0 31.8 0
    endloop
  endfacet
  facet normal -1 -0 0
    outer loop
      vertex 0 31.8 6.6
      vertex 0 0 0
      vertex 0 0 6.6
    endloop
  endfacet
  facet normal 0 0 1
    outer loop
      vertex 31.8 31.8 6.6
      vertex 30.275 30.275 6.6
      vertex 31.8 0 6.6
    endloop
  endfacet
  facet normal 0 0 1
    outer loop
      vertex 31.8 31.8 6.6
      vertex 1.525 30.275 6.6
      vertex 30.275 30.275 6.6
    endloop
  endfacet
  facet normal 0 0 1
    outer loop
      vertex 1.525 30.275 6.6
      vertex 0 31.8 6.6
      vertex 1.525 1.525 6.6
    endloop
  endfacet
  facet normal -0 0 1
    outer loop
      vertex 0 31.8 6.6
      vertex 1.525 30.275 6.6
      vertex 31.8 31.8 6.6
    endloop
  endfacet
  facet normal -0 0 1
    outer loop
      vertex 30.275 1.525 6.6
      vertex 31.8 0 6.6
      vertex 30.275 30.275 6.6
    endloop
  endfacet
  facet normal -0 0 1
    outer loop
      vertex 1.525 1.525 6.6
      vertex 31.8 0 6.6
      vertex 30.275 1.525 6.6
    endloop
  endfacet
  facet normal 0 0 1
    outer loop
      vertex 1.525 1.525 6.6
      vertex 0 0 6.6
      vertex 31.8 0 6.6
    endloop
  endfacet
  facet normal 0 0 1
    outer loop
      vertex 0 0 6.6
      vertex 1.525 1.525 6.6
      vertex 0 31.8 6.6
    endloop
  endfacet
  facet normal 1 -0 0
    outer loop
      vertex 31.8 0 6.6
      vertex 31.8 31.8 0
      vertex 31.8 31.8 6.6
    endloop
  endfacet
  facet normal 1 0 0
    outer loop
      vertex 31.8 31.8 0
      vertex 31.8 0 6.6
      vertex 31.8 0 0
    endloop
  endfacet
  facet normal 0 0 -1
    outer loop
      vertex 2.17 3.9 0
      vertex 2.67 3.9 0
      vertex 2.66672 3.80086 0
    endloop
  endfacet
  facet normal 0 0 -1
    outer loop
      vertex 2.16503 3.80043 0
      vertex 2.66672 3.80086 0
      vertex 2.6569 3.70216 0
    endloop
  endfacet
  facet normal 0 0 -1
    outer loop
      vertex 2.67 3.9 0
      vertex 2.17 3.9 0
      vertex 2.66672 3.99914 0
    endloop
  endfacet
  facet normal 0 0 -1
    outer loop
      vertex 2.15017 3.70185 0
      vertex 2.6569 3.70216 0
      vertex 2.64057 3.60432 0
    endloop
  endfacet
  facet normal 0 0 -1
    outer loop
      vertex 2.16503 3.99957 0
      vertex 2.66672 3.99914 0
      vertex 2.17 3.9 0
    endloop
  endfacet
  facet normal 0 0 -1
    outer loop
      vertex 2.15017 3.70185 0
      vertex 2.64057 3.60432 0
      vertex 2.61781 3.50778 0
    endloop
  endfacet
  facet normal 0 0 -1
    outer loop
      vertex 2.66672 3.99914 0
      vertex 2.16503 3.99957 0
      vertex 2.6569 4.09784 0
    endloop
  endfacet
  facet normal 0 0 -1
    outer loop
      vertex 2.12557 3.60524 0
      vertex 2.61781 3.50778 0
      vertex 2.58873 3.41295 0
    endloop
  endfacet
  facet normal 0 0 -1
    outer loop
      vertex 2.15017 4.09815 0
      vertex 2.6569 4.09784 0
      vertex 2.16503 3.99957 0
    endloop
  endfacet
  facet normal 0 0 -1
    outer loop
      vertex 2.09148 3.51156 0
      vertex 2.58873 3.41295 0
      vertex 2.55343 3.32025 0
    endloop
  endfacet
  facet normal 0 0 -1
    outer loop
      vertex 2.6569 4.09784 0
      vertex 2.15017 4.09815 0
      vertex 2.64057 4.19567 0
    endloop
  endfacet
  facet normal 0 0 -1
    outer loop
      vertex 2.09148 3.51156 0
      vertex 2.55343 3.32025 0
      vertex 2.51209 3.23009 0
    endloop
  endfacet
  facet normal -0 0 -1
    outer loop
      vertex 2.64057 4.19567 0
      vertex 2.15017 4.09815 0
      vertex 2.61781 4.29222 0
    endloop
  endfacet
  facet normal 0 0 -1
    outer loop
      vertex 2.04822 3.42175 0
      vertex 2.51209 3.23009 0
      vertex 2.46488 3.14285 0
    endloop
  endfacet
  facet normal 0 0 -1
    outer loop
      vertex 2.12557 4.19475 0
      vertex 2.61781 4.29222 0
      vertex 2.15017 4.09815 0
    endloop
  endfacet
  facet normal 0 0 -1
    outer loop
      vertex 1.99624 3.33668 0
      vertex 2.46488 3.14285 0
      vertex 2.41201 3.05893 0
    endloop
  endfacet
  facet normal -0 0 -1
    outer loop
      vertex 2.61781 4.29222 0
      vertex 2.12557 4.19475 0
      vertex 2.58873 4.38705 0
    endloop
  endfacet
  facet normal 0 0 -1
    outer loop
      vertex 1.99624 3.33668 0
      vertex 2.41201 3.05893 0
      vertex 2.35371 2.97868 0
    endloop
  endfacet
  facet normal 0 0 -1
    outer loop
      vertex 2.09148 4.28843 0
      vertex 2.58873 4.38705 0
      vertex 2.12557 4.19475 0
    endloop
  endfacet
  facet normal 0 0 -1
    outer loop
      vertex 1.93604 3.25721 0
      vertex 2.35371 2.97868 0
      vertex 2.29023 2.90246 0
    endloop
  endfacet
  facet normal -0 0 -1
    outer loop
      vertex 2.58873 4.38705 0
      vertex 2.09148 4.28843 0
      vertex 2.55343 4.47975 0
    endloop
  endfacet
  facet normal 0 0 -1
    outer loop
      vertex 1.86824 3.18413 0
      vertex 2.29023 2.90246 0
      vertex 2.22186 2.83061 0
    endloop
  endfacet
  facet normal -0 0 -1
    outer loop
      vertex 2.55343 4.47975 0
      vertex 2.09148 4.28843 0
      vertex 2.51209 4.56991 0
    endloop
  endfacet
  facet normal 0 0 -1
    outer loop
      vertex 2.04822 4.37825 0
      vertex 2.51209 4.56991 0
      vertex 2.09148 4.28843 0
    endloop
  endfacet
  facet normal -0 0 -1
    outer loop
      vertex 2.66672 3.80086 0
      vertex 2.16503 3.80043 0
      vertex 2.17 3.9 0
    endloop
  endfacet
  facet normal -0 0 -1
    outer loop
      vertex 2.6569 3.70216 0
      vertex 2.15017 3.70185 0
      vertex 2.16503 3.80043 0
    endloop
  endfacet
  facet normal 0 0 -1
    outer loop
      vertex 1.86824 3.18413 0
      vertex 2.22186 2.83061 0
      vertex 2.14888 2.76343 0
    endloop
  endfacet
  facet normal 0 0 -1
    outer loop
      vertex 2.61781 3.50778 0
      vertex 2.12557 3.60524 0
      vertex 2.15017 3.70185 0
    endloop
  endfacet
  facet normal 0 0 -1
    outer loop
      vertex 2.58873 3.41295 0
      vertex 2.09148 3.51156 0
      vertex 2.12557 3.60524 0
    endloop
  endfacet
  facet normal 0 0 -1
    outer loop
      vertex 1.79349 3.11817 0
      vertex 2.14888 2.76343 0
      vertex 2.07162 2.70122 0
    endloop
  endfacet
  facet normal 0 0 -1
    outer loop
      vertex 2.51209 3.23009 0
      vertex 2.04822 3.42175 0
      vertex 2.09148 3.51156 0
    endloop
  endfacet
  facet normal 0 0 -1
    outer loop
      vertex 2.46488 3.14285 0
      vertex 1.99624 3.33668 0
      vertex 2.04822 3.42175 0
    endloop
  endfacet
  facet normal 0 0 -1
    outer loop
      vertex 1.71255 3.05997 0
      vertex 2.07162 2.70122 0
      vertex 1.99042 2.64425 0
    endloop
  endfacet
  facet normal 0 0 -1
    outer loop
      vertex 2.35371 2.97868 0
      vertex 1.93604 3.25721 0
      vertex 1.99624 3.33668 0
    endloop
  endfacet
  facet normal 0 0 -1
    outer loop
      vertex 1.71255 3.05997 0
      vertex 1.99042 2.64425 0
      vertex 1.90563 2.59277 0
    endloop
  endfacet
  facet normal 0 0 -1
    outer loop
      vertex 2.29023 2.90246 0
      vertex 1.86824 3.18413 0
      vertex 1.93604 3.25721 0
    endloop
  endfacet
  facet normal 0 0 -1
    outer loop
      vertex 1.62621 3.01013 0
      vertex 1.90563 2.59277 0
      vertex 1.81763 2.54701 0
    endloop
  endfacet
  facet normal 0 0 -1
    outer loop
      vertex 2.14888 2.76343 0
      vertex 1.79349 3.11817 0
      vertex 1.86824 3.18413 0
    endloop
  endfacet
  facet normal 0 0 -1
    outer loop
      vertex 1.53534 2.96913 0
      vertex 1.81763 2.54701 0
      vertex 1.7268 2.50717 0
    endloop
  endfacet
  facet normal 0 0 -1
    outer loop
      vertex 2.07162 2.70122 0
      vertex 1.71255 3.05997 0
      vertex 1.79349 3.11817 0
    endloop
  endfacet
  facet normal 0 0 -1
    outer loop
      vertex 1.53534 2.96913 0
      vertex 1.7268 2.50717 0
      vertex 1.63352 2.47341 0
    endloop
  endfacet
  facet normal 0 0 -1
    outer loop
      vertex 1.90563 2.59277 0
      vertex 1.62621 3.01013 0
      vertex 1.71255 3.05997 0
    endloop
  endfacet
  facet normal 0 0 -1
    outer loop
      vertex 1.44084 2.93738 0
      vertex 1.63352 2.47341 0
      vertex 1.53823 2.4459 0
    endloop
  endfacet
  facet normal 0 0 -1
    outer loop
      vertex 1.81763 2.54701 0
      vertex 1.53534 2.96913 0
      vertex 1.62621 3.01013 0
    endloop
  endfacet
  facet normal 0 0 -1
    outer loop
      vertex 1.44084 2.93738 0
      vertex 1.53823 2.4459 0
      vertex 1.525 2.44301 0
    endloop
  endfacet
  facet normal 0 0 -1
    outer loop
      vertex 1.63352 2.47341 0
      vertex 1.44084 2.93738 0
      vertex 1.53534 2.96913 0
    endloop
  endfacet
  facet normal -0 0 -1
    outer loop
      vertex 2.51209 4.56991 0
      vertex 2.04822 4.37825 0
      vertex 2.46488 4.65715 0
    endloop
  endfacet
  facet normal 0 0 -1
    outer loop
      vertex 1.99624 4.46332 0
      vertex 2.46488 4.65715 0
      vertex 2.04822 4.37825 0
    endloop
  endfacet
  facet normal -0 0 -1
    outer loop
      vertex 2.46488 4.65715 0
      vertex 1.99624 4.46332 0
      vertex 2.41201 4.74107 0
    endloop
  endfacet
  facet normal -0 0 -1
    outer loop
      vertex 2.41201 4.74107 0
      vertex 1.99624 4.46332 0
      vertex 2.35371 4.82132 0
    endloop
  endfacet
  facet normal 0 0 -1
    outer loop
      vertex 1.93604 4.54279 0
      vertex 2.35371 4.82132 0
      vertex 1.99624 4.46332 0
    endloop
  endfacet
  facet normal -0 0 -1
    outer loop
      vertex 2.35371 4.82132 0
      vertex 1.93604 4.54279 0
      vertex 2.29023 4.89754 0
    endloop
  endfacet
  facet normal 0 0 -1
    outer loop
      vertex 1.86824 4.61587 0
      vertex 2.29023 4.89754 0
      vertex 1.93604 4.54279 0
    endloop
  endfacet
  facet normal -0 0 -1
    outer loop
      vertex 2.29023 4.89754 0
      vertex 1.86824 4.61587 0
      vertex 2.22186 4.96939 0
    endloop
  endfacet
  facet normal -0 0 -1
    outer loop
      vertex 2.22186 4.96939 0
      vertex 1.86824 4.61587 0
      vertex 2.14888 5.03657 0
    endloop
  endfacet
  facet normal 0 0 -1
    outer loop
      vertex 1.79349 4.68183 0
      vertex 2.14888 5.03657 0
      vertex 1.86824 4.61587 0
    endloop
  endfacet
  facet normal -0 0 -1
    outer loop
      vertex 2.14888 5.03657 0
      vertex 1.79349 4.68183 0
      vertex 2.07162 5.09878 0
    endloop
  endfacet
  facet normal 0 0 -1
    outer loop
      vertex 1.71255 4.74003 0
      vertex 2.07162 5.09878 0
      vertex 1.79349 4.68183 0
    endloop
  endfacet
  facet normal -0 0 -1
    outer loop
      vertex 2.07162 5.09878 0
      vertex 1.71255 4.74003 0
      vertex 1.99042 5.15575 0
    endloop
  endfacet
  facet normal -0 0 -1
    outer loop
      vertex 1.99042 5.15575 0
      vertex 1.71255 4.74003 0
      vertex 1.90563 5.20723 0
    endloop
  endfacet
  facet normal 0 0 -1
    outer loop
      vertex 1.62621 4.78987 0
      vertex 1.90563 5.20723 0
      vertex 1.71255 4.74003 0
    endloop
  endfacet
  facet normal -0 0 -1
    outer loop
      vertex 1.90563 5.20723 0
      vertex 1.62621 4.78987 0
      vertex 1.81763 5.25299 0
    endloop
  endfacet
  facet normal 0 0 -1
    outer loop
      vertex 1.53534 4.83087 0
      vertex 1.81763 5.25299 0
      vertex 1.62621 4.78987 0
    endloop
  endfacet
  facet normal -0 0 -1
    outer loop
      vertex 1.81763 5.25299 0
      vertex 1.53534 4.83087 0
      vertex 1.7268 5.29283 0
    endloop
  endfacet
  facet normal -0 0 -1
    outer loop
      vertex 1.7268 5.29283 0
      vertex 1.53534 4.83087 0
      vertex 1.63352 5.32658 0
    endloop
  endfacet
  facet normal 0 0 -1
    outer loop
      vertex 1.44084 4.86262 0
      vertex 1.63352 5.32658 0
      vertex 1.53534 4.83087 0
    endloop
  endfacet
  facet normal -0 0 -1
    outer loop
      vertex 1.63352 5.32658 0
      vertex 1.44084 4.86262 0
      vertex 1.53823 5.3541 0
    endloop
  endfacet
  facet normal 0 0 -1
    outer loop
      vertex 1.34365 4.88481 0
      vertex 1.525 5.35699 0
      vertex 1.44084 4.86262 0
    endloop
  endfacet
  facet normal -0 0 -1
    outer loop
      vertex 1.53823 5.3541 0
      vertex 1.44084 4.86262 0
      vertex 1.525 5.35699 0
    endloop
  endfacet
  facet normal 0 0 -1
    outer loop
      vertex 2.17 11.9 0
      vertex 2.67 11.9 0
      vertex 2.66672 11.8009 0
    endloop
  endfacet
  facet normal 0 0 -1
    outer loop
      vertex 2.16503 11.8004 0
      vertex 2.66672 11.8009 0
      vertex 2.6569 11.7022 0
    endloop
  endfacet
  facet normal 0 0 -1
    outer loop
      vertex 2.67 11.9 0
      vertex 2.17 11.9 0
      vertex 2.66672 11.9991 0
    endloop
  endfacet
  facet normal 0 0 -1
    outer loop
      vertex 2.15017 11.7019 0
      vertex 2.6569 11.7022 0
      vertex 2.64057 11.6043 0
    endloop
  endfacet
  facet normal 0 0 -1
    outer loop
      vertex 2.16503 11.9996 0
      vertex 2.66672 11.9991 0
      vertex 2.17 11.9 0
    endloop
  endfacet
  facet normal 0 0 -1
    outer loop
      vertex 2.15017 11.7019 0
      vertex 2.64057 11.6043 0
      vertex 2.61781 11.5078 0
    endloop
  endfacet
  facet normal 0 0 -1
    outer loop
      vertex 2.66672 11.9991 0
      vertex 2.16503 11.9996 0
      vertex 2.6569 12.0978 0
    endloop
  endfacet
  facet normal 0 0 -1
    outer loop
      vertex 2.12557 11.6052 0
      vertex 2.61781 11.5078 0
      vertex 2.58873 11.413 0
    endloop
  endfacet
  facet normal 0 0 -1
    outer loop
      vertex 2.15017 12.0981 0
      vertex 2.6569 12.0978 0
      vertex 2.16503 11.9996 0
    endloop
  endfacet
  facet normal 0 0 -1
    outer loop
      vertex 2.09148 11.5116 0
      vertex 2.58873 11.413 0
      vertex 2.55343 11.3203 0
    endloop
  endfacet
  facet normal 0 0 -1
    outer loop
      vertex 2.6569 12.0978 0
      vertex 2.15017 12.0981 0
      vertex 2.64057 12.1957 0
    endloop
  endfacet
  facet normal 0 0 -1
    outer loop
      vertex 2.09148 11.5116 0
      vertex 2.55343 11.3203 0
      vertex 2.51209 11.2301 0
    endloop
  endfacet
  facet normal -0 0 -1
    outer loop
      vertex 2.64057 12.1957 0
      vertex 2.15017 12.0981 0
      vertex 2.61781 12.2922 0
    endloop
  endfacet
  facet normal 0 0 -1
    outer loop
      vertex 2.04822 11.4217 0
      vertex 2.51209 11.2301 0
      vertex 2.46488 11.1429 0
    endloop
  endfacet
  facet normal 0 0 -1
    outer loop
      vertex 2.12557 12.1948 0
      vertex 2.61781 12.2922 0
      vertex 2.15017 12.0981 0
    endloop
  endfacet
  facet normal 0 0 -1
    outer loop
      vertex 1.99624 11.3367 0
      vertex 2.46488 11.1429 0
      vertex 2.41201 11.0589 0
    endloop
  endfacet
  facet normal -0 0 -1
    outer loop
      vertex 2.61781 12.2922 0
      vertex 2.12557 12.1948 0
      vertex 2.58873 12.387 0
    endloop
  endfacet
  facet normal 0 0 -1
    outer loop
      vertex 1.99624 11.3367 0
      vertex 2.41201 11.0589 0
      vertex 2.35371 10.9787 0
    endloop
  endfacet
  facet normal 0 0 -1
    outer loop
      vertex 2.09148 12.2884 0
      vertex 2.58873 12.387 0
      vertex 2.12557 12.1948 0
    endloop
  endfacet
  facet normal 0 0 -1
    outer loop
      vertex 1.93604 11.2572 0
      vertex 2.35371 10.9787 0
      vertex 2.29023 10.9025 0
    endloop
  endfacet
  facet normal -0 0 -1
    outer loop
      vertex 2.58873 12.387 0
      vertex 2.09148 12.2884 0
      vertex 2.55343 12.4797 0
    endloop
  endfacet
  facet normal 0 0 -1
    outer loop
      vertex 1.86824 11.1841 0
      vertex 2.29023 10.9025 0
      vertex 2.22186 10.8306 0
    endloop
  endfacet
  facet normal -0 0 -1
    outer loop
      vertex 2.55343 12.4797 0
      vertex 2.09148 12.2884 0
      vertex 2.51209 12.5699 0
    endloop
  endfacet
  facet normal 0 0 -1
    outer loop
      vertex 2.04822 12.3783 0
      vertex 2.51209 12.5699 0
      vertex 2.09148 12.2884 0
    endloop
  endfacet
  facet normal -0 0 -1
    outer loop
      vertex 2.66672 11.8009 0
      vertex 2.16503 11.8004 0
      vertex 2.17 11.9 0
    endloop
  endfacet
  facet normal -0 0 -1
    outer loop
      vertex 2.6569 11.7022 0
      vertex 2.15017 11.7019 0
      vertex 2.16503 11.8004 0
    endloop
  endfacet
  facet normal 0 0 -1
    outer loop
      vertex 1.86824 11.1841 0
      vertex 2.22186 10.8306 0
      vertex 2.14888 10.7634 0
    endloop
  endfacet
  facet normal 0 0 -1
    outer loop
      vertex 2.61781 11.5078 0
      vertex 2.12557 11.6052 0
      vertex 2.15017 11.7019 0
    endloop
  endfacet
  facet normal 0 0 -1
    outer loop
      vertex 2.58873 11.413 0
      vertex 2.09148 11.5116 0
      vertex 2.12557 11.6052 0
    endloop
  endfacet
  facet normal 0 0 -1
    outer loop
      vertex 1.79349 11.1182 0
      vertex 2.14888 10.7634 0
      vertex 2.07162 10.7012 0
    endloop
  endfacet
  facet normal 0 0 -1
    outer loop
      vertex 2.51209 11.2301 0
      vertex 2.04822 11.4217 0
      vertex 2.09148 11.5116 0
    endloop
  endfacet
  facet normal 0 0 -1
    outer loop
      vertex 2.46488 11.1429 0
      vertex 1.99624 11.3367 0
      vertex 2.04822 11.4217 0
    endloop
  endfacet
  facet normal 0 0 -1
    outer loop
      vertex 1.71255 11.06 0
      vertex 2.07162 10.7012 0
      vertex 1.99042 10.6442 0
    endloop
  endfacet
  facet normal 0 0 -1
    outer loop
      vertex 2.35371 10.9787 0
      vertex 1.93604 11.2572 0
      vertex 1.99624 11.3367 0
    endloop
  endfacet
  facet normal 0 0 -1
    outer loop
      vertex 1.71255 11.06 0
      vertex 1.99042 10.6442 0
      vertex 1.90563 10.5928 0
    endloop
  endfacet
  facet normal 0 0 -1
    outer loop
      vertex 2.29023 10.9025 0
      vertex 1.86824 11.1841 0
      vertex 1.93604 11.2572 0
    endloop
  endfacet
  facet normal 0 0 -1
    outer loop
      vertex 1.62621 11.0101 0
      vertex 1.90563 10.5928 0
      vertex 1.81763 10.547 0
    endloop
  endfacet
  facet normal 0 0 -1
    outer loop
      vertex 2.14888 10.7634 0
      vertex 1.79349 11.1182 0
      vertex 1.86824 11.1841 0
    endloop
  endfacet
  facet normal 0 0 -1
    outer loop
      vertex 1.53534 10.9691 0
      vertex 1.81763 10.547 0
      vertex 1.7268 10.5072 0
    endloop
  endfacet
  facet normal 0 0 -1
    outer loop
      vertex 2.07162 10.7012 0
      vertex 1.71255 11.06 0
      vertex 1.79349 11.1182 0
    endloop
  endfacet
  facet normal 0 0 -1
    outer loop
      vertex 1.53534 10.9691 0
      vertex 1.7268 10.5072 0
      vertex 1.63352 10.4734 0
    endloop
  endfacet
  facet normal 0 0 -1
    outer loop
      vertex 1.90563 10.5928 0
      vertex 1.62621 11.0101 0
      vertex 1.71255 11.06 0
    endloop
  endfacet
  facet normal 0 0 -1
    outer loop
      vertex 1.44084 10.9374 0
      vertex 1.63352 10.4734 0
      vertex 1.53823 10.4459 0
    endloop
  endfacet
  facet normal 0 0 -1
    outer loop
      vertex 1.81763 10.547 0
      vertex 1.53534 10.9691 0
      vertex 1.62621 11.0101 0
    endloop
  endfacet
  facet normal 0 0 -1
    outer loop
      vertex 1.44084 10.9374 0
      vertex 1.53823 10.4459 0
      vertex 1.525 10.443 0
    endloop
  endfacet
  facet normal 0 0 -1
    outer loop
      vertex 1.63352 10.4734 0
      vertex 1.44084 10.9374 0
      vertex 1.53534 10.9691 0
    endloop
  endfacet
  facet normal 0 0 -1
    outer loop
      vertex 1.24473 4.8972 0
      vertex 1.525 5.35699 0
      vertex 1.34365 4.88481 0
    endloop
  endfacet
  facet normal 0 0 -1
    outer loop
      vertex 1.14507 4.89969 0
      vertex 1.525 5.35699 0
      vertex 1.24473 4.8972 0
    endloop
  endfacet
  facet normal 0 0 -1
    outer loop
      vertex 1.525 10.443 0
      vertex 1.34365 10.9152 0
      vertex 1.44084 10.9374 0
    endloop
  endfacet
  facet normal 0 0 -1
    outer loop
      vertex 1.04566 4.89224 0
      vertex 1.525 5.35699 0
      vertex 1.14507 4.89969 0
    endloop
  endfacet
  facet normal 0 0 -1
    outer loop
      vertex 1.525 10.443 0
      vertex 1.24473 10.9028 0
      vertex 1.34365 10.9152 0
    endloop
  endfacet
  facet normal 0 0 -1
    outer loop
      vertex 0.947478 4.87493 0
      vertex 1.525 5.35699 0
      vertex 1.04566 4.89224 0
    endloop
  endfacet
  facet normal 0 0 -1
    outer loop
      vertex 1.525 10.443 0
      vertex 1.14507 10.9003 0
      vertex 1.24473 10.9028 0
    endloop
  endfacet
  facet normal 0 0 -1
    outer loop
      vertex 0.851513 4.84793 0
      vertex 1.525 5.35699 0
      vertex 0.947478 4.87493 0
    endloop
  endfacet
  facet normal 0 0 -1
    outer loop
      vertex 1.525 10.443 0
      vertex 1.04566 10.9078 0
      vertex 1.14507 10.9003 0
    endloop
  endfacet
  facet normal 0 0 -1
    outer loop
      vertex 0.758713 4.81151 0
      vertex 1.525 5.35699 0
      vertex 0.851513 4.84793 0
    endloop
  endfacet
  facet normal 0 0 -1
    outer loop
      vertex 1.525 10.443 0
      vertex 0.947478 10.9251 0
      vertex 1.04566 10.9078 0
    endloop
  endfacet
  facet normal -0 0 -1
    outer loop
      vertex 1.525 5.35699 0
      vertex 0.758713 4.81151 0
      vertex 1.525 10.443 0
    endloop
  endfacet
  facet normal 0 0 -1
    outer loop
      vertex 1.525 10.443 0
      vertex 0.851513 10.9521 0
      vertex 0.947478 10.9251 0
    endloop
  endfacet
  facet normal 0 0 -1
    outer loop
      vertex 0.758713 10.9885 0
      vertex 1.525 10.443 0
      vertex 0.758713 4.81151 0
    endloop
  endfacet
  facet normal 0 0 -1
    outer loop
      vertex 1.525 10.443 0
      vertex 0.758713 10.9885 0
      vertex 0.851513 10.9521 0
    endloop
  endfacet
  facet normal 0 0 -1
    outer loop
      vertex 0.669999 4.76602 0
      vertex 0.758713 10.9885 0
      vertex 0.758713 4.81151 0
    endloop
  endfacet
  facet normal 0 0 -1
    outer loop
      vertex 0.669999 4.76602 0
      vertex 0.669999 11.034 0
      vertex 0.758713 10.9885 0
    endloop
  endfacet
  facet normal 0 0 -1
    outer loop
      vertex 0.586256 4.71194 0
      vertex 0.669999 11.034 0
      vertex 0.669999 4.76602 0
    endloop
  endfacet
  facet normal 0 0 -1
    outer loop
      vertex 0.586256 4.71194 0
      vertex 0.586256 11.0881 0
      vertex 0.669999 11.034 0
    endloop
  endfacet
  facet normal 0 0 -1
    outer loop
      vertex 0.508314 4.64978 0
      vertex 0.586256 11.0881 0
      vertex 0.586256 4.71194 0
    endloop
  endfacet
  facet normal 0 0 -1
    outer loop
      vertex 0.508314 4.64978 0
      vertex 0.508314 11.1502 0
      vertex 0.586256 11.0881 0
    endloop
  endfacet
  facet normal 0 0 -1
    outer loop
      vertex 0.436948 4.58017 0
      vertex 0.508314 11.1502 0
      vertex 0.508314 4.64978 0
    endloop
  endfacet
  facet normal 0 0 -1
    outer loop
      vertex 0.436948 4.58017 0
      vertex 0.436948 11.2198 0
      vertex 0.508314 11.1502 0
    endloop
  endfacet
  facet normal 0 0 -1
    outer loop
      vertex 0.372867 4.5038 0
      vertex 0.436948 11.2198 0
      vertex 0.436948 4.58017 0
    endloop
  endfacet
  facet normal 0 0 -1
    outer loop
      vertex 0.372867 4.5038 0
      vertex 0.372867 11.2962 0
      vertex 0.436948 11.2198 0
    endloop
  endfacet
  facet normal 0 0 -1
    outer loop
      vertex 0.316709 4.42143 0
      vertex 0.372867 11.2962 0
      vertex 0.372867 4.5038 0
    endloop
  endfacet
  facet normal 0 0 -1
    outer loop
      vertex 0.316709 4.42143 0
      vertex 0.316709 11.3786 0
      vertex 0.372867 11.2962 0
    endloop
  endfacet
  facet normal 0 0 -1
    outer loop
      vertex 0.269031 4.33388 0
      vertex 0.316709 11.3786 0
      vertex 0.316709 4.42143 0
    endloop
  endfacet
  facet normal 0 0 -1
    outer loop
      vertex 0.269031 4.33388 0
      vertex 0.269031 11.4661 0
      vertex 0.316709 11.3786 0
    endloop
  endfacet
  facet normal 0 0 -1
    outer loop
      vertex 0.230307 4.24202 0
      vertex 0.269031 11.4661 0
      vertex 0.269031 4.33388 0
    endloop
  endfacet
  facet normal 0 0 -1
    outer loop
      vertex 0.230307 4.24202 0
      vertex 0.230307 11.558 0
      vertex 0.269031 11.4661 0
    endloop
  endfacet
  facet normal 0 0 -1
    outer loop
      vertex 0.200922 4.14676 0
      vertex 0.230307 11.558 0
      vertex 0.230307 4.24202 0
    endloop
  endfacet
  facet normal 0 0 -1
    outer loop
      vertex 0.200922 4.14676 0
      vertex 0.200922 11.6532 0
      vertex 0.230307 11.558 0
    endloop
  endfacet
  facet normal 0 0 -1
    outer loop
      vertex 0.181169 4.04904 0
      vertex 0.200922 11.6532 0
      vertex 0.200922 4.14676 0
    endloop
  endfacet
  facet normal 0 0 -1
    outer loop
      vertex 0.181169 4.04904 0
      vertex 0.181169 11.751 0
      vertex 0.200922 11.6532 0
    endloop
  endfacet
  facet normal 0 0 -1
    outer loop
      vertex 0.171243 3.94985 0
      vertex 0.181169 11.751 0
      vertex 0.181169 4.04904 0
    endloop
  endfacet
  facet normal -0 0 -1
    outer loop
      vertex 0.181169 11.751 0
      vertex 0.171243 3.94985 0
      vertex 0.171243 11.8502 0
    endloop
  endfacet
  facet normal -0 0 -1
    outer loop
      vertex 2.51209 12.5699 0
      vertex 2.04822 12.3783 0
      vertex 2.46488 12.6571 0
    endloop
  endfacet
  facet normal 0 0 -1
    outer loop
      vertex 1.99624 12.4633 0
      vertex 2.46488 12.6571 0
      vertex 2.04822 12.3783 0
    endloop
  endfacet
  facet normal -0 0 -1
    outer loop
      vertex 2.46488 12.6571 0
      vertex 1.99624 12.4633 0
      vertex 2.41201 12.7411 0
    endloop
  endfacet
  facet normal -0 0 -1
    outer loop
      vertex 2.41201 12.7411 0
      vertex 1.99624 12.4633 0
      vertex 2.35371 12.8213 0
    endloop
  endfacet
  facet normal 0 0 -1
    outer loop
      vertex 1.93604 12.5428 0
      vertex 2.35371 12.8213 0
      vertex 1.99624 12.4633 0
    endloop
  endfacet
  facet normal -0 0 -1
    outer loop
      vertex 2.35371 12.8213 0
      vertex 1.93604 12.5428 0
      vertex 2.29023 12.8975 0
    endloop
  endfacet
  facet normal 0 0 -1
    outer loop
      vertex 1.86824 12.6159 0
      vertex 2.29023 12.8975 0
      vertex 1.93604 12.5428 0
    endloop
  endfacet
  facet normal -0 0 -1
    outer loop
      vertex 2.29023 12.8975 0
      vertex 1.86824 12.6159 0
      vertex 2.22186 12.9694 0
    endloop
  endfacet
  facet normal -0 0 -1
    outer loop
      vertex 2.22186 12.9694 0
      vertex 1.86824 12.6159 0
      vertex 2.14888 13.0366 0
    endloop
  endfacet
  facet normal 0 0 -1
    outer loop
      vertex 1.79349 12.6818 0
      vertex 2.14888 13.0366 0
      vertex 1.86824 12.6159 0
    endloop
  endfacet
  facet normal -0 0 -1
    outer loop
      vertex 2.14888 13.0366 0
      vertex 1.79349 12.6818 0
      vertex 2.07162 13.0988 0
    endloop
  endfacet
  facet normal 0 0 -1
    outer loop
      vertex 1.71255 12.74 0
      vertex 2.07162 13.0988 0
      vertex 1.79349 12.6818 0
    endloop
  endfacet
  facet normal -0 0 -1
    outer loop
      vertex 2.07162 13.0988 0
      vertex 1.71255 12.74 0
      vertex 1.99042 13.1557 0
    endloop
  endfacet
  facet normal -0 0 -1
    outer loop
      vertex 1.99042 13.1557 0
      vertex 1.71255 12.74 0
      vertex 1.90563 13.2072 0
    endloop
  endfacet
  facet normal 0 0 -1
    outer loop
      vertex 1.62621 12.7899 0
      vertex 1.90563 13.2072 0
      vertex 1.71255 12.74 0
    endloop
  endfacet
  facet normal -0 0 -1
    outer loop
      vertex 1.90563 13.2072 0
      vertex 1.62621 12.7899 0
      vertex 1.81763 13.253 0
    endloop
  endfacet
  facet normal 0 0 -1
    outer loop
      vertex 1.53534 12.8309 0
      vertex 1.81763 13.253 0
      vertex 1.62621 12.7899 0
    endloop
  endfacet
  facet normal -0 0 -1
    outer loop
      vertex 1.81763 13.253 0
      vertex 1.53534 12.8309 0
      vertex 1.7268 13.2928 0
    endloop
  endfacet
  facet normal -0 0 -1
    outer loop
      vertex 1.7268 13.2928 0
      vertex 1.53534 12.8309 0
      vertex 1.63352 13.3266 0
    endloop
  endfacet
  facet normal 0 0 -1
    outer loop
      vertex 1.44084 12.8626 0
      vertex 1.63352 13.3266 0
      vertex 1.53534 12.8309 0
    endloop
  endfacet
  facet normal -0 0 -1
    outer loop
      vertex 1.63352 13.3266 0
      vertex 1.44084 12.8626 0
      vertex 1.53823 13.3541 0
    endloop
  endfacet
  facet normal 0 0 -1
    outer loop
      vertex 1.34365 12.8848 0
      vertex 1.525 13.357 0
      vertex 1.44084 12.8626 0
    endloop
  endfacet
  facet normal -0 0 -1
    outer loop
      vertex 1.53823 13.3541 0
      vertex 1.44084 12.8626 0
      vertex 1.525 13.357 0
    endloop
  endfacet
  facet normal 0 0 -1
    outer loop
      vertex 2.17 19.9 0
      vertex 2.67 19.9 0
      vertex 2.66672 19.8009 0
    endloop
  endfacet
  facet normal 0 0 -1
    outer loop
      vertex 2.16503 19.8004 0
      vertex 2.66672 19.8009 0
      vertex 2.6569 19.7022 0
    endloop
  endfacet
  facet normal 0 0 -1
    outer loop
      vertex 2.67 19.9 0
      vertex 2.17 19.9 0
      vertex 2.66672 19.9991 0
    endloop
  endfacet
  facet normal 0 0 -1
    outer loop
      vertex 2.15017 19.7019 0
      vertex 2.6569 19.7022 0
      vertex 2.64057 19.6043 0
    endloop
  endfacet
  facet normal 0 0 -1
    outer loop
      vertex 2.16503 19.9996 0
      vertex 2.66672 19.9991 0
      vertex 2.17 19.9 0
    endloop
  endfacet
  facet normal 0 0 -1
    outer loop
      vertex 2.15017 19.7019 0
      vertex 2.64057 19.6043 0
      vertex 2.61781 19.5078 0
    endloop
  endfacet
  facet normal 0 0 -1
    outer loop
      vertex 2.66672 19.9991 0
      vertex 2.16503 19.9996 0
      vertex 2.6569 20.0978 0
    endloop
  endfacet
  facet normal 0 0 -1
    outer loop
      vertex 2.12557 19.6052 0
      vertex 2.61781 19.5078 0
      vertex 2.58873 19.413 0
    endloop
  endfacet
  facet normal 0 0 -1
    outer loop
      vertex 2.15017 20.0981 0
      vertex 2.6569 20.0978 0
      vertex 2.16503 19.9996 0
    endloop
  endfacet
  facet normal 0 0 -1
    outer loop
      vertex 2.09148 19.5116 0
      vertex 2.58873 19.413 0
      vertex 2.55343 19.3203 0
    endloop
  endfacet
  facet normal 0 0 -1
    outer loop
      vertex 2.6569 20.0978 0
      vertex 2.15017 20.0981 0
      vertex 2.64057 20.1957 0
    endloop
  endfacet
  facet normal 0 0 -1
    outer loop
      vertex 2.09148 19.5116 0
      vertex 2.55343 19.3203 0
      vertex 2.51209 19.2301 0
    endloop
  endfacet
  facet normal -0 0 -1
    outer loop
      vertex 2.64057 20.1957 0
      vertex 2.15017 20.0981 0
      vertex 2.61781 20.2922 0
    endloop
  endfacet
  facet normal 0 0 -1
    outer loop
      vertex 2.04822 19.4217 0
      vertex 2.51209 19.2301 0
      vertex 2.46488 19.1429 0
    endloop
  endfacet
  facet normal 0 0 -1
    outer loop
      vertex 2.12557 20.1948 0
      vertex 2.61781 20.2922 0
      vertex 2.15017 20.0981 0
    endloop
  endfacet
  facet normal 0 0 -1
    outer loop
      vertex 1.99624 19.3367 0
      vertex 2.46488 19.1429 0
      vertex 2.41201 19.0589 0
    endloop
  endfacet
  facet normal -0 0 -1
    outer loop
      vertex 2.61781 20.2922 0
      vertex 2.12557 20.1948 0
      vertex 2.58873 20.387 0
    endloop
  endfacet
  facet normal 0 0 -1
    outer loop
      vertex 1.99624 19.3367 0
      vertex 2.41201 19.0589 0
      vertex 2.35371 18.9787 0
    endloop
  endfacet
  facet normal 0 0 -1
    outer loop
      vertex 2.09148 20.2884 0
      vertex 2.58873 20.387 0
      vertex 2.12557 20.1948 0
    endloop
  endfacet
  facet normal 0 0 -1
    outer loop
      vertex 1.93604 19.2572 0
      vertex 2.35371 18.9787 0
      vertex 2.29023 18.9025 0
    endloop
  endfacet
  facet normal -0 0 -1
    outer loop
      vertex 2.58873 20.387 0
      vertex 2.09148 20.2884 0
      vertex 2.55343 20.4797 0
    endloop
  endfacet
  facet normal 0 0 -1
    outer loop
      vertex 1.86824 19.1841 0
      vertex 2.29023 18.9025 0
      vertex 2.22186 18.8306 0
    endloop
  endfacet
  facet normal -0 0 -1
    outer loop
      vertex 2.55343 20.4797 0
      vertex 2.09148 20.2884 0
      vertex 2.51209 20.5699 0
    endloop
  endfacet
  facet normal 0 0 -1
    outer loop
      vertex 2.04822 20.3783 0
      vertex 2.51209 20.5699 0
      vertex 2.09148 20.2884 0
    endloop
  endfacet
  facet normal -0 0 -1
    outer loop
      vertex 2.66672 19.8009 0
      vertex 2.16503 19.8004 0
      vertex 2.17 19.9 0
    endloop
  endfacet
  facet normal -0 0 -1
    outer loop
      vertex 2.6569 19.7022 0
      vertex 2.15017 19.7019 0
      vertex 2.16503 19.8004 0
    endloop
  endfacet
  facet normal 0 0 -1
    outer loop
      vertex 1.86824 19.1841 0
      vertex 2.22186 18.8306 0
      vertex 2.14888 18.7634 0
    endloop
  endfacet
  facet normal 0 0 -1
    outer loop
      vertex 2.61781 19.5078 0
      vertex 2.12557 19.6052 0
      vertex 2.15017 19.7019 0
    endloop
  endfacet
  facet normal 0 0 -1
    outer loop
      vertex 2.58873 19.413 0
      vertex 2.09148 19.5116 0
      vertex 2.12557 19.6052 0
    endloop
  endfacet
  facet normal 0 0 -1
    outer loop
      vertex 1.79349 19.1182 0
      vertex 2.14888 18.7634 0
      vertex 2.07162 18.7012 0
    endloop
  endfacet
  facet normal 0 0 -1
    outer loop
      vertex 2.51209 19.2301 0
      vertex 2.04822 19.4217 0
      vertex 2.09148 19.5116 0
    endloop
  endfacet
  facet normal 0 0 -1
    outer loop
      vertex 2.46488 19.1429 0
      vertex 1.99624 19.3367 0
      vertex 2.04822 19.4217 0
    endloop
  endfacet
  facet normal 0 0 -1
    outer loop
      vertex 1.71255 19.06 0
      vertex 2.07162 18.7012 0
      vertex 1.99042 18.6442 0
    endloop
  endfacet
  facet normal 0 0 -1
    outer loop
      vertex 2.35371 18.9787 0
      vertex 1.93604 19.2572 0
      vertex 1.99624 19.3367 0
    endloop
  endfacet
  facet normal 0 0 -1
    outer loop
      vertex 1.71255 19.06 0
      vertex 1.99042 18.6442 0
      vertex 1.90563 18.5928 0
    endloop
  endfacet
  facet normal 0 0 -1
    outer loop
      vertex 2.29023 18.9025 0
      vertex 1.86824 19.1841 0
      vertex 1.93604 19.2572 0
    endloop
  endfacet
  facet normal 0 0 -1
    outer loop
      vertex 1.62621 19.0101 0
      vertex 1.90563 18.5928 0
      vertex 1.81763 18.547 0
    endloop
  endfacet
  facet normal 0 0 -1
    outer loop
      vertex 2.14888 18.7634 0
      vertex 1.79349 19.1182 0
      vertex 1.86824 19.1841 0
    endloop
  endfacet
  facet normal 0 0 -1
    outer loop
      vertex 1.53534 18.9691 0
      vertex 1.81763 18.547 0
      vertex 1.7268 18.5072 0
    endloop
  endfacet
  facet normal 0 0 -1
    outer loop
      vertex 2.07162 18.7012 0
      vertex 1.71255 19.06 0
      vertex 1.79349 19.1182 0
    endloop
  endfacet
  facet normal 0 0 -1
    outer loop
      vertex 1.53534 18.9691 0
      vertex 1.7268 18.5072 0
      vertex 1.63352 18.4734 0
    endloop
  endfacet
  facet normal 0 0 -1
    outer loop
      vertex 1.90563 18.5928 0
      vertex 1.62621 19.0101 0
      vertex 1.71255 19.06 0
    endloop
  endfacet
  facet normal 0 0 -1
    outer loop
      vertex 1.44084 18.9374 0
      vertex 1.63352 18.4734 0
      vertex 1.53823 18.4459 0
    endloop
  endfacet
  facet normal 0 0 -1
    outer loop
      vertex 1.81763 18.547 0
      vertex 1.53534 18.9691 0
      vertex 1.62621 19.0101 0
    endloop
  endfacet
  facet normal 0 0 -1
    outer loop
      vertex 1.44084 18.9374 0
      vertex 1.53823 18.4459 0
      vertex 1.525 18.443 0
    endloop
  endfacet
  facet normal 0 0 -1
    outer loop
      vertex 1.63352 18.4734 0
      vertex 1.44084 18.9374 0
      vertex 1.53534 18.9691 0
    endloop
  endfacet
  facet normal 0 0 -1
    outer loop
      vertex 1.24473 12.8972 0
      vertex 1.525 13.357 0
      vertex 1.34365 12.8848 0
    endloop
  endfacet
  facet normal 0 0 -1
    outer loop
      vertex 1.14507 12.8997 0
      vertex 1.525 13.357 0
      vertex 1.24473 12.8972 0
    endloop
  endfacet
  facet normal 0 0 -1
    outer loop
      vertex 1.525 18.443 0
      vertex 1.34365 18.9152 0
      vertex 1.44084 18.9374 0
    endloop
  endfacet
  facet normal 0 0 -1
    outer loop
      vertex 1.04566 12.8922 0
      vertex 1.525 13.357 0
      vertex 1.14507 12.8997 0
    endloop
  endfacet
  facet normal 0 0 -1
    outer loop
      vertex 1.525 18.443 0
      vertex 1.24473 18.9028 0
      vertex 1.34365 18.9152 0
    endloop
  endfacet
  facet normal 0 0 -1
    outer loop
      vertex 0.947478 12.8749 0
      vertex 1.525 13.357 0
      vertex 1.04566 12.8922 0
    endloop
  endfacet
  facet normal 0 0 -1
    outer loop
      vertex 1.525 18.443 0
      vertex 1.14507 18.9003 0
      vertex 1.24473 18.9028 0
    endloop
  endfacet
  facet normal 0 0 -1
    outer loop
      vertex 0.851513 12.8479 0
      vertex 1.525 13.357 0
      vertex 0.947478 12.8749 0
    endloop
  endfacet
  facet normal 0 0 -1
    outer loop
      vertex 1.525 18.443 0
      vertex 1.04566 18.9078 0
      vertex 1.14507 18.9003 0
    endloop
  endfacet
  facet normal 0 0 -1
    outer loop
      vertex 0.758713 12.8115 0
      vertex 1.525 13.357 0
      vertex 0.851513 12.8479 0
    endloop
  endfacet
  facet normal 0 0 -1
    outer loop
      vertex 1.525 18.443 0
      vertex 0.947478 18.9251 0
      vertex 1.04566 18.9078 0
    endloop
  endfacet
  facet normal -0 0 -1
    outer loop
      vertex 1.525 13.357 0
      vertex 0.758713 12.8115 0
      vertex 1.525 18.443 0
    endloop
  endfacet
  facet normal 0 0 -1
    outer loop
      vertex 1.525 18.443 0
      vertex 0.851513 18.9521 0
      vertex 0.947478 18.9251 0
    endloop
  endfacet
  facet normal 0 0 -1
    outer loop
      vertex 0.758713 18.9885 0
      vertex 1.525 18.443 0
      vertex 0.758713 12.8115 0
    endloop
  endfacet
  facet normal 0 0 -1
    outer loop
      vertex 1.525 18.443 0
      vertex 0.758713 18.9885 0
      vertex 0.851513 18.9521 0
    endloop
  endfacet
  facet normal 0 0 -1
    outer loop
      vertex 0.669999 12.766 0
      vertex 0.758713 18.9885 0
      vertex 0.758713 12.8115 0
    endloop
  endfacet
  facet normal 0 0 -1
    outer loop
      vertex 0.669999 12.766 0
      vertex 0.669999 19.034 0
      vertex 0.758713 18.9885 0
    endloop
  endfacet
  facet normal 0 0 -1
    outer loop
      vertex 0.586256 12.7119 0
      vertex 0.669999 19.034 0
      vertex 0.669999 12.766 0
    endloop
  endfacet
  facet normal 0 0 -1
    outer loop
      vertex 0.586256 12.7119 0
      vertex 0.586256 19.0881 0
      vertex 0.669999 19.034 0
    endloop
  endfacet
  facet normal 0 0 -1
    outer loop
      vertex 0.508314 12.6498 0
      vertex 0.586256 19.0881 0
      vertex 0.586256 12.7119 0
    endloop
  endfacet
  facet normal 0 0 -1
    outer loop
      vertex 0.508314 12.6498 0
      vertex 0.508314 19.1502 0
      vertex 0.586256 19.0881 0
    endloop
  endfacet
  facet normal 0 0 -1
    outer loop
      vertex 0.436948 12.5802 0
      vertex 0.508314 19.1502 0
      vertex 0.508314 12.6498 0
    endloop
  endfacet
  facet normal 0 0 -1
    outer loop
      vertex 0.436948 12.5802 0
      vertex 0.436948 19.2198 0
      vertex 0.508314 19.1502 0
    endloop
  endfacet
  facet normal 0 0 -1
    outer loop
      vertex 0.372867 12.5038 0
      vertex 0.436948 19.2198 0
      vertex 0.436948 12.5802 0
    endloop
  endfacet
  facet normal 0 0 -1
    outer loop
      vertex 0.372867 12.5038 0
      vertex 0.372867 19.2962 0
      vertex 0.436948 19.2198 0
    endloop
  endfacet
  facet normal 0 0 -1
    outer loop
      vertex 0.316709 12.4214 0
      vertex 0.372867 19.2962 0
      vertex 0.372867 12.5038 0
    endloop
  endfacet
  facet normal 0 0 -1
    outer loop
      vertex 0.316709 12.4214 0
      vertex 0.316709 19.3786 0
      vertex 0.372867 19.2962 0
    endloop
  endfacet
  facet normal 0 0 -1
    outer loop
      vertex 0.269031 12.3339 0
      vertex 0.316709 19.3786 0
      vertex 0.316709 12.4214 0
    endloop
  endfacet
  facet normal 0 0 -1
    outer loop
      vertex 0.269031 12.3339 0
      vertex 0.269031 19.4661 0
      vertex 0.316709 19.3786 0
    endloop
  endfacet
  facet normal 0 0 -1
    outer loop
      vertex 0.230307 12.242 0
      vertex 0.269031 19.4661 0
      vertex 0.269031 12.3339 0
    endloop
  endfacet
  facet normal 0 0 -1
    outer loop
      vertex 0.230307 12.242 0
      vertex 0.230307 19.558 0
      vertex 0.269031 19.4661 0
    endloop
  endfacet
  facet normal 0 0 -1
    outer loop
      vertex 0.200922 12.1468 0
      vertex 0.230307 19.558 0
      vertex 0.230307 12.242 0
    endloop
  endfacet
  facet normal 0 0 -1
    outer loop
      vertex 0.200922 12.1468 0
      vertex 0.200922 19.6532 0
      vertex 0.230307 19.558 0
    endloop
  endfacet
  facet normal 0 0 -1
    outer loop
      vertex 0.181169 12.049 0
      vertex 0.200922 19.6532 0
      vertex 0.200922 12.1468 0
    endloop
  endfacet
  facet normal 0 0 -1
    outer loop
      vertex 0.181169 12.049 0
      vertex 0.181169 19.751 0
      vertex 0.200922 19.6532 0
    endloop
  endfacet
  facet normal 0 0 -1
    outer loop
      vertex 0.171243 11.9498 0
      vertex 0.181169 19.751 0
      vertex 0.181169 12.049 0
    endloop
  endfacet
  facet normal -0 0 -1
    outer loop
      vertex 0.181169 19.751 0
      vertex 0.171243 11.9498 0
      vertex 0.171243 19.8502 0
    endloop
  endfacet
  facet normal -0 0 -1
    outer loop
      vertex 2.51209 20.5699 0
      vertex 2.04822 20.3783 0
      vertex 2.46488 20.6571 0
    endloop
  endfacet
  facet normal 0 0 -1
    outer loop
      vertex 1.99624 20.4633 0
      vertex 2.46488 20.6571 0
      vertex 2.04822 20.3783 0
    endloop
  endfacet
  facet normal -0 0 -1
    outer loop
      vertex 2.46488 20.6571 0
      vertex 1.99624 20.4633 0
      vertex 2.41201 20.7411 0
    endloop
  endfacet
  facet normal -0 0 -1
    outer loop
      vertex 2.41201 20.7411 0
      vertex 1.99624 20.4633 0
      vertex 2.35371 20.8213 0
    endloop
  endfacet
  facet normal 0 0 -1
    outer loop
      vertex 1.93604 20.5428 0
      vertex 2.35371 20.8213 0
      vertex 1.99624 20.4633 0
    endloop
  endfacet
  facet normal -0 0 -1
    outer loop
      vertex 2.35371 20.8213 0
      vertex 1.93604 20.5428 0
      vertex 2.29023 20.8975 0
    endloop
  endfacet
  facet normal 0 0 -1
    outer loop
      vertex 1.86824 20.6159 0
      vertex 2.29023 20.8975 0
      vertex 1.93604 20.5428 0
    endloop
  endfacet
  facet normal -0 0 -1
    outer loop
      vertex 2.29023 20.8975 0
      vertex 1.86824 20.6159 0
      vertex 2.22186 20.9694 0
    endloop
  endfacet
  facet normal -0 0 -1
    outer loop
      vertex 2.22186 20.9694 0
      vertex 1.86824 20.6159 0
      vertex 2.14888 21.0366 0
    endloop
  endfacet
  facet normal 0 0 -1
    outer loop
      vertex 1.79349 20.6818 0
      vertex 2.14888 21.0366 0
      vertex 1.86824 20.6159 0
    endloop
  endfacet
  facet normal -0 0 -1
    outer loop
      vertex 2.14888 21.0366 0
      vertex 1.79349 20.6818 0
      vertex 2.07162 21.0988 0
    endloop
  endfacet
  facet normal 0 0 -1
    outer loop
      vertex 1.71255 20.74 0
      vertex 2.07162 21.0988 0
      vertex 1.79349 20.6818 0
    endloop
  endfacet
  facet normal -0 0 -1
    outer loop
      vertex 2.07162 21.0988 0
      vertex 1.71255 20.74 0
      vertex 1.99042 21.1558 0
    endloop
  endfacet
  facet normal -0 0 -1
    outer loop
      vertex 1.99042 21.1558 0
      vertex 1.71255 20.74 0
      vertex 1.90563 21.2072 0
    endloop
  endfacet
  facet normal 0 0 -1
    outer loop
      vertex 1.62621 20.7899 0
      vertex 1.90563 21.2072 0
      vertex 1.71255 20.74 0
    endloop
  endfacet
  facet normal -0 0 -1
    outer loop
      vertex 1.90563 21.2072 0
      vertex 1.62621 20.7899 0
      vertex 1.81763 21.253 0
    endloop
  endfacet
  facet normal 0 0 -1
    outer loop
      vertex 1.53534 20.8309 0
      vertex 1.81763 21.253 0
      vertex 1.62621 20.7899 0
    endloop
  endfacet
  facet normal -0 0 -1
    outer loop
      vertex 1.81763 21.253 0
      vertex 1.53534 20.8309 0
      vertex 1.7268 21.2928 0
    endloop
  endfacet
  facet normal -0 0 -1
    outer loop
      vertex 1.7268 21.2928 0
      vertex 1.53534 20.8309 0
      vertex 1.63352 21.3266 0
    endloop
  endfacet
  facet normal 0 0 -1
    outer loop
      vertex 1.44084 20.8626 0
      vertex 1.63352 21.3266 0
      vertex 1.53534 20.8309 0
    endloop
  endfacet
  facet normal -0 0 -1
    outer loop
      vertex 1.63352 21.3266 0
      vertex 1.44084 20.8626 0
      vertex 1.53823 21.3541 0
    endloop
  endfacet
  facet normal 0 0 -1
    outer loop
      vertex 1.34365 20.8848 0
      vertex 1.525 21.357 0
      vertex 1.44084 20.8626 0
    endloop
  endfacet
  facet normal -0 0 -1
    outer loop
      vertex 1.53823 21.3541 0
      vertex 1.44084 20.8626 0
      vertex 1.525 21.357 0
    endloop
  endfacet
  facet normal 0 0 -1
    outer loop
      vertex 2.17 27.9 0
      vertex 2.67 27.9 0
      vertex 2.66672 27.8009 0
    endloop
  endfacet
  facet normal 0 0 -1
    outer loop
      vertex 2.16503 27.8004 0
      vertex 2.66672 27.8009 0
      vertex 2.6569 27.7022 0
    endloop
  endfacet
  facet normal 0 0 -1
    outer loop
      vertex 2.67 27.9 0
      vertex 2.17 27.9 0
      vertex 2.66672 27.9991 0
    endloop
  endfacet
  facet normal 0 0 -1
    outer loop
      vertex 2.15017 27.7019 0
      vertex 2.6569 27.7022 0
      vertex 2.64057 27.6043 0
    endloop
  endfacet
  facet normal 0 0 -1
    outer loop
      vertex 2.16503 27.9996 0
      vertex 2.66672 27.9991 0
      vertex 2.17 27.9 0
    endloop
  endfacet
  facet normal 0 0 -1
    outer loop
      vertex 2.15017 27.7019 0
      vertex 2.64057 27.6043 0
      vertex 2.61781 27.5078 0
    endloop
  endfacet
  facet normal 0 0 -1
    outer loop
      vertex 2.66672 27.9991 0
      vertex 2.16503 27.9996 0
      vertex 2.6569 28.0978 0
    endloop
  endfacet
  facet normal 0 0 -1
    outer loop
      vertex 2.12557 27.6052 0
      vertex 2.61781 27.5078 0
      vertex 2.58873 27.413 0
    endloop
  endfacet
  facet normal 0 0 -1
    outer loop
      vertex 2.15017 28.0981 0
      vertex 2.6569 28.0978 0
      vertex 2.16503 27.9996 0
    endloop
  endfacet
  facet normal 0 0 -1
    outer loop
      vertex 2.09148 27.5116 0
      vertex 2.58873 27.413 0
      vertex 2.55343 27.3203 0
    endloop
  endfacet
  facet normal 0 0 -1
    outer loop
      vertex 2.6569 28.0978 0
      vertex 2.15017 28.0981 0
      vertex 2.64057 28.1957 0
    endloop
  endfacet
  facet normal 0 0 -1
    outer loop
      vertex 2.09148 27.5116 0
      vertex 2.55343 27.3203 0
      vertex 2.51209 27.2301 0
    endloop
  endfacet
  facet normal -0 0 -1
    outer loop
      vertex 2.64057 28.1957 0
      vertex 2.15017 28.0981 0
      vertex 2.61781 28.2922 0
    endloop
  endfacet
  facet normal 0 0 -1
    outer loop
      vertex 2.04822 27.4217 0
      vertex 2.51209 27.2301 0
      vertex 2.46488 27.1429 0
    endloop
  endfacet
  facet normal 0 0 -1
    outer loop
      vertex 2.12557 28.1948 0
      vertex 2.61781 28.2922 0
      vertex 2.15017 28.0981 0
    endloop
  endfacet
  facet normal 0 0 -1
    outer loop
      vertex 1.99624 27.3367 0
      vertex 2.46488 27.1429 0
      vertex 2.41201 27.0589 0
    endloop
  endfacet
  facet normal -0 0 -1
    outer loop
      vertex 2.61781 28.2922 0
      vertex 2.12557 28.1948 0
      vertex 2.58873 28.387 0
    endloop
  endfacet
  facet normal 0 0 -1
    outer loop
      vertex 1.99624 27.3367 0
      vertex 2.41201 27.0589 0
      vertex 2.35371 26.9787 0
    endloop
  endfacet
  facet normal 0 0 -1
    outer loop
      vertex 2.09148 28.2884 0
      vertex 2.58873 28.387 0
      vertex 2.12557 28.1948 0
    endloop
  endfacet
  facet normal 0 0 -1
    outer loop
      vertex 1.93604 27.2572 0
      vertex 2.35371 26.9787 0
      vertex 2.29023 26.9025 0
    endloop
  endfacet
  facet normal -0 0 -1
    outer loop
      vertex 2.58873 28.387 0
      vertex 2.09148 28.2884 0
      vertex 2.55343 28.4797 0
    endloop
  endfacet
  facet normal 0 0 -1
    outer loop
      vertex 1.86824 27.1841 0
      vertex 2.29023 26.9025 0
      vertex 2.22186 26.8306 0
    endloop
  endfacet
  facet normal -0 0 -1
    outer loop
      vertex 2.55343 28.4797 0
      vertex 2.09148 28.2884 0
      vertex 2.51209 28.5699 0
    endloop
  endfacet
  facet normal 0 0 -1
    outer loop
      vertex 2.04822 28.3783 0
      vertex 2.51209 28.5699 0
      vertex 2.09148 28.2884 0
    endloop
  endfacet
  facet normal -0 0 -1
    outer loop
      vertex 2.66672 27.8009 0
      vertex 2.16503 27.8004 0
      vertex 2.17 27.9 0
    endloop
  endfacet
  facet normal -0 0 -1
    outer loop
      vertex 2.6569 27.7022 0
      vertex 2.15017 27.7019 0
      vertex 2.16503 27.8004 0
    endloop
  endfacet
  facet normal 0 0 -1
    outer loop
      vertex 1.86824 27.1841 0
      vertex 2.22186 26.8306 0
      vertex 2.14888 26.7634 0
    endloop
  endfacet
  facet normal 0 0 -1
    outer loop
      vertex 2.61781 27.5078 0
      vertex 2.12557 27.6052 0
      vertex 2.15017 27.7019 0
    endloop
  endfacet
  facet normal 0 0 -1
    outer loop
      vertex 2.58873 27.413 0
      vertex 2.09148 27.5116 0
      vertex 2.12557 27.6052 0
    endloop
  endfacet
  facet normal 0 0 -1
    outer loop
      vertex 1.79349 27.1182 0
      vertex 2.14888 26.7634 0
      vertex 2.07162 26.7012 0
    endloop
  endfacet
  facet normal 0 0 -1
    outer loop
      vertex 2.51209 27.2301 0
      vertex 2.04822 27.4217 0
      vertex 2.09148 27.5116 0
    endloop
  endfacet
  facet normal 0 0 -1
    outer loop
      vertex 2.46488 27.1429 0
      vertex 1.99624 27.3367 0
      vertex 2.04822 27.4217 0
    endloop
  endfacet
  facet normal 0 0 -1
    outer loop
      vertex 1.71255 27.06 0
      vertex 2.07162 26.7012 0
      vertex 1.99042 26.6442 0
    endloop
  endfacet
  facet normal 0 0 -1
    outer loop
      vertex 2.35371 26.9787 0
      vertex 1.93604 27.2572 0
      vertex 1.99624 27.3367 0
    endloop
  endfacet
  facet normal 0 0 -1
    outer loop
      vertex 1.71255 27.06 0
      vertex 1.99042 26.6442 0
      vertex 1.90563 26.5928 0
    endloop
  endfacet
  facet normal 0 0 -1
    outer loop
      vertex 2.29023 26.9025 0
      vertex 1.86824 27.1841 0
      vertex 1.93604 27.2572 0
    endloop
  endfacet
  facet normal 0 0 -1
    outer loop
      vertex 1.62621 27.0101 0
      vertex 1.90563 26.5928 0
      vertex 1.81763 26.547 0
    endloop
  endfacet
  facet normal 0 0 -1
    outer loop
      vertex 2.14888 26.7634 0
      vertex 1.79349 27.1182 0
      vertex 1.86824 27.1841 0
    endloop
  endfacet
  facet normal 0 0 -1
    outer loop
      vertex 1.53534 26.9691 0
      vertex 1.81763 26.547 0
      vertex 1.7268 26.5072 0
    endloop
  endfacet
  facet normal 0 0 -1
    outer loop
      vertex 2.07162 26.7012 0
      vertex 1.71255 27.06 0
      vertex 1.79349 27.1182 0
    endloop
  endfacet
  facet normal 0 0 -1
    outer loop
      vertex 1.53534 26.9691 0
      vertex 1.7268 26.5072 0
      vertex 1.63352 26.4734 0
    endloop
  endfacet
  facet normal 0 0 -1
    outer loop
      vertex 1.90563 26.5928 0
      vertex 1.62621 27.0101 0
      vertex 1.71255 27.06 0
    endloop
  endfacet
  facet normal 0 0 -1
    outer loop
      vertex 1.44084 26.9374 0
      vertex 1.63352 26.4734 0
      vertex 1.53823 26.4459 0
    endloop
  endfacet
  facet normal 0 0 -1
    outer loop
      vertex 1.81763 26.547 0
      vertex 1.53534 26.9691 0
      vertex 1.62621 27.0101 0
    endloop
  endfacet
  facet normal 0 0 -1
    outer loop
      vertex 1.44084 26.9374 0
      vertex 1.53823 26.4459 0
      vertex 1.525 26.443 0
    endloop
  endfacet
  facet normal 0 0 -1
    outer loop
      vertex 1.63352 26.4734 0
      vertex 1.44084 26.9374 0
      vertex 1.53534 26.9691 0
    endloop
  endfacet
  facet normal 0 0 -1
    outer loop
      vertex 1.24473 20.8972 0
      vertex 1.525 21.357 0
      vertex 1.34365 20.8848 0
    endloop
  endfacet
  facet normal 0 0 -1
    outer loop
      vertex 1.14507 20.8997 0
      vertex 1.525 21.357 0
      vertex 1.24473 20.8972 0
    endloop
  endfacet
  facet normal 0 0 -1
    outer loop
      vertex 1.525 26.443 0
      vertex 1.34365 26.9152 0
      vertex 1.44084 26.9374 0
    endloop
  endfacet
  facet normal 0 0 -1
    outer loop
      vertex 1.04566 20.8922 0
      vertex 1.525 21.357 0
      vertex 1.14507 20.8997 0
    endloop
  endfacet
  facet normal 0 0 -1
    outer loop
      vertex 1.525 26.443 0
      vertex 1.24473 26.9028 0
      vertex 1.34365 26.9152 0
    endloop
  endfacet
  facet normal 0 0 -1
    outer loop
      vertex 0.947478 20.8749 0
      vertex 1.525 21.357 0
      vertex 1.04566 20.8922 0
    endloop
  endfacet
  facet normal 0 0 -1
    outer loop
      vertex 1.525 26.443 0
      vertex 1.14507 26.9003 0
      vertex 1.24473 26.9028 0
    endloop
  endfacet
  facet normal 0 0 -1
    outer loop
      vertex 0.851513 20.8479 0
      vertex 1.525 21.357 0
      vertex 0.947478 20.8749 0
    endloop
  endfacet
  facet normal 0 0 -1
    outer loop
      vertex 1.525 26.443 0
      vertex 1.04566 26.9078 0
      vertex 1.14507 26.9003 0
    endloop
  endfacet
  facet normal 0 0 -1
    outer loop
      vertex 0.758713 20.8115 0
      vertex 1.525 21.357 0
      vertex 0.851513 20.8479 0
    endloop
  endfacet
  facet normal 0 0 -1
    outer loop
      vertex 1.525 26.443 0
      vertex 0.947478 26.9251 0
      vertex 1.04566 26.9078 0
    endloop
  endfacet
  facet normal -0 0 -1
    outer loop
      vertex 1.525 21.357 0
      vertex 0.758713 20.8115 0
      vertex 1.525 26.443 0
    endloop
  endfacet
  facet normal 0 0 -1
    outer loop
      vertex 1.525 26.443 0
      vertex 0.851513 26.9521 0
      vertex 0.947478 26.9251 0
    endloop
  endfacet
  facet normal 0 0 -1
    outer loop
      vertex 0.758713 26.9885 0
      vertex 1.525 26.443 0
      vertex 0.758713 20.8115 0
    endloop
  endfacet
  facet normal 0 0 -1
    outer loop
      vertex 1.525 26.443 0
      vertex 0.758713 26.9885 0
      vertex 0.851513 26.9521 0
    endloop
  endfacet
  facet normal 0 0 -1
    outer loop
      vertex 0.669999 20.766 0
      vertex 0.758713 26.9885 0
      vertex 0.758713 20.8115 0
    endloop
  endfacet
  facet normal 0 0 -1
    outer loop
      vertex 0.669999 20.766 0
      vertex 0.669999 27.034 0
      vertex 0.758713 26.9885 0
    endloop
  endfacet
  facet normal 0 0 -1
    outer loop
      vertex 0.586256 20.7119 0
      vertex 0.669999 27.034 0
      vertex 0.669999 20.766 0
    endloop
  endfacet
  facet normal 0 0 -1
    outer loop
      vertex 0.586256 20.7119 0
      vertex 0.586256 27.0881 0
      vertex 0.669999 27.034 0
    endloop
  endfacet
  facet normal 0 0 -1
    outer loop
      vertex 0.508314 20.6498 0
      vertex 0.586256 27.0881 0
      vertex 0.586256 20.7119 0
    endloop
  endfacet
  facet normal 0 0 -1
    outer loop
      vertex 0.508314 20.6498 0
      vertex 0.508314 27.1502 0
      vertex 0.586256 27.0881 0
    endloop
  endfacet
  facet normal 0 0 -1
    outer loop
      vertex 0.436948 20.5802 0
      vertex 0.508314 27.1502 0
      vertex 0.508314 20.6498 0
    endloop
  endfacet
  facet normal 0 0 -1
    outer loop
      vertex 0.436948 20.5802 0
      vertex 0.436948 27.2198 0
      vertex 0.508314 27.1502 0
    endloop
  endfacet
  facet normal 0 0 -1
    outer loop
      vertex 0.372867 20.5038 0
      vertex 0.436948 27.2198 0
      vertex 0.436948 20.5802 0
    endloop
  endfacet
  facet normal 0 0 -1
    outer loop
      vertex 0.372867 20.5038 0
      vertex 0.372867 27.2962 0
      vertex 0.436948 27.2198 0
    endloop
  endfacet
  facet normal 0 0 -1
    outer loop
      vertex 0.316709 20.4214 0
      vertex 0.372867 27.2962 0
      vertex 0.372867 20.5038 0
    endloop
  endfacet
  facet normal 0 0 -1
    outer loop
      vertex 0.316709 20.4214 0
      vertex 0.316709 27.3786 0
      vertex 0.372867 27.2962 0
    endloop
  endfacet
  facet normal 0 0 -1
    outer loop
      vertex 0.269031 20.3339 0
      vertex 0.316709 27.3786 0
      vertex 0.316709 20.4214 0
    endloop
  endfacet
  facet normal 0 0 -1
    outer loop
      vertex 0.269031 20.3339 0
      vertex 0.269031 27.4661 0
      vertex 0.316709 27.3786 0
    endloop
  endfacet
  facet normal 0 0 -1
    outer loop
      vertex 0.230307 20.242 0
      vertex 0.269031 27.4661 0
      vertex 0.269031 20.3339 0
    endloop
  endfacet
  facet normal 0 0 -1
    outer loop
      vertex 0.230307 20.242 0
      vertex 0.230307 27.558 0
      vertex 0.269031 27.4661 0
    endloop
  endfacet
  facet normal 0 0 -1
    outer loop
      vertex 0.200922 20.1468 0
      vertex 0.230307 27.558 0
      vertex 0.230307 20.242 0
    endloop
  endfacet
  facet normal 0 0 -1
    outer loop
      vertex 0.200922 20.1468 0
      vertex 0.200922 27.6532 0
      vertex 0.230307 27.558 0
    endloop
  endfacet
  facet normal 0 0 -1
    outer loop
      vertex 0.181169 20.049 0
      vertex 0.200922 27.6532 0
      vertex 0.200922 20.1468 0
    endloop
  endfacet
  facet normal 0 0 -1
    outer loop
      vertex 0.181169 20.049 0
      vertex 0.181169 27.751 0
      vertex 0.200922 27.6532 0
    endloop
  endfacet
  facet normal 0 0 -1
    outer loop
      vertex 0.171243 19.9498 0
      vertex 0.181169 27.751 0
      vertex 0.181169 20.049 0
    endloop
  endfacet
  facet normal -0 0 -1
    outer loop
      vertex 0.181169 27.751 0
      vertex 0.171243 19.9498 0
      vertex 0.171243 27.8502 0
    endloop
  endfacet
  facet normal -0 0 -1
    outer loop
      vertex 2.51209 28.5699 0
      vertex 2.04822 28.3783 0
      vertex 2.46488 28.6571 0
    endloop
  endfacet
  facet normal 0 0 -1
    outer loop
      vertex 1.99624 28.4633 0
      vertex 2.46488 28.6571 0
      vertex 2.04822 28.3783 0
    endloop
  endfacet
  facet normal -0 0 -1
    outer loop
      vertex 2.46488 28.6571 0
      vertex 1.99624 28.4633 0
      vertex 2.41201 28.7411 0
    endloop
  endfacet
  facet normal -0 0 -1
    outer loop
      vertex 2.41201 28.7411 0
      vertex 1.99624 28.4633 0
      vertex 2.35371 28.8213 0
    endloop
  endfacet
  facet normal 0 0 -1
    outer loop
      vertex 1.93604 28.5428 0
      vertex 2.35371 28.8213 0
      vertex 1.99624 28.4633 0
    endloop
  endfacet
  facet normal -0 0 -1
    outer loop
      vertex 2.35371 28.8213 0
      vertex 1.93604 28.5428 0
      vertex 2.29023 28.8975 0
    endloop
  endfacet
  facet normal 0 0 -1
    outer loop
      vertex 1.86824 28.6159 0
      vertex 2.29023 28.8975 0
      vertex 1.93604 28.5428 0
    endloop
  endfacet
  facet normal -0 0 -1
    outer loop
      vertex 2.29023 28.8975 0
      vertex 1.86824 28.6159 0
      vertex 2.22186 28.9694 0
    endloop
  endfacet
  facet normal -0 0 -1
    outer loop
      vertex 2.22186 28.9694 0
      vertex 1.86824 28.6159 0
      vertex 2.14888 29.0366 0
    endloop
  endfacet
  facet normal 0 0 -1
    outer loop
      vertex 1.79349 28.6818 0
      vertex 2.14888 29.0366 0
      vertex 1.86824 28.6159 0
    endloop
  endfacet
  facet normal -0 0 -1
    outer loop
      vertex 2.14888 29.0366 0
      vertex 1.79349 28.6818 0
      vertex 2.07162 29.0988 0
    endloop
  endfacet
  facet normal 0 0 -1
    outer loop
      vertex 1.71255 28.74 0
      vertex 2.07162 29.0988 0
      vertex 1.79349 28.6818 0
    endloop
  endfacet
  facet normal -0 0 -1
    outer loop
      vertex 2.07162 29.0988 0
      vertex 1.71255 28.74 0
      vertex 1.99042 29.1558 0
    endloop
  endfacet
  facet normal -0 0 -1
    outer loop
      vertex 1.99042 29.1558 0
      vertex 1.71255 28.74 0
      vertex 1.90563 29.2072 0
    endloop
  endfacet
  facet normal 0 0 -1
    outer loop
      vertex 1.62621 28.7899 0
      vertex 1.90563 29.2072 0
      vertex 1.71255 28.74 0
    endloop
  endfacet
  facet normal -0 0 -1
    outer loop
      vertex 1.90563 29.2072 0
      vertex 1.62621 28.7899 0
      vertex 1.81763 29.253 0
    endloop
  endfacet
  facet normal 0 0 -1
    outer loop
      vertex 1.53534 28.8309 0
      vertex 1.81763 29.253 0
      vertex 1.62621 28.7899 0
    endloop
  endfacet
  facet normal -0 0 -1
    outer loop
      vertex 1.81763 29.253 0
      vertex 1.53534 28.8309 0
      vertex 1.7268 29.2928 0
    endloop
  endfacet
  facet normal -0 0 -1
    outer loop
      vertex 1.7268 29.2928 0
      vertex 1.53534 28.8309 0
      vertex 1.63352 29.3266 0
    endloop
  endfacet
  facet normal 0 0 -1
    outer loop
      vertex 1.44084 28.8626 0
      vertex 1.63352 29.3266 0
      vertex 1.53534 28.8309 0
    endloop
  endfacet
  facet normal -0 0 -1
    outer loop
      vertex 1.63352 29.3266 0
      vertex 1.44084 28.8626 0
      vertex 1.53823 29.3541 0
    endloop
  endfacet
  facet normal 0 0 -1
    outer loop
      vertex 1.34365 28.8848 0
      vertex 1.525 29.357 0
      vertex 1.44084 28.8626 0
    endloop
  endfacet
  facet normal -0 0 -1
    outer loop
      vertex 1.53823 29.3541 0
      vertex 1.44084 28.8626 0
      vertex 1.525 29.357 0
    endloop
  endfacet
  facet normal 0 0 -1
    outer loop
      vertex 5.35659 30.275 0
      vertex 4.89503 30.5304 0
      vertex 4.9 30.63 0
    endloop
  endfacet
  facet normal 0 0 -1
    outer loop
      vertex 5.02023 29.6325 0
      vertex 4.88017 30.4319 0
      vertex 4.89503 30.5304 0
    endloop
  endfacet
  facet normal 0 0 -1
    outer loop
      vertex 4.59824 29.9141 0
      vertex 4.95185 29.5606 0
      vertex 4.87888 29.4934 0
    endloop
  endfacet
  facet normal 0 0 -1
    outer loop
      vertex 5.02023 29.6325 0
      vertex 4.85557 30.3352 0
      vertex 4.88017 30.4319 0
    endloop
  endfacet
  facet normal 0 0 -1
    outer loop
      vertex 5.02023 29.6325 0
      vertex 4.82148 30.2416 0
      vertex 4.85557 30.3352 0
    endloop
  endfacet
  facet normal 0 0 -1
    outer loop
      vertex 4.52349 29.8482 0
      vertex 4.87888 29.4934 0
      vertex 4.80162 29.4312 0
    endloop
  endfacet
  facet normal 0 0 -1
    outer loop
      vertex 5.02023 29.6325 0
      vertex 4.77822 30.1517 0
      vertex 4.82148 30.2416 0
    endloop
  endfacet
  facet normal 0 0 -1
    outer loop
      vertex 5.02023 29.6325 0
      vertex 4.72624 30.0667 0
      vertex 4.77822 30.1517 0
    endloop
  endfacet
  facet normal 0 0 -1
    outer loop
      vertex 4.44255 29.79 0
      vertex 4.80162 29.4312 0
      vertex 4.72042 29.3742 0
    endloop
  endfacet
  facet normal 0 0 -1
    outer loop
      vertex 5.02023 29.6325 0
      vertex 4.66604 29.9872 0
      vertex 4.72624 30.0667 0
    endloop
  endfacet
  facet normal 0 0 -1
    outer loop
      vertex 4.44255 29.79 0
      vertex 4.72042 29.3742 0
      vertex 4.63563 29.3228 0
    endloop
  endfacet
  facet normal 0 0 -1
    outer loop
      vertex 5.02023 29.6325 0
      vertex 4.59824 29.9141 0
      vertex 4.66604 29.9872 0
    endloop
  endfacet
  facet normal 0 0 -1
    outer loop
      vertex 4.35621 29.7401 0
      vertex 4.63563 29.3228 0
      vertex 4.54763 29.277 0
    endloop
  endfacet
  facet normal 0 0 -1
    outer loop
      vertex 4.87888 29.4934 0
      vertex 4.52349 29.8482 0
      vertex 4.59824 29.9141 0
    endloop
  endfacet
  facet normal 0 0 -1
    outer loop
      vertex 4.26534 29.6991 0
      vertex 4.54763 29.277 0
      vertex 4.4568 29.2372 0
    endloop
  endfacet
  facet normal 0 0 -1
    outer loop
      vertex 4.80162 29.4312 0
      vertex 4.44255 29.79 0
      vertex 4.52349 29.8482 0
    endloop
  endfacet
  facet normal 0 0 -1
    outer loop
      vertex 4.26534 29.6991 0
      vertex 4.4568 29.2372 0
      vertex 4.36353 29.2034 0
    endloop
  endfacet
  facet normal 0 0 -1
    outer loop
      vertex 4.63563 29.3228 0
      vertex 4.35621 29.7401 0
      vertex 4.44255 29.79 0
    endloop
  endfacet
  facet normal 0 0 -1
    outer loop
      vertex 4.17084 29.6674 0
      vertex 4.36353 29.2034 0
      vertex 4.26823 29.1759 0
    endloop
  endfacet
  facet normal 0 0 -1
    outer loop
      vertex 4.54763 29.277 0
      vertex 4.26534 29.6991 0
      vertex 4.35621 29.7401 0
    endloop
  endfacet
  facet normal 0 0 -1
    outer loop
      vertex 4.07365 29.6452 0
      vertex 4.26823 29.1759 0
      vertex 4.17132 29.1547 0
    endloop
  endfacet
  facet normal 0 0 -1
    outer loop
      vertex 4.36353 29.2034 0
      vertex 4.17084 29.6674 0
      vertex 4.26534 29.6991 0
    endloop
  endfacet
  facet normal 0 0 -1
    outer loop
      vertex 4.26823 29.1759 0
      vertex 4.07365 29.6452 0
      vertex 4.17084 29.6674 0
    endloop
  endfacet
  facet normal 0 0 -1
    outer loop
      vertex 4.07323 29.14 0
      vertex 4.07365 29.6452 0
      vertex 4.17132 29.1547 0
    endloop
  endfacet
  facet normal 0 0 -1
    outer loop
      vertex 4.07323 29.14 0
      vertex 3.97473 29.6328 0
      vertex 4.07365 29.6452 0
    endloop
  endfacet
  facet normal 0 0 -1
    outer loop
      vertex 3.97437 29.1318 0
      vertex 3.97473 29.6328 0
      vertex 4.07323 29.14 0
    endloop
  endfacet
  facet normal 0 0 -1
    outer loop
      vertex 3.87507 29.6303 0
      vertex 3.97437 29.1318 0
      vertex 3.8752 29.1302 0
    endloop
  endfacet
  facet normal 0 0 -1
    outer loop
      vertex 3.97437 29.1318 0
      vertex 3.87507 29.6303 0
      vertex 3.97473 29.6328 0
    endloop
  endfacet
  facet normal 0 0 -1
    outer loop
      vertex 3.77613 29.1351 0
      vertex 3.87507 29.6303 0
      vertex 3.8752 29.1302 0
    endloop
  endfacet
  facet normal 0 0 -1
    outer loop
      vertex 3.77613 29.1351 0
      vertex 3.77566 29.6378 0
      vertex 3.87507 29.6303 0
    endloop
  endfacet
  facet normal 0 0 -1
    outer loop
      vertex 3.6776 29.1466 0
      vertex 3.77566 29.6378 0
      vertex 3.77613 29.1351 0
    endloop
  endfacet
  facet normal 0 0 -1
    outer loop
      vertex 3.6776 29.1466 0
      vertex 3.67748 29.6551 0
      vertex 3.77566 29.6378 0
    endloop
  endfacet
  facet normal 0 0 -1
    outer loop
      vertex 3.58005 29.1645 0
      vertex 3.67748 29.6551 0
      vertex 3.6776 29.1466 0
    endloop
  endfacet
  facet normal 0 0 -1
    outer loop
      vertex 3.4839 29.1889 0
      vertex 3.67748 29.6551 0
      vertex 3.58005 29.1645 0
    endloop
  endfacet
  facet normal -0 0 -1
    outer loop
      vertex 3.67748 29.6551 0
      vertex 3.4839 29.1889 0
      vertex 3.58151 29.6821 0
    endloop
  endfacet
  facet normal 0 0 -1
    outer loop
      vertex 3.38956 29.2195 0
      vertex 3.58151 29.6821 0
      vertex 3.4839 29.1889 0
    endloop
  endfacet
  facet normal -0 0 -1
    outer loop
      vertex 3.58151 29.6821 0
      vertex 3.38956 29.2195 0
      vertex 3.48871 29.7185 0
    endloop
  endfacet
  facet normal 0 0 -1
    outer loop
      vertex 3.29746 29.2563 0
      vertex 3.48871 29.7185 0
      vertex 3.38956 29.2195 0
    endloop
  endfacet
  facet normal 0 0 -1
    outer loop
      vertex 3.20799 29.2992 0
      vertex 3.48871 29.7185 0
      vertex 3.29746 29.2563 0
    endloop
  endfacet
  facet normal -0 0 -1
    outer loop
      vertex 3.48871 29.7185 0
      vertex 3.20799 29.2992 0
      vertex 3.4 29.764 0
    endloop
  endfacet
  facet normal 0 0 -1
    outer loop
      vertex 3.12154 29.3478 0
      vertex 3.4 29.764 0
      vertex 3.20799 29.2992 0
    endloop
  endfacet
  facet normal -0 0 -1
    outer loop
      vertex 3.4 29.764 0
      vertex 3.12154 29.3478 0
      vertex 3.31626 29.8181 0
    endloop
  endfacet
  facet normal 0 0 -1
    outer loop
      vertex 3.03851 29.4021 0
      vertex 3.31626 29.8181 0
      vertex 3.12154 29.3478 0
    endloop
  endfacet
  facet normal 0 0 -1
    outer loop
      vertex 2.95924 29.4617 0
      vertex 3.31626 29.8181 0
      vertex 3.03851 29.4021 0
    endloop
  endfacet
  facet normal -0 0 -1
    outer loop
      vertex 3.31626 29.8181 0
      vertex 2.95924 29.4617 0
      vertex 3.23831 29.8802 0
    endloop
  endfacet
  facet normal 0 0 -1
    outer loop
      vertex 2.88408 29.5264 0
      vertex 3.23831 29.8802 0
      vertex 2.95924 29.4617 0
    endloop
  endfacet
  facet normal -0 0 -1
    outer loop
      vertex 3.23831 29.8802 0
      vertex 2.88408 29.5264 0
      vertex 3.16695 29.9498 0
    endloop
  endfacet
  facet normal 0 0 -1
    outer loop
      vertex 2.81336 29.596 0
      vertex 3.16695 29.9498 0
      vertex 2.88408 29.5264 0
    endloop
  endfacet
  facet normal 0 0 -1
    outer loop
      vertex 2.7474 29.67 0
      vertex 3.16695 29.9498 0
      vertex 2.81336 29.596 0
    endloop
  endfacet
  facet normal -0 0 -1
    outer loop
      vertex 3.16695 29.9498 0
      vertex 2.7474 29.67 0
      vertex 3.10287 30.0262 0
    endloop
  endfacet
  facet normal 0 0 -1
    outer loop
      vertex 2.68647 29.7483 0
      vertex 3.10287 30.0262 0
      vertex 2.7474 29.67 0
    endloop
  endfacet
  facet normal -0 0 -1
    outer loop
      vertex 3.10287 30.0262 0
      vertex 2.68647 29.7483 0
      vertex 3.04671 30.1086 0
    endloop
  endfacet
  facet normal 0 0 -1
    outer loop
      vertex 2.63086 29.8305 0
      vertex 3.04671 30.1086 0
      vertex 2.68647 29.7483 0
    endloop
  endfacet
  facet normal -0 0 -1
    outer loop
      vertex 3.04671 30.1086 0
      vertex 2.58079 29.9161 0
      vertex 2.99903 30.1961 0
    endloop
  endfacet
  facet normal 0 0 -1
    outer loop
      vertex 2.58079 29.9161 0
      vertex 3.04671 30.1086 0
      vertex 2.63086 29.8305 0
    endloop
  endfacet
  facet normal 0 0 -1
    outer loop
      vertex 31.8 0 0
      vertex 30.275 1.525 0
      vertex 31.8 31.8 0
    endloop
  endfacet
  facet normal 0 0 -1
    outer loop
      vertex 4.59824 0.454133 0
      vertex 30.275 1.525 0
      vertex 31.8 0 0
    endloop
  endfacet
  facet normal 0 0 -1
    outer loop
      vertex 4.85557 1.46476 0
      vertex 5.34781 1.56222 0
      vertex 5.35659 1.525 0
    endloop
  endfacet
  facet normal -0 0 -1
    outer loop
      vertex 5.34781 1.56222 0
      vertex 4.85557 1.46476 0
      vertex 5.31873 1.65705 0
    endloop
  endfacet
  facet normal 0 0 -1
    outer loop
      vertex 4.82148 1.55843 0
      vertex 5.31873 1.65705 0
      vertex 4.85557 1.46476 0
    endloop
  endfacet
  facet normal -0 0 -1
    outer loop
      vertex 5.28343 1.74975 0
      vertex 4.82148 1.55843 0
      vertex 5.24209 1.83991 0
    endloop
  endfacet
  facet normal 0 0 -1
    outer loop
      vertex 4.77822 1.64825 0
      vertex 5.24209 1.83991 0
      vertex 4.82148 1.55843 0
    endloop
  endfacet
  facet normal -0 0 -1
    outer loop
      vertex 5.24209 1.83991 0
      vertex 4.77822 1.64825 0
      vertex 5.19488 1.92715 0
    endloop
  endfacet
  facet normal -0 0 -1
    outer loop
      vertex 5.19488 1.92715 0
      vertex 4.72624 1.73332 0
      vertex 5.14201 2.01107 0
    endloop
  endfacet
  facet normal -0 0 -1
    outer loop
      vertex 5.14201 2.01107 0
      vertex 4.72624 1.73332 0
      vertex 5.08371 2.09132 0
    endloop
  endfacet
  facet normal 0 0 -1
    outer loop
      vertex 4.89503 1.26957 0
      vertex 5.35659 1.525 0
      vertex 4.9 1.17 0
    endloop
  endfacet
  facet normal -0 0 -1
    outer loop
      vertex 30.275 1.525 0
      vertex 4.72624 0.60668 0
      vertex 5.35659 1.525 0
    endloop
  endfacet
  facet normal 0 0 -1
    outer loop
      vertex 5.35659 1.525 0
      vertex 4.89503 1.07043 0
      vertex 4.9 1.17 0
    endloop
  endfacet
  facet normal 0 0 -1
    outer loop
      vertex 5.35659 1.525 0
      vertex 4.88017 0.971853 0
      vertex 4.89503 1.07043 0
    endloop
  endfacet
  facet normal 0 0 -1
    outer loop
      vertex 5.35659 1.525 0
      vertex 4.85557 0.875244 0
      vertex 4.88017 0.971853 0
    endloop
  endfacet
  facet normal 0 0 -1
    outer loop
      vertex 5.35659 1.525 0
      vertex 4.82148 0.781565 0
      vertex 4.85557 0.875244 0
    endloop
  endfacet
  facet normal 0 0 -1
    outer loop
      vertex 5.35659 1.525 0
      vertex 4.77822 0.691746 0
      vertex 4.82148 0.781565 0
    endloop
  endfacet
  facet normal 0 0 -1
    outer loop
      vertex 5.35659 1.525 0
      vertex 4.72624 0.60668 0
      vertex 4.77822 0.691746 0
    endloop
  endfacet
  facet normal 0 0 -1
    outer loop
      vertex 30.275 1.525 0
      vertex 4.66604 0.527212 0
      vertex 4.72624 0.60668 0
    endloop
  endfacet
  facet normal 0 0 -1
    outer loop
      vertex 30.275 1.525 0
      vertex 4.59824 0.454133 0
      vertex 4.66604 0.527212 0
    endloop
  endfacet
  facet normal 0 0 -1
    outer loop
      vertex 31.8 0 0
      vertex 4.52349 0.388168 0
      vertex 4.59824 0.454133 0
    endloop
  endfacet
  facet normal 0 0 -1
    outer loop
      vertex 31.8 0 0
      vertex 4.44255 0.329973 0
      vertex 4.52349 0.388168 0
    endloop
  endfacet
  facet normal 0 0 -1
    outer loop
      vertex 31.8 0 0
      vertex 4.35621 0.280128 0
      vertex 4.44255 0.329973 0
    endloop
  endfacet
  facet normal 0 0 -1
    outer loop
      vertex 31.8 0 0
      vertex 4.26534 0.239126 0
      vertex 4.35621 0.280128 0
    endloop
  endfacet
  facet normal 0 0 -1
    outer loop
      vertex 31.8 0 0
      vertex 4.17084 0.207376 0
      vertex 4.26534 0.239126 0
    endloop
  endfacet
  facet normal 0 0 -1
    outer loop
      vertex 31.8 0 0
      vertex 4.07365 0.185192 0
      vertex 4.17084 0.207376 0
    endloop
  endfacet
  facet normal 0 0 -1
    outer loop
      vertex 31.8 0 0
      vertex 3.97473 0.172795 0
      vertex 4.07365 0.185192 0
    endloop
  endfacet
  facet normal 0 0 -1
    outer loop
      vertex 0 0 0
      vertex 3.97473 0.172795 0
      vertex 31.8 0 0
    endloop
  endfacet
  facet normal 0 0 -1
    outer loop
      vertex 2.44295 1.525 0
      vertex 2.90124 1.21985 0
      vertex 2.90124 1.12015 0
    endloop
  endfacet
  facet normal 0 0 -1
    outer loop
      vertex 2.90124 1.21985 0
      vertex 2.81336 2.20403 0
      vertex 2.88408 2.27359 0
    endloop
  endfacet
  facet normal 0 0 -1
    outer loop
      vertex 2.90124 1.21985 0
      vertex 2.7474 2.12995 0
      vertex 2.81336 2.20403 0
    endloop
  endfacet
  facet normal 0 0 -1
    outer loop
      vertex 2.44295 1.525 0
      vertex 2.90124 1.12015 0
      vertex 2.91117 1.02096 0
    endloop
  endfacet
  facet normal 0 0 -1
    outer loop
      vertex 2.90124 1.21985 0
      vertex 2.68647 2.05168 0
      vertex 2.7474 2.12995 0
    endloop
  endfacet
  facet normal 0 0 -1
    outer loop
      vertex 2.44295 1.525 0
      vertex 2.91117 1.02096 0
      vertex 2.93092 0.923243 0
    endloop
  endfacet
  facet normal 0 0 -1
    outer loop
      vertex 2.90124 1.21985 0
      vertex 2.63086 1.96955 0
      vertex 2.68647 2.05168 0
    endloop
  endfacet
  facet normal 0 0 -1
    outer loop
      vertex 2.90124 1.21985 0
      vertex 2.58079 1.88392 0
      vertex 2.63086 1.96955 0
    endloop
  endfacet
  facet normal 0 0 -1
    outer loop
      vertex 1.525 1.525 0
      vertex 2.93092 0.923243 0
      vertex 2.96031 0.827979 0
    endloop
  endfacet
  facet normal 0 0 -1
    outer loop
      vertex 2.90124 1.21985 0
      vertex 2.53649 1.79517 0
      vertex 2.58079 1.88392 0
    endloop
  endfacet
  facet normal 0 0 -1
    outer loop
      vertex 1.525 1.525 0
      vertex 2.96031 0.827979 0
      vertex 2.99903 0.736115 0
    endloop
  endfacet
  facet normal 0 0 -1
    outer loop
      vertex 2.90124 1.21985 0
      vertex 2.49815 1.70369 0
      vertex 2.53649 1.79517 0
    endloop
  endfacet
  facet normal 0 0 -1
    outer loop
      vertex 2.90124 1.21985 0
      vertex 2.46595 1.60987 0
      vertex 2.49815 1.70369 0
    endloop
  endfacet
  facet normal 0 0 -1
    outer loop
      vertex 1.525 1.525 0
      vertex 2.99903 0.736115 0
      vertex 3.04671 0.648564 0
    endloop
  endfacet
  facet normal 0 0 -1
    outer loop
      vertex 2.90124 1.21985 0
      vertex 2.44295 1.525 0
      vertex 2.46595 1.60987 0
    endloop
  endfacet
  facet normal 0 0 -1
    outer loop
      vertex 0 0 0
      vertex 3.04671 0.648564 0
      vertex 3.10287 0.566195 0
    endloop
  endfacet
  facet normal 0 0 -1
    outer loop
      vertex 2.93092 0.923243 0
      vertex 1.525 1.525 0
      vertex 2.44295 1.525 0
    endloop
  endfacet
  facet normal 0 0 -1
    outer loop
      vertex 0 0 0
      vertex 3.10287 0.566195 0
      vertex 3.16695 0.489827 0
    endloop
  endfacet
  facet normal 0 0 -1
    outer loop
      vertex 0 0 0
      vertex 3.16695 0.489827 0
      vertex 3.23831 0.420218 0
    endloop
  endfacet
  facet normal 0 0 -1
    outer loop
      vertex 0 0 0
      vertex 3.23831 0.420218 0
      vertex 3.31626 0.358062 0
    endloop
  endfacet
  facet normal 0 0 -1
    outer loop
      vertex 0.947478 2.92507 0
      vertex 1.525 2.44301 0
      vertex 1.525 1.525 0
    endloop
  endfacet
  facet normal 0 0 -1
    outer loop
      vertex 1.525 2.44301 0
      vertex 1.34365 2.91519 0
      vertex 1.44084 2.93738 0
    endloop
  endfacet
  facet normal 0 0 -1
    outer loop
      vertex 1.525 2.44301 0
      vertex 1.24473 2.9028 0
      vertex 1.34365 2.91519 0
    endloop
  endfacet
  facet normal 0 0 -1
    outer loop
      vertex 1.525 2.44301 0
      vertex 1.14507 2.90031 0
      vertex 1.24473 2.9028 0
    endloop
  endfacet
  facet normal 0 0 -1
    outer loop
      vertex 1.525 2.44301 0
      vertex 1.04566 2.90776 0
      vertex 1.14507 2.90031 0
    endloop
  endfacet
  facet normal 0 0 -1
    outer loop
      vertex 1.525 2.44301 0
      vertex 0.947478 2.92507 0
      vertex 1.04566 2.90776 0
    endloop
  endfacet
  facet normal 0 0 -1
    outer loop
      vertex 1.525 1.525 0
      vertex 0.851513 2.95207 0
      vertex 0.947478 2.92507 0
    endloop
  endfacet
  facet normal 0 0 -1
    outer loop
      vertex 1.525 1.525 0
      vertex 0.758713 2.98849 0
      vertex 0.851513 2.95207 0
    endloop
  endfacet
  facet normal 0 0 -1
    outer loop
      vertex 1.525 1.525 0
      vertex 0.669999 3.03397 0
      vertex 0.758713 2.98849 0
    endloop
  endfacet
  facet normal 0 0 -1
    outer loop
      vertex 0 0 0
      vertex 0.669999 3.03397 0
      vertex 1.525 1.525 0
    endloop
  endfacet
  facet normal -0 0 -1
    outer loop
      vertex 0.669999 3.03397 0
      vertex 0 0 0
      vertex 0.586256 3.08806 0
    endloop
  endfacet
  facet normal -0 0 -1
    outer loop
      vertex 0.586256 3.08806 0
      vertex 0 0 0
      vertex 0.508314 3.15022 0
    endloop
  endfacet
  facet normal -0 0 -1
    outer loop
      vertex 0.508314 3.15022 0
      vertex 0 0 0
      vertex 0.436948 3.21983 0
    endloop
  endfacet
  facet normal -0 0 -1
    outer loop
      vertex 0.436948 3.21983 0
      vertex 0 0 0
      vertex 0.372867 3.2962 0
    endloop
  endfacet
  facet normal 0 0 -1
    outer loop
      vertex 0 0 0
      vertex 0.171243 3.94985 0
      vertex 0.171243 3.85015 0
    endloop
  endfacet
  facet normal -0 0 -1
    outer loop
      vertex 0.171243 3.94985 0
      vertex 0 0 0
      vertex 0.171243 11.8502 0
    endloop
  endfacet
  facet normal -0 0 -1
    outer loop
      vertex 0.171243 11.8502 0
      vertex 0 0 0
      vertex 0.171243 11.9498 0
    endloop
  endfacet
  facet normal -0 0 -1
    outer loop
      vertex 0.171243 11.9498 0
      vertex 0 0 0
      vertex 0.171243 19.8502 0
    endloop
  endfacet
  facet normal -0 0 -1
    outer loop
      vertex 0.171243 19.8502 0
      vertex 0 0 0
      vertex 0.171243 19.9498 0
    endloop
  endfacet
  facet normal 0 0 -1
    outer loop
      vertex 0 31.8 0
      vertex 0.171243 19.9498 0
      vertex 0 0 0
    endloop
  endfacet
  facet normal 0 0 -1
    outer loop
      vertex 0.171243 19.9498 0
      vertex 0 31.8 0
      vertex 0.171243 27.8502 0
    endloop
  endfacet
  facet normal -0 0 -1
    outer loop
      vertex 0.181169 3.75096 0
      vertex 0 0 0
      vertex 0.171243 3.85015 0
    endloop
  endfacet
  facet normal -0 0 -1
    outer loop
      vertex 0.200922 3.65324 0
      vertex 0 0 0
      vertex 0.181169 3.75096 0
    endloop
  endfacet
  facet normal -0 0 -1
    outer loop
      vertex 0.230307 3.55798 0
      vertex 0 0 0
      vertex 0.200922 3.65324 0
    endloop
  endfacet
  facet normal -0 0 -1
    outer loop
      vertex 0.269031 3.46612 0
      vertex 0 0 0
      vertex 0.230307 3.55798 0
    endloop
  endfacet
  facet normal -0 0 -1
    outer loop
      vertex 0.316709 3.37856 0
      vertex 0 0 0
      vertex 0.269031 3.46612 0
    endloop
  endfacet
  facet normal -0 0 -1
    outer loop
      vertex 0.372867 3.2962 0
      vertex 0 0 0
      vertex 0.316709 3.37856 0
    endloop
  endfacet
  facet normal -0 0 -1
    outer loop
      vertex 3.04671 0.648564 0
      vertex 0 0 0
      vertex 1.525 1.525 0
    endloop
  endfacet
  facet normal -0 0 -1
    outer loop
      vertex 3.4 0.303974 0
      vertex 0 0 0
      vertex 3.31626 0.358062 0
    endloop
  endfacet
  facet normal -0 0 -1
    outer loop
      vertex 3.48871 0.258493 0
      vertex 0 0 0
      vertex 3.4 0.303974 0
    endloop
  endfacet
  facet normal -0 0 -1
    outer loop
      vertex 3.58151 0.222073 0
      vertex 0 0 0
      vertex 3.48871 0.258493 0
    endloop
  endfacet
  facet normal -0 0 -1
    outer loop
      vertex 3.67748 0.195071 0
      vertex 0 0 0
      vertex 3.58151 0.222073 0
    endloop
  endfacet
  facet normal -0 0 -1
    outer loop
      vertex 3.77566 0.17776 0
      vertex 0 0 0
      vertex 3.67748 0.195071 0
    endloop
  endfacet
  facet normal -0 0 -1
    outer loop
      vertex 3.87507 0.17031 0
      vertex 0 0 0
      vertex 3.77566 0.17776 0
    endloop
  endfacet
  facet normal 0 0 -1
    outer loop
      vertex 3.97473 0.172795 0
      vertex 0 0 0
      vertex 3.87507 0.17031 0
    endloop
  endfacet
  facet normal 0 0 -1
    outer loop
      vertex 30.275 30.275 0
      vertex 31.8 31.8 0
      vertex 30.275 1.525 0
    endloop
  endfacet
  facet normal 0 0 -1
    outer loop
      vertex 4.72624 31.1933 0
      vertex 30.275 30.275 0
      vertex 5.35659 30.275 0
    endloop
  endfacet
  facet normal 0 0 -1
    outer loop
      vertex 4.89503 30.5304 0
      vertex 5.34781 30.2378 0
      vertex 5.31873 30.143 0
    endloop
  endfacet
  facet normal 0 0 -1
    outer loop
      vertex 4.89503 30.5304 0
      vertex 5.31873 30.143 0
      vertex 5.28343 30.0503 0
    endloop
  endfacet
  facet normal 0 0 -1
    outer loop
      vertex 4.89503 30.5304 0
      vertex 5.28343 30.0503 0
      vertex 5.24209 29.9601 0
    endloop
  endfacet
  facet normal 0 0 -1
    outer loop
      vertex 4.89503 30.5304 0
      vertex 5.24209 29.9601 0
      vertex 5.19488 29.8729 0
    endloop
  endfacet
  facet normal 0 0 -1
    outer loop
      vertex 4.89503 30.5304 0
      vertex 5.19488 29.8729 0
      vertex 5.14201 29.7889 0
    endloop
  endfacet
  facet normal 0 0 -1
    outer loop
      vertex 4.89503 30.5304 0
      vertex 5.14201 29.7889 0
      vertex 5.08371 29.7087 0
    endloop
  endfacet
  facet normal 0 0 -1
    outer loop
      vertex 4.89503 30.5304 0
      vertex 5.08371 29.7087 0
      vertex 5.02023 29.6325 0
    endloop
  endfacet
  facet normal 0 0 -1
    outer loop
      vertex 4.59824 29.9141 0
      vertex 5.02023 29.6325 0
      vertex 4.95185 29.5606 0
    endloop
  endfacet
  facet normal 0 0 -1
    outer loop
      vertex 4.89503 30.5304 0
      vertex 5.35659 30.275 0
      vertex 5.34781 30.2378 0
    endloop
  endfacet
  facet normal 0 0 -1
    outer loop
      vertex 4.89503 30.7296 0
      vertex 5.35659 30.275 0
      vertex 4.9 30.63 0
    endloop
  endfacet
  facet normal 0 0 -1
    outer loop
      vertex 4.88017 30.8281 0
      vertex 5.35659 30.275 0
      vertex 4.89503 30.7296 0
    endloop
  endfacet
  facet normal 0 0 -1
    outer loop
      vertex 4.85557 30.9248 0
      vertex 5.35659 30.275 0
      vertex 4.88017 30.8281 0
    endloop
  endfacet
  facet normal 0 0 -1
    outer loop
      vertex 4.82148 31.0184 0
      vertex 5.35659 30.275 0
      vertex 4.85557 30.9248 0
    endloop
  endfacet
  facet normal 0 0 -1
    outer loop
      vertex 4.77822 31.1083 0
      vertex 5.35659 30.275 0
      vertex 4.82148 31.0184 0
    endloop
  endfacet
  facet normal 0 0 -1
    outer loop
      vertex 4.72624 31.1933 0
      vertex 5.35659 30.275 0
      vertex 4.77822 31.1083 0
    endloop
  endfacet
  facet normal 0 0 -1
    outer loop
      vertex 4.66604 31.2728 0
      vertex 30.275 30.275 0
      vertex 4.72624 31.1933 0
    endloop
  endfacet
  facet normal 0 0 -1
    outer loop
      vertex 4.59824 31.3459 0
      vertex 30.275 30.275 0
      vertex 4.66604 31.2728 0
    endloop
  endfacet
  facet normal 0 0 -1
    outer loop
      vertex 30.275 30.275 0
      vertex 4.59824 31.3459 0
      vertex 31.8 31.8 0
    endloop
  endfacet
  facet normal 0 0 -1
    outer loop
      vertex 4.52349 31.4118 0
      vertex 31.8 31.8 0
      vertex 4.59824 31.3459 0
    endloop
  endfacet
  facet normal 0 0 -1
    outer loop
      vertex 4.44255 31.47 0
      vertex 31.8 31.8 0
      vertex 4.52349 31.4118 0
    endloop
  endfacet
  facet normal 0 0 -1
    outer loop
      vertex 4.35621 31.5199 0
      vertex 31.8 31.8 0
      vertex 4.44255 31.47 0
    endloop
  endfacet
  facet normal 0 0 -1
    outer loop
      vertex 4.26534 31.5609 0
      vertex 31.8 31.8 0
      vertex 4.35621 31.5199 0
    endloop
  endfacet
  facet normal 0 0 -1
    outer loop
      vertex 4.17084 31.5926 0
      vertex 31.8 31.8 0
      vertex 4.26534 31.5609 0
    endloop
  endfacet
  facet normal 0 0 -1
    outer loop
      vertex 4.07365 31.6148 0
      vertex 31.8 31.8 0
      vertex 4.17084 31.5926 0
    endloop
  endfacet
  facet normal 0 0 -1
    outer loop
      vertex 3.97473 31.6272 0
      vertex 31.8 31.8 0
      vertex 4.07365 31.6148 0
    endloop
  endfacet
  facet normal 0 0 -1
    outer loop
      vertex 0 31.8 0
      vertex 3.97473 31.6272 0
      vertex 3.87507 31.6297 0
    endloop
  endfacet
  facet normal 0 0 -1
    outer loop
      vertex 2.53649 30.0048 0
      vertex 2.99903 30.1961 0
      vertex 2.58079 29.9161 0
    endloop
  endfacet
  facet normal -0 0 -1
    outer loop
      vertex 2.99903 30.1961 0
      vertex 2.53649 30.0048 0
      vertex 2.96031 30.288 0
    endloop
  endfacet
  facet normal 0 0 -1
    outer loop
      vertex 2.49815 30.0963 0
      vertex 2.96031 30.288 0
      vertex 2.53649 30.0048 0
    endloop
  endfacet
  facet normal 0 0 -1
    outer loop
      vertex 2.46595 30.1901 0
      vertex 2.96031 30.288 0
      vertex 2.49815 30.0963 0
    endloop
  endfacet
  facet normal -0 0 -1
    outer loop
      vertex 2.96031 30.288 0
      vertex 2.46595 30.1901 0
      vertex 2.93092 30.3832 0
    endloop
  endfacet
  facet normal 0 0 -1
    outer loop
      vertex 2.44295 30.275 0
      vertex 2.93092 30.3832 0
      vertex 2.46595 30.1901 0
    endloop
  endfacet
  facet normal -0 0 -1
    outer loop
      vertex 2.93092 30.3832 0
      vertex 2.44295 30.275 0
      vertex 2.91117 30.481 0
    endloop
  endfacet
  facet normal -0 0 -1
    outer loop
      vertex 2.91117 30.481 0
      vertex 2.44295 30.275 0
      vertex 2.90124 30.5802 0
    endloop
  endfacet
  facet normal -0 0 -1
    outer loop
      vertex 2.90124 30.5802 0
      vertex 2.44295 30.275 0
      vertex 2.90124 30.6798 0
    endloop
  endfacet
  facet normal -0 0 -1
    outer loop
      vertex 2.90124 30.6798 0
      vertex 2.44295 30.275 0
      vertex 2.91117 30.779 0
    endloop
  endfacet
  facet normal -0 0 -1
    outer loop
      vertex 2.91117 30.779 0
      vertex 2.44295 30.275 0
      vertex 2.93092 30.8768 0
    endloop
  endfacet
  facet normal 0 0 -1
    outer loop
      vertex 1.525 30.275 0
      vertex 2.93092 30.8768 0
      vertex 2.44295 30.275 0
    endloop
  endfacet
  facet normal -0 0 -1
    outer loop
      vertex 2.93092 30.8768 0
      vertex 1.525 30.275 0
      vertex 2.96031 30.972 0
    endloop
  endfacet
  facet normal -0 0 -1
    outer loop
      vertex 2.96031 30.972 0
      vertex 1.525 30.275 0
      vertex 2.99903 31.0639 0
    endloop
  endfacet
  facet normal -0 0 -1
    outer loop
      vertex 2.99903 31.0639 0
      vertex 1.525 30.275 0
      vertex 3.04671 31.1514 0
    endloop
  endfacet
  facet normal 0 0 -1
    outer loop
      vertex 0 31.8 0
      vertex 3.04671 31.1514 0
      vertex 1.525 30.275 0
    endloop
  endfacet
  facet normal 0 0 -1
    outer loop
      vertex 3.04671 31.1514 0
      vertex 0 31.8 0
      vertex 3.10287 31.2338 0
    endloop
  endfacet
  facet normal 0 0 -1
    outer loop
      vertex 3.10287 31.2338 0
      vertex 0 31.8 0
      vertex 3.16695 31.3102 0
    endloop
  endfacet
  facet normal 0 0 -1
    outer loop
      vertex 3.16695 31.3102 0
      vertex 0 31.8 0
      vertex 3.23831 31.3798 0
    endloop
  endfacet
  facet normal 0 0 -1
    outer loop
      vertex 1.24473 28.8972 0
      vertex 1.525 29.357 0
      vertex 1.34365 28.8848 0
    endloop
  endfacet
  facet normal 0 0 -1
    outer loop
      vertex 1.14507 28.8997 0
      vertex 1.525 29.357 0
      vertex 1.24473 28.8972 0
    endloop
  endfacet
  facet normal 0 0 -1
    outer loop
      vertex 1.04566 28.8922 0
      vertex 1.525 29.357 0
      vertex 1.14507 28.8997 0
    endloop
  endfacet
  facet normal 0 0 -1
    outer loop
      vertex 0.947478 28.8749 0
      vertex 1.525 29.357 0
      vertex 1.04566 28.8922 0
    endloop
  endfacet
  facet normal -0 0 -1
    outer loop
      vertex 1.525 29.357 0
      vertex 0.947478 28.8749 0
      vertex 1.525 30.275 0
    endloop
  endfacet
  facet normal 0 0 -1
    outer loop
      vertex 0.851513 28.8479 0
      vertex 1.525 30.275 0
      vertex 0.947478 28.8749 0
    endloop
  endfacet
  facet normal 0 0 -1
    outer loop
      vertex 0.758713 28.8115 0
      vertex 1.525 30.275 0
      vertex 0.851513 28.8479 0
    endloop
  endfacet
  facet normal 0 0 -1
    outer loop
      vertex 0.669999 28.766 0
      vertex 1.525 30.275 0
      vertex 0.758713 28.8115 0
    endloop
  endfacet
  facet normal 0 0 -1
    outer loop
      vertex 0 31.8 0
      vertex 0.669999 28.766 0
      vertex 0.586256 28.7119 0
    endloop
  endfacet
  facet normal 0 0 -1
    outer loop
      vertex 0 31.8 0
      vertex 0.586256 28.7119 0
      vertex 0.508314 28.6498 0
    endloop
  endfacet
  facet normal 0 0 -1
    outer loop
      vertex 0 31.8 0
      vertex 0.508314 28.6498 0
      vertex 0.436948 28.5802 0
    endloop
  endfacet
  facet normal 0 0 -1
    outer loop
      vertex 0 31.8 0
      vertex 0.436948 28.5802 0
      vertex 0.372867 28.5038 0
    endloop
  endfacet
  facet normal 0 0 -1
    outer loop
      vertex 0 31.8 0
      vertex 0.372867 28.5038 0
      vertex 0.316709 28.4214 0
    endloop
  endfacet
  facet normal 0 0 -1
    outer loop
      vertex 3.97473 31.6272 0
      vertex 0 31.8 0
      vertex 31.8 31.8 0
    endloop
  endfacet
  facet normal 0 0 -1
    outer loop
      vertex 3.77566 31.6222 0
      vertex 0 31.8 0
      vertex 3.87507 31.6297 0
    endloop
  endfacet
  facet normal 0 0 -1
    outer loop
      vertex 3.67748 31.6049 0
      vertex 0 31.8 0
      vertex 3.77566 31.6222 0
    endloop
  endfacet
  facet normal 0 0 -1
    outer loop
      vertex 3.58151 31.5779 0
      vertex 0 31.8 0
      vertex 3.67748 31.6049 0
    endloop
  endfacet
  facet normal 0 0 -1
    outer loop
      vertex 3.48871 31.5415 0
      vertex 0 31.8 0
      vertex 3.58151 31.5779 0
    endloop
  endfacet
  facet normal 0 0 -1
    outer loop
      vertex 3.4 31.496 0
      vertex 0 31.8 0
      vertex 3.48871 31.5415 0
    endloop
  endfacet
  facet normal 0 0 -1
    outer loop
      vertex 3.31626 31.4419 0
      vertex 0 31.8 0
      vertex 3.4 31.496 0
    endloop
  endfacet
  facet normal 0 0 -1
    outer loop
      vertex 3.23831 31.3798 0
      vertex 0 31.8 0
      vertex 3.31626 31.4419 0
    endloop
  endfacet
  facet normal 0 0 -1
    outer loop
      vertex 0.669999 28.766 0
      vertex 0 31.8 0
      vertex 1.525 30.275 0
    endloop
  endfacet
  facet normal 0 0 -1
    outer loop
      vertex 0.269031 28.3339 0
      vertex 0 31.8 0
      vertex 0.316709 28.4214 0
    endloop
  endfacet
  facet normal 0 0 -1
    outer loop
      vertex 0.230307 28.242 0
      vertex 0 31.8 0
      vertex 0.269031 28.3339 0
    endloop
  endfacet
  facet normal 0 0 -1
    outer loop
      vertex 0.200922 28.1468 0
      vertex 0 31.8 0
      vertex 0.230307 28.242 0
    endloop
  endfacet
  facet normal 0 0 -1
    outer loop
      vertex 0.181169 28.049 0
      vertex 0 31.8 0
      vertex 0.200922 28.1468 0
    endloop
  endfacet
  facet normal 0 0 -1
    outer loop
      vertex 0.171243 27.9498 0
      vertex 0 31.8 0
      vertex 0.181169 28.049 0
    endloop
  endfacet
  facet normal 0 0 -1
    outer loop
      vertex 0.171243 27.8502 0
      vertex 0 31.8 0
      vertex 0.171243 27.9498 0
    endloop
  endfacet
  facet normal 0 0 -1
    outer loop
      vertex 4.88017 1.36815 0
      vertex 5.35659 1.525 0
      vertex 4.89503 1.26957 0
    endloop
  endfacet
  facet normal 0 0 -1
    outer loop
      vertex 4.85557 1.46476 0
      vertex 5.35659 1.525 0
      vertex 4.88017 1.36815 0
    endloop
  endfacet
  facet normal -0 0 -1
    outer loop
      vertex 5.31873 1.65705 0
      vertex 4.82148 1.55843 0
      vertex 5.28343 1.74975 0
    endloop
  endfacet
  facet normal 0 0 -1
    outer loop
      vertex 4.72624 1.73332 0
      vertex 5.19488 1.92715 0
      vertex 4.77822 1.64825 0
    endloop
  endfacet
  facet normal 0 0 -1
    outer loop
      vertex 4.66604 1.81279 0
      vertex 5.08371 2.09132 0
      vertex 4.72624 1.73332 0
    endloop
  endfacet
  facet normal -0 0 -1
    outer loop
      vertex 5.08371 2.09132 0
      vertex 4.66604 1.81279 0
      vertex 5.02023 2.16754 0
    endloop
  endfacet
  facet normal 0 0 -1
    outer loop
      vertex 4.59824 1.88587 0
      vertex 5.02023 2.16754 0
      vertex 4.66604 1.81279 0
    endloop
  endfacet
  facet normal -0 0 -1
    outer loop
      vertex 5.02023 2.16754 0
      vertex 4.59824 1.88587 0
      vertex 4.95185 2.23939 0
    endloop
  endfacet
  facet normal -0 0 -1
    outer loop
      vertex 4.95185 2.23939 0
      vertex 4.59824 1.88587 0
      vertex 4.87888 2.30657 0
    endloop
  endfacet
  facet normal 0 0 -1
    outer loop
      vertex 4.52349 1.95183 0
      vertex 4.87888 2.30657 0
      vertex 4.59824 1.88587 0
    endloop
  endfacet
  facet normal -0 0 -1
    outer loop
      vertex 4.87888 2.30657 0
      vertex 4.52349 1.95183 0
      vertex 4.80162 2.36878 0
    endloop
  endfacet
  facet normal 0 0 -1
    outer loop
      vertex 4.44255 2.01003 0
      vertex 4.80162 2.36878 0
      vertex 4.52349 1.95183 0
    endloop
  endfacet
  facet normal -0 0 -1
    outer loop
      vertex 4.80162 2.36878 0
      vertex 4.44255 2.01003 0
      vertex 4.72042 2.42575 0
    endloop
  endfacet
  facet normal -0 0 -1
    outer loop
      vertex 4.72042 2.42575 0
      vertex 4.44255 2.01003 0
      vertex 4.63563 2.47723 0
    endloop
  endfacet
  facet normal 0 0 -1
    outer loop
      vertex 4.35621 2.05987 0
      vertex 4.63563 2.47723 0
      vertex 4.44255 2.01003 0
    endloop
  endfacet
  facet normal -0 0 -1
    outer loop
      vertex 4.63563 2.47723 0
      vertex 4.35621 2.05987 0
      vertex 4.54763 2.52299 0
    endloop
  endfacet
  facet normal 0 0 -1
    outer loop
      vertex 4.26534 2.10087 0
      vertex 4.54763 2.52299 0
      vertex 4.35621 2.05987 0
    endloop
  endfacet
  facet normal -0 0 -1
    outer loop
      vertex 4.54763 2.52299 0
      vertex 4.26534 2.10087 0
      vertex 4.4568 2.56283 0
    endloop
  endfacet
  facet normal -0 0 -1
    outer loop
      vertex 4.4568 2.56283 0
      vertex 4.26534 2.10087 0
      vertex 4.36353 2.59658 0
    endloop
  endfacet
  facet normal 0 0 -1
    outer loop
      vertex 4.17084 2.13262 0
      vertex 4.36353 2.59658 0
      vertex 4.26534 2.10087 0
    endloop
  endfacet
  facet normal -0 0 -1
    outer loop
      vertex 4.36353 2.59658 0
      vertex 4.17084 2.13262 0
      vertex 4.26823 2.6241 0
    endloop
  endfacet
  facet normal 0 0 -1
    outer loop
      vertex 4.07365 2.15481 0
      vertex 4.26823 2.6241 0
      vertex 4.17084 2.13262 0
    endloop
  endfacet
  facet normal -0 0 -1
    outer loop
      vertex 4.26823 2.6241 0
      vertex 4.07365 2.15481 0
      vertex 4.17132 2.64526 0
    endloop
  endfacet
  facet normal 0 0 -1
    outer loop
      vertex 4.07365 2.15481 0
      vertex 4.07323 2.65996 0
      vertex 4.17132 2.64526 0
    endloop
  endfacet
  facet normal 0 0 -1
    outer loop
      vertex 3.97473 2.1672 0
      vertex 4.07323 2.65996 0
      vertex 4.07365 2.15481 0
    endloop
  endfacet
  facet normal 0 0 -1
    outer loop
      vertex 3.97473 2.1672 0
      vertex 3.97437 2.66815 0
      vertex 4.07323 2.65996 0
    endloop
  endfacet
  facet normal 0 0 -1
    outer loop
      vertex 3.87507 2.16969 0
      vertex 3.97437 2.66815 0
      vertex 3.97473 2.1672 0
    endloop
  endfacet
  facet normal -0 0 -1
    outer loop
      vertex 3.97437 2.66815 0
      vertex 3.87507 2.16969 0
      vertex 3.8752 2.66979 0
    endloop
  endfacet
  facet normal 0 0 -1
    outer loop
      vertex 3.87507 2.16969 0
      vertex 3.77613 2.66488 0
      vertex 3.8752 2.66979 0
    endloop
  endfacet
  facet normal 0 0 -1
    outer loop
      vertex 3.77566 2.16224 0
      vertex 3.77613 2.66488 0
      vertex 3.87507 2.16969 0
    endloop
  endfacet
  facet normal 0 0 -1
    outer loop
      vertex 3.77566 2.16224 0
      vertex 3.6776 2.65342 0
      vertex 3.77613 2.66488 0
    endloop
  endfacet
  facet normal 0 0 -1
    outer loop
      vertex 3.67748 2.14493 0
      vertex 3.6776 2.65342 0
      vertex 3.77566 2.16224 0
    endloop
  endfacet
  facet normal 0 0 -1
    outer loop
      vertex 3.4839 2.61113 0
      vertex 3.67748 2.14493 0
      vertex 3.58151 2.11793 0
    endloop
  endfacet
  facet normal 0 0 -1
    outer loop
      vertex 3.67748 2.14493 0
      vertex 3.58005 2.63548 0
      vertex 3.6776 2.65342 0
    endloop
  endfacet
  facet normal 0 0 -1
    outer loop
      vertex 3.38956 2.58048 0
      vertex 3.58151 2.11793 0
      vertex 3.48871 2.08151 0
    endloop
  endfacet
  facet normal 0 0 -1
    outer loop
      vertex 3.67748 2.14493 0
      vertex 3.4839 2.61113 0
      vertex 3.58005 2.63548 0
    endloop
  endfacet
  facet normal 0 0 -1
    outer loop
      vertex 3.20799 2.50083 0
      vertex 3.48871 2.08151 0
      vertex 3.4 2.03603 0
    endloop
  endfacet
  facet normal 0 0 -1
    outer loop
      vertex 3.58151 2.11793 0
      vertex 3.38956 2.58048 0
      vertex 3.4839 2.61113 0
    endloop
  endfacet
  facet normal 0 0 -1
    outer loop
      vertex 3.12154 2.45219 0
      vertex 3.4 2.03603 0
      vertex 3.31626 1.98194 0
    endloop
  endfacet
  facet normal 0 0 -1
    outer loop
      vertex 3.48871 2.08151 0
      vertex 3.29746 2.54366 0
      vertex 3.38956 2.58048 0
    endloop
  endfacet
  facet normal 0 0 -1
    outer loop
      vertex 2.95924 2.33832 0
      vertex 3.31626 1.98194 0
      vertex 3.23831 1.91978 0
    endloop
  endfacet
  facet normal 0 0 -1
    outer loop
      vertex 3.48871 2.08151 0
      vertex 3.20799 2.50083 0
      vertex 3.29746 2.54366 0
    endloop
  endfacet
  facet normal 0 0 -1
    outer loop
      vertex 2.88408 2.27359 0
      vertex 3.23831 1.91978 0
      vertex 3.16695 1.85017 0
    endloop
  endfacet
  facet normal 0 0 -1
    outer loop
      vertex 3.4 2.03603 0
      vertex 3.12154 2.45219 0
      vertex 3.20799 2.50083 0
    endloop
  endfacet
  facet normal 0 0 -1
    outer loop
      vertex 2.88408 2.27359 0
      vertex 3.16695 1.85017 0
      vertex 3.10287 1.7738 0
    endloop
  endfacet
  facet normal 0 0 -1
    outer loop
      vertex 2.88408 2.27359 0
      vertex 3.10287 1.7738 0
      vertex 3.04671 1.69143 0
    endloop
  endfacet
  facet normal 0 0 -1
    outer loop
      vertex 3.31626 1.98194 0
      vertex 3.03851 2.39794 0
      vertex 3.12154 2.45219 0
    endloop
  endfacet
  facet normal 0 0 -1
    outer loop
      vertex 2.88408 2.27359 0
      vertex 3.04671 1.69143 0
      vertex 2.99903 1.60388 0
    endloop
  endfacet
  facet normal 0 0 -1
    outer loop
      vertex 2.88408 2.27359 0
      vertex 2.99903 1.60388 0
      vertex 2.96031 1.51202 0
    endloop
  endfacet
  facet normal 0 0 -1
    outer loop
      vertex 3.31626 1.98194 0
      vertex 2.95924 2.33832 0
      vertex 3.03851 2.39794 0
    endloop
  endfacet
  facet normal 0 0 -1
    outer loop
      vertex 2.88408 2.27359 0
      vertex 2.96031 1.51202 0
      vertex 2.93092 1.41676 0
    endloop
  endfacet
  facet normal 0 0 -1
    outer loop
      vertex 2.88408 2.27359 0
      vertex 2.93092 1.41676 0
      vertex 2.91117 1.31904 0
    endloop
  endfacet
  facet normal 0 0 -1
    outer loop
      vertex 2.88408 2.27359 0
      vertex 2.91117 1.31904 0
      vertex 2.90124 1.21985 0
    endloop
  endfacet
  facet normal 0 0 -1
    outer loop
      vertex 3.23831 1.91978 0
      vertex 2.88408 2.27359 0
      vertex 2.95924 2.33832 0
    endloop
  endfacet
  facet normal 0 -1 0
    outer loop
      vertex 0 0 0
      vertex 31.8 0 6.6
      vertex 0 0 6.6
    endloop
  endfacet
  facet normal 0 -1 -0
    outer loop
      vertex 31.8 0 6.6
      vertex 0 0 0
      vertex 31.8 0 0
    endloop
  endfacet
  facet normal 0 1 -0
    outer loop
      vertex 31.8 31.8 0
      vertex 0 31.8 6.6
      vertex 31.8 31.8 6.6
    endloop
  endfacet
  facet normal 0 1 0
    outer loop
      vertex 0 31.8 6.6
      vertex 31.8 31.8 0
      vertex 0 31.8 0
    endloop
  endfacet
  facet normal 1 -0 0
    outer loop
      vertex 1.525 28.5044 2.98221
      vertex 1.525 30.275 0
      vertex 1.525 30.275 6.6
    endloop
  endfacet
  facet normal 1 0 0
    outer loop
      vertex 1.525 30.275 0
      vertex 1.525 28.5044 2.98221
      vertex 1.525 29.357 0.799999
    endloop
  endfacet
  facet normal 1 0 0
    outer loop
      vertex 1.525 29.357 0.799999
      vertex 1.525 28.5925 2.2185
      vertex 1.525 28.7479 0.799999
    endloop
  endfacet
  facet normal 1 0 0
    outer loop
      vertex 1.525 29.357 0.799999
      vertex 1.525 28.5044 2.98221
      vertex 1.525 28.5925 2.2185
    endloop
  endfacet
  facet normal 1 0 0
    outer loop
      vertex 1.525 30.275 6.6
      vertex 1.525 28.4496 3.45678
      vertex 1.525 28.5044 2.98221
    endloop
  endfacet
  facet normal 1 0 0
    outer loop
      vertex 1.525 30.275 6.6
      vertex 1.525 28.3751 4.06294
      vertex 1.525 28.4496 3.45678
    endloop
  endfacet
  facet normal 1 0 0
    outer loop
      vertex 1.525 30.275 6.6
      vertex 1.525 28.3452 4.30625
      vertex 1.525 28.3751 4.06294
    endloop
  endfacet
  facet normal 1 0 0
    outer loop
      vertex 1.525 30.275 6.6
      vertex 1.525 28.3273 4.44042
      vertex 1.525 28.3452 4.30625
    endloop
  endfacet
  facet normal 1 0 0
    outer loop
      vertex 1.525 30.275 6.6
      vertex 1.525 28.264 4.91577
      vertex 1.525 28.3273 4.44042
    endloop
  endfacet
  facet normal 1 0 0
    outer loop
      vertex 1.525 30.275 6.6
      vertex 1.525 28.262 4.92947
      vertex 1.525 28.264 4.91577
    endloop
  endfacet
  facet normal 1 0 0
    outer loop
      vertex 1.525 30.275 6.6
      vertex 1.525 28.2516 5
      vertex 1.525 28.262 4.92947
    endloop
  endfacet
  facet normal 1 0 0
    outer loop
      vertex 1.525 30.275 6.6
      vertex 1.525 27.5484 5
      vertex 1.525 28.2516 5
    endloop
  endfacet
  facet normal 1 -0 0
    outer loop
      vertex 1.525 20.5044 2.98221
      vertex 1.525 27.2673 2.73635
      vertex 1.525 27.3504 3.45678
    endloop
  endfacet
  facet normal 1 0 0
    outer loop
      vertex 1.525 27.2075 2.2185
      vertex 1.525 26.443 0.799999
      vertex 1.525 27.0521 0.799999
    endloop
  endfacet
  facet normal 1 0 -0
    outer loop
      vertex 1.525 26.443 0.799999
      vertex 1.525 27.2673 2.73635
      vertex 1.525 20.5044 2.98221
    endloop
  endfacet
  facet normal 1 0 0
    outer loop
      vertex 1.525 20.4496 3.45678
      vertex 1.525 27.3504 3.45678
      vertex 1.525 27.394 3.81143
    endloop
  endfacet
  facet normal 1 -0 0
    outer loop
      vertex 1.525 20.3751 4.06294
      vertex 1.525 27.394 3.81143
      vertex 1.525 27.4548 4.30625
    endloop
  endfacet
  facet normal 1 0 0
    outer loop
      vertex 1.525 20.3452 4.30625
      vertex 1.525 27.4548 4.30625
      vertex 1.525 27.4727 4.44042
    endloop
  endfacet
  facet normal 1 0 0
    outer loop
      vertex 1.525 20.3273 4.44042
      vertex 1.525 27.4727 4.44042
      vertex 1.525 27.536 4.91577
    endloop
  endfacet
  facet normal 1 0 0
    outer loop
      vertex 1.525 20.264 4.91577
      vertex 1.525 27.536 4.91577
      vertex 1.525 27.538 4.92947
    endloop
  endfacet
  facet normal 1 0 0
    outer loop
      vertex 1.525 20.262 4.92947
      vertex 1.525 27.538 4.92947
      vertex 1.525 27.5484 5
    endloop
  endfacet
  facet normal 1 0 0
    outer loop
      vertex 1.525 26.443 0.799999
      vertex 1.525 21.357 0.799999
      vertex 1.525 26.443 0
    endloop
  endfacet
  facet normal 1 0 0
    outer loop
      vertex 1.525 27.2673 2.73635
      vertex 1.525 26.443 0.799999
      vertex 1.525 27.2075 2.2185
    endloop
  endfacet
  facet normal 1 0 0
    outer loop
      vertex 1.525 26.443 0.799999
      vertex 1.525 20.5044 2.98221
      vertex 1.525 21.357 0.799999
    endloop
  endfacet
  facet normal 1 0 0
    outer loop
      vertex 1.525 21.357 0.799999
      vertex 1.525 20.5925 2.2185
      vertex 1.525 20.7479 0.799999
    endloop
  endfacet
  facet normal 1 0 0
    outer loop
      vertex 1.525 20.2516 5
      vertex 1.525 27.5484 5
      vertex 1.525 30.275 6.6
    endloop
  endfacet
  facet normal 1 0 0
    outer loop
      vertex 1.525 21.357 0.799999
      vertex 1.525 20.5044 2.98221
      vertex 1.525 20.5925 2.2185
    endloop
  endfacet
  facet normal 1 0 0
    outer loop
      vertex 1.525 27.3504 3.45678
      vertex 1.525 20.4496 3.45678
      vertex 1.525 20.5044 2.98221
    endloop
  endfacet
  facet normal 1 0 0
    outer loop
      vertex 1.525 27.394 3.81143
      vertex 1.525 20.3751 4.06294
      vertex 1.525 20.4496 3.45678
    endloop
  endfacet
  facet normal 1 0 0
    outer loop
      vertex 1.525 27.4548 4.30625
      vertex 1.525 20.3452 4.30625
      vertex 1.525 20.3751 4.06294
    endloop
  endfacet
  facet normal 1 0 0
    outer loop
      vertex 1.525 27.4727 4.44042
      vertex 1.525 20.3273 4.44042
      vertex 1.525 20.3452 4.30625
    endloop
  endfacet
  facet normal 1 0 0
    outer loop
      vertex 1.525 27.536 4.91577
      vertex 1.525 20.264 4.91577
      vertex 1.525 20.3273 4.44042
    endloop
  endfacet
  facet normal 1 0 0
    outer loop
      vertex 1.525 27.538 4.92947
      vertex 1.525 20.262 4.92947
      vertex 1.525 20.264 4.91577
    endloop
  endfacet
  facet normal 1 0 0
    outer loop
      vertex 1.525 27.5484 5
      vertex 1.525 20.2516 5
      vertex 1.525 20.262 4.92947
    endloop
  endfacet
  facet normal 1 0 0
    outer loop
      vertex 1.525 30.275 6.6
      vertex 1.525 19.5484 5
      vertex 1.525 20.2516 5
    endloop
  endfacet
  facet normal 1 -0 0
    outer loop
      vertex 1.525 12.5044 2.98221
      vertex 1.525 19.2673 2.73635
      vertex 1.525 19.3504 3.45678
    endloop
  endfacet
  facet normal 1 0 0
    outer loop
      vertex 1.525 19.2075 2.2185
      vertex 1.525 18.443 0.799999
      vertex 1.525 19.0521 0.799999
    endloop
  endfacet
  facet normal 1 0 -0
    outer loop
      vertex 1.525 18.443 0.799999
      vertex 1.525 19.2673 2.73635
      vertex 1.525 12.5044 2.98221
    endloop
  endfacet
  facet normal 1 0 0
    outer loop
      vertex 1.525 12.4496 3.45678
      vertex 1.525 19.3504 3.45678
      vertex 1.525 19.394 3.81143
    endloop
  endfacet
  facet normal 1 -0 0
    outer loop
      vertex 1.525 12.3751 4.06294
      vertex 1.525 19.394 3.81143
      vertex 1.525 19.4548 4.30625
    endloop
  endfacet
  facet normal 1 0 0
    outer loop
      vertex 1.525 12.3452 4.30625
      vertex 1.525 19.4548 4.30625
      vertex 1.525 19.4727 4.44042
    endloop
  endfacet
  facet normal 1 0 0
    outer loop
      vertex 1.525 12.3273 4.44042
      vertex 1.525 19.4727 4.44042
      vertex 1.525 19.536 4.91577
    endloop
  endfacet
  facet normal 1 0 0
    outer loop
      vertex 1.525 12.264 4.91577
      vertex 1.525 19.536 4.91577
      vertex 1.525 19.538 4.92947
    endloop
  endfacet
  facet normal 1 0 0
    outer loop
      vertex 1.525 12.262 4.92947
      vertex 1.525 19.538 4.92947
      vertex 1.525 19.5484 5
    endloop
  endfacet
  facet normal 1 0 0
    outer loop
      vertex 1.525 18.443 0.799999
      vertex 1.525 13.357 0.799999
      vertex 1.525 18.443 0
    endloop
  endfacet
  facet normal 1 0 0
    outer loop
      vertex 1.525 19.2673 2.73635
      vertex 1.525 18.443 0.799999
      vertex 1.525 19.2075 2.2185
    endloop
  endfacet
  facet normal 1 0 0
    outer loop
      vertex 1.525 18.443 0.799999
      vertex 1.525 12.5044 2.98221
      vertex 1.525 13.357 0.799999
    endloop
  endfacet
  facet normal 1 0 0
    outer loop
      vertex 1.525 13.357 0.799999
      vertex 1.525 12.5925 2.2185
      vertex 1.525 12.7479 0.799999
    endloop
  endfacet
  facet normal 1 0 0
    outer loop
      vertex 1.525 13.357 0.799999
      vertex 1.525 12.5044 2.98221
      vertex 1.525 12.5925 2.2185
    endloop
  endfacet
  facet normal 1 0 0
    outer loop
      vertex 1.525 19.3504 3.45678
      vertex 1.525 12.4496 3.45678
      vertex 1.525 12.5044 2.98221
    endloop
  endfacet
  facet normal 1 0 0
    outer loop
      vertex 1.525 19.394 3.81143
      vertex 1.525 12.3751 4.06294
      vertex 1.525 12.4496 3.45678
    endloop
  endfacet
  facet normal 1 0 0
    outer loop
      vertex 1.525 12.2516 5
      vertex 1.525 19.5484 5
      vertex 1.525 30.275 6.6
    endloop
  endfacet
  facet normal 1 0 0
    outer loop
      vertex 1.525 19.4548 4.30625
      vertex 1.525 12.3452 4.30625
      vertex 1.525 12.3751 4.06294
    endloop
  endfacet
  facet normal 1 0 0
    outer loop
      vertex 1.525 19.4727 4.44042
      vertex 1.525 12.3273 4.44042
      vertex 1.525 12.3452 4.30625
    endloop
  endfacet
  facet normal 1 0 0
    outer loop
      vertex 1.525 19.536 4.91577
      vertex 1.525 12.264 4.91577
      vertex 1.525 12.3273 4.44042
    endloop
  endfacet
  facet normal 1 0 0
    outer loop
      vertex 1.525 19.538 4.92947
      vertex 1.525 12.262 4.92947
      vertex 1.525 12.264 4.91577
    endloop
  endfacet
  facet normal 1 0 0
    outer loop
      vertex 1.525 19.5484 5
      vertex 1.525 12.2516 5
      vertex 1.525 12.262 4.92947
    endloop
  endfacet
  facet normal 1 -0 0
    outer loop
      vertex 1.525 1.525 6.6
      vertex 1.525 12.2516 5
      vertex 1.525 30.275 6.6
    endloop
  endfacet
  facet normal 1 0 0
    outer loop
      vertex 1.525 4.26195 4.92947
      vertex 1.525 11.538 4.92947
      vertex 1.525 11.5484 5
    endloop
  endfacet
  facet normal 1 0 0
    outer loop
      vertex 1.525 4.32728 4.44042
      vertex 1.525 11.4727 4.44042
      vertex 1.525 11.536 4.91577
    endloop
  endfacet
  facet normal 1 -0 0
    outer loop
      vertex 1.525 4.37508 4.06294
      vertex 1.525 11.394 3.81143
      vertex 1.525 11.4548 4.30625
    endloop
  endfacet
  facet normal 1 -0 0
    outer loop
      vertex 1.525 4.50438 2.98221
      vertex 1.525 11.2673 2.73635
      vertex 1.525 11.3504 3.45678
    endloop
  endfacet
  facet normal 1 0 0
    outer loop
      vertex 1.525 11.2075 2.2185
      vertex 1.525 10.443 0.799999
      vertex 1.525 11.0521 0.799999
    endloop
  endfacet
  facet normal 1 0 -0
    outer loop
      vertex 1.525 10.443 0.799999
      vertex 1.525 11.2673 2.73635
      vertex 1.525 4.50438 2.98221
    endloop
  endfacet
  facet normal 1 0 -0
    outer loop
      vertex 1.525 4.44965 3.45678
      vertex 1.525 11.394 3.81143
      vertex 1.525 4.37508 4.06294
    endloop
  endfacet
  facet normal 1 0 0
    outer loop
      vertex 1.525 11.4727 4.44042
      vertex 1.525 4.32728 4.44042
      vertex 1.525 11.4548 4.30625
    endloop
  endfacet
  facet normal 1 0 0
    outer loop
      vertex 1.525 11.538 4.92947
      vertex 1.525 4.26396 4.91577
      vertex 1.525 11.536 4.91577
    endloop
  endfacet
  facet normal 1 0 0
    outer loop
      vertex 1.525 10.443 0.799999
      vertex 1.525 5.35699 0.799999
      vertex 1.525 10.443 0
    endloop
  endfacet
  facet normal 1 0 0
    outer loop
      vertex 1.525 11.2673 2.73635
      vertex 1.525 10.443 0.799999
      vertex 1.525 11.2075 2.2185
    endloop
  endfacet
  facet normal 1 0 0
    outer loop
      vertex 1.525 10.443 0.799999
      vertex 1.525 4.50438 2.98221
      vertex 1.525 5.35699 0.799999
    endloop
  endfacet
  facet normal 1 0 0
    outer loop
      vertex 1.525 5.35699 0.799999
      vertex 1.525 4.59245 2.2185
      vertex 1.525 4.74788 0.799999
    endloop
  endfacet
  facet normal 1 0 0
    outer loop
      vertex 1.525 5.35699 0.799999
      vertex 1.525 4.50438 2.98221
      vertex 1.525 4.59245 2.2185
    endloop
  endfacet
  facet normal 1 0 0
    outer loop
      vertex 1.525 11.3504 3.45678
      vertex 1.525 4.44965 3.45678
      vertex 1.525 4.50438 2.98221
    endloop
  endfacet
  facet normal 1 0 0
    outer loop
      vertex 1.525 11.394 3.81143
      vertex 1.525 4.44965 3.45678
      vertex 1.525 11.3504 3.45678
    endloop
  endfacet
  facet normal 1 0 0
    outer loop
      vertex 1.525 11.4548 4.30625
      vertex 1.525 4.34516 4.30625
      vertex 1.525 4.37508 4.06294
    endloop
  endfacet
  facet normal 1 0 0
    outer loop
      vertex 1.525 11.4548 4.30625
      vertex 1.525 4.32728 4.44042
      vertex 1.525 4.34516 4.30625
    endloop
  endfacet
  facet normal 1 0 0
    outer loop
      vertex 1.525 12.2516 5
      vertex 1.525 1.525 6.6
      vertex 1.525 11.5484 5
    endloop
  endfacet
  facet normal 1 0 0
    outer loop
      vertex 1.525 11.536 4.91577
      vertex 1.525 4.26396 4.91577
      vertex 1.525 4.32728 4.44042
    endloop
  endfacet
  facet normal 1 0 0
    outer loop
      vertex 1.525 11.538 4.92947
      vertex 1.525 4.26195 4.92947
      vertex 1.525 4.26396 4.91577
    endloop
  endfacet
  facet normal 1 0 0
    outer loop
      vertex 1.525 11.5484 5
      vertex 1.525 4.25159 5
      vertex 1.525 4.26195 4.92947
    endloop
  endfacet
  facet normal 1 0 0
    outer loop
      vertex 1.525 11.5484 5
      vertex 1.525 1.525 6.6
      vertex 1.525 4.25159 5
    endloop
  endfacet
  facet normal 1 0 0
    outer loop
      vertex 1.525 3.20755 2.2185
      vertex 1.525 2.44301 0.799999
      vertex 1.525 3.05212 0.799999
    endloop
  endfacet
  facet normal 1 0 0
    outer loop
      vertex 1.525 3.26727 2.73635
      vertex 1.525 2.44301 0.799999
      vertex 1.525 3.20755 2.2185
    endloop
  endfacet
  facet normal 1 0 0
    outer loop
      vertex 1.525 1.525 6.6
      vertex 1.525 3.26727 2.73635
      vertex 1.525 3.35035 3.45678
    endloop
  endfacet
  facet normal 1 0 0
    outer loop
      vertex 1.525 1.525 6.6
      vertex 1.525 3.35035 3.45678
      vertex 1.525 3.39398 3.81143
    endloop
  endfacet
  facet normal 1 0 0
    outer loop
      vertex 1.525 1.525 6.6
      vertex 1.525 3.39398 3.81143
      vertex 1.525 3.45484 4.30625
    endloop
  endfacet
  facet normal 1 0 0
    outer loop
      vertex 1.525 1.525 6.6
      vertex 1.525 3.45484 4.30625
      vertex 1.525 3.47272 4.44042
    endloop
  endfacet
  facet normal 1 0 0
    outer loop
      vertex 1.525 1.525 6.6
      vertex 1.525 3.47272 4.44042
      vertex 1.525 3.53604 4.91577
    endloop
  endfacet
  facet normal 1 0 0
    outer loop
      vertex 1.525 1.525 6.6
      vertex 1.525 3.53604 4.91577
      vertex 1.525 3.53805 4.92947
    endloop
  endfacet
  facet normal 1 0 0
    outer loop
      vertex 1.525 1.525 6.6
      vertex 1.525 3.53805 4.92947
      vertex 1.525 3.54841 5
    endloop
  endfacet
  facet normal 1 0 0
    outer loop
      vertex 1.525 4.25159 5
      vertex 1.525 1.525 6.6
      vertex 1.525 3.54841 5
    endloop
  endfacet
  facet normal 1 0 0
    outer loop
      vertex 1.525 1.525 0
      vertex 1.525 3.26727 2.73635
      vertex 1.525 1.525 6.6
    endloop
  endfacet
  facet normal 1 0 0
    outer loop
      vertex 1.525 3.26727 2.73635
      vertex 1.525 1.525 0
      vertex 1.525 2.44301 0.799999
    endloop
  endfacet
  facet normal 1 0 0
    outer loop
      vertex 1.525 2.44301 0.799999
      vertex 1.525 1.525 0
      vertex 1.525 2.44301 0
    endloop
  endfacet
  facet normal 1 0 0
    outer loop
      vertex 1.525 30.275 0
      vertex 1.525 29.357 0.799999
      vertex 1.525 29.357 0
    endloop
  endfacet
  facet normal 1 0 0
    outer loop
      vertex 1.525 26.443 0
      vertex 1.525 21.357 0.799999
      vertex 1.525 21.357 0
    endloop
  endfacet
  facet normal 1 0 0
    outer loop
      vertex 1.525 18.443 0
      vertex 1.525 13.357 0.799999
      vertex 1.525 13.357 0
    endloop
  endfacet
  facet normal 1 0 0
    outer loop
      vertex 1.525 10.443 0
      vertex 1.525 5.35699 0.799999
      vertex 1.525 5.35699 0
    endloop
  endfacet
  facet normal -1 0 0
    outer loop
      vertex 30.275 1.525 0
      vertex 30.275 30.275 6.6
      vertex 30.275 30.275 0
    endloop
  endfacet
  facet normal -1 -0 0
    outer loop
      vertex 30.275 30.275 6.6
      vertex 30.275 1.525 0
      vertex 30.275 1.525 6.6
    endloop
  endfacet
  facet normal 0 1 0
    outer loop
      vertex 30.275 1.525 6.6
      vertex 4.25184 1.525 5
      vertex 1.525 1.525 6.6
    endloop
  endfacet
  facet normal 0 1 0
    outer loop
      vertex 30.275 1.525 6.6
      vertex 4.32307 1.525 4.47718
      vertex 4.25184 1.525 5
    endloop
  endfacet
  facet normal 0 1 -0
    outer loop
      vertex 5.35659 1.525 0.799999
      vertex 4.32307 1.525 4.47718
      vertex 30.275 1.525 6.6
    endloop
  endfacet
  facet normal 0 1 0
    outer loop
      vertex 4.32307 1.525 4.47718
      vertex 5.35659 1.525 0.799999
      vertex 4.42069 1.525 3.69807
    endloop
  endfacet
  facet normal 0 1 0
    outer loop
      vertex 4.42069 1.525 3.69807
      vertex 5.35659 1.525 0.799999
      vertex 4.55189 1.525 2.57716
    endloop
  endfacet
  facet normal 0 1 0
    outer loop
      vertex 4.55189 1.525 2.57716
      vertex 5.35659 1.525 0.799999
      vertex 4.74216 1.525 0.860758
    endloop
  endfacet
  facet normal 0 1 -0
    outer loop
      vertex 30.275 1.525 0
      vertex 5.35659 1.525 0.799999
      vertex 30.275 1.525 6.6
    endloop
  endfacet
  facet normal 0 1 0
    outer loop
      vertex 5.35659 1.525 0.799999
      vertex 30.275 1.525 0
      vertex 5.35659 1.525 0
    endloop
  endfacet
  facet normal 0 1 -0
    outer loop
      vertex 3.54876 1.525 5
      vertex 1.525 1.525 6.6
      vertex 4.25184 1.525 5
    endloop
  endfacet
  facet normal 0 1 -0
    outer loop
      vertex 3.5174 1.525 4.78074
      vertex 1.525 1.525 6.6
      vertex 3.54876 1.525 5
    endloop
  endfacet
  facet normal 0 1 -0
    outer loop
      vertex 3.45448 1.525 4.29815
      vertex 1.525 1.525 6.6
      vertex 3.5174 1.525 4.78074
    endloop
  endfacet
  facet normal 0 1 -0
    outer loop
      vertex 3.43133 1.525 4.12061
      vertex 1.525 1.525 6.6
      vertex 3.45448 1.525 4.29815
    endloop
  endfacet
  facet normal 0 1 -0
    outer loop
      vertex 3.31907 1.525 3.19187
      vertex 1.525 1.525 6.6
      vertex 3.43133 1.525 4.12061
    endloop
  endfacet
  facet normal 0 1 0
    outer loop
      vertex 2.44295 1.525 0.799999
      vertex 3.31907 1.525 3.19187
      vertex 3.2151 1.525 2.27768
    endloop
  endfacet
  facet normal 0 1 0
    outer loop
      vertex 2.44295 1.525 0.799999
      vertex 3.2151 1.525 2.27768
      vertex 3.16283 1.525 1.81807
    endloop
  endfacet
  facet normal 0 1 0
    outer loop
      vertex 2.44295 1.525 0.799999
      vertex 3.16283 1.525 1.81807
      vertex 3.1284 1.525 1.5004
    endloop
  endfacet
  facet normal 0 1 0
    outer loop
      vertex 2.44295 1.525 0.799999
      vertex 3.1284 1.525 1.5004
      vertex 3.05249 1.525 0.799999
    endloop
  endfacet
  facet normal 0 1 0
    outer loop
      vertex 1.525 1.525 0
      vertex 3.31907 1.525 3.19187
      vertex 2.44295 1.525 0.799999
    endloop
  endfacet
  facet normal 0 1 0
    outer loop
      vertex 1.525 1.525 0
      vertex 2.44295 1.525 0.799999
      vertex 2.44295 1.525 0
    endloop
  endfacet
  facet normal 0 1 0
    outer loop
      vertex 3.31907 1.525 3.19187
      vertex 1.525 1.525 0
      vertex 1.525 1.525 6.6
    endloop
  endfacet
  facet normal 0 1 0
    outer loop
      vertex 4.74216 1.525 0.860758
      vertex 5.35659 1.525 0.799999
      vertex 4.74862 1.525 0.799999
    endloop
  endfacet
  facet normal 0 -1 0
    outer loop
      vertex 4.25184 30.275 5
      vertex 1.525 30.275 6.6
      vertex 3.54876 30.275 5
    endloop
  endfacet
  facet normal 0 -1 0
    outer loop
      vertex 1.525 30.275 6.6
      vertex 3.5174 30.275 4.78074
      vertex 3.54876 30.275 5
    endloop
  endfacet
  facet normal 0 -1 0
    outer loop
      vertex 1.525 30.275 6.6
      vertex 3.45448 30.275 4.29815
      vertex 3.5174 30.275 4.78074
    endloop
  endfacet
  facet normal 0 -1 0
    outer loop
      vertex 1.525 30.275 6.6
      vertex 3.43133 30.275 4.12061
      vertex 3.45448 30.275 4.29815
    endloop
  endfacet
  facet normal 0 -1 0
    outer loop
      vertex 1.525 30.275 6.6
      vertex 3.31907 30.275 3.19187
      vertex 3.43133 30.275 4.12061
    endloop
  endfacet
  facet normal 0 -1 0
    outer loop
      vertex 1.525 30.275 0
      vertex 3.31907 30.275 3.19187
      vertex 1.525 30.275 6.6
    endloop
  endfacet
  facet normal 0 -1 0
    outer loop
      vertex 3.31907 30.275 3.19187
      vertex 2.44295 30.275 0.799999
      vertex 3.16284 30.275 1.81809
    endloop
  endfacet
  facet normal 0 -1 0
    outer loop
      vertex 3.16284 30.275 1.81809
      vertex 2.44295 30.275 0.799999
      vertex 3.1284 30.275 1.50042
    endloop
  endfacet
  facet normal 0 -1 0
    outer loop
      vertex 3.31907 30.275 3.19187
      vertex 1.525 30.275 0
      vertex 2.44295 30.275 0.799999
    endloop
  endfacet
  facet normal 0 -1 -0
    outer loop
      vertex 2.44295 30.275 0.799999
      vertex 1.525 30.275 0
      vertex 2.44295 30.275 0
    endloop
  endfacet
  facet normal 0 -1 0
    outer loop
      vertex 1.525 30.275 6.6
      vertex 4.25184 30.275 5
      vertex 30.275 30.275 6.6
    endloop
  endfacet
  facet normal 0 -1 0
    outer loop
      vertex 4.32307 30.275 4.47718
      vertex 30.275 30.275 6.6
      vertex 4.25184 30.275 5
    endloop
  endfacet
  facet normal 0 -1 0
    outer loop
      vertex 5.35659 30.275 0.799999
      vertex 4.32307 30.275 4.47718
      vertex 4.38479 30.275 3.98458
    endloop
  endfacet
  facet normal 0 -1 0
    outer loop
      vertex 5.35659 30.275 0.799999
      vertex 4.38479 30.275 3.98458
      vertex 4.42069 30.275 3.69809
    endloop
  endfacet
  facet normal 0 -1 0
    outer loop
      vertex 5.35659 30.275 0.799999
      vertex 4.42069 30.275 3.69809
      vertex 4.48663 30.275 3.13474
    endloop
  endfacet
  facet normal 0 -1 0
    outer loop
      vertex 5.35659 30.275 0.799999
      vertex 4.48663 30.275 3.13474
      vertex 4.55189 30.275 2.57716
    endloop
  endfacet
  facet normal 0 -1 0
    outer loop
      vertex 5.35659 30.275 0.799999
      vertex 4.55189 30.275 2.57716
      vertex 4.74216 30.275 0.860758
    endloop
  endfacet
  facet normal 0 -1 0
    outer loop
      vertex 5.35659 30.275 0.799999
      vertex 4.74216 30.275 0.860758
      vertex 4.74862 30.275 0.799999
    endloop
  endfacet
  facet normal 0 -1 0
    outer loop
      vertex 4.32307 30.275 4.47718
      vertex 5.35659 30.275 0.799999
      vertex 30.275 30.275 6.6
    endloop
  endfacet
  facet normal 0 -1 0
    outer loop
      vertex 30.275 30.275 0
      vertex 5.35659 30.275 0.799999
      vertex 5.35659 30.275 0
    endloop
  endfacet
  facet normal 0 -1 0
    outer loop
      vertex 5.35659 30.275 0.799999
      vertex 30.275 30.275 0
      vertex 30.275 30.275 6.6
    endloop
  endfacet
  facet normal 0 -1 0
    outer loop
      vertex 3.1284 30.275 1.50042
      vertex 2.44295 30.275 0.799999
      vertex 3.05249 30.275 0.799999
    endloop
  endfacet
  facet normal 0.999453 0.0330664 0
    outer loop
      vertex 2.67 3.9 0.799999
      vertex 2.66672 3.99914 0
      vertex 2.66672 3.99914 0.799999
    endloop
  endfacet
  facet normal 0.999453 0.0330664 0
    outer loop
      vertex 2.66672 3.99914 0
      vertex 2.67 3.9 0.799999
      vertex 2.67 3.9 0
    endloop
  endfacet
  facet normal 0.677266 0.735738 -0
    outer loop
      vertex 2.22186 4.96939 0
      vertex 2.14888 5.03657 0.799999
      vertex 2.22186 4.96939 0.799999
    endloop
  endfacet
  facet normal 0.677266 0.735738 0
    outer loop
      vertex 2.14888 5.03657 0.799999
      vertex 2.22186 4.96939 0
      vertex 2.14888 5.03657 0
    endloop
  endfacet
  facet normal 0.909001 0.416794 0
    outer loop
      vertex 2.55343 4.47975 0.799999
      vertex 2.51209 4.56991 0
      vertex 2.51209 4.56991 0.799999
    endloop
  endfacet
  facet normal 0.909001 0.416794 0
    outer loop
      vertex 2.51209 4.56991 0
      vertex 2.55343 4.47975 0.799999
      vertex 2.55343 4.47975 0
    endloop
  endfacet
  facet normal 0.340229 0.940343 -0
    outer loop
      vertex 1.7268 5.29283 0
      vertex 1.63352 5.32658 0.799999
      vertex 1.7268 5.29283 0.799999
    endloop
  endfacet
  facet normal 0.340229 0.940343 0
    outer loop
      vertex 1.63352 5.32658 0.799999
      vertex 1.7268 5.29283 0
      vertex 1.63352 5.32658 0
    endloop
  endfacet
  facet normal 0.574342 0.818616 -0
    outer loop
      vertex 2.07162 5.09878 0
      vertex 1.99042 5.15575 0.799999
      vertex 2.07162 5.09878 0.799999
    endloop
  endfacet
  facet normal 0.574342 0.818616 0
    outer loop
      vertex 1.99042 5.15575 0.799999
      vertex 2.07162 5.09878 0
      vertex 1.99042 5.15575 0
    endloop
  endfacet
  facet normal 0.973322 0.229444 0
    outer loop
      vertex 2.64057 4.19567 0.799999
      vertex 2.61781 4.29222 0
      vertex 2.61781 4.29222 0.799999
    endloop
  endfacet
  facet normal 0.973322 0.229444 0
    outer loop
      vertex 2.61781 4.29222 0
      vertex 2.64057 4.19567 0.799999
      vertex 2.64057 4.19567 0
    endloop
  endfacet
  facet normal 0.809041 0.587752 0
    outer loop
      vertex 2.41201 4.74107 0.799999
      vertex 2.35371 4.82132 0
      vertex 2.35371 4.82132 0.799999
    endloop
  endfacet
  facet normal 0.809041 0.587752 0
    outer loop
      vertex 2.35371 4.82132 0
      vertex 2.41201 4.74107 0.799999
      vertex 2.41201 4.74107 0
    endloop
  endfacet
  facet normal 0.277463 0.960736 -0
    outer loop
      vertex 1.63352 5.32658 0
      vertex 1.53823 5.3541 0.799999
      vertex 1.63352 5.32658 0.799999
    endloop
  endfacet
  facet normal 0.277463 0.960736 0
    outer loop
      vertex 1.53823 5.3541 0.799999
      vertex 1.63352 5.32658 0
      vertex 1.53823 5.3541 0
    endloop
  endfacet
  facet normal 0.627163 0.778888 -0
    outer loop
      vertex 2.14888 5.03657 0
      vertex 2.07162 5.09878 0.799999
      vertex 2.14888 5.03657 0.799999
    endloop
  endfacet
  facet normal 0.627163 0.778888 0
    outer loop
      vertex 2.07162 5.09878 0.799999
      vertex 2.14888 5.03657 0
      vertex 2.07162 5.09878 0
    endloop
  endfacet
  facet normal 0.973317 -0.229466 0
    outer loop
      vertex 2.61781 3.50778 0.799999
      vertex 2.64057 3.60432 0
      vertex 2.64057 3.60432 0.799999
    endloop
  endfacet
  facet normal 0.973317 -0.229466 0
    outer loop
      vertex 2.64057 3.60432 0
      vertex 2.61781 3.50778 0.799999
      vertex 2.61781 3.50778 0
    endloop
  endfacet
  facet normal 0.724433 -0.689345 0
    outer loop
      vertex 2.22186 2.83061 0.799999
      vertex 2.29023 2.90246 0
      vertex 2.29023 2.90246 0.799999
    endloop
  endfacet
  facet normal 0.724433 -0.689345 0
    outer loop
      vertex 2.29023 2.90246 0
      vertex 2.22186 2.83061 0.799999
      vertex 2.22186 2.83061 0
    endloop
  endfacet
  facet normal 0.934536 -0.35587 0
    outer loop
      vertex 2.55343 3.32025 0.799999
      vertex 2.58873 3.41295 0
      vertex 2.58873 3.41295 0.799999
    endloop
  endfacet
  facet normal 0.934536 -0.35587 0
    outer loop
      vertex 2.58873 3.41295 0
      vertex 2.55343 3.32025 0.799999
      vertex 2.55343 3.32025 0
    endloop
  endfacet
  facet normal 0.340318 -0.94031 0
    outer loop
      vertex 1.63352 2.47341 0
      vertex 1.7268 2.50717 0.799999
      vertex 1.63352 2.47341 0.799999
    endloop
  endfacet
  facet normal 0.340318 -0.94031 0
    outer loop
      vertex 1.7268 2.50717 0.799999
      vertex 1.63352 2.47341 0
      vertex 1.7268 2.50717 0
    endloop
  endfacet
  facet normal 0.986353 0.164644 0
    outer loop
      vertex 2.6569 4.09784 0.799999
      vertex 2.64057 4.19567 0
      vertex 2.64057 4.19567 0.799999
    endloop
  endfacet
  facet normal 0.986353 0.164644 0
    outer loop
      vertex 2.64057 4.19567 0
      vertex 2.6569 4.09784 0.799999
      vertex 2.6569 4.09784 0
    endloop
  endfacet
  facet normal 0.995087 0.0990046 0
    outer loop
      vertex 2.66672 3.99914 0.799999
      vertex 2.6569 4.09784 0
      vertex 2.6569 4.09784 0.799999
    endloop
  endfacet
  facet normal 0.995087 0.0990046 0
    outer loop
      vertex 2.6569 4.09784 0
      vertex 2.66672 3.99914 0.799999
      vertex 2.66672 3.99914 0
    endloop
  endfacet
  facet normal 0.956058 0.293179 0
    outer loop
      vertex 2.61781 4.29222 0.799999
      vertex 2.58873 4.38705 0
      vertex 2.58873 4.38705 0.799999
    endloop
  endfacet
  facet normal 0.956058 0.293179 0
    outer loop
      vertex 2.58873 4.38705 0
      vertex 2.61781 4.29222 0.799999
      vertex 2.61781 4.29222 0
    endloop
  endfacet
  facet normal 0.934536 0.35587 0
    outer loop
      vertex 2.58873 4.38705 0.799999
      vertex 2.55343 4.47975 0
      vertex 2.55343 4.47975 0.799999
    endloop
  endfacet
  facet normal 0.934536 0.35587 0
    outer loop
      vertex 2.55343 4.47975 0
      vertex 2.58873 4.38705 0.799999
      vertex 2.58873 4.38705 0
    endloop
  endfacet
  facet normal 0.724433 0.689345 0
    outer loop
      vertex 2.29023 4.89754 0.799999
      vertex 2.22186 4.96939 0
      vertex 2.22186 4.96939 0.799999
    endloop
  endfacet
  facet normal 0.724433 0.689345 0
    outer loop
      vertex 2.22186 4.96939 0
      vertex 2.29023 4.89754 0.799999
      vertex 2.29023 4.89754 0
    endloop
  endfacet
  facet normal 0.84609 0.533041 0
    outer loop
      vertex 2.46488 4.65715 0.799999
      vertex 2.41201 4.74107 0
      vertex 2.41201 4.74107 0.799999
    endloop
  endfacet
  facet normal 0.84609 0.533041 0
    outer loop
      vertex 2.41201 4.74107 0
      vertex 2.46488 4.65715 0.799999
      vertex 2.46488 4.65715 0
    endloop
  endfacet
  facet normal 0.879482 0.475932 0
    outer loop
      vertex 2.51209 4.56991 0.799999
      vertex 2.46488 4.65715 0
      vertex 2.46488 4.65715 0.799999
    endloop
  endfacet
  facet normal 0.879482 0.475932 0
    outer loop
      vertex 2.46488 4.65715 0
      vertex 2.51209 4.56991 0.799999
      vertex 2.51209 4.56991 0
    endloop
  endfacet
  facet normal 0.213411 0.976963 -0
    outer loop
      vertex 1.53823 5.3541 0
      vertex 1.525 5.35699 0.799999
      vertex 1.53823 5.3541 0.799999
    endloop
  endfacet
  facet normal 0.213411 0.976963 0
    outer loop
      vertex 1.525 5.35699 0.799999
      vertex 1.53823 5.3541 0
      vertex 1.525 5.35699 0
    endloop
  endfacet
  facet normal 0.461353 0.887217 -0
    outer loop
      vertex 1.90563 5.20723 0
      vertex 1.81763 5.25299 0.799999
      vertex 1.90563 5.20723 0.799999
    endloop
  endfacet
  facet normal 0.461353 0.887217 0
    outer loop
      vertex 1.81763 5.25299 0.799999
      vertex 1.90563 5.20723 0
      vertex 1.81763 5.25299 0
    endloop
  endfacet
  facet normal 0.401681 0.91578 -0
    outer loop
      vertex 1.81763 5.25299 0
      vertex 1.7268 5.29283 0.799999
      vertex 1.81763 5.25299 0.799999
    endloop
  endfacet
  facet normal 0.401681 0.91578 0
    outer loop
      vertex 1.7268 5.29283 0.799999
      vertex 1.81763 5.25299 0
      vertex 1.7268 5.29283 0
    endloop
  endfacet
  facet normal 0.518981 0.854786 -0
    outer loop
      vertex 1.99042 5.15575 0
      vertex 1.90563 5.20723 0.799999
      vertex 1.99042 5.15575 0.799999
    endloop
  endfacet
  facet normal 0.518981 0.854786 0
    outer loop
      vertex 1.90563 5.20723 0.799999
      vertex 1.99042 5.15575 0
      vertex 1.90563 5.20723 0
    endloop
  endfacet
  facet normal 0 0 1
    outer loop
      vertex 2.09 3.9 0.799999
      vertex 2.67 3.9 0.799999
      vertex 2.66672 3.99914 0.799999
    endloop
  endfacet
  facet normal 0 0 1
    outer loop
      vertex 2.08543 3.9916 0.799999
      vertex 2.66672 3.99914 0.799999
      vertex 2.6569 4.09784 0.799999
    endloop
  endfacet
  facet normal 0 0 1
    outer loop
      vertex 2.67 3.9 0.799999
      vertex 2.09 3.9 0.799999
      vertex 2.66672 3.80086 0.799999
    endloop
  endfacet
  facet normal 0 0 1
    outer loop
      vertex 2.07176 4.08229 0.799999
      vertex 2.6569 4.09784 0.799999
      vertex 2.64057 4.19567 0.799999
    endloop
  endfacet
  facet normal -0 0 1
    outer loop
      vertex 2.08583 3.81636 0.799999
      vertex 2.66672 3.80086 0.799999
      vertex 2.09 3.9 0.799999
    endloop
  endfacet
  facet normal 0 0 1
    outer loop
      vertex 2.06979 4.09002 0.799999
      vertex 2.64057 4.19567 0.799999
      vertex 2.61781 4.29222 0.799999
    endloop
  endfacet
  facet normal -0 0 1
    outer loop
      vertex 2.08543 3.8084 0.799999
      vertex 2.66672 3.80086 0.799999
      vertex 2.08583 3.81636 0.799999
    endloop
  endfacet
  facet normal 0 0 1
    outer loop
      vertex 2.04913 4.17117 0.799999
      vertex 2.61781 4.29222 0.799999
      vertex 2.58873 4.38705 0.799999
    endloop
  endfacet
  facet normal 0 0 1
    outer loop
      vertex 2.66672 3.80086 0.799999
      vertex 2.08543 3.8084 0.799999
      vertex 2.6569 3.70216 0.799999
    endloop
  endfacet
  facet normal 0 0 1
    outer loop
      vertex 2.02049 4.24987 0.799999
      vertex 2.58873 4.38705 0.799999
      vertex 2.55343 4.47975 0.799999
    endloop
  endfacet
  facet normal -0 0 1
    outer loop
      vertex 2.08424 3.80051 0.799999
      vertex 2.6569 3.70216 0.799999
      vertex 2.08543 3.8084 0.799999
    endloop
  endfacet
  facet normal 0 0 1
    outer loop
      vertex 2.01776 4.25736 0.799999
      vertex 2.55343 4.47975 0.799999
      vertex 2.51209 4.56991 0.799999
    endloop
  endfacet
  facet normal -0 0 1
    outer loop
      vertex 2.07176 3.71771 0.799999
      vertex 2.6569 3.70216 0.799999
      vertex 2.08424 3.80051 0.799999
    endloop
  endfacet
  facet normal 0 0 1
    outer loop
      vertex 1.97796 4.33999 0.799999
      vertex 2.51209 4.56991 0.799999
      vertex 2.46488 4.65715 0.799999
    endloop
  endfacet
  facet normal 0 0 1
    outer loop
      vertex 2.6569 3.70216 0.799999
      vertex 2.07176 3.71771 0.799999
      vertex 2.64057 3.60432 0.799999
    endloop
  endfacet
  facet normal 0 0 1
    outer loop
      vertex 1.9343 4.41145 0.799999
      vertex 2.46488 4.65715 0.799999
      vertex 2.41201 4.74107 0.799999
    endloop
  endfacet
  facet normal -0 0 1
    outer loop
      vertex 2.06979 3.70998 0.799999
      vertex 2.64057 3.60432 0.799999
      vertex 2.07176 3.71771 0.799999
    endloop
  endfacet
  facet normal 0 0 1
    outer loop
      vertex 1.92532 4.42461 0.799999
      vertex 2.41201 4.74107 0.799999
      vertex 2.35371 4.82132 0.799999
    endloop
  endfacet
  facet normal 0 0 1
    outer loop
      vertex 2.64057 3.60432 0.799999
      vertex 2.06979 3.70998 0.799999
      vertex 2.61781 3.50778 0.799999
    endloop
  endfacet
  facet normal 0 0 1
    outer loop
      vertex 1.87476 4.49136 0.799999
      vertex 2.35371 4.82132 0.799999
      vertex 2.29023 4.89754 0.799999
    endloop
  endfacet
  facet normal -0 0 1
    outer loop
      vertex 2.04913 3.62882 0.799999
      vertex 2.61781 3.50778 0.799999
      vertex 2.06979 3.70998 0.799999
    endloop
  endfacet
  facet normal 0 0 1
    outer loop
      vertex 1.81238 4.5586 0.799999
      vertex 2.29023 4.89754 0.799999
      vertex 2.22186 4.96939 0.799999
    endloop
  endfacet
  facet normal 0 0 1
    outer loop
      vertex 2.61781 3.50778 0.799999
      vertex 2.04913 3.62882 0.799999
      vertex 2.58873 3.41295 0.799999
    endloop
  endfacet
  facet normal 0 0 1
    outer loop
      vertex 1.8064 4.56387 0.799999
      vertex 2.22186 4.96939 0.799999
      vertex 2.14888 5.03657 0.799999
    endloop
  endfacet
  facet normal -0 0 1
    outer loop
      vertex 2.02049 3.55013 0.799999
      vertex 2.58873 3.41295 0.799999
      vertex 2.04913 3.62882 0.799999
    endloop
  endfacet
  facet normal 0 0 1
    outer loop
      vertex 2.58873 3.41295 0.799999
      vertex 2.02049 3.55013 0.799999
      vertex 2.55343 3.32025 0.799999
    endloop
  endfacet
  facet normal 0 0 1
    outer loop
      vertex 2.66672 3.99914 0.799999
      vertex 2.08543 3.9916 0.799999
      vertex 2.09 3.9 0.799999
    endloop
  endfacet
  facet normal 0 0 1
    outer loop
      vertex 2.6569 4.09784 0.799999
      vertex 2.08424 3.99949 0.799999
      vertex 2.08543 3.9916 0.799999
    endloop
  endfacet
  facet normal 0 0 1
    outer loop
      vertex 2.6569 4.09784 0.799999
      vertex 2.07176 4.08229 0.799999
      vertex 2.08424 3.99949 0.799999
    endloop
  endfacet
  facet normal 0 0 1
    outer loop
      vertex 1.74361 4.61929 0.799999
      vertex 2.14888 5.03657 0.799999
      vertex 2.07162 5.09878 0.799999
    endloop
  endfacet
  facet normal 0 0 1
    outer loop
      vertex 2.64057 4.19567 0.799999
      vertex 2.06979 4.09002 0.799999
      vertex 2.07176 4.08229 0.799999
    endloop
  endfacet
  facet normal 0 0 1
    outer loop
      vertex 2.61781 4.29222 0.799999
      vertex 2.04913 4.17117 0.799999
      vertex 2.06979 4.09002 0.799999
    endloop
  endfacet
  facet normal 0 0 1
    outer loop
      vertex 2.58873 4.38705 0.799999
      vertex 2.02049 4.24987 0.799999
      vertex 2.04913 4.17117 0.799999
    endloop
  endfacet
  facet normal 0 0 1
    outer loop
      vertex 2.55343 4.47975 0.799999
      vertex 2.01776 4.25736 0.799999
      vertex 2.02049 4.24987 0.799999
    endloop
  endfacet
  facet normal 0 0 1
    outer loop
      vertex 1.67562 4.66817 0.799999
      vertex 2.07162 5.09878 0.799999
      vertex 1.99042 5.15575 0.799999
    endloop
  endfacet
  facet normal 0 0 1
    outer loop
      vertex 2.51209 4.56991 0.799999
      vertex 1.98142 4.33281 0.799999
      vertex 2.01776 4.25736 0.799999
    endloop
  endfacet
  facet normal 0 0 1
    outer loop
      vertex 2.51209 4.56991 0.799999
      vertex 1.97796 4.33999 0.799999
      vertex 1.98142 4.33281 0.799999
    endloop
  endfacet
  facet normal 0 0 1
    outer loop
      vertex 2.46488 4.65715 0.799999
      vertex 1.9343 4.41145 0.799999
      vertex 1.97796 4.33999 0.799999
    endloop
  endfacet
  facet normal 0 0 1
    outer loop
      vertex 2.41201 4.74107 0.799999
      vertex 1.93014 4.41825 0.799999
      vertex 1.9343 4.41145 0.799999
    endloop
  endfacet
  facet normal 0 0 1
    outer loop
      vertex 2.41201 4.74107 0.799999
      vertex 1.92532 4.42461 0.799999
      vertex 1.93014 4.41825 0.799999
    endloop
  endfacet
  facet normal 0 0 1
    outer loop
      vertex 1.66223 4.67681 0.799999
      vertex 1.99042 5.15575 0.799999
      vertex 1.90563 5.20723 0.799999
    endloop
  endfacet
  facet normal 0 0 1
    outer loop
      vertex 2.35371 4.82132 0.799999
      vertex 1.87476 4.49136 0.799999
      vertex 1.92532 4.42461 0.799999
    endloop
  endfacet
  facet normal 0 0 1
    outer loop
      vertex 2.29023 4.89754 0.799999
      vertex 1.86934 4.49721 0.799999
      vertex 1.87476 4.49136 0.799999
    endloop
  endfacet
  facet normal 0 0 1
    outer loop
      vertex 1.58971 4.71868 0.799999
      vertex 1.90563 5.20723 0.799999
      vertex 1.81763 5.25299 0.799999
    endloop
  endfacet
  facet normal 0 0 1
    outer loop
      vertex 2.29023 4.89754 0.799999
      vertex 1.81238 4.5586 0.799999
      vertex 1.86934 4.49721 0.799999
    endloop
  endfacet
  facet normal 0 0 1
    outer loop
      vertex 2.22186 4.96939 0.799999
      vertex 1.8064 4.56387 0.799999
      vertex 1.81238 4.5586 0.799999
    endloop
  endfacet
  facet normal 0 0 1
    outer loop
      vertex 2.14888 5.03657 0.799999
      vertex 1.74361 4.61929 0.799999
      vertex 1.8064 4.56387 0.799999
    endloop
  endfacet
  facet normal 0 0 1
    outer loop
      vertex 1.525 4.74788 0.799999
      vertex 1.81763 5.25299 0.799999
      vertex 1.7268 5.29283 0.799999
    endloop
  endfacet
  facet normal 0 0 1
    outer loop
      vertex 2.07162 5.09878 0.799999
      vertex 1.67562 4.66817 0.799999
      vertex 1.74361 4.61929 0.799999
    endloop
  endfacet
  facet normal 0 0 1
    outer loop
      vertex 1.99042 5.15575 0.799999
      vertex 1.66914 4.67282 0.799999
      vertex 1.67562 4.66817 0.799999
    endloop
  endfacet
  facet normal 0 0 1
    outer loop
      vertex 1.99042 5.15575 0.799999
      vertex 1.66223 4.67681 0.799999
      vertex 1.66914 4.67282 0.799999
    endloop
  endfacet
  facet normal 0 0 1
    outer loop
      vertex 1.525 4.74788 0.799999
      vertex 1.7268 5.29283 0.799999
      vertex 1.63352 5.32658 0.799999
    endloop
  endfacet
  facet normal 0 0 1
    outer loop
      vertex 1.90563 5.20723 0.799999
      vertex 1.58971 4.71868 0.799999
      vertex 1.66223 4.67681 0.799999
    endloop
  endfacet
  facet normal 0 0 1
    outer loop
      vertex 1.525 4.74788 0.799999
      vertex 1.63352 5.32658 0.799999
      vertex 1.53823 5.3541 0.799999
    endloop
  endfacet
  facet normal 0 0 1
    outer loop
      vertex 1.525 4.74788 0.799999
      vertex 1.53823 5.3541 0.799999
      vertex 1.525 5.35699 0.799999
    endloop
  endfacet
  facet normal 0 0 1
    outer loop
      vertex 1.81763 5.25299 0.799999
      vertex 1.525 4.74788 0.799999
      vertex 1.58971 4.71868 0.799999
    endloop
  endfacet
  facet normal -0 0 1
    outer loop
      vertex 2.01776 3.54264 0.799999
      vertex 2.55343 3.32025 0.799999
      vertex 2.02049 3.55013 0.799999
    endloop
  endfacet
  facet normal 0 0 1
    outer loop
      vertex 2.55343 3.32025 0.799999
      vertex 2.01776 3.54264 0.799999
      vertex 2.51209 3.23009 0.799999
    endloop
  endfacet
  facet normal -0 0 1
    outer loop
      vertex 1.97796 3.46001 0.799999
      vertex 2.51209 3.23009 0.799999
      vertex 2.01776 3.54264 0.799999
    endloop
  endfacet
  facet normal 0 0 1
    outer loop
      vertex 2.51209 3.23009 0.799999
      vertex 1.97796 3.46001 0.799999
      vertex 2.46488 3.14285 0.799999
    endloop
  endfacet
  facet normal -0 0 1
    outer loop
      vertex 1.9343 3.38855 0.799999
      vertex 2.46488 3.14285 0.799999
      vertex 1.97796 3.46001 0.799999
    endloop
  endfacet
  facet normal 0 0 1
    outer loop
      vertex 2.46488 3.14285 0.799999
      vertex 1.9343 3.38855 0.799999
      vertex 2.41201 3.05893 0.799999
    endloop
  endfacet
  facet normal -0 0 1
    outer loop
      vertex 1.93014 3.38175 0.799999
      vertex 2.41201 3.05893 0.799999
      vertex 1.9343 3.38855 0.799999
    endloop
  endfacet
  facet normal -0 0 1
    outer loop
      vertex 1.92532 3.37539 0.799999
      vertex 2.41201 3.05893 0.799999
      vertex 1.93014 3.38175 0.799999
    endloop
  endfacet
  facet normal 0 0 1
    outer loop
      vertex 2.41201 3.05893 0.799999
      vertex 1.92532 3.37539 0.799999
      vertex 2.35371 2.97868 0.799999
    endloop
  endfacet
  facet normal -0 0 1
    outer loop
      vertex 1.87476 3.30863 0.799999
      vertex 2.35371 2.97868 0.799999
      vertex 1.92532 3.37539 0.799999
    endloop
  endfacet
  facet normal 0 0 1
    outer loop
      vertex 2.35371 2.97868 0.799999
      vertex 1.87476 3.30863 0.799999
      vertex 2.29023 2.90246 0.799999
    endloop
  endfacet
  facet normal -0 0 1
    outer loop
      vertex 1.86934 3.30279 0.799999
      vertex 2.29023 2.90246 0.799999
      vertex 1.87476 3.30863 0.799999
    endloop
  endfacet
  facet normal -0 0 1
    outer loop
      vertex 1.81238 3.2414 0.799999
      vertex 2.29023 2.90246 0.799999
      vertex 1.86934 3.30279 0.799999
    endloop
  endfacet
  facet normal 0 0 1
    outer loop
      vertex 2.29023 2.90246 0.799999
      vertex 1.81238 3.2414 0.799999
      vertex 2.22186 2.83061 0.799999
    endloop
  endfacet
  facet normal -0 0 1
    outer loop
      vertex 1.8064 3.23612 0.799999
      vertex 2.22186 2.83061 0.799999
      vertex 1.81238 3.2414 0.799999
    endloop
  endfacet
  facet normal 0 0 1
    outer loop
      vertex 2.22186 2.83061 0.799999
      vertex 1.8064 3.23612 0.799999
      vertex 2.14888 2.76343 0.799999
    endloop
  endfacet
  facet normal -0 0 1
    outer loop
      vertex 1.74361 3.18071 0.799999
      vertex 2.14888 2.76343 0.799999
      vertex 1.8064 3.23612 0.799999
    endloop
  endfacet
  facet normal 0 0 1
    outer loop
      vertex 2.14888 2.76343 0.799999
      vertex 1.74361 3.18071 0.799999
      vertex 2.07162 2.70122 0.799999
    endloop
  endfacet
  facet normal -0 0 1
    outer loop
      vertex 1.73713 3.17606 0.799999
      vertex 2.07162 2.70122 0.799999
      vertex 1.74361 3.18071 0.799999
    endloop
  endfacet
  facet normal -0 0 1
    outer loop
      vertex 1.66914 3.12718 0.799999
      vertex 2.07162 2.70122 0.799999
      vertex 1.73713 3.17606 0.799999
    endloop
  endfacet
  facet normal 0 0 1
    outer loop
      vertex 2.07162 2.70122 0.799999
      vertex 1.66914 3.12718 0.799999
      vertex 1.99042 2.64425 0.799999
    endloop
  endfacet
  facet normal 0 0 1
    outer loop
      vertex 1.99042 2.64425 0.799999
      vertex 1.66914 3.12718 0.799999
      vertex 1.90563 2.59277 0.799999
    endloop
  endfacet
  facet normal -0 0 1
    outer loop
      vertex 1.59662 3.08531 0.799999
      vertex 1.90563 2.59277 0.799999
      vertex 1.66914 3.12718 0.799999
    endloop
  endfacet
  facet normal -0 0 1
    outer loop
      vertex 1.58971 3.08132 0.799999
      vertex 1.90563 2.59277 0.799999
      vertex 1.59662 3.08531 0.799999
    endloop
  endfacet
  facet normal 0 0 1
    outer loop
      vertex 1.90563 2.59277 0.799999
      vertex 1.58971 3.08132 0.799999
      vertex 1.81763 2.54701 0.799999
    endloop
  endfacet
  facet normal -0 0 1
    outer loop
      vertex 1.525 3.05212 0.799999
      vertex 1.81763 2.54701 0.799999
      vertex 1.58971 3.08132 0.799999
    endloop
  endfacet
  facet normal 0 0 1
    outer loop
      vertex 1.81763 2.54701 0.799999
      vertex 1.525 3.05212 0.799999
      vertex 1.7268 2.50717 0.799999
    endloop
  endfacet
  facet normal 0 0 1
    outer loop
      vertex 1.7268 2.50717 0.799999
      vertex 1.525 3.05212 0.799999
      vertex 1.63352 2.47341 0.799999
    endloop
  endfacet
  facet normal 0 0 1
    outer loop
      vertex 1.63352 2.47341 0.799999
      vertex 1.525 3.05212 0.799999
      vertex 1.53823 2.4459 0.799999
    endloop
  endfacet
  facet normal 0 0 1
    outer loop
      vertex 1.53823 2.4459 0.799999
      vertex 1.525 3.05212 0.799999
      vertex 1.525 2.44301 0.799999
    endloop
  endfacet
  facet normal 0.999453 -0.0330664 0
    outer loop
      vertex 2.66672 3.80086 0.799999
      vertex 2.67 3.9 0
      vertex 2.67 3.9 0.799999
    endloop
  endfacet
  facet normal 0.999453 -0.0330664 0
    outer loop
      vertex 2.67 3.9 0
      vertex 2.66672 3.80086 0.799999
      vertex 2.66672 3.80086 0
    endloop
  endfacet
  facet normal 0.995087 -0.0990046 0
    outer loop
      vertex 2.6569 3.70216 0.799999
      vertex 2.66672 3.80086 0
      vertex 2.66672 3.80086 0.799999
    endloop
  endfacet
  facet normal 0.995087 -0.0990046 0
    outer loop
      vertex 2.66672 3.80086 0
      vertex 2.6569 3.70216 0.799999
      vertex 2.6569 3.70216 0
    endloop
  endfacet
  facet normal 0.768403 -0.639966 0
    outer loop
      vertex 2.29023 2.90246 0.799999
      vertex 2.35371 2.97868 0
      vertex 2.35371 2.97868 0.799999
    endloop
  endfacet
  facet normal 0.768403 -0.639966 0
    outer loop
      vertex 2.35371 2.97868 0
      vertex 2.29023 2.90246 0.799999
      vertex 2.29023 2.90246 0
    endloop
  endfacet
  facet normal 0.401681 -0.91578 0
    outer loop
      vertex 1.7268 2.50717 0
      vertex 1.81763 2.54701 0.799999
      vertex 1.7268 2.50717 0.799999
    endloop
  endfacet
  facet normal 0.401681 -0.91578 0
    outer loop
      vertex 1.81763 2.54701 0.799999
      vertex 1.7268 2.50717 0
      vertex 1.81763 2.54701 0
    endloop
  endfacet
  facet normal 0.768403 0.639966 0
    outer loop
      vertex 2.35371 4.82132 0.799999
      vertex 2.29023 4.89754 0
      vertex 2.29023 4.89754 0.799999
    endloop
  endfacet
  facet normal 0.768403 0.639966 0
    outer loop
      vertex 2.29023 4.89754 0
      vertex 2.35371 4.82132 0.799999
      vertex 2.35371 4.82132 0
    endloop
  endfacet
  facet normal 0.879482 -0.475932 0
    outer loop
      vertex 2.46488 3.14285 0.799999
      vertex 2.51209 3.23009 0
      vertex 2.51209 3.23009 0.799999
    endloop
  endfacet
  facet normal 0.879482 -0.475932 0
    outer loop
      vertex 2.51209 3.23009 0
      vertex 2.46488 3.14285 0.799999
      vertex 2.46488 3.14285 0
    endloop
  endfacet
  facet normal 0.956058 -0.293179 0
    outer loop
      vertex 2.58873 3.41295 0.799999
      vertex 2.61781 3.50778 0
      vertex 2.61781 3.50778 0.799999
    endloop
  endfacet
  facet normal 0.956058 -0.293179 0
    outer loop
      vertex 2.61781 3.50778 0
      vertex 2.58873 3.41295 0.799999
      vertex 2.58873 3.41295 0
    endloop
  endfacet
  facet normal 0.461353 -0.887217 0
    outer loop
      vertex 1.81763 2.54701 0
      vertex 1.90563 2.59277 0.799999
      vertex 1.81763 2.54701 0.799999
    endloop
  endfacet
  facet normal 0.461353 -0.887217 0
    outer loop
      vertex 1.90563 2.59277 0.799999
      vertex 1.81763 2.54701 0
      vertex 1.90563 2.59277 0
    endloop
  endfacet
  facet normal 0.213411 -0.976963 0
    outer loop
      vertex 1.525 2.44301 0
      vertex 1.53823 2.4459 0.799999
      vertex 1.525 2.44301 0.799999
    endloop
  endfacet
  facet normal 0.213411 -0.976963 0
    outer loop
      vertex 1.53823 2.4459 0.799999
      vertex 1.525 2.44301 0
      vertex 1.53823 2.4459 0
    endloop
  endfacet
  facet normal 0.27737 -0.960763 0
    outer loop
      vertex 1.53823 2.4459 0
      vertex 1.63352 2.47341 0.799999
      vertex 1.53823 2.4459 0.799999
    endloop
  endfacet
  facet normal 0.27737 -0.960763 0
    outer loop
      vertex 1.63352 2.47341 0.799999
      vertex 1.53823 2.4459 0
      vertex 1.63352 2.47341 0
    endloop
  endfacet
  facet normal 0.986356 -0.164628 0
    outer loop
      vertex 2.64057 3.60432 0.799999
      vertex 2.6569 3.70216 0
      vertex 2.6569 3.70216 0.799999
    endloop
  endfacet
  facet normal 0.986356 -0.164628 0
    outer loop
      vertex 2.6569 3.70216 0
      vertex 2.64057 3.60432 0.799999
      vertex 2.64057 3.60432 0
    endloop
  endfacet
  facet normal 0.909001 -0.416794 0
    outer loop
      vertex 2.51209 3.23009 0.799999
      vertex 2.55343 3.32025 0
      vertex 2.55343 3.32025 0.799999
    endloop
  endfacet
  facet normal 0.909001 -0.416794 0
    outer loop
      vertex 2.55343 3.32025 0
      vertex 2.51209 3.23009 0.799999
      vertex 2.51209 3.23009 0
    endloop
  endfacet
  facet normal 0.84609 -0.533041 0
    outer loop
      vertex 2.41201 3.05893 0.799999
      vertex 2.46488 3.14285 0
      vertex 2.46488 3.14285 0.799999
    endloop
  endfacet
  facet normal 0.84609 -0.533041 0
    outer loop
      vertex 2.46488 3.14285 0
      vertex 2.41201 3.05893 0.799999
      vertex 2.41201 3.05893 0
    endloop
  endfacet
  facet normal 0.809041 -0.587752 0
    outer loop
      vertex 2.35371 2.97868 0.799999
      vertex 2.41201 3.05893 0
      vertex 2.41201 3.05893 0.799999
    endloop
  endfacet
  facet normal 0.809041 -0.587752 0
    outer loop
      vertex 2.41201 3.05893 0
      vertex 2.35371 2.97868 0.799999
      vertex 2.35371 2.97868 0
    endloop
  endfacet
  facet normal 0.574342 -0.818616 0
    outer loop
      vertex 1.99042 2.64425 0
      vertex 2.07162 2.70122 0.799999
      vertex 1.99042 2.64425 0.799999
    endloop
  endfacet
  facet normal 0.574342 -0.818616 0
    outer loop
      vertex 2.07162 2.70122 0.799999
      vertex 1.99042 2.64425 0
      vertex 2.07162 2.70122 0
    endloop
  endfacet
  facet normal 0.677266 -0.735738 0
    outer loop
      vertex 2.14888 2.76343 0
      vertex 2.22186 2.83061 0.799999
      vertex 2.14888 2.76343 0.799999
    endloop
  endfacet
  facet normal 0.677266 -0.735738 0
    outer loop
      vertex 2.22186 2.83061 0.799999
      vertex 2.14888 2.76343 0
      vertex 2.22186 2.83061 0
    endloop
  endfacet
  facet normal 0.627163 -0.778888 0
    outer loop
      vertex 2.07162 2.70122 0
      vertex 2.14888 2.76343 0.799999
      vertex 2.07162 2.70122 0.799999
    endloop
  endfacet
  facet normal 0.627163 -0.778888 0
    outer loop
      vertex 2.14888 2.76343 0.799999
      vertex 2.07162 2.70122 0
      vertex 2.14888 2.76343 0
    endloop
  endfacet
  facet normal 0.518981 -0.854786 0
    outer loop
      vertex 1.90563 2.59277 0
      vertex 1.99042 2.64425 0.799999
      vertex 1.90563 2.59277 0.799999
    endloop
  endfacet
  facet normal 0.518981 -0.854786 0
    outer loop
      vertex 1.99042 2.64425 0.799999
      vertex 1.90563 2.59277 0
      vertex 1.99042 2.64425 0
    endloop
  endfacet
  facet normal 0.999453 0.0330798 0
    outer loop
      vertex 2.67 11.9 0.799999
      vertex 2.66672 11.9991 0
      vertex 2.66672 11.9991 0.799999
    endloop
  endfacet
  facet normal 0.999453 0.0330798 0
    outer loop
      vertex 2.66672 11.9991 0
      vertex 2.67 11.9 0.799999
      vertex 2.67 11.9 0
    endloop
  endfacet
  facet normal 0.677375 0.735638 -0
    outer loop
      vertex 2.22186 12.9694 0
      vertex 2.14888 13.0366 0.799999
      vertex 2.22186 12.9694 0.799999
    endloop
  endfacet
  facet normal 0.677375 0.735638 0
    outer loop
      vertex 2.14888 13.0366 0.799999
      vertex 2.22186 12.9694 0
      vertex 2.14888 13.0366 0
    endloop
  endfacet
  facet normal 0.909071 0.416641 0
    outer loop
      vertex 2.55343 12.4797 0.799999
      vertex 2.51209 12.5699 0
      vertex 2.51209 12.5699 0.799999
    endloop
  endfacet
  facet normal 0.909071 0.416641 0
    outer loop
      vertex 2.51209 12.5699 0
      vertex 2.55343 12.4797 0.799999
      vertex 2.55343 12.4797 0
    endloop
  endfacet
  facet normal 0.340675 0.940181 -0
    outer loop
      vertex 1.7268 13.2928 0
      vertex 1.63352 13.3266 0.799999
      vertex 1.7268 13.2928 0.799999
    endloop
  endfacet
  facet normal 0.340675 0.940181 0
    outer loop
      vertex 1.63352 13.3266 0.799999
      vertex 1.7268 13.2928 0
      vertex 1.63352 13.3266 0
    endloop
  endfacet
  facet normal 0.573868 0.818948 -0
    outer loop
      vertex 2.07162 13.0988 0
      vertex 1.99042 13.1557 0.799999
      vertex 2.07162 13.0988 0.799999
    endloop
  endfacet
  facet normal 0.573868 0.818948 0
    outer loop
      vertex 1.99042 13.1557 0.799999
      vertex 2.07162 13.0988 0
      vertex 1.99042 13.1557 0
    endloop
  endfacet
  facet normal 0.973295 0.229556 0
    outer loop
      vertex 2.64057 12.1957 0.799999
      vertex 2.61781 12.2922 0
      vertex 2.61781 12.2922 0.799999
    endloop
  endfacet
  facet normal 0.973295 0.229556 0
    outer loop
      vertex 2.61781 12.2922 0
      vertex 2.64057 12.1957 0.799999
      vertex 2.64057 12.1957 0
    endloop
  endfacet
  facet normal 0.808867 0.587992 0
    outer loop
      vertex 2.41201 12.7411 0.799999
      vertex 2.35371 12.8213 0
      vertex 2.35371 12.8213 0.799999
    endloop
  endfacet
  facet normal 0.808867 0.587992 0
    outer loop
      vertex 2.35371 12.8213 0
      vertex 2.41201 12.7411 0.799999
      vertex 2.41201 12.7411 0
    endloop
  endfacet
  facet normal 0.277277 0.96079 -0
    outer loop
      vertex 1.63352 13.3266 0
      vertex 1.53823 13.3541 0.799999
      vertex 1.63352 13.3266 0.799999
    endloop
  endfacet
  facet normal 0.277277 0.96079 0
    outer loop
      vertex 1.53823 13.3541 0.799999
      vertex 1.63352 13.3266 0
      vertex 1.53823 13.3541 0
    endloop
  endfacet
  facet normal 0.627102 0.778937 -0
    outer loop
      vertex 2.14888 13.0366 0
      vertex 2.07162 13.0988 0.799999
      vertex 2.14888 13.0366 0.799999
    endloop
  endfacet
  facet normal 0.627102 0.778937 0
    outer loop
      vertex 2.07162 13.0988 0.799999
      vertex 2.14888 13.0366 0
      vertex 2.07162 13.0988 0
    endloop
  endfacet
  facet normal 0.973295 -0.229556 0
    outer loop
      vertex 2.61781 11.5078 0.799999
      vertex 2.64057 11.6043 0
      vertex 2.64057 11.6043 0.799999
    endloop
  endfacet
  facet normal 0.973295 -0.229556 0
    outer loop
      vertex 2.64057 11.6043 0
      vertex 2.61781 11.5078 0.799999
      vertex 2.61781 11.5078 0
    endloop
  endfacet
  facet normal 0.724672 -0.689094 0
    outer loop
      vertex 2.22186 10.8306 0.799999
      vertex 2.29023 10.9025 0
      vertex 2.29023 10.9025 0.799999
    endloop
  endfacet
  facet normal 0.724672 -0.689094 0
    outer loop
      vertex 2.29023 10.9025 0
      vertex 2.22186 10.8306 0.799999
      vertex 2.22186 10.8306 0
    endloop
  endfacet
  facet normal 0.934536 -0.35587 0
    outer loop
      vertex 2.55343 11.3203 0.799999
      vertex 2.58873 11.413 0
      vertex 2.58873 11.413 0.799999
    endloop
  endfacet
  facet normal 0.934536 -0.35587 0
    outer loop
      vertex 2.58873 11.413 0
      vertex 2.55343 11.3203 0.799999
      vertex 2.55343 11.3203 0
    endloop
  endfacet
  facet normal 0.340675 -0.940181 0
    outer loop
      vertex 1.63352 10.4734 0
      vertex 1.7268 10.5072 0.799999
      vertex 1.63352 10.4734 0.799999
    endloop
  endfacet
  facet normal 0.340675 -0.940181 0
    outer loop
      vertex 1.7268 10.5072 0.799999
      vertex 1.63352 10.4734 0
      vertex 1.7268 10.5072 0
    endloop
  endfacet
  facet normal 0.986372 0.16453 0
    outer loop
      vertex 2.6569 12.0978 0.799999
      vertex 2.64057 12.1957 0
      vertex 2.64057 12.1957 0.799999
    endloop
  endfacet
  facet normal 0.986372 0.16453 0
    outer loop
      vertex 2.64057 12.1957 0
      vertex 2.6569 12.0978 0.799999
      vertex 2.6569 12.0978 0
    endloop
  endfacet
  facet normal 0.995087 0.0990046 0
    outer loop
      vertex 2.66672 11.9991 0.799999
      vertex 2.6569 12.0978 0
      vertex 2.6569 12.0978 0.799999
    endloop
  endfacet
  facet normal 0.995087 0.0990046 0
    outer loop
      vertex 2.6569 12.0978 0
      vertex 2.66672 11.9991 0.799999
      vertex 2.66672 11.9991 0
    endloop
  endfacet
  facet normal 0.956032 0.293264 0
    outer loop
      vertex 2.61781 12.2922 0.799999
      vertex 2.58873 12.387 0
      vertex 2.58873 12.387 0.799999
    endloop
  endfacet
  facet normal 0.956032 0.293264 0
    outer loop
      vertex 2.58873 12.387 0
      vertex 2.61781 12.2922 0.799999
      vertex 2.61781 12.2922 0
    endloop
  endfacet
  facet normal 0.934536 0.35587 0
    outer loop
      vertex 2.58873 12.387 0.799999
      vertex 2.55343 12.4797 0
      vertex 2.55343 12.4797 0.799999
    endloop
  endfacet
  facet normal 0.934536 0.35587 0
    outer loop
      vertex 2.55343 12.4797 0
      vertex 2.58873 12.387 0.799999
      vertex 2.58873 12.387 0
    endloop
  endfacet
  facet normal 0.724672 0.689094 0
    outer loop
      vertex 2.29023 12.8975 0.799999
      vertex 2.22186 12.9694 0
      vertex 2.22186 12.9694 0.799999
    endloop
  endfacet
  facet normal 0.724672 0.689094 0
    outer loop
      vertex 2.22186 12.9694 0
      vertex 2.29023 12.8975 0.799999
      vertex 2.29023 12.8975 0
    endloop
  endfacet
  facet normal 0.846319 0.532677 0
    outer loop
      vertex 2.46488 12.6571 0.799999
      vertex 2.41201 12.7411 0
      vertex 2.41201 12.7411 0.799999
    endloop
  endfacet
  facet normal 0.846319 0.532677 0
    outer loop
      vertex 2.41201 12.7411 0
      vertex 2.46488 12.6571 0.799999
      vertex 2.46488 12.6571 0
    endloop
  endfacet
  facet normal 0.87939 0.476101 0
    outer loop
      vertex 2.51209 12.5699 0.799999
      vertex 2.46488 12.6571 0
      vertex 2.46488 12.6571 0.799999
    endloop
  endfacet
  facet normal 0.87939 0.476101 0
    outer loop
      vertex 2.46488 12.6571 0
      vertex 2.51209 12.5699 0.799999
      vertex 2.51209 12.5699 0
    endloop
  endfacet
  facet normal 0.214115 0.976808 -0
    outer loop
      vertex 1.53823 13.3541 0
      vertex 1.525 13.357 0.799999
      vertex 1.53823 13.3541 0.799999
    endloop
  endfacet
  facet normal 0.214115 0.976808 0
    outer loop
      vertex 1.525 13.357 0.799999
      vertex 1.53823 13.3541 0
      vertex 1.525 13.357 0
    endloop
  endfacet
  facet normal 0.46167 0.887052 -0
    outer loop
      vertex 1.90563 13.2072 0
      vertex 1.81763 13.253 0.799999
      vertex 1.90563 13.2072 0.799999
    endloop
  endfacet
  facet normal 0.46167 0.887052 0
    outer loop
      vertex 1.81763 13.253 0.799999
      vertex 1.90563 13.2072 0
      vertex 1.81763 13.253 0
    endloop
  endfacet
  facet normal 0.401342 0.915928 -0
    outer loop
      vertex 1.81763 13.253 0
      vertex 1.7268 13.2928 0.799999
      vertex 1.81763 13.253 0.799999
    endloop
  endfacet
  facet normal 0.401342 0.915928 0
    outer loop
      vertex 1.7268 13.2928 0.799999
      vertex 1.81763 13.253 0
      vertex 1.7268 13.2928 0
    endloop
  endfacet
  facet normal 0.519128 0.854696 -0
    outer loop
      vertex 1.99042 13.1557 0
      vertex 1.90563 13.2072 0.799999
      vertex 1.99042 13.1557 0.799999
    endloop
  endfacet
  facet normal 0.519128 0.854696 0
    outer loop
      vertex 1.90563 13.2072 0.799999
      vertex 1.99042 13.1557 0
      vertex 1.90563 13.2072 0
    endloop
  endfacet
  facet normal 0 0 1
    outer loop
      vertex 2.09 11.9 0.799999
      vertex 2.67 11.9 0.799999
      vertex 2.66672 11.9991 0.799999
    endloop
  endfacet
  facet normal 0 0 1
    outer loop
      vertex 2.08543 11.9916 0.799999
      vertex 2.66672 11.9991 0.799999
      vertex 2.6569 12.0978 0.799999
    endloop
  endfacet
  facet normal 0 0 1
    outer loop
      vertex 2.67 11.9 0.799999
      vertex 2.09 11.9 0.799999
      vertex 2.66672 11.8009 0.799999
    endloop
  endfacet
  facet normal 0 0 1
    outer loop
      vertex 2.07176 12.0823 0.799999
      vertex 2.6569 12.0978 0.799999
      vertex 2.64057 12.1957 0.799999
    endloop
  endfacet
  facet normal -0 0 1
    outer loop
      vertex 2.08583 11.8164 0.799999
      vertex 2.66672 11.8009 0.799999
      vertex 2.09 11.9 0.799999
    endloop
  endfacet
  facet normal 0 0 1
    outer loop
      vertex 2.06979 12.09 0.799999
      vertex 2.64057 12.1957 0.799999
      vertex 2.61781 12.2922 0.799999
    endloop
  endfacet
  facet normal -0 0 1
    outer loop
      vertex 2.08543 11.8084 0.799999
      vertex 2.66672 11.8009 0.799999
      vertex 2.08583 11.8164 0.799999
    endloop
  endfacet
  facet normal 0 0 1
    outer loop
      vertex 2.04913 12.1712 0.799999
      vertex 2.61781 12.2922 0.799999
      vertex 2.58873 12.387 0.799999
    endloop
  endfacet
  facet normal 0 0 1
    outer loop
      vertex 2.66672 11.8009 0.799999
      vertex 2.08543 11.8084 0.799999
      vertex 2.6569 11.7022 0.799999
    endloop
  endfacet
  facet normal 0 0 1
    outer loop
      vertex 2.02049 12.2499 0.799999
      vertex 2.58873 12.387 0.799999
      vertex 2.55343 12.4797 0.799999
    endloop
  endfacet
  facet normal -0 0 1
    outer loop
      vertex 2.08424 11.8005 0.799999
      vertex 2.6569 11.7022 0.799999
      vertex 2.08543 11.8084 0.799999
    endloop
  endfacet
  facet normal 0 0 1
    outer loop
      vertex 2.01776 12.2574 0.799999
      vertex 2.55343 12.4797 0.799999
      vertex 2.51209 12.5699 0.799999
    endloop
  endfacet
  facet normal -0 0 1
    outer loop
      vertex 2.07176 11.7177 0.799999
      vertex 2.6569 11.7022 0.799999
      vertex 2.08424 11.8005 0.799999
    endloop
  endfacet
  facet normal 0 0 1
    outer loop
      vertex 1.97796 12.34 0.799999
      vertex 2.51209 12.5699 0.799999
      vertex 2.46488 12.6571 0.799999
    endloop
  endfacet
  facet normal 0 0 1
    outer loop
      vertex 2.6569 11.7022 0.799999
      vertex 2.07176 11.7177 0.799999
      vertex 2.64057 11.6043 0.799999
    endloop
  endfacet
  facet normal 0 0 1
    outer loop
      vertex 1.9343 12.4114 0.799999
      vertex 2.46488 12.6571 0.799999
      vertex 2.41201 12.7411 0.799999
    endloop
  endfacet
  facet normal -0 0 1
    outer loop
      vertex 2.06979 11.71 0.799999
      vertex 2.64057 11.6043 0.799999
      vertex 2.07176 11.7177 0.799999
    endloop
  endfacet
  facet normal 0 0 1
    outer loop
      vertex 1.92532 12.4246 0.799999
      vertex 2.41201 12.7411 0.799999
      vertex 2.35371 12.8213 0.799999
    endloop
  endfacet
  facet normal 0 0 1
    outer loop
      vertex 2.64057 11.6043 0.799999
      vertex 2.06979 11.71 0.799999
      vertex 2.61781 11.5078 0.799999
    endloop
  endfacet
  facet normal 0 0 1
    outer loop
      vertex 1.87476 12.4914 0.799999
      vertex 2.35371 12.8213 0.799999
      vertex 2.29023 12.8975 0.799999
    endloop
  endfacet
  facet normal -0 0 1
    outer loop
      vertex 2.04913 11.6288 0.799999
      vertex 2.61781 11.5078 0.799999
      vertex 2.06979 11.71 0.799999
    endloop
  endfacet
  facet normal 0 0 1
    outer loop
      vertex 1.81238 12.5586 0.799999
      vertex 2.29023 12.8975 0.799999
      vertex 2.22186 12.9694 0.799999
    endloop
  endfacet
  facet normal 0 0 1
    outer loop
      vertex 2.61781 11.5078 0.799999
      vertex 2.04913 11.6288 0.799999
      vertex 2.58873 11.413 0.799999
    endloop
  endfacet
  facet normal 0 0 1
    outer loop
      vertex 1.8064 12.5639 0.799999
      vertex 2.22186 12.9694 0.799999
      vertex 2.14888 13.0366 0.799999
    endloop
  endfacet
  facet normal -0 0 1
    outer loop
      vertex 2.02049 11.5501 0.799999
      vertex 2.58873 11.413 0.799999
      vertex 2.04913 11.6288 0.799999
    endloop
  endfacet
  facet normal 0 0 1
    outer loop
      vertex 2.58873 11.413 0.799999
      vertex 2.02049 11.5501 0.799999
      vertex 2.55343 11.3203 0.799999
    endloop
  endfacet
  facet normal 0 0 1
    outer loop
      vertex 2.66672 11.9991 0.799999
      vertex 2.08543 11.9916 0.799999
      vertex 2.09 11.9 0.799999
    endloop
  endfacet
  facet normal 0 0 1
    outer loop
      vertex 2.6569 12.0978 0.799999
      vertex 2.08424 11.9995 0.799999
      vertex 2.08543 11.9916 0.799999
    endloop
  endfacet
  facet normal 0 0 1
    outer loop
      vertex 2.6569 12.0978 0.799999
      vertex 2.07176 12.0823 0.799999
      vertex 2.08424 11.9995 0.799999
    endloop
  endfacet
  facet normal 0 0 1
    outer loop
      vertex 1.74361 12.6193 0.799999
      vertex 2.14888 13.0366 0.799999
      vertex 2.07162 13.0988 0.799999
    endloop
  endfacet
  facet normal 0 0 1
    outer loop
      vertex 2.64057 12.1957 0.799999
      vertex 2.06979 12.09 0.799999
      vertex 2.07176 12.0823 0.799999
    endloop
  endfacet
  facet normal 0 0 1
    outer loop
      vertex 2.61781 12.2922 0.799999
      vertex 2.04913 12.1712 0.799999
      vertex 2.06979 12.09 0.799999
    endloop
  endfacet
  facet normal 0 0 1
    outer loop
      vertex 2.58873 12.387 0.799999
      vertex 2.02049 12.2499 0.799999
      vertex 2.04913 12.1712 0.799999
    endloop
  endfacet
  facet normal 0 0 1
    outer loop
      vertex 2.55343 12.4797 0.799999
      vertex 2.01776 12.2574 0.799999
      vertex 2.02049 12.2499 0.799999
    endloop
  endfacet
  facet normal 0 0 1
    outer loop
      vertex 1.67562 12.6682 0.799999
      vertex 2.07162 13.0988 0.799999
      vertex 1.99042 13.1557 0.799999
    endloop
  endfacet
  facet normal 0 0 1
    outer loop
      vertex 2.51209 12.5699 0.799999
      vertex 1.98142 12.3328 0.799999
      vertex 2.01776 12.2574 0.799999
    endloop
  endfacet
  facet normal 0 0 1
    outer loop
      vertex 2.51209 12.5699 0.799999
      vertex 1.97796 12.34 0.799999
      vertex 1.98142 12.3328 0.799999
    endloop
  endfacet
  facet normal 0 0 1
    outer loop
      vertex 2.46488 12.6571 0.799999
      vertex 1.9343 12.4114 0.799999
      vertex 1.97796 12.34 0.799999
    endloop
  endfacet
  facet normal 0 0 1
    outer loop
      vertex 2.41201 12.7411 0.799999
      vertex 1.93014 12.4183 0.799999
      vertex 1.9343 12.4114 0.799999
    endloop
  endfacet
  facet normal 0 0 1
    outer loop
      vertex 2.41201 12.7411 0.799999
      vertex 1.92532 12.4246 0.799999
      vertex 1.93014 12.4183 0.799999
    endloop
  endfacet
  facet normal 0 0 1
    outer loop
      vertex 1.66223 12.6768 0.799999
      vertex 1.99042 13.1557 0.799999
      vertex 1.90563 13.2072 0.799999
    endloop
  endfacet
  facet normal 0 0 1
    outer loop
      vertex 2.35371 12.8213 0.799999
      vertex 1.87476 12.4914 0.799999
      vertex 1.92532 12.4246 0.799999
    endloop
  endfacet
  facet normal 0 0 1
    outer loop
      vertex 2.29023 12.8975 0.799999
      vertex 1.86934 12.4972 0.799999
      vertex 1.87476 12.4914 0.799999
    endloop
  endfacet
  facet normal 0 0 1
    outer loop
      vertex 1.58971 12.7187 0.799999
      vertex 1.90563 13.2072 0.799999
      vertex 1.81763 13.253 0.799999
    endloop
  endfacet
  facet normal 0 0 1
    outer loop
      vertex 2.29023 12.8975 0.799999
      vertex 1.81238 12.5586 0.799999
      vertex 1.86934 12.4972 0.799999
    endloop
  endfacet
  facet normal 0 0 1
    outer loop
      vertex 2.22186 12.9694 0.799999
      vertex 1.8064 12.5639 0.799999
      vertex 1.81238 12.5586 0.799999
    endloop
  endfacet
  facet normal 0 0 1
    outer loop
      vertex 2.14888 13.0366 0.799999
      vertex 1.74361 12.6193 0.799999
      vertex 1.8064 12.5639 0.799999
    endloop
  endfacet
  facet normal 0 0 1
    outer loop
      vertex 1.525 12.7479 0.799999
      vertex 1.81763 13.253 0.799999
      vertex 1.7268 13.2928 0.799999
    endloop
  endfacet
  facet normal 0 0 1
    outer loop
      vertex 2.07162 13.0988 0.799999
      vertex 1.67562 12.6682 0.799999
      vertex 1.74361 12.6193 0.799999
    endloop
  endfacet
  facet normal 0 0 1
    outer loop
      vertex 1.99042 13.1557 0.799999
      vertex 1.66914 12.6728 0.799999
      vertex 1.67562 12.6682 0.799999
    endloop
  endfacet
  facet normal 0 0 1
    outer loop
      vertex 1.99042 13.1557 0.799999
      vertex 1.66223 12.6768 0.799999
      vertex 1.66914 12.6728 0.799999
    endloop
  endfacet
  facet normal 0 0 1
    outer loop
      vertex 1.525 12.7479 0.799999
      vertex 1.7268 13.2928 0.799999
      vertex 1.63352 13.3266 0.799999
    endloop
  endfacet
  facet normal 0 0 1
    outer loop
      vertex 1.90563 13.2072 0.799999
      vertex 1.58971 12.7187 0.799999
      vertex 1.66223 12.6768 0.799999
    endloop
  endfacet
  facet normal 0 0 1
    outer loop
      vertex 1.525 12.7479 0.799999
      vertex 1.63352 13.3266 0.799999
      vertex 1.53823 13.3541 0.799999
    endloop
  endfacet
  facet normal 0 0 1
    outer loop
      vertex 1.525 12.7479 0.799999
      vertex 1.53823 13.3541 0.799999
      vertex 1.525 13.357 0.799999
    endloop
  endfacet
  facet normal 0 0 1
    outer loop
      vertex 1.81763 13.253 0.799999
      vertex 1.525 12.7479 0.799999
      vertex 1.58971 12.7187 0.799999
    endloop
  endfacet
  facet normal -0 0 1
    outer loop
      vertex 2.01776 11.5426 0.799999
      vertex 2.55343 11.3203 0.799999
      vertex 2.02049 11.5501 0.799999
    endloop
  endfacet
  facet normal 0 0 1
    outer loop
      vertex 2.55343 11.3203 0.799999
      vertex 2.01776 11.5426 0.799999
      vertex 2.51209 11.2301 0.799999
    endloop
  endfacet
  facet normal -0 0 1
    outer loop
      vertex 1.97796 11.46 0.799999
      vertex 2.51209 11.2301 0.799999
      vertex 2.01776 11.5426 0.799999
    endloop
  endfacet
  facet normal 0 0 1
    outer loop
      vertex 2.51209 11.2301 0.799999
      vertex 1.97796 11.46 0.799999
      vertex 2.46488 11.1429 0.799999
    endloop
  endfacet
  facet normal -0 0 1
    outer loop
      vertex 1.9343 11.3886 0.799999
      vertex 2.46488 11.1429 0.799999
      vertex 1.97796 11.46 0.799999
    endloop
  endfacet
  facet normal 0 0 1
    outer loop
      vertex 2.46488 11.1429 0.799999
      vertex 1.9343 11.3886 0.799999
      vertex 2.41201 11.0589 0.799999
    endloop
  endfacet
  facet normal -0 0 1
    outer loop
      vertex 1.93014 11.3817 0.799999
      vertex 2.41201 11.0589 0.799999
      vertex 1.9343 11.3886 0.799999
    endloop
  endfacet
  facet normal -0 0 1
    outer loop
      vertex 1.92532 11.3754 0.799999
      vertex 2.41201 11.0589 0.799999
      vertex 1.93014 11.3817 0.799999
    endloop
  endfacet
  facet normal 0 0 1
    outer loop
      vertex 2.41201 11.0589 0.799999
      vertex 1.92532 11.3754 0.799999
      vertex 2.35371 10.9787 0.799999
    endloop
  endfacet
  facet normal -0 0 1
    outer loop
      vertex 1.87476 11.3086 0.799999
      vertex 2.35371 10.9787 0.799999
      vertex 1.92532 11.3754 0.799999
    endloop
  endfacet
  facet normal 0 0 1
    outer loop
      vertex 2.35371 10.9787 0.799999
      vertex 1.87476 11.3086 0.799999
      vertex 2.29023 10.9025 0.799999
    endloop
  endfacet
  facet normal -0 0 1
    outer loop
      vertex 1.86934 11.3028 0.799999
      vertex 2.29023 10.9025 0.799999
      vertex 1.87476 11.3086 0.799999
    endloop
  endfacet
  facet normal -0 0 1
    outer loop
      vertex 1.81238 11.2414 0.799999
      vertex 2.29023 10.9025 0.799999
      vertex 1.86934 11.3028 0.799999
    endloop
  endfacet
  facet normal 0 0 1
    outer loop
      vertex 2.29023 10.9025 0.799999
      vertex 1.81238 11.2414 0.799999
      vertex 2.22186 10.8306 0.799999
    endloop
  endfacet
  facet normal -0 0 1
    outer loop
      vertex 1.8064 11.2361 0.799999
      vertex 2.22186 10.8306 0.799999
      vertex 1.81238 11.2414 0.799999
    endloop
  endfacet
  facet normal 0 0 1
    outer loop
      vertex 2.22186 10.8306 0.799999
      vertex 1.8064 11.2361 0.799999
      vertex 2.14888 10.7634 0.799999
    endloop
  endfacet
  facet normal -0 0 1
    outer loop
      vertex 1.74361 11.1807 0.799999
      vertex 2.14888 10.7634 0.799999
      vertex 1.8064 11.2361 0.799999
    endloop
  endfacet
  facet normal 0 0 1
    outer loop
      vertex 2.14888 10.7634 0.799999
      vertex 1.74361 11.1807 0.799999
      vertex 2.07162 10.7012 0.799999
    endloop
  endfacet
  facet normal -0 0 1
    outer loop
      vertex 1.73713 11.1761 0.799999
      vertex 2.07162 10.7012 0.799999
      vertex 1.74361 11.1807 0.799999
    endloop
  endfacet
  facet normal -0 0 1
    outer loop
      vertex 1.66914 11.1272 0.799999
      vertex 2.07162 10.7012 0.799999
      vertex 1.73713 11.1761 0.799999
    endloop
  endfacet
  facet normal 0 0 1
    outer loop
      vertex 2.07162 10.7012 0.799999
      vertex 1.66914 11.1272 0.799999
      vertex 1.99042 10.6442 0.799999
    endloop
  endfacet
  facet normal 0 0 1
    outer loop
      vertex 1.99042 10.6442 0.799999
      vertex 1.66914 11.1272 0.799999
      vertex 1.90563 10.5928 0.799999
    endloop
  endfacet
  facet normal -0 0 1
    outer loop
      vertex 1.59662 11.0853 0.799999
      vertex 1.90563 10.5928 0.799999
      vertex 1.66914 11.1272 0.799999
    endloop
  endfacet
  facet normal -0 0 1
    outer loop
      vertex 1.58971 11.0813 0.799999
      vertex 1.90563 10.5928 0.799999
      vertex 1.59662 11.0853 0.799999
    endloop
  endfacet
  facet normal 0 0 1
    outer loop
      vertex 1.90563 10.5928 0.799999
      vertex 1.58971 11.0813 0.799999
      vertex 1.81763 10.547 0.799999
    endloop
  endfacet
  facet normal -0 0 1
    outer loop
      vertex 1.525 11.0521 0.799999
      vertex 1.81763 10.547 0.799999
      vertex 1.58971 11.0813 0.799999
    endloop
  endfacet
  facet normal 0 0 1
    outer loop
      vertex 1.81763 10.547 0.799999
      vertex 1.525 11.0521 0.799999
      vertex 1.7268 10.5072 0.799999
    endloop
  endfacet
  facet normal 0 0 1
    outer loop
      vertex 1.7268 10.5072 0.799999
      vertex 1.525 11.0521 0.799999
      vertex 1.63352 10.4734 0.799999
    endloop
  endfacet
  facet normal 0 0 1
    outer loop
      vertex 1.63352 10.4734 0.799999
      vertex 1.525 11.0521 0.799999
      vertex 1.53823 10.4459 0.799999
    endloop
  endfacet
  facet normal 0 0 1
    outer loop
      vertex 1.53823 10.4459 0.799999
      vertex 1.525 11.0521 0.799999
      vertex 1.525 10.443 0.799999
    endloop
  endfacet
  facet normal 0.999453 -0.0330798 0
    outer loop
      vertex 2.66672 11.8009 0.799999
      vertex 2.67 11.9 0
      vertex 2.67 11.9 0.799999
    endloop
  endfacet
  facet normal 0.999453 -0.0330798 0
    outer loop
      vertex 2.67 11.9 0
      vertex 2.66672 11.8009 0.799999
      vertex 2.66672 11.8009 0
    endloop
  endfacet
  facet normal 0.986372 -0.16453 0
    outer loop
      vertex 2.64057 11.6043 0.799999
      vertex 2.6569 11.7022 0
      vertex 2.6569 11.7022 0.799999
    endloop
  endfacet
  facet normal 0.986372 -0.16453 0
    outer loop
      vertex 2.6569 11.7022 0
      vertex 2.64057 11.6043 0.799999
      vertex 2.64057 11.6043 0
    endloop
  endfacet
  facet normal 0.76832 -0.640065 0
    outer loop
      vertex 2.29023 10.9025 0.799999
      vertex 2.35371 10.9787 0
      vertex 2.35371 10.9787 0.799999
    endloop
  endfacet
  facet normal 0.76832 -0.640065 0
    outer loop
      vertex 2.35371 10.9787 0
      vertex 2.29023 10.9025 0.799999
      vertex 2.29023 10.9025 0
    endloop
  endfacet
  facet normal 0.46167 -0.887052 0
    outer loop
      vertex 1.81763 10.547 0
      vertex 1.90563 10.5928 0.799999
      vertex 1.81763 10.547 0.799999
    endloop
  endfacet
  facet normal 0.46167 -0.887052 0
    outer loop
      vertex 1.90563 10.5928 0.799999
      vertex 1.81763 10.547 0
      vertex 1.90563 10.5928 0
    endloop
  endfacet
  facet normal 0.76832 0.640065 0
    outer loop
      vertex 2.35371 12.8213 0.799999
      vertex 2.29023 12.8975 0
      vertex 2.29023 12.8975 0.799999
    endloop
  endfacet
  facet normal 0.76832 0.640065 0
    outer loop
      vertex 2.29023 12.8975 0
      vertex 2.35371 12.8213 0.799999
      vertex 2.35371 12.8213 0
    endloop
  endfacet
  facet normal 0.995087 -0.0990046 0
    outer loop
      vertex 2.6569 11.7022 0.799999
      vertex 2.66672 11.8009 0
      vertex 2.66672 11.8009 0.799999
    endloop
  endfacet
  facet normal 0.995087 -0.0990046 0
    outer loop
      vertex 2.66672 11.8009 0
      vertex 2.6569 11.7022 0.799999
      vertex 2.6569 11.7022 0
    endloop
  endfacet
  facet normal 0.87939 -0.476101 0
    outer loop
      vertex 2.46488 11.1429 0.799999
      vertex 2.51209 11.2301 0
      vertex 2.51209 11.2301 0.799999
    endloop
  endfacet
  facet normal 0.87939 -0.476101 0
    outer loop
      vertex 2.51209 11.2301 0
      vertex 2.46488 11.1429 0.799999
      vertex 2.46488 11.1429 0
    endloop
  endfacet
  facet normal 0.956032 -0.293264 0
    outer loop
      vertex 2.58873 11.413 0.799999
      vertex 2.61781 11.5078 0
      vertex 2.61781 11.5078 0.799999
    endloop
  endfacet
  facet normal 0.956032 -0.293264 0
    outer loop
      vertex 2.61781 11.5078 0
      vertex 2.58873 11.413 0.799999
      vertex 2.58873 11.413 0
    endloop
  endfacet
  facet normal 0.627102 -0.778937 0
    outer loop
      vertex 2.07162 10.7012 0
      vertex 2.14888 10.7634 0.799999
      vertex 2.07162 10.7012 0.799999
    endloop
  endfacet
  facet normal 0.627102 -0.778937 0
    outer loop
      vertex 2.14888 10.7634 0.799999
      vertex 2.07162 10.7012 0
      vertex 2.14888 10.7634 0
    endloop
  endfacet
  facet normal 0.401342 -0.915928 0
    outer loop
      vertex 1.7268 10.5072 0
      vertex 1.81763 10.547 0.799999
      vertex 1.7268 10.5072 0.799999
    endloop
  endfacet
  facet normal 0.401342 -0.915928 0
    outer loop
      vertex 1.81763 10.547 0.799999
      vertex 1.7268 10.5072 0
      vertex 1.81763 10.547 0
    endloop
  endfacet
  facet normal 0.214115 -0.976808 0
    outer loop
      vertex 1.525 10.443 0
      vertex 1.53823 10.4459 0.799999
      vertex 1.525 10.443 0.799999
    endloop
  endfacet
  facet normal 0.214115 -0.976808 0
    outer loop
      vertex 1.53823 10.4459 0.799999
      vertex 1.525 10.443 0
      vertex 1.53823 10.4459 0
    endloop
  endfacet
  facet normal 0.277277 -0.96079 0
    outer loop
      vertex 1.53823 10.4459 0
      vertex 1.63352 10.4734 0.799999
      vertex 1.53823 10.4459 0.799999
    endloop
  endfacet
  facet normal 0.277277 -0.96079 0
    outer loop
      vertex 1.63352 10.4734 0.799999
      vertex 1.53823 10.4459 0
      vertex 1.63352 10.4734 0
    endloop
  endfacet
  facet normal 0.909071 -0.416641 0
    outer loop
      vertex 2.51209 11.2301 0.799999
      vertex 2.55343 11.3203 0
      vertex 2.55343 11.3203 0.799999
    endloop
  endfacet
  facet normal 0.909071 -0.416641 0
    outer loop
      vertex 2.55343 11.3203 0
      vertex 2.51209 11.2301 0.799999
      vertex 2.51209 11.2301 0
    endloop
  endfacet
  facet normal 0.846319 -0.532677 0
    outer loop
      vertex 2.41201 11.0589 0.799999
      vertex 2.46488 11.1429 0
      vertex 2.46488 11.1429 0.799999
    endloop
  endfacet
  facet normal 0.846319 -0.532677 0
    outer loop
      vertex 2.46488 11.1429 0
      vertex 2.41201 11.0589 0.799999
      vertex 2.41201 11.0589 0
    endloop
  endfacet
  facet normal 0.808867 -0.587992 0
    outer loop
      vertex 2.35371 10.9787 0.799999
      vertex 2.41201 11.0589 0
      vertex 2.41201 11.0589 0.799999
    endloop
  endfacet
  facet normal 0.808867 -0.587992 0
    outer loop
      vertex 2.41201 11.0589 0
      vertex 2.35371 10.9787 0.799999
      vertex 2.35371 10.9787 0
    endloop
  endfacet
  facet normal 0.677375 -0.735638 0
    outer loop
      vertex 2.14888 10.7634 0
      vertex 2.22186 10.8306 0.799999
      vertex 2.14888 10.7634 0.799999
    endloop
  endfacet
  facet normal 0.677375 -0.735638 0
    outer loop
      vertex 2.22186 10.8306 0.799999
      vertex 2.14888 10.7634 0
      vertex 2.22186 10.8306 0
    endloop
  endfacet
  facet normal 0.574544 -0.818474 0
    outer loop
      vertex 1.99042 10.6442 0
      vertex 2.07162 10.7012 0.799999
      vertex 1.99042 10.6442 0.799999
    endloop
  endfacet
  facet normal 0.574544 -0.818474 0
    outer loop
      vertex 2.07162 10.7012 0.799999
      vertex 1.99042 10.6442 0
      vertex 2.07162 10.7012 0
    endloop
  endfacet
  facet normal 0.518391 -0.855144 0
    outer loop
      vertex 1.90563 10.5928 0
      vertex 1.99042 10.6442 0.799999
      vertex 1.90563 10.5928 0.799999
    endloop
  endfacet
  facet normal 0.518391 -0.855144 0
    outer loop
      vertex 1.99042 10.6442 0.799999
      vertex 1.90563 10.5928 0
      vertex 1.99042 10.6442 0
    endloop
  endfacet
  facet normal 0.999453 0.0330798 0
    outer loop
      vertex 2.67 19.9 0.799999
      vertex 2.66672 19.9991 0
      vertex 2.66672 19.9991 0.799999
    endloop
  endfacet
  facet normal 0.999453 0.0330798 0
    outer loop
      vertex 2.66672 19.9991 0
      vertex 2.67 19.9 0.799999
      vertex 2.67 19.9 0
    endloop
  endfacet
  facet normal 0.677375 0.735638 -0
    outer loop
      vertex 2.22186 20.9694 0
      vertex 2.14888 21.0366 0.799999
      vertex 2.22186 20.9694 0.799999
    endloop
  endfacet
  facet normal 0.677375 0.735638 0
    outer loop
      vertex 2.14888 21.0366 0.799999
      vertex 2.22186 20.9694 0
      vertex 2.14888 21.0366 0
    endloop
  endfacet
  facet normal 0.909071 0.416641 0
    outer loop
      vertex 2.55343 20.4797 0.799999
      vertex 2.51209 20.5699 0
      vertex 2.51209 20.5699 0.799999
    endloop
  endfacet
  facet normal 0.909071 0.416641 0
    outer loop
      vertex 2.51209 20.5699 0
      vertex 2.55343 20.4797 0.799999
      vertex 2.55343 20.4797 0
    endloop
  endfacet
  facet normal 0.340675 0.940181 -0
    outer loop
      vertex 1.7268 21.2928 0
      vertex 1.63352 21.3266 0.799999
      vertex 1.7268 21.2928 0.799999
    endloop
  endfacet
  facet normal 0.340675 0.940181 0
    outer loop
      vertex 1.63352 21.3266 0.799999
      vertex 1.7268 21.2928 0
      vertex 1.63352 21.3266 0
    endloop
  endfacet
  facet normal 0.574544 0.818474 -0
    outer loop
      vertex 2.07162 21.0988 0
      vertex 1.99042 21.1558 0.799999
      vertex 2.07162 21.0988 0.799999
    endloop
  endfacet
  facet normal 0.574544 0.818474 0
    outer loop
      vertex 1.99042 21.1558 0.799999
      vertex 2.07162 21.0988 0
      vertex 1.99042 21.1558 0
    endloop
  endfacet
  facet normal 0.973295 0.229556 0
    outer loop
      vertex 2.64057 20.1957 0.799999
      vertex 2.61781 20.2922 0
      vertex 2.61781 20.2922 0.799999
    endloop
  endfacet
  facet normal 0.973295 0.229556 0
    outer loop
      vertex 2.61781 20.2922 0
      vertex 2.64057 20.1957 0.799999
      vertex 2.64057 20.1957 0
    endloop
  endfacet
  facet normal 0.808867 0.587992 0
    outer loop
      vertex 2.41201 20.7411 0.799999
      vertex 2.35371 20.8213 0
      vertex 2.35371 20.8213 0.799999
    endloop
  endfacet
  facet normal 0.808867 0.587992 0
    outer loop
      vertex 2.35371 20.8213 0
      vertex 2.41201 20.7411 0.799999
      vertex 2.41201 20.7411 0
    endloop
  endfacet
  facet normal 0.277277 0.96079 -0
    outer loop
      vertex 1.63352 21.3266 0
      vertex 1.53823 21.3541 0.799999
      vertex 1.63352 21.3266 0.799999
    endloop
  endfacet
  facet normal 0.277277 0.96079 0
    outer loop
      vertex 1.53823 21.3541 0.799999
      vertex 1.63352 21.3266 0
      vertex 1.53823 21.3541 0
    endloop
  endfacet
  facet normal 0.627102 0.778937 -0
    outer loop
      vertex 2.14888 21.0366 0
      vertex 2.07162 21.0988 0.799999
      vertex 2.14888 21.0366 0.799999
    endloop
  endfacet
  facet normal 0.627102 0.778937 0
    outer loop
      vertex 2.07162 21.0988 0.799999
      vertex 2.14888 21.0366 0
      vertex 2.07162 21.0988 0
    endloop
  endfacet
  facet normal 0.956032 -0.293264 0
    outer loop
      vertex 2.58873 19.413 0.799999
      vertex 2.61781 19.5078 0
      vertex 2.61781 19.5078 0.799999
    endloop
  endfacet
  facet normal 0.956032 -0.293264 0
    outer loop
      vertex 2.61781 19.5078 0
      vertex 2.58873 19.413 0.799999
      vertex 2.58873 19.413 0
    endloop
  endfacet
  facet normal 0.973295 -0.229556 0
    outer loop
      vertex 2.61781 19.5078 0.799999
      vertex 2.64057 19.6043 0
      vertex 2.64057 19.6043 0.799999
    endloop
  endfacet
  facet normal 0.973295 -0.229556 0
    outer loop
      vertex 2.64057 19.6043 0
      vertex 2.61781 19.5078 0.799999
      vertex 2.61781 19.5078 0
    endloop
  endfacet
  facet normal 0.724672 -0.689094 0
    outer loop
      vertex 2.22186 18.8306 0.799999
      vertex 2.29023 18.9025 0
      vertex 2.29023 18.9025 0.799999
    endloop
  endfacet
  facet normal 0.724672 -0.689094 0
    outer loop
      vertex 2.29023 18.9025 0
      vertex 2.22186 18.8306 0.799999
      vertex 2.22186 18.8306 0
    endloop
  endfacet
  facet normal 0.934536 -0.35587 0
    outer loop
      vertex 2.55343 19.3203 0.799999
      vertex 2.58873 19.413 0
      vertex 2.58873 19.413 0.799999
    endloop
  endfacet
  facet normal 0.934536 -0.35587 0
    outer loop
      vertex 2.58873 19.413 0
      vertex 2.55343 19.3203 0.799999
      vertex 2.55343 19.3203 0
    endloop
  endfacet
  facet normal 0.846319 -0.532677 0
    outer loop
      vertex 2.41201 19.0589 0.799999
      vertex 2.46488 19.1429 0
      vertex 2.46488 19.1429 0.799999
    endloop
  endfacet
  facet normal 0.846319 -0.532677 0
    outer loop
      vertex 2.46488 19.1429 0
      vertex 2.41201 19.0589 0.799999
      vertex 2.41201 19.0589 0
    endloop
  endfacet
  facet normal 0.340675 -0.940181 0
    outer loop
      vertex 1.63352 18.4734 0
      vertex 1.7268 18.5072 0.799999
      vertex 1.63352 18.4734 0.799999
    endloop
  endfacet
  facet normal 0.340675 -0.940181 0
    outer loop
      vertex 1.7268 18.5072 0.799999
      vertex 1.63352 18.4734 0
      vertex 1.7268 18.5072 0
    endloop
  endfacet
  facet normal 0.986372 0.16453 0
    outer loop
      vertex 2.6569 20.0978 0.799999
      vertex 2.64057 20.1957 0
      vertex 2.64057 20.1957 0.799999
    endloop
  endfacet
  facet normal 0.986372 0.16453 0
    outer loop
      vertex 2.64057 20.1957 0
      vertex 2.6569 20.0978 0.799999
      vertex 2.6569 20.0978 0
    endloop
  endfacet
  facet normal 0.995087 0.0990046 0
    outer loop
      vertex 2.66672 19.9991 0.799999
      vertex 2.6569 20.0978 0
      vertex 2.6569 20.0978 0.799999
    endloop
  endfacet
  facet normal 0.995087 0.0990046 0
    outer loop
      vertex 2.6569 20.0978 0
      vertex 2.66672 19.9991 0.799999
      vertex 2.66672 19.9991 0
    endloop
  endfacet
  facet normal 0.956032 0.293264 0
    outer loop
      vertex 2.61781 20.2922 0.799999
      vertex 2.58873 20.387 0
      vertex 2.58873 20.387 0.799999
    endloop
  endfacet
  facet normal 0.956032 0.293264 0
    outer loop
      vertex 2.58873 20.387 0
      vertex 2.61781 20.2922 0.799999
      vertex 2.61781 20.2922 0
    endloop
  endfacet
  facet normal 0.934536 0.35587 0
    outer loop
      vertex 2.58873 20.387 0.799999
      vertex 2.55343 20.4797 0
      vertex 2.55343 20.4797 0.799999
    endloop
  endfacet
  facet normal 0.934536 0.35587 0
    outer loop
      vertex 2.55343 20.4797 0
      vertex 2.58873 20.387 0.799999
      vertex 2.58873 20.387 0
    endloop
  endfacet
  facet normal 0.76832 0.640065 0
    outer loop
      vertex 2.35371 20.8213 0.799999
      vertex 2.29023 20.8975 0
      vertex 2.29023 20.8975 0.799999
    endloop
  endfacet
  facet normal 0.76832 0.640065 0
    outer loop
      vertex 2.29023 20.8975 0
      vertex 2.35371 20.8213 0.799999
      vertex 2.35371 20.8213 0
    endloop
  endfacet
  facet normal 0.724672 0.689094 0
    outer loop
      vertex 2.29023 20.8975 0.799999
      vertex 2.22186 20.9694 0
      vertex 2.22186 20.9694 0.799999
    endloop
  endfacet
  facet normal 0.724672 0.689094 0
    outer loop
      vertex 2.22186 20.9694 0
      vertex 2.29023 20.8975 0.799999
      vertex 2.29023 20.8975 0
    endloop
  endfacet
  facet normal 0.846319 0.532677 0
    outer loop
      vertex 2.46488 20.6571 0.799999
      vertex 2.41201 20.7411 0
      vertex 2.41201 20.7411 0.799999
    endloop
  endfacet
  facet normal 0.846319 0.532677 0
    outer loop
      vertex 2.41201 20.7411 0
      vertex 2.46488 20.6571 0.799999
      vertex 2.46488 20.6571 0
    endloop
  endfacet
  facet normal 0.87939 0.476101 0
    outer loop
      vertex 2.51209 20.5699 0.799999
      vertex 2.46488 20.6571 0
      vertex 2.46488 20.6571 0.799999
    endloop
  endfacet
  facet normal 0.87939 0.476101 0
    outer loop
      vertex 2.46488 20.6571 0
      vertex 2.51209 20.5699 0.799999
      vertex 2.51209 20.5699 0
    endloop
  endfacet
  facet normal 0.214115 0.976808 -0
    outer loop
      vertex 1.53823 21.3541 0
      vertex 1.525 21.357 0.799999
      vertex 1.53823 21.3541 0.799999
    endloop
  endfacet
  facet normal 0.214115 0.976808 0
    outer loop
      vertex 1.525 21.357 0.799999
      vertex 1.53823 21.3541 0
      vertex 1.525 21.357 0
    endloop
  endfacet
  facet normal 0.46167 0.887052 -0
    outer loop
      vertex 1.90563 21.2072 0
      vertex 1.81763 21.253 0.799999
      vertex 1.90563 21.2072 0.799999
    endloop
  endfacet
  facet normal 0.46167 0.887052 0
    outer loop
      vertex 1.81763 21.253 0.799999
      vertex 1.90563 21.2072 0
      vertex 1.81763 21.253 0
    endloop
  endfacet
  facet normal 0.401342 0.915928 -0
    outer loop
      vertex 1.81763 21.253 0
      vertex 1.7268 21.2928 0.799999
      vertex 1.81763 21.253 0.799999
    endloop
  endfacet
  facet normal 0.401342 0.915928 0
    outer loop
      vertex 1.7268 21.2928 0.799999
      vertex 1.81763 21.253 0
      vertex 1.7268 21.2928 0
    endloop
  endfacet
  facet normal 0.518391 0.855144 -0
    outer loop
      vertex 1.99042 21.1558 0
      vertex 1.90563 21.2072 0.799999
      vertex 1.99042 21.1558 0.799999
    endloop
  endfacet
  facet normal 0.518391 0.855144 0
    outer loop
      vertex 1.90563 21.2072 0.799999
      vertex 1.99042 21.1558 0
      vertex 1.90563 21.2072 0
    endloop
  endfacet
  facet normal 0 0 1
    outer loop
      vertex 2.09 19.9 0.799999
      vertex 2.67 19.9 0.799999
      vertex 2.66672 19.9991 0.799999
    endloop
  endfacet
  facet normal 0 0 1
    outer loop
      vertex 2.08543 19.9916 0.799999
      vertex 2.66672 19.9991 0.799999
      vertex 2.6569 20.0978 0.799999
    endloop
  endfacet
  facet normal 0 0 1
    outer loop
      vertex 2.67 19.9 0.799999
      vertex 2.09 19.9 0.799999
      vertex 2.66672 19.8009 0.799999
    endloop
  endfacet
  facet normal 0 0 1
    outer loop
      vertex 2.07176 20.0823 0.799999
      vertex 2.6569 20.0978 0.799999
      vertex 2.64057 20.1957 0.799999
    endloop
  endfacet
  facet normal -0 0 1
    outer loop
      vertex 2.08583 19.8164 0.799999
      vertex 2.66672 19.8009 0.799999
      vertex 2.09 19.9 0.799999
    endloop
  endfacet
  facet normal 0 0 1
    outer loop
      vertex 2.06979 20.09 0.799999
      vertex 2.64057 20.1957 0.799999
      vertex 2.61781 20.2922 0.799999
    endloop
  endfacet
  facet normal -0 0 1
    outer loop
      vertex 2.08543 19.8084 0.799999
      vertex 2.66672 19.8009 0.799999
      vertex 2.08583 19.8164 0.799999
    endloop
  endfacet
  facet normal 0 0 1
    outer loop
      vertex 2.04913 20.1712 0.799999
      vertex 2.61781 20.2922 0.799999
      vertex 2.58873 20.387 0.799999
    endloop
  endfacet
  facet normal 0 0 1
    outer loop
      vertex 2.66672 19.8009 0.799999
      vertex 2.08543 19.8084 0.799999
      vertex 2.6569 19.7022 0.799999
    endloop
  endfacet
  facet normal 0 0 1
    outer loop
      vertex 2.02049 20.2499 0.799999
      vertex 2.58873 20.387 0.799999
      vertex 2.55343 20.4797 0.799999
    endloop
  endfacet
  facet normal -0 0 1
    outer loop
      vertex 2.08424 19.8005 0.799999
      vertex 2.6569 19.7022 0.799999
      vertex 2.08543 19.8084 0.799999
    endloop
  endfacet
  facet normal 0 0 1
    outer loop
      vertex 2.01776 20.2574 0.799999
      vertex 2.55343 20.4797 0.799999
      vertex 2.51209 20.5699 0.799999
    endloop
  endfacet
  facet normal -0 0 1
    outer loop
      vertex 2.07176 19.7177 0.799999
      vertex 2.6569 19.7022 0.799999
      vertex 2.08424 19.8005 0.799999
    endloop
  endfacet
  facet normal 0 0 1
    outer loop
      vertex 1.97796 20.34 0.799999
      vertex 2.51209 20.5699 0.799999
      vertex 2.46488 20.6571 0.799999
    endloop
  endfacet
  facet normal 0 0 1
    outer loop
      vertex 2.6569 19.7022 0.799999
      vertex 2.07176 19.7177 0.799999
      vertex 2.64057 19.6043 0.799999
    endloop
  endfacet
  facet normal 0 0 1
    outer loop
      vertex 1.9343 20.4114 0.799999
      vertex 2.46488 20.6571 0.799999
      vertex 2.41201 20.7411 0.799999
    endloop
  endfacet
  facet normal -0 0 1
    outer loop
      vertex 2.06979 19.71 0.799999
      vertex 2.64057 19.6043 0.799999
      vertex 2.07176 19.7177 0.799999
    endloop
  endfacet
  facet normal 0 0 1
    outer loop
      vertex 1.92532 20.4246 0.799999
      vertex 2.41201 20.7411 0.799999
      vertex 2.35371 20.8213 0.799999
    endloop
  endfacet
  facet normal 0 0 1
    outer loop
      vertex 2.64057 19.6043 0.799999
      vertex 2.06979 19.71 0.799999
      vertex 2.61781 19.5078 0.799999
    endloop
  endfacet
  facet normal 0 0 1
    outer loop
      vertex 1.87476 20.4914 0.799999
      vertex 2.35371 20.8213 0.799999
      vertex 2.29023 20.8975 0.799999
    endloop
  endfacet
  facet normal -0 0 1
    outer loop
      vertex 2.04913 19.6288 0.799999
      vertex 2.61781 19.5078 0.799999
      vertex 2.06979 19.71 0.799999
    endloop
  endfacet
  facet normal 0 0 1
    outer loop
      vertex 1.81238 20.5586 0.799999
      vertex 2.29023 20.8975 0.799999
      vertex 2.22186 20.9694 0.799999
    endloop
  endfacet
  facet normal 0 0 1
    outer loop
      vertex 2.61781 19.5078 0.799999
      vertex 2.04913 19.6288 0.799999
      vertex 2.58873 19.413 0.799999
    endloop
  endfacet
  facet normal 0 0 1
    outer loop
      vertex 1.8064 20.5639 0.799999
      vertex 2.22186 20.9694 0.799999
      vertex 2.14888 21.0366 0.799999
    endloop
  endfacet
  facet normal -0 0 1
    outer loop
      vertex 2.02049 19.5501 0.799999
      vertex 2.58873 19.413 0.799999
      vertex 2.04913 19.6288 0.799999
    endloop
  endfacet
  facet normal 0 0 1
    outer loop
      vertex 2.58873 19.413 0.799999
      vertex 2.02049 19.5501 0.799999
      vertex 2.55343 19.3203 0.799999
    endloop
  endfacet
  facet normal 0 0 1
    outer loop
      vertex 2.66672 19.9991 0.799999
      vertex 2.08543 19.9916 0.799999
      vertex 2.09 19.9 0.799999
    endloop
  endfacet
  facet normal 0 0 1
    outer loop
      vertex 2.6569 20.0978 0.799999
      vertex 2.08424 19.9995 0.799999
      vertex 2.08543 19.9916 0.799999
    endloop
  endfacet
  facet normal 0 0 1
    outer loop
      vertex 2.6569 20.0978 0.799999
      vertex 2.07176 20.0823 0.799999
      vertex 2.08424 19.9995 0.799999
    endloop
  endfacet
  facet normal 0 0 1
    outer loop
      vertex 1.74361 20.6193 0.799999
      vertex 2.14888 21.0366 0.799999
      vertex 2.07162 21.0988 0.799999
    endloop
  endfacet
  facet normal 0 0 1
    outer loop
      vertex 2.64057 20.1957 0.799999
      vertex 2.06979 20.09 0.799999
      vertex 2.07176 20.0823 0.799999
    endloop
  endfacet
  facet normal 0 0 1
    outer loop
      vertex 2.61781 20.2922 0.799999
      vertex 2.04913 20.1712 0.799999
      vertex 2.06979 20.09 0.799999
    endloop
  endfacet
  facet normal 0 0 1
    outer loop
      vertex 2.58873 20.387 0.799999
      vertex 2.02049 20.2499 0.799999
      vertex 2.04913 20.1712 0.799999
    endloop
  endfacet
  facet normal 0 0 1
    outer loop
      vertex 2.55343 20.4797 0.799999
      vertex 2.01776 20.2574 0.799999
      vertex 2.02049 20.2499 0.799999
    endloop
  endfacet
  facet normal 0 0 1
    outer loop
      vertex 1.67562 20.6682 0.799999
      vertex 2.07162 21.0988 0.799999
      vertex 1.99042 21.1558 0.799999
    endloop
  endfacet
  facet normal 0 0 1
    outer loop
      vertex 2.51209 20.5699 0.799999
      vertex 1.98142 20.3328 0.799999
      vertex 2.01776 20.2574 0.799999
    endloop
  endfacet
  facet normal 0 0 1
    outer loop
      vertex 2.51209 20.5699 0.799999
      vertex 1.97796 20.34 0.799999
      vertex 1.98142 20.3328 0.799999
    endloop
  endfacet
  facet normal 0 0 1
    outer loop
      vertex 2.46488 20.6571 0.799999
      vertex 1.9343 20.4114 0.799999
      vertex 1.97796 20.34 0.799999
    endloop
  endfacet
  facet normal 0 0 1
    outer loop
      vertex 2.41201 20.7411 0.799999
      vertex 1.93014 20.4183 0.799999
      vertex 1.9343 20.4114 0.799999
    endloop
  endfacet
  facet normal 0 0 1
    outer loop
      vertex 2.41201 20.7411 0.799999
      vertex 1.92532 20.4246 0.799999
      vertex 1.93014 20.4183 0.799999
    endloop
  endfacet
  facet normal 0 0 1
    outer loop
      vertex 1.66223 20.6768 0.799999
      vertex 1.99042 21.1558 0.799999
      vertex 1.90563 21.2072 0.799999
    endloop
  endfacet
  facet normal 0 0 1
    outer loop
      vertex 2.35371 20.8213 0.799999
      vertex 1.87476 20.4914 0.799999
      vertex 1.92532 20.4246 0.799999
    endloop
  endfacet
  facet normal 0 0 1
    outer loop
      vertex 2.29023 20.8975 0.799999
      vertex 1.86934 20.4972 0.799999
      vertex 1.87476 20.4914 0.799999
    endloop
  endfacet
  facet normal 0 0 1
    outer loop
      vertex 1.58971 20.7187 0.799999
      vertex 1.90563 21.2072 0.799999
      vertex 1.81763 21.253 0.799999
    endloop
  endfacet
  facet normal 0 0 1
    outer loop
      vertex 2.29023 20.8975 0.799999
      vertex 1.81238 20.5586 0.799999
      vertex 1.86934 20.4972 0.799999
    endloop
  endfacet
  facet normal 0 0 1
    outer loop
      vertex 2.22186 20.9694 0.799999
      vertex 1.8064 20.5639 0.799999
      vertex 1.81238 20.5586 0.799999
    endloop
  endfacet
  facet normal 0 0 1
    outer loop
      vertex 2.14888 21.0366 0.799999
      vertex 1.74361 20.6193 0.799999
      vertex 1.8064 20.5639 0.799999
    endloop
  endfacet
  facet normal 0 0 1
    outer loop
      vertex 1.525 20.7479 0.799999
      vertex 1.81763 21.253 0.799999
      vertex 1.7268 21.2928 0.799999
    endloop
  endfacet
  facet normal 0 0 1
    outer loop
      vertex 2.07162 21.0988 0.799999
      vertex 1.67562 20.6682 0.799999
      vertex 1.74361 20.6193 0.799999
    endloop
  endfacet
  facet normal 0 0 1
    outer loop
      vertex 1.99042 21.1558 0.799999
      vertex 1.66914 20.6728 0.799999
      vertex 1.67562 20.6682 0.799999
    endloop
  endfacet
  facet normal 0 0 1
    outer loop
      vertex 1.99042 21.1558 0.799999
      vertex 1.66223 20.6768 0.799999
      vertex 1.66914 20.6728 0.799999
    endloop
  endfacet
  facet normal 0 0 1
    outer loop
      vertex 1.525 20.7479 0.799999
      vertex 1.7268 21.2928 0.799999
      vertex 1.63352 21.3266 0.799999
    endloop
  endfacet
  facet normal 0 0 1
    outer loop
      vertex 1.90563 21.2072 0.799999
      vertex 1.58971 20.7187 0.799999
      vertex 1.66223 20.6768 0.799999
    endloop
  endfacet
  facet normal 0 0 1
    outer loop
      vertex 1.525 20.7479 0.799999
      vertex 1.63352 21.3266 0.799999
      vertex 1.53823 21.3541 0.799999
    endloop
  endfacet
  facet normal 0 0 1
    outer loop
      vertex 1.525 20.7479 0.799999
      vertex 1.53823 21.3541 0.799999
      vertex 1.525 21.357 0.799999
    endloop
  endfacet
  facet normal 0 0 1
    outer loop
      vertex 1.81763 21.253 0.799999
      vertex 1.525 20.7479 0.799999
      vertex 1.58971 20.7187 0.799999
    endloop
  endfacet
  facet normal -0 0 1
    outer loop
      vertex 2.01776 19.5426 0.799999
      vertex 2.55343 19.3203 0.799999
      vertex 2.02049 19.5501 0.799999
    endloop
  endfacet
  facet normal 0 0 1
    outer loop
      vertex 2.55343 19.3203 0.799999
      vertex 2.01776 19.5426 0.799999
      vertex 2.51209 19.2301 0.799999
    endloop
  endfacet
  facet normal -0 0 1
    outer loop
      vertex 1.97796 19.46 0.799999
      vertex 2.51209 19.2301 0.799999
      vertex 2.01776 19.5426 0.799999
    endloop
  endfacet
  facet normal 0 0 1
    outer loop
      vertex 2.51209 19.2301 0.799999
      vertex 1.97796 19.46 0.799999
      vertex 2.46488 19.1429 0.799999
    endloop
  endfacet
  facet normal -0 0 1
    outer loop
      vertex 1.9343 19.3885 0.799999
      vertex 2.46488 19.1429 0.799999
      vertex 1.97796 19.46 0.799999
    endloop
  endfacet
  facet normal 0 0 1
    outer loop
      vertex 2.46488 19.1429 0.799999
      vertex 1.9343 19.3885 0.799999
      vertex 2.41201 19.0589 0.799999
    endloop
  endfacet
  facet normal -0 0 1
    outer loop
      vertex 1.93014 19.3817 0.799999
      vertex 2.41201 19.0589 0.799999
      vertex 1.9343 19.3885 0.799999
    endloop
  endfacet
  facet normal -0 0 1
    outer loop
      vertex 1.92532 19.3754 0.799999
      vertex 2.41201 19.0589 0.799999
      vertex 1.93014 19.3817 0.799999
    endloop
  endfacet
  facet normal 0 0 1
    outer loop
      vertex 2.41201 19.0589 0.799999
      vertex 1.92532 19.3754 0.799999
      vertex 2.35371 18.9787 0.799999
    endloop
  endfacet
  facet normal -0 0 1
    outer loop
      vertex 1.87476 19.3086 0.799999
      vertex 2.35371 18.9787 0.799999
      vertex 1.92532 19.3754 0.799999
    endloop
  endfacet
  facet normal 0 0 1
    outer loop
      vertex 2.35371 18.9787 0.799999
      vertex 1.87476 19.3086 0.799999
      vertex 2.29023 18.9025 0.799999
    endloop
  endfacet
  facet normal -0 0 1
    outer loop
      vertex 1.86934 19.3028 0.799999
      vertex 2.29023 18.9025 0.799999
      vertex 1.87476 19.3086 0.799999
    endloop
  endfacet
  facet normal -0 0 1
    outer loop
      vertex 1.81238 19.2414 0.799999
      vertex 2.29023 18.9025 0.799999
      vertex 1.86934 19.3028 0.799999
    endloop
  endfacet
  facet normal 0 0 1
    outer loop
      vertex 2.29023 18.9025 0.799999
      vertex 1.81238 19.2414 0.799999
      vertex 2.22186 18.8306 0.799999
    endloop
  endfacet
  facet normal -0 0 1
    outer loop
      vertex 1.8064 19.2361 0.799999
      vertex 2.22186 18.8306 0.799999
      vertex 1.81238 19.2414 0.799999
    endloop
  endfacet
  facet normal 0 0 1
    outer loop
      vertex 2.22186 18.8306 0.799999
      vertex 1.8064 19.2361 0.799999
      vertex 2.14888 18.7634 0.799999
    endloop
  endfacet
  facet normal -0 0 1
    outer loop
      vertex 1.74361 19.1807 0.799999
      vertex 2.14888 18.7634 0.799999
      vertex 1.8064 19.2361 0.799999
    endloop
  endfacet
  facet normal 0 0 1
    outer loop
      vertex 2.14888 18.7634 0.799999
      vertex 1.74361 19.1807 0.799999
      vertex 2.07162 18.7012 0.799999
    endloop
  endfacet
  facet normal -0 0 1
    outer loop
      vertex 1.73713 19.1761 0.799999
      vertex 2.07162 18.7012 0.799999
      vertex 1.74361 19.1807 0.799999
    endloop
  endfacet
  facet normal -0 0 1
    outer loop
      vertex 1.66914 19.1272 0.799999
      vertex 2.07162 18.7012 0.799999
      vertex 1.73713 19.1761 0.799999
    endloop
  endfacet
  facet normal 0 0 1
    outer loop
      vertex 2.07162 18.7012 0.799999
      vertex 1.66914 19.1272 0.799999
      vertex 1.99042 18.6442 0.799999
    endloop
  endfacet
  facet normal 0 0 1
    outer loop
      vertex 1.99042 18.6442 0.799999
      vertex 1.66914 19.1272 0.799999
      vertex 1.90563 18.5928 0.799999
    endloop
  endfacet
  facet normal -0 0 1
    outer loop
      vertex 1.59662 19.0853 0.799999
      vertex 1.90563 18.5928 0.799999
      vertex 1.66914 19.1272 0.799999
    endloop
  endfacet
  facet normal -0 0 1
    outer loop
      vertex 1.58971 19.0813 0.799999
      vertex 1.90563 18.5928 0.799999
      vertex 1.59662 19.0853 0.799999
    endloop
  endfacet
  facet normal 0 0 1
    outer loop
      vertex 1.90563 18.5928 0.799999
      vertex 1.58971 19.0813 0.799999
      vertex 1.81763 18.547 0.799999
    endloop
  endfacet
  facet normal -0 0 1
    outer loop
      vertex 1.525 19.0521 0.799999
      vertex 1.81763 18.547 0.799999
      vertex 1.58971 19.0813 0.799999
    endloop
  endfacet
  facet normal 0 0 1
    outer loop
      vertex 1.81763 18.547 0.799999
      vertex 1.525 19.0521 0.799999
      vertex 1.7268 18.5072 0.799999
    endloop
  endfacet
  facet normal 0 0 1
    outer loop
      vertex 1.7268 18.5072 0.799999
      vertex 1.525 19.0521 0.799999
      vertex 1.63352 18.4734 0.799999
    endloop
  endfacet
  facet normal 0 0 1
    outer loop
      vertex 1.63352 18.4734 0.799999
      vertex 1.525 19.0521 0.799999
      vertex 1.53823 18.4459 0.799999
    endloop
  endfacet
  facet normal 0 0 1
    outer loop
      vertex 1.53823 18.4459 0.799999
      vertex 1.525 19.0521 0.799999
      vertex 1.525 18.443 0.799999
    endloop
  endfacet
  facet normal 0.999453 -0.0330798 0
    outer loop
      vertex 2.66672 19.8009 0.799999
      vertex 2.67 19.9 0
      vertex 2.67 19.9 0.799999
    endloop
  endfacet
  facet normal 0.999453 -0.0330798 0
    outer loop
      vertex 2.67 19.9 0
      vertex 2.66672 19.8009 0.799999
      vertex 2.66672 19.8009 0
    endloop
  endfacet
  facet normal 0.986372 -0.16453 0
    outer loop
      vertex 2.64057 19.6043 0.799999
      vertex 2.6569 19.7022 0
      vertex 2.6569 19.7022 0.799999
    endloop
  endfacet
  facet normal 0.986372 -0.16453 0
    outer loop
      vertex 2.6569 19.7022 0
      vertex 2.64057 19.6043 0.799999
      vertex 2.64057 19.6043 0
    endloop
  endfacet
  facet normal 0.76832 -0.640065 0
    outer loop
      vertex 2.29023 18.9025 0.799999
      vertex 2.35371 18.9787 0
      vertex 2.35371 18.9787 0.799999
    endloop
  endfacet
  facet normal 0.76832 -0.640065 0
    outer loop
      vertex 2.35371 18.9787 0
      vertex 2.29023 18.9025 0.799999
      vertex 2.29023 18.9025 0
    endloop
  endfacet
  facet normal 0.401342 -0.915928 0
    outer loop
      vertex 1.7268 18.5072 0
      vertex 1.81763 18.547 0.799999
      vertex 1.7268 18.5072 0.799999
    endloop
  endfacet
  facet normal 0.401342 -0.915928 0
    outer loop
      vertex 1.81763 18.547 0.799999
      vertex 1.7268 18.5072 0
      vertex 1.81763 18.547 0
    endloop
  endfacet
  facet normal 0.995087 -0.0990046 0
    outer loop
      vertex 2.6569 19.7022 0.799999
      vertex 2.66672 19.8009 0
      vertex 2.66672 19.8009 0.799999
    endloop
  endfacet
  facet normal 0.995087 -0.0990046 0
    outer loop
      vertex 2.66672 19.8009 0
      vertex 2.6569 19.7022 0.799999
      vertex 2.6569 19.7022 0
    endloop
  endfacet
  facet normal 0.87939 -0.476101 0
    outer loop
      vertex 2.46488 19.1429 0.799999
      vertex 2.51209 19.2301 0
      vertex 2.51209 19.2301 0.799999
    endloop
  endfacet
  facet normal 0.87939 -0.476101 0
    outer loop
      vertex 2.51209 19.2301 0
      vertex 2.46488 19.1429 0.799999
      vertex 2.46488 19.1429 0
    endloop
  endfacet
  facet normal 0.627102 -0.778937 0
    outer loop
      vertex 2.07162 18.7012 0
      vertex 2.14888 18.7634 0.799999
      vertex 2.07162 18.7012 0.799999
    endloop
  endfacet
  facet normal 0.627102 -0.778937 0
    outer loop
      vertex 2.14888 18.7634 0.799999
      vertex 2.07162 18.7012 0
      vertex 2.14888 18.7634 0
    endloop
  endfacet
  facet normal 0.214115 -0.976808 0
    outer loop
      vertex 1.525 18.443 0
      vertex 1.53823 18.4459 0.799999
      vertex 1.525 18.443 0.799999
    endloop
  endfacet
  facet normal 0.214115 -0.976808 0
    outer loop
      vertex 1.53823 18.4459 0.799999
      vertex 1.525 18.443 0
      vertex 1.53823 18.4459 0
    endloop
  endfacet
  facet normal 0.277277 -0.96079 0
    outer loop
      vertex 1.53823 18.4459 0
      vertex 1.63352 18.4734 0.799999
      vertex 1.53823 18.4459 0.799999
    endloop
  endfacet
  facet normal 0.277277 -0.96079 0
    outer loop
      vertex 1.63352 18.4734 0.799999
      vertex 1.53823 18.4459 0
      vertex 1.63352 18.4734 0
    endloop
  endfacet
  facet normal 0.909071 -0.416641 0
    outer loop
      vertex 2.51209 19.2301 0.799999
      vertex 2.55343 19.3203 0
      vertex 2.55343 19.3203 0.799999
    endloop
  endfacet
  facet normal 0.909071 -0.416641 0
    outer loop
      vertex 2.55343 19.3203 0
      vertex 2.51209 19.2301 0.799999
      vertex 2.51209 19.2301 0
    endloop
  endfacet
  facet normal 0.808867 -0.587992 0
    outer loop
      vertex 2.35371 18.9787 0.799999
      vertex 2.41201 19.0589 0
      vertex 2.41201 19.0589 0.799999
    endloop
  endfacet
  facet normal 0.808867 -0.587992 0
    outer loop
      vertex 2.41201 19.0589 0
      vertex 2.35371 18.9787 0.799999
      vertex 2.35371 18.9787 0
    endloop
  endfacet
  facet normal 0.677375 -0.735638 0
    outer loop
      vertex 2.14888 18.7634 0
      vertex 2.22186 18.8306 0.799999
      vertex 2.14888 18.7634 0.799999
    endloop
  endfacet
  facet normal 0.677375 -0.735638 0
    outer loop
      vertex 2.22186 18.8306 0.799999
      vertex 2.14888 18.7634 0
      vertex 2.22186 18.8306 0
    endloop
  endfacet
  facet normal 0.574544 -0.818474 0
    outer loop
      vertex 1.99042 18.6442 0
      vertex 2.07162 18.7012 0.799999
      vertex 1.99042 18.6442 0.799999
    endloop
  endfacet
  facet normal 0.574544 -0.818474 0
    outer loop
      vertex 2.07162 18.7012 0.799999
      vertex 1.99042 18.6442 0
      vertex 2.07162 18.7012 0
    endloop
  endfacet
  facet normal 0.518391 -0.855144 0
    outer loop
      vertex 1.90563 18.5928 0
      vertex 1.99042 18.6442 0.799999
      vertex 1.90563 18.5928 0.799999
    endloop
  endfacet
  facet normal 0.518391 -0.855144 0
    outer loop
      vertex 1.99042 18.6442 0.799999
      vertex 1.90563 18.5928 0
      vertex 1.99042 18.6442 0
    endloop
  endfacet
  facet normal 0.46167 -0.887052 0
    outer loop
      vertex 1.81763 18.547 0
      vertex 1.90563 18.5928 0.799999
      vertex 1.81763 18.547 0.799999
    endloop
  endfacet
  facet normal 0.46167 -0.887052 0
    outer loop
      vertex 1.90563 18.5928 0.799999
      vertex 1.81763 18.547 0
      vertex 1.90563 18.5928 0
    endloop
  endfacet
  facet normal 0.999453 0.0330798 0
    outer loop
      vertex 2.67 27.9 0.799999
      vertex 2.66672 27.9991 0
      vertex 2.66672 27.9991 0.799999
    endloop
  endfacet
  facet normal 0.999453 0.0330798 0
    outer loop
      vertex 2.66672 27.9991 0
      vertex 2.67 27.9 0.799999
      vertex 2.67 27.9 0
    endloop
  endfacet
  facet normal 0.677375 0.735638 -0
    outer loop
      vertex 2.22186 28.9694 0
      vertex 2.14888 29.0366 0.799999
      vertex 2.22186 28.9694 0.799999
    endloop
  endfacet
  facet normal 0.677375 0.735638 0
    outer loop
      vertex 2.14888 29.0366 0.799999
      vertex 2.22186 28.9694 0
      vertex 2.14888 29.0366 0
    endloop
  endfacet
  facet normal 0.909071 0.416641 0
    outer loop
      vertex 2.55343 28.4797 0.799999
      vertex 2.51209 28.5699 0
      vertex 2.51209 28.5699 0.799999
    endloop
  endfacet
  facet normal 0.909071 0.416641 0
    outer loop
      vertex 2.51209 28.5699 0
      vertex 2.55343 28.4797 0.799999
      vertex 2.55343 28.4797 0
    endloop
  endfacet
  facet normal 0.340675 0.940181 -0
    outer loop
      vertex 1.7268 29.2928 0
      vertex 1.63352 29.3266 0.799999
      vertex 1.7268 29.2928 0.799999
    endloop
  endfacet
  facet normal 0.340675 0.940181 0
    outer loop
      vertex 1.63352 29.3266 0.799999
      vertex 1.7268 29.2928 0
      vertex 1.63352 29.3266 0
    endloop
  endfacet
  facet normal 0.518391 0.855144 -0
    outer loop
      vertex 1.99042 29.1558 0
      vertex 1.90563 29.2072 0.799999
      vertex 1.99042 29.1558 0.799999
    endloop
  endfacet
  facet normal 0.518391 0.855144 0
    outer loop
      vertex 1.90563 29.2072 0.799999
      vertex 1.99042 29.1558 0
      vertex 1.90563 29.2072 0
    endloop
  endfacet
  facet normal 0.956032 -0.293264 0
    outer loop
      vertex 2.58873 27.413 0.799999
      vertex 2.61781 27.5078 0
      vertex 2.61781 27.5078 0.799999
    endloop
  endfacet
  facet normal 0.956032 -0.293264 0
    outer loop
      vertex 2.61781 27.5078 0
      vertex 2.58873 27.413 0.799999
      vertex 2.58873 27.413 0
    endloop
  endfacet
  facet normal 0.214115 -0.976808 0
    outer loop
      vertex 1.525 26.443 0
      vertex 1.53823 26.4459 0.799999
      vertex 1.525 26.443 0.799999
    endloop
  endfacet
  facet normal 0.214115 -0.976808 0
    outer loop
      vertex 1.53823 26.4459 0.799999
      vertex 1.525 26.443 0
      vertex 1.53823 26.4459 0
    endloop
  endfacet
  facet normal 0.973295 0.229556 0
    outer loop
      vertex 2.64057 28.1957 0.799999
      vertex 2.61781 28.2922 0
      vertex 2.61781 28.2922 0.799999
    endloop
  endfacet
  facet normal 0.973295 0.229556 0
    outer loop
      vertex 2.61781 28.2922 0
      vertex 2.64057 28.1957 0.799999
      vertex 2.64057 28.1957 0
    endloop
  endfacet
  facet normal 0.808867 0.587992 0
    outer loop
      vertex 2.41201 28.7411 0.799999
      vertex 2.35371 28.8213 0
      vertex 2.35371 28.8213 0.799999
    endloop
  endfacet
  facet normal 0.808867 0.587992 0
    outer loop
      vertex 2.35371 28.8213 0
      vertex 2.41201 28.7411 0.799999
      vertex 2.41201 28.7411 0
    endloop
  endfacet
  facet normal 0.846319 0.532677 0
    outer loop
      vertex 2.46488 28.6571 0.799999
      vertex 2.41201 28.7411 0
      vertex 2.41201 28.7411 0.799999
    endloop
  endfacet
  facet normal 0.846319 0.532677 0
    outer loop
      vertex 2.41201 28.7411 0
      vertex 2.46488 28.6571 0.799999
      vertex 2.46488 28.6571 0
    endloop
  endfacet
  facet normal 0.277277 0.96079 -0
    outer loop
      vertex 1.63352 29.3266 0
      vertex 1.53823 29.3541 0.799999
      vertex 1.63352 29.3266 0.799999
    endloop
  endfacet
  facet normal 0.277277 0.96079 0
    outer loop
      vertex 1.53823 29.3541 0.799999
      vertex 1.63352 29.3266 0
      vertex 1.53823 29.3541 0
    endloop
  endfacet
  facet normal 0.627102 0.778937 -0
    outer loop
      vertex 2.14888 29.0366 0
      vertex 2.07162 29.0988 0.799999
      vertex 2.14888 29.0366 0.799999
    endloop
  endfacet
  facet normal 0.627102 0.778937 0
    outer loop
      vertex 2.07162 29.0988 0.799999
      vertex 2.14888 29.0366 0
      vertex 2.07162 29.0988 0
    endloop
  endfacet
  facet normal 0.995087 -0.0990046 0
    outer loop
      vertex 2.6569 27.7022 0.799999
      vertex 2.66672 27.8009 0
      vertex 2.66672 27.8009 0.799999
    endloop
  endfacet
  facet normal 0.995087 -0.0990046 0
    outer loop
      vertex 2.66672 27.8009 0
      vertex 2.6569 27.7022 0.799999
      vertex 2.6569 27.7022 0
    endloop
  endfacet
  facet normal 0.724672 -0.689094 0
    outer loop
      vertex 2.22186 26.8306 0.799999
      vertex 2.29023 26.9025 0
      vertex 2.29023 26.9025 0.799999
    endloop
  endfacet
  facet normal 0.724672 -0.689094 0
    outer loop
      vertex 2.29023 26.9025 0
      vertex 2.22186 26.8306 0.799999
      vertex 2.22186 26.8306 0
    endloop
  endfacet
  facet normal 0.846319 -0.532677 0
    outer loop
      vertex 2.41201 27.0589 0.799999
      vertex 2.46488 27.1429 0
      vertex 2.46488 27.1429 0.799999
    endloop
  endfacet
  facet normal 0.846319 -0.532677 0
    outer loop
      vertex 2.46488 27.1429 0
      vertex 2.41201 27.0589 0.799999
      vertex 2.41201 27.0589 0
    endloop
  endfacet
  facet normal 0.986372 0.16453 0
    outer loop
      vertex 2.6569 28.0978 0.799999
      vertex 2.64057 28.1957 0
      vertex 2.64057 28.1957 0.799999
    endloop
  endfacet
  facet normal 0.986372 0.16453 0
    outer loop
      vertex 2.64057 28.1957 0
      vertex 2.6569 28.0978 0.799999
      vertex 2.6569 28.0978 0
    endloop
  endfacet
  facet normal 0.995087 0.0990046 0
    outer loop
      vertex 2.66672 27.9991 0.799999
      vertex 2.6569 28.0978 0
      vertex 2.6569 28.0978 0.799999
    endloop
  endfacet
  facet normal 0.995087 0.0990046 0
    outer loop
      vertex 2.6569 28.0978 0
      vertex 2.66672 27.9991 0.799999
      vertex 2.66672 27.9991 0
    endloop
  endfacet
  facet normal 0.934536 0.35587 0
    outer loop
      vertex 2.58873 28.387 0.799999
      vertex 2.55343 28.4797 0
      vertex 2.55343 28.4797 0.799999
    endloop
  endfacet
  facet normal 0.934536 0.35587 0
    outer loop
      vertex 2.55343 28.4797 0
      vertex 2.58873 28.387 0.799999
      vertex 2.58873 28.387 0
    endloop
  endfacet
  facet normal 0.956032 0.293264 0
    outer loop
      vertex 2.61781 28.2922 0.799999
      vertex 2.58873 28.387 0
      vertex 2.58873 28.387 0.799999
    endloop
  endfacet
  facet normal 0.956032 0.293264 0
    outer loop
      vertex 2.58873 28.387 0
      vertex 2.61781 28.2922 0.799999
      vertex 2.61781 28.2922 0
    endloop
  endfacet
  facet normal 0.76832 0.640065 0
    outer loop
      vertex 2.35371 28.8213 0.799999
      vertex 2.29023 28.8975 0
      vertex 2.29023 28.8975 0.799999
    endloop
  endfacet
  facet normal 0.76832 0.640065 0
    outer loop
      vertex 2.29023 28.8975 0
      vertex 2.35371 28.8213 0.799999
      vertex 2.35371 28.8213 0
    endloop
  endfacet
  facet normal 0.724672 0.689094 0
    outer loop
      vertex 2.29023 28.8975 0.799999
      vertex 2.22186 28.9694 0
      vertex 2.22186 28.9694 0.799999
    endloop
  endfacet
  facet normal 0.724672 0.689094 0
    outer loop
      vertex 2.22186 28.9694 0
      vertex 2.29023 28.8975 0.799999
      vertex 2.29023 28.8975 0
    endloop
  endfacet
  facet normal 0.87939 0.476101 0
    outer loop
      vertex 2.51209 28.5699 0.799999
      vertex 2.46488 28.6571 0
      vertex 2.46488 28.6571 0.799999
    endloop
  endfacet
  facet normal 0.87939 0.476101 0
    outer loop
      vertex 2.46488 28.6571 0
      vertex 2.51209 28.5699 0.799999
      vertex 2.51209 28.5699 0
    endloop
  endfacet
  facet normal 0.214115 0.976808 -0
    outer loop
      vertex 1.53823 29.3541 0
      vertex 1.525 29.357 0.799999
      vertex 1.53823 29.3541 0.799999
    endloop
  endfacet
  facet normal 0.214115 0.976808 0
    outer loop
      vertex 1.525 29.357 0.799999
      vertex 1.53823 29.3541 0
      vertex 1.525 29.357 0
    endloop
  endfacet
  facet normal 0.46167 0.887052 -0
    outer loop
      vertex 1.90563 29.2072 0
      vertex 1.81763 29.253 0.799999
      vertex 1.90563 29.2072 0.799999
    endloop
  endfacet
  facet normal 0.46167 0.887052 0
    outer loop
      vertex 1.81763 29.253 0.799999
      vertex 1.90563 29.2072 0
      vertex 1.81763 29.253 0
    endloop
  endfacet
  facet normal 0.401342 0.915928 -0
    outer loop
      vertex 1.81763 29.253 0
      vertex 1.7268 29.2928 0.799999
      vertex 1.81763 29.253 0.799999
    endloop
  endfacet
  facet normal 0.401342 0.915928 0
    outer loop
      vertex 1.7268 29.2928 0.799999
      vertex 1.81763 29.253 0
      vertex 1.7268 29.2928 0
    endloop
  endfacet
  facet normal 0.574544 0.818474 -0
    outer loop
      vertex 2.07162 29.0988 0
      vertex 1.99042 29.1558 0.799999
      vertex 2.07162 29.0988 0.799999
    endloop
  endfacet
  facet normal 0.574544 0.818474 0
    outer loop
      vertex 1.99042 29.1558 0.799999
      vertex 2.07162 29.0988 0
      vertex 1.99042 29.1558 0
    endloop
  endfacet
  facet normal 0 0 1
    outer loop
      vertex 2.09 27.9 0.799999
      vertex 2.67 27.9 0.799999
      vertex 2.66672 27.9991 0.799999
    endloop
  endfacet
  facet normal 0 0 1
    outer loop
      vertex 2.08543 27.9916 0.799999
      vertex 2.66672 27.9991 0.799999
      vertex 2.6569 28.0978 0.799999
    endloop
  endfacet
  facet normal 0 0 1
    outer loop
      vertex 2.67 27.9 0.799999
      vertex 2.09 27.9 0.799999
      vertex 2.66672 27.8009 0.799999
    endloop
  endfacet
  facet normal 0 0 1
    outer loop
      vertex 2.07176 28.0823 0.799999
      vertex 2.6569 28.0978 0.799999
      vertex 2.64057 28.1957 0.799999
    endloop
  endfacet
  facet normal -0 0 1
    outer loop
      vertex 2.08583 27.8164 0.799999
      vertex 2.66672 27.8009 0.799999
      vertex 2.09 27.9 0.799999
    endloop
  endfacet
  facet normal 0 0 1
    outer loop
      vertex 2.06979 28.09 0.799999
      vertex 2.64057 28.1957 0.799999
      vertex 2.61781 28.2922 0.799999
    endloop
  endfacet
  facet normal -0 0 1
    outer loop
      vertex 2.08543 27.8084 0.799999
      vertex 2.66672 27.8009 0.799999
      vertex 2.08583 27.8164 0.799999
    endloop
  endfacet
  facet normal 0 0 1
    outer loop
      vertex 2.04913 28.1712 0.799999
      vertex 2.61781 28.2922 0.799999
      vertex 2.58873 28.387 0.799999
    endloop
  endfacet
  facet normal 0 0 1
    outer loop
      vertex 2.66672 27.8009 0.799999
      vertex 2.08543 27.8084 0.799999
      vertex 2.6569 27.7022 0.799999
    endloop
  endfacet
  facet normal 0 0 1
    outer loop
      vertex 2.02049 28.2499 0.799999
      vertex 2.58873 28.387 0.799999
      vertex 2.55343 28.4797 0.799999
    endloop
  endfacet
  facet normal -0 0 1
    outer loop
      vertex 2.08424 27.8005 0.799999
      vertex 2.6569 27.7022 0.799999
      vertex 2.08543 27.8084 0.799999
    endloop
  endfacet
  facet normal 0 0 1
    outer loop
      vertex 2.01776 28.2574 0.799999
      vertex 2.55343 28.4797 0.799999
      vertex 2.51209 28.5699 0.799999
    endloop
  endfacet
  facet normal -0 0 1
    outer loop
      vertex 2.07176 27.7177 0.799999
      vertex 2.6569 27.7022 0.799999
      vertex 2.08424 27.8005 0.799999
    endloop
  endfacet
  facet normal 0 0 1
    outer loop
      vertex 1.97796 28.34 0.799999
      vertex 2.51209 28.5699 0.799999
      vertex 2.46488 28.6571 0.799999
    endloop
  endfacet
  facet normal 0 0 1
    outer loop
      vertex 2.6569 27.7022 0.799999
      vertex 2.07176 27.7177 0.799999
      vertex 2.64057 27.6043 0.799999
    endloop
  endfacet
  facet normal 0 0 1
    outer loop
      vertex 1.9343 28.4114 0.799999
      vertex 2.46488 28.6571 0.799999
      vertex 2.41201 28.7411 0.799999
    endloop
  endfacet
  facet normal -0 0 1
    outer loop
      vertex 2.06979 27.71 0.799999
      vertex 2.64057 27.6043 0.799999
      vertex 2.07176 27.7177 0.799999
    endloop
  endfacet
  facet normal 0 0 1
    outer loop
      vertex 1.92532 28.4246 0.799999
      vertex 2.41201 28.7411 0.799999
      vertex 2.35371 28.8213 0.799999
    endloop
  endfacet
  facet normal 0 0 1
    outer loop
      vertex 2.64057 27.6043 0.799999
      vertex 2.06979 27.71 0.799999
      vertex 2.61781 27.5078 0.799999
    endloop
  endfacet
  facet normal 0 0 1
    outer loop
      vertex 1.87476 28.4914 0.799999
      vertex 2.35371 28.8213 0.799999
      vertex 2.29023 28.8975 0.799999
    endloop
  endfacet
  facet normal -0 0 1
    outer loop
      vertex 2.04913 27.6288 0.799999
      vertex 2.61781 27.5078 0.799999
      vertex 2.06979 27.71 0.799999
    endloop
  endfacet
  facet normal 0 0 1
    outer loop
      vertex 1.81238 28.5586 0.799999
      vertex 2.29023 28.8975 0.799999
      vertex 2.22186 28.9694 0.799999
    endloop
  endfacet
  facet normal 0 0 1
    outer loop
      vertex 2.61781 27.5078 0.799999
      vertex 2.04913 27.6288 0.799999
      vertex 2.58873 27.413 0.799999
    endloop
  endfacet
  facet normal 0 0 1
    outer loop
      vertex 1.8064 28.5639 0.799999
      vertex 2.22186 28.9694 0.799999
      vertex 2.14888 29.0366 0.799999
    endloop
  endfacet
  facet normal -0 0 1
    outer loop
      vertex 2.02049 27.5501 0.799999
      vertex 2.58873 27.413 0.799999
      vertex 2.04913 27.6288 0.799999
    endloop
  endfacet
  facet normal 0 0 1
    outer loop
      vertex 2.58873 27.413 0.799999
      vertex 2.02049 27.5501 0.799999
      vertex 2.55343 27.3203 0.799999
    endloop
  endfacet
  facet normal 0 0 1
    outer loop
      vertex 2.66672 27.9991 0.799999
      vertex 2.08543 27.9916 0.799999
      vertex 2.09 27.9 0.799999
    endloop
  endfacet
  facet normal 0 0 1
    outer loop
      vertex 2.6569 28.0978 0.799999
      vertex 2.08424 27.9995 0.799999
      vertex 2.08543 27.9916 0.799999
    endloop
  endfacet
  facet normal 0 0 1
    outer loop
      vertex 2.6569 28.0978 0.799999
      vertex 2.07176 28.0823 0.799999
      vertex 2.08424 27.9995 0.799999
    endloop
  endfacet
  facet normal 0 0 1
    outer loop
      vertex 1.74361 28.6193 0.799999
      vertex 2.14888 29.0366 0.799999
      vertex 2.07162 29.0988 0.799999
    endloop
  endfacet
  facet normal 0 0 1
    outer loop
      vertex 2.64057 28.1957 0.799999
      vertex 2.06979 28.09 0.799999
      vertex 2.07176 28.0823 0.799999
    endloop
  endfacet
  facet normal 0 0 1
    outer loop
      vertex 2.61781 28.2922 0.799999
      vertex 2.04913 28.1712 0.799999
      vertex 2.06979 28.09 0.799999
    endloop
  endfacet
  facet normal 0 0 1
    outer loop
      vertex 2.58873 28.387 0.799999
      vertex 2.02049 28.2499 0.799999
      vertex 2.04913 28.1712 0.799999
    endloop
  endfacet
  facet normal 0 0 1
    outer loop
      vertex 2.55343 28.4797 0.799999
      vertex 2.01776 28.2574 0.799999
      vertex 2.02049 28.2499 0.799999
    endloop
  endfacet
  facet normal 0 0 1
    outer loop
      vertex 1.67562 28.6682 0.799999
      vertex 2.07162 29.0988 0.799999
      vertex 1.99042 29.1558 0.799999
    endloop
  endfacet
  facet normal 0 0 1
    outer loop
      vertex 2.51209 28.5699 0.799999
      vertex 1.98142 28.3328 0.799999
      vertex 2.01776 28.2574 0.799999
    endloop
  endfacet
  facet normal 0 0 1
    outer loop
      vertex 2.51209 28.5699 0.799999
      vertex 1.97796 28.34 0.799999
      vertex 1.98142 28.3328 0.799999
    endloop
  endfacet
  facet normal 0 0 1
    outer loop
      vertex 2.46488 28.6571 0.799999
      vertex 1.9343 28.4114 0.799999
      vertex 1.97796 28.34 0.799999
    endloop
  endfacet
  facet normal 0 0 1
    outer loop
      vertex 2.41201 28.7411 0.799999
      vertex 1.93014 28.4183 0.799999
      vertex 1.9343 28.4114 0.799999
    endloop
  endfacet
  facet normal 0 0 1
    outer loop
      vertex 2.41201 28.7411 0.799999
      vertex 1.92532 28.4246 0.799999
      vertex 1.93014 28.4183 0.799999
    endloop
  endfacet
  facet normal 0 0 1
    outer loop
      vertex 1.66223 28.6768 0.799999
      vertex 1.99042 29.1558 0.799999
      vertex 1.90563 29.2072 0.799999
    endloop
  endfacet
  facet normal 0 0 1
    outer loop
      vertex 2.35371 28.8213 0.799999
      vertex 1.87476 28.4914 0.799999
      vertex 1.92532 28.4246 0.799999
    endloop
  endfacet
  facet normal 0 0 1
    outer loop
      vertex 2.29023 28.8975 0.799999
      vertex 1.86934 28.4972 0.799999
      vertex 1.87476 28.4914 0.799999
    endloop
  endfacet
  facet normal 0 0 1
    outer loop
      vertex 1.58971 28.7187 0.799999
      vertex 1.90563 29.2072 0.799999
      vertex 1.81763 29.253 0.799999
    endloop
  endfacet
  facet normal 0 0 1
    outer loop
      vertex 2.29023 28.8975 0.799999
      vertex 1.81238 28.5586 0.799999
      vertex 1.86934 28.4972 0.799999
    endloop
  endfacet
  facet normal 0 0 1
    outer loop
      vertex 2.22186 28.9694 0.799999
      vertex 1.8064 28.5639 0.799999
      vertex 1.81238 28.5586 0.799999
    endloop
  endfacet
  facet normal 0 0 1
    outer loop
      vertex 2.14888 29.0366 0.799999
      vertex 1.74361 28.6193 0.799999
      vertex 1.8064 28.5639 0.799999
    endloop
  endfacet
  facet normal 0 0 1
    outer loop
      vertex 1.525 28.7479 0.799999
      vertex 1.81763 29.253 0.799999
      vertex 1.7268 29.2928 0.799999
    endloop
  endfacet
  facet normal 0 0 1
    outer loop
      vertex 2.07162 29.0988 0.799999
      vertex 1.67562 28.6682 0.799999
      vertex 1.74361 28.6193 0.799999
    endloop
  endfacet
  facet normal 0 0 1
    outer loop
      vertex 1.99042 29.1558 0.799999
      vertex 1.66914 28.6728 0.799999
      vertex 1.67562 28.6682 0.799999
    endloop
  endfacet
  facet normal 0 0 1
    outer loop
      vertex 1.99042 29.1558 0.799999
      vertex 1.66223 28.6768 0.799999
      vertex 1.66914 28.6728 0.799999
    endloop
  endfacet
  facet normal 0 0 1
    outer loop
      vertex 1.525 28.7479 0.799999
      vertex 1.7268 29.2928 0.799999
      vertex 1.63352 29.3266 0.799999
    endloop
  endfacet
  facet normal 0 0 1
    outer loop
      vertex 1.90563 29.2072 0.799999
      vertex 1.58971 28.7187 0.799999
      vertex 1.66223 28.6768 0.799999
    endloop
  endfacet
  facet normal 0 0 1
    outer loop
      vertex 1.525 28.7479 0.799999
      vertex 1.63352 29.3266 0.799999
      vertex 1.53823 29.3541 0.799999
    endloop
  endfacet
  facet normal 0 0 1
    outer loop
      vertex 1.525 28.7479 0.799999
      vertex 1.53823 29.3541 0.799999
      vertex 1.525 29.357 0.799999
    endloop
  endfacet
  facet normal 0 0 1
    outer loop
      vertex 1.81763 29.253 0.799999
      vertex 1.525 28.7479 0.799999
      vertex 1.58971 28.7187 0.799999
    endloop
  endfacet
  facet normal -0 0 1
    outer loop
      vertex 2.01776 27.5426 0.799999
      vertex 2.55343 27.3203 0.799999
      vertex 2.02049 27.5501 0.799999
    endloop
  endfacet
  facet normal 0 0 1
    outer loop
      vertex 2.55343 27.3203 0.799999
      vertex 2.01776 27.5426 0.799999
      vertex 2.51209 27.2301 0.799999
    endloop
  endfacet
  facet normal -0 0 1
    outer loop
      vertex 1.97796 27.46 0.799999
      vertex 2.51209 27.2301 0.799999
      vertex 2.01776 27.5426 0.799999
    endloop
  endfacet
  facet normal 0 0 1
    outer loop
      vertex 2.51209 27.2301 0.799999
      vertex 1.97796 27.46 0.799999
      vertex 2.46488 27.1429 0.799999
    endloop
  endfacet
  facet normal -0 0 1
    outer loop
      vertex 1.9343 27.3885 0.799999
      vertex 2.46488 27.1429 0.799999
      vertex 1.97796 27.46 0.799999
    endloop
  endfacet
  facet normal 0 0 1
    outer loop
      vertex 2.46488 27.1429 0.799999
      vertex 1.9343 27.3885 0.799999
      vertex 2.41201 27.0589 0.799999
    endloop
  endfacet
  facet normal -0 0 1
    outer loop
      vertex 1.93014 27.3817 0.799999
      vertex 2.41201 27.0589 0.799999
      vertex 1.9343 27.3885 0.799999
    endloop
  endfacet
  facet normal -0 0 1
    outer loop
      vertex 1.92532 27.3754 0.799999
      vertex 2.41201 27.0589 0.799999
      vertex 1.93014 27.3817 0.799999
    endloop
  endfacet
  facet normal 0 0 1
    outer loop
      vertex 2.41201 27.0589 0.799999
      vertex 1.92532 27.3754 0.799999
      vertex 2.35371 26.9787 0.799999
    endloop
  endfacet
  facet normal -0 0 1
    outer loop
      vertex 1.87476 27.3086 0.799999
      vertex 2.35371 26.9787 0.799999
      vertex 1.92532 27.3754 0.799999
    endloop
  endfacet
  facet normal 0 0 1
    outer loop
      vertex 2.35371 26.9787 0.799999
      vertex 1.87476 27.3086 0.799999
      vertex 2.29023 26.9025 0.799999
    endloop
  endfacet
  facet normal -0 0 1
    outer loop
      vertex 1.86934 27.3028 0.799999
      vertex 2.29023 26.9025 0.799999
      vertex 1.87476 27.3086 0.799999
    endloop
  endfacet
  facet normal -0 0 1
    outer loop
      vertex 1.81238 27.2414 0.799999
      vertex 2.29023 26.9025 0.799999
      vertex 1.86934 27.3028 0.799999
    endloop
  endfacet
  facet normal 0 0 1
    outer loop
      vertex 2.29023 26.9025 0.799999
      vertex 1.81238 27.2414 0.799999
      vertex 2.22186 26.8306 0.799999
    endloop
  endfacet
  facet normal -0 0 1
    outer loop
      vertex 1.8064 27.2361 0.799999
      vertex 2.22186 26.8306 0.799999
      vertex 1.81238 27.2414 0.799999
    endloop
  endfacet
  facet normal 0 0 1
    outer loop
      vertex 2.22186 26.8306 0.799999
      vertex 1.8064 27.2361 0.799999
      vertex 2.14888 26.7634 0.799999
    endloop
  endfacet
  facet normal -0 0 1
    outer loop
      vertex 1.74361 27.1807 0.799999
      vertex 2.14888 26.7634 0.799999
      vertex 1.8064 27.2361 0.799999
    endloop
  endfacet
  facet normal 0 0 1
    outer loop
      vertex 2.14888 26.7634 0.799999
      vertex 1.74361 27.1807 0.799999
      vertex 2.07162 26.7012 0.799999
    endloop
  endfacet
  facet normal -0 0 1
    outer loop
      vertex 1.73713 27.1761 0.799999
      vertex 2.07162 26.7012 0.799999
      vertex 1.74361 27.1807 0.799999
    endloop
  endfacet
  facet normal -0 0 1
    outer loop
      vertex 1.66914 27.1272 0.799999
      vertex 2.07162 26.7012 0.799999
      vertex 1.73713 27.1761 0.799999
    endloop
  endfacet
  facet normal 0 0 1
    outer loop
      vertex 2.07162 26.7012 0.799999
      vertex 1.66914 27.1272 0.799999
      vertex 1.99042 26.6442 0.799999
    endloop
  endfacet
  facet normal 0 0 1
    outer loop
      vertex 1.99042 26.6442 0.799999
      vertex 1.66914 27.1272 0.799999
      vertex 1.90563 26.5928 0.799999
    endloop
  endfacet
  facet normal -0 0 1
    outer loop
      vertex 1.59662 27.0853 0.799999
      vertex 1.90563 26.5928 0.799999
      vertex 1.66914 27.1272 0.799999
    endloop
  endfacet
  facet normal -0 0 1
    outer loop
      vertex 1.58971 27.0813 0.799999
      vertex 1.90563 26.5928 0.799999
      vertex 1.59662 27.0853 0.799999
    endloop
  endfacet
  facet normal 0 0 1
    outer loop
      vertex 1.90563 26.5928 0.799999
      vertex 1.58971 27.0813 0.799999
      vertex 1.81763 26.547 0.799999
    endloop
  endfacet
  facet normal -0 0 1
    outer loop
      vertex 1.525 27.0521 0.799999
      vertex 1.81763 26.547 0.799999
      vertex 1.58971 27.0813 0.799999
    endloop
  endfacet
  facet normal 0 0 1
    outer loop
      vertex 1.81763 26.547 0.799999
      vertex 1.525 27.0521 0.799999
      vertex 1.7268 26.5072 0.799999
    endloop
  endfacet
  facet normal 0 0 1
    outer loop
      vertex 1.7268 26.5072 0.799999
      vertex 1.525 27.0521 0.799999
      vertex 1.63352 26.4734 0.799999
    endloop
  endfacet
  facet normal 0 0 1
    outer loop
      vertex 1.63352 26.4734 0.799999
      vertex 1.525 27.0521 0.799999
      vertex 1.53823 26.4459 0.799999
    endloop
  endfacet
  facet normal 0 0 1
    outer loop
      vertex 1.53823 26.4459 0.799999
      vertex 1.525 27.0521 0.799999
      vertex 1.525 26.443 0.799999
    endloop
  endfacet
  facet normal 0.999453 -0.0330798 0
    outer loop
      vertex 2.66672 27.8009 0.799999
      vertex 2.67 27.9 0
      vertex 2.67 27.9 0.799999
    endloop
  endfacet
  facet normal 0.999453 -0.0330798 0
    outer loop
      vertex 2.67 27.9 0
      vertex 2.66672 27.8009 0.799999
      vertex 2.66672 27.8009 0
    endloop
  endfacet
  facet normal 0.87939 -0.476101 0
    outer loop
      vertex 2.46488 27.1429 0.799999
      vertex 2.51209 27.2301 0
      vertex 2.51209 27.2301 0.799999
    endloop
  endfacet
  facet normal 0.87939 -0.476101 0
    outer loop
      vertex 2.51209 27.2301 0
      vertex 2.46488 27.1429 0.799999
      vertex 2.46488 27.1429 0
    endloop
  endfacet
  facet normal 0.934536 -0.35587 0
    outer loop
      vertex 2.55343 27.3203 0.799999
      vertex 2.58873 27.413 0
      vertex 2.58873 27.413 0.799999
    endloop
  endfacet
  facet normal 0.934536 -0.35587 0
    outer loop
      vertex 2.58873 27.413 0
      vertex 2.55343 27.3203 0.799999
      vertex 2.55343 27.3203 0
    endloop
  endfacet
  facet normal 0.76832 -0.640065 0
    outer loop
      vertex 2.29023 26.9025 0.799999
      vertex 2.35371 26.9787 0
      vertex 2.35371 26.9787 0.799999
    endloop
  endfacet
  facet normal 0.76832 -0.640065 0
    outer loop
      vertex 2.35371 26.9787 0
      vertex 2.29023 26.9025 0.799999
      vertex 2.29023 26.9025 0
    endloop
  endfacet
  facet normal 0.46167 -0.887052 0
    outer loop
      vertex 1.81763 26.547 0
      vertex 1.90563 26.5928 0.799999
      vertex 1.81763 26.547 0.799999
    endloop
  endfacet
  facet normal 0.46167 -0.887052 0
    outer loop
      vertex 1.90563 26.5928 0.799999
      vertex 1.81763 26.547 0
      vertex 1.90563 26.5928 0
    endloop
  endfacet
  facet normal 0.401342 -0.915928 0
    outer loop
      vertex 1.7268 26.5072 0
      vertex 1.81763 26.547 0.799999
      vertex 1.7268 26.5072 0.799999
    endloop
  endfacet
  facet normal 0.401342 -0.915928 0
    outer loop
      vertex 1.81763 26.547 0.799999
      vertex 1.7268 26.5072 0
      vertex 1.81763 26.547 0
    endloop
  endfacet
  facet normal 0.340675 -0.940181 0
    outer loop
      vertex 1.63352 26.4734 0
      vertex 1.7268 26.5072 0.799999
      vertex 1.63352 26.4734 0.799999
    endloop
  endfacet
  facet normal 0.340675 -0.940181 0
    outer loop
      vertex 1.7268 26.5072 0.799999
      vertex 1.63352 26.4734 0
      vertex 1.7268 26.5072 0
    endloop
  endfacet
  facet normal 0.973295 -0.229556 0
    outer loop
      vertex 2.61781 27.5078 0.799999
      vertex 2.64057 27.6043 0
      vertex 2.64057 27.6043 0.799999
    endloop
  endfacet
  facet normal 0.973295 -0.229556 0
    outer loop
      vertex 2.64057 27.6043 0
      vertex 2.61781 27.5078 0.799999
      vertex 2.61781 27.5078 0
    endloop
  endfacet
  facet normal 0.986372 -0.16453 0
    outer loop
      vertex 2.64057 27.6043 0.799999
      vertex 2.6569 27.7022 0
      vertex 2.6569 27.7022 0.799999
    endloop
  endfacet
  facet normal 0.986372 -0.16453 0
    outer loop
      vertex 2.6569 27.7022 0
      vertex 2.64057 27.6043 0.799999
      vertex 2.64057 27.6043 0
    endloop
  endfacet
  facet normal 0.909071 -0.416641 0
    outer loop
      vertex 2.51209 27.2301 0.799999
      vertex 2.55343 27.3203 0
      vertex 2.55343 27.3203 0.799999
    endloop
  endfacet
  facet normal 0.909071 -0.416641 0
    outer loop
      vertex 2.55343 27.3203 0
      vertex 2.51209 27.2301 0.799999
      vertex 2.51209 27.2301 0
    endloop
  endfacet
  facet normal 0.808867 -0.587992 0
    outer loop
      vertex 2.35371 26.9787 0.799999
      vertex 2.41201 27.0589 0
      vertex 2.41201 27.0589 0.799999
    endloop
  endfacet
  facet normal 0.808867 -0.587992 0
    outer loop
      vertex 2.41201 27.0589 0
      vertex 2.35371 26.9787 0.799999
      vertex 2.35371 26.9787 0
    endloop
  endfacet
  facet normal 0.677375 -0.735638 0
    outer loop
      vertex 2.14888 26.7634 0
      vertex 2.22186 26.8306 0.799999
      vertex 2.14888 26.7634 0.799999
    endloop
  endfacet
  facet normal 0.677375 -0.735638 0
    outer loop
      vertex 2.22186 26.8306 0.799999
      vertex 2.14888 26.7634 0
      vertex 2.22186 26.8306 0
    endloop
  endfacet
  facet normal 0.277277 -0.96079 0
    outer loop
      vertex 1.53823 26.4459 0
      vertex 1.63352 26.4734 0.799999
      vertex 1.53823 26.4459 0.799999
    endloop
  endfacet
  facet normal 0.277277 -0.96079 0
    outer loop
      vertex 1.63352 26.4734 0.799999
      vertex 1.53823 26.4459 0
      vertex 1.63352 26.4734 0
    endloop
  endfacet
  facet normal 0.518391 -0.855144 0
    outer loop
      vertex 1.90563 26.5928 0
      vertex 1.99042 26.6442 0.799999
      vertex 1.90563 26.5928 0.799999
    endloop
  endfacet
  facet normal 0.518391 -0.855144 0
    outer loop
      vertex 1.99042 26.6442 0.799999
      vertex 1.90563 26.5928 0
      vertex 1.99042 26.6442 0
    endloop
  endfacet
  facet normal 0.627102 -0.778937 0
    outer loop
      vertex 2.07162 26.7012 0
      vertex 2.14888 26.7634 0.799999
      vertex 2.07162 26.7012 0.799999
    endloop
  endfacet
  facet normal 0.627102 -0.778937 0
    outer loop
      vertex 2.14888 26.7634 0.799999
      vertex 2.07162 26.7012 0
      vertex 2.14888 26.7634 0
    endloop
  endfacet
  facet normal 0.574544 -0.818474 0
    outer loop
      vertex 1.99042 26.6442 0
      vertex 2.07162 26.7012 0.799999
      vertex 1.99042 26.6442 0.799999
    endloop
  endfacet
  facet normal 0.574544 -0.818474 0
    outer loop
      vertex 2.07162 26.7012 0.799999
      vertex 1.99042 26.6442 0
      vertex 2.07162 26.7012 0
    endloop
  endfacet
  facet normal 0.0161318 -0.99987 0
    outer loop
      vertex 3.8752 29.1302 0
      vertex 3.97437 29.1318 0.799999
      vertex 3.8752 29.1302 0.799999
    endloop
  endfacet
  facet normal 0.0161318 -0.99987 0
    outer loop
      vertex 3.97437 29.1318 0.799999
      vertex 3.8752 29.1302 0
      vertex 3.97437 29.1318 0
    endloop
  endfacet
  facet normal 0.724622 -0.689147 0
    outer loop
      vertex 4.95185 29.5606 0.799999
      vertex 5.02023 29.6325 0
      vertex 5.02023 29.6325 0.799999
    endloop
  endfacet
  facet normal 0.724622 -0.689147 0
    outer loop
      vertex 5.02023 29.6325 0
      vertex 4.95185 29.5606 0.799999
      vertex 4.95185 29.5606 0
    endloop
  endfacet
  facet normal 0.934536 -0.35587 0
    outer loop
      vertex 5.28343 30.0503 0.799999
      vertex 5.31873 30.143 0
      vertex 5.31873 30.143 0.799999
    endloop
  endfacet
  facet normal 0.934536 -0.35587 0
    outer loop
      vertex 5.31873 30.143 0
      vertex 5.28343 30.0503 0.799999
      vertex 5.28343 30.0503 0
    endloop
  endfacet
  facet normal -0.894629 -0.44681 0
    outer loop
      vertex 2.58079 29.9161 0
      vertex 2.53649 30.0048 0.799999
      vertex 2.53649 30.0048 0
    endloop
  endfacet
  facet normal -0.894629 -0.44681 0
    outer loop
      vertex 2.53649 30.0048 0.799999
      vertex 2.58079 29.9161 0
      vertex 2.58079 29.9161 0.799999
    endloop
  endfacet
  facet normal -0 0 1
    outer loop
      vertex 4.74862 30.275 0.799999
      vertex 5.34781 30.2378 0.799999
      vertex 5.35659 30.275 0.799999
    endloop
  endfacet
  facet normal 0 0 1
    outer loop
      vertex 5.34781 30.2378 0.799999
      vertex 4.74862 30.275 0.799999
      vertex 5.31873 30.143 0.799999
    endloop
  endfacet
  facet normal 0 0 1
    outer loop
      vertex 5.31873 30.143 0.799999
      vertex 4.74862 30.275 0.799999
      vertex 5.28343 30.0503 0.799999
    endloop
  endfacet
  facet normal -0 0 1
    outer loop
      vertex 4.74776 30.2726 0.799999
      vertex 5.28343 30.0503 0.799999
      vertex 4.74862 30.275 0.799999
    endloop
  endfacet
  facet normal -0 0 1
    outer loop
      vertex 4.70796 30.19 0.799999
      vertex 5.24209 29.9601 0.799999
      vertex 4.74776 30.2726 0.799999
    endloop
  endfacet
  facet normal 0 0 1
    outer loop
      vertex 5.24209 29.9601 0.799999
      vertex 4.70796 30.19 0.799999
      vertex 5.19488 29.8729 0.799999
    endloop
  endfacet
  facet normal -0 0 1
    outer loop
      vertex 4.66014 30.1117 0.799999
      vertex 5.19488 29.8729 0.799999
      vertex 4.7038 30.1832 0.799999
    endloop
  endfacet
  facet normal 0 0 1
    outer loop
      vertex 5.19488 29.8729 0.799999
      vertex 4.66014 30.1117 0.799999
      vertex 5.14201 29.7889 0.799999
    endloop
  endfacet
  facet normal -0 0 1
    outer loop
      vertex 4.60958 30.045 0.799999
      vertex 5.08371 29.7087 0.799999
      vertex 4.66014 30.1117 0.799999
    endloop
  endfacet
  facet normal 0 0 1
    outer loop
      vertex 5.08371 29.7087 0.799999
      vertex 4.60476 30.0386 0.799999
      vertex 5.02023 29.6325 0.799999
    endloop
  endfacet
  facet normal 0 0 1
    outer loop
      vertex 5.28343 30.0503 0.799999
      vertex 4.74776 30.2726 0.799999
      vertex 5.24209 29.9601 0.799999
    endloop
  endfacet
  facet normal -0 0 1
    outer loop
      vertex 4.7038 30.1832 0.799999
      vertex 5.19488 29.8729 0.799999
      vertex 4.70796 30.19 0.799999
    endloop
  endfacet
  facet normal 0 0 1
    outer loop
      vertex 5.14201 29.7889 0.799999
      vertex 4.66014 30.1117 0.799999
      vertex 5.08371 29.7087 0.799999
    endloop
  endfacet
  facet normal -0 0 1
    outer loop
      vertex 4.60476 30.0386 0.799999
      vertex 5.08371 29.7087 0.799999
      vertex 4.60958 30.045 0.799999
    endloop
  endfacet
  facet normal -0 0 1
    outer loop
      vertex 4.59934 30.0328 0.799999
      vertex 5.02023 29.6325 0.799999
      vertex 4.60476 30.0386 0.799999
    endloop
  endfacet
  facet normal -0 0 1
    outer loop
      vertex 4.54238 29.9714 0.799999
      vertex 5.02023 29.6325 0.799999
      vertex 4.59934 30.0328 0.799999
    endloop
  endfacet
  facet normal 0 0 1
    outer loop
      vertex 5.02023 29.6325 0.799999
      vertex 4.54238 29.9714 0.799999
      vertex 4.95185 29.5606 0.799999
    endloop
  endfacet
  facet normal 0 0 1
    outer loop
      vertex 4.95185 29.5606 0.799999
      vertex 4.54238 29.9714 0.799999
      vertex 4.87888 29.4934 0.799999
    endloop
  endfacet
  facet normal -0 0 1
    outer loop
      vertex 4.47959 29.916 0.799999
      vertex 4.87888 29.4934 0.799999
      vertex 4.54238 29.9714 0.799999
    endloop
  endfacet
  facet normal -0 0 1
    outer loop
      vertex 4.47361 29.9107 0.799999
      vertex 4.87888 29.4934 0.799999
      vertex 4.47959 29.916 0.799999
    endloop
  endfacet
  facet normal 0 0 1
    outer loop
      vertex 4.87888 29.4934 0.799999
      vertex 4.47361 29.9107 0.799999
      vertex 4.80162 29.4312 0.799999
    endloop
  endfacet
  facet normal -0 0 1
    outer loop
      vertex 4.40562 29.8618 0.799999
      vertex 4.80162 29.4312 0.799999
      vertex 4.47361 29.9107 0.799999
    endloop
  endfacet
  facet normal 0 0 1
    outer loop
      vertex 4.80162 29.4312 0.799999
      vertex 4.40562 29.8618 0.799999
      vertex 4.72042 29.3742 0.799999
    endloop
  endfacet
  facet normal -0 0 1
    outer loop
      vertex 4.39914 29.8572 0.799999
      vertex 4.72042 29.3742 0.799999
      vertex 4.40562 29.8618 0.799999
    endloop
  endfacet
  facet normal -0 0 1
    outer loop
      vertex 4.39224 29.8532 0.799999
      vertex 4.72042 29.3742 0.799999
      vertex 4.39914 29.8572 0.799999
    endloop
  endfacet
  facet normal 0 0 1
    outer loop
      vertex 4.72042 29.3742 0.799999
      vertex 4.39224 29.8532 0.799999
      vertex 4.63563 29.3228 0.799999
    endloop
  endfacet
  facet normal -0 0 1
    outer loop
      vertex 4.31971 29.8113 0.799999
      vertex 4.63563 29.3228 0.799999
      vertex 4.39224 29.8532 0.799999
    endloop
  endfacet
  facet normal 0 0 1
    outer loop
      vertex 4.63563 29.3228 0.799999
      vertex 4.31971 29.8113 0.799999
      vertex 4.54763 29.277 0.799999
    endloop
  endfacet
  facet normal -0 0 1
    outer loop
      vertex 4.31244 29.808 0.799999
      vertex 4.54763 29.277 0.799999
      vertex 4.31971 29.8113 0.799999
    endloop
  endfacet
  facet normal -0 0 1
    outer loop
      vertex 4.23611 29.7736 0.799999
      vertex 4.54763 29.277 0.799999
      vertex 4.31244 29.808 0.799999
    endloop
  endfacet
  facet normal 0 0 1
    outer loop
      vertex 4.54763 29.277 0.799999
      vertex 4.23611 29.7736 0.799999
      vertex 4.4568 29.2372 0.799999
    endloop
  endfacet
  facet normal 0 0 1
    outer loop
      vertex 4.4568 29.2372 0.799999
      vertex 4.23611 29.7736 0.799999
      vertex 4.36353 29.2034 0.799999
    endloop
  endfacet
  facet normal -0 0 1
    outer loop
      vertex 4.15673 29.7469 0.799999
      vertex 4.36353 29.2034 0.799999
      vertex 4.23611 29.7736 0.799999
    endloop
  endfacet
  facet normal -0 0 1
    outer loop
      vertex 4.14917 29.7444 0.799999
      vertex 4.36353 29.2034 0.799999
      vertex 4.15673 29.7469 0.799999
    endloop
  endfacet
  facet normal 0 0 1
    outer loop
      vertex 4.36353 29.2034 0.799999
      vertex 4.14917 29.7444 0.799999
      vertex 4.26823 29.1759 0.799999
    endloop
  endfacet
  facet normal -0 0 1
    outer loop
      vertex 4.1414 29.7426 0.799999
      vertex 4.26823 29.1759 0.799999
      vertex 4.14917 29.7444 0.799999
    endloop
  endfacet
  facet normal -0 0 1
    outer loop
      vertex 4.05976 29.724 0.799999
      vertex 4.26823 29.1759 0.799999
      vertex 4.1414 29.7426 0.799999
    endloop
  endfacet
  facet normal 0 0 1
    outer loop
      vertex 4.26823 29.1759 0.799999
      vertex 4.05976 29.724 0.799999
      vertex 4.17132 29.1547 0.799999
    endloop
  endfacet
  facet normal 0 0 1
    outer loop
      vertex 4.17132 29.1547 0.799999
      vertex 4.05976 29.724 0.799999
      vertex 4.07323 29.14 0.799999
    endloop
  endfacet
  facet normal -0 0 1
    outer loop
      vertex 3.97666 29.7136 0.799999
      vertex 4.07323 29.14 0.799999
      vertex 4.05976 29.724 0.799999
    endloop
  endfacet
  facet normal -0 0 1
    outer loop
      vertex 3.96875 29.7126 0.799999
      vertex 4.07323 29.14 0.799999
      vertex 3.97666 29.7136 0.799999
    endloop
  endfacet
  facet normal 0 0 1
    outer loop
      vertex 4.07323 29.14 0.799999
      vertex 3.96875 29.7126 0.799999
      vertex 3.97437 29.1318 0.799999
    endloop
  endfacet
  facet normal -0 0 1
    outer loop
      vertex 3.87706 29.7103 0.799999
      vertex 3.97437 29.1318 0.799999
      vertex 3.96875 29.7126 0.799999
    endloop
  endfacet
  facet normal 0 0 1
    outer loop
      vertex 3.87706 29.7103 0.799999
      vertex 3.8752 29.1302 0.799999
      vertex 3.97437 29.1318 0.799999
    endloop
  endfacet
  facet normal 0 0 1
    outer loop
      vertex 3.77613 29.1351 0.799999
      vertex 3.87706 29.7103 0.799999
      vertex 3.7856 29.7171 0.799999
    endloop
  endfacet
  facet normal 0 0 1
    outer loop
      vertex 3.87706 29.7103 0.799999
      vertex 3.77613 29.1351 0.799999
      vertex 3.8752 29.1302 0.799999
    endloop
  endfacet
  facet normal 0 0 1
    outer loop
      vertex 3.6776 29.1466 0.799999
      vertex 3.7856 29.7171 0.799999
      vertex 3.69528 29.7331 0.799999
    endloop
  endfacet
  facet normal 0 0 1
    outer loop
      vertex 3.58005 29.1645 0.799999
      vertex 3.69528 29.7331 0.799999
      vertex 3.6876 29.7352 0.799999
    endloop
  endfacet
  facet normal 0 0 1
    outer loop
      vertex 3.7856 29.7171 0.799999
      vertex 3.6776 29.1466 0.799999
      vertex 3.77613 29.1351 0.799999
    endloop
  endfacet
  facet normal 0 0 1
    outer loop
      vertex 3.4839 29.1889 0.799999
      vertex 3.6876 29.7352 0.799999
      vertex 3.60699 29.7579 0.799999
    endloop
  endfacet
  facet normal 0 0 1
    outer loop
      vertex 3.69528 29.7331 0.799999
      vertex 3.58005 29.1645 0.799999
      vertex 3.6776 29.1466 0.799999
    endloop
  endfacet
  facet normal 0 0 1
    outer loop
      vertex 3.38956 29.2195 0.799999
      vertex 3.60699 29.7579 0.799999
      vertex 3.52904 29.7885 0.799999
    endloop
  endfacet
  facet normal 0 0 1
    outer loop
      vertex 3.29746 29.2563 0.799999
      vertex 3.52904 29.7885 0.799999
      vertex 3.52162 29.7914 0.799999
    endloop
  endfacet
  facet normal 0 0 1
    outer loop
      vertex 3.6876 29.7352 0.799999
      vertex 3.4839 29.1889 0.799999
      vertex 3.58005 29.1645 0.799999
    endloop
  endfacet
  facet normal 0 0 1
    outer loop
      vertex 3.20799 29.2992 0.799999
      vertex 3.52162 29.7914 0.799999
      vertex 3.44 29.8333 0.799999
    endloop
  endfacet
  facet normal 0 0 1
    outer loop
      vertex 3.12154 29.3478 0.799999
      vertex 3.44 29.8333 0.799999
      vertex 3.4333 29.8376 0.799999
    endloop
  endfacet
  facet normal 0 0 1
    outer loop
      vertex 3.60699 29.7579 0.799999
      vertex 3.38956 29.2195 0.799999
      vertex 3.4839 29.1889 0.799999
    endloop
  endfacet
  facet normal 0 0 1
    outer loop
      vertex 3.12154 29.3478 0.799999
      vertex 3.4333 29.8376 0.799999
      vertex 3.36296 29.883 0.799999
    endloop
  endfacet
  facet normal 0 0 1
    outer loop
      vertex 3.52904 29.7885 0.799999
      vertex 3.29746 29.2563 0.799999
      vertex 3.38956 29.2195 0.799999
    endloop
  endfacet
  facet normal 0 0 1
    outer loop
      vertex 2.95924 29.4617 0.799999
      vertex 3.36296 29.883 0.799999
      vertex 3.29125 29.9402 0.799999
    endloop
  endfacet
  facet normal 0 0 1
    outer loop
      vertex 2.88408 29.5264 0.799999
      vertex 3.29125 29.9402 0.799999
      vertex 3.2313 29.9987 0.799999
    endloop
  endfacet
  facet normal 0 0 1
    outer loop
      vertex 2.81336 29.596 0.799999
      vertex 3.2313 29.9987 0.799999
      vertex 3.22559 30.0042 0.799999
    endloop
  endfacet
  facet normal 0 0 1
    outer loop
      vertex 2.81336 29.596 0.799999
      vertex 3.22559 30.0042 0.799999
      vertex 3.22047 30.0104 0.799999
    endloop
  endfacet
  facet normal 0 0 1
    outer loop
      vertex 3.52162 29.7914 0.799999
      vertex 3.20799 29.2992 0.799999
      vertex 3.29746 29.2563 0.799999
    endloop
  endfacet
  facet normal 0 0 1
    outer loop
      vertex 2.7474 29.67 0.799999
      vertex 3.22047 30.0104 0.799999
      vertex 3.16664 30.0745 0.799999
    endloop
  endfacet
  facet normal 0 0 1
    outer loop
      vertex 3.44 29.8333 0.799999
      vertex 3.12154 29.3478 0.799999
      vertex 3.20799 29.2992 0.799999
    endloop
  endfacet
  facet normal 0 0 1
    outer loop
      vertex 2.68647 29.7483 0.799999
      vertex 3.16664 30.0745 0.799999
      vertex 3.11497 30.1503 0.799999
    endloop
  endfacet
  facet normal 0 0 1
    outer loop
      vertex 2.58079 29.9161 0.799999
      vertex 3.11497 30.1503 0.799999
      vertex 3.07111 30.2308 0.799999
    endloop
  endfacet
  facet normal 0 0 1
    outer loop
      vertex 2.53649 30.0048 0.799999
      vertex 3.07111 30.2308 0.799999
      vertex 3.06801 30.2382 0.799999
    endloop
  endfacet
  facet normal 0 0 1
    outer loop
      vertex 2.53649 30.0048 0.799999
      vertex 3.06801 30.2382 0.799999
      vertex 3.05249 30.275 0.799999
    endloop
  endfacet
  facet normal 0 0 1
    outer loop
      vertex 3.36296 29.883 0.799999
      vertex 3.03851 29.4021 0.799999
      vertex 3.12154 29.3478 0.799999
    endloop
  endfacet
  facet normal 0 0 1
    outer loop
      vertex 3.36296 29.883 0.799999
      vertex 2.95924 29.4617 0.799999
      vertex 3.03851 29.4021 0.799999
    endloop
  endfacet
  facet normal 0 0 1
    outer loop
      vertex 3.29125 29.9402 0.799999
      vertex 2.88408 29.5264 0.799999
      vertex 2.95924 29.4617 0.799999
    endloop
  endfacet
  facet normal 0 0 1
    outer loop
      vertex 3.2313 29.9987 0.799999
      vertex 2.81336 29.596 0.799999
      vertex 2.88408 29.5264 0.799999
    endloop
  endfacet
  facet normal 0 0 1
    outer loop
      vertex 3.22047 30.0104 0.799999
      vertex 2.7474 29.67 0.799999
      vertex 2.81336 29.596 0.799999
    endloop
  endfacet
  facet normal 0 0 1
    outer loop
      vertex 3.16664 30.0745 0.799999
      vertex 2.68647 29.7483 0.799999
      vertex 2.7474 29.67 0.799999
    endloop
  endfacet
  facet normal 0 0 1
    outer loop
      vertex 3.11497 30.1503 0.799999
      vertex 2.63086 29.8305 0.799999
      vertex 2.68647 29.7483 0.799999
    endloop
  endfacet
  facet normal 0 0 1
    outer loop
      vertex 3.11497 30.1503 0.799999
      vertex 2.58079 29.9161 0.799999
      vertex 2.63086 29.8305 0.799999
    endloop
  endfacet
  facet normal 0 0 1
    outer loop
      vertex 3.07111 30.2308 0.799999
      vertex 2.53649 30.0048 0.799999
      vertex 2.58079 29.9161 0.799999
    endloop
  endfacet
  facet normal 0 0 1
    outer loop
      vertex 3.05249 30.275 0.799999
      vertex 2.49815 30.0963 0.799999
      vertex 2.53649 30.0048 0.799999
    endloop
  endfacet
  facet normal 0 0 1
    outer loop
      vertex 3.05249 30.275 0.799999
      vertex 2.46595 30.1901 0.799999
      vertex 2.49815 30.0963 0.799999
    endloop
  endfacet
  facet normal 0 -0 1
    outer loop
      vertex 2.46595 30.1901 0.799999
      vertex 3.05249 30.275 0.799999
      vertex 2.44295 30.275 0.799999
    endloop
  endfacet
  facet normal 0.76832 -0.640065 0
    outer loop
      vertex 5.02023 29.6325 0.799999
      vertex 5.08371 29.7087 0
      vertex 5.08371 29.7087 0.799999
    endloop
  endfacet
  facet normal 0.76832 -0.640065 0
    outer loop
      vertex 5.08371 29.7087 0
      vertex 5.02023 29.6325 0.799999
      vertex 5.02023 29.6325 0
    endloop
  endfacet
  facet normal 0.87939 -0.476101 0
    outer loop
      vertex 5.19488 29.8729 0.799999
      vertex 5.24209 29.9601 0
      vertex 5.24209 29.9601 0.799999
    endloop
  endfacet
  facet normal 0.87939 -0.476101 0
    outer loop
      vertex 5.24209 29.9601 0
      vertex 5.19488 29.8729 0.799999
      vertex 5.19488 29.8729 0
    endloop
  endfacet
  facet normal -0.922306 -0.386461 0
    outer loop
      vertex 2.53649 30.0048 0
      vertex 2.49815 30.0963 0.799999
      vertex 2.49815 30.0963 0
    endloop
  endfacet
  facet normal -0.922306 -0.386461 0
    outer loop
      vertex 2.49815 30.0963 0.799999
      vertex 2.53649 30.0048 0
      vertex 2.53649 30.0048 0.799999
    endloop
  endfacet
  facet normal 0.213706 -0.976898 0
    outer loop
      vertex 4.17132 29.1547 0
      vertex 4.26823 29.1759 0.799999
      vertex 4.17132 29.1547 0.799999
    endloop
  endfacet
  facet normal 0.213706 -0.976898 0
    outer loop
      vertex 4.26823 29.1759 0.799999
      vertex 4.17132 29.1547 0
      vertex 4.26823 29.1759 0
    endloop
  endfacet
  facet normal 0.401342 -0.915928 0
    outer loop
      vertex 4.4568 29.2372 0
      vertex 4.54763 29.277 0.799999
      vertex 4.4568 29.2372 0.799999
    endloop
  endfacet
  facet normal 0.401342 -0.915928 0
    outer loop
      vertex 4.54763 29.277 0.799999
      vertex 4.4568 29.2372 0
      vertex 4.54763 29.277 0
    endloop
  endfacet
  facet normal 0.574544 -0.818474 0
    outer loop
      vertex 4.72042 29.3742 0
      vertex 4.80162 29.4312 0.799999
      vertex 4.72042 29.3742 0.799999
    endloop
  endfacet
  facet normal 0.574544 -0.818474 0
    outer loop
      vertex 4.80162 29.4312 0.799999
      vertex 4.72042 29.3742 0
      vertex 4.80162 29.4312 0
    endloop
  endfacet
  facet normal 0.909071 -0.416641 0
    outer loop
      vertex 5.24209 29.9601 0.799999
      vertex 5.28343 30.0503 0
      vertex 5.28343 30.0503 0.799999
    endloop
  endfacet
  facet normal 0.909071 -0.416641 0
    outer loop
      vertex 5.28343 30.0503 0
      vertex 5.24209 29.9601 0.799999
      vertex 5.24209 29.9601 0
    endloop
  endfacet
  facet normal -0.180482 -0.983578 0
    outer loop
      vertex 3.58005 29.1645 0
      vertex 3.6776 29.1466 0.799999
      vertex 3.58005 29.1645 0.799999
    endloop
  endfacet
  facet normal -0.180482 -0.983578 -0
    outer loop
      vertex 3.6776 29.1466 0.799999
      vertex 3.58005 29.1645 0
      vertex 3.6776 29.1466 0
    endloop
  endfacet
  facet normal -0.789206 -0.614129 0
    outer loop
      vertex 2.7474 29.67 0
      vertex 2.68647 29.7483 0.799999
      vertex 2.68647 29.7483 0
    endloop
  endfacet
  facet normal -0.789206 -0.614129 0
    outer loop
      vertex 2.68647 29.7483 0.799999
      vertex 2.7474 29.67 0
      vertex 2.7474 29.67 0.799999
    endloop
  endfacet
  facet normal -0.965208 -0.261482 0
    outer loop
      vertex 2.46595 30.1901 0
      vertex 2.44295 30.275 0.799999
      vertex 2.44295 30.275 0
    endloop
  endfacet
  facet normal -0.965208 -0.261482 0
    outer loop
      vertex 2.44295 30.275 0.799999
      vertex 2.46595 30.1901 0
      vertex 2.46595 30.1901 0.799999
    endloop
  endfacet
  facet normal 0.973259 -0.22971 0
    outer loop
      vertex 5.34781 30.2378 0.799999
      vertex 5.35659 30.275 0
      vertex 5.35659 30.275 0.799999
    endloop
  endfacet
  facet normal 0.973259 -0.22971 0
    outer loop
      vertex 5.35659 30.275 0
      vertex 5.34781 30.2378 0.799999
      vertex 5.34781 30.2378 0
    endloop
  endfacet
  facet normal 0.956032 -0.293264 0
    outer loop
      vertex 5.31873 30.143 0.799999
      vertex 5.34781 30.2378 0
      vertex 5.34781 30.2378 0.799999
    endloop
  endfacet
  facet normal 0.956032 -0.293264 0
    outer loop
      vertex 5.34781 30.2378 0
      vertex 5.31873 30.143 0.799999
      vertex 5.31873 30.143 0
    endloop
  endfacet
  facet normal 0.846319 -0.532677 0
    outer loop
      vertex 5.14201 29.7889 0.799999
      vertex 5.19488 29.8729 0
      vertex 5.19488 29.8729 0.799999
    endloop
  endfacet
  facet normal 0.846319 -0.532677 0
    outer loop
      vertex 5.19488 29.8729 0
      vertex 5.14201 29.7889 0.799999
      vertex 5.14201 29.7889 0
    endloop
  endfacet
  facet normal 0.808867 -0.587992 0
    outer loop
      vertex 5.08371 29.7087 0.799999
      vertex 5.14201 29.7889 0
      vertex 5.14201 29.7889 0.799999
    endloop
  endfacet
  facet normal 0.808867 -0.587992 0
    outer loop
      vertex 5.14201 29.7889 0
      vertex 5.08371 29.7087 0.799999
      vertex 5.08371 29.7087 0
    endloop
  endfacet
  facet normal 0.677426 -0.735591 0
    outer loop
      vertex 4.87888 29.4934 0
      vertex 4.95185 29.5606 0.799999
      vertex 4.87888 29.4934 0.799999
    endloop
  endfacet
  facet normal 0.677426 -0.735591 0
    outer loop
      vertex 4.95185 29.5606 0.799999
      vertex 4.87888 29.4934 0
      vertex 4.95185 29.5606 0
    endloop
  endfacet
  facet normal 0.627102 -0.778937 0
    outer loop
      vertex 4.80162 29.4312 0
      vertex 4.87888 29.4934 0.799999
      vertex 4.80162 29.4312 0.799999
    endloop
  endfacet
  facet normal 0.627102 -0.778937 0
    outer loop
      vertex 4.87888 29.4934 0.799999
      vertex 4.80162 29.4312 0
      vertex 4.87888 29.4934 0
    endloop
  endfacet
  facet normal -0.0493996 -0.998779 0
    outer loop
      vertex 3.77613 29.1351 0
      vertex 3.8752 29.1302 0.799999
      vertex 3.77613 29.1351 0.799999
    endloop
  endfacet
  facet normal -0.0493996 -0.998779 -0
    outer loop
      vertex 3.8752 29.1302 0.799999
      vertex 3.77613 29.1351 0
      vertex 3.8752 29.1302 0
    endloop
  endfacet
  facet normal -0.547328 -0.836918 0
    outer loop
      vertex 3.03851 29.4021 0
      vertex 3.12154 29.3478 0.799999
      vertex 3.03851 29.4021 0.799999
    endloop
  endfacet
  facet normal -0.547328 -0.836918 -0
    outer loop
      vertex 3.12154 29.3478 0.799999
      vertex 3.03851 29.4021 0
      vertex 3.12154 29.3478 0
    endloop
  endfacet
  facet normal -0.308534 -0.951213 0
    outer loop
      vertex 3.38956 29.2195 0
      vertex 3.4839 29.1889 0.799999
      vertex 3.38956 29.2195 0.799999
    endloop
  endfacet
  facet normal -0.308534 -0.951213 -0
    outer loop
      vertex 3.4839 29.1889 0.799999
      vertex 3.38956 29.2195 0
      vertex 3.4839 29.1889 0
    endloop
  endfacet
  facet normal -0.245973 -0.969277 0
    outer loop
      vertex 3.4839 29.1889 0
      vertex 3.58005 29.1645 0.799999
      vertex 3.4839 29.1889 0.799999
    endloop
  endfacet
  facet normal -0.245973 -0.969277 -0
    outer loop
      vertex 3.58005 29.1645 0.799999
      vertex 3.4839 29.1889 0
      vertex 3.58005 29.1645 0
    endloop
  endfacet
  facet normal -0.115929 -0.993258 0
    outer loop
      vertex 3.6776 29.1466 0
      vertex 3.77613 29.1351 0.799999
      vertex 3.6776 29.1466 0.799999
    endloop
  endfacet
  facet normal -0.115929 -0.993258 -0
    outer loop
      vertex 3.77613 29.1351 0.799999
      vertex 3.6776 29.1466 0
      vertex 3.77613 29.1351 0
    endloop
  endfacet
  facet normal -0.863178 -0.504899 0
    outer loop
      vertex 2.63086 29.8305 0
      vertex 2.58079 29.9161 0.799999
      vertex 2.58079 29.9161 0
    endloop
  endfacet
  facet normal -0.863178 -0.504899 0
    outer loop
      vertex 2.58079 29.9161 0.799999
      vertex 2.63086 29.8305 0
      vertex 2.63086 29.8305 0.799999
    endloop
  endfacet
  facet normal -0.828264 -0.560338 0
    outer loop
      vertex 2.68647 29.7483 0
      vertex 2.63086 29.8305 0.799999
      vertex 2.63086 29.8305 0
    endloop
  endfacet
  facet normal -0.828264 -0.560338 0
    outer loop
      vertex 2.63086 29.8305 0.799999
      vertex 2.68647 29.7483 0
      vertex 2.68647 29.7483 0.799999
    endloop
  endfacet
  facet normal -0.746496 -0.66539 0
    outer loop
      vertex 2.81336 29.596 0
      vertex 2.7474 29.67 0.799999
      vertex 2.7474 29.67 0
    endloop
  endfacet
  facet normal -0.746496 -0.66539 0
    outer loop
      vertex 2.7474 29.67 0.799999
      vertex 2.81336 29.596 0
      vertex 2.81336 29.596 0.799999
    endloop
  endfacet
  facet normal -0.70144 -0.712728 0
    outer loop
      vertex 2.81336 29.596 0
      vertex 2.88408 29.5264 0.799999
      vertex 2.81336 29.596 0.799999
    endloop
  endfacet
  facet normal -0.70144 -0.712728 -0
    outer loop
      vertex 2.88408 29.5264 0.799999
      vertex 2.81336 29.596 0
      vertex 2.88408 29.5264 0
    endloop
  endfacet
  facet normal -0.945822 -0.324685 0
    outer loop
      vertex 2.49815 30.0963 0
      vertex 2.46595 30.1901 0.799999
      vertex 2.46595 30.1901 0
    endloop
  endfacet
  facet normal -0.945822 -0.324685 0
    outer loop
      vertex 2.46595 30.1901 0.799999
      vertex 2.49815 30.0963 0
      vertex 2.49815 30.0963 0.799999
    endloop
  endfacet
  facet normal 0.148207 -0.988956 0
    outer loop
      vertex 4.07323 29.14 0
      vertex 4.17132 29.1547 0.799999
      vertex 4.07323 29.14 0.799999
    endloop
  endfacet
  facet normal 0.148207 -0.988956 0
    outer loop
      vertex 4.17132 29.1547 0.799999
      vertex 4.07323 29.14 0
      vertex 4.17132 29.1547 0
    endloop
  endfacet
  facet normal 0.0826617 -0.996578 0
    outer loop
      vertex 3.97437 29.1318 0
      vertex 4.07323 29.14 0.799999
      vertex 3.97437 29.1318 0.799999
    endloop
  endfacet
  facet normal 0.0826617 -0.996578 0
    outer loop
      vertex 4.07323 29.14 0.799999
      vertex 3.97437 29.1318 0
      vertex 4.07323 29.14 0
    endloop
  endfacet
  facet normal 0.340707 -0.94017 0
    outer loop
      vertex 4.36353 29.2034 0
      vertex 4.4568 29.2372 0.799999
      vertex 4.36353 29.2034 0.799999
    endloop
  endfacet
  facet normal 0.340707 -0.94017 0
    outer loop
      vertex 4.4568 29.2372 0.799999
      vertex 4.36353 29.2034 0
      vertex 4.4568 29.2372 0
    endloop
  endfacet
  facet normal 0.518391 -0.855144 0
    outer loop
      vertex 4.63563 29.3228 0
      vertex 4.72042 29.3742 0.799999
      vertex 4.63563 29.3228 0.799999
    endloop
  endfacet
  facet normal 0.518391 -0.855144 0
    outer loop
      vertex 4.72042 29.3742 0.799999
      vertex 4.63563 29.3228 0
      vertex 4.72042 29.3742 0
    endloop
  endfacet
  facet normal 0.46167 -0.887052 0
    outer loop
      vertex 4.54763 29.277 0
      vertex 4.63563 29.3228 0.799999
      vertex 4.54763 29.277 0.799999
    endloop
  endfacet
  facet normal 0.46167 -0.887052 0
    outer loop
      vertex 4.63563 29.3228 0.799999
      vertex 4.54763 29.277 0
      vertex 4.63563 29.3228 0
    endloop
  endfacet
  facet normal -0.371043 -0.928616 0
    outer loop
      vertex 3.29746 29.2563 0
      vertex 3.38956 29.2195 0.799999
      vertex 3.29746 29.2563 0.799999
    endloop
  endfacet
  facet normal -0.371043 -0.928616 -0
    outer loop
      vertex 3.38956 29.2195 0.799999
      vertex 3.29746 29.2563 0
      vertex 3.38956 29.2195 0
    endloop
  endfacet
  facet normal 0.27725 -0.960798 0
    outer loop
      vertex 4.26823 29.1759 0
      vertex 4.36353 29.2034 0.799999
      vertex 4.26823 29.1759 0.799999
    endloop
  endfacet
  facet normal 0.27725 -0.960798 0
    outer loop
      vertex 4.36353 29.2034 0.799999
      vertex 4.26823 29.1759 0
      vertex 4.36353 29.2034 0
    endloop
  endfacet
  facet normal -0.490046 -0.871697 0
    outer loop
      vertex 3.12154 29.3478 0
      vertex 3.20799 29.2992 0.799999
      vertex 3.12154 29.3478 0.799999
    endloop
  endfacet
  facet normal -0.490046 -0.871697 -0
    outer loop
      vertex 3.20799 29.2992 0.799999
      vertex 3.12154 29.3478 0
      vertex 3.20799 29.2992 0
    endloop
  endfacet
  facet normal -0.600951 -0.799286 0
    outer loop
      vertex 2.95924 29.4617 0
      vertex 3.03851 29.4021 0.799999
      vertex 2.95924 29.4617 0.799999
    endloop
  endfacet
  facet normal -0.600951 -0.799286 -0
    outer loop
      vertex 3.03851 29.4021 0.799999
      vertex 2.95924 29.4617 0
      vertex 3.03851 29.4021 0
    endloop
  endfacet
  facet normal -0.652401 -0.757874 0
    outer loop
      vertex 2.88408 29.5264 0
      vertex 2.95924 29.4617 0.799999
      vertex 2.88408 29.5264 0.799999
    endloop
  endfacet
  facet normal -0.652401 -0.757874 -0
    outer loop
      vertex 2.95924 29.4617 0.799999
      vertex 2.88408 29.5264 0
      vertex 2.95924 29.4617 0
    endloop
  endfacet
  facet normal -0.432358 -0.901702 0
    outer loop
      vertex 3.20799 29.2992 0
      vertex 3.29746 29.2563 0.799999
      vertex 3.20799 29.2992 0.799999
    endloop
  endfacet
  facet normal -0.432358 -0.901702 -0
    outer loop
      vertex 3.29746 29.2563 0.799999
      vertex 3.20799 29.2992 0
      vertex 3.29746 29.2563 0
    endloop
  endfacet
  facet normal 0.879482 0.475932 0
    outer loop
      vertex 5.24209 1.83991 0.799999
      vertex 5.19488 1.92715 0
      vertex 5.19488 1.92715 0.799999
    endloop
  endfacet
  facet normal 0.879482 0.475932 0
    outer loop
      vertex 5.19488 1.92715 0
      vertex 5.24209 1.83991 0.799999
      vertex 5.24209 1.83991 0
    endloop
  endfacet
  facet normal 0.340261 0.940331 -0
    outer loop
      vertex 4.4568 2.56283 0
      vertex 4.36353 2.59658 0.799999
      vertex 4.4568 2.56283 0.799999
    endloop
  endfacet
  facet normal 0.340261 0.940331 0
    outer loop
      vertex 4.36353 2.59658 0.799999
      vertex 4.4568 2.56283 0
      vertex 4.36353 2.59658 0
    endloop
  endfacet
  facet normal -0.431784 0.901977 0
    outer loop
      vertex 3.29746 2.54366 0
      vertex 3.20799 2.50083 0.799999
      vertex 3.29746 2.54366 0.799999
    endloop
  endfacet
  facet normal -0.431784 0.901977 0
    outer loop
      vertex 3.20799 2.50083 0.799999
      vertex 3.29746 2.54366 0
      vertex 3.20799 2.50083 0
    endloop
  endfacet
  facet normal -0.922276 0.386533 0
    outer loop
      vertex 2.49815 1.70369 0
      vertex 2.53649 1.79517 0.799999
      vertex 2.53649 1.79517 0
    endloop
  endfacet
  facet normal -0.922276 0.386533 0
    outer loop
      vertex 2.53649 1.79517 0.799999
      vertex 2.49815 1.70369 0
      vertex 2.49815 1.70369 0.799999
    endloop
  endfacet
  facet normal 0.0825616 0.996586 -0
    outer loop
      vertex 4.07323 2.65996 0
      vertex 3.97437 2.66815 0.799999
      vertex 4.07323 2.65996 0.799999
    endloop
  endfacet
  facet normal 0.0825616 0.996586 0
    outer loop
      vertex 3.97437 2.66815 0.799999
      vertex 4.07323 2.65996 0
      vertex 3.97437 2.66815 0
    endloop
  endfacet
  facet normal 0.518981 0.854786 -0
    outer loop
      vertex 4.72042 2.42575 0
      vertex 4.63563 2.47723 0.799999
      vertex 4.72042 2.42575 0.799999
    endloop
  endfacet
  facet normal 0.518981 0.854786 0
    outer loop
      vertex 4.63563 2.47723 0.799999
      vertex 4.72042 2.42575 0
      vertex 4.63563 2.47723 0
    endloop
  endfacet
  facet normal -0.789092 0.614276 0
    outer loop
      vertex 2.68647 2.05168 0
      vertex 2.7474 2.12995 0.799999
      vertex 2.7474 2.12995 0
    endloop
  endfacet
  facet normal -0.789092 0.614276 0
    outer loop
      vertex 2.7474 2.12995 0.799999
      vertex 2.68647 2.05168 0
      vertex 2.68647 2.05168 0.799999
    endloop
  endfacet
  facet normal -0.2455 0.969397 0
    outer loop
      vertex 3.58005 2.63548 0
      vertex 3.4839 2.61113 0.799999
      vertex 3.58005 2.63548 0.799999
    endloop
  endfacet
  facet normal -0.2455 0.969397 0
    outer loop
      vertex 3.4839 2.61113 0.799999
      vertex 3.58005 2.63548 0
      vertex 3.4839 2.61113 0
    endloop
  endfacet
  facet normal 0.809041 0.587752 0
    outer loop
      vertex 5.14201 2.01107 0.799999
      vertex 5.08371 2.09132 0
      vertex 5.08371 2.09132 0.799999
    endloop
  endfacet
  facet normal 0.809041 0.587752 0
    outer loop
      vertex 5.08371 2.09132 0
      vertex 5.14201 2.01107 0.799999
      vertex 5.14201 2.01107 0
    endloop
  endfacet
  facet normal 0.724382 0.689398 0
    outer loop
      vertex 5.02023 2.16754 0.799999
      vertex 4.95185 2.23939 0
      vertex 4.95185 2.23939 0.799999
    endloop
  endfacet
  facet normal 0.724382 0.689398 0
    outer loop
      vertex 4.95185 2.23939 0
      vertex 5.02023 2.16754 0.799999
      vertex 5.02023 2.16754 0
    endloop
  endfacet
  facet normal -0.0495002 0.998774 0
    outer loop
      vertex 3.8752 2.66979 0
      vertex 3.77613 2.66488 0.799999
      vertex 3.8752 2.66979 0.799999
    endloop
  endfacet
  facet normal -0.0495002 0.998774 0
    outer loop
      vertex 3.77613 2.66488 0.799999
      vertex 3.8752 2.66979 0
      vertex 3.77613 2.66488 0
    endloop
  endfacet
  facet normal 0.277436 0.960744 -0
    outer loop
      vertex 4.36353 2.59658 0
      vertex 4.26823 2.6241 0.799999
      vertex 4.36353 2.59658 0.799999
    endloop
  endfacet
  facet normal 0.277436 0.960744 0
    outer loop
      vertex 4.26823 2.6241 0.799999
      vertex 4.36353 2.59658 0
      vertex 4.26823 2.6241 0
    endloop
  endfacet
  facet normal 0.148207 0.988956 -0
    outer loop
      vertex 4.17132 2.64526 0
      vertex 4.07323 2.65996 0.799999
      vertex 4.17132 2.64526 0.799999
    endloop
  endfacet
  facet normal 0.148207 0.988956 0
    outer loop
      vertex 4.07323 2.65996 0.799999
      vertex 4.17132 2.64526 0
      vertex 4.07323 2.65996 0
    endloop
  endfacet
  facet normal 0.574342 0.818616 -0
    outer loop
      vertex 4.80162 2.36878 0
      vertex 4.72042 2.42575 0.799999
      vertex 4.80162 2.36878 0.799999
    endloop
  endfacet
  facet normal 0.574342 0.818616 0
    outer loop
      vertex 4.72042 2.42575 0.799999
      vertex 4.80162 2.36878 0
      vertex 4.72042 2.42575 0
    endloop
  endfacet
  facet normal -0.894729 0.446609 0
    outer loop
      vertex 2.53649 1.79517 0
      vertex 2.58079 1.88392 0.799999
      vertex 2.58079 1.88392 0
    endloop
  endfacet
  facet normal -0.894729 0.446609 0
    outer loop
      vertex 2.58079 1.88392 0.799999
      vertex 2.53649 1.79517 0
      vertex 2.53649 1.79517 0.799999
    endloop
  endfacet
  facet normal -0.863256 0.504767 0
    outer loop
      vertex 2.58079 1.88392 0
      vertex 2.63086 1.96955 0.799999
      vertex 2.63086 1.96955 0
    endloop
  endfacet
  facet normal -0.863256 0.504767 0
    outer loop
      vertex 2.63086 1.96955 0.799999
      vertex 2.58079 1.88392 0
      vertex 2.58079 1.88392 0.799999
    endloop
  endfacet
  facet normal -0.30899 0.951065 0
    outer loop
      vertex 3.4839 2.61113 0
      vertex 3.38956 2.58048 0.799999
      vertex 3.4839 2.61113 0.799999
    endloop
  endfacet
  facet normal -0.30899 0.951065 0
    outer loop
      vertex 3.38956 2.58048 0.799999
      vertex 3.4839 2.61113 0
      vertex 3.38956 2.58048 0
    endloop
  endfacet
  facet normal -0.115531 0.993304 0
    outer loop
      vertex 3.77613 2.66488 0
      vertex 3.6776 2.65342 0.799999
      vertex 3.77613 2.66488 0.799999
    endloop
  endfacet
  facet normal -0.115531 0.993304 0
    outer loop
      vertex 3.6776 2.65342 0.799999
      vertex 3.77613 2.66488 0
      vertex 3.6776 2.65342 0
    endloop
  endfacet
  facet normal -0.60108 0.799189 0
    outer loop
      vertex 3.03851 2.39794 0
      vertex 2.95924 2.33832 0.799999
      vertex 3.03851 2.39794 0.799999
    endloop
  endfacet
  facet normal -0.60108 0.799189 0
    outer loop
      vertex 2.95924 2.33832 0.799999
      vertex 3.03851 2.39794 0
      vertex 2.95924 2.33832 0
    endloop
  endfacet
  facet normal -0.652575 0.757724 0
    outer loop
      vertex 2.95924 2.33832 0
      vertex 2.88408 2.27359 0.799999
      vertex 2.95924 2.33832 0.799999
    endloop
  endfacet
  facet normal -0.652575 0.757724 0
    outer loop
      vertex 2.88408 2.27359 0.799999
      vertex 2.95924 2.33832 0
      vertex 2.88408 2.27359 0
    endloop
  endfacet
  facet normal -0.546975 0.837149 0
    outer loop
      vertex 3.12154 2.45219 0
      vertex 3.03851 2.39794 0.799999
      vertex 3.12154 2.45219 0.799999
    endloop
  endfacet
  facet normal -0.546975 0.837149 0
    outer loop
      vertex 3.03851 2.39794 0.799999
      vertex 3.12154 2.45219 0
      vertex 3.03851 2.39794 0
    endloop
  endfacet
  facet normal 0.956058 0.293179 0
    outer loop
      vertex 5.34781 1.56222 0.799999
      vertex 5.31873 1.65705 0
      vertex 5.31873 1.65705 0.799999
    endloop
  endfacet
  facet normal 0.956058 0.293179 0
    outer loop
      vertex 5.31873 1.65705 0
      vertex 5.34781 1.56222 0.799999
      vertex 5.34781 1.56222 0
    endloop
  endfacet
  facet normal 0.909001 0.416794 0
    outer loop
      vertex 5.28343 1.74975 0.799999
      vertex 5.24209 1.83991 0
      vertex 5.24209 1.83991 0.799999
    endloop
  endfacet
  facet normal 0.909001 0.416794 0
    outer loop
      vertex 5.24209 1.83991 0
      vertex 5.28343 1.74975 0.799999
      vertex 5.28343 1.74975 0
    endloop
  endfacet
  facet normal 0.677316 0.735692 -0
    outer loop
      vertex 4.95185 2.23939 0
      vertex 4.87888 2.30657 0.799999
      vertex 4.95185 2.23939 0.799999
    endloop
  endfacet
  facet normal 0.677316 0.735692 0
    outer loop
      vertex 4.87888 2.30657 0.799999
      vertex 4.95185 2.23939 0
      vertex 4.87888 2.30657 0
    endloop
  endfacet
  facet normal 0.84609 0.533041 0
    outer loop
      vertex 5.19488 1.92715 0.799999
      vertex 5.14201 2.01107 0
      vertex 5.14201 2.01107 0.799999
    endloop
  endfacet
  facet normal 0.84609 0.533041 0
    outer loop
      vertex 5.14201 2.01107 0
      vertex 5.19488 1.92715 0.799999
      vertex 5.19488 1.92715 0
    endloop
  endfacet
  facet normal 0.768403 0.639966 0
    outer loop
      vertex 5.08371 2.09132 0.799999
      vertex 5.02023 2.16754 0
      vertex 5.02023 2.16754 0.799999
    endloop
  endfacet
  facet normal 0.768403 0.639966 0
    outer loop
      vertex 5.02023 2.16754 0
      vertex 5.08371 2.09132 0.799999
      vertex 5.08371 2.09132 0
    endloop
  endfacet
  facet normal 0.016535 0.999863 -0
    outer loop
      vertex 3.97437 2.66815 0
      vertex 3.8752 2.66979 0.799999
      vertex 3.97437 2.66815 0.799999
    endloop
  endfacet
  facet normal 0.016535 0.999863 0
    outer loop
      vertex 3.8752 2.66979 0.799999
      vertex 3.97437 2.66815 0
      vertex 3.8752 2.66979 0
    endloop
  endfacet
  facet normal 0.213321 0.976982 -0
    outer loop
      vertex 4.26823 2.6241 0
      vertex 4.17132 2.64526 0.799999
      vertex 4.26823 2.6241 0.799999
    endloop
  endfacet
  facet normal 0.213321 0.976982 0
    outer loop
      vertex 4.17132 2.64526 0.799999
      vertex 4.26823 2.6241 0
      vertex 4.17132 2.64526 0
    endloop
  endfacet
  facet normal 0.461353 0.887217 -0
    outer loop
      vertex 4.63563 2.47723 0
      vertex 4.54763 2.52299 0.799999
      vertex 4.63563 2.47723 0.799999
    endloop
  endfacet
  facet normal 0.461353 0.887217 0
    outer loop
      vertex 4.54763 2.52299 0.799999
      vertex 4.63563 2.47723 0
      vertex 4.54763 2.52299 0
    endloop
  endfacet
  facet normal 0.401681 0.91578 -0
    outer loop
      vertex 4.54763 2.52299 0
      vertex 4.4568 2.56283 0.799999
      vertex 4.54763 2.52299 0.799999
    endloop
  endfacet
  facet normal 0.401681 0.91578 0
    outer loop
      vertex 4.4568 2.56283 0.799999
      vertex 4.54763 2.52299 0
      vertex 4.4568 2.56283 0
    endloop
  endfacet
  facet normal 0.627163 0.778888 -0
    outer loop
      vertex 4.87888 2.30657 0
      vertex 4.80162 2.36878 0.799999
      vertex 4.87888 2.30657 0.799999
    endloop
  endfacet
  facet normal 0.627163 0.778888 0
    outer loop
      vertex 4.80162 2.36878 0.799999
      vertex 4.87888 2.30657 0
      vertex 4.80162 2.36878 0
    endloop
  endfacet
  facet normal -0.965185 0.261568 0
    outer loop
      vertex 2.44295 1.525 0
      vertex 2.46595 1.60987 0.799999
      vertex 2.46595 1.60987 0
    endloop
  endfacet
  facet normal -0.965185 0.261568 0
    outer loop
      vertex 2.46595 1.60987 0.799999
      vertex 2.44295 1.525 0
      vertex 2.44295 1.525 0.799999
    endloop
  endfacet
  facet normal -0.945843 0.324623 0
    outer loop
      vertex 2.46595 1.60987 0
      vertex 2.49815 1.70369 0.799999
      vertex 2.49815 1.70369 0
    endloop
  endfacet
  facet normal -0.945843 0.324623 0
    outer loop
      vertex 2.49815 1.70369 0.799999
      vertex 2.46595 1.60987 0
      vertex 2.46595 1.60987 0.799999
    endloop
  endfacet
  facet normal -0.828043 0.560665 0
    outer loop
      vertex 2.63086 1.96955 0
      vertex 2.68647 2.05168 0.799999
      vertex 2.68647 2.05168 0
    endloop
  endfacet
  facet normal -0.828043 0.560665 0
    outer loop
      vertex 2.68647 2.05168 0.799999
      vertex 2.63086 1.96955 0
      vertex 2.63086 1.96955 0.799999
    endloop
  endfacet
  facet normal -0.371217 0.928546 0
    outer loop
      vertex 3.38956 2.58048 0
      vertex 3.29746 2.54366 0.799999
      vertex 3.38956 2.58048 0.799999
    endloop
  endfacet
  facet normal -0.371217 0.928546 0
    outer loop
      vertex 3.29746 2.54366 0.799999
      vertex 3.38956 2.58048 0
      vertex 3.29746 2.54366 0
    endloop
  endfacet
  facet normal -0.490352 0.871524 0
    outer loop
      vertex 3.20799 2.50083 0
      vertex 3.12154 2.45219 0.799999
      vertex 3.20799 2.50083 0.799999
    endloop
  endfacet
  facet normal -0.490352 0.871524 0
    outer loop
      vertex 3.12154 2.45219 0.799999
      vertex 3.20799 2.50083 0
      vertex 3.12154 2.45219 0
    endloop
  endfacet
  facet normal -0.701236 0.71293 0
    outer loop
      vertex 2.88408 2.27359 0
      vertex 2.81336 2.20403 0.799999
      vertex 2.88408 2.27359 0.799999
    endloop
  endfacet
  facet normal -0.701236 0.71293 0
    outer loop
      vertex 2.81336 2.20403 0.799999
      vertex 2.88408 2.27359 0
      vertex 2.81336 2.20403 0
    endloop
  endfacet
  facet normal -0.746853 0.664989 0
    outer loop
      vertex 2.7474 2.12995 0
      vertex 2.81336 2.20403 0.799999
      vertex 2.81336 2.20403 0
    endloop
  endfacet
  facet normal -0.746853 0.664989 0
    outer loop
      vertex 2.81336 2.20403 0.799999
      vertex 2.7474 2.12995 0
      vertex 2.7474 2.12995 0.799999
    endloop
  endfacet
  facet normal 0.934536 0.35587 0
    outer loop
      vertex 5.31873 1.65705 0.799999
      vertex 5.28343 1.74975 0
      vertex 5.28343 1.74975 0.799999
    endloop
  endfacet
  facet normal 0.934536 0.35587 0
    outer loop
      vertex 5.28343 1.74975 0
      vertex 5.31873 1.65705 0.799999
      vertex 5.31873 1.65705 0
    endloop
  endfacet
  facet normal 0.973287 0.229593 0
    outer loop
      vertex 5.35659 1.525 0.799999
      vertex 5.34781 1.56222 0
      vertex 5.34781 1.56222 0.799999
    endloop
  endfacet
  facet normal 0.973287 0.229593 0
    outer loop
      vertex 5.34781 1.56222 0
      vertex 5.35659 1.525 0.799999
      vertex 5.35659 1.525 0
    endloop
  endfacet
  facet normal 0 0 1
    outer loop
      vertex 4.74862 1.525 0.799999
      vertex 5.34781 1.56222 0.799999
      vertex 5.31873 1.65705 0.799999
    endloop
  endfacet
  facet normal 0 0 1
    outer loop
      vertex 4.74862 1.525 0.799999
      vertex 5.31873 1.65705 0.799999
      vertex 5.28343 1.74975 0.799999
    endloop
  endfacet
  facet normal 0 0 1
    outer loop
      vertex 4.74776 1.52736 0.799999
      vertex 5.28343 1.74975 0.799999
      vertex 5.24209 1.83991 0.799999
    endloop
  endfacet
  facet normal 0 0 1
    outer loop
      vertex 4.70796 1.60999 0.799999
      vertex 5.24209 1.83991 0.799999
      vertex 5.19488 1.92715 0.799999
    endloop
  endfacet
  facet normal 0 0 1
    outer loop
      vertex 4.66014 1.68825 0.799999
      vertex 5.19488 1.92715 0.799999
      vertex 5.14201 2.01107 0.799999
    endloop
  endfacet
  facet normal 0 0 1
    outer loop
      vertex 4.66014 1.68825 0.799999
      vertex 5.14201 2.01107 0.799999
      vertex 5.08371 2.09132 0.799999
    endloop
  endfacet
  facet normal 0 0 1
    outer loop
      vertex 4.60476 1.76136 0.799999
      vertex 5.08371 2.09132 0.799999
      vertex 5.02023 2.16754 0.799999
    endloop
  endfacet
  facet normal 0 0 1
    outer loop
      vertex 4.54238 1.8286 0.799999
      vertex 5.02023 2.16754 0.799999
      vertex 4.95185 2.23939 0.799999
    endloop
  endfacet
  facet normal 0 0 1
    outer loop
      vertex 4.54238 1.8286 0.799999
      vertex 4.95185 2.23939 0.799999
      vertex 4.87888 2.30657 0.799999
    endloop
  endfacet
  facet normal 0 0 1
    outer loop
      vertex 4.47361 1.88928 0.799999
      vertex 4.87888 2.30657 0.799999
      vertex 4.80162 2.36878 0.799999
    endloop
  endfacet
  facet normal 0 0 1
    outer loop
      vertex 5.19488 1.92715 0.799999
      vertex 4.66014 1.68825 0.799999
      vertex 4.70796 1.60999 0.799999
    endloop
  endfacet
  facet normal 0 0 1
    outer loop
      vertex 5.34781 1.56222 0.799999
      vertex 4.74862 1.525 0.799999
      vertex 5.35659 1.525 0.799999
    endloop
  endfacet
  facet normal 0 0 1
    outer loop
      vertex 4.39914 1.94282 0.799999
      vertex 4.80162 2.36878 0.799999
      vertex 4.72042 2.42575 0.799999
    endloop
  endfacet
  facet normal 0 0 1
    outer loop
      vertex 5.28343 1.74975 0.799999
      vertex 4.74776 1.52736 0.799999
      vertex 4.74862 1.525 0.799999
    endloop
  endfacet
  facet normal 0 0 1
    outer loop
      vertex 5.24209 1.83991 0.799999
      vertex 4.70796 1.60999 0.799999
      vertex 4.74776 1.52736 0.799999
    endloop
  endfacet
  facet normal 0 0 1
    outer loop
      vertex 4.39224 1.94681 0.799999
      vertex 4.72042 2.42575 0.799999
      vertex 4.63563 2.47723 0.799999
    endloop
  endfacet
  facet normal 0 0 1
    outer loop
      vertex 5.08371 2.09132 0.799999
      vertex 4.60476 1.76136 0.799999
      vertex 4.66014 1.68825 0.799999
    endloop
  endfacet
  facet normal 0 0 1
    outer loop
      vertex 5.02023 2.16754 0.799999
      vertex 4.59934 1.76721 0.799999
      vertex 4.60476 1.76136 0.799999
    endloop
  endfacet
  facet normal 0 0 1
    outer loop
      vertex 4.31971 1.98868 0.799999
      vertex 4.63563 2.47723 0.799999
      vertex 4.54763 2.52299 0.799999
    endloop
  endfacet
  facet normal 0 0 1
    outer loop
      vertex 5.02023 2.16754 0.799999
      vertex 4.54238 1.8286 0.799999
      vertex 4.59934 1.76721 0.799999
    endloop
  endfacet
  facet normal 0 0 1
    outer loop
      vertex 4.87888 2.30657 0.799999
      vertex 4.47959 1.88401 0.799999
      vertex 4.54238 1.8286 0.799999
    endloop
  endfacet
  facet normal 0 0 1
    outer loop
      vertex 4.87888 2.30657 0.799999
      vertex 4.47361 1.88928 0.799999
      vertex 4.47959 1.88401 0.799999
    endloop
  endfacet
  facet normal 0 0 1
    outer loop
      vertex 4.80162 2.36878 0.799999
      vertex 4.46713 1.89394 0.799999
      vertex 4.47361 1.88928 0.799999
    endloop
  endfacet
  facet normal 0 0 1
    outer loop
      vertex 4.24338 2.02312 0.799999
      vertex 4.54763 2.52299 0.799999
      vertex 4.4568 2.56283 0.799999
    endloop
  endfacet
  facet normal 0 0 1
    outer loop
      vertex 4.80162 2.36878 0.799999
      vertex 4.39914 1.94282 0.799999
      vertex 4.46713 1.89394 0.799999
    endloop
  endfacet
  facet normal 0 0 1
    outer loop
      vertex 4.72042 2.42575 0.799999
      vertex 4.39224 1.94681 0.799999
      vertex 4.39914 1.94282 0.799999
    endloop
  endfacet
  facet normal 0 0 1
    outer loop
      vertex 4.22855 2.02894 0.799999
      vertex 4.4568 2.56283 0.799999
      vertex 4.36353 2.59658 0.799999
    endloop
  endfacet
  facet normal 0 0 1
    outer loop
      vertex 4.63563 2.47723 0.799999
      vertex 4.31971 1.98868 0.799999
      vertex 4.39224 1.94681 0.799999
    endloop
  endfacet
  facet normal 0 0 1
    outer loop
      vertex 4.14917 2.05561 0.799999
      vertex 4.36353 2.59658 0.799999
      vertex 4.26823 2.6241 0.799999
    endloop
  endfacet
  facet normal 0 0 1
    outer loop
      vertex 4.54763 2.52299 0.799999
      vertex 4.24338 2.02312 0.799999
      vertex 4.31971 1.98868 0.799999
    endloop
  endfacet
  facet normal 0 0 1
    outer loop
      vertex 4.4568 2.56283 0.799999
      vertex 4.23611 2.0264 0.799999
      vertex 4.24338 2.02312 0.799999
    endloop
  endfacet
  facet normal 0 0 1
    outer loop
      vertex 4.4568 2.56283 0.799999
      vertex 4.22855 2.02894 0.799999
      vertex 4.23611 2.0264 0.799999
    endloop
  endfacet
  facet normal 0 0 1
    outer loop
      vertex 4.06753 2.07425 0.799999
      vertex 4.26823 2.6241 0.799999
      vertex 4.17132 2.64526 0.799999
    endloop
  endfacet
  facet normal 0 0 1
    outer loop
      vertex 4.36353 2.59658 0.799999
      vertex 4.14917 2.05561 0.799999
      vertex 4.22855 2.02894 0.799999
    endloop
  endfacet
  facet normal 0 0 1
    outer loop
      vertex 4.05976 2.07602 0.799999
      vertex 4.17132 2.64526 0.799999
      vertex 4.07323 2.65996 0.799999
    endloop
  endfacet
  facet normal 0 0 1
    outer loop
      vertex 4.26823 2.6241 0.799999
      vertex 4.06753 2.07425 0.799999
      vertex 4.14917 2.05561 0.799999
    endloop
  endfacet
  facet normal 0 0 1
    outer loop
      vertex 4.17132 2.64526 0.799999
      vertex 4.05976 2.07602 0.799999
      vertex 4.06753 2.07425 0.799999
    endloop
  endfacet
  facet normal 0 0 1
    outer loop
      vertex 4.07323 2.65996 0.799999
      vertex 3.97666 2.08644 0.799999
      vertex 4.05976 2.07602 0.799999
    endloop
  endfacet
  facet normal 0 0 1
    outer loop
      vertex 3.96875 2.08743 0.799999
      vertex 4.07323 2.65996 0.799999
      vertex 3.97437 2.66815 0.799999
    endloop
  endfacet
  facet normal 0 0 1
    outer loop
      vertex 4.07323 2.65996 0.799999
      vertex 3.96875 2.08743 0.799999
      vertex 3.97666 2.08644 0.799999
    endloop
  endfacet
  facet normal 0 0 1
    outer loop
      vertex 3.97437 2.66815 0.799999
      vertex 3.88504 2.08952 0.799999
      vertex 3.96875 2.08743 0.799999
    endloop
  endfacet
  facet normal 0 0 1
    outer loop
      vertex 3.8752 2.66979 0.799999
      vertex 3.88504 2.08952 0.799999
      vertex 3.97437 2.66815 0.799999
    endloop
  endfacet
  facet normal 0 0 1
    outer loop
      vertex 3.88504 2.08952 0.799999
      vertex 3.8752 2.66979 0.799999
      vertex 3.87706 2.08971 0.799999
    endloop
  endfacet
  facet normal 0 0 1
    outer loop
      vertex 3.8752 2.66979 0.799999
      vertex 3.86911 2.08912 0.799999
      vertex 3.87706 2.08971 0.799999
    endloop
  endfacet
  facet normal -0 0 1
    outer loop
      vertex 3.77613 2.66488 0.799999
      vertex 3.86911 2.08912 0.799999
      vertex 3.8752 2.66979 0.799999
    endloop
  endfacet
  facet normal 0 0 1
    outer loop
      vertex 3.86911 2.08912 0.799999
      vertex 3.77613 2.66488 0.799999
      vertex 3.7856 2.08286 0.799999
    endloop
  endfacet
  facet normal -0 0 1
    outer loop
      vertex 3.6776 2.65342 0.799999
      vertex 3.7856 2.08286 0.799999
      vertex 3.77613 2.66488 0.799999
    endloop
  endfacet
  facet normal 0 0 1
    outer loop
      vertex 3.7856 2.08286 0.799999
      vertex 3.6776 2.65342 0.799999
      vertex 3.70313 2.06832 0.799999
    endloop
  endfacet
  facet normal -0 0 1
    outer loop
      vertex 3.58005 2.63548 0.799999
      vertex 3.70313 2.06832 0.799999
      vertex 3.6776 2.65342 0.799999
    endloop
  endfacet
  facet normal 0 0 1
    outer loop
      vertex 3.70313 2.06832 0.799999
      vertex 3.58005 2.63548 0.799999
      vertex 3.69528 2.06693 0.799999
    endloop
  endfacet
  facet normal -0 0 1
    outer loop
      vertex 3.4839 2.61113 0.799999
      vertex 3.69528 2.06693 0.799999
      vertex 3.58005 2.63548 0.799999
    endloop
  endfacet
  facet normal 0 0 1
    outer loop
      vertex 3.69528 2.06693 0.799999
      vertex 3.4839 2.61113 0.799999
      vertex 3.60699 2.04209 0.799999
    endloop
  endfacet
  facet normal -0 0 1
    outer loop
      vertex 3.38956 2.58048 0.799999
      vertex 3.60699 2.04209 0.799999
      vertex 3.4839 2.61113 0.799999
    endloop
  endfacet
  facet normal 0 0 1
    outer loop
      vertex 3.60699 2.04209 0.799999
      vertex 3.38956 2.58048 0.799999
      vertex 3.52162 2.00859 0.799999
    endloop
  endfacet
  facet normal -0 0 1
    outer loop
      vertex 3.29746 2.54366 0.799999
      vertex 3.52162 2.00859 0.799999
      vertex 3.38956 2.58048 0.799999
    endloop
  endfacet
  facet normal -0 0 1
    outer loop
      vertex 3.20799 2.50083 0.799999
      vertex 3.52162 2.00859 0.799999
      vertex 3.29746 2.54366 0.799999
    endloop
  endfacet
  facet normal 0 0 1
    outer loop
      vertex 3.52162 2.00859 0.799999
      vertex 3.20799 2.50083 0.799999
      vertex 3.44 1.96674 0.799999
    endloop
  endfacet
  facet normal -0 0 1
    outer loop
      vertex 3.12154 2.45219 0.799999
      vertex 3.44 1.96674 0.799999
      vertex 3.20799 2.50083 0.799999
    endloop
  endfacet
  facet normal 0 0 1
    outer loop
      vertex 3.44 1.96674 0.799999
      vertex 3.12154 2.45219 0.799999
      vertex 3.4333 1.96242 0.799999
    endloop
  endfacet
  facet normal 0 0 1
    outer loop
      vertex 3.4333 1.96242 0.799999
      vertex 3.12154 2.45219 0.799999
      vertex 3.36296 1.91698 0.799999
    endloop
  endfacet
  facet normal -0 0 1
    outer loop
      vertex 3.03851 2.39794 0.799999
      vertex 3.36296 1.91698 0.799999
      vertex 3.12154 2.45219 0.799999
    endloop
  endfacet
  facet normal -0 0 1
    outer loop
      vertex 2.95924 2.33832 0.799999
      vertex 3.36296 1.91698 0.799999
      vertex 3.03851 2.39794 0.799999
    endloop
  endfacet
  facet normal 0 0 1
    outer loop
      vertex 3.36296 1.91698 0.799999
      vertex 2.95924 2.33832 0.799999
      vertex 3.29125 1.8598 0.799999
    endloop
  endfacet
  facet normal -0 0 1
    outer loop
      vertex 2.88408 2.27359 0.799999
      vertex 3.29125 1.8598 0.799999
      vertex 2.95924 2.33832 0.799999
    endloop
  endfacet
  facet normal 0 0 1
    outer loop
      vertex 3.29125 1.8598 0.799999
      vertex 2.88408 2.27359 0.799999
      vertex 3.2313 1.80133 0.799999
    endloop
  endfacet
  facet normal -0 0 1
    outer loop
      vertex 2.81336 2.20403 0.799999
      vertex 3.2313 1.80133 0.799999
      vertex 2.88408 2.27359 0.799999
    endloop
  endfacet
  facet normal 0 0 1
    outer loop
      vertex 3.2313 1.80133 0.799999
      vertex 2.81336 2.20403 0.799999
      vertex 3.22559 1.79576 0.799999
    endloop
  endfacet
  facet normal 0 0 1
    outer loop
      vertex 3.22559 1.79576 0.799999
      vertex 2.81336 2.20403 0.799999
      vertex 3.22047 1.78965 0.799999
    endloop
  endfacet
  facet normal -0 0 1
    outer loop
      vertex 2.7474 2.12995 0.799999
      vertex 3.22047 1.78965 0.799999
      vertex 2.81336 2.20403 0.799999
    endloop
  endfacet
  facet normal 0 0 1
    outer loop
      vertex 3.22047 1.78965 0.799999
      vertex 2.7474 2.12995 0.799999
      vertex 3.16664 1.7255 0.799999
    endloop
  endfacet
  facet normal -0 0 1
    outer loop
      vertex 2.68647 2.05168 0.799999
      vertex 3.16664 1.7255 0.799999
      vertex 2.7474 2.12995 0.799999
    endloop
  endfacet
  facet normal 0 0 1
    outer loop
      vertex 3.16664 1.7255 0.799999
      vertex 2.68647 2.05168 0.799999
      vertex 3.11497 1.64972 0.799999
    endloop
  endfacet
  facet normal -0 0 1
    outer loop
      vertex 2.63086 1.96955 0.799999
      vertex 3.11497 1.64972 0.799999
      vertex 2.68647 2.05168 0.799999
    endloop
  endfacet
  facet normal -0 0 1
    outer loop
      vertex 2.58079 1.88392 0.799999
      vertex 3.11497 1.64972 0.799999
      vertex 2.63086 1.96955 0.799999
    endloop
  endfacet
  facet normal 0 0 1
    outer loop
      vertex 3.11497 1.64972 0.799999
      vertex 2.58079 1.88392 0.799999
      vertex 3.07492 1.57618 0.799999
    endloop
  endfacet
  facet normal 0 0 1
    outer loop
      vertex 3.07492 1.57618 0.799999
      vertex 2.58079 1.88392 0.799999
      vertex 3.07111 1.56917 0.799999
    endloop
  endfacet
  facet normal -0 0 1
    outer loop
      vertex 2.53649 1.79517 0.799999
      vertex 3.07111 1.56917 0.799999
      vertex 2.58079 1.88392 0.799999
    endloop
  endfacet
  facet normal 0 0 1
    outer loop
      vertex 3.07111 1.56917 0.799999
      vertex 2.53649 1.79517 0.799999
      vertex 3.06801 1.56182 0.799999
    endloop
  endfacet
  facet normal 0 0 1
    outer loop
      vertex 3.06801 1.56182 0.799999
      vertex 2.53649 1.79517 0.799999
      vertex 3.05249 1.525 0.799999
    endloop
  endfacet
  facet normal -0 0 1
    outer loop
      vertex 2.49815 1.70369 0.799999
      vertex 3.05249 1.525 0.799999
      vertex 2.53649 1.79517 0.799999
    endloop
  endfacet
  facet normal -0 0 1
    outer loop
      vertex 2.46595 1.60987 0.799999
      vertex 3.05249 1.525 0.799999
      vertex 2.49815 1.70369 0.799999
    endloop
  endfacet
  facet normal 0 0 1
    outer loop
      vertex 3.05249 1.525 0.799999
      vertex 2.46595 1.60987 0.799999
      vertex 2.44295 1.525 0.799999
    endloop
  endfacet
  facet normal -0.180872 0.983507 0
    outer loop
      vertex 3.6776 2.65342 0
      vertex 3.58005 2.63548 0.799999
      vertex 3.6776 2.65342 0.799999
    endloop
  endfacet
  facet normal -0.180872 0.983507 0
    outer loop
      vertex 3.58005 2.63548 0.799999
      vertex 3.6776 2.65342 0
      vertex 3.58005 2.63548 0
    endloop
  endfacet
  facet normal 0.990104 0.0990803 -0.0993813
    outer loop
      vertex 0.670621 3.87508 5
      vertex 0.181169 3.75096 0
      vertex 0.171243 3.85015 0
    endloop
  endfacet
  facet normal -0.896489 -0.431776 -0.0993818
    outer loop
      vertex 2.09148 4.28843 0
      vertex 1.98142 4.33281 0.799999
      vertex 2.04822 4.37825 0
    endloop
  endfacet
  facet normal -0.896484 -0.431786 -0.0993807
    outer loop
      vertex 1.98142 4.33281 0.799999
      vertex 2.09148 4.28843 0
      vertex 2.01776 4.25736 0.799999
    endloop
  endfacet
  facet normal 0.694737 -0.712365 -0.0993799
    outer loop
      vertex 0.839156 4.27489 5
      vertex 0.803473 4.24009 5
      vertex 0.436948 4.58017 0
    endloop
  endfacet
  facet normal -0.409271 -0.906985 -0.0993796
    outer loop
      vertex 1.35267 4.36544 5
      vertex 1.525 4.59245 2.2185
      vertex 1.3981 4.34494 5
    endloop
  endfacet
  facet normal -0.409296 -0.906973 -0.0993802
    outer loop
      vertex 1.35267 4.36544 5
      vertex 1.525 4.74788 0.799999
      vertex 1.525 4.59245 2.2185
    endloop
  endfacet
  facet normal -0.409214 -0.90701 -0.0993802
    outer loop
      vertex 1.53534 4.83087 0
      vertex 1.525 4.74788 0.799999
      vertex 1.35267 4.36544 5
    endloop
  endfacet
  facet normal -0.409271 -0.906985 -0.0993783
    outer loop
      vertex 1.53534 4.83087 0
      vertex 1.58971 4.71868 0.799999
      vertex 1.525 4.74788 0.799999
    endloop
  endfacet
  facet normal -0.409233 -0.907001 -0.0993832
    outer loop
      vertex 1.58971 4.71868 0.799999
      vertex 1.53534 4.83087 0
      vertex 1.62621 4.78987 0
    endloop
  endfacet
  facet normal -0.729575 -0.67664 -0.0993902
    outer loop
      vertex 1.525 4.26195 4.92947
      vertex 1.525 4.25159 5
      vertex 1.51912 4.25793 5
    endloop
  endfacet
  facet normal -0.72992 -0.676268 -0.0993876
    outer loop
      vertex 1.93604 4.54279 0
      vertex 1.87476 4.49136 0.799999
      vertex 1.86934 4.49721 0.799999
    endloop
  endfacet
  facet normal -0.964274 -0.245561 -0.0993744
    outer loop
      vertex 2.15017 4.09815 0
      vertex 2.04913 4.17117 0.799999
      vertex 2.12557 4.19475 0
    endloop
  endfacet
  facet normal -0.964289 -0.245499 -0.099382
    outer loop
      vertex 2.04913 4.17117 0.799999
      vertex 2.15017 4.09815 0
      vertex 2.06979 4.09002 0.799999
    endloop
  endfacet
  facet normal -0.983936 0.148303 -0.0993802
    outer loop
      vertex 2.16503 3.80043 0
      vertex 2.07176 3.71771 0.799999
      vertex 2.08424 3.80051 0.799999
    endloop
  endfacet
  facet normal -0.983934 0.148319 -0.0993783
    outer loop
      vertex 2.07176 3.71771 0.799999
      vertex 2.16503 3.80043 0
      vertex 2.15017 3.70185 0
    endloop
  endfacet
  facet normal 0.822121 -0.560572 -0.0993812
    outer loop
      vertex 0.771433 4.2019 5
      vertex 0.743354 4.16072 5
      vertex 0.372867 4.5038 0
    endloop
  endfacet
  facet normal 0.694737 0.712365 -0.0993813
    outer loop
      vertex 0.803473 3.55991 5
      vertex 0.839156 3.52511 5
      vertex 0.508314 3.15022 0
    endloop
  endfacet
  facet normal 0.916908 -0.386527 -0.0993811
    outer loop
      vertex 0.719515 4.11694 5
      vertex 0.700153 4.07101 5
      vertex 0.230307 4.24202 0
    endloop
  endfacet
  facet normal 0.269496 0.95786 -0.0993825
    outer loop
      vertex 1.05874 3.41254 5
      vertex 0.947478 2.92507 0
      vertex 0.851513 2.95207 0
    endloop
  endfacet
  facet normal -0.123789 -0.987319 -0.0993829
    outer loop
      vertex 1.34365 4.88481 0
      vertex 1.25682 4.3924 5
      vertex 1.20737 4.3986 5
    endloop
  endfacet
  facet normal -0.580473 -0.808192 -0.0993839
    outer loop
      vertex 1.525 4.37508 4.06294
      vertex 1.525 4.34516 4.30625
      vertex 1.48174 4.29092 5
    endloop
  endfacet
  facet normal -0.580842 -0.807926 -0.0993852
    outer loop
      vertex 1.71255 4.74003 0
      vertex 1.74361 4.61929 0.799999
      vertex 1.67562 4.66817 0.799999
    endloop
  endfacet
  facet normal -0.580907 -0.807881 -0.0993758
    outer loop
      vertex 1.74361 4.61929 0.799999
      vertex 1.71255 4.74003 0
      vertex 1.79349 4.68183 0
    endloop
  endfacet
  facet normal -0.793168 -0.600839 -0.0993832
    outer loop
      vertex 1.99624 4.46332 0
      vertex 1.87476 4.49136 0.799999
      vertex 1.93604 4.54279 0
    endloop
  endfacet
  facet normal -0.793192 -0.600806 -0.0993881
    outer loop
      vertex 1.87476 4.49136 0.799999
      vertex 1.99624 4.46332 0
      vertex 1.92532 4.42461 0.799999
    endloop
  endfacet
  facet normal -0.123666 0.987335 -0.0993811
    outer loop
      vertex 1.34365 2.91519 0
      vertex 1.24473 2.9028 0
      vertex 1.20737 3.4014 5
    endloop
  endfacet
  facet normal -0.409233 0.907001 -0.0993832
    outer loop
      vertex 1.53534 2.96913 0
      vertex 1.58971 3.08132 0.799999
      vertex 1.62621 3.01013 0
    endloop
  endfacet
  facet normal -0.409271 0.906985 -0.0993796
    outer loop
      vertex 1.525 3.20755 2.2185
      vertex 1.35267 3.43456 5
      vertex 1.3981 3.45506 5
    endloop
  endfacet
  facet normal -0.409296 0.906973 -0.0993802
    outer loop
      vertex 1.525 3.05212 0.799999
      vertex 1.35267 3.43456 5
      vertex 1.525 3.20755 2.2185
    endloop
  endfacet
  facet normal -0.409214 0.90701 -0.0993802
    outer loop
      vertex 1.525 3.05212 0.799999
      vertex 1.53534 2.96913 0
      vertex 1.35267 3.43456 5
    endloop
  endfacet
  facet normal -0.409271 0.906985 -0.0993783
    outer loop
      vertex 1.58971 3.08132 0.799999
      vertex 1.53534 2.96913 0
      vertex 1.525 3.05212 0.799999
    endloop
  endfacet
  facet normal -0.84881 0.519272 -0.0993876
    outer loop
      vertex 1.9343 3.38855 0.799999
      vertex 1.99624 3.33668 0
      vertex 1.93014 3.38175 0.799999
    endloop
  endfacet
  facet normal -0.896476 0.431802 -0.0993859
    outer loop
      vertex 2.09148 3.51156 0
      vertex 1.97796 3.46001 0.799999
      vertex 2.01776 3.54264 0.799999
    endloop
  endfacet
  facet normal -0.89647 0.431815 -0.0993842
    outer loop
      vertex 1.97796 3.46001 0.799999
      vertex 2.09148 3.51156 0
      vertex 2.04822 3.42175 0
    endloop
  endfacet
  facet normal -0.993815 0.0495482 -0.0993816
    outer loop
      vertex 2.17 3.9 0
      vertex 2.08583 3.81636 0.799999
      vertex 2.09 3.9 0.799999
    endloop
  endfacet
  facet normal -0.993813 0.0496058 -0.0993754
    outer loop
      vertex 2.08583 3.81636 0.799999
      vertex 2.17 3.9 0
      vertex 2.16503 3.80043 0
    endloop
  endfacet
  facet normal -0.993796 0.0499395 -0.0993803
    outer loop
      vertex 2.08583 3.81636 0.799999
      vertex 2.16503 3.80043 0
      vertex 2.08543 3.8084 0.799999
    endloop
  endfacet
  facet normal 0.620423 -0.777945 -0.0993812
    outer loop
      vertex 0.586256 4.71194 0
      vertex 0.839156 4.27489 5
      vertex 0.508314 4.64978 0
    endloop
  endfacet
  facet normal 0.694788 -0.712315 -0.099381
    outer loop
      vertex 0.508314 4.64978 0
      vertex 0.839156 4.27489 5
      vertex 0.436948 4.58017 0
    endloop
  endfacet
  facet normal 0.453944 -0.88547 -0.0993825
    outer loop
      vertex 0.964356 4.35575 5
      vertex 0.919999 4.33301 5
      vertex 0.758713 4.81151 0
    endloop
  endfacet
  facet normal 0.995049 0 -0.0993812
    outer loop
      vertex 0.670621 3.87508 5
      vertex 0.171243 3.94985 0
      vertex 0.670621 3.92492 5
    endloop
  endfacet
  facet normal 0.995049 0 -0.0993812
    outer loop
      vertex 0.171243 3.94985 0
      vertex 0.670621 3.87508 5
      vertex 0.171243 3.85015 0
    endloop
  endfacet
  facet normal 0.990105 0.0990704 -0.0993811
    outer loop
      vertex 0.670621 3.87508 5
      vertex 0.675584 3.82548 5
      vertex 0.181169 3.75096 0
    endloop
  endfacet
  facet normal 0.916908 0.386527 -0.0993811
    outer loop
      vertex 0.700153 3.72899 5
      vertex 0.719515 3.68306 5
      vertex 0.230307 3.55798 0
    endloop
  endfacet
  facet normal 0.975323 -0.197151 -0.0993812
    outer loop
      vertex 0.200922 4.14676 0
      vertex 0.675584 3.97452 5
      vertex 0.181169 4.04904 0
    endloop
  endfacet
  facet normal 0.950839 -0.293307 -0.0993812
    outer loop
      vertex 0.700153 4.07101 5
      vertex 0.200922 4.14676 0
      vertex 0.230307 4.24202 0
    endloop
  endfacet
  facet normal 0.950842 -0.293298 -0.0993814
    outer loop
      vertex 0.200922 4.14676 0
      vertex 0.700153 4.07101 5
      vertex 0.685461 4.02338 5
    endloop
  endfacet
  facet normal 0.822153 -0.560525 -0.0993804
    outer loop
      vertex 0.372867 4.5038 0
      vertex 0.743354 4.16072 5
      vertex 0.316709 4.42143 0
    endloop
  endfacet
  facet normal -0.316907 -0.943236 -0.0993799
    outer loop
      vertex 1.44084 4.86262 0
      vertex 1.53534 4.83087 0
      vertex 1.35267 4.36544 5
    endloop
  endfacet
  facet normal -0.49753 -0.861735 -0.0993836
    outer loop
      vertex 1.62621 4.78987 0
      vertex 1.66223 4.67681 0.799999
      vertex 1.58971 4.71868 0.799999
    endloop
  endfacet
  facet normal -0.497461 -0.861774 -0.0993921
    outer loop
      vertex 1.66223 4.67681 0.799999
      vertex 1.62621 4.78987 0
      vertex 1.71255 4.74003 0
    endloop
  endfacet
  facet normal -0.497438 -0.861788 -0.0993802
    outer loop
      vertex 1.525 4.59245 2.2185
      vertex 1.525 4.50438 2.98221
      vertex 1.3981 4.34494 5
    endloop
  endfacet
  facet normal -0.728927 -0.67734 -0.0993761
    outer loop
      vertex 1.525 4.26396 4.91577
      vertex 1.525 4.26195 4.92947
      vertex 1.51912 4.25793 5
    endloop
  endfacet
  facet normal -0.729464 -0.676761 -0.0993826
    outer loop
      vertex 1.93604 4.54279 0
      vertex 1.81238 4.5586 0.799999
      vertex 1.86824 4.61587 0
    endloop
  endfacet
  facet normal -0.729433 -0.676796 -0.099377
    outer loop
      vertex 1.81238 4.5586 0.799999
      vertex 1.93604 4.54279 0
      vertex 1.86934 4.49721 0.799999
    endloop
  endfacet
  facet normal -0.993812 -0.0496058 -0.0993787
    outer loop
      vertex 2.17 3.9 0
      vertex 2.08543 3.9916 0.799999
      vertex 2.16503 3.99957 0
    endloop
  endfacet
  facet normal -0.993813 -0.0495822 -0.0993815
    outer loop
      vertex 2.08543 3.9916 0.799999
      vertex 2.17 3.9 0
      vertex 2.09 3.9 0.799999
    endloop
  endfacet
  facet normal -0.983922 -0.148399 -0.0993787
    outer loop
      vertex 2.16503 3.99957 0
      vertex 2.08543 3.9916 0.799999
      vertex 2.08424 3.99949 0.799999
    endloop
  endfacet
  facet normal -0.934885 -0.340753 -0.0993838
    outer loop
      vertex 2.09148 4.28843 0
      vertex 2.02049 4.24987 0.799999
      vertex 2.01776 4.25736 0.799999
    endloop
  endfacet
  facet normal -0.935063 -0.340268 -0.0993762
    outer loop
      vertex 2.12557 4.19475 0
      vertex 2.02049 4.24987 0.799999
      vertex 2.09148 4.28843 0
    endloop
  endfacet
  facet normal -0.935058 -0.34028 -0.0993747
    outer loop
      vertex 2.02049 4.24987 0.799999
      vertex 2.12557 4.19475 0
      vertex 2.04913 4.17117 0.799999
    endloop
  endfacet
  facet normal -0.84909 -0.518816 -0.0993796
    outer loop
      vertex 2.04822 4.37825 0
      vertex 1.9343 4.41145 0.799999
      vertex 1.99624 4.46332 0
    endloop
  endfacet
  facet normal -0.84911 -0.518782 -0.099384
    outer loop
      vertex 1.9343 4.41145 0.799999
      vertex 2.04822 4.37825 0
      vertex 1.97796 4.33999 0.799999
    endloop
  endfacet
  facet normal -0.316907 0.943236 -0.0993799
    outer loop
      vertex 1.53534 2.96913 0
      vertex 1.44084 2.93738 0
      vertex 1.35267 3.43456 5
    endloop
  endfacet
  facet normal -0.49739 0.861815 -0.0993845
    outer loop
      vertex 1.525 3.35035 3.45678
      vertex 1.525 3.26727 2.73635
      vertex 1.44127 3.47999 5
    endloop
  endfacet
  facet normal -0.497461 0.861773 -0.0993933
    outer loop
      vertex 1.62621 3.01013 0
      vertex 1.66914 3.12718 0.799999
      vertex 1.71255 3.05997 0
    endloop
  endfacet
  facet normal -0.49753 0.861735 -0.099384
    outer loop
      vertex 1.66914 3.12718 0.799999
      vertex 1.62621 3.01013 0
      vertex 1.59662 3.08531 0.799999
    endloop
  endfacet
  facet normal -0.934885 0.340752 -0.099388
    outer loop
      vertex 2.02049 3.55013 0.799999
      vertex 2.09148 3.51156 0
      vertex 2.01776 3.54264 0.799999
    endloop
  endfacet
  facet normal -0.84911 0.518782 -0.099384
    outer loop
      vertex 2.04822 3.42175 0
      vertex 1.9343 3.38855 0.799999
      vertex 1.97796 3.46001 0.799999
    endloop
  endfacet
  facet normal -0.84909 0.518816 -0.0993796
    outer loop
      vertex 1.9343 3.38855 0.799999
      vertex 2.04822 3.42175 0
      vertex 1.99624 3.33668 0
    endloop
  endfacet
  facet normal 0.620414 -0.777953 -0.0993814
    outer loop
      vertex 0.878128 4.30597 5
      vertex 0.839156 4.27489 5
      vertex 0.586256 4.71194 0
    endloop
  endfacet
  facet normal 0.539811 -0.835899 -0.0993811
    outer loop
      vertex 0.669999 4.76602 0
      vertex 0.919999 4.33301 5
      vertex 0.586256 4.71194 0
    endloop
  endfacet
  facet normal 0.454023 -0.88543 -0.0993812
    outer loop
      vertex 0.758713 4.81151 0
      vertex 0.919999 4.33301 5
      vertex 0.669999 4.76602 0
    endloop
  endfacet
  facet normal 0.363521 -0.92627 -0.0993827
    outer loop
      vertex 0.851513 4.84793 0
      vertex 1.01076 4.37396 5
      vertex 0.758713 4.81151 0
    endloop
  endfacet
  facet normal 0.269509 -0.957856 -0.0993827
    outer loop
      vertex 1.05874 4.38746 5
      vertex 1.01076 4.37396 5
      vertex 0.851513 4.84793 0
    endloop
  endfacet
  facet normal 0.172768 -0.979936 -0.0993824
    outer loop
      vertex 1.04566 4.89224 0
      vertex 1.05874 4.38746 5
      vertex 0.947478 4.87493 0
    endloop
  endfacet
  facet normal 0.990104 -0.0990803 -0.0993812
    outer loop
      vertex 0.181169 4.04904 0
      vertex 0.675584 3.97452 5
      vertex 0.171243 3.94985 0
    endloop
  endfacet
  facet normal 0 0 -1
    outer loop
      vertex 1.48174 3.50908 5
      vertex 1.525 3.54841 5
      vertex 1.51912 3.54207 5
    endloop
  endfacet
  facet normal -0 0 -1
    outer loop
      vertex 1.525 3.54841 5
      vertex 1.48174 3.50908 5
      vertex 1.525 4.25159 5
    endloop
  endfacet
  facet normal 0 0 -1
    outer loop
      vertex 1.48174 4.29092 5
      vertex 1.525 4.25159 5
      vertex 1.48174 3.50908 5
    endloop
  endfacet
  facet normal 0 0 -1
    outer loop
      vertex 1.525 4.25159 5
      vertex 1.48174 4.29092 5
      vertex 1.51912 4.25793 5
    endloop
  endfacet
  facet normal 0 0 -1
    outer loop
      vertex 1.44127 3.47999 5
      vertex 1.48174 4.29092 5
      vertex 1.48174 3.50908 5
    endloop
  endfacet
  facet normal 0 0 -1
    outer loop
      vertex 1.44127 3.47999 5
      vertex 1.44127 4.32001 5
      vertex 1.48174 4.29092 5
    endloop
  endfacet
  facet normal 0 0 -1
    outer loop
      vertex 1.3981 3.45506 5
      vertex 1.44127 4.32001 5
      vertex 1.44127 3.47999 5
    endloop
  endfacet
  facet normal 0 0 -1
    outer loop
      vertex 1.3981 3.45506 5
      vertex 1.3981 4.34494 5
      vertex 1.44127 4.32001 5
    endloop
  endfacet
  facet normal 0 0 -1
    outer loop
      vertex 1.35267 3.43456 5
      vertex 1.3981 4.34494 5
      vertex 1.3981 3.45506 5
    endloop
  endfacet
  facet normal 0 0 -1
    outer loop
      vertex 1.35267 3.43456 5
      vertex 1.35267 4.36544 5
      vertex 1.3981 4.34494 5
    endloop
  endfacet
  facet normal 0 0 -1
    outer loop
      vertex 1.30542 3.41869 5
      vertex 1.35267 4.36544 5
      vertex 1.35267 3.43456 5
    endloop
  endfacet
  facet normal 0 0 -1
    outer loop
      vertex 1.30542 3.41869 5
      vertex 1.30542 4.38131 5
      vertex 1.35267 4.36544 5
    endloop
  endfacet
  facet normal 0 0 -1
    outer loop
      vertex 1.25682 3.4076 5
      vertex 1.30542 4.38131 5
      vertex 1.30542 3.41869 5
    endloop
  endfacet
  facet normal 0 0 -1
    outer loop
      vertex 1.25682 3.4076 5
      vertex 1.25682 4.3924 5
      vertex 1.30542 4.38131 5
    endloop
  endfacet
  facet normal 0 0 -1
    outer loop
      vertex 1.20737 3.4014 5
      vertex 1.25682 4.3924 5
      vertex 1.25682 3.4076 5
    endloop
  endfacet
  facet normal 0 0 -1
    outer loop
      vertex 1.20737 3.4014 5
      vertex 1.20737 4.3986 5
      vertex 1.25682 4.3924 5
    endloop
  endfacet
  facet normal 0 0 -1
    outer loop
      vertex 1.15753 3.40016 5
      vertex 1.20737 4.3986 5
      vertex 1.20737 3.4014 5
    endloop
  endfacet
  facet normal 0 0 -1
    outer loop
      vertex 1.15753 3.40016 5
      vertex 1.15753 4.39984 5
      vertex 1.20737 4.3986 5
    endloop
  endfacet
  facet normal 0 0 -1
    outer loop
      vertex 1.10783 3.40388 5
      vertex 1.15753 4.39984 5
      vertex 1.15753 3.40016 5
    endloop
  endfacet
  facet normal 0 0 -1
    outer loop
      vertex 1.10783 3.40388 5
      vertex 1.10783 4.39612 5
      vertex 1.15753 4.39984 5
    endloop
  endfacet
  facet normal 0 0 -1
    outer loop
      vertex 1.05874 3.41254 5
      vertex 1.10783 4.39612 5
      vertex 1.10783 3.40388 5
    endloop
  endfacet
  facet normal 0 0 -1
    outer loop
      vertex 1.05874 3.41254 5
      vertex 1.05874 4.38746 5
      vertex 1.10783 4.39612 5
    endloop
  endfacet
  facet normal 0 0 -1
    outer loop
      vertex 1.01076 3.42604 5
      vertex 1.05874 4.38746 5
      vertex 1.05874 3.41254 5
    endloop
  endfacet
  facet normal 0 0 -1
    outer loop
      vertex 1.01076 3.42604 5
      vertex 1.01076 4.37396 5
      vertex 1.05874 4.38746 5
    endloop
  endfacet
  facet normal 0 0 -1
    outer loop
      vertex 0.964356 3.44425 5
      vertex 1.01076 4.37396 5
      vertex 1.01076 3.42604 5
    endloop
  endfacet
  facet normal 0 0 -1
    outer loop
      vertex 0.964356 3.44425 5
      vertex 0.964356 4.35575 5
      vertex 1.01076 4.37396 5
    endloop
  endfacet
  facet normal 0 0 -1
    outer loop
      vertex 0.919999 3.46699 5
      vertex 0.964356 4.35575 5
      vertex 0.964356 3.44425 5
    endloop
  endfacet
  facet normal 0 0 -1
    outer loop
      vertex 0.919999 3.46699 5
      vertex 0.919999 4.33301 5
      vertex 0.964356 4.35575 5
    endloop
  endfacet
  facet normal 0 0 -1
    outer loop
      vertex 0.878128 3.49403 5
      vertex 0.919999 4.33301 5
      vertex 0.919999 3.46699 5
    endloop
  endfacet
  facet normal 0 0 -1
    outer loop
      vertex 0.878128 3.49403 5
      vertex 0.878128 4.30597 5
      vertex 0.919999 4.33301 5
    endloop
  endfacet
  facet normal 0 0 -1
    outer loop
      vertex 0.839156 3.52511 5
      vertex 0.878128 4.30597 5
      vertex 0.878128 3.49403 5
    endloop
  endfacet
  facet normal 0 0 -1
    outer loop
      vertex 0.839156 3.52511 5
      vertex 0.839156 4.27489 5
      vertex 0.878128 4.30597 5
    endloop
  endfacet
  facet normal 0 0 -1
    outer loop
      vertex 0.803473 3.55991 5
      vertex 0.839156 4.27489 5
      vertex 0.839156 3.52511 5
    endloop
  endfacet
  facet normal 0 0 -1
    outer loop
      vertex 0.803473 3.55991 5
      vertex 0.803473 4.24009 5
      vertex 0.839156 4.27489 5
    endloop
  endfacet
  facet normal 0 0 -1
    outer loop
      vertex 0.771433 3.5981 5
      vertex 0.803473 4.24009 5
      vertex 0.803473 3.55991 5
    endloop
  endfacet
  facet normal 0 0 -1
    outer loop
      vertex 0.771433 3.5981 5
      vertex 0.771433 4.2019 5
      vertex 0.803473 4.24009 5
    endloop
  endfacet
  facet normal 0 0 -1
    outer loop
      vertex 0.743354 3.63928 5
      vertex 0.771433 4.2019 5
      vertex 0.771433 3.5981 5
    endloop
  endfacet
  facet normal 0 0 -1
    outer loop
      vertex 0.743354 3.63928 5
      vertex 0.743354 4.16072 5
      vertex 0.771433 4.2019 5
    endloop
  endfacet
  facet normal 0 0 -1
    outer loop
      vertex 0.719515 3.68306 5
      vertex 0.743354 4.16072 5
      vertex 0.743354 3.63928 5
    endloop
  endfacet
  facet normal 0 0 -1
    outer loop
      vertex 0.719515 3.68306 5
      vertex 0.719515 4.11694 5
      vertex 0.743354 4.16072 5
    endloop
  endfacet
  facet normal 0 0 -1
    outer loop
      vertex 0.700153 3.72899 5
      vertex 0.719515 4.11694 5
      vertex 0.719515 3.68306 5
    endloop
  endfacet
  facet normal 0 0 -1
    outer loop
      vertex 0.700153 3.72899 5
      vertex 0.700153 4.07101 5
      vertex 0.719515 4.11694 5
    endloop
  endfacet
  facet normal 0 0 -1
    outer loop
      vertex 0.685461 3.77662 5
      vertex 0.700153 4.07101 5
      vertex 0.700153 3.72899 5
    endloop
  endfacet
  facet normal 0 0 -1
    outer loop
      vertex 0.685461 3.77662 5
      vertex 0.685461 4.02338 5
      vertex 0.700153 4.07101 5
    endloop
  endfacet
  facet normal 0 0 -1
    outer loop
      vertex 0.675584 3.82548 5
      vertex 0.685461 4.02338 5
      vertex 0.685461 3.77662 5
    endloop
  endfacet
  facet normal 0 0 -1
    outer loop
      vertex 0.675584 3.82548 5
      vertex 0.675584 3.97452 5
      vertex 0.685461 4.02338 5
    endloop
  endfacet
  facet normal 0 0 -1
    outer loop
      vertex 0.670621 3.87508 5
      vertex 0.675584 3.97452 5
      vertex 0.675584 3.82548 5
    endloop
  endfacet
  facet normal 0 0 -1
    outer loop
      vertex 0.675584 3.97452 5
      vertex 0.670621 3.87508 5
      vertex 0.670621 3.92492 5
    endloop
  endfacet
  facet normal 0.975323 0.197151 -0.0993812
    outer loop
      vertex 0.675584 3.82548 5
      vertex 0.200922 3.65324 0
      vertex 0.181169 3.75096 0
    endloop
  endfacet
  facet normal 0.873871 -0.475893 -0.0993805
    outer loop
      vertex 0.743354 4.16072 5
      vertex 0.269031 4.33388 0
      vertex 0.316709 4.42143 0
    endloop
  endfacet
  facet normal 0.873893 -0.475851 -0.0993812
    outer loop
      vertex 0.269031 4.33388 0
      vertex 0.743354 4.16072 5
      vertex 0.719515 4.11694 5
    endloop
  endfacet
  facet normal 0.762257 -0.639599 -0.0993803
    outer loop
      vertex 0.803473 4.24009 5
      vertex 0.372867 4.5038 0
      vertex 0.436948 4.58017 0
    endloop
  endfacet
  facet normal 0.762303 -0.639544 -0.0993813
    outer loop
      vertex 0.372867 4.5038 0
      vertex 0.803473 4.24009 5
      vertex 0.771433 4.2019 5
    endloop
  endfacet
  facet normal -0.123789 0.987319 -0.0993829
    outer loop
      vertex 1.25682 3.4076 5
      vertex 1.34365 2.91519 0
      vertex 1.20737 3.4014 5
    endloop
  endfacet
  facet normal 0.620414 0.777953 -0.0993814
    outer loop
      vertex 0.839156 3.52511 5
      vertex 0.878128 3.49403 5
      vertex 0.586256 3.08806 0
    endloop
  endfacet
  facet normal 0.363521 0.92627 -0.0993824
    outer loop
      vertex 0.964356 3.44425 5
      vertex 0.851513 2.95207 0
      vertex 0.758713 2.98849 0
    endloop
  endfacet
  facet normal 0.539882 0.835853 -0.0993823
    outer loop
      vertex 0.919999 3.46699 5
      vertex 0.669999 3.03397 0
      vertex 0.586256 3.08806 0
    endloop
  endfacet
  facet normal 0.620423 0.777945 -0.0993812
    outer loop
      vertex 0.839156 3.52511 5
      vertex 0.586256 3.08806 0
      vertex 0.508314 3.15022 0
    endloop
  endfacet
  facet normal -0.0247488 -0.994741 -0.0993826
    outer loop
      vertex 1.14507 4.89969 0
      vertex 1.20737 4.3986 5
      vertex 1.15753 4.39984 5
    endloop
  endfacet
  facet normal -0.0248535 -0.994739 -0.0993811
    outer loop
      vertex 1.20737 4.3986 5
      vertex 1.14507 4.89969 0
      vertex 1.24473 4.8972 0
    endloop
  endfacet
  facet normal -0.123666 -0.987335 -0.0993811
    outer loop
      vertex 1.24473 4.8972 0
      vertex 1.34365 4.88481 0
      vertex 1.20737 4.3986 5
    endloop
  endfacet
  facet normal 0.0743626 -0.992267 -0.0993813
    outer loop
      vertex 1.14507 4.89969 0
      vertex 1.10783 4.39612 5
      vertex 1.04566 4.89224 0
    endloop
  endfacet
  facet normal 0.0742708 -0.992274 -0.0993827
    outer loop
      vertex 1.10783 4.39612 5
      vertex 1.14507 4.89969 0
      vertex 1.15753 4.39984 5
    endloop
  endfacet
  facet normal -0.316817 -0.943266 -0.0993813
    outer loop
      vertex 1.44084 4.86262 0
      vertex 1.35267 4.36544 5
      vertex 1.30542 4.38131 5
    endloop
  endfacet
  facet normal -0.221486 -0.970086 -0.0993823
    outer loop
      vertex 1.34365 4.88481 0
      vertex 1.44084 4.86262 0
      vertex 1.25682 4.3924 5
    endloop
  endfacet
  facet normal -0.658433 -0.746051 -0.099374
    outer loop
      vertex 1.48174 4.29092 5
      vertex 1.525 4.26396 4.91577
      vertex 1.51912 4.25793 5
    endloop
  endfacet
  facet normal -0.658438 -0.746045 -0.0993785
    outer loop
      vertex 1.525 4.26396 4.91577
      vertex 1.48174 4.29092 5
      vertex 1.525 4.32728 4.44042
    endloop
  endfacet
  facet normal -0.657892 -0.746526 -0.0993794
    outer loop
      vertex 1.86824 4.61587 0
      vertex 1.81238 4.5586 0.799999
      vertex 1.8064 4.56387 0.799999
    endloop
  endfacet
  facet normal -0.658745 -0.745773 -0.0993846
    outer loop
      vertex 1.525 4.34516 4.30625
      vertex 1.525 4.32728 4.44042
      vertex 1.48174 4.29092 5
    endloop
  endfacet
  facet normal -0.658461 -0.746026 -0.0993757
    outer loop
      vertex 1.79349 4.68183 0
      vertex 1.8064 4.56387 0.799999
      vertex 1.74361 4.61929 0.799999
    endloop
  endfacet
  facet normal -0.658369 -0.746105 -0.0993888
    outer loop
      vertex 1.8064 4.56387 0.799999
      vertex 1.79349 4.68183 0
      vertex 1.86824 4.61587 0
    endloop
  endfacet
  facet normal -0.497611 -0.861688 -0.0993858
    outer loop
      vertex 1.3981 4.34494 5
      vertex 1.525 4.44965 3.45678
      vertex 1.44127 4.32001 5
    endloop
  endfacet
  facet normal -0.497508 -0.861747 -0.0993814
    outer loop
      vertex 1.525 4.44965 3.45678
      vertex 1.3981 4.34494 5
      vertex 1.525 4.50438 2.98221
    endloop
  endfacet
  facet normal -0.497572 -0.861709 -0.099394
    outer loop
      vertex 1.71255 4.74003 0
      vertex 1.66914 4.67282 0.799999
      vertex 1.66223 4.67681 0.799999
    endloop
  endfacet
  facet normal -0.983934 -0.148319 -0.0993783
    outer loop
      vertex 2.16503 3.99957 0
      vertex 2.07176 4.08229 0.799999
      vertex 2.15017 4.09815 0
    endloop
  endfacet
  facet normal -0.983936 -0.148303 -0.0993802
    outer loop
      vertex 2.07176 4.08229 0.799999
      vertex 2.16503 3.99957 0
      vertex 2.08424 3.99949 0.799999
    endloop
  endfacet
  facet normal -0.964229 -0.245735 -0.0993784
    outer loop
      vertex 2.15017 4.09815 0
      vertex 2.07176 4.08229 0.799999
      vertex 2.06979 4.09002 0.799999
    endloop
  endfacet
  facet normal -0.896396 -0.431968 -0.099385
    outer loop
      vertex 2.04822 4.37825 0
      vertex 1.98142 4.33281 0.799999
      vertex 1.97796 4.33999 0.799999
    endloop
  endfacet
  facet normal -0.84881 -0.519272 -0.0993876
    outer loop
      vertex 1.99624 4.46332 0
      vertex 1.9343 4.41145 0.799999
      vertex 1.93014 4.41825 0.799999
    endloop
  endfacet
  facet normal -0.793037 -0.601012 -0.0993843
    outer loop
      vertex 1.99624 4.46332 0
      vertex 1.93014 4.41825 0.799999
      vertex 1.92532 4.42461 0.799999
    endloop
  endfacet
  facet normal -0.658369 0.746105 -0.0993796
    outer loop
      vertex 1.79349 3.11817 0
      vertex 1.8064 3.23612 0.799999
      vertex 1.86824 3.18413 0
    endloop
  endfacet
  facet normal -0.658394 0.746085 -0.0993761
    outer loop
      vertex 1.8064 3.23612 0.799999
      vertex 1.79349 3.11817 0
      vertex 1.74361 3.18071 0.799999
    endloop
  endfacet
  facet normal -0.658745 0.745773 -0.0993846
    outer loop
      vertex 1.525 3.47272 4.44042
      vertex 1.525 3.45484 4.30625
      vertex 1.48174 3.50908 5
    endloop
  endfacet
  facet normal -0.58013 0.808439 -0.099371
    outer loop
      vertex 1.74361 3.18071 0.799999
      vertex 1.79349 3.11817 0
      vertex 1.73713 3.17606 0.799999
    endloop
  endfacet
  facet normal -0.580775 0.807974 -0.0993858
    outer loop
      vertex 1.525 3.45484 4.30625
      vertex 1.44127 3.47999 5
      vertex 1.48174 3.50908 5
    endloop
  endfacet
  facet normal -0.580723 0.808012 -0.0993809
    outer loop
      vertex 1.44127 3.47999 5
      vertex 1.525 3.45484 4.30625
      vertex 1.525 3.39398 3.81143
    endloop
  endfacet
  facet normal -0.580907 0.80788 -0.0993852
    outer loop
      vertex 1.71255 3.05997 0
      vertex 1.73713 3.17606 0.799999
      vertex 1.79349 3.11817 0
    endloop
  endfacet
  facet normal -0.580841 0.807926 -0.0993939
    outer loop
      vertex 1.73713 3.17606 0.799999
      vertex 1.71255 3.05997 0
      vertex 1.66914 3.12718 0.799999
    endloop
  endfacet
  facet normal -0.580938 0.807857 -0.0993848
    outer loop
      vertex 1.525 3.39398 3.81143
      vertex 1.525 3.35035 3.45678
      vertex 1.44127 3.47999 5
    endloop
  endfacet
  facet normal -0.729344 0.676891 -0.0993751
    outer loop
      vertex 1.87476 3.30863 0.799999
      vertex 1.93604 3.25721 0
      vertex 1.86934 3.30279 0.799999
    endloop
  endfacet
  facet normal -0.729575 0.67664 -0.0993902
    outer loop
      vertex 1.525 3.54841 5
      vertex 1.525 3.53805 4.92947
      vertex 1.51912 3.54207 5
    endloop
  endfacet
  facet normal -0.793236 0.600749 -0.0993892
    outer loop
      vertex 1.99624 3.33668 0
      vertex 1.87476 3.30863 0.799999
      vertex 1.92532 3.37539 0.799999
    endloop
  endfacet
  facet normal -0.793168 0.60084 -0.0993758
    outer loop
      vertex 1.87476 3.30863 0.799999
      vertex 1.99624 3.33668 0
      vertex 1.93604 3.25721 0
    endloop
  endfacet
  facet normal -0.964296 0.24547 -0.0993824
    outer loop
      vertex 2.15017 3.70185 0
      vertex 2.04913 3.62882 0.799999
      vertex 2.06979 3.70998 0.799999
    endloop
  endfacet
  facet normal -0.96428 0.245537 -0.0993743
    outer loop
      vertex 2.04913 3.62882 0.799999
      vertex 2.15017 3.70185 0
      vertex 2.12557 3.60524 0
    endloop
  endfacet
  facet normal -0.935044 0.340319 -0.0993745
    outer loop
      vertex 2.12557 3.60524 0
      vertex 2.02049 3.55013 0.799999
      vertex 2.04913 3.62882 0.799999
    endloop
  endfacet
  facet normal -0.935062 0.340268 -0.0993804
    outer loop
      vertex 2.02049 3.55013 0.799999
      vertex 2.12557 3.60524 0
      vertex 2.09148 3.51156 0
    endloop
  endfacet
  facet normal -0.964229 0.245735 -0.0993784
    outer loop
      vertex 2.07176 3.71771 0.799999
      vertex 2.15017 3.70185 0
      vertex 2.06979 3.70998 0.799999
    endloop
  endfacet
  facet normal 0.539816 -0.835896 -0.0993812
    outer loop
      vertex 0.919999 4.33301 5
      vertex 0.878128 4.30597 5
      vertex 0.586256 4.71194 0
    endloop
  endfacet
  facet normal 0.363494 -0.92628 -0.0993823
    outer loop
      vertex 1.01076 4.37396 5
      vertex 0.964356 4.35575 5
      vertex 0.758713 4.81151 0
    endloop
  endfacet
  facet normal 0.269496 -0.95786 -0.0993825
    outer loop
      vertex 0.947478 4.87493 0
      vertex 1.05874 4.38746 5
      vertex 0.851513 4.84793 0
    endloop
  endfacet
  facet normal 0.975321 -0.19716 -0.0993813
    outer loop
      vertex 0.685461 4.02338 5
      vertex 0.675584 3.97452 5
      vertex 0.200922 4.14676 0
    endloop
  endfacet
  facet normal 0.990105 -0.0990704 -0.0993813
    outer loop
      vertex 0.675584 3.97452 5
      vertex 0.670621 3.92492 5
      vertex 0.171243 3.94985 0
    endloop
  endfacet
  facet normal 0.975321 0.19716 -0.0993813
    outer loop
      vertex 0.675584 3.82548 5
      vertex 0.685461 3.77662 5
      vertex 0.200922 3.65324 0
    endloop
  endfacet
  facet normal 0.950842 0.293298 -0.0993814
    outer loop
      vertex 0.700153 3.72899 5
      vertex 0.200922 3.65324 0
      vertex 0.685461 3.77662 5
    endloop
  endfacet
  facet normal 0.950839 0.293307 -0.0993812
    outer loop
      vertex 0.200922 3.65324 0
      vertex 0.700153 3.72899 5
      vertex 0.230307 3.55798 0
    endloop
  endfacet
  facet normal 0.694788 0.712315 -0.0993803
    outer loop
      vertex 0.803473 3.55991 5
      vertex 0.508314 3.15022 0
      vertex 0.436948 3.21983 0
    endloop
  endfacet
  facet normal 0.822121 0.560572 -0.0993812
    outer loop
      vertex 0.771433 3.5981 5
      vertex 0.372867 3.2962 0
      vertex 0.316709 3.37856 0
    endloop
  endfacet
  facet normal 0.873893 0.475851 -0.0993812
    outer loop
      vertex 0.719515 3.68306 5
      vertex 0.743354 3.63928 5
      vertex 0.316709 3.37856 0
    endloop
  endfacet
  facet normal 0.916908 -0.386527 -0.0993811
    outer loop
      vertex 0.269031 4.33388 0
      vertex 0.719515 4.11694 5
      vertex 0.230307 4.24202 0
    endloop
  endfacet
  facet normal 0.0742708 0.992274 -0.0993827
    outer loop
      vertex 1.14507 2.90031 0
      vertex 1.10783 3.40388 5
      vertex 1.15753 3.40016 5
    endloop
  endfacet
  facet normal 0.0743626 0.992267 -0.0993813
    outer loop
      vertex 1.10783 3.40388 5
      vertex 1.14507 2.90031 0
      vertex 1.04566 2.90776 0
    endloop
  endfacet
  facet normal 0.172768 0.979936 -0.0993824
    outer loop
      vertex 1.05874 3.41254 5
      vertex 1.04566 2.90776 0
      vertex 0.947478 2.92507 0
    endloop
  endfacet
  facet normal 0.172868 0.979918 -0.0993809
    outer loop
      vertex 1.05874 3.41254 5
      vertex 1.10783 3.40388 5
      vertex 1.04566 2.90776 0
    endloop
  endfacet
  facet normal -0.221486 0.970086 -0.0993823
    outer loop
      vertex 1.44084 2.93738 0
      vertex 1.34365 2.91519 0
      vertex 1.25682 3.4076 5
    endloop
  endfacet
  facet normal 0.453944 0.88547 -0.0993825
    outer loop
      vertex 0.919999 3.46699 5
      vertex 0.964356 3.44425 5
      vertex 0.669999 3.03397 0
    endloop
  endfacet
  facet normal 0.453944 0.88547 -0.0993825
    outer loop
      vertex 0.964356 3.44425 5
      vertex 0.758713 2.98849 0
      vertex 0.669999 3.03397 0
    endloop
  endfacet
  facet normal 0.172868 -0.979918 -0.0993809
    outer loop
      vertex 1.10783 4.39612 5
      vertex 1.05874 4.38746 5
      vertex 1.04566 4.89224 0
    endloop
  endfacet
  facet normal -0.221369 -0.970113 -0.0993806
    outer loop
      vertex 1.44084 4.86262 0
      vertex 1.30542 4.38131 5
      vertex 1.25682 4.3924 5
    endloop
  endfacet
  facet normal -0.580776 -0.807975 -0.0993784
    outer loop
      vertex 1.44127 4.32001 5
      vertex 1.525 4.37508 4.06294
      vertex 1.48174 4.29092 5
    endloop
  endfacet
  facet normal -0.580915 -0.807874 -0.0993849
    outer loop
      vertex 1.525 4.37508 4.06294
      vertex 1.44127 4.32001 5
      vertex 1.525 4.44965 3.45678
    endloop
  endfacet
  facet normal -0.580129 -0.808437 -0.0993982
    outer loop
      vertex 1.71255 4.74003 0
      vertex 1.67562 4.66817 0.799999
      vertex 1.66914 4.67282 0.799999
    endloop
  endfacet
  facet normal -0.497611 0.861688 -0.0993808
    outer loop
      vertex 1.525 3.26727 2.73635
      vertex 1.3981 3.45506 5
      vertex 1.44127 3.47999 5
    endloop
  endfacet
  facet normal -0.4975 0.861753 -0.0993799
    outer loop
      vertex 1.3981 3.45506 5
      vertex 1.525 3.26727 2.73635
      vertex 1.525 3.20755 2.2185
    endloop
  endfacet
  facet normal -0.497572 0.86171 -0.0993833
    outer loop
      vertex 1.59662 3.08531 0.799999
      vertex 1.62621 3.01013 0
      vertex 1.58971 3.08132 0.799999
    endloop
  endfacet
  facet normal -0.793037 0.601012 -0.0993843
    outer loop
      vertex 1.93014 3.38175 0.799999
      vertex 1.99624 3.33668 0
      vertex 1.92532 3.37539 0.799999
    endloop
  endfacet
  facet normal -0.658433 0.746051 -0.099374
    outer loop
      vertex 1.525 3.53604 4.91577
      vertex 1.48174 3.50908 5
      vertex 1.51912 3.54207 5
    endloop
  endfacet
  facet normal -0.658438 0.746045 -0.0993785
    outer loop
      vertex 1.48174 3.50908 5
      vertex 1.525 3.53604 4.91577
      vertex 1.525 3.47272 4.44042
    endloop
  endfacet
  facet normal -0.658594 0.745907 -0.099384
    outer loop
      vertex 1.81238 3.2414 0.799999
      vertex 1.86824 3.18413 0
      vertex 1.8064 3.23612 0.799999
    endloop
  endfacet
  facet normal -0.729433 0.676796 -0.099377
    outer loop
      vertex 1.93604 3.25721 0
      vertex 1.81238 3.2414 0.799999
      vertex 1.86934 3.30279 0.799999
    endloop
  endfacet
  facet normal -0.729464 0.676761 -0.0993826
    outer loop
      vertex 1.81238 3.2414 0.799999
      vertex 1.93604 3.25721 0
      vertex 1.86824 3.18413 0
    endloop
  endfacet
  facet normal -0.728927 0.67734 -0.0993761
    outer loop
      vertex 1.525 3.53805 4.92947
      vertex 1.525 3.53604 4.91577
      vertex 1.51912 3.54207 5
    endloop
  endfacet
  facet normal -0.983922 0.148399 -0.0993787
    outer loop
      vertex 2.08543 3.8084 0.799999
      vertex 2.16503 3.80043 0
      vertex 2.08424 3.80051 0.799999
    endloop
  endfacet
  facet normal 0.916908 0.386527 -0.0993811
    outer loop
      vertex 0.719515 3.68306 5
      vertex 0.269031 3.46612 0
      vertex 0.230307 3.55798 0
    endloop
  endfacet
  facet normal 0.762303 0.639544 -0.0993813
    outer loop
      vertex 0.803473 3.55991 5
      vertex 0.372867 3.2962 0
      vertex 0.771433 3.5981 5
    endloop
  endfacet
  facet normal 0.762257 0.639599 -0.0993803
    outer loop
      vertex 0.372867 3.2962 0
      vertex 0.803473 3.55991 5
      vertex 0.436948 3.21983 0
    endloop
  endfacet
  facet normal 0.822121 0.560572 -0.0993812
    outer loop
      vertex 0.743354 3.63928 5
      vertex 0.771433 3.5981 5
      vertex 0.316709 3.37856 0
    endloop
  endfacet
  facet normal -0.0247488 0.994742 -0.0993806
    outer loop
      vertex 1.24473 2.9028 0
      vertex 1.15753 3.40016 5
      vertex 1.20737 3.4014 5
    endloop
  endfacet
  facet normal -0.0248535 0.994739 -0.0993821
    outer loop
      vertex 1.15753 3.40016 5
      vertex 1.24473 2.9028 0
      vertex 1.14507 2.90031 0
    endloop
  endfacet
  facet normal 0.269509 0.957856 -0.0993827
    outer loop
      vertex 1.01076 3.42604 5
      vertex 1.05874 3.41254 5
      vertex 0.851513 2.95207 0
    endloop
  endfacet
  facet normal -0.221369 0.970113 -0.0993806
    outer loop
      vertex 1.30542 3.41869 5
      vertex 1.44084 2.93738 0
      vertex 1.25682 3.4076 5
    endloop
  endfacet
  facet normal -0.316817 0.943266 -0.0993813
    outer loop
      vertex 1.35267 3.43456 5
      vertex 1.44084 2.93738 0
      vertex 1.30542 3.41869 5
    endloop
  endfacet
  facet normal 0.539816 0.835896 -0.0993812
    outer loop
      vertex 0.878128 3.49403 5
      vertex 0.919999 3.46699 5
      vertex 0.586256 3.08806 0
    endloop
  endfacet
  facet normal 0.873893 0.475851 -0.0993812
    outer loop
      vertex 0.719515 3.68306 5
      vertex 0.316709 3.37856 0
      vertex 0.269031 3.46612 0
    endloop
  endfacet
  facet normal 0.363494 0.92628 -0.0993829
    outer loop
      vertex 0.964356 3.44425 5
      vertex 1.01076 3.42604 5
      vertex 0.851513 2.95207 0
    endloop
  endfacet
  facet normal 0.990105 0.0990704 -0.0993807
    outer loop
      vertex 0.670621 11.8751 5
      vertex 0.181169 11.751 0
      vertex 0.171243 11.8502 0
    endloop
  endfacet
  facet normal -0.896637 -0.431463 -0.0994088
    outer loop
      vertex 2.09148 12.2884 0
      vertex 1.98142 12.3328 0.799999
      vertex 2.04822 12.3783 0
    endloop
  endfacet
  facet normal -0.896376 -0.43202 -0.0993419
    outer loop
      vertex 1.98142 12.3328 0.799999
      vertex 2.09148 12.2884 0
      vertex 2.01776 12.2574 0.799999
    endloop
  endfacet
  facet normal 0.694737 -0.712365 -0.0993827
    outer loop
      vertex 0.839156 12.2749 5
      vertex 0.803473 12.2401 5
      vertex 0.436948 12.5802 0
    endloop
  endfacet
  facet normal -0.40927 -0.906982 -0.0994086
    outer loop
      vertex 1.35267 12.3654 5
      vertex 1.525 12.5925 2.2185
      vertex 1.3981 12.3449 5
    endloop
  endfacet
  facet normal -0.408644 -0.907266 -0.099393
    outer loop
      vertex 1.35267 12.3654 5
      vertex 1.525 12.7479 0.799999
      vertex 1.525 12.5925 2.2185
    endloop
  endfacet
  facet normal -0.409166 -0.90703 -0.099393
    outer loop
      vertex 1.53534 12.8309 0
      vertex 1.525 12.7479 0.799999
      vertex 1.35267 12.3654 5
    endloop
  endfacet
  facet normal -0.409271 -0.906984 -0.0993895
    outer loop
      vertex 1.53534 12.8309 0
      vertex 1.58971 12.7187 0.799999
      vertex 1.525 12.7479 0.799999
    endloop
  endfacet
  facet normal -0.409233 -0.907 -0.0993944
    outer loop
      vertex 1.58971 12.7187 0.799999
      vertex 1.53534 12.8309 0
      vertex 1.62621 12.7899 0
    endloop
  endfacet
  facet normal -0.727383 -0.678891 -0.100106
    outer loop
      vertex 1.525 12.262 4.92947
      vertex 1.525 12.2516 5
      vertex 1.51912 12.2579 5
    endloop
  endfacet
  facet normal -0.727022 -0.67939 -0.0993408
    outer loop
      vertex 1.93604 12.5428 0
      vertex 1.87476 12.4914 0.799999
      vertex 1.86934 12.4972 0.799999
    endloop
  endfacet
  facet normal -0.964334 -0.245322 -0.0993793
    outer loop
      vertex 2.15017 12.0981 0
      vertex 2.04913 12.1712 0.799999
      vertex 2.12557 12.1948 0
    endloop
  endfacet
  facet normal -0.964326 -0.245357 -0.099375
    outer loop
      vertex 2.04913 12.1712 0.799999
      vertex 2.15017 12.0981 0
      vertex 2.06979 12.09 0.799999
    endloop
  endfacet
  facet normal -0.983935 0.148303 -0.0993838
    outer loop
      vertex 2.16503 11.8004 0
      vertex 2.07176 11.7177 0.799999
      vertex 2.08424 11.8005 0.799999
    endloop
  endfacet
  facet normal -0.983917 0.148437 -0.0993679
    outer loop
      vertex 2.07176 11.7177 0.799999
      vertex 2.16503 11.8004 0
      vertex 2.15017 11.7019 0
    endloop
  endfacet
  facet normal 0.822248 -0.560386 -0.0993801
    outer loop
      vertex 0.771433 12.2019 5
      vertex 0.743354 12.1607 5
      vertex 0.372867 12.5038 0
    endloop
  endfacet
  facet normal 0.694737 0.712365 -0.0993827
    outer loop
      vertex 0.803473 11.5599 5
      vertex 0.839156 11.5251 5
      vertex 0.508314 11.1502 0
    endloop
  endfacet
  facet normal 0.916818 -0.386741 -0.0993792
    outer loop
      vertex 0.719515 12.1169 5
      vertex 0.700153 12.071 5
      vertex 0.230307 12.242 0
    endloop
  endfacet
  facet normal 0.269497 0.957861 -0.0993692
    outer loop
      vertex 1.05874 11.4125 5
      vertex 0.947478 10.9251 0
      vertex 0.851513 10.9521 0
    endloop
  endfacet
  facet normal -0.123789 -0.987319 -0.0993809
    outer loop
      vertex 1.34365 12.8848 0
      vertex 1.25682 12.3924 5
      vertex 1.20737 12.3986 5
    endloop
  endfacet
  facet normal -0.581002 -0.807819 -0.0993224
    outer loop
      vertex 1.71255 12.74 0
      vertex 1.74361 12.6193 0.799999
      vertex 1.67562 12.6682 0.799999
    endloop
  endfacet
  facet normal -0.58091 -0.807884 -0.0993358
    outer loop
      vertex 1.74361 12.6193 0.799999
      vertex 1.71255 12.74 0
      vertex 1.79349 12.6818 0
    endloop
  endfacet
  facet normal -0.579024 -0.809223 -0.0994442
    outer loop
      vertex 1.525 12.3751 4.06294
      vertex 1.525 12.3452 4.30625
      vertex 1.48174 12.2909 5
    endloop
  endfacet
  facet normal -0.793279 -0.600697 -0.09936
    outer loop
      vertex 1.99624 12.4633 0
      vertex 1.87476 12.4914 0.799999
      vertex 1.93604 12.5428 0
    endloop
  endfacet
  facet normal -0.793409 -0.60052 -0.099386
    outer loop
      vertex 1.87476 12.4914 0.799999
      vertex 1.99624 12.4633 0
      vertex 1.92532 12.4246 0.799999
    endloop
  endfacet
  facet normal -0.123765 0.987323 -0.0993806
    outer loop
      vertex 1.34365 10.9152 0
      vertex 1.24473 10.9028 0
      vertex 1.20737 11.4014 5
    endloop
  endfacet
  facet normal -0.409233 0.907 -0.0993944
    outer loop
      vertex 1.53534 10.9691 0
      vertex 1.58971 11.0813 0.799999
      vertex 1.62621 11.0101 0
    endloop
  endfacet
  facet normal -0.40927 0.906982 -0.0994086
    outer loop
      vertex 1.525 11.2075 2.2185
      vertex 1.35267 11.4346 5
      vertex 1.3981 11.4551 5
    endloop
  endfacet
  facet normal -0.408644 0.907266 -0.099393
    outer loop
      vertex 1.525 11.0521 0.799999
      vertex 1.35267 11.4346 5
      vertex 1.525 11.2075 2.2185
    endloop
  endfacet
  facet normal -0.409166 0.90703 -0.099393
    outer loop
      vertex 1.525 11.0521 0.799999
      vertex 1.53534 10.9691 0
      vertex 1.35267 11.4346 5
    endloop
  endfacet
  facet normal -0.409271 0.906984 -0.0993895
    outer loop
      vertex 1.58971 11.0813 0.799999
      vertex 1.53534 10.9691 0
      vertex 1.525 11.0521 0.799999
    endloop
  endfacet
  facet normal -0.852162 0.513767 -0.0993095
    outer loop
      vertex 1.9343 11.3886 0.799999
      vertex 1.99624 11.3367 0
      vertex 1.93014 11.3817 0.799999
    endloop
  endfacet
  facet normal -0.896419 0.431931 -0.0993424
    outer loop
      vertex 2.09148 11.5116 0
      vertex 1.97796 11.46 0.799999
      vertex 2.01776 11.5426 0.799999
    endloop
  endfacet
  facet normal -0.896637 0.431463 -0.0994036
    outer loop
      vertex 1.97796 11.46 0.799999
      vertex 2.09148 11.5116 0
      vertex 2.04822 11.4217 0
    endloop
  endfacet
  facet normal -0.993814 0.0495718 -0.0993815
    outer loop
      vertex 2.17 11.9 0
      vertex 2.08583 11.8164 0.799999
      vertex 2.09 11.9 0.799999
    endloop
  endfacet
  facet normal -0.993813 0.0495909 -0.0993794
    outer loop
      vertex 2.08583 11.8164 0.799999
      vertex 2.17 11.9 0
      vertex 2.16503 11.8004 0
    endloop
  endfacet
  facet normal -0.993808 0.0496904 -0.0993809
    outer loop
      vertex 2.08583 11.8164 0.799999
      vertex 2.16503 11.8004 0
      vertex 2.08543 11.8084 0.799999
    endloop
  endfacet
  facet normal 0.620057 -0.778237 -0.0993804
    outer loop
      vertex 0.586256 12.7119 0
      vertex 0.839156 12.2749 5
      vertex 0.508314 12.6498 0
    endloop
  endfacet
  facet normal 0.694737 -0.712365 -0.0993827
    outer loop
      vertex 0.508314 12.6498 0
      vertex 0.839156 12.2749 5
      vertex 0.436948 12.5802 0
    endloop
  endfacet
  facet normal 0.454892 -0.884985 -0.0993667
    outer loop
      vertex 0.964356 12.3558 5
      vertex 0.919999 12.333 5
      vertex 0.758713 12.8115 0
    endloop
  endfacet
  facet normal 0.995049 0 -0.0993812
    outer loop
      vertex 0.670621 11.8751 5
      vertex 0.171243 11.9498 0
      vertex 0.670621 11.9249 5
    endloop
  endfacet
  facet normal 0.995049 0 -0.0993812
    outer loop
      vertex 0.171243 11.9498 0
      vertex 0.670621 11.8751 5
      vertex 0.171243 11.8502 0
    endloop
  endfacet
  facet normal 0.990105 0.0990704 -0.0993807
    outer loop
      vertex 0.670621 11.8751 5
      vertex 0.675584 11.8255 5
      vertex 0.181169 11.751 0
    endloop
  endfacet
  facet normal 0.916818 0.386741 -0.0993792
    outer loop
      vertex 0.700153 11.729 5
      vertex 0.719515 11.6831 5
      vertex 0.230307 11.558 0
    endloop
  endfacet
  facet normal 0.975354 -0.196996 -0.0993812
    outer loop
      vertex 0.200922 12.1468 0
      vertex 0.675584 11.9745 5
      vertex 0.181169 12.049 0
    endloop
  endfacet
  facet normal 0.950787 -0.293476 -0.0993815
    outer loop
      vertex 0.700153 12.071 5
      vertex 0.200922 12.1468 0
      vertex 0.230307 12.242 0
    endloop
  endfacet
  facet normal 0.95079 -0.293466 -0.0993817
    outer loop
      vertex 0.200922 12.1468 0
      vertex 0.700153 12.071 5
      vertex 0.685461 12.0234 5
    endloop
  endfacet
  facet normal 0.822248 -0.560386 -0.0993801
    outer loop
      vertex 0.372867 12.5038 0
      vertex 0.743354 12.1607 5
      vertex 0.316709 12.4214 0
    endloop
  endfacet
  facet normal -0.316458 -0.943385 -0.0993907
    outer loop
      vertex 1.44084 12.8626 0
      vertex 1.53534 12.8309 0
      vertex 1.35267 12.3654 5
    endloop
  endfacet
  facet normal -0.497796 -0.86158 -0.0993927
    outer loop
      vertex 1.62621 12.7899 0
      vertex 1.66223 12.6768 0.799999
      vertex 1.58971 12.7187 0.799999
    endloop
  endfacet
  facet normal -0.497911 -0.861515 -0.0993784
    outer loop
      vertex 1.66223 12.6768 0.799999
      vertex 1.62621 12.7899 0
      vertex 1.71255 12.74 0
    endloop
  endfacet
  facet normal -0.497535 -0.861729 -0.0994073
    outer loop
      vertex 1.525 12.5925 2.2185
      vertex 1.525 12.5044 2.98221
      vertex 1.3981 12.3449 5
    endloop
  endfacet
  facet normal -0.721746 -0.684898 -0.0999851
    outer loop
      vertex 1.525 12.264 4.91577
      vertex 1.525 12.262 4.92947
      vertex 1.51912 12.2579 5
    endloop
  endfacet
  facet normal -0.729555 -0.67666 -0.099407
    outer loop
      vertex 1.93604 12.5428 0
      vertex 1.81238 12.5586 0.799999
      vertex 1.86824 12.6159 0
    endloop
  endfacet
  facet normal -0.729486 -0.676735 -0.0993949
    outer loop
      vertex 1.81238 12.5586 0.799999
      vertex 1.93604 12.5428 0
      vertex 1.86934 12.4972 0.799999
    endloop
  endfacet
  facet normal -0.993813 -0.0495909 -0.0993804
    outer loop
      vertex 2.17 11.9 0
      vertex 2.08543 11.9916 0.799999
      vertex 2.16503 11.9996 0
    endloop
  endfacet
  facet normal -0.993813 -0.0495822 -0.0993815
    outer loop
      vertex 2.08543 11.9916 0.799999
      vertex 2.17 11.9 0
      vertex 2.09 11.9 0.799999
    endloop
  endfacet
  facet normal -0.983949 -0.148215 -0.0993852
    outer loop
      vertex 2.16503 11.9996 0
      vertex 2.08543 11.9916 0.799999
      vertex 2.08424 11.9995 0.799999
    endloop
  endfacet
  facet normal -0.935034 -0.340353 -0.0993522
    outer loop
      vertex 2.09148 12.2884 0
      vertex 2.02049 12.2499 0.799999
      vertex 2.01776 12.2574 0.799999
    endloop
  endfacet
  facet normal -0.934971 -0.340525 -0.0993549
    outer loop
      vertex 2.12557 12.1948 0
      vertex 2.02049 12.2499 0.799999
      vertex 2.09148 12.2884 0
    endloop
  endfacet
  facet normal -0.935057 -0.34028 -0.0993831
    outer loop
      vertex 2.02049 12.2499 0.799999
      vertex 2.12557 12.1948 0
      vertex 2.04913 12.1712 0.799999
    endloop
  endfacet
  facet normal -0.848898 -0.519126 -0.0994043
    outer loop
      vertex 2.04822 12.3783 0
      vertex 1.9343 12.4114 0.799999
      vertex 1.99624 12.4633 0
    endloop
  endfacet
  facet normal -0.848914 -0.519098 -0.0994078
    outer loop
      vertex 1.9343 12.4114 0.799999
      vertex 2.04822 12.3783 0
      vertex 1.97796 12.34 0.799999
    endloop
  endfacet
  facet normal -0.316458 0.943385 -0.0993907
    outer loop
      vertex 1.53534 10.9691 0
      vertex 1.44084 10.9374 0
      vertex 1.35267 11.4346 5
    endloop
  endfacet
  facet normal -0.49791 0.861515 -0.0993852
    outer loop
      vertex 1.62621 11.0101 0
      vertex 1.66914 11.1272 0.799999
      vertex 1.71255 11.06 0
    endloop
  endfacet
  facet normal -0.497796 0.861579 -0.0994008
    outer loop
      vertex 1.66914 11.1272 0.799999
      vertex 1.62621 11.0101 0
      vertex 1.59662 11.0853 0.799999
    endloop
  endfacet
  facet normal -0.498031 0.861448 -0.0993661
    outer loop
      vertex 1.525 11.3504 3.45678
      vertex 1.525 11.2673 2.73635
      vertex 1.44127 11.48 5
    endloop
  endfacet
  facet normal -0.935034 0.340353 -0.0993522
    outer loop
      vertex 2.02049 11.5501 0.799999
      vertex 2.09148 11.5116 0
      vertex 2.01776 11.5426 0.799999
    endloop
  endfacet
  facet normal -0.848914 0.519098 -0.0994078
    outer loop
      vertex 2.04822 11.4217 0
      vertex 1.9343 11.3886 0.799999
      vertex 1.97796 11.46 0.799999
    endloop
  endfacet
  facet normal -0.848898 0.519126 -0.0994043
    outer loop
      vertex 1.9343 11.3886 0.799999
      vertex 2.04822 11.4217 0
      vertex 1.99624 11.3367 0
    endloop
  endfacet
  facet normal 0.620658 -0.777759 -0.099369
    outer loop
      vertex 0.878128 12.306 5
      vertex 0.839156 12.2749 5
      vertex 0.586256 12.7119 0
    endloop
  endfacet
  facet normal 0.539952 -0.835808 -0.0993786
    outer loop
      vertex 0.669999 12.766 0
      vertex 0.919999 12.333 5
      vertex 0.586256 12.7119 0
    endloop
  endfacet
  facet normal 0.454102 -0.88539 -0.0993799
    outer loop
      vertex 0.758713 12.8115 0
      vertex 0.919999 12.333 5
      vertex 0.669999 12.766 0
    endloop
  endfacet
  facet normal 0.363348 -0.926339 -0.0993708
    outer loop
      vertex 0.851513 12.8479 0
      vertex 1.01076 12.374 5
      vertex 0.758713 12.8115 0
    endloop
  endfacet
  facet normal 0.26951 -0.957857 -0.0993694
    outer loop
      vertex 1.05874 12.3875 5
      vertex 1.01076 12.374 5
      vertex 0.851513 12.8479 0
    endloop
  endfacet
  facet normal 0.172671 -0.979954 -0.0993683
    outer loop
      vertex 1.04566 12.8922 0
      vertex 1.05874 12.3875 5
      vertex 0.947478 12.8749 0
    endloop
  endfacet
  facet normal 0.990105 -0.0990704 -0.0993807
    outer loop
      vertex 0.181169 12.049 0
      vertex 0.675584 11.9745 5
      vertex 0.171243 11.9498 0
    endloop
  endfacet
  facet normal 0 0 -1
    outer loop
      vertex 1.48174 11.5091 5
      vertex 1.525 11.5484 5
      vertex 1.51912 11.5421 5
    endloop
  endfacet
  facet normal -0 0 -1
    outer loop
      vertex 1.525 11.5484 5
      vertex 1.48174 11.5091 5
      vertex 1.525 12.2516 5
    endloop
  endfacet
  facet normal 0 0 -1
    outer loop
      vertex 1.48174 12.2909 5
      vertex 1.525 12.2516 5
      vertex 1.48174 11.5091 5
    endloop
  endfacet
  facet normal 0 0 -1
    outer loop
      vertex 1.525 12.2516 5
      vertex 1.48174 12.2909 5
      vertex 1.51912 12.2579 5
    endloop
  endfacet
  facet normal 0 0 -1
    outer loop
      vertex 1.44127 11.48 5
      vertex 1.48174 12.2909 5
      vertex 1.48174 11.5091 5
    endloop
  endfacet
  facet normal 0 0 -1
    outer loop
      vertex 1.44127 11.48 5
      vertex 1.44127 12.32 5
      vertex 1.48174 12.2909 5
    endloop
  endfacet
  facet normal 0 0 -1
    outer loop
      vertex 1.3981 11.4551 5
      vertex 1.44127 12.32 5
      vertex 1.44127 11.48 5
    endloop
  endfacet
  facet normal 0 0 -1
    outer loop
      vertex 1.3981 11.4551 5
      vertex 1.3981 12.3449 5
      vertex 1.44127 12.32 5
    endloop
  endfacet
  facet normal 0 0 -1
    outer loop
      vertex 1.35267 11.4346 5
      vertex 1.3981 12.3449 5
      vertex 1.3981 11.4551 5
    endloop
  endfacet
  facet normal 0 0 -1
    outer loop
      vertex 1.35267 11.4346 5
      vertex 1.35267 12.3654 5
      vertex 1.3981 12.3449 5
    endloop
  endfacet
  facet normal 0 0 -1
    outer loop
      vertex 1.30542 11.4187 5
      vertex 1.35267 12.3654 5
      vertex 1.35267 11.4346 5
    endloop
  endfacet
  facet normal 0 0 -1
    outer loop
      vertex 1.30542 11.4187 5
      vertex 1.30542 12.3813 5
      vertex 1.35267 12.3654 5
    endloop
  endfacet
  facet normal 0 0 -1
    outer loop
      vertex 1.25682 11.4076 5
      vertex 1.30542 12.3813 5
      vertex 1.30542 11.4187 5
    endloop
  endfacet
  facet normal 0 0 -1
    outer loop
      vertex 1.25682 11.4076 5
      vertex 1.25682 12.3924 5
      vertex 1.30542 12.3813 5
    endloop
  endfacet
  facet normal 0 0 -1
    outer loop
      vertex 1.20737 11.4014 5
      vertex 1.25682 12.3924 5
      vertex 1.25682 11.4076 5
    endloop
  endfacet
  facet normal 0 0 -1
    outer loop
      vertex 1.20737 11.4014 5
      vertex 1.20737 12.3986 5
      vertex 1.25682 12.3924 5
    endloop
  endfacet
  facet normal 0 0 -1
    outer loop
      vertex 1.15753 11.4002 5
      vertex 1.20737 12.3986 5
      vertex 1.20737 11.4014 5
    endloop
  endfacet
  facet normal 0 0 -1
    outer loop
      vertex 1.15753 11.4002 5
      vertex 1.15753 12.3998 5
      vertex 1.20737 12.3986 5
    endloop
  endfacet
  facet normal 0 0 -1
    outer loop
      vertex 1.10783 11.4039 5
      vertex 1.15753 12.3998 5
      vertex 1.15753 11.4002 5
    endloop
  endfacet
  facet normal 0 0 -1
    outer loop
      vertex 1.10783 11.4039 5
      vertex 1.10783 12.3961 5
      vertex 1.15753 12.3998 5
    endloop
  endfacet
  facet normal 0 0 -1
    outer loop
      vertex 1.05874 11.4125 5
      vertex 1.10783 12.3961 5
      vertex 1.10783 11.4039 5
    endloop
  endfacet
  facet normal 0 0 -1
    outer loop
      vertex 1.05874 11.4125 5
      vertex 1.05874 12.3875 5
      vertex 1.10783 12.3961 5
    endloop
  endfacet
  facet normal 0 0 -1
    outer loop
      vertex 1.01076 11.426 5
      vertex 1.05874 12.3875 5
      vertex 1.05874 11.4125 5
    endloop
  endfacet
  facet normal 0 0 -1
    outer loop
      vertex 1.01076 11.426 5
      vertex 1.01076 12.374 5
      vertex 1.05874 12.3875 5
    endloop
  endfacet
  facet normal 0 0 -1
    outer loop
      vertex 0.964356 11.4442 5
      vertex 1.01076 12.374 5
      vertex 1.01076 11.426 5
    endloop
  endfacet
  facet normal 0 0 -1
    outer loop
      vertex 0.964356 11.4442 5
      vertex 0.964356 12.3558 5
      vertex 1.01076 12.374 5
    endloop
  endfacet
  facet normal 0 0 -1
    outer loop
      vertex 0.919999 11.467 5
      vertex 0.964356 12.3558 5
      vertex 0.964356 11.4442 5
    endloop
  endfacet
  facet normal 0 0 -1
    outer loop
      vertex 0.919999 11.467 5
      vertex 0.919999 12.333 5
      vertex 0.964356 12.3558 5
    endloop
  endfacet
  facet normal 0 0 -1
    outer loop
      vertex 0.878128 11.494 5
      vertex 0.919999 12.333 5
      vertex 0.919999 11.467 5
    endloop
  endfacet
  facet normal 0 0 -1
    outer loop
      vertex 0.878128 11.494 5
      vertex 0.878128 12.306 5
      vertex 0.919999 12.333 5
    endloop
  endfacet
  facet normal 0 0 -1
    outer loop
      vertex 0.839156 11.5251 5
      vertex 0.878128 12.306 5
      vertex 0.878128 11.494 5
    endloop
  endfacet
  facet normal 0 0 -1
    outer loop
      vertex 0.839156 11.5251 5
      vertex 0.839156 12.2749 5
      vertex 0.878128 12.306 5
    endloop
  endfacet
  facet normal 0 0 -1
    outer loop
      vertex 0.803473 11.5599 5
      vertex 0.839156 12.2749 5
      vertex 0.839156 11.5251 5
    endloop
  endfacet
  facet normal 0 0 -1
    outer loop
      vertex 0.803473 11.5599 5
      vertex 0.803473 12.2401 5
      vertex 0.839156 12.2749 5
    endloop
  endfacet
  facet normal 0 0 -1
    outer loop
      vertex 0.771433 11.5981 5
      vertex 0.803473 12.2401 5
      vertex 0.803473 11.5599 5
    endloop
  endfacet
  facet normal 0 0 -1
    outer loop
      vertex 0.771433 11.5981 5
      vertex 0.771433 12.2019 5
      vertex 0.803473 12.2401 5
    endloop
  endfacet
  facet normal 0 0 -1
    outer loop
      vertex 0.743354 11.6393 5
      vertex 0.771433 12.2019 5
      vertex 0.771433 11.5981 5
    endloop
  endfacet
  facet normal 0 0 -1
    outer loop
      vertex 0.743354 11.6393 5
      vertex 0.743354 12.1607 5
      vertex 0.771433 12.2019 5
    endloop
  endfacet
  facet normal 0 0 -1
    outer loop
      vertex 0.719515 11.6831 5
      vertex 0.743354 12.1607 5
      vertex 0.743354 11.6393 5
    endloop
  endfacet
  facet normal 0 0 -1
    outer loop
      vertex 0.719515 11.6831 5
      vertex 0.719515 12.1169 5
      vertex 0.743354 12.1607 5
    endloop
  endfacet
  facet normal 0 0 -1
    outer loop
      vertex 0.700153 11.729 5
      vertex 0.719515 12.1169 5
      vertex 0.719515 11.6831 5
    endloop
  endfacet
  facet normal 0 0 -1
    outer loop
      vertex 0.700153 11.729 5
      vertex 0.700153 12.071 5
      vertex 0.719515 12.1169 5
    endloop
  endfacet
  facet normal 0 0 -1
    outer loop
      vertex 0.685461 11.7766 5
      vertex 0.700153 12.071 5
      vertex 0.700153 11.729 5
    endloop
  endfacet
  facet normal 0 0 -1
    outer loop
      vertex 0.685461 11.7766 5
      vertex 0.685461 12.0234 5
      vertex 0.700153 12.071 5
    endloop
  endfacet
  facet normal 0 0 -1
    outer loop
      vertex 0.675584 11.8255 5
      vertex 0.685461 12.0234 5
      vertex 0.685461 11.7766 5
    endloop
  endfacet
  facet normal 0 0 -1
    outer loop
      vertex 0.675584 11.8255 5
      vertex 0.675584 11.9745 5
      vertex 0.685461 12.0234 5
    endloop
  endfacet
  facet normal 0 0 -1
    outer loop
      vertex 0.670621 11.8751 5
      vertex 0.675584 11.9745 5
      vertex 0.675584 11.8255 5
    endloop
  endfacet
  facet normal 0 0 -1
    outer loop
      vertex 0.675584 11.9745 5
      vertex 0.670621 11.8751 5
      vertex 0.670621 11.9249 5
    endloop
  endfacet
  facet normal 0.975354 0.196996 -0.0993812
    outer loop
      vertex 0.675584 11.8255 5
      vertex 0.200922 11.6532 0
      vertex 0.181169 11.751 0
    endloop
  endfacet
  facet normal 0.873756 -0.476102 -0.0993807
    outer loop
      vertex 0.743354 12.1607 5
      vertex 0.269031 12.3339 0
      vertex 0.316709 12.4214 0
    endloop
  endfacet
  facet normal 0.873984 -0.475683 -0.0993878
    outer loop
      vertex 0.269031 12.3339 0
      vertex 0.743354 12.1607 5
      vertex 0.719515 12.1169 5
    endloop
  endfacet
  facet normal 0.762381 -0.639452 -0.0993818
    outer loop
      vertex 0.803473 12.2401 5
      vertex 0.372867 12.5038 0
      vertex 0.436948 12.5802 0
    endloop
  endfacet
  facet normal 0.762386 -0.639446 -0.099382
    outer loop
      vertex 0.372867 12.5038 0
      vertex 0.803473 12.2401 5
      vertex 0.771433 12.2019 5
    endloop
  endfacet
  facet normal -0.123789 0.987319 -0.0993809
    outer loop
      vertex 1.25682 11.4076 5
      vertex 1.34365 10.9152 0
      vertex 1.20737 11.4014 5
    endloop
  endfacet
  facet normal 0.620658 0.777759 -0.099369
    outer loop
      vertex 0.839156 11.5251 5
      vertex 0.878128 11.494 5
      vertex 0.586256 11.0881 0
    endloop
  endfacet
  facet normal 0.363348 0.926339 -0.0993705
    outer loop
      vertex 0.964356 11.4442 5
      vertex 0.851513 10.9521 0
      vertex 0.758713 10.9885 0
    endloop
  endfacet
  facet normal 0.539952 0.835808 -0.0993786
    outer loop
      vertex 0.919999 11.467 5
      vertex 0.669999 11.034 0
      vertex 0.586256 11.0881 0
    endloop
  endfacet
  facet normal 0.620057 0.778237 -0.0993804
    outer loop
      vertex 0.839156 11.5251 5
      vertex 0.586256 11.0881 0
      vertex 0.508314 11.1502 0
    endloop
  endfacet
  facet normal -0.0239509 -0.99476 -0.0993964
    outer loop
      vertex 1.14507 12.8997 0
      vertex 1.20737 12.3986 5
      vertex 1.15753 12.3998 5
    endloop
  endfacet
  facet normal -0.0249533 -0.994736 -0.0993816
    outer loop
      vertex 1.20737 12.3986 5
      vertex 1.14507 12.8997 0
      vertex 1.24473 12.8972 0
    endloop
  endfacet
  facet normal -0.123765 -0.987323 -0.0993806
    outer loop
      vertex 1.24473 12.8972 0
      vertex 1.34365 12.8848 0
      vertex 1.20737 12.3986 5
    endloop
  endfacet
  facet normal 0.0748589 -0.99223 -0.0993798
    outer loop
      vertex 1.14507 12.8997 0
      vertex 1.10783 12.3961 5
      vertex 1.04566 12.8922 0
    endloop
  endfacet
  facet normal 0.0738736 -0.992302 -0.0993945
    outer loop
      vertex 1.10783 12.3961 5
      vertex 1.14507 12.8997 0
      vertex 1.15753 12.3998 5
    endloop
  endfacet
  facet normal -0.317356 -0.943085 -0.0993766
    outer loop
      vertex 1.44084 12.8626 0
      vertex 1.35267 12.3654 5
      vertex 1.30542 12.3813 5
    endloop
  endfacet
  facet normal -0.221581 -0.970065 -0.0993799
    outer loop
      vertex 1.34365 12.8848 0
      vertex 1.44084 12.8626 0
      vertex 1.25682 12.3924 5
    endloop
  endfacet
  facet normal -0.658504 -0.745905 -0.0999884
    outer loop
      vertex 1.48174 12.2909 5
      vertex 1.525 12.264 4.91577
      vertex 1.51912 12.2579 5
    endloop
  endfacet
  facet normal -0.657819 -0.746586 -0.0994191
    outer loop
      vertex 1.525 12.264 4.91577
      vertex 1.48174 12.2909 5
      vertex 1.525 12.3273 4.44042
    endloop
  endfacet
  facet normal -0.659989 -0.744667 -0.0994207
    outer loop
      vertex 1.86824 12.6159 0
      vertex 1.81238 12.5586 0.799999
      vertex 1.8064 12.5639 0.799999
    endloop
  endfacet
  facet normal -0.658329 -0.746146 -0.0993396
    outer loop
      vertex 1.79349 12.6818 0
      vertex 1.8064 12.5639 0.799999
      vertex 1.74361 12.6193 0.799999
    endloop
  endfacet
  facet normal -0.658032 -0.746402 -0.0993822
    outer loop
      vertex 1.8064 12.5639 0.799999
      vertex 1.79349 12.6818 0
      vertex 1.86824 12.6159 0
    endloop
  endfacet
  facet normal -0.659161 -0.745398 -0.0994456
    outer loop
      vertex 1.525 12.3452 4.30625
      vertex 1.525 12.3273 4.44042
      vertex 1.48174 12.2909 5
    endloop
  endfacet
  facet normal -0.497163 -0.861949 -0.0993611
    outer loop
      vertex 1.3981 12.3449 5
      vertex 1.525 12.4496 3.45678
      vertex 1.44127 12.32 5
    endloop
  endfacet
  facet normal -0.498715 -0.861045 -0.0994274
    outer loop
      vertex 1.525 12.4496 3.45678
      vertex 1.3981 12.3449 5
      vertex 1.525 12.5044 2.98221
    endloop
  endfacet
  facet normal -0.498506 -0.86117 -0.0993886
    outer loop
      vertex 1.71255 12.74 0
      vertex 1.66914 12.6728 0.799999
      vertex 1.66223 12.6768 0.799999
    endloop
  endfacet
  facet normal -0.983917 -0.148437 -0.0993679
    outer loop
      vertex 2.16503 11.9996 0
      vertex 2.07176 12.0823 0.799999
      vertex 2.15017 12.0981 0
    endloop
  endfacet
  facet normal -0.983935 -0.148303 -0.0993838
    outer loop
      vertex 2.07176 12.0823 0.799999
      vertex 2.16503 11.9996 0
      vertex 2.08424 11.9995 0.799999
    endloop
  endfacet
  facet normal -0.964002 -0.246634 -0.0993554
    outer loop
      vertex 2.15017 12.0981 0
      vertex 2.07176 12.0823 0.799999
      vertex 2.06979 12.09 0.799999
    endloop
  endfacet
  facet normal -0.896864 -0.430993 -0.099401
    outer loop
      vertex 2.04822 12.3783 0
      vertex 1.98142 12.3328 0.799999
      vertex 1.97796 12.34 0.799999
    endloop
  endfacet
  facet normal -0.852162 -0.513767 -0.0993095
    outer loop
      vertex 1.99624 12.4633 0
      vertex 1.9343 12.4114 0.799999
      vertex 1.93014 12.4183 0.799999
    endloop
  endfacet
  facet normal -0.790289 -0.604634 -0.0993084
    outer loop
      vertex 1.99624 12.4633 0
      vertex 1.93014 12.4183 0.799999
      vertex 1.92532 12.4246 0.799999
    endloop
  endfacet
  facet normal -0.658032 0.746402 -0.0993822
    outer loop
      vertex 1.79349 11.1182 0
      vertex 1.8064 11.2361 0.799999
      vertex 1.86824 11.1841 0
    endloop
  endfacet
  facet normal -0.658329 0.746146 -0.0993396
    outer loop
      vertex 1.8064 11.2361 0.799999
      vertex 1.79349 11.1182 0
      vertex 1.74361 11.1807 0.799999
    endloop
  endfacet
  facet normal -0.659161 0.745398 -0.0994456
    outer loop
      vertex 1.525 11.4727 4.44042
      vertex 1.525 11.4548 4.30625
      vertex 1.48174 11.5091 5
    endloop
  endfacet
  facet normal -0.575994 0.8114 -0.099304
    outer loop
      vertex 1.74361 11.1807 0.799999
      vertex 1.79349 11.1182 0
      vertex 1.73713 11.1761 0.799999
    endloop
  endfacet
  facet normal -0.580903 0.807874 -0.0994557
    outer loop
      vertex 1.525 11.4548 4.30625
      vertex 1.44127 11.48 5
      vertex 1.48174 11.5091 5
    endloop
  endfacet
  facet normal -0.57987 0.808628 -0.0993585
    outer loop
      vertex 1.44127 11.48 5
      vertex 1.525 11.4548 4.30625
      vertex 1.525 11.394 3.81143
    endloop
  endfacet
  facet normal -0.580906 0.807879 -0.0993952
    outer loop
      vertex 1.71255 11.06 0
      vertex 1.73713 11.1761 0.799999
      vertex 1.79349 11.1182 0
    endloop
  endfacet
  facet normal -0.580999 0.807814 -0.0993829
    outer loop
      vertex 1.73713 11.1761 0.799999
      vertex 1.71255 11.06 0
      vertex 1.66914 11.1272 0.799999
    endloop
  endfacet
  facet normal -0.580363 0.808273 -0.0993675
    outer loop
      vertex 1.525 11.394 3.81143
      vertex 1.525 11.3504 3.45678
      vertex 1.44127 11.48 5
    endloop
  endfacet
  facet normal -0.727022 0.67939 -0.0993408
    outer loop
      vertex 1.87476 11.3086 0.799999
      vertex 1.93604 11.2572 0
      vertex 1.86934 11.3028 0.799999
    endloop
  endfacet
  facet normal -0.727383 0.678891 -0.100106
    outer loop
      vertex 1.525 11.5484 5
      vertex 1.525 11.538 4.92947
      vertex 1.51912 11.5421 5
    endloop
  endfacet
  facet normal -0.793409 0.60052 -0.099386
    outer loop
      vertex 1.99624 11.3367 0
      vertex 1.87476 11.3086 0.799999
      vertex 1.92532 11.3754 0.799999
    endloop
  endfacet
  facet normal -0.793279 0.600697 -0.09936
    outer loop
      vertex 1.87476 11.3086 0.799999
      vertex 1.99624 11.3367 0
      vertex 1.93604 11.2572 0
    endloop
  endfacet
  facet normal -0.964326 0.245357 -0.099375
    outer loop
      vertex 2.15017 11.7019 0
      vertex 2.04913 11.6288 0.799999
      vertex 2.06979 11.71 0.799999
    endloop
  endfacet
  facet normal -0.964334 0.245322 -0.0993793
    outer loop
      vertex 2.04913 11.6288 0.799999
      vertex 2.15017 11.7019 0
      vertex 2.12557 11.6052 0
    endloop
  endfacet
  facet normal -0.935057 0.34028 -0.0993831
    outer loop
      vertex 2.12557 11.6052 0
      vertex 2.02049 11.5501 0.799999
      vertex 2.04913 11.6288 0.799999
    endloop
  endfacet
  facet normal -0.934971 0.340525 -0.0993549
    outer loop
      vertex 2.02049 11.5501 0.799999
      vertex 2.12557 11.6052 0
      vertex 2.09148 11.5116 0
    endloop
  endfacet
  facet normal -0.964002 0.246634 -0.0993554
    outer loop
      vertex 2.07176 11.7177 0.799999
      vertex 2.15017 11.7019 0
      vertex 2.06979 11.71 0.799999
    endloop
  endfacet
  facet normal 0.539253 -0.836261 -0.0993662
    outer loop
      vertex 0.919999 12.333 5
      vertex 0.878128 12.306 5
      vertex 0.586256 12.7119 0
    endloop
  endfacet
  facet normal 0.363321 -0.926349 -0.0993704
    outer loop
      vertex 1.01076 12.374 5
      vertex 0.964356 12.3558 5
      vertex 0.758713 12.8115 0
    endloop
  endfacet
  facet normal 0.269497 -0.957861 -0.0993692
    outer loop
      vertex 0.947478 12.8749 0
      vertex 1.05874 12.3875 5
      vertex 0.851513 12.8479 0
    endloop
  endfacet
  facet normal 0.975352 -0.197005 -0.0993813
    outer loop
      vertex 0.685461 12.0234 5
      vertex 0.675584 11.9745 5
      vertex 0.200922 12.1468 0
    endloop
  endfacet
  facet normal 0.990105 -0.0990704 -0.0993807
    outer loop
      vertex 0.675584 11.9745 5
      vertex 0.670621 11.9249 5
      vertex 0.171243 11.9498 0
    endloop
  endfacet
  facet normal 0.975352 0.197005 -0.0993813
    outer loop
      vertex 0.675584 11.8255 5
      vertex 0.685461 11.7766 5
      vertex 0.200922 11.6532 0
    endloop
  endfacet
  facet normal 0.95079 0.293466 -0.0993817
    outer loop
      vertex 0.700153 11.729 5
      vertex 0.200922 11.6532 0
      vertex 0.685461 11.7766 5
    endloop
  endfacet
  facet normal 0.950787 0.293476 -0.0993815
    outer loop
      vertex 0.200922 11.6532 0
      vertex 0.700153 11.729 5
      vertex 0.230307 11.558 0
    endloop
  endfacet
  facet normal 0.694737 0.712365 -0.0993827
    outer loop
      vertex 0.803473 11.5599 5
      vertex 0.508314 11.1502 0
      vertex 0.436948 11.2198 0
    endloop
  endfacet
  facet normal 0.822248 0.560386 -0.0993801
    outer loop
      vertex 0.771433 11.5981 5
      vertex 0.372867 11.2962 0
      vertex 0.316709 11.3786 0
    endloop
  endfacet
  facet normal 0.873985 0.475683 -0.0993784
    outer loop
      vertex 0.719515 11.6831 5
      vertex 0.743354 11.6393 5
      vertex 0.316709 11.3786 0
    endloop
  endfacet
  facet normal 0.916968 -0.386384 -0.0993849
    outer loop
      vertex 0.269031 12.3339 0
      vertex 0.719515 12.1169 5
      vertex 0.230307 12.242 0
    endloop
  endfacet
  facet normal 0.0738736 0.992302 -0.0993945
    outer loop
      vertex 1.14507 10.9003 0
      vertex 1.10783 11.4039 5
      vertex 1.15753 11.4002 5
    endloop
  endfacet
  facet normal 0.0748589 0.99223 -0.0993798
    outer loop
      vertex 1.10783 11.4039 5
      vertex 1.14507 10.9003 0
      vertex 1.04566 10.9078 0
    endloop
  endfacet
  facet normal 0.172671 0.979954 -0.0993683
    outer loop
      vertex 1.05874 11.4125 5
      vertex 1.04566 10.9078 0
      vertex 0.947478 10.9251 0
    endloop
  endfacet
  facet normal 0.171706 0.980122 -0.0993827
    outer loop
      vertex 1.05874 11.4125 5
      vertex 1.10783 11.4039 5
      vertex 1.04566 10.9078 0
    endloop
  endfacet
  facet normal -0.221581 0.970065 -0.0993799
    outer loop
      vertex 1.44084 10.9374 0
      vertex 1.34365 10.9152 0
      vertex 1.25682 11.4076 5
    endloop
  endfacet
  facet normal 0.454892 0.884984 -0.0993842
    outer loop
      vertex 0.919999 11.467 5
      vertex 0.964356 11.4442 5
      vertex 0.669999 11.034 0
    endloop
  endfacet
  facet normal 0.454103 0.88539 -0.0993711
    outer loop
      vertex 0.964356 11.4442 5
      vertex 0.758713 10.9885 0
      vertex 0.669999 11.034 0
    endloop
  endfacet
  facet normal 0.171706 -0.980122 -0.0993827
    outer loop
      vertex 1.10783 12.3961 5
      vertex 1.05874 12.3875 5
      vertex 1.04566 12.8922 0
    endloop
  endfacet
  facet normal -0.221559 -0.97007 -0.0993796
    outer loop
      vertex 1.44084 12.8626 0
      vertex 1.30542 12.3813 5
      vertex 1.25682 12.3924 5
    endloop
  endfacet
  facet normal -0.580905 -0.807878 -0.0994102
    outer loop
      vertex 1.44127 12.32 5
      vertex 1.525 12.3751 4.06294
      vertex 1.48174 12.2909 5
    endloop
  endfacet
  facet normal -0.580036 -0.808507 -0.0993695
    outer loop
      vertex 1.525 12.3751 4.06294
      vertex 1.44127 12.32 5
      vertex 1.525 12.4496 3.45678
    endloop
  endfacet
  facet normal -0.575988 -0.811391 -0.0994115
    outer loop
      vertex 1.71255 12.74 0
      vertex 1.67562 12.6682 0.799999
      vertex 1.66914 12.6728 0.799999
    endloop
  endfacet
  facet normal -0.497162 0.861947 -0.0993809
    outer loop
      vertex 1.525 11.2673 2.73635
      vertex 1.3981 11.4551 5
      vertex 1.44127 11.48 5
    endloop
  endfacet
  facet normal -0.499226 0.860752 -0.0993974
    outer loop
      vertex 1.3981 11.4551 5
      vertex 1.525 11.2673 2.73635
      vertex 1.525 11.2075 2.2185
    endloop
  endfacet
  facet normal -0.498506 0.86117 -0.0993886
    outer loop
      vertex 1.59662 11.0853 0.799999
      vertex 1.62621 11.0101 0
      vertex 1.58971 11.0813 0.799999
    endloop
  endfacet
  facet normal -0.790289 0.604634 -0.0993084
    outer loop
      vertex 1.93014 11.3817 0.799999
      vertex 1.99624 11.3367 0
      vertex 1.92532 11.3754 0.799999
    endloop
  endfacet
  facet normal -0.658504 0.745905 -0.0999884
    outer loop
      vertex 1.525 11.536 4.91577
      vertex 1.48174 11.5091 5
      vertex 1.51912 11.5421 5
    endloop
  endfacet
  facet normal -0.657819 0.746586 -0.0994191
    outer loop
      vertex 1.48174 11.5091 5
      vertex 1.525 11.536 4.91577
      vertex 1.525 11.4727 4.44042
    endloop
  endfacet
  facet normal -0.659989 0.744667 -0.0994207
    outer loop
      vertex 1.81238 11.2414 0.799999
      vertex 1.86824 11.1841 0
      vertex 1.8064 11.2361 0.799999
    endloop
  endfacet
  facet normal -0.729486 0.676735 -0.0993949
    outer loop
      vertex 1.93604 11.2572 0
      vertex 1.81238 11.2414 0.799999
      vertex 1.86934 11.3028 0.799999
    endloop
  endfacet
  facet normal -0.729555 0.67666 -0.099407
    outer loop
      vertex 1.81238 11.2414 0.799999
      vertex 1.93604 11.2572 0
      vertex 1.86824 11.1841 0
    endloop
  endfacet
  facet normal -0.721746 0.684898 -0.0999851
    outer loop
      vertex 1.525 11.538 4.92947
      vertex 1.525 11.536 4.91577
      vertex 1.51912 11.5421 5
    endloop
  endfacet
  facet normal -0.983949 0.148215 -0.0993852
    outer loop
      vertex 2.08543 11.8084 0.799999
      vertex 2.16503 11.8004 0
      vertex 2.08424 11.8005 0.799999
    endloop
  endfacet
  facet normal 0.916968 0.386384 -0.0993849
    outer loop
      vertex 0.719515 11.6831 5
      vertex 0.269031 11.4661 0
      vertex 0.230307 11.558 0
    endloop
  endfacet
  facet normal 0.762386 0.639446 -0.099382
    outer loop
      vertex 0.803473 11.5599 5
      vertex 0.372867 11.2962 0
      vertex 0.771433 11.5981 5
    endloop
  endfacet
  facet normal 0.762381 0.639452 -0.0993818
    outer loop
      vertex 0.372867 11.2962 0
      vertex 0.803473 11.5599 5
      vertex 0.436948 11.2198 0
    endloop
  endfacet
  facet normal 0.822248 0.560386 -0.0993801
    outer loop
      vertex 0.743354 11.6393 5
      vertex 0.771433 11.5981 5
      vertex 0.316709 11.3786 0
    endloop
  endfacet
  facet normal -0.0239509 0.994762 -0.0993766
    outer loop
      vertex 1.24473 10.9028 0
      vertex 1.15753 11.4002 5
      vertex 1.20737 11.4014 5
    endloop
  endfacet
  facet normal -0.0249532 0.994735 -0.0993915
    outer loop
      vertex 1.15753 11.4002 5
      vertex 1.24473 10.9028 0
      vertex 1.14507 10.9003 0
    endloop
  endfacet
  facet normal 0.26951 0.957857 -0.0993694
    outer loop
      vertex 1.01076 11.426 5
      vertex 1.05874 11.4125 5
      vertex 0.851513 10.9521 0
    endloop
  endfacet
  facet normal -0.221559 0.97007 -0.0993796
    outer loop
      vertex 1.30542 11.4187 5
      vertex 1.44084 10.9374 0
      vertex 1.25682 11.4076 5
    endloop
  endfacet
  facet normal -0.317356 0.943085 -0.0993766
    outer loop
      vertex 1.35267 11.4346 5
      vertex 1.44084 10.9374 0
      vertex 1.30542 11.4187 5
    endloop
  endfacet
  facet normal 0.539253 0.836261 -0.0993662
    outer loop
      vertex 0.878128 11.494 5
      vertex 0.919999 11.467 5
      vertex 0.586256 11.0881 0
    endloop
  endfacet
  facet normal 0.873756 0.476102 -0.0993854
    outer loop
      vertex 0.719515 11.6831 5
      vertex 0.316709 11.3786 0
      vertex 0.269031 11.4661 0
    endloop
  endfacet
  facet normal 0.363321 0.926349 -0.099371
    outer loop
      vertex 0.964356 11.4442 5
      vertex 1.01076 11.426 5
      vertex 0.851513 10.9521 0
    endloop
  endfacet
  facet normal 0.990105 0.0990704 -0.0993807
    outer loop
      vertex 0.670621 19.8751 5
      vertex 0.181169 19.751 0
      vertex 0.171243 19.8502 0
    endloop
  endfacet
  facet normal -0.896637 -0.431463 -0.0994088
    outer loop
      vertex 2.09148 20.2884 0
      vertex 1.98142 20.3328 0.799999
      vertex 2.04822 20.3783 0
    endloop
  endfacet
  facet normal -0.896376 -0.43202 -0.0993419
    outer loop
      vertex 1.98142 20.3328 0.799999
      vertex 2.09148 20.2884 0
      vertex 2.01776 20.2574 0.799999
    endloop
  endfacet
  facet normal 0.694737 -0.712365 -0.0993827
    outer loop
      vertex 0.839156 20.2749 5
      vertex 0.803473 20.2401 5
      vertex 0.436948 20.5802 0
    endloop
  endfacet
  facet normal -0.40927 -0.906982 -0.0994086
    outer loop
      vertex 1.35267 20.3654 5
      vertex 1.525 20.5925 2.2185
      vertex 1.3981 20.3449 5
    endloop
  endfacet
  facet normal -0.408644 -0.907266 -0.099393
    outer loop
      vertex 1.35267 20.3654 5
      vertex 1.525 20.7479 0.799999
      vertex 1.525 20.5925 2.2185
    endloop
  endfacet
  facet normal -0.409166 -0.90703 -0.099393
    outer loop
      vertex 1.53534 20.8309 0
      vertex 1.525 20.7479 0.799999
      vertex 1.35267 20.3654 5
    endloop
  endfacet
  facet normal -0.409271 -0.906984 -0.0993895
    outer loop
      vertex 1.53534 20.8309 0
      vertex 1.58971 20.7187 0.799999
      vertex 1.525 20.7479 0.799999
    endloop
  endfacet
  facet normal -0.409233 -0.907 -0.0993944
    outer loop
      vertex 1.58971 20.7187 0.799999
      vertex 1.53534 20.8309 0
      vertex 1.62621 20.7899 0
    endloop
  endfacet
  facet normal -0.727022 -0.67939 -0.0993408
    outer loop
      vertex 1.93604 20.5428 0
      vertex 1.87476 20.4914 0.799999
      vertex 1.86934 20.4972 0.799999
    endloop
  endfacet
  facet normal -0.727383 -0.678891 -0.100106
    outer loop
      vertex 1.525 20.262 4.92947
      vertex 1.525 20.2516 5
      vertex 1.51912 20.2579 5
    endloop
  endfacet
  facet normal -0.964334 -0.245322 -0.0993793
    outer loop
      vertex 2.15017 20.0981 0
      vertex 2.04913 20.1712 0.799999
      vertex 2.12557 20.1948 0
    endloop
  endfacet
  facet normal -0.964326 -0.245357 -0.099375
    outer loop
      vertex 2.04913 20.1712 0.799999
      vertex 2.15017 20.0981 0
      vertex 2.06979 20.09 0.799999
    endloop
  endfacet
  facet normal -0.983935 0.148303 -0.0993838
    outer loop
      vertex 2.16503 19.8004 0
      vertex 2.07176 19.7177 0.799999
      vertex 2.08424 19.8005 0.799999
    endloop
  endfacet
  facet normal -0.983917 0.148437 -0.0993679
    outer loop
      vertex 2.07176 19.7177 0.799999
      vertex 2.16503 19.8004 0
      vertex 2.15017 19.7019 0
    endloop
  endfacet
  facet normal 0.822248 -0.560386 -0.0993801
    outer loop
      vertex 0.771433 20.2019 5
      vertex 0.743354 20.1607 5
      vertex 0.372867 20.5038 0
    endloop
  endfacet
  facet normal 0.694737 0.712365 -0.0993827
    outer loop
      vertex 0.803473 19.5599 5
      vertex 0.839156 19.5251 5
      vertex 0.508314 19.1502 0
    endloop
  endfacet
  facet normal 0.916818 -0.386741 -0.0993792
    outer loop
      vertex 0.719515 20.1169 5
      vertex 0.700153 20.071 5
      vertex 0.230307 20.242 0
    endloop
  endfacet
  facet normal 0.269497 0.957861 -0.0993692
    outer loop
      vertex 1.05874 19.4125 5
      vertex 0.947478 18.9251 0
      vertex 0.851513 18.9521 0
    endloop
  endfacet
  facet normal -0.123789 -0.987319 -0.0993809
    outer loop
      vertex 1.34365 20.8848 0
      vertex 1.25682 20.3924 5
      vertex 1.20737 20.3986 5
    endloop
  endfacet
  facet normal -0.581002 -0.807819 -0.0993224
    outer loop
      vertex 1.71255 20.74 0
      vertex 1.74361 20.6193 0.799999
      vertex 1.67562 20.6682 0.799999
    endloop
  endfacet
  facet normal -0.58091 -0.807884 -0.0993358
    outer loop
      vertex 1.74361 20.6193 0.799999
      vertex 1.71255 20.74 0
      vertex 1.79349 20.6818 0
    endloop
  endfacet
  facet normal -0.579024 -0.809223 -0.0994442
    outer loop
      vertex 1.525 20.3751 4.06294
      vertex 1.525 20.3452 4.30625
      vertex 1.48174 20.2909 5
    endloop
  endfacet
  facet normal -0.793279 -0.600697 -0.09936
    outer loop
      vertex 1.99624 20.4633 0
      vertex 1.87476 20.4914 0.799999
      vertex 1.93604 20.5428 0
    endloop
  endfacet
  facet normal -0.793409 -0.60052 -0.099386
    outer loop
      vertex 1.87476 20.4914 0.799999
      vertex 1.99624 20.4633 0
      vertex 1.92532 20.4246 0.799999
    endloop
  endfacet
  facet normal -0.123765 0.987323 -0.0993806
    outer loop
      vertex 1.34365 18.9152 0
      vertex 1.24473 18.9028 0
      vertex 1.20737 19.4014 5
    endloop
  endfacet
  facet normal -0.409233 0.907 -0.0993944
    outer loop
      vertex 1.53534 18.9691 0
      vertex 1.58971 19.0813 0.799999
      vertex 1.62621 19.0101 0
    endloop
  endfacet
  facet normal -0.40927 0.906982 -0.0994086
    outer loop
      vertex 1.525 19.2075 2.2185
      vertex 1.35267 19.4346 5
      vertex 1.3981 19.4551 5
    endloop
  endfacet
  facet normal -0.408644 0.907266 -0.099393
    outer loop
      vertex 1.525 19.0521 0.799999
      vertex 1.35267 19.4346 5
      vertex 1.525 19.2075 2.2185
    endloop
  endfacet
  facet normal -0.409166 0.90703 -0.099393
    outer loop
      vertex 1.525 19.0521 0.799999
      vertex 1.53534 18.9691 0
      vertex 1.35267 19.4346 5
    endloop
  endfacet
  facet normal -0.409271 0.906984 -0.0993895
    outer loop
      vertex 1.58971 19.0813 0.799999
      vertex 1.53534 18.9691 0
      vertex 1.525 19.0521 0.799999
    endloop
  endfacet
  facet normal -0.848814 0.519274 -0.0993426
    outer loop
      vertex 1.9343 19.3885 0.799999
      vertex 1.99624 19.3367 0
      vertex 1.93014 19.3817 0.799999
    endloop
  endfacet
  facet normal -0.896419 0.431931 -0.0993424
    outer loop
      vertex 2.09148 19.5116 0
      vertex 1.97796 19.46 0.799999
      vertex 2.01776 19.5426 0.799999
    endloop
  endfacet
  facet normal -0.896637 0.431463 -0.0994036
    outer loop
      vertex 1.97796 19.46 0.799999
      vertex 2.09148 19.5116 0
      vertex 2.04822 19.4217 0
    endloop
  endfacet
  facet normal -0.993814 0.0495718 -0.0993815
    outer loop
      vertex 2.17 19.9 0
      vertex 2.08583 19.8164 0.799999
      vertex 2.09 19.9 0.799999
    endloop
  endfacet
  facet normal -0.993813 0.0495909 -0.0993794
    outer loop
      vertex 2.08583 19.8164 0.799999
      vertex 2.17 19.9 0
      vertex 2.16503 19.8004 0
    endloop
  endfacet
  facet normal -0.993808 0.0496904 -0.0993809
    outer loop
      vertex 2.08583 19.8164 0.799999
      vertex 2.16503 19.8004 0
      vertex 2.08543 19.8084 0.799999
    endloop
  endfacet
  facet normal 0.620057 -0.778237 -0.0993804
    outer loop
      vertex 0.586256 20.7119 0
      vertex 0.839156 20.2749 5
      vertex 0.508314 20.6498 0
    endloop
  endfacet
  facet normal 0.694737 -0.712365 -0.0993827
    outer loop
      vertex 0.508314 20.6498 0
      vertex 0.839156 20.2749 5
      vertex 0.436948 20.5802 0
    endloop
  endfacet
  facet normal 0.454892 -0.884985 -0.0993667
    outer loop
      vertex 0.964356 20.3558 5
      vertex 0.919999 20.333 5
      vertex 0.758713 20.8115 0
    endloop
  endfacet
  facet normal 0.995049 0 -0.0993812
    outer loop
      vertex 0.670621 19.8751 5
      vertex 0.171243 19.9498 0
      vertex 0.670621 19.9249 5
    endloop
  endfacet
  facet normal 0.995049 0 -0.0993812
    outer loop
      vertex 0.171243 19.9498 0
      vertex 0.670621 19.8751 5
      vertex 0.171243 19.8502 0
    endloop
  endfacet
  facet normal 0.990105 0.0990704 -0.0993807
    outer loop
      vertex 0.670621 19.8751 5
      vertex 0.675584 19.8255 5
      vertex 0.181169 19.751 0
    endloop
  endfacet
  facet normal 0.916818 0.386741 -0.0993792
    outer loop
      vertex 0.700153 19.729 5
      vertex 0.719515 19.6831 5
      vertex 0.230307 19.558 0
    endloop
  endfacet
  facet normal 0.975354 -0.196996 -0.0993812
    outer loop
      vertex 0.200922 20.1468 0
      vertex 0.675584 19.9745 5
      vertex 0.181169 20.049 0
    endloop
  endfacet
  facet normal 0.950787 -0.293476 -0.0993815
    outer loop
      vertex 0.700153 20.071 5
      vertex 0.200922 20.1468 0
      vertex 0.230307 20.242 0
    endloop
  endfacet
  facet normal 0.95079 -0.293466 -0.0993817
    outer loop
      vertex 0.200922 20.1468 0
      vertex 0.700153 20.071 5
      vertex 0.685461 20.0234 5
    endloop
  endfacet
  facet normal 0.822248 -0.560386 -0.0993801
    outer loop
      vertex 0.372867 20.5038 0
      vertex 0.743354 20.1607 5
      vertex 0.316709 20.4214 0
    endloop
  endfacet
  facet normal -0.316458 -0.943385 -0.0993907
    outer loop
      vertex 1.44084 20.8626 0
      vertex 1.53534 20.8309 0
      vertex 1.35267 20.3654 5
    endloop
  endfacet
  facet normal -0.497796 -0.86158 -0.0993927
    outer loop
      vertex 1.62621 20.7899 0
      vertex 1.66223 20.6768 0.799999
      vertex 1.58971 20.7187 0.799999
    endloop
  endfacet
  facet normal -0.497911 -0.861515 -0.0993784
    outer loop
      vertex 1.66223 20.6768 0.799999
      vertex 1.62621 20.7899 0
      vertex 1.71255 20.74 0
    endloop
  endfacet
  facet normal -0.497535 -0.861729 -0.0994073
    outer loop
      vertex 1.525 20.5925 2.2185
      vertex 1.525 20.5044 2.98221
      vertex 1.3981 20.3449 5
    endloop
  endfacet
  facet normal -0.729555 -0.67666 -0.099407
    outer loop
      vertex 1.93604 20.5428 0
      vertex 1.81238 20.5586 0.799999
      vertex 1.86824 20.6159 0
    endloop
  endfacet
  facet normal -0.729486 -0.676735 -0.0993949
    outer loop
      vertex 1.81238 20.5586 0.799999
      vertex 1.93604 20.5428 0
      vertex 1.86934 20.4972 0.799999
    endloop
  endfacet
  facet normal -0.721746 -0.684898 -0.0999851
    outer loop
      vertex 1.525 20.264 4.91577
      vertex 1.525 20.262 4.92947
      vertex 1.51912 20.2579 5
    endloop
  endfacet
  facet normal -0.993813 -0.0495909 -0.0993804
    outer loop
      vertex 2.17 19.9 0
      vertex 2.08543 19.9916 0.799999
      vertex 2.16503 19.9996 0
    endloop
  endfacet
  facet normal -0.993813 -0.0495822 -0.0993815
    outer loop
      vertex 2.08543 19.9916 0.799999
      vertex 2.17 19.9 0
      vertex 2.09 19.9 0.799999
    endloop
  endfacet
  facet normal -0.983949 -0.148215 -0.0993852
    outer loop
      vertex 2.16503 19.9996 0
      vertex 2.08543 19.9916 0.799999
      vertex 2.08424 19.9995 0.799999
    endloop
  endfacet
  facet normal -0.935034 -0.340353 -0.0993522
    outer loop
      vertex 2.09148 20.2884 0
      vertex 2.02049 20.2499 0.799999
      vertex 2.01776 20.2574 0.799999
    endloop
  endfacet
  facet normal -0.934971 -0.340525 -0.0993549
    outer loop
      vertex 2.12557 20.1948 0
      vertex 2.02049 20.2499 0.799999
      vertex 2.09148 20.2884 0
    endloop
  endfacet
  facet normal -0.935057 -0.34028 -0.0993831
    outer loop
      vertex 2.02049 20.2499 0.799999
      vertex 2.12557 20.1948 0
      vertex 2.04913 20.1712 0.799999
    endloop
  endfacet
  facet normal -0.848898 -0.519126 -0.0994043
    outer loop
      vertex 2.04822 20.3783 0
      vertex 1.9343 20.4114 0.799999
      vertex 1.99624 20.4633 0
    endloop
  endfacet
  facet normal -0.848914 -0.519098 -0.0994078
    outer loop
      vertex 1.9343 20.4114 0.799999
      vertex 2.04822 20.3783 0
      vertex 1.97796 20.34 0.799999
    endloop
  endfacet
  facet normal -0.316458 0.943385 -0.0993907
    outer loop
      vertex 1.53534 18.9691 0
      vertex 1.44084 18.9374 0
      vertex 1.35267 19.4346 5
    endloop
  endfacet
  facet normal -0.49791 0.861515 -0.0993852
    outer loop
      vertex 1.62621 19.0101 0
      vertex 1.66914 19.1272 0.799999
      vertex 1.71255 19.06 0
    endloop
  endfacet
  facet normal -0.497796 0.861579 -0.0994008
    outer loop
      vertex 1.66914 19.1272 0.799999
      vertex 1.62621 19.0101 0
      vertex 1.59662 19.0853 0.799999
    endloop
  endfacet
  facet normal -0.498031 0.861448 -0.0993661
    outer loop
      vertex 1.525 19.3504 3.45678
      vertex 1.525 19.2673 2.73635
      vertex 1.44127 19.48 5
    endloop
  endfacet
  facet normal -0.935034 0.340353 -0.0993522
    outer loop
      vertex 2.02049 19.5501 0.799999
      vertex 2.09148 19.5116 0
      vertex 2.01776 19.5426 0.799999
    endloop
  endfacet
  facet normal -0.849237 0.518569 -0.0994109
    outer loop
      vertex 2.04822 19.4217 0
      vertex 1.9343 19.3885 0.799999
      vertex 1.97796 19.46 0.799999
    endloop
  endfacet
  facet normal -0.848903 0.519129 -0.0993401
    outer loop
      vertex 1.9343 19.3885 0.799999
      vertex 2.04822 19.4217 0
      vertex 1.99624 19.3367 0
    endloop
  endfacet
  facet normal 0.620658 -0.777759 -0.099369
    outer loop
      vertex 0.878128 20.306 5
      vertex 0.839156 20.2749 5
      vertex 0.586256 20.7119 0
    endloop
  endfacet
  facet normal 0.539952 -0.835808 -0.0993786
    outer loop
      vertex 0.669999 20.766 0
      vertex 0.919999 20.333 5
      vertex 0.586256 20.7119 0
    endloop
  endfacet
  facet normal 0.454102 -0.88539 -0.0993799
    outer loop
      vertex 0.758713 20.8115 0
      vertex 0.919999 20.333 5
      vertex 0.669999 20.766 0
    endloop
  endfacet
  facet normal 0.363348 -0.926339 -0.0993708
    outer loop
      vertex 0.851513 20.8479 0
      vertex 1.01076 20.374 5
      vertex 0.758713 20.8115 0
    endloop
  endfacet
  facet normal 0.26951 -0.957857 -0.0993694
    outer loop
      vertex 1.05874 20.3875 5
      vertex 1.01076 20.374 5
      vertex 0.851513 20.8479 0
    endloop
  endfacet
  facet normal 0.172671 -0.979954 -0.0993683
    outer loop
      vertex 1.04566 20.8922 0
      vertex 1.05874 20.3875 5
      vertex 0.947478 20.8749 0
    endloop
  endfacet
  facet normal 0.990105 -0.0990704 -0.0993807
    outer loop
      vertex 0.181169 20.049 0
      vertex 0.675584 19.9745 5
      vertex 0.171243 19.9498 0
    endloop
  endfacet
  facet normal 0 0 -1
    outer loop
      vertex 1.48174 19.5091 5
      vertex 1.525 19.5484 5
      vertex 1.51912 19.5421 5
    endloop
  endfacet
  facet normal -0 0 -1
    outer loop
      vertex 1.525 19.5484 5
      vertex 1.48174 19.5091 5
      vertex 1.525 20.2516 5
    endloop
  endfacet
  facet normal 0 0 -1
    outer loop
      vertex 1.48174 20.2909 5
      vertex 1.525 20.2516 5
      vertex 1.48174 19.5091 5
    endloop
  endfacet
  facet normal 0 0 -1
    outer loop
      vertex 1.525 20.2516 5
      vertex 1.48174 20.2909 5
      vertex 1.51912 20.2579 5
    endloop
  endfacet
  facet normal 0 0 -1
    outer loop
      vertex 1.44127 19.48 5
      vertex 1.48174 20.2909 5
      vertex 1.48174 19.5091 5
    endloop
  endfacet
  facet normal 0 0 -1
    outer loop
      vertex 1.44127 19.48 5
      vertex 1.44127 20.32 5
      vertex 1.48174 20.2909 5
    endloop
  endfacet
  facet normal 0 0 -1
    outer loop
      vertex 1.3981 19.4551 5
      vertex 1.44127 20.32 5
      vertex 1.44127 19.48 5
    endloop
  endfacet
  facet normal 0 0 -1
    outer loop
      vertex 1.3981 19.4551 5
      vertex 1.3981 20.3449 5
      vertex 1.44127 20.32 5
    endloop
  endfacet
  facet normal 0 0 -1
    outer loop
      vertex 1.35267 19.4346 5
      vertex 1.3981 20.3449 5
      vertex 1.3981 19.4551 5
    endloop
  endfacet
  facet normal 0 0 -1
    outer loop
      vertex 1.35267 19.4346 5
      vertex 1.35267 20.3654 5
      vertex 1.3981 20.3449 5
    endloop
  endfacet
  facet normal 0 0 -1
    outer loop
      vertex 1.30542 19.4187 5
      vertex 1.35267 20.3654 5
      vertex 1.35267 19.4346 5
    endloop
  endfacet
  facet normal 0 0 -1
    outer loop
      vertex 1.30542 19.4187 5
      vertex 1.30542 20.3813 5
      vertex 1.35267 20.3654 5
    endloop
  endfacet
  facet normal 0 0 -1
    outer loop
      vertex 1.25682 19.4076 5
      vertex 1.30542 20.3813 5
      vertex 1.30542 19.4187 5
    endloop
  endfacet
  facet normal 0 0 -1
    outer loop
      vertex 1.25682 19.4076 5
      vertex 1.25682 20.3924 5
      vertex 1.30542 20.3813 5
    endloop
  endfacet
  facet normal 0 0 -1
    outer loop
      vertex 1.20737 19.4014 5
      vertex 1.25682 20.3924 5
      vertex 1.25682 19.4076 5
    endloop
  endfacet
  facet normal 0 0 -1
    outer loop
      vertex 1.20737 19.4014 5
      vertex 1.20737 20.3986 5
      vertex 1.25682 20.3924 5
    endloop
  endfacet
  facet normal 0 0 -1
    outer loop
      vertex 1.15753 19.4002 5
      vertex 1.20737 20.3986 5
      vertex 1.20737 19.4014 5
    endloop
  endfacet
  facet normal 0 0 -1
    outer loop
      vertex 1.15753 19.4002 5
      vertex 1.15753 20.3998 5
      vertex 1.20737 20.3986 5
    endloop
  endfacet
  facet normal 0 0 -1
    outer loop
      vertex 1.10783 19.4039 5
      vertex 1.15753 20.3998 5
      vertex 1.15753 19.4002 5
    endloop
  endfacet
  facet normal 0 0 -1
    outer loop
      vertex 1.10783 19.4039 5
      vertex 1.10783 20.3961 5
      vertex 1.15753 20.3998 5
    endloop
  endfacet
  facet normal 0 0 -1
    outer loop
      vertex 1.05874 19.4125 5
      vertex 1.10783 20.3961 5
      vertex 1.10783 19.4039 5
    endloop
  endfacet
  facet normal 0 0 -1
    outer loop
      vertex 1.05874 19.4125 5
      vertex 1.05874 20.3875 5
      vertex 1.10783 20.3961 5
    endloop
  endfacet
  facet normal 0 0 -1
    outer loop
      vertex 1.01076 19.426 5
      vertex 1.05874 20.3875 5
      vertex 1.05874 19.4125 5
    endloop
  endfacet
  facet normal 0 0 -1
    outer loop
      vertex 1.01076 19.426 5
      vertex 1.01076 20.374 5
      vertex 1.05874 20.3875 5
    endloop
  endfacet
  facet normal 0 0 -1
    outer loop
      vertex 0.964356 19.4442 5
      vertex 1.01076 20.374 5
      vertex 1.01076 19.426 5
    endloop
  endfacet
  facet normal 0 0 -1
    outer loop
      vertex 0.964356 19.4442 5
      vertex 0.964356 20.3558 5
      vertex 1.01076 20.374 5
    endloop
  endfacet
  facet normal 0 0 -1
    outer loop
      vertex 0.919999 19.467 5
      vertex 0.964356 20.3558 5
      vertex 0.964356 19.4442 5
    endloop
  endfacet
  facet normal 0 0 -1
    outer loop
      vertex 0.919999 19.467 5
      vertex 0.919999 20.333 5
      vertex 0.964356 20.3558 5
    endloop
  endfacet
  facet normal 0 0 -1
    outer loop
      vertex 0.878128 19.494 5
      vertex 0.919999 20.333 5
      vertex 0.919999 19.467 5
    endloop
  endfacet
  facet normal 0 0 -1
    outer loop
      vertex 0.878128 19.494 5
      vertex 0.878128 20.306 5
      vertex 0.919999 20.333 5
    endloop
  endfacet
  facet normal 0 0 -1
    outer loop
      vertex 0.839156 19.5251 5
      vertex 0.878128 20.306 5
      vertex 0.878128 19.494 5
    endloop
  endfacet
  facet normal 0 0 -1
    outer loop
      vertex 0.839156 19.5251 5
      vertex 0.839156 20.2749 5
      vertex 0.878128 20.306 5
    endloop
  endfacet
  facet normal 0 0 -1
    outer loop
      vertex 0.803473 19.5599 5
      vertex 0.839156 20.2749 5
      vertex 0.839156 19.5251 5
    endloop
  endfacet
  facet normal 0 0 -1
    outer loop
      vertex 0.803473 19.5599 5
      vertex 0.803473 20.2401 5
      vertex 0.839156 20.2749 5
    endloop
  endfacet
  facet normal 0 0 -1
    outer loop
      vertex 0.771433 19.5981 5
      vertex 0.803473 20.2401 5
      vertex 0.803473 19.5599 5
    endloop
  endfacet
  facet normal 0 0 -1
    outer loop
      vertex 0.771433 19.5981 5
      vertex 0.771433 20.2019 5
      vertex 0.803473 20.2401 5
    endloop
  endfacet
  facet normal 0 0 -1
    outer loop
      vertex 0.743354 19.6393 5
      vertex 0.771433 20.2019 5
      vertex 0.771433 19.5981 5
    endloop
  endfacet
  facet normal 0 0 -1
    outer loop
      vertex 0.743354 19.6393 5
      vertex 0.743354 20.1607 5
      vertex 0.771433 20.2019 5
    endloop
  endfacet
  facet normal 0 0 -1
    outer loop
      vertex 0.719515 19.6831 5
      vertex 0.743354 20.1607 5
      vertex 0.743354 19.6393 5
    endloop
  endfacet
  facet normal 0 0 -1
    outer loop
      vertex 0.719515 19.6831 5
      vertex 0.719515 20.1169 5
      vertex 0.743354 20.1607 5
    endloop
  endfacet
  facet normal 0 0 -1
    outer loop
      vertex 0.700153 19.729 5
      vertex 0.719515 20.1169 5
      vertex 0.719515 19.6831 5
    endloop
  endfacet
  facet normal 0 0 -1
    outer loop
      vertex 0.700153 19.729 5
      vertex 0.700153 20.071 5
      vertex 0.719515 20.1169 5
    endloop
  endfacet
  facet normal 0 0 -1
    outer loop
      vertex 0.685461 19.7766 5
      vertex 0.700153 20.071 5
      vertex 0.700153 19.729 5
    endloop
  endfacet
  facet normal 0 0 -1
    outer loop
      vertex 0.685461 19.7766 5
      vertex 0.685461 20.0234 5
      vertex 0.700153 20.071 5
    endloop
  endfacet
  facet normal 0 0 -1
    outer loop
      vertex 0.675584 19.8255 5
      vertex 0.685461 20.0234 5
      vertex 0.685461 19.7766 5
    endloop
  endfacet
  facet normal 0 0 -1
    outer loop
      vertex 0.675584 19.8255 5
      vertex 0.675584 19.9745 5
      vertex 0.685461 20.0234 5
    endloop
  endfacet
  facet normal 0 0 -1
    outer loop
      vertex 0.670621 19.8751 5
      vertex 0.675584 19.9745 5
      vertex 0.675584 19.8255 5
    endloop
  endfacet
  facet normal 0 0 -1
    outer loop
      vertex 0.675584 19.9745 5
      vertex 0.670621 19.8751 5
      vertex 0.670621 19.9249 5
    endloop
  endfacet
  facet normal 0.975354 0.196996 -0.0993812
    outer loop
      vertex 0.675584 19.8255 5
      vertex 0.200922 19.6532 0
      vertex 0.181169 19.751 0
    endloop
  endfacet
  facet normal 0.873756 -0.476102 -0.0993807
    outer loop
      vertex 0.743354 20.1607 5
      vertex 0.269031 20.3339 0
      vertex 0.316709 20.4214 0
    endloop
  endfacet
  facet normal 0.873984 -0.475683 -0.0993878
    outer loop
      vertex 0.269031 20.3339 0
      vertex 0.743354 20.1607 5
      vertex 0.719515 20.1169 5
    endloop
  endfacet
  facet normal 0.762381 -0.639452 -0.0993818
    outer loop
      vertex 0.803473 20.2401 5
      vertex 0.372867 20.5038 0
      vertex 0.436948 20.5802 0
    endloop
  endfacet
  facet normal 0.762386 -0.639446 -0.099382
    outer loop
      vertex 0.372867 20.5038 0
      vertex 0.803473 20.2401 5
      vertex 0.771433 20.2019 5
    endloop
  endfacet
  facet normal -0.123789 0.987319 -0.0993809
    outer loop
      vertex 1.25682 19.4076 5
      vertex 1.34365 18.9152 0
      vertex 1.20737 19.4014 5
    endloop
  endfacet
  facet normal 0.620658 0.777759 -0.099369
    outer loop
      vertex 0.839156 19.5251 5
      vertex 0.878128 19.494 5
      vertex 0.586256 19.0881 0
    endloop
  endfacet
  facet normal 0.363348 0.926339 -0.0993705
    outer loop
      vertex 0.964356 19.4442 5
      vertex 0.851513 18.9521 0
      vertex 0.758713 18.9885 0
    endloop
  endfacet
  facet normal 0.539952 0.835808 -0.0993786
    outer loop
      vertex 0.919999 19.467 5
      vertex 0.669999 19.034 0
      vertex 0.586256 19.0881 0
    endloop
  endfacet
  facet normal 0.620057 0.778237 -0.0993804
    outer loop
      vertex 0.839156 19.5251 5
      vertex 0.586256 19.0881 0
      vertex 0.508314 19.1502 0
    endloop
  endfacet
  facet normal -0.0239509 -0.99476 -0.0993964
    outer loop
      vertex 1.14507 20.8997 0
      vertex 1.20737 20.3986 5
      vertex 1.15753 20.3998 5
    endloop
  endfacet
  facet normal -0.0249533 -0.994736 -0.0993816
    outer loop
      vertex 1.20737 20.3986 5
      vertex 1.14507 20.8997 0
      vertex 1.24473 20.8972 0
    endloop
  endfacet
  facet normal -0.123765 -0.987323 -0.0993806
    outer loop
      vertex 1.24473 20.8972 0
      vertex 1.34365 20.8848 0
      vertex 1.20737 20.3986 5
    endloop
  endfacet
  facet normal 0.0748589 -0.99223 -0.0993798
    outer loop
      vertex 1.14507 20.8997 0
      vertex 1.10783 20.3961 5
      vertex 1.04566 20.8922 0
    endloop
  endfacet
  facet normal 0.0738736 -0.992302 -0.0993945
    outer loop
      vertex 1.10783 20.3961 5
      vertex 1.14507 20.8997 0
      vertex 1.15753 20.3998 5
    endloop
  endfacet
  facet normal -0.317356 -0.943085 -0.0993766
    outer loop
      vertex 1.44084 20.8626 0
      vertex 1.35267 20.3654 5
      vertex 1.30542 20.3813 5
    endloop
  endfacet
  facet normal -0.221581 -0.970065 -0.0993799
    outer loop
      vertex 1.34365 20.8848 0
      vertex 1.44084 20.8626 0
      vertex 1.25682 20.3924 5
    endloop
  endfacet
  facet normal -0.658504 -0.745905 -0.0999884
    outer loop
      vertex 1.48174 20.2909 5
      vertex 1.525 20.264 4.91577
      vertex 1.51912 20.2579 5
    endloop
  endfacet
  facet normal -0.657819 -0.746586 -0.0994191
    outer loop
      vertex 1.525 20.264 4.91577
      vertex 1.48174 20.2909 5
      vertex 1.525 20.3273 4.44042
    endloop
  endfacet
  facet normal -0.659989 -0.744667 -0.0994207
    outer loop
      vertex 1.86824 20.6159 0
      vertex 1.81238 20.5586 0.799999
      vertex 1.8064 20.5639 0.799999
    endloop
  endfacet
  facet normal -0.658329 -0.746146 -0.0993396
    outer loop
      vertex 1.79349 20.6818 0
      vertex 1.8064 20.5639 0.799999
      vertex 1.74361 20.6193 0.799999
    endloop
  endfacet
  facet normal -0.658032 -0.746402 -0.0993822
    outer loop
      vertex 1.8064 20.5639 0.799999
      vertex 1.79349 20.6818 0
      vertex 1.86824 20.6159 0
    endloop
  endfacet
  facet normal -0.659161 -0.745398 -0.0994456
    outer loop
      vertex 1.525 20.3452 4.30625
      vertex 1.525 20.3273 4.44042
      vertex 1.48174 20.2909 5
    endloop
  endfacet
  facet normal -0.497163 -0.861949 -0.0993611
    outer loop
      vertex 1.3981 20.3449 5
      vertex 1.525 20.4496 3.45678
      vertex 1.44127 20.32 5
    endloop
  endfacet
  facet normal -0.498715 -0.861045 -0.0994274
    outer loop
      vertex 1.525 20.4496 3.45678
      vertex 1.3981 20.3449 5
      vertex 1.525 20.5044 2.98221
    endloop
  endfacet
  facet normal -0.498506 -0.86117 -0.0993886
    outer loop
      vertex 1.71255 20.74 0
      vertex 1.66914 20.6728 0.799999
      vertex 1.66223 20.6768 0.799999
    endloop
  endfacet
  facet normal -0.983917 -0.148437 -0.0993679
    outer loop
      vertex 2.16503 19.9996 0
      vertex 2.07176 20.0823 0.799999
      vertex 2.15017 20.0981 0
    endloop
  endfacet
  facet normal -0.983935 -0.148303 -0.0993838
    outer loop
      vertex 2.07176 20.0823 0.799999
      vertex 2.16503 19.9996 0
      vertex 2.08424 19.9995 0.799999
    endloop
  endfacet
  facet normal -0.964002 -0.246634 -0.0993554
    outer loop
      vertex 2.15017 20.0981 0
      vertex 2.07176 20.0823 0.799999
      vertex 2.06979 20.09 0.799999
    endloop
  endfacet
  facet normal -0.896864 -0.430993 -0.099401
    outer loop
      vertex 2.04822 20.3783 0
      vertex 1.98142 20.3328 0.799999
      vertex 1.97796 20.34 0.799999
    endloop
  endfacet
  facet normal -0.852162 -0.513767 -0.0993095
    outer loop
      vertex 1.99624 20.4633 0
      vertex 1.9343 20.4114 0.799999
      vertex 1.93014 20.4183 0.799999
    endloop
  endfacet
  facet normal -0.790289 -0.604634 -0.0993084
    outer loop
      vertex 1.99624 20.4633 0
      vertex 1.93014 20.4183 0.799999
      vertex 1.92532 20.4246 0.799999
    endloop
  endfacet
  facet normal -0.658032 0.746402 -0.0993822
    outer loop
      vertex 1.79349 19.1182 0
      vertex 1.8064 19.2361 0.799999
      vertex 1.86824 19.1841 0
    endloop
  endfacet
  facet normal -0.658329 0.746146 -0.0993396
    outer loop
      vertex 1.8064 19.2361 0.799999
      vertex 1.79349 19.1182 0
      vertex 1.74361 19.1807 0.799999
    endloop
  endfacet
  facet normal -0.659161 0.745398 -0.0994456
    outer loop
      vertex 1.525 19.4727 4.44042
      vertex 1.525 19.4548 4.30625
      vertex 1.48174 19.5091 5
    endloop
  endfacet
  facet normal -0.575994 0.8114 -0.099304
    outer loop
      vertex 1.74361 19.1807 0.799999
      vertex 1.79349 19.1182 0
      vertex 1.73713 19.1761 0.799999
    endloop
  endfacet
  facet normal -0.580903 0.807874 -0.0994557
    outer loop
      vertex 1.525 19.4548 4.30625
      vertex 1.44127 19.48 5
      vertex 1.48174 19.5091 5
    endloop
  endfacet
  facet normal -0.57987 0.808628 -0.0993585
    outer loop
      vertex 1.44127 19.48 5
      vertex 1.525 19.4548 4.30625
      vertex 1.525 19.394 3.81143
    endloop
  endfacet
  facet normal -0.580906 0.807879 -0.0993952
    outer loop
      vertex 1.71255 19.06 0
      vertex 1.73713 19.1761 0.799999
      vertex 1.79349 19.1182 0
    endloop
  endfacet
  facet normal -0.580999 0.807814 -0.0993829
    outer loop
      vertex 1.73713 19.1761 0.799999
      vertex 1.71255 19.06 0
      vertex 1.66914 19.1272 0.799999
    endloop
  endfacet
  facet normal -0.580363 0.808273 -0.0993675
    outer loop
      vertex 1.525 19.394 3.81143
      vertex 1.525 19.3504 3.45678
      vertex 1.44127 19.48 5
    endloop
  endfacet
  facet normal -0.727022 0.67939 -0.0993408
    outer loop
      vertex 1.87476 19.3086 0.799999
      vertex 1.93604 19.2572 0
      vertex 1.86934 19.3028 0.799999
    endloop
  endfacet
  facet normal -0.727383 0.678891 -0.100106
    outer loop
      vertex 1.525 19.5484 5
      vertex 1.525 19.538 4.92947
      vertex 1.51912 19.5421 5
    endloop
  endfacet
  facet normal -0.793409 0.60052 -0.099386
    outer loop
      vertex 1.99624 19.3367 0
      vertex 1.87476 19.3086 0.799999
      vertex 1.92532 19.3754 0.799999
    endloop
  endfacet
  facet normal -0.793279 0.600697 -0.09936
    outer loop
      vertex 1.87476 19.3086 0.799999
      vertex 1.99624 19.3367 0
      vertex 1.93604 19.2572 0
    endloop
  endfacet
  facet normal -0.964326 0.245357 -0.099375
    outer loop
      vertex 2.15017 19.7019 0
      vertex 2.04913 19.6288 0.799999
      vertex 2.06979 19.71 0.799999
    endloop
  endfacet
  facet normal -0.964334 0.245322 -0.0993793
    outer loop
      vertex 2.04913 19.6288 0.799999
      vertex 2.15017 19.7019 0
      vertex 2.12557 19.6052 0
    endloop
  endfacet
  facet normal -0.935057 0.34028 -0.0993831
    outer loop
      vertex 2.12557 19.6052 0
      vertex 2.02049 19.5501 0.799999
      vertex 2.04913 19.6288 0.799999
    endloop
  endfacet
  facet normal -0.934971 0.340525 -0.0993549
    outer loop
      vertex 2.02049 19.5501 0.799999
      vertex 2.12557 19.6052 0
      vertex 2.09148 19.5116 0
    endloop
  endfacet
  facet normal -0.964002 0.246634 -0.0993554
    outer loop
      vertex 2.07176 19.7177 0.799999
      vertex 2.15017 19.7019 0
      vertex 2.06979 19.71 0.799999
    endloop
  endfacet
  facet normal 0.539253 -0.836261 -0.0993662
    outer loop
      vertex 0.919999 20.333 5
      vertex 0.878128 20.306 5
      vertex 0.586256 20.7119 0
    endloop
  endfacet
  facet normal 0.363321 -0.926349 -0.0993704
    outer loop
      vertex 1.01076 20.374 5
      vertex 0.964356 20.3558 5
      vertex 0.758713 20.8115 0
    endloop
  endfacet
  facet normal 0.269497 -0.957861 -0.0993692
    outer loop
      vertex 0.947478 20.8749 0
      vertex 1.05874 20.3875 5
      vertex 0.851513 20.8479 0
    endloop
  endfacet
  facet normal 0.975352 -0.197005 -0.0993813
    outer loop
      vertex 0.685461 20.0234 5
      vertex 0.675584 19.9745 5
      vertex 0.200922 20.1468 0
    endloop
  endfacet
  facet normal 0.990105 -0.0990704 -0.0993807
    outer loop
      vertex 0.675584 19.9745 5
      vertex 0.670621 19.9249 5
      vertex 0.171243 19.9498 0
    endloop
  endfacet
  facet normal 0.975352 0.197005 -0.0993813
    outer loop
      vertex 0.675584 19.8255 5
      vertex 0.685461 19.7766 5
      vertex 0.200922 19.6532 0
    endloop
  endfacet
  facet normal 0.95079 0.293466 -0.0993817
    outer loop
      vertex 0.700153 19.729 5
      vertex 0.200922 19.6532 0
      vertex 0.685461 19.7766 5
    endloop
  endfacet
  facet normal 0.950787 0.293476 -0.0993815
    outer loop
      vertex 0.200922 19.6532 0
      vertex 0.700153 19.729 5
      vertex 0.230307 19.558 0
    endloop
  endfacet
  facet normal 0.694737 0.712365 -0.0993827
    outer loop
      vertex 0.803473 19.5599 5
      vertex 0.508314 19.1502 0
      vertex 0.436948 19.2198 0
    endloop
  endfacet
  facet normal 0.822248 0.560386 -0.0993801
    outer loop
      vertex 0.771433 19.5981 5
      vertex 0.372867 19.2962 0
      vertex 0.316709 19.3786 0
    endloop
  endfacet
  facet normal 0.873985 0.475683 -0.0993784
    outer loop
      vertex 0.719515 19.6831 5
      vertex 0.743354 19.6393 5
      vertex 0.316709 19.3786 0
    endloop
  endfacet
  facet normal 0.916968 -0.386384 -0.0993849
    outer loop
      vertex 0.269031 20.3339 0
      vertex 0.719515 20.1169 5
      vertex 0.230307 20.242 0
    endloop
  endfacet
  facet normal 0.0738736 0.992302 -0.0993945
    outer loop
      vertex 1.14507 18.9003 0
      vertex 1.10783 19.4039 5
      vertex 1.15753 19.4002 5
    endloop
  endfacet
  facet normal 0.0748589 0.99223 -0.0993798
    outer loop
      vertex 1.10783 19.4039 5
      vertex 1.14507 18.9003 0
      vertex 1.04566 18.9078 0
    endloop
  endfacet
  facet normal 0.172671 0.979954 -0.0993683
    outer loop
      vertex 1.05874 19.4125 5
      vertex 1.04566 18.9078 0
      vertex 0.947478 18.9251 0
    endloop
  endfacet
  facet normal 0.171706 0.980122 -0.0993827
    outer loop
      vertex 1.05874 19.4125 5
      vertex 1.10783 19.4039 5
      vertex 1.04566 18.9078 0
    endloop
  endfacet
  facet normal -0.221581 0.970065 -0.0993799
    outer loop
      vertex 1.44084 18.9374 0
      vertex 1.34365 18.9152 0
      vertex 1.25682 19.4076 5
    endloop
  endfacet
  facet normal 0.454892 0.884984 -0.0993842
    outer loop
      vertex 0.919999 19.467 5
      vertex 0.964356 19.4442 5
      vertex 0.669999 19.034 0
    endloop
  endfacet
  facet normal 0.454103 0.88539 -0.0993711
    outer loop
      vertex 0.964356 19.4442 5
      vertex 0.758713 18.9885 0
      vertex 0.669999 19.034 0
    endloop
  endfacet
  facet normal 0.171706 -0.980122 -0.0993827
    outer loop
      vertex 1.10783 20.3961 5
      vertex 1.05874 20.3875 5
      vertex 1.04566 20.8922 0
    endloop
  endfacet
  facet normal -0.221559 -0.97007 -0.0993796
    outer loop
      vertex 1.44084 20.8626 0
      vertex 1.30542 20.3813 5
      vertex 1.25682 20.3924 5
    endloop
  endfacet
  facet normal -0.580905 -0.807878 -0.0994102
    outer loop
      vertex 1.44127 20.32 5
      vertex 1.525 20.3751 4.06294
      vertex 1.48174 20.2909 5
    endloop
  endfacet
  facet normal -0.580036 -0.808507 -0.0993695
    outer loop
      vertex 1.525 20.3751 4.06294
      vertex 1.44127 20.32 5
      vertex 1.525 20.4496 3.45678
    endloop
  endfacet
  facet normal -0.575988 -0.811391 -0.0994115
    outer loop
      vertex 1.71255 20.74 0
      vertex 1.67562 20.6682 0.799999
      vertex 1.66914 20.6728 0.799999
    endloop
  endfacet
  facet normal -0.497162 0.861947 -0.0993809
    outer loop
      vertex 1.525 19.2673 2.73635
      vertex 1.3981 19.4551 5
      vertex 1.44127 19.48 5
    endloop
  endfacet
  facet normal -0.499226 0.860752 -0.0993974
    outer loop
      vertex 1.3981 19.4551 5
      vertex 1.525 19.2673 2.73635
      vertex 1.525 19.2075 2.2185
    endloop
  endfacet
  facet normal -0.498506 0.86117 -0.0993886
    outer loop
      vertex 1.59662 19.0853 0.799999
      vertex 1.62621 19.0101 0
      vertex 1.58971 19.0813 0.799999
    endloop
  endfacet
  facet normal -0.790289 0.604634 -0.0993084
    outer loop
      vertex 1.93014 19.3817 0.799999
      vertex 1.99624 19.3367 0
      vertex 1.92532 19.3754 0.799999
    endloop
  endfacet
  facet normal -0.658504 0.745905 -0.0999884
    outer loop
      vertex 1.525 19.536 4.91577
      vertex 1.48174 19.5091 5
      vertex 1.51912 19.5421 5
    endloop
  endfacet
  facet normal -0.657819 0.746586 -0.0994191
    outer loop
      vertex 1.48174 19.5091 5
      vertex 1.525 19.536 4.91577
      vertex 1.525 19.4727 4.44042
    endloop
  endfacet
  facet normal -0.659989 0.744667 -0.0994207
    outer loop
      vertex 1.81238 19.2414 0.799999
      vertex 1.86824 19.1841 0
      vertex 1.8064 19.2361 0.799999
    endloop
  endfacet
  facet normal -0.729486 0.676735 -0.0993949
    outer loop
      vertex 1.93604 19.2572 0
      vertex 1.81238 19.2414 0.799999
      vertex 1.86934 19.3028 0.799999
    endloop
  endfacet
  facet normal -0.729555 0.67666 -0.099407
    outer loop
      vertex 1.81238 19.2414 0.799999
      vertex 1.93604 19.2572 0
      vertex 1.86824 19.1841 0
    endloop
  endfacet
  facet normal -0.721746 0.684898 -0.0999851
    outer loop
      vertex 1.525 19.538 4.92947
      vertex 1.525 19.536 4.91577
      vertex 1.51912 19.5421 5
    endloop
  endfacet
  facet normal -0.983949 0.148215 -0.0993852
    outer loop
      vertex 2.08543 19.8084 0.799999
      vertex 2.16503 19.8004 0
      vertex 2.08424 19.8005 0.799999
    endloop
  endfacet
  facet normal 0.916968 0.386384 -0.0993849
    outer loop
      vertex 0.719515 19.6831 5
      vertex 0.269031 19.4661 0
      vertex 0.230307 19.558 0
    endloop
  endfacet
  facet normal 0.762386 0.639446 -0.099382
    outer loop
      vertex 0.803473 19.5599 5
      vertex 0.372867 19.2962 0
      vertex 0.771433 19.5981 5
    endloop
  endfacet
  facet normal 0.762381 0.639452 -0.0993818
    outer loop
      vertex 0.372867 19.2962 0
      vertex 0.803473 19.5599 5
      vertex 0.436948 19.2198 0
    endloop
  endfacet
  facet normal 0.822248 0.560386 -0.0993801
    outer loop
      vertex 0.743354 19.6393 5
      vertex 0.771433 19.5981 5
      vertex 0.316709 19.3786 0
    endloop
  endfacet
  facet normal -0.0239509 0.994762 -0.0993766
    outer loop
      vertex 1.24473 18.9028 0
      vertex 1.15753 19.4002 5
      vertex 1.20737 19.4014 5
    endloop
  endfacet
  facet normal -0.0249532 0.994735 -0.0993915
    outer loop
      vertex 1.15753 19.4002 5
      vertex 1.24473 18.9028 0
      vertex 1.14507 18.9003 0
    endloop
  endfacet
  facet normal 0.26951 0.957857 -0.0993694
    outer loop
      vertex 1.01076 19.426 5
      vertex 1.05874 19.4125 5
      vertex 0.851513 18.9521 0
    endloop
  endfacet
  facet normal -0.221559 0.97007 -0.0993796
    outer loop
      vertex 1.30542 19.4187 5
      vertex 1.44084 18.9374 0
      vertex 1.25682 19.4076 5
    endloop
  endfacet
  facet normal -0.317356 0.943085 -0.0993766
    outer loop
      vertex 1.35267 19.4346 5
      vertex 1.44084 18.9374 0
      vertex 1.30542 19.4187 5
    endloop
  endfacet
  facet normal 0.539253 0.836261 -0.0993662
    outer loop
      vertex 0.878128 19.494 5
      vertex 0.919999 19.467 5
      vertex 0.586256 19.0881 0
    endloop
  endfacet
  facet normal 0.873756 0.476102 -0.0993854
    outer loop
      vertex 0.719515 19.6831 5
      vertex 0.316709 19.3786 0
      vertex 0.269031 19.4661 0
    endloop
  endfacet
  facet normal 0.363321 0.926349 -0.099371
    outer loop
      vertex 0.964356 19.4442 5
      vertex 1.01076 19.426 5
      vertex 0.851513 18.9521 0
    endloop
  endfacet
  facet normal -0.983917 -0.148437 -0.0993679
    outer loop
      vertex 2.16503 27.9996 0
      vertex 2.07176 28.0823 0.799999
      vertex 2.15017 28.0981 0
    endloop
  endfacet
  facet normal -0.983935 -0.148303 -0.0993838
    outer loop
      vertex 2.07176 28.0823 0.799999
      vertex 2.16503 27.9996 0
      vertex 2.08424 27.9995 0.799999
    endloop
  endfacet
  facet normal -0.123765 0.987323 -0.0993806
    outer loop
      vertex 1.34365 26.9152 0
      vertex 1.24473 26.9028 0
      vertex 1.20737 27.4014 5
    endloop
  endfacet
  facet normal 0.454892 -0.884985 -0.0993667
    outer loop
      vertex 0.964356 28.3558 5
      vertex 0.919999 28.333 5
      vertex 0.758713 28.8115 0
    endloop
  endfacet
  facet normal -0.727383 -0.678891 -0.100106
    outer loop
      vertex 1.525 28.262 4.92947
      vertex 1.525 28.2516 5
      vertex 1.51912 28.2579 5
    endloop
  endfacet
  facet normal -0.727022 -0.67939 -0.0993408
    outer loop
      vertex 1.93604 28.5428 0
      vertex 1.87476 28.4914 0.799999
      vertex 1.86934 28.4972 0.799999
    endloop
  endfacet
  facet normal -0.964002 0.246634 -0.0993554
    outer loop
      vertex 2.07176 27.7177 0.799999
      vertex 2.15017 27.7019 0
      vertex 2.06979 27.71 0.799999
    endloop
  endfacet
  facet normal 0.762381 -0.639452 -0.0993818
    outer loop
      vertex 0.803473 28.2401 5
      vertex 0.372867 28.5038 0
      vertex 0.436948 28.5802 0
    endloop
  endfacet
  facet normal 0.762386 -0.639446 -0.099382
    outer loop
      vertex 0.372867 28.5038 0
      vertex 0.803473 28.2401 5
      vertex 0.771433 28.2019 5
    endloop
  endfacet
  facet normal 0.995049 0 -0.0993812
    outer loop
      vertex 0.670621 27.8751 5
      vertex 0.171243 27.9498 0
      vertex 0.670621 27.9249 5
    endloop
  endfacet
  facet normal 0.995049 0 -0.0993812
    outer loop
      vertex 0.171243 27.9498 0
      vertex 0.670621 27.8751 5
      vertex 0.171243 27.8502 0
    endloop
  endfacet
  facet normal 0.0738736 0.992302 -0.0993945
    outer loop
      vertex 1.14507 26.9003 0
      vertex 1.10783 27.4039 5
      vertex 1.15753 27.4002 5
    endloop
  endfacet
  facet normal 0.0748589 0.99223 -0.0993798
    outer loop
      vertex 1.10783 27.4039 5
      vertex 1.14507 26.9003 0
      vertex 1.04566 26.9078 0
    endloop
  endfacet
  facet normal -0.896637 -0.431463 -0.0994088
    outer loop
      vertex 2.09148 28.2884 0
      vertex 1.98142 28.3328 0.799999
      vertex 2.04822 28.3783 0
    endloop
  endfacet
  facet normal -0.896376 -0.43202 -0.0993419
    outer loop
      vertex 1.98142 28.3328 0.799999
      vertex 2.09148 28.2884 0
      vertex 2.01776 28.2574 0.799999
    endloop
  endfacet
  facet normal -0.852162 -0.513767 -0.0993095
    outer loop
      vertex 1.99624 28.4633 0
      vertex 1.9343 28.4114 0.799999
      vertex 1.93014 28.4183 0.799999
    endloop
  endfacet
  facet normal -0.659989 0.744667 -0.0994207
    outer loop
      vertex 1.81238 27.2414 0.799999
      vertex 1.86824 27.1841 0
      vertex 1.8064 27.2361 0.799999
    endloop
  endfacet
  facet normal -0.658504 0.745905 -0.0999884
    outer loop
      vertex 1.525 27.536 4.91577
      vertex 1.48174 27.5091 5
      vertex 1.51912 27.5421 5
    endloop
  endfacet
  facet normal -0.657819 0.746586 -0.0994191
    outer loop
      vertex 1.48174 27.5091 5
      vertex 1.525 27.536 4.91577
      vertex 1.525 27.4727 4.44042
    endloop
  endfacet
  facet normal -0.983935 0.148303 -0.0993838
    outer loop
      vertex 2.16503 27.8004 0
      vertex 2.07176 27.7177 0.799999
      vertex 2.08424 27.8005 0.799999
    endloop
  endfacet
  facet normal -0.983917 0.148437 -0.0993679
    outer loop
      vertex 2.07176 27.7177 0.799999
      vertex 2.16503 27.8004 0
      vertex 2.15017 27.7019 0
    endloop
  endfacet
  facet normal 0.822248 -0.560386 -0.0993801
    outer loop
      vertex 0.372867 28.5038 0
      vertex 0.743354 28.1607 5
      vertex 0.316709 28.4214 0
    endloop
  endfacet
  facet normal 0.950787 -0.293476 -0.0993815
    outer loop
      vertex 0.700153 28.071 5
      vertex 0.200922 28.1468 0
      vertex 0.230307 28.242 0
    endloop
  endfacet
  facet normal 0.95079 -0.293466 -0.0993817
    outer loop
      vertex 0.200922 28.1468 0
      vertex 0.700153 28.071 5
      vertex 0.685461 28.0234 5
    endloop
  endfacet
  facet normal -0.848898 -0.519126 -0.0994043
    outer loop
      vertex 2.04822 28.3783 0
      vertex 1.9343 28.4114 0.799999
      vertex 1.99624 28.4633 0
    endloop
  endfacet
  facet normal -0.848914 -0.519098 -0.0994078
    outer loop
      vertex 1.9343 28.4114 0.799999
      vertex 2.04822 28.3783 0
      vertex 1.97796 28.34 0.799999
    endloop
  endfacet
  facet normal -0.964002 -0.246634 -0.0993554
    outer loop
      vertex 2.15017 28.0981 0
      vertex 2.07176 28.0823 0.799999
      vertex 2.06979 28.09 0.799999
    endloop
  endfacet
  facet normal -0.316458 0.943385 -0.0993907
    outer loop
      vertex 1.53534 26.9691 0
      vertex 1.44084 26.9374 0
      vertex 1.35267 27.4346 5
    endloop
  endfacet
  facet normal -0.935057 0.34028 -0.0993831
    outer loop
      vertex 2.12557 27.6052 0
      vertex 2.02049 27.5501 0.799999
      vertex 2.04913 27.6288 0.799999
    endloop
  endfacet
  facet normal -0.934971 0.340525 -0.0993549
    outer loop
      vertex 2.02049 27.5501 0.799999
      vertex 2.12557 27.6052 0
      vertex 2.09148 27.5116 0
    endloop
  endfacet
  facet normal -0.993814 0.0495718 -0.0993815
    outer loop
      vertex 2.17 27.9 0
      vertex 2.08583 27.8164 0.799999
      vertex 2.09 27.9 0.799999
    endloop
  endfacet
  facet normal -0.993813 0.0495909 -0.0993794
    outer loop
      vertex 2.08583 27.8164 0.799999
      vertex 2.17 27.9 0
      vertex 2.16503 27.8004 0
    endloop
  endfacet
  facet normal 0.873756 -0.476102 -0.0993807
    outer loop
      vertex 0.743354 28.1607 5
      vertex 0.269031 28.3339 0
      vertex 0.316709 28.4214 0
    endloop
  endfacet
  facet normal 0.873984 -0.475683 -0.0993878
    outer loop
      vertex 0.269031 28.3339 0
      vertex 0.743354 28.1607 5
      vertex 0.719515 28.1169 5
    endloop
  endfacet
  facet normal 0.620057 -0.778237 -0.0993804
    outer loop
      vertex 0.586256 28.7119 0
      vertex 0.839156 28.2749 5
      vertex 0.508314 28.6498 0
    endloop
  endfacet
  facet normal 0.363348 -0.926339 -0.0993708
    outer loop
      vertex 0.851513 28.8479 0
      vertex 1.01076 28.374 5
      vertex 0.758713 28.8115 0
    endloop
  endfacet
  facet normal 0.916968 0.386384 -0.0993849
    outer loop
      vertex 0.719515 27.6831 5
      vertex 0.269031 27.4661 0
      vertex 0.230307 27.558 0
    endloop
  endfacet
  facet normal 0.95079 0.293466 -0.0993817
    outer loop
      vertex 0.700153 27.729 5
      vertex 0.200922 27.6532 0
      vertex 0.685461 27.7766 5
    endloop
  endfacet
  facet normal 0.950787 0.293476 -0.0993815
    outer loop
      vertex 0.200922 27.6532 0
      vertex 0.700153 27.729 5
      vertex 0.230307 27.558 0
    endloop
  endfacet
  facet normal 0.454892 0.884984 -0.0993842
    outer loop
      vertex 0.919999 27.467 5
      vertex 0.964356 27.4442 5
      vertex 0.669999 27.034 0
    endloop
  endfacet
  facet normal -0.316458 -0.943385 -0.0993907
    outer loop
      vertex 1.44084 28.8626 0
      vertex 1.53534 28.8309 0
      vertex 1.35267 28.3654 5
    endloop
  endfacet
  facet normal -0.123765 -0.987323 -0.0993806
    outer loop
      vertex 1.24473 28.8972 0
      vertex 1.34365 28.8848 0
      vertex 1.20737 28.3986 5
    endloop
  endfacet
  facet normal -0.221559 -0.97007 -0.0993796
    outer loop
      vertex 1.44084 28.8626 0
      vertex 1.30542 28.3813 5
      vertex 1.25682 28.3924 5
    endloop
  endfacet
  facet normal -0.40927 -0.906982 -0.0994086
    outer loop
      vertex 1.35267 28.3654 5
      vertex 1.525 28.5925 2.2185
      vertex 1.3981 28.3449 5
    endloop
  endfacet
  facet normal -0.408644 -0.907266 -0.099393
    outer loop
      vertex 1.35267 28.3654 5
      vertex 1.525 28.7479 0.799999
      vertex 1.525 28.5925 2.2185
    endloop
  endfacet
  facet normal -0.409166 -0.90703 -0.099393
    outer loop
      vertex 1.53534 28.8309 0
      vertex 1.525 28.7479 0.799999
      vertex 1.35267 28.3654 5
    endloop
  endfacet
  facet normal -0.409271 -0.906984 -0.0993895
    outer loop
      vertex 1.53534 28.8309 0
      vertex 1.58971 28.7187 0.799999
      vertex 1.525 28.7479 0.799999
    endloop
  endfacet
  facet normal -0.409233 -0.907 -0.0993944
    outer loop
      vertex 1.58971 28.7187 0.799999
      vertex 1.53534 28.8309 0
      vertex 1.62621 28.7899 0
    endloop
  endfacet
  facet normal -0.659161 -0.745398 -0.0994456
    outer loop
      vertex 1.525 28.3452 4.30625
      vertex 1.525 28.3273 4.44042
      vertex 1.48174 28.2909 5
    endloop
  endfacet
  facet normal -0.658329 -0.746146 -0.0993396
    outer loop
      vertex 1.79349 28.6818 0
      vertex 1.8064 28.5639 0.799999
      vertex 1.74361 28.6193 0.799999
    endloop
  endfacet
  facet normal -0.658032 -0.746402 -0.0993822
    outer loop
      vertex 1.8064 28.5639 0.799999
      vertex 1.79349 28.6818 0
      vertex 1.86824 28.6159 0
    endloop
  endfacet
  facet normal -0.793279 -0.600697 -0.09936
    outer loop
      vertex 1.99624 28.4633 0
      vertex 1.87476 28.4914 0.799999
      vertex 1.93604 28.5428 0
    endloop
  endfacet
  facet normal -0.793409 -0.60052 -0.099386
    outer loop
      vertex 1.87476 28.4914 0.799999
      vertex 1.99624 28.4633 0
      vertex 1.92532 28.4246 0.799999
    endloop
  endfacet
  facet normal -0.934971 -0.340525 -0.0993549
    outer loop
      vertex 2.12557 28.1948 0
      vertex 2.02049 28.2499 0.799999
      vertex 2.09148 28.2884 0
    endloop
  endfacet
  facet normal -0.935057 -0.34028 -0.0993831
    outer loop
      vertex 2.02049 28.2499 0.799999
      vertex 2.12557 28.1948 0
      vertex 2.04913 28.1712 0.799999
    endloop
  endfacet
  facet normal -0.896864 -0.430993 -0.099401
    outer loop
      vertex 2.04822 28.3783 0
      vertex 1.98142 28.3328 0.799999
      vertex 1.97796 28.34 0.799999
    endloop
  endfacet
  facet normal -0.317356 0.943085 -0.0993766
    outer loop
      vertex 1.35267 27.4346 5
      vertex 1.44084 26.9374 0
      vertex 1.30542 27.4187 5
    endloop
  endfacet
  facet normal -0.49791 0.861515 -0.0993852
    outer loop
      vertex 1.62621 27.0101 0
      vertex 1.66914 27.1272 0.799999
      vertex 1.71255 27.06 0
    endloop
  endfacet
  facet normal -0.497796 0.861579 -0.0994008
    outer loop
      vertex 1.66914 27.1272 0.799999
      vertex 1.62621 27.0101 0
      vertex 1.59662 27.0853 0.799999
    endloop
  endfacet
  facet normal -0.498031 0.861448 -0.0993661
    outer loop
      vertex 1.525 27.3504 3.45678
      vertex 1.525 27.2673 2.73635
      vertex 1.44127 27.48 5
    endloop
  endfacet
  facet normal -0.498506 0.86117 -0.0993886
    outer loop
      vertex 1.59662 27.0853 0.799999
      vertex 1.62621 27.0101 0
      vertex 1.58971 27.0813 0.799999
    endloop
  endfacet
  facet normal -0.497162 0.861947 -0.0993809
    outer loop
      vertex 1.525 27.2673 2.73635
      vertex 1.3981 27.4551 5
      vertex 1.44127 27.48 5
    endloop
  endfacet
  facet normal -0.499226 0.860752 -0.0993974
    outer loop
      vertex 1.3981 27.4551 5
      vertex 1.525 27.2673 2.73635
      vertex 1.525 27.2075 2.2185
    endloop
  endfacet
  facet normal -0.790289 0.604634 -0.0993084
    outer loop
      vertex 1.93014 27.3817 0.799999
      vertex 1.99624 27.3367 0
      vertex 1.92532 27.3754 0.799999
    endloop
  endfacet
  facet normal -0.729486 0.676735 -0.0993949
    outer loop
      vertex 1.93604 27.2572 0
      vertex 1.81238 27.2414 0.799999
      vertex 1.86934 27.3028 0.799999
    endloop
  endfacet
  facet normal -0.729555 0.67666 -0.099407
    outer loop
      vertex 1.81238 27.2414 0.799999
      vertex 1.93604 27.2572 0
      vertex 1.86824 27.1841 0
    endloop
  endfacet
  facet normal -0.721746 0.684898 -0.0999851
    outer loop
      vertex 1.525 27.538 4.92947
      vertex 1.525 27.536 4.91577
      vertex 1.51912 27.5421 5
    endloop
  endfacet
  facet normal 0.269497 -0.957861 -0.0993692
    outer loop
      vertex 0.947478 28.8749 0
      vertex 1.05874 28.3875 5
      vertex 0.851513 28.8479 0
    endloop
  endfacet
  facet normal 0.172671 -0.979954 -0.0993683
    outer loop
      vertex 1.04566 28.8922 0
      vertex 1.05874 28.3875 5
      vertex 0.947478 28.8749 0
    endloop
  endfacet
  facet normal 0.539952 -0.835808 -0.0993786
    outer loop
      vertex 0.669999 28.766 0
      vertex 0.919999 28.333 5
      vertex 0.586256 28.7119 0
    endloop
  endfacet
  facet normal 0.454102 -0.88539 -0.0993799
    outer loop
      vertex 0.758713 28.8115 0
      vertex 0.919999 28.333 5
      vertex 0.669999 28.766 0
    endloop
  endfacet
  facet normal 0.694737 -0.712365 -0.0993827
    outer loop
      vertex 0.508314 28.6498 0
      vertex 0.839156 28.2749 5
      vertex 0.436948 28.5802 0
    endloop
  endfacet
  facet normal 0.694737 -0.712365 -0.0993827
    outer loop
      vertex 0.839156 28.2749 5
      vertex 0.803473 28.2401 5
      vertex 0.436948 28.5802 0
    endloop
  endfacet
  facet normal 0.694737 0.712365 -0.0993827
    outer loop
      vertex 0.803473 27.5599 5
      vertex 0.839156 27.5251 5
      vertex 0.508314 27.1502 0
    endloop
  endfacet
  facet normal 0.975352 0.197005 -0.0993813
    outer loop
      vertex 0.675584 27.8255 5
      vertex 0.685461 27.7766 5
      vertex 0.200922 27.6532 0
    endloop
  endfacet
  facet normal 0.822248 -0.560386 -0.0993801
    outer loop
      vertex 0.771433 28.2019 5
      vertex 0.743354 28.1607 5
      vertex 0.372867 28.5038 0
    endloop
  endfacet
  facet normal 0.916968 -0.386384 -0.0993849
    outer loop
      vertex 0.269031 28.3339 0
      vertex 0.719515 28.1169 5
      vertex 0.230307 28.242 0
    endloop
  endfacet
  facet normal 0.990105 -0.0990704 -0.0993807
    outer loop
      vertex 0.181169 28.049 0
      vertex 0.675584 27.9745 5
      vertex 0.171243 27.9498 0
    endloop
  endfacet
  facet normal 0.975354 -0.196996 -0.0993812
    outer loop
      vertex 0.200922 28.1468 0
      vertex 0.675584 27.9745 5
      vertex 0.181169 28.049 0
    endloop
  endfacet
  facet normal 0.975352 -0.197005 -0.0993813
    outer loop
      vertex 0.685461 28.0234 5
      vertex 0.675584 27.9745 5
      vertex 0.200922 28.1468 0
    endloop
  endfacet
  facet normal 0.363321 0.926349 -0.099371
    outer loop
      vertex 0.964356 27.4442 5
      vertex 1.01076 27.426 5
      vertex 0.851513 26.9521 0
    endloop
  endfacet
  facet normal 0.620057 0.778237 -0.0993804
    outer loop
      vertex 0.839156 27.5251 5
      vertex 0.586256 27.0881 0
      vertex 0.508314 27.1502 0
    endloop
  endfacet
  facet normal 0.171706 -0.980122 -0.0993827
    outer loop
      vertex 1.10783 28.3961 5
      vertex 1.05874 28.3875 5
      vertex 1.04566 28.8922 0
    endloop
  endfacet
  facet normal -0.0239509 -0.99476 -0.0993964
    outer loop
      vertex 1.14507 28.8997 0
      vertex 1.20737 28.3986 5
      vertex 1.15753 28.3998 5
    endloop
  endfacet
  facet normal -0.0249533 -0.994736 -0.0993816
    outer loop
      vertex 1.20737 28.3986 5
      vertex 1.14507 28.8997 0
      vertex 1.24473 28.8972 0
    endloop
  endfacet
  facet normal -0.221581 -0.970065 -0.0993799
    outer loop
      vertex 1.34365 28.8848 0
      vertex 1.44084 28.8626 0
      vertex 1.25682 28.3924 5
    endloop
  endfacet
  facet normal -0.123789 -0.987319 -0.0993809
    outer loop
      vertex 1.34365 28.8848 0
      vertex 1.25682 28.3924 5
      vertex 1.20737 28.3986 5
    endloop
  endfacet
  facet normal -0.580905 -0.807878 -0.0994102
    outer loop
      vertex 1.44127 28.32 5
      vertex 1.525 28.3751 4.06294
      vertex 1.48174 28.2909 5
    endloop
  endfacet
  facet normal -0.580036 -0.808507 -0.0993695
    outer loop
      vertex 1.525 28.3751 4.06294
      vertex 1.44127 28.32 5
      vertex 1.525 28.4496 3.45678
    endloop
  endfacet
  facet normal -0.575988 -0.811391 -0.0994115
    outer loop
      vertex 1.71255 28.74 0
      vertex 1.67562 28.6682 0.799999
      vertex 1.66914 28.6728 0.799999
    endloop
  endfacet
  facet normal -0.497796 -0.86158 -0.0993927
    outer loop
      vertex 1.62621 28.7899 0
      vertex 1.66223 28.6768 0.799999
      vertex 1.58971 28.7187 0.799999
    endloop
  endfacet
  facet normal -0.497911 -0.861515 -0.0993784
    outer loop
      vertex 1.66223 28.6768 0.799999
      vertex 1.62621 28.7899 0
      vertex 1.71255 28.74 0
    endloop
  endfacet
  facet normal -0.497535 -0.861729 -0.0994073
    outer loop
      vertex 1.525 28.5925 2.2185
      vertex 1.525 28.5044 2.98221
      vertex 1.3981 28.3449 5
    endloop
  endfacet
  facet normal -0.721746 -0.684898 -0.0999851
    outer loop
      vertex 1.525 28.264 4.91577
      vertex 1.525 28.262 4.92947
      vertex 1.51912 28.2579 5
    endloop
  endfacet
  facet normal -0.729555 -0.67666 -0.099407
    outer loop
      vertex 1.93604 28.5428 0
      vertex 1.81238 28.5586 0.799999
      vertex 1.86824 28.6159 0
    endloop
  endfacet
  facet normal -0.729486 -0.676735 -0.0993949
    outer loop
      vertex 1.81238 28.5586 0.799999
      vertex 1.93604 28.5428 0
      vertex 1.86934 28.4972 0.799999
    endloop
  endfacet
  facet normal -0.658504 -0.745905 -0.0999884
    outer loop
      vertex 1.48174 28.2909 5
      vertex 1.525 28.264 4.91577
      vertex 1.51912 28.2579 5
    endloop
  endfacet
  facet normal -0.657819 -0.746586 -0.0994191
    outer loop
      vertex 1.525 28.264 4.91577
      vertex 1.48174 28.2909 5
      vertex 1.525 28.3273 4.44042
    endloop
  endfacet
  facet normal -0.659989 -0.744667 -0.0994207
    outer loop
      vertex 1.86824 28.6159 0
      vertex 1.81238 28.5586 0.799999
      vertex 1.8064 28.5639 0.799999
    endloop
  endfacet
  facet normal -0.579024 -0.809223 -0.0994442
    outer loop
      vertex 1.525 28.3751 4.06294
      vertex 1.525 28.3452 4.30625
      vertex 1.48174 28.2909 5
    endloop
  endfacet
  facet normal -0.581002 -0.807819 -0.0993224
    outer loop
      vertex 1.71255 28.74 0
      vertex 1.74361 28.6193 0.799999
      vertex 1.67562 28.6682 0.799999
    endloop
  endfacet
  facet normal -0.58091 -0.807884 -0.0993358
    outer loop
      vertex 1.74361 28.6193 0.799999
      vertex 1.71255 28.74 0
      vertex 1.79349 28.6818 0
    endloop
  endfacet
  facet normal -0.964334 -0.245322 -0.0993793
    outer loop
      vertex 2.15017 28.0981 0
      vertex 2.04913 28.1712 0.799999
      vertex 2.12557 28.1948 0
    endloop
  endfacet
  facet normal -0.964326 -0.245357 -0.099375
    outer loop
      vertex 2.04913 28.1712 0.799999
      vertex 2.15017 28.0981 0
      vertex 2.06979 28.09 0.799999
    endloop
  endfacet
  facet normal -0.935034 -0.340353 -0.0993522
    outer loop
      vertex 2.09148 28.2884 0
      vertex 2.02049 28.2499 0.799999
      vertex 2.01776 28.2574 0.799999
    endloop
  endfacet
  facet normal -0.993813 -0.0495909 -0.0993804
    outer loop
      vertex 2.17 27.9 0
      vertex 2.08543 27.9916 0.799999
      vertex 2.16503 27.9996 0
    endloop
  endfacet
  facet normal -0.993813 -0.0495822 -0.0993815
    outer loop
      vertex 2.08543 27.9916 0.799999
      vertex 2.17 27.9 0
      vertex 2.09 27.9 0.799999
    endloop
  endfacet
  facet normal -0.983949 -0.148215 -0.0993852
    outer loop
      vertex 2.16503 27.9996 0
      vertex 2.08543 27.9916 0.799999
      vertex 2.08424 27.9995 0.799999
    endloop
  endfacet
  facet normal -0.790289 -0.604634 -0.0993084
    outer loop
      vertex 1.99624 28.4633 0
      vertex 1.93014 28.4183 0.799999
      vertex 1.92532 28.4246 0.799999
    endloop
  endfacet
  facet normal -0.658032 0.746402 -0.0993822
    outer loop
      vertex 1.79349 27.1182 0
      vertex 1.8064 27.2361 0.799999
      vertex 1.86824 27.1841 0
    endloop
  endfacet
  facet normal -0.658329 0.746146 -0.0993396
    outer loop
      vertex 1.8064 27.2361 0.799999
      vertex 1.79349 27.1182 0
      vertex 1.74361 27.1807 0.799999
    endloop
  endfacet
  facet normal -0.659161 0.745398 -0.0994456
    outer loop
      vertex 1.525 27.4727 4.44042
      vertex 1.525 27.4548 4.30625
      vertex 1.48174 27.5091 5
    endloop
  endfacet
  facet normal -0.580906 0.807879 -0.0993952
    outer loop
      vertex 1.71255 27.06 0
      vertex 1.73713 27.1761 0.799999
      vertex 1.79349 27.1182 0
    endloop
  endfacet
  facet normal -0.580999 0.807814 -0.0993829
    outer loop
      vertex 1.73713 27.1761 0.799999
      vertex 1.71255 27.06 0
      vertex 1.66914 27.1272 0.799999
    endloop
  endfacet
  facet normal -0.580363 0.808273 -0.0993675
    outer loop
      vertex 1.525 27.394 3.81143
      vertex 1.525 27.3504 3.45678
      vertex 1.44127 27.48 5
    endloop
  endfacet
  facet normal -0.575994 0.8114 -0.099304
    outer loop
      vertex 1.74361 27.1807 0.799999
      vertex 1.79349 27.1182 0
      vertex 1.73713 27.1761 0.799999
    endloop
  endfacet
  facet normal -0.580903 0.807874 -0.0994557
    outer loop
      vertex 1.525 27.4548 4.30625
      vertex 1.44127 27.48 5
      vertex 1.48174 27.5091 5
    endloop
  endfacet
  facet normal -0.57987 0.808628 -0.0993585
    outer loop
      vertex 1.44127 27.48 5
      vertex 1.525 27.4548 4.30625
      vertex 1.525 27.394 3.81143
    endloop
  endfacet
  facet normal -0.793409 0.60052 -0.099386
    outer loop
      vertex 1.99624 27.3367 0
      vertex 1.87476 27.3086 0.799999
      vertex 1.92532 27.3754 0.799999
    endloop
  endfacet
  facet normal -0.793279 0.600697 -0.09936
    outer loop
      vertex 1.87476 27.3086 0.799999
      vertex 1.99624 27.3367 0
      vertex 1.93604 27.2572 0
    endloop
  endfacet
  facet normal -0.848814 0.519274 -0.0993426
    outer loop
      vertex 1.9343 27.3885 0.799999
      vertex 1.99624 27.3367 0
      vertex 1.93014 27.3817 0.799999
    endloop
  endfacet
  facet normal -0.849237 0.518569 -0.0994109
    outer loop
      vertex 2.04822 27.4217 0
      vertex 1.9343 27.3885 0.799999
      vertex 1.97796 27.46 0.799999
    endloop
  endfacet
  facet normal -0.848903 0.519129 -0.0993401
    outer loop
      vertex 1.9343 27.3885 0.799999
      vertex 2.04822 27.4217 0
      vertex 1.99624 27.3367 0
    endloop
  endfacet
  facet normal -0.964326 0.245357 -0.099375
    outer loop
      vertex 2.15017 27.7019 0
      vertex 2.04913 27.6288 0.799999
      vertex 2.06979 27.71 0.799999
    endloop
  endfacet
  facet normal -0.964334 0.245322 -0.0993793
    outer loop
      vertex 2.04913 27.6288 0.799999
      vertex 2.15017 27.7019 0
      vertex 2.12557 27.6052 0
    endloop
  endfacet
  facet normal 0.26951 -0.957857 -0.0993694
    outer loop
      vertex 1.05874 28.3875 5
      vertex 1.01076 28.374 5
      vertex 0.851513 28.8479 0
    endloop
  endfacet
  facet normal 0.539253 -0.836261 -0.0993662
    outer loop
      vertex 0.919999 28.333 5
      vertex 0.878128 28.306 5
      vertex 0.586256 28.7119 0
    endloop
  endfacet
  facet normal 0.620658 -0.777759 -0.099369
    outer loop
      vertex 0.878128 28.306 5
      vertex 0.839156 28.2749 5
      vertex 0.586256 28.7119 0
    endloop
  endfacet
  facet normal 0.694737 0.712365 -0.0993827
    outer loop
      vertex 0.803473 27.5599 5
      vertex 0.508314 27.1502 0
      vertex 0.436948 27.2198 0
    endloop
  endfacet
  facet normal 0.990105 0.0990704 -0.0993807
    outer loop
      vertex 0.670621 27.8751 5
      vertex 0.181169 27.751 0
      vertex 0.171243 27.8502 0
    endloop
  endfacet
  facet normal 0.916818 -0.386741 -0.0993792
    outer loop
      vertex 0.719515 28.1169 5
      vertex 0.700153 28.071 5
      vertex 0.230307 28.242 0
    endloop
  endfacet
  facet normal 0 0 -1
    outer loop
      vertex 1.48174 27.5091 5
      vertex 1.525 27.5484 5
      vertex 1.51912 27.5421 5
    endloop
  endfacet
  facet normal -0 0 -1
    outer loop
      vertex 1.525 27.5484 5
      vertex 1.48174 27.5091 5
      vertex 1.525 28.2516 5
    endloop
  endfacet
  facet normal 0 0 -1
    outer loop
      vertex 1.48174 28.2909 5
      vertex 1.525 28.2516 5
      vertex 1.48174 27.5091 5
    endloop
  endfacet
  facet normal 0 0 -1
    outer loop
      vertex 1.525 28.2516 5
      vertex 1.48174 28.2909 5
      vertex 1.51912 28.2579 5
    endloop
  endfacet
  facet normal 0 0 -1
    outer loop
      vertex 1.44127 27.48 5
      vertex 1.48174 28.2909 5
      vertex 1.48174 27.5091 5
    endloop
  endfacet
  facet normal 0 0 -1
    outer loop
      vertex 1.44127 27.48 5
      vertex 1.44127 28.32 5
      vertex 1.48174 28.2909 5
    endloop
  endfacet
  facet normal 0 0 -1
    outer loop
      vertex 1.3981 27.4551 5
      vertex 1.44127 28.32 5
      vertex 1.44127 27.48 5
    endloop
  endfacet
  facet normal 0 0 -1
    outer loop
      vertex 1.3981 27.4551 5
      vertex 1.3981 28.3449 5
      vertex 1.44127 28.32 5
    endloop
  endfacet
  facet normal 0 0 -1
    outer loop
      vertex 1.35267 27.4346 5
      vertex 1.3981 28.3449 5
      vertex 1.3981 27.4551 5
    endloop
  endfacet
  facet normal 0 0 -1
    outer loop
      vertex 1.35267 27.4346 5
      vertex 1.35267 28.3654 5
      vertex 1.3981 28.3449 5
    endloop
  endfacet
  facet normal 0 0 -1
    outer loop
      vertex 1.30542 27.4187 5
      vertex 1.35267 28.3654 5
      vertex 1.35267 27.4346 5
    endloop
  endfacet
  facet normal 0 0 -1
    outer loop
      vertex 1.30542 27.4187 5
      vertex 1.30542 28.3813 5
      vertex 1.35267 28.3654 5
    endloop
  endfacet
  facet normal 0 0 -1
    outer loop
      vertex 1.25682 27.4076 5
      vertex 1.30542 28.3813 5
      vertex 1.30542 27.4187 5
    endloop
  endfacet
  facet normal 0 0 -1
    outer loop
      vertex 1.25682 27.4076 5
      vertex 1.25682 28.3924 5
      vertex 1.30542 28.3813 5
    endloop
  endfacet
  facet normal 0 0 -1
    outer loop
      vertex 1.20737 27.4014 5
      vertex 1.25682 28.3924 5
      vertex 1.25682 27.4076 5
    endloop
  endfacet
  facet normal 0 0 -1
    outer loop
      vertex 1.20737 27.4014 5
      vertex 1.20737 28.3986 5
      vertex 1.25682 28.3924 5
    endloop
  endfacet
  facet normal 0 0 -1
    outer loop
      vertex 1.15753 27.4002 5
      vertex 1.20737 28.3986 5
      vertex 1.20737 27.4014 5
    endloop
  endfacet
  facet normal 0 0 -1
    outer loop
      vertex 1.15753 27.4002 5
      vertex 1.15753 28.3998 5
      vertex 1.20737 28.3986 5
    endloop
  endfacet
  facet normal 0 0 -1
    outer loop
      vertex 1.10783 27.4039 5
      vertex 1.15753 28.3998 5
      vertex 1.15753 27.4002 5
    endloop
  endfacet
  facet normal 0 0 -1
    outer loop
      vertex 1.10783 27.4039 5
      vertex 1.10783 28.3961 5
      vertex 1.15753 28.3998 5
    endloop
  endfacet
  facet normal 0 0 -1
    outer loop
      vertex 1.05874 27.4125 5
      vertex 1.10783 28.3961 5
      vertex 1.10783 27.4039 5
    endloop
  endfacet
  facet normal 0 0 -1
    outer loop
      vertex 1.05874 27.4125 5
      vertex 1.05874 28.3875 5
      vertex 1.10783 28.3961 5
    endloop
  endfacet
  facet normal 0 0 -1
    outer loop
      vertex 1.01076 27.426 5
      vertex 1.05874 28.3875 5
      vertex 1.05874 27.4125 5
    endloop
  endfacet
  facet normal 0 0 -1
    outer loop
      vertex 1.01076 27.426 5
      vertex 1.01076 28.374 5
      vertex 1.05874 28.3875 5
    endloop
  endfacet
  facet normal 0 0 -1
    outer loop
      vertex 0.964356 27.4442 5
      vertex 1.01076 28.374 5
      vertex 1.01076 27.426 5
    endloop
  endfacet
  facet normal 0 0 -1
    outer loop
      vertex 0.964356 27.4442 5
      vertex 0.964356 28.3558 5
      vertex 1.01076 28.374 5
    endloop
  endfacet
  facet normal 0 0 -1
    outer loop
      vertex 0.919999 27.467 5
      vertex 0.964356 28.3558 5
      vertex 0.964356 27.4442 5
    endloop
  endfacet
  facet normal 0 0 -1
    outer loop
      vertex 0.919999 27.467 5
      vertex 0.919999 28.333 5
      vertex 0.964356 28.3558 5
    endloop
  endfacet
  facet normal 0 0 -1
    outer loop
      vertex 0.878128 27.494 5
      vertex 0.919999 28.333 5
      vertex 0.919999 27.467 5
    endloop
  endfacet
  facet normal 0 0 -1
    outer loop
      vertex 0.878128 27.494 5
      vertex 0.878128 28.306 5
      vertex 0.919999 28.333 5
    endloop
  endfacet
  facet normal 0 0 -1
    outer loop
      vertex 0.839156 27.5251 5
      vertex 0.878128 28.306 5
      vertex 0.878128 27.494 5
    endloop
  endfacet
  facet normal 0 0 -1
    outer loop
      vertex 0.839156 27.5251 5
      vertex 0.839156 28.2749 5
      vertex 0.878128 28.306 5
    endloop
  endfacet
  facet normal 0 0 -1
    outer loop
      vertex 0.803473 27.5599 5
      vertex 0.839156 28.2749 5
      vertex 0.839156 27.5251 5
    endloop
  endfacet
  facet normal 0 0 -1
    outer loop
      vertex 0.803473 27.5599 5
      vertex 0.803473 28.2401 5
      vertex 0.839156 28.2749 5
    endloop
  endfacet
  facet normal 0 0 -1
    outer loop
      vertex 0.771433 27.5981 5
      vertex 0.803473 28.2401 5
      vertex 0.803473 27.5599 5
    endloop
  endfacet
  facet normal 0 0 -1
    outer loop
      vertex 0.771433 27.5981 5
      vertex 0.771433 28.2019 5
      vertex 0.803473 28.2401 5
    endloop
  endfacet
  facet normal 0 0 -1
    outer loop
      vertex 0.743354 27.6393 5
      vertex 0.771433 28.2019 5
      vertex 0.771433 27.5981 5
    endloop
  endfacet
  facet normal 0 0 -1
    outer loop
      vertex 0.743354 27.6393 5
      vertex 0.743354 28.1607 5
      vertex 0.771433 28.2019 5
    endloop
  endfacet
  facet normal 0 0 -1
    outer loop
      vertex 0.719515 27.6831 5
      vertex 0.743354 28.1607 5
      vertex 0.743354 27.6393 5
    endloop
  endfacet
  facet normal 0 0 -1
    outer loop
      vertex 0.719515 27.6831 5
      vertex 0.719515 28.1169 5
      vertex 0.743354 28.1607 5
    endloop
  endfacet
  facet normal 0 0 -1
    outer loop
      vertex 0.700153 27.729 5
      vertex 0.719515 28.1169 5
      vertex 0.719515 27.6831 5
    endloop
  endfacet
  facet normal 0 0 -1
    outer loop
      vertex 0.700153 27.729 5
      vertex 0.700153 28.071 5
      vertex 0.719515 28.1169 5
    endloop
  endfacet
  facet normal 0 0 -1
    outer loop
      vertex 0.685461 27.7766 5
      vertex 0.700153 28.071 5
      vertex 0.700153 27.729 5
    endloop
  endfacet
  facet normal 0 0 -1
    outer loop
      vertex 0.685461 27.7766 5
      vertex 0.685461 28.0234 5
      vertex 0.700153 28.071 5
    endloop
  endfacet
  facet normal 0 0 -1
    outer loop
      vertex 0.675584 27.8255 5
      vertex 0.685461 28.0234 5
      vertex 0.685461 27.7766 5
    endloop
  endfacet
  facet normal 0 0 -1
    outer loop
      vertex 0.675584 27.8255 5
      vertex 0.675584 27.9745 5
      vertex 0.685461 28.0234 5
    endloop
  endfacet
  facet normal 0 0 -1
    outer loop
      vertex 0.670621 27.8751 5
      vertex 0.675584 27.9745 5
      vertex 0.675584 27.8255 5
    endloop
  endfacet
  facet normal 0 0 -1
    outer loop
      vertex 0.675584 27.9745 5
      vertex 0.670621 27.8751 5
      vertex 0.670621 27.9249 5
    endloop
  endfacet
  facet normal 0.990105 -0.0990704 -0.0993807
    outer loop
      vertex 0.675584 27.9745 5
      vertex 0.670621 27.9249 5
      vertex 0.171243 27.9498 0
    endloop
  endfacet
  facet normal -0.123789 0.987319 -0.0993809
    outer loop
      vertex 1.25682 27.4076 5
      vertex 1.34365 26.9152 0
      vertex 1.20737 27.4014 5
    endloop
  endfacet
  facet normal -0.221581 0.970065 -0.0993799
    outer loop
      vertex 1.44084 26.9374 0
      vertex 1.34365 26.9152 0
      vertex 1.25682 27.4076 5
    endloop
  endfacet
  facet normal 0.269497 0.957861 -0.0993692
    outer loop
      vertex 1.05874 27.4125 5
      vertex 0.947478 26.9251 0
      vertex 0.851513 26.9521 0
    endloop
  endfacet
  facet normal 0.539253 0.836261 -0.0993662
    outer loop
      vertex 0.878128 27.494 5
      vertex 0.919999 27.467 5
      vertex 0.586256 27.0881 0
    endloop
  endfacet
  facet normal 0.539952 0.835808 -0.0993786
    outer loop
      vertex 0.919999 27.467 5
      vertex 0.669999 27.034 0
      vertex 0.586256 27.0881 0
    endloop
  endfacet
  facet normal 0.363348 0.926339 -0.0993705
    outer loop
      vertex 0.964356 27.4442 5
      vertex 0.851513 26.9521 0
      vertex 0.758713 26.9885 0
    endloop
  endfacet
  facet normal 0.454103 0.88539 -0.0993711
    outer loop
      vertex 0.964356 27.4442 5
      vertex 0.758713 26.9885 0
      vertex 0.669999 27.034 0
    endloop
  endfacet
  facet normal 0.0748589 -0.99223 -0.0993798
    outer loop
      vertex 1.14507 28.8997 0
      vertex 1.10783 28.3961 5
      vertex 1.04566 28.8922 0
    endloop
  endfacet
  facet normal 0.0738736 -0.992302 -0.0993945
    outer loop
      vertex 1.10783 28.3961 5
      vertex 1.14507 28.8997 0
      vertex 1.15753 28.3998 5
    endloop
  endfacet
  facet normal -0.317356 -0.943085 -0.0993766
    outer loop
      vertex 1.44084 28.8626 0
      vertex 1.35267 28.3654 5
      vertex 1.30542 28.3813 5
    endloop
  endfacet
  facet normal -0.497163 -0.861949 -0.0993611
    outer loop
      vertex 1.3981 28.3449 5
      vertex 1.525 28.4496 3.45678
      vertex 1.44127 28.32 5
    endloop
  endfacet
  facet normal -0.498715 -0.861045 -0.0994274
    outer loop
      vertex 1.525 28.4496 3.45678
      vertex 1.3981 28.3449 5
      vertex 1.525 28.5044 2.98221
    endloop
  endfacet
  facet normal -0.498506 -0.86117 -0.0993886
    outer loop
      vertex 1.71255 28.74 0
      vertex 1.66914 28.6728 0.799999
      vertex 1.66223 28.6768 0.799999
    endloop
  endfacet
  facet normal -0.409233 0.907 -0.0993944
    outer loop
      vertex 1.53534 26.9691 0
      vertex 1.58971 27.0813 0.799999
      vertex 1.62621 27.0101 0
    endloop
  endfacet
  facet normal -0.40927 0.906982 -0.0994086
    outer loop
      vertex 1.525 27.2075 2.2185
      vertex 1.35267 27.4346 5
      vertex 1.3981 27.4551 5
    endloop
  endfacet
  facet normal -0.408644 0.907266 -0.099393
    outer loop
      vertex 1.525 27.0521 0.799999
      vertex 1.35267 27.4346 5
      vertex 1.525 27.2075 2.2185
    endloop
  endfacet
  facet normal -0.409166 0.90703 -0.099393
    outer loop
      vertex 1.525 27.0521 0.799999
      vertex 1.53534 26.9691 0
      vertex 1.35267 27.4346 5
    endloop
  endfacet
  facet normal -0.409271 0.906984 -0.0993895
    outer loop
      vertex 1.58971 27.0813 0.799999
      vertex 1.53534 26.9691 0
      vertex 1.525 27.0521 0.799999
    endloop
  endfacet
  facet normal -0.727022 0.67939 -0.0993408
    outer loop
      vertex 1.87476 27.3086 0.799999
      vertex 1.93604 27.2572 0
      vertex 1.86934 27.3028 0.799999
    endloop
  endfacet
  facet normal -0.727383 0.678891 -0.100106
    outer loop
      vertex 1.525 27.5484 5
      vertex 1.525 27.538 4.92947
      vertex 1.51912 27.5421 5
    endloop
  endfacet
  facet normal -0.896419 0.431931 -0.0993424
    outer loop
      vertex 2.09148 27.5116 0
      vertex 1.97796 27.46 0.799999
      vertex 2.01776 27.5426 0.799999
    endloop
  endfacet
  facet normal -0.896637 0.431463 -0.0994036
    outer loop
      vertex 1.97796 27.46 0.799999
      vertex 2.09148 27.5116 0
      vertex 2.04822 27.4217 0
    endloop
  endfacet
  facet normal -0.935034 0.340353 -0.0993522
    outer loop
      vertex 2.02049 27.5501 0.799999
      vertex 2.09148 27.5116 0
      vertex 2.01776 27.5426 0.799999
    endloop
  endfacet
  facet normal -0.983949 0.148215 -0.0993852
    outer loop
      vertex 2.08543 27.8084 0.799999
      vertex 2.16503 27.8004 0
      vertex 2.08424 27.8005 0.799999
    endloop
  endfacet
  facet normal -0.993808 0.0496904 -0.0993809
    outer loop
      vertex 2.08583 27.8164 0.799999
      vertex 2.16503 27.8004 0
      vertex 2.08543 27.8084 0.799999
    endloop
  endfacet
  facet normal 0.363321 -0.926349 -0.0993704
    outer loop
      vertex 1.01076 28.374 5
      vertex 0.964356 28.3558 5
      vertex 0.758713 28.8115 0
    endloop
  endfacet
  facet normal 0.762386 0.639446 -0.099382
    outer loop
      vertex 0.803473 27.5599 5
      vertex 0.372867 27.2962 0
      vertex 0.771433 27.5981 5
    endloop
  endfacet
  facet normal 0.762381 0.639452 -0.0993818
    outer loop
      vertex 0.372867 27.2962 0
      vertex 0.803473 27.5599 5
      vertex 0.436948 27.2198 0
    endloop
  endfacet
  facet normal 0.873985 0.475683 -0.0993784
    outer loop
      vertex 0.719515 27.6831 5
      vertex 0.743354 27.6393 5
      vertex 0.316709 27.3786 0
    endloop
  endfacet
  facet normal 0.873756 0.476102 -0.0993854
    outer loop
      vertex 0.719515 27.6831 5
      vertex 0.316709 27.3786 0
      vertex 0.269031 27.4661 0
    endloop
  endfacet
  facet normal 0.916818 0.386741 -0.0993792
    outer loop
      vertex 0.700153 27.729 5
      vertex 0.719515 27.6831 5
      vertex 0.230307 27.558 0
    endloop
  endfacet
  facet normal 0.990105 0.0990704 -0.0993807
    outer loop
      vertex 0.670621 27.8751 5
      vertex 0.675584 27.8255 5
      vertex 0.181169 27.751 0
    endloop
  endfacet
  facet normal 0.975354 0.196996 -0.0993812
    outer loop
      vertex 0.675584 27.8255 5
      vertex 0.200922 27.6532 0
      vertex 0.181169 27.751 0
    endloop
  endfacet
  facet normal -0.0239509 0.994762 -0.0993766
    outer loop
      vertex 1.24473 26.9028 0
      vertex 1.15753 27.4002 5
      vertex 1.20737 27.4014 5
    endloop
  endfacet
  facet normal -0.0249532 0.994735 -0.0993915
    outer loop
      vertex 1.15753 27.4002 5
      vertex 1.24473 26.9028 0
      vertex 1.14507 26.9003 0
    endloop
  endfacet
  facet normal -0.221559 0.97007 -0.0993796
    outer loop
      vertex 1.30542 27.4187 5
      vertex 1.44084 26.9374 0
      vertex 1.25682 27.4076 5
    endloop
  endfacet
  facet normal 0.172671 0.979954 -0.0993683
    outer loop
      vertex 1.05874 27.4125 5
      vertex 1.04566 26.9078 0
      vertex 0.947478 26.9251 0
    endloop
  endfacet
  facet normal 0.171706 0.980122 -0.0993827
    outer loop
      vertex 1.05874 27.4125 5
      vertex 1.10783 27.4039 5
      vertex 1.04566 26.9078 0
    endloop
  endfacet
  facet normal 0.620658 0.777759 -0.099369
    outer loop
      vertex 0.839156 27.5251 5
      vertex 0.878128 27.494 5
      vertex 0.586256 27.0881 0
    endloop
  endfacet
  facet normal 0.822248 0.560386 -0.0993801
    outer loop
      vertex 0.743354 27.6393 5
      vertex 0.771433 27.5981 5
      vertex 0.316709 27.3786 0
    endloop
  endfacet
  facet normal 0.822248 0.560386 -0.0993801
    outer loop
      vertex 0.771433 27.5981 5
      vertex 0.372867 27.2962 0
      vertex 0.316709 27.3786 0
    endloop
  endfacet
  facet normal 0.26951 0.957857 -0.0993694
    outer loop
      vertex 1.01076 27.426 5
      vertex 1.05874 27.4125 5
      vertex 0.851513 26.9521 0
    endloop
  endfacet
  facet normal -0.993818 -0.0494913 -0.0993818
    outer loop
      vertex 4.9 30.63 0
      vertex 4.4 30.63 5
      vertex 4.39752 30.6798 5
    endloop
  endfacet
  facet normal -0.993813 -0.0495909 -0.0993803
    outer loop
      vertex 4.89503 30.7296 0
      vertex 4.9 30.63 0
      vertex 4.39752 30.6798 5
    endloop
  endfacet
  facet normal -0.658544 -0.745951 -0.0993787
    outer loop
      vertex 4.52349 31.4118 0
      vertex 4.24912 30.9879 5
      vertex 4.21174 31.0209 5
    endloop
  endfacet
  facet normal -0.964335 0.245322 -0.0993776
    outer loop
      vertex 4.88017 30.4319 0
      vertex 4.85557 30.3352 0
      vertex 4.39009 30.5309 5
    endloop
  endfacet
  facet normal 0.363348 -0.926339 -0.099371
    outer loop
      vertex 3.58151 31.5779 0
      vertex 3.69436 31.0858 5
      vertex 3.48871 31.5415 0
    endloop
  endfacet
  facet normal 0.363348 -0.926339 -0.099371
    outer loop
      vertex 3.69436 31.0858 5
      vertex 3.58151 31.5779 0
      vertex 3.74076 31.104 5
    endloop
  endfacet
  facet normal 0.990101 -0.09911 -0.0993799
    outer loop
      vertex 2.91117 30.779 0
      vertex 3.40558 30.7045 5
      vertex 2.90124 30.6798 0
    endloop
  endfacet
  facet normal -0.58091 0.807884 -0.0993358
    outer loop
      vertex 4.44255 29.79 0
      vertex 4.47361 29.9107 0.799999
      vertex 4.52349 29.8482 0
    endloop
  endfacet
  facet normal -0.581002 0.807819 -0.0993224
    outer loop
      vertex 4.47361 29.9107 0.799999
      vertex 4.44255 29.79 0
      vertex 4.40562 29.8618 0.799999
    endloop
  endfacet
  facet normal -0.993813 0.0495909 -0.0993803
    outer loop
      vertex 4.9 30.63 0
      vertex 4.89503 30.5304 0
      vertex 4.39752 30.5802 5
    endloop
  endfacet
  facet normal -0.729556 -0.676661 -0.0993894
    outer loop
      vertex 4.59824 31.3459 0
      vertex 4.66604 31.2728 0
      vertex 4.24912 30.9879 5
    endloop
  endfacet
  facet normal -0.934937 -0.340613 -0.0993801
    outer loop
      vertex 4.85557 30.9248 0
      vertex 4.37779 30.7774 5
      vertex 4.36074 30.8242 5
    endloop
  endfacet
  facet normal 0.916983 -0.38635 -0.0993802
    outer loop
      vertex 2.99903 31.0639 0
      vertex 3.43015 30.801 5
      vertex 2.96031 30.972 0
    endloop
  endfacet
  facet normal 0.762386 -0.639446 -0.0993811
    outer loop
      vertex 3.53347 30.9701 5
      vertex 3.50143 30.9319 5
      vertex 3.16695 31.3102 0
    endloop
  endfacet
  facet normal 0.950801 0.29343 -0.0993821
    outer loop
      vertex 3.43015 30.459 5
      vertex 2.93092 30.3832 0
      vertex 3.41546 30.5066 5
    endloop
  endfacet
  facet normal 0.950773 0.293521 -0.0993806
    outer loop
      vertex 2.93092 30.3832 0
      vertex 3.43015 30.459 5
      vertex 2.96031 30.288 0
    endloop
  endfacet
  facet normal -0.221582 0.970069 -0.0993408
    outer loop
      vertex 4.07365 29.6452 0
      vertex 4.1414 29.7426 0.799999
      vertex 4.17084 29.6674 0
    endloop
  endfacet
  facet normal -0.221037 0.970187 -0.0994013
    outer loop
      vertex 4.1414 29.7426 0.799999
      vertex 4.07365 29.6452 0
      vertex 4.05976 29.724 0.799999
    endloop
  endfacet
  facet normal -0.93497 0.340525 -0.0993694
    outer loop
      vertex 4.82148 30.2416 0
      vertex 4.74862 30.275 0.799999
      vertex 4.85557 30.3352 0
    endloop
  endfacet
  facet normal -0.936731 0.335662 -0.0993268
    outer loop
      vertex 4.74862 30.275 0.799999
      vertex 4.82148 30.2416 0
      vertex 4.74776 30.2726 0.799999
    endloop
  endfacet
  facet normal -0.935128 0.340075 -0.0994244
    outer loop
      vertex 4.74216 30.275 0.860758
      vertex 4.85557 30.3352 0
      vertex 4.74862 30.275 0.799999
    endloop
  endfacet
  facet normal -0.935002 0.340431 -0.0993829
    outer loop
      vertex 4.85557 30.3352 0
      vertex 4.74216 30.275 0.860758
      vertex 4.36074 30.4358 5
    endloop
  endfacet
  facet normal -0.793012 0.601049 -0.0993599
    outer loop
      vertex 4.32307 30.275 4.47718
      vertex 4.31312 30.3483 5
      vertex 4.38479 30.275 3.98458
    endloop
  endfacet
  facet normal -0.792913 0.601176 -0.0993759
    outer loop
      vertex 4.31312 30.3483 5
      vertex 4.32307 30.275 4.47718
      vertex 4.28302 30.3086 5
    endloop
  endfacet
  facet normal -0.794848 0.59862 -0.0993469
    outer loop
      vertex 4.60958 30.045 0.799999
      vertex 4.66604 29.9872 0
      vertex 4.60476 30.0386 0.799999
    endloop
  endfacet
  facet normal -0.411284 0.906071 -0.0994052
    outer loop
      vertex 4.31971 29.8113 0.799999
      vertex 4.35621 29.7401 0
      vertex 4.31244 29.808 0.799999
    endloop
  endfacet
  facet normal -0.983916 0.148436 -0.09938
    outer loop
      vertex 4.89503 30.5304 0
      vertex 4.88017 30.4319 0
      vertex 4.39752 30.5802 5
    endloop
  endfacet
  facet normal -0.993818 0.0494913 -0.0993818
    outer loop
      vertex 4.4 30.63 5
      vertex 4.9 30.63 0
      vertex 4.39752 30.5802 5
    endloop
  endfacet
  facet normal -0.983916 -0.148436 -0.09938
    outer loop
      vertex 4.88017 30.8281 0
      vertex 4.89503 30.7296 0
      vertex 4.39752 30.6798 5
    endloop
  endfacet
  facet normal -0.658032 -0.746402 -0.0993888
    outer loop
      vertex 4.52349 31.4118 0
      vertex 4.59824 31.3459 0
      vertex 4.24912 30.9879 5
    endloop
  endfacet
  facet normal -0.983938 -0.148289 -0.0993778
    outer loop
      vertex 4.88017 30.8281 0
      vertex 4.39752 30.6798 5
      vertex 4.39009 30.7291 5
    endloop
  endfacet
  facet normal -0.964335 -0.245322 -0.0993776
    outer loop
      vertex 4.85557 30.9248 0
      vertex 4.88017 30.8281 0
      vertex 4.39009 30.7291 5
    endloop
  endfacet
  facet normal -0.934969 -0.340524 -0.0993815
    outer loop
      vertex 4.82148 31.0184 0
      vertex 4.85557 30.9248 0
      vertex 4.36074 30.8242 5
    endloop
  endfacet
  facet normal -0.497248 -0.861896 -0.0993932
    outer loop
      vertex 4.35621 31.5199 0
      vertex 4.17127 31.05 5
      vertex 4.12811 31.0749 5
    endloop
  endfacet
  facet normal -0.316459 -0.943386 -0.0993813
    outer loop
      vertex 4.17084 31.5926 0
      vertex 4.26534 31.5609 0
      vertex 4.03542 31.1113 5
    endloop
  endfacet
  facet normal -0.409196 -0.907017 -0.099392
    outer loop
      vertex 4.35621 31.5199 0
      vertex 4.12811 31.0749 5
      vertex 4.08267 31.0954 5
    endloop
  endfacet
  facet normal 0.0748588 -0.992229 -0.0993896
    outer loop
      vertex 3.87507 31.6297 0
      vertex 3.88753 31.1298 5
      vertex 3.77566 31.6222 0
    endloop
  endfacet
  facet normal -0.0239557 -0.99476 -0.0993964
    outer loop
      vertex 3.87507 31.6297 0
      vertex 3.93736 31.1286 5
      vertex 3.88753 31.1298 5
    endloop
  endfacet
  facet normal -0.0249533 -0.994736 -0.0993816
    outer loop
      vertex 3.93736 31.1286 5
      vertex 3.87507 31.6297 0
      vertex 3.97473 31.6272 0
    endloop
  endfacet
  facet normal 0.995049 0 -0.0993816
    outer loop
      vertex 3.40062 30.6051 5
      vertex 2.90124 30.6798 0
      vertex 3.40062 30.6549 5
    endloop
  endfacet
  facet normal 0.995049 0 -0.0993816
    outer loop
      vertex 2.90124 30.6798 0
      vertex 3.40062 30.6051 5
      vertex 2.90124 30.5802 0
    endloop
  endfacet
  facet normal 0 0 -1
    outer loop
      vertex 4.39752 30.5802 5
      vertex 4.39752 30.6798 5
      vertex 4.4 30.63 5
    endloop
  endfacet
  facet normal 0 0 -1
    outer loop
      vertex 4.39009 30.5309 5
      vertex 4.39752 30.6798 5
      vertex 4.39752 30.5802 5
    endloop
  endfacet
  facet normal 0 0 -1
    outer loop
      vertex 4.39009 30.5309 5
      vertex 4.39009 30.7291 5
      vertex 4.39752 30.6798 5
    endloop
  endfacet
  facet normal 0 0 -1
    outer loop
      vertex 4.37779 30.4826 5
      vertex 4.39009 30.7291 5
      vertex 4.39009 30.5309 5
    endloop
  endfacet
  facet normal 0 0 -1
    outer loop
      vertex 4.37779 30.4826 5
      vertex 4.37779 30.7774 5
      vertex 4.39009 30.7291 5
    endloop
  endfacet
  facet normal 0 0 -1
    outer loop
      vertex 4.36074 30.4358 5
      vertex 4.37779 30.7774 5
      vertex 4.37779 30.4826 5
    endloop
  endfacet
  facet normal 0 0 -1
    outer loop
      vertex 4.36074 30.4358 5
      vertex 4.36074 30.8242 5
      vertex 4.37779 30.7774 5
    endloop
  endfacet
  facet normal 0 0 -1
    outer loop
      vertex 4.33911 30.3909 5
      vertex 4.36074 30.8242 5
      vertex 4.36074 30.4358 5
    endloop
  endfacet
  facet normal 0 0 -1
    outer loop
      vertex 4.33911 30.3909 5
      vertex 4.33911 30.8691 5
      vertex 4.36074 30.8242 5
    endloop
  endfacet
  facet normal 0 0 -1
    outer loop
      vertex 4.31312 30.3483 5
      vertex 4.33911 30.8691 5
      vertex 4.33911 30.3909 5
    endloop
  endfacet
  facet normal 0 0 -1
    outer loop
      vertex 4.31312 30.3483 5
      vertex 4.31312 30.9117 5
      vertex 4.33911 30.8691 5
    endloop
  endfacet
  facet normal 0 0 -1
    outer loop
      vertex 4.28302 30.3086 5
      vertex 4.31312 30.9117 5
      vertex 4.31312 30.3483 5
    endloop
  endfacet
  facet normal 0 0 -1
    outer loop
      vertex 4.28302 30.3086 5
      vertex 4.28302 30.9514 5
      vertex 4.31312 30.9117 5
    endloop
  endfacet
  facet normal 0 0 -1
    outer loop
      vertex 4.25184 30.275 5
      vertex 4.28302 30.9514 5
      vertex 4.28302 30.3086 5
    endloop
  endfacet
  facet normal 0 0 -1
    outer loop
      vertex 4.25184 30.275 5
      vertex 4.24912 30.9879 5
      vertex 4.28302 30.9514 5
    endloop
  endfacet
  facet normal 0 0 -1
    outer loop
      vertex 4.25184 30.275 5
      vertex 4.21174 31.0209 5
      vertex 4.24912 30.9879 5
    endloop
  endfacet
  facet normal 0 0 -1
    outer loop
      vertex 4.25184 30.275 5
      vertex 4.17127 31.05 5
      vertex 4.21174 31.0209 5
    endloop
  endfacet
  facet normal 0 0 -1
    outer loop
      vertex 4.25184 30.275 5
      vertex 4.12811 31.0749 5
      vertex 4.17127 31.05 5
    endloop
  endfacet
  facet normal 0 0 -1
    outer loop
      vertex 4.25184 30.275 5
      vertex 4.08267 31.0954 5
      vertex 4.12811 31.0749 5
    endloop
  endfacet
  facet normal 0 0 -1
    outer loop
      vertex 4.25184 30.275 5
      vertex 4.03542 31.1113 5
      vertex 4.08267 31.0954 5
    endloop
  endfacet
  facet normal 0 0 -1
    outer loop
      vertex 4.25184 30.275 5
      vertex 3.98682 31.1224 5
      vertex 4.03542 31.1113 5
    endloop
  endfacet
  facet normal 0 0 -1
    outer loop
      vertex 4.25184 30.275 5
      vertex 3.93736 31.1286 5
      vertex 3.98682 31.1224 5
    endloop
  endfacet
  facet normal 0 0 -1
    outer loop
      vertex 4.25184 30.275 5
      vertex 3.88753 31.1298 5
      vertex 3.93736 31.1286 5
    endloop
  endfacet
  facet normal 0 0 -1
    outer loop
      vertex 4.25184 30.275 5
      vertex 3.83783 31.1261 5
      vertex 3.88753 31.1298 5
    endloop
  endfacet
  facet normal 0 0 -1
    outer loop
      vertex 4.25184 30.275 5
      vertex 3.78874 31.1175 5
      vertex 3.83783 31.1261 5
    endloop
  endfacet
  facet normal 0 0 -1
    outer loop
      vertex 4.25184 30.275 5
      vertex 3.74076 31.104 5
      vertex 3.78874 31.1175 5
    endloop
  endfacet
  facet normal 0 0 -1
    outer loop
      vertex 4.25184 30.275 5
      vertex 3.69436 31.0858 5
      vertex 3.74076 31.104 5
    endloop
  endfacet
  facet normal 0 0 -1
    outer loop
      vertex 4.25184 30.275 5
      vertex 3.65 31.063 5
      vertex 3.69436 31.0858 5
    endloop
  endfacet
  facet normal 0 0 -1
    outer loop
      vertex 4.25184 30.275 5
      vertex 3.60813 31.036 5
      vertex 3.65 31.063 5
    endloop
  endfacet
  facet normal 0 0 -1
    outer loop
      vertex 4.25184 30.275 5
      vertex 3.56916 31.0049 5
      vertex 3.60813 31.036 5
    endloop
  endfacet
  facet normal 0 0 -1
    outer loop
      vertex 3.54876 30.275 5
      vertex 3.56916 31.0049 5
      vertex 4.25184 30.275 5
    endloop
  endfacet
  facet normal 0 0 -1
    outer loop
      vertex 3.50143 30.3281 5
      vertex 3.54876 30.275 5
      vertex 3.53347 30.2899 5
    endloop
  endfacet
  facet normal 0 0 -1
    outer loop
      vertex 3.54876 30.275 5
      vertex 3.53347 30.9701 5
      vertex 3.56916 31.0049 5
    endloop
  endfacet
  facet normal 0 0 -1
    outer loop
      vertex 3.54876 30.275 5
      vertex 3.50143 30.3281 5
      vertex 3.53347 30.9701 5
    endloop
  endfacet
  facet normal 0 0 -1
    outer loop
      vertex 3.50143 30.3281 5
      vertex 3.50143 30.9319 5
      vertex 3.53347 30.9701 5
    endloop
  endfacet
  facet normal 0 0 -1
    outer loop
      vertex 3.47335 30.3693 5
      vertex 3.50143 30.9319 5
      vertex 3.50143 30.3281 5
    endloop
  endfacet
  facet normal 0 0 -1
    outer loop
      vertex 3.47335 30.3693 5
      vertex 3.47335 30.8907 5
      vertex 3.50143 30.9319 5
    endloop
  endfacet
  facet normal 0 0 -1
    outer loop
      vertex 3.44952 30.4131 5
      vertex 3.47335 30.8907 5
      vertex 3.47335 30.3693 5
    endloop
  endfacet
  facet normal 0 0 -1
    outer loop
      vertex 3.44952 30.4131 5
      vertex 3.44952 30.8469 5
      vertex 3.47335 30.8907 5
    endloop
  endfacet
  facet normal 0 0 -1
    outer loop
      vertex 3.43015 30.459 5
      vertex 3.44952 30.8469 5
      vertex 3.44952 30.4131 5
    endloop
  endfacet
  facet normal 0 0 -1
    outer loop
      vertex 3.43015 30.459 5
      vertex 3.43015 30.801 5
      vertex 3.44952 30.8469 5
    endloop
  endfacet
  facet normal 0 0 -1
    outer loop
      vertex 3.41546 30.5066 5
      vertex 3.43015 30.801 5
      vertex 3.43015 30.459 5
    endloop
  endfacet
  facet normal 0 0 -1
    outer loop
      vertex 3.41546 30.5066 5
      vertex 3.41546 30.7534 5
      vertex 3.43015 30.801 5
    endloop
  endfacet
  facet normal 0 0 -1
    outer loop
      vertex 3.40558 30.5555 5
      vertex 3.41546 30.7534 5
      vertex 3.41546 30.5066 5
    endloop
  endfacet
  facet normal 0 0 -1
    outer loop
      vertex 3.40558 30.5555 5
      vertex 3.40558 30.7045 5
      vertex 3.41546 30.7534 5
    endloop
  endfacet
  facet normal 0 0 -1
    outer loop
      vertex 3.40062 30.6051 5
      vertex 3.40558 30.7045 5
      vertex 3.40558 30.5555 5
    endloop
  endfacet
  facet normal 0 0 -1
    outer loop
      vertex 3.40558 30.7045 5
      vertex 3.40062 30.6051 5
      vertex 3.40062 30.6549 5
    endloop
  endfacet
  facet normal 0.539966 -0.8358 -0.0993703
    outer loop
      vertex 3.4 31.496 0
      vertex 3.60813 31.036 5
      vertex 3.31626 31.4419 0
    endloop
  endfacet
  facet normal 0.975341 0.197063 -0.0993799
    outer loop
      vertex 3.40558 30.5555 5
      vertex 3.41546 30.5066 5
      vertex 2.91117 30.481 0
    endloop
  endfacet
  facet normal 0.761997 0.639911 -0.0993754
    outer loop
      vertex 3.22047 30.0104 0.799999
      vertex 3.10287 30.0262 0
      vertex 3.16664 30.0745 0.799999
    endloop
  endfacet
  facet normal 0.762381 0.639442 -0.0994412
    outer loop
      vertex 3.10287 30.0262 0
      vertex 3.22047 30.0104 0.799999
      vertex 3.16695 29.9498 0
    endloop
  endfacet
  facet normal 0.76218 0.639692 -0.099383
    outer loop
      vertex 3.50143 30.3281 5
      vertex 3.45448 30.275 4.29815
      vertex 3.43133 30.275 4.12061
    endloop
  endfacet
  facet normal 0.620494 0.777895 -0.0993282
    outer loop
      vertex 3.31626 29.8181 0
      vertex 3.29125 29.9402 0.799999
      vertex 3.36296 29.883 0.799999
    endloop
  endfacet
  facet normal 0.620017 0.778266 -0.0993997
    outer loop
      vertex 3.29125 29.9402 0.799999
      vertex 3.31626 29.8181 0
      vertex 3.23831 29.8802 0
    endloop
  endfacet
  facet normal 0.916977 0.386364 -0.0993801
    outer loop
      vertex 3.1284 30.275 1.50042
      vertex 2.96031 30.288 0
      vertex 3.43015 30.459 5
    endloop
  endfacet
  facet normal 0.916965 0.386393 -0.0993785
    outer loop
      vertex 3.05249 30.275 0.799999
      vertex 2.96031 30.288 0
      vertex 3.1284 30.275 1.50042
    endloop
  endfacet
  facet normal 0.916849 0.386671 -0.0993607
    outer loop
      vertex 3.06801 30.2382 0.799999
      vertex 2.96031 30.288 0
      vertex 3.05249 30.275 0.799999
    endloop
  endfacet
  facet normal 0.916981 0.386349 -0.0993984
    outer loop
      vertex 2.96031 30.288 0
      vertex 3.06801 30.2382 0.799999
      vertex 2.99903 30.1961 0
    endloop
  endfacet
  facet normal 0.537447 0.837417 -0.0994137
    outer loop
      vertex 3.4333 29.8376 0.799999
      vertex 3.44 29.8333 0.799999
      vertex 3.4 29.764 0
    endloop
  endfacet
  facet normal -0.124803 0.987189 -0.0994052
    outer loop
      vertex 3.97666 29.7136 0.799999
      vertex 3.97473 29.6328 0
      vertex 3.96875 29.7126 0.799999
    endloop
  endfacet
  facet normal -0.123764 0.987321 -0.0994001
    outer loop
      vertex 3.97473 29.6328 0
      vertex 4.05976 29.724 0.799999
      vertex 4.07365 29.6452 0
    endloop
  endfacet
  facet normal -0.123566 0.987343 -0.0994237
    outer loop
      vertex 4.05976 29.724 0.799999
      vertex 3.97473 29.6328 0
      vertex 3.97666 29.7136 0.799999
    endloop
  endfacet
  facet normal -0.79298 0.601096 -0.0993317
    outer loop
      vertex 4.72624 30.0667 0
      vertex 4.60958 30.045 0.799999
      vertex 4.66014 30.1117 0.799999
    endloop
  endfacet
  facet normal -0.793277 0.600695 -0.0993858
    outer loop
      vertex 4.60958 30.045 0.799999
      vertex 4.72624 30.0667 0
      vertex 4.66604 29.9872 0
    endloop
  endfacet
  facet normal -0.79293 0.601156 -0.0993619
    outer loop
      vertex 4.42069 30.275 3.69809
      vertex 4.38479 30.275 3.98458
      vertex 4.31312 30.3483 5
    endloop
  endfacet
  facet normal -0.312412 0.944733 -0.0993931
    outer loop
      vertex 4.15673 29.7469 0.799999
      vertex 4.17084 29.6674 0
      vertex 4.14917 29.7444 0.799999
    endloop
  endfacet
  facet normal -0.409234 0.907002 -0.0993721
    outer loop
      vertex 4.26534 29.6991 0
      vertex 4.31244 29.808 0.799999
      vertex 4.35621 29.7401 0
    endloop
  endfacet
  facet normal -0.408841 0.907174 -0.0994187
    outer loop
      vertex 4.31244 29.808 0.799999
      vertex 4.26534 29.6991 0
      vertex 4.23611 29.7736 0.799999
    endloop
  endfacet
  facet normal -0.983938 0.148289 -0.0993778
    outer loop
      vertex 4.39752 30.5802 5
      vertex 4.88017 30.4319 0
      vertex 4.39009 30.5309 5
    endloop
  endfacet
  facet normal -0.8489 -0.519127 -0.0993768
    outer loop
      vertex 4.77822 31.1083 0
      vertex 4.31312 30.9117 5
      vertex 4.72624 31.1933 0
    endloop
  endfacet
  facet normal -0.849441 -0.518239 -0.0993921
    outer loop
      vertex 4.31312 30.9117 5
      vertex 4.77822 31.1083 0
      vertex 4.33911 30.8691 5
    endloop
  endfacet
  facet normal -0.793277 -0.600695 -0.0993809
    outer loop
      vertex 4.72624 31.1933 0
      vertex 4.28302 30.9514 5
      vertex 4.66604 31.2728 0
    endloop
  endfacet
  facet normal -0.792914 -0.601176 -0.099372
    outer loop
      vertex 4.28302 30.9514 5
      vertex 4.72624 31.1933 0
      vertex 4.31312 30.9117 5
    endloop
  endfacet
  facet normal -0.729095 -0.677159 -0.0993794
    outer loop
      vertex 4.66604 31.2728 0
      vertex 4.28302 30.9514 5
      vertex 4.24912 30.9879 5
    endloop
  endfacet
  facet normal -0.896639 -0.431464 -0.0993859
    outer loop
      vertex 4.82148 31.0184 0
      vertex 4.33911 30.8691 5
      vertex 4.77822 31.1083 0
    endloop
  endfacet
  facet normal -0.896452 -0.431854 -0.0993794
    outer loop
      vertex 4.33911 30.8691 5
      vertex 4.82148 31.0184 0
      vertex 4.36074 30.8242 5
    endloop
  endfacet
  facet normal -0.964274 -0.24556 -0.0993812
    outer loop
      vertex 4.85557 30.9248 0
      vertex 4.39009 30.7291 5
      vertex 4.37779 30.7774 5
    endloop
  endfacet
  facet normal -0.580907 -0.80788 -0.0993796
    outer loop
      vertex 4.52349 31.4118 0
      vertex 4.21174 31.0209 5
      vertex 4.17127 31.05 5
    endloop
  endfacet
  facet normal -0.497911 -0.861515 -0.0993819
    outer loop
      vertex 4.35621 31.5199 0
      vertex 4.44255 31.47 0
      vertex 4.17127 31.05 5
    endloop
  endfacet
  facet normal -0.580907 -0.80788 -0.0993796
    outer loop
      vertex 4.44255 31.47 0
      vertex 4.52349 31.4118 0
      vertex 4.17127 31.05 5
    endloop
  endfacet
  facet normal -0.221581 -0.970065 -0.0993797
    outer loop
      vertex 4.07365 31.6148 0
      vertex 4.17084 31.5926 0
      vertex 4.03542 31.1113 5
    endloop
  endfacet
  facet normal -0.123765 -0.987323 -0.0993808
    outer loop
      vertex 3.97473 31.6272 0
      vertex 3.98682 31.1224 5
      vertex 3.93736 31.1286 5
    endloop
  endfacet
  facet normal -0.409233 -0.907 -0.0993926
    outer loop
      vertex 4.26534 31.5609 0
      vertex 4.35621 31.5199 0
      vertex 4.08267 31.0954 5
    endloop
  endfacet
  facet normal 0.97536 -0.196967 -0.0993813
    outer loop
      vertex 2.93092 30.8768 0
      vertex 3.41546 30.7534 5
      vertex 2.91117 30.779 0
    endloop
  endfacet
  facet normal 0.950773 -0.293521 -0.0993806
    outer loop
      vertex 3.43015 30.801 5
      vertex 2.93092 30.8768 0
      vertex 2.96031 30.972 0
    endloop
  endfacet
  facet normal 0.950801 -0.29343 -0.0993821
    outer loop
      vertex 2.93092 30.8768 0
      vertex 3.43015 30.801 5
      vertex 3.41546 30.7534 5
    endloop
  endfacet
  facet normal 0.975341 -0.197063 -0.0993799
    outer loop
      vertex 3.41546 30.7534 5
      vertex 3.40558 30.7045 5
      vertex 2.91117 30.779 0
    endloop
  endfacet
  facet normal 0.91676 -0.386877 -0.0993887
    outer loop
      vertex 3.44952 30.8469 5
      vertex 3.43015 30.801 5
      vertex 2.99903 31.0639 0
    endloop
  endfacet
  facet normal 0.873748 -0.476118 -0.0993799
    outer loop
      vertex 3.04671 31.1514 0
      vertex 3.47335 30.8907 5
      vertex 2.99903 31.0639 0
    endloop
  endfacet
  facet normal 0.874059 -0.475544 -0.0993896
    outer loop
      vertex 3.47335 30.8907 5
      vertex 3.44952 30.8469 5
      vertex 2.99903 31.0639 0
    endloop
  endfacet
  facet normal 0.171706 -0.980122 -0.0993827
    outer loop
      vertex 3.83783 31.1261 5
      vertex 3.78874 31.1175 5
      vertex 3.77566 31.6222 0
    endloop
  endfacet
  facet normal 0.620018 -0.778268 -0.0993811
    outer loop
      vertex 3.31626 31.4419 0
      vertex 3.56916 31.0049 5
      vertex 3.23831 31.3798 0
    endloop
  endfacet
  facet normal 0.620678 -0.777743 -0.0993687
    outer loop
      vertex 3.56916 31.0049 5
      vertex 3.31626 31.4419 0
      vertex 3.60813 31.036 5
    endloop
  endfacet
  facet normal 0.69494 0.712165 -0.0994001
    outer loop
      vertex 3.23831 29.8802 0
      vertex 3.2313 29.9987 0.799999
      vertex 3.29125 29.9402 0.799999
    endloop
  endfacet
  facet normal 0.694764 0.712333 -0.0994265
    outer loop
      vertex 3.2313 29.9987 0.799999
      vertex 3.23831 29.8802 0
      vertex 3.16695 29.9498 0
    endloop
  endfacet
  facet normal 0.767255 0.633604 -0.099325
    outer loop
      vertex 3.22047 30.0104 0.799999
      vertex 3.22559 30.0042 0.799999
      vertex 3.16695 29.9498 0
    endloop
  endfacet
  facet normal 0.76239 0.639449 -0.0993314
    outer loop
      vertex 3.5174 30.275 4.78074
      vertex 3.50143 30.3281 5
      vertex 3.53347 30.2899 5
    endloop
  endfacet
  facet normal 0.762246 0.639613 -0.0993815
    outer loop
      vertex 3.50143 30.3281 5
      vertex 3.5174 30.275 4.78074
      vertex 3.45448 30.275 4.29815
    endloop
  endfacet
  facet normal 0.822198 0.560461 -0.0993682
    outer loop
      vertex 3.16664 30.0745 0.799999
      vertex 3.04671 30.1086 0
      vertex 3.11497 30.1503 0.799999
    endloop
  endfacet
  facet normal 0.822239 0.5604 -0.099377
    outer loop
      vertex 3.04671 30.1086 0
      vertex 3.16664 30.0745 0.799999
      vertex 3.10287 30.0262 0
    endloop
  endfacet
  facet normal 0.822238 0.560399 -0.0993826
    outer loop
      vertex 3.43133 30.275 4.12061
      vertex 3.47335 30.3693 5
      vertex 3.50143 30.3281 5
    endloop
  endfacet
  facet normal 0.82222 0.560425 -0.0993846
    outer loop
      vertex 3.47335 30.3693 5
      vertex 3.43133 30.275 4.12061
      vertex 3.31907 30.275 3.19187
    endloop
  endfacet
  facet normal 0.990101 0.09911 -0.0993799
    outer loop
      vertex 3.40558 30.5555 5
      vertex 2.91117 30.481 0
      vertex 2.90124 30.5802 0
    endloop
  endfacet
  facet normal 0.97536 0.196967 -0.0993813
    outer loop
      vertex 3.41546 30.5066 5
      vertex 2.93092 30.3832 0
      vertex 2.91117 30.481 0
    endloop
  endfacet
  facet normal 0.539606 0.836032 -0.0993762
    outer loop
      vertex 3.4 29.764 0
      vertex 3.36296 29.883 0.799999
      vertex 3.4333 29.8376 0.799999
    endloop
  endfacet
  facet normal 0.539969 0.835804 -0.0993254
    outer loop
      vertex 3.36296 29.883 0.799999
      vertex 3.4 29.764 0
      vertex 3.31626 29.8181 0
    endloop
  endfacet
  facet normal 0.0737775 0.992307 -0.0994144
    outer loop
      vertex 3.87507 29.6303 0
      vertex 3.7856 29.7171 0.799999
      vertex 3.87706 29.7103 0.799999
    endloop
  endfacet
  facet normal 0.0748596 0.992239 -0.099286
    outer loop
      vertex 3.7856 29.7171 0.799999
      vertex 3.87507 29.6303 0
      vertex 3.77566 29.6378 0
    endloop
  endfacet
  facet normal -0.0249524 0.994734 -0.0994113
    outer loop
      vertex 3.97473 29.6328 0
      vertex 3.87706 29.7103 0.799999
      vertex 3.96875 29.7126 0.799999
    endloop
  endfacet
  facet normal -0.0249532 0.994733 -0.0994114
    outer loop
      vertex 3.87706 29.7103 0.799999
      vertex 3.97473 29.6328 0
      vertex 3.87507 29.6303 0
    endloop
  endfacet
  facet normal -0.849236 0.518569 -0.099419
    outer loop
      vertex 4.77822 30.1517 0
      vertex 4.66014 30.1117 0.799999
      vertex 4.7038 30.1832 0.799999
    endloop
  endfacet
  facet normal -0.848903 0.519129 -0.0993417
    outer loop
      vertex 4.66014 30.1117 0.799999
      vertex 4.77822 30.1517 0
      vertex 4.72624 30.0667 0
    endloop
  endfacet
  facet normal -0.848936 0.51907 -0.0993678
    outer loop
      vertex 4.48663 30.275 3.13474
      vertex 4.42069 30.275 3.69809
      vertex 4.31312 30.3483 5
    endloop
  endfacet
  facet normal -0.658031 0.7464 -0.0994081
    outer loop
      vertex 4.52349 29.8482 0
      vertex 4.54238 29.9714 0.799999
      vertex 4.59824 29.9141 0
    endloop
  endfacet
  facet normal -0.658328 0.746145 -0.0993616
    outer loop
      vertex 4.54238 29.9714 0.799999
      vertex 4.52349 29.8482 0
      vertex 4.47959 29.916 0.799999
    endloop
  endfacet
  facet normal -0.659996 0.744674 -0.0993285
    outer loop
      vertex 4.47959 29.916 0.799999
      vertex 4.52349 29.8482 0
      vertex 4.47361 29.9107 0.799999
    endloop
  endfacet
  facet normal -0.499047 0.860856 -0.0993916
    outer loop
      vertex 4.39914 29.8572 0.799999
      vertex 4.44255 29.79 0
      vertex 4.39224 29.8532 0.799999
    endloop
  endfacet
  facet normal -0.497911 0.861516 -0.0993723
    outer loop
      vertex 4.35621 29.7401 0
      vertex 4.39224 29.8532 0.799999
      vertex 4.44255 29.79 0
    endloop
  endfacet
  facet normal -0.497745 0.86161 -0.099393
    outer loop
      vertex 4.39224 29.8532 0.799999
      vertex 4.35621 29.7401 0
      vertex 4.31971 29.8113 0.799999
    endloop
  endfacet
  facet normal -0.224566 0.969377 -0.0993856
    outer loop
      vertex 4.14917 29.7444 0.799999
      vertex 4.17084 29.6674 0
      vertex 4.1414 29.7426 0.799999
    endloop
  endfacet
  facet normal -0.316458 0.943383 -0.0994152
    outer loop
      vertex 4.17084 29.6674 0
      vertex 4.23611 29.7736 0.799999
      vertex 4.26534 29.6991 0
    endloop
  endfacet
  facet normal -0.317229 0.943134 -0.0993192
    outer loop
      vertex 4.23611 29.7736 0.799999
      vertex 4.17084 29.6674 0
      vertex 4.15673 29.7469 0.799999
    endloop
  endfacet
  facet normal -0.964274 0.24556 -0.0993812
    outer loop
      vertex 4.39009 30.5309 5
      vertex 4.85557 30.3352 0
      vertex 4.37779 30.4826 5
    endloop
  endfacet
  facet normal -0.221559 -0.97007 -0.0993801
    outer loop
      vertex 4.07365 31.6148 0
      vertex 4.03542 31.1113 5
      vertex 3.98682 31.1224 5
    endloop
  endfacet
  facet normal -0.123765 -0.987323 -0.0993808
    outer loop
      vertex 4.07365 31.6148 0
      vertex 3.98682 31.1224 5
      vertex 3.97473 31.6272 0
    endloop
  endfacet
  facet normal -0.317355 -0.943083 -0.0993953
    outer loop
      vertex 4.26534 31.5609 0
      vertex 4.08267 31.0954 5
      vertex 4.03542 31.1113 5
    endloop
  endfacet
  facet normal 0.990111 -0.0990111 -0.0993814
    outer loop
      vertex 3.40558 30.7045 5
      vertex 3.40062 30.6549 5
      vertex 2.90124 30.6798 0
    endloop
  endfacet
  facet normal 0.822239 -0.560399 -0.0993792
    outer loop
      vertex 3.50143 30.9319 5
      vertex 3.04671 31.1514 0
      vertex 3.10287 31.2338 0
    endloop
  endfacet
  facet normal 0.822239 -0.560399 -0.0993792
    outer loop
      vertex 3.04671 31.1514 0
      vertex 3.50143 30.9319 5
      vertex 3.47335 30.8907 5
    endloop
  endfacet
  facet normal 0.762386 -0.639446 -0.0993811
    outer loop
      vertex 3.16695 31.3102 0
      vertex 3.50143 30.9319 5
      vertex 3.10287 31.2338 0
    endloop
  endfacet
  facet normal 0.0738737 -0.992304 -0.099375
    outer loop
      vertex 3.88753 31.1298 5
      vertex 3.83783 31.1261 5
      vertex 3.77566 31.6222 0
    endloop
  endfacet
  facet normal 0.539261 -0.836254 -0.0993826
    outer loop
      vertex 3.65 31.063 5
      vertex 3.60813 31.036 5
      vertex 3.4 31.496 0
    endloop
  endfacet
  facet normal 0.690308 0.716665 -0.0993329
    outer loop
      vertex 3.22559 30.0042 0.799999
      vertex 3.2313 29.9987 0.799999
      vertex 3.16695 29.9498 0
    endloop
  endfacet
  facet normal 0.694463 0.71264 -0.0993266
    outer loop
      vertex 3.53347 30.2899 5
      vertex 3.54876 30.275 5
      vertex 3.5174 30.275 4.78074
    endloop
  endfacet
  facet normal 0.873774 0.476071 -0.0993767
    outer loop
      vertex 3.11497 30.1503 0.799999
      vertex 2.99903 30.1961 0
      vertex 3.07111 30.2308 0.799999
    endloop
  endfacet
  facet normal 0.873749 0.476118 -0.0993704
    outer loop
      vertex 2.99903 30.1961 0
      vertex 3.11497 30.1503 0.799999
      vertex 3.04671 30.1086 0
    endloop
  endfacet
  facet normal 0.87406 0.475545 -0.099381
    outer loop
      vertex 3.31907 30.275 3.19187
      vertex 3.44952 30.4131 5
      vertex 3.47335 30.3693 5
    endloop
  endfacet
  facet normal 0.873952 0.475741 -0.0993882
    outer loop
      vertex 3.44952 30.4131 5
      vertex 3.31907 30.275 3.19187
      vertex 3.16284 30.275 1.81809
    endloop
  endfacet
  facet normal 0.990111 0.0990111 -0.0993814
    outer loop
      vertex 3.40062 30.6051 5
      vertex 3.40558 30.5555 5
      vertex 2.90124 30.5802 0
    endloop
  endfacet
  facet normal 0.454433 0.885222 -0.0993602
    outer loop
      vertex 3.48871 29.7185 0
      vertex 3.44 29.8333 0.799999
      vertex 3.52162 29.7914 0.799999
    endloop
  endfacet
  facet normal 0.454117 0.885379 -0.099402
    outer loop
      vertex 3.44 29.8333 0.799999
      vertex 3.48871 29.7185 0
      vertex 3.4 29.764 0
    endloop
  endfacet
  facet normal 0.26972 0.957804 -0.0993122
    outer loop
      vertex 3.67748 29.6551 0
      vertex 3.60699 29.7579 0.799999
      vertex 3.6876 29.7352 0.799999
    endloop
  endfacet
  facet normal 0.269484 0.957867 -0.0993411
    outer loop
      vertex 3.60699 29.7579 0.799999
      vertex 3.67748 29.6551 0
      vertex 3.58151 29.6821 0
    endloop
  endfacet
  facet normal 0.262448 0.959811 -0.0994211
    outer loop
      vertex 3.6876 29.7352 0.799999
      vertex 3.69528 29.7331 0.799999
      vertex 3.67748 29.6551 0
    endloop
  endfacet
  facet normal -0.729486 0.676735 -0.0993949
    outer loop
      vertex 4.66604 29.9872 0
      vertex 4.54238 29.9714 0.799999
      vertex 4.59934 30.0328 0.799999
    endloop
  endfacet
  facet normal -0.729555 0.67666 -0.099407
    outer loop
      vertex 4.54238 29.9714 0.799999
      vertex 4.66604 29.9872 0
      vertex 4.59824 29.9141 0
    endloop
  endfacet
  facet normal -0.729383 0.67685 -0.0993725
    outer loop
      vertex 4.28302 30.3086 5
      vertex 4.32307 30.275 4.47718
      vertex 4.25184 30.275 5
    endloop
  endfacet
  facet normal -0.727022 0.67939 -0.0993408
    outer loop
      vertex 4.60476 30.0386 0.799999
      vertex 4.66604 29.9872 0
      vertex 4.59934 30.0328 0.799999
    endloop
  endfacet
  facet normal -0.575988 0.811391 -0.0994115
    outer loop
      vertex 4.40562 29.8618 0.799999
      vertex 4.44255 29.79 0
      vertex 4.39914 29.8572 0.799999
    endloop
  endfacet
  facet normal -0.934937 0.340613 -0.0993801
    outer loop
      vertex 4.37779 30.4826 5
      vertex 4.85557 30.3352 0
      vertex 4.36074 30.4358 5
    endloop
  endfacet
  facet normal 0.269484 -0.957864 -0.0993694
    outer loop
      vertex 3.67748 31.6049 0
      vertex 3.74076 31.104 5
      vertex 3.58151 31.5779 0
    endloop
  endfacet
  facet normal 0.26951 -0.957857 -0.099369
    outer loop
      vertex 3.74076 31.104 5
      vertex 3.67748 31.6049 0
      vertex 3.78874 31.1175 5
    endloop
  endfacet
  facet normal 0.172675 -0.979954 -0.0993683
    outer loop
      vertex 3.77566 31.6222 0
      vertex 3.78874 31.1175 5
      vertex 3.67748 31.6049 0
    endloop
  endfacet
  facet normal 0.454118 -0.885381 -0.0993799
    outer loop
      vertex 3.48871 31.5415 0
      vertex 3.65 31.063 5
      vertex 3.4 31.496 0
    endloop
  endfacet
  facet normal 0.454868 -0.884998 -0.0993674
    outer loop
      vertex 3.65 31.063 5
      vertex 3.48871 31.5415 0
      vertex 3.69436 31.0858 5
    endloop
  endfacet
  facet normal 0.694767 -0.712336 -0.0993836
    outer loop
      vertex 3.23831 31.3798 0
      vertex 3.56916 31.0049 5
      vertex 3.16695 31.3102 0
    endloop
  endfacet
  facet normal 0.694667 -0.712433 -0.0993816
    outer loop
      vertex 3.56916 31.0049 5
      vertex 3.53347 30.9701 5
      vertex 3.16695 31.3102 0
    endloop
  endfacet
  facet normal 0.917773 0.384472 -0.0993679
    outer loop
      vertex 3.06801 30.2382 0.799999
      vertex 3.07111 30.2308 0.799999
      vertex 2.99903 30.1961 0
    endloop
  endfacet
  facet normal 0.91676 0.386877 -0.0993882
    outer loop
      vertex 3.16284 30.275 1.81809
      vertex 3.43015 30.459 5
      vertex 3.44952 30.4131 5
    endloop
  endfacet
  facet normal 0.916749 0.386902 -0.0993888
    outer loop
      vertex 3.43015 30.459 5
      vertex 3.16284 30.275 1.81809
      vertex 3.1284 30.275 1.50042
    endloop
  endfacet
  facet normal 0.17357 0.979804 -0.0992799
    outer loop
      vertex 3.77566 29.6378 0
      vertex 3.69528 29.7331 0.799999
      vertex 3.7856 29.7171 0.799999
    endloop
  endfacet
  facet normal 0.172674 0.979952 -0.0993874
    outer loop
      vertex 3.69528 29.7331 0.799999
      vertex 3.77566 29.6378 0
      vertex 3.67748 29.6551 0
    endloop
  endfacet
  facet normal 0.36222 0.926782 -0.099354
    outer loop
      vertex 3.52162 29.7914 0.799999
      vertex 3.52904 29.7885 0.799999
      vertex 3.48871 29.7185 0
    endloop
  endfacet
  facet normal 0.363605 0.926241 -0.0993423
    outer loop
      vertex 3.58151 29.6821 0
      vertex 3.52904 29.7885 0.799999
      vertex 3.60699 29.7579 0.799999
    endloop
  endfacet
  facet normal 0.363348 0.926339 -0.099372
    outer loop
      vertex 3.52904 29.7885 0.799999
      vertex 3.58151 29.6821 0
      vertex 3.48871 29.7185 0
    endloop
  endfacet
  facet normal -0.849171 0.518682 -0.0993882
    outer loop
      vertex 4.48663 30.275 3.13474
      vertex 4.33911 30.3909 5
      vertex 4.55189 30.275 2.57716
    endloop
  endfacet
  facet normal -0.849442 0.518239 -0.0993822
    outer loop
      vertex 4.33911 30.3909 5
      vertex 4.48663 30.275 3.13474
      vertex 4.31312 30.3483 5
    endloop
  endfacet
  facet normal -0.848808 0.519271 -0.0994068
    outer loop
      vertex 4.70796 30.19 0.799999
      vertex 4.77822 30.1517 0
      vertex 4.7038 30.1832 0.799999
    endloop
  endfacet
  facet normal -0.896521 0.43171 -0.0993829
    outer loop
      vertex 4.55189 30.275 2.57716
      vertex 4.36074 30.4358 5
      vertex 4.74216 30.275 0.860758
    endloop
  endfacet
  facet normal -0.896451 0.431854 -0.099387
    outer loop
      vertex 4.36074 30.4358 5
      vertex 4.55189 30.275 2.57716
      vertex 4.33911 30.3909 5
    endloop
  endfacet
  facet normal -0.896419 0.431931 -0.0993424
    outer loop
      vertex 4.82148 30.2416 0
      vertex 4.70796 30.19 0.799999
      vertex 4.74776 30.2726 0.799999
    endloop
  endfacet
  facet normal -0.896637 0.431463 -0.0994036
    outer loop
      vertex 4.70796 30.19 0.799999
      vertex 4.82148 30.2416 0
      vertex 4.77822 30.1517 0
    endloop
  endfacet
  facet normal -0.993817 -0.0495112 -0.0993817
    outer loop
      vertex 4.9 1.17 0
      vertex 4.4 1.17 5
      vertex 4.39752 1.21978 5
    endloop
  endfacet
  facet normal -0.993812 -0.0496058 -0.0993803
    outer loop
      vertex 4.89503 1.26957 0
      vertex 4.9 1.17 0
      vertex 4.39752 1.21978 5
    endloop
  endfacet
  facet normal 0.995049 0 -0.0993816
    outer loop
      vertex 3.40062 1.14508 5
      vertex 2.90124 1.21985 0
      vertex 3.40062 1.19492 5
    endloop
  endfacet
  facet normal 0.995049 0 -0.0993816
    outer loop
      vertex 2.90124 1.21985 0
      vertex 3.40062 1.14508 5
      vertex 2.90124 1.12015 0
    endloop
  endfacet
  facet normal -0.983934 -0.148319 -0.0993803
    outer loop
      vertex 4.88017 1.36815 0
      vertex 4.39752 1.21978 5
      vertex 4.39009 1.26907 5
    endloop
  endfacet
  facet normal -0.96428 -0.245536 -0.0993804
    outer loop
      vertex 4.85557 1.46476 0
      vertex 4.88017 1.36815 0
      vertex 4.39009 1.26907 5
    endloop
  endfacet
  facet normal -0.123735 0.987326 -0.0993814
    outer loop
      vertex 4.07365 0.185192 0
      vertex 3.97473 0.172795 0
      vertex 3.93736 0.671397 5
    endloop
  endfacet
  facet normal 0.0736438 -0.99232 -0.0993905
    outer loop
      vertex 3.87507 2.16969 0
      vertex 3.87706 2.08971 0.799999
      vertex 3.86911 2.08912 0.799999
    endloop
  endfacet
  facet normal 0.9901 0.0991198 -0.0993804
    outer loop
      vertex 3.40558 1.09548 5
      vertex 2.91117 1.02096 0
      vertex 2.90124 1.12015 0
    endloop
  endfacet
  facet normal 0.975328 0.197128 -0.0993813
    outer loop
      vertex 3.41546 1.04662 5
      vertex 2.93092 0.923243 0
      vertex 2.91117 1.02096 0
    endloop
  endfacet
  facet normal -0.729464 0.676761 -0.0993813
    outer loop
      vertex 4.28302 0.848606 5
      vertex 4.66604 0.527212 0
      vertex 4.24912 0.812066 5
    endloop
  endfacet
  facet normal -0.983933 0.148323 -0.0993803
    outer loop
      vertex 4.89503 1.07043 0
      vertex 4.88017 0.971853 0
      vertex 4.39752 1.12022 5
    endloop
  endfacet
  facet normal 0.694819 -0.712286 -0.0993747
    outer loop
      vertex 3.23831 1.91978 0
      vertex 3.2313 1.80133 0.799999
      vertex 3.16695 1.85017 0
    endloop
  endfacet
  facet normal 0.694758 -0.712344 -0.0993837
    outer loop
      vertex 3.2313 1.80133 0.799999
      vertex 3.23831 1.91978 0
      vertex 3.29125 1.8598 0.799999
    endloop
  endfacet
  facet normal 0.173494 -0.979807 -0.0993915
    outer loop
      vertex 3.70313 2.06832 0.799999
      vertex 3.69528 2.06693 0.799999
      vertex 3.67748 2.14493 0
    endloop
  endfacet
  facet normal 0.620421 0.777947 -0.0993808
    outer loop
      vertex 3.31626 0.358062 0
      vertex 3.56916 0.795109 5
      vertex 3.60813 0.76403 5
    endloop
  endfacet
  facet normal 0.62036 0.777995 -0.0993819
    outer loop
      vertex 3.56916 0.795109 5
      vertex 3.31626 0.358062 0
      vertex 3.23831 0.420218 0
    endloop
  endfacet
  facet normal -0.221388 0.970108 -0.0993817
    outer loop
      vertex 4.03542 0.688687 5
      vertex 4.07365 0.185192 0
      vertex 3.98682 0.677596 5
    endloop
  endfacet
  facet normal -0.316907 0.943236 -0.099381
    outer loop
      vertex 4.26534 0.239126 0
      vertex 4.17084 0.207376 0
      vertex 4.08267 0.704562 5
    endloop
  endfacet
  facet normal -0.658342 0.746129 -0.0993824
    outer loop
      vertex 4.24912 0.812066 5
      vertex 4.52349 0.388168 0
      vertex 4.21174 0.779084 5
    endloop
  endfacet
  facet normal -0.935026 0.340369 -0.0993797
    outer loop
      vertex 4.37779 1.02262 5
      vertex 4.85557 0.875244 0
      vertex 4.36074 0.975782 5
    endloop
  endfacet
  facet normal -0.964286 0.245513 -0.0993798
    outer loop
      vertex 4.39009 1.07093 5
      vertex 4.85557 0.875244 0
      vertex 4.37779 1.02262 5
    endloop
  endfacet
  facet normal -0.983934 -0.148319 -0.0993803
    outer loop
      vertex 4.88017 1.36815 0
      vertex 4.89503 1.26957 0
      vertex 4.39752 1.21978 5
    endloop
  endfacet
  facet normal 0.950825 -0.293352 -0.0993813
    outer loop
      vertex 2.96031 1.51202 0
      vertex 3.41546 1.29338 5
      vertex 2.93092 1.41676 0
    endloop
  endfacet
  facet normal -0.729464 -0.676761 -0.0993826
    outer loop
      vertex 4.66604 1.81279 0
      vertex 4.54238 1.8286 0.799999
      vertex 4.59824 1.88587 0
    endloop
  endfacet
  facet normal -0.729433 -0.676796 -0.099377
    outer loop
      vertex 4.54238 1.8286 0.799999
      vertex 4.66604 1.81279 0
      vertex 4.59934 1.76721 0.799999
    endloop
  endfacet
  facet normal -0.0248358 -0.99474 -0.099376
    outer loop
      vertex 3.87507 2.16969 0
      vertex 3.96875 2.08743 0.799999
      vertex 3.88504 2.08952 0.799999
    endloop
  endfacet
  facet normal -0.0248535 -0.99474 -0.0993739
    outer loop
      vertex 3.96875 2.08743 0.799999
      vertex 3.87507 2.16969 0
      vertex 3.97473 2.1672 0
    endloop
  endfacet
  facet normal -0.498112 -0.861397 -0.099397
    outer loop
      vertex 4.44255 2.01003 0
      vertex 4.39914 1.94282 0.799999
      vertex 4.39224 1.94681 0.799999
    endloop
  endfacet
  facet normal 0.950828 0.293341 -0.0993812
    outer loop
      vertex 3.41546 1.04662 5
      vertex 2.96031 0.827979 0
      vertex 2.93092 0.923243 0
    endloop
  endfacet
  facet normal 0.97531 0.197218 -0.0993799
    outer loop
      vertex 3.40558 1.09548 5
      vertex 3.41546 1.04662 5
      vertex 2.91117 1.02096 0
    endloop
  endfacet
  facet normal -0.0247937 0.99474 -0.0993812
    outer loop
      vertex 3.97473 0.172795 0
      vertex 3.88753 0.670155 5
      vertex 3.93736 0.671397 5
    endloop
  endfacet
  facet normal -0.0248036 0.99474 -0.0993814
    outer loop
      vertex 3.88753 0.670155 5
      vertex 3.97473 0.172795 0
      vertex 3.87507 0.17031 0
    endloop
  endfacet
  facet normal 0.363556 0.926256 -0.099382
    outer loop
      vertex 3.69436 0.714247 5
      vertex 3.74076 0.696035 5
      vertex 3.48871 0.258493 0
    endloop
  endfacet
  facet normal -0.221429 0.970099 -0.0993811
    outer loop
      vertex 4.17084 0.207376 0
      vertex 4.07365 0.185192 0
      vertex 4.03542 0.688687 5
    endloop
  endfacet
  facet normal -0.123745 0.987325 -0.0993815
    outer loop
      vertex 3.98682 0.677596 5
      vertex 4.07365 0.185192 0
      vertex 3.93736 0.671397 5
    endloop
  endfacet
  facet normal -0.580874 0.807904 -0.099382
    outer loop
      vertex 4.52349 0.388168 0
      vertex 4.44255 0.329973 0
      vertex 4.21174 0.779084 5
    endloop
  endfacet
  facet normal -0.409213 0.907011 -0.0993804
    outer loop
      vertex 4.12811 0.725063 5
      vertex 4.35621 0.280128 0
      vertex 4.08267 0.704562 5
    endloop
  endfacet
  facet normal -0.793161 0.600849 -0.099381
    outer loop
      vertex 4.72624 0.60668 0
      vertex 4.66604 0.527212 0
      vertex 4.31312 0.888339 5
    endloop
  endfacet
  facet normal -0.849084 0.518825 -0.0993813
    outer loop
      vertex 4.33911 0.930873 5
      vertex 4.77822 0.691746 0
      vertex 4.31312 0.888339 5
    endloop
  endfacet
  facet normal -0.849079 0.518834 -0.0993811
    outer loop
      vertex 4.77822 0.691746 0
      vertex 4.72624 0.60668 0
      vertex 4.31312 0.888339 5
    endloop
  endfacet
  facet normal -0.964279 0.245539 -0.0993802
    outer loop
      vertex 4.88017 0.971853 0
      vertex 4.85557 0.875244 0
      vertex 4.39009 1.07093 5
    endloop
  endfacet
  facet normal 0.97531 -0.197218 -0.0993799
    outer loop
      vertex 3.41546 1.29338 5
      vertex 3.40558 1.24452 5
      vertex 2.91117 1.31904 0
    endloop
  endfacet
  facet normal 0.822111 -0.560585 -0.0993838
    outer loop
      vertex 3.47335 1.43072 5
      vertex 3.43133 1.525 4.12061
      vertex 3.50143 1.4719 5
    endloop
  endfacet
  facet normal 0.822165 -0.560507 -0.099378
    outer loop
      vertex 3.43133 1.525 4.12061
      vertex 3.47335 1.43072 5
      vertex 3.31907 1.525 3.19187
    endloop
  endfacet
  facet normal 0.822144 -0.560539 -0.0993778
    outer loop
      vertex 3.16664 1.7255 0.799999
      vertex 3.04671 1.69143 0
      vertex 3.10287 1.7738 0
    endloop
  endfacet
  facet normal 0.822128 -0.560562 -0.0993745
    outer loop
      vertex 3.04671 1.69143 0
      vertex 3.16664 1.7255 0.799999
      vertex 3.11497 1.64972 0.799999
    endloop
  endfacet
  facet normal 0.694699 -0.712405 -0.0993604
    outer loop
      vertex 3.54876 1.525 5
      vertex 3.53347 1.51009 5
      vertex 3.5174 1.525 4.78074
    endloop
  endfacet
  facet normal 0.69482 -0.712285 -0.0993747
    outer loop
      vertex 3.2313 1.80133 0.799999
      vertex 3.22559 1.79576 0.799999
      vertex 3.16695 1.85017 0
    endloop
  endfacet
  facet normal 0.539895 -0.835844 -0.099387
    outer loop
      vertex 3.4 2.03603 0
      vertex 3.36296 1.91698 0.799999
      vertex 3.31626 1.98194 0
    endloop
  endfacet
  facet normal 0.539941 -0.835815 -0.0993806
    outer loop
      vertex 3.36296 1.91698 0.799999
      vertex 3.4 2.03603 0
      vertex 3.4333 1.96242 0.799999
    endloop
  endfacet
  facet normal 0.363521 -0.92627 -0.0993839
    outer loop
      vertex 3.58151 2.11793 0
      vertex 3.52162 2.00859 0.799999
      vertex 3.48871 2.08151 0
    endloop
  endfacet
  facet normal 0.363483 -0.926284 -0.0993888
    outer loop
      vertex 3.52162 2.00859 0.799999
      vertex 3.58151 2.11793 0
      vertex 3.60699 2.04209 0.799999
    endloop
  endfacet
  facet normal 0.269483 -0.957863 -0.0993885
    outer loop
      vertex 3.67748 2.14493 0
      vertex 3.60699 2.04209 0.799999
      vertex 3.58151 2.11793 0
    endloop
  endfacet
  facet normal 0.26949 -0.957861 -0.0993877
    outer loop
      vertex 3.60699 2.04209 0.799999
      vertex 3.67748 2.14493 0
      vertex 3.69528 2.06693 0.799999
    endloop
  endfacet
  facet normal 0.172771 -0.979935 -0.0993807
    outer loop
      vertex 3.77566 2.16224 0
      vertex 3.70313 2.06832 0.799999
      vertex 3.67748 2.14493 0
    endloop
  endfacet
  facet normal 0.172769 -0.979936 -0.0993809
    outer loop
      vertex 3.70313 2.06832 0.799999
      vertex 3.77566 2.16224 0
      vertex 3.7856 2.08286 0.799999
    endloop
  endfacet
  facet normal 0.0743813 -0.992265 -0.0993818
    outer loop
      vertex 3.77566 2.16224 0
      vertex 3.86911 2.08912 0.799999
      vertex 3.7856 2.08286 0.799999
    endloop
  endfacet
  facet normal 0.0743626 -0.992267 -0.0993798
    outer loop
      vertex 3.86911 2.08912 0.799999
      vertex 3.77566 2.16224 0
      vertex 3.87507 2.16969 0
    endloop
  endfacet
  facet normal -0.964286 -0.245513 -0.09938
    outer loop
      vertex 4.85557 1.46476 0
      vertex 4.39009 1.26907 5
      vertex 4.37779 1.31738 5
    endloop
  endfacet
  facet normal -0.93503 -0.340356 -0.0993801
    outer loop
      vertex 4.85557 1.46476 0
      vertex 4.37779 1.31738 5
      vertex 4.36074 1.36422 5
    endloop
  endfacet
  facet normal -0.934909 -0.340687 -0.0993834
    outer loop
      vertex 4.82148 1.55843 0
      vertex 4.74862 1.525 0.799999
      vertex 4.74776 1.52736 0.799999
    endloop
  endfacet
  facet normal -0.935051 -0.3403 -0.0993801
    outer loop
      vertex 4.85557 1.46476 0
      vertex 4.74862 1.525 0.799999
      vertex 4.82148 1.55843 0
    endloop
  endfacet
  facet normal -0.935199 -0.339875 -0.099432
    outer loop
      vertex 4.85557 1.46476 0
      vertex 4.74216 1.525 0.860758
      vertex 4.74862 1.525 0.799999
    endloop
  endfacet
  facet normal -0.935044 -0.340316 -0.0993807
    outer loop
      vertex 4.74216 1.525 0.860758
      vertex 4.85557 1.46476 0
      vertex 4.36074 1.36422 5
    endloop
  endfacet
  facet normal -0.8965 -0.431753 -0.0993806
    outer loop
      vertex 4.36074 1.36422 5
      vertex 4.55189 1.525 2.57716
      vertex 4.74216 1.525 0.860758
    endloop
  endfacet
  facet normal -0.896489 -0.431776 -0.0993812
    outer loop
      vertex 4.55189 1.525 2.57716
      vertex 4.36074 1.36422 5
      vertex 4.33911 1.40913 5
    endloop
  endfacet
  facet normal -0.896489 -0.431776 -0.0993839
    outer loop
      vertex 4.82148 1.55843 0
      vertex 4.70796 1.60999 0.799999
      vertex 4.77822 1.64825 0
    endloop
  endfacet
  facet normal -0.896477 -0.431802 -0.0993806
    outer loop
      vertex 4.70796 1.60999 0.799999
      vertex 4.82148 1.55843 0
      vertex 4.74776 1.52736 0.799999
    endloop
  endfacet
  facet normal -0.72992 -0.676268 -0.0993876
    outer loop
      vertex 4.66604 1.81279 0
      vertex 4.60476 1.76136 0.799999
      vertex 4.59934 1.76721 0.799999
    endloop
  endfacet
  facet normal -0.729482 -0.676741 -0.0993861
    outer loop
      vertex 4.32307 1.525 4.47718
      vertex 4.28302 1.49139 5
      vertex 4.25184 1.525 5
    endloop
  endfacet
  facet normal -0.123574 -0.987347 -0.0993747
    outer loop
      vertex 3.97473 2.1672 0
      vertex 3.97666 2.08644 0.799999
      vertex 3.96875 2.08743 0.799999
    endloop
  endfacet
  facet normal -0.409215 -0.90701 -0.0993831
    outer loop
      vertex 4.26534 2.10087 0
      vertex 4.24338 2.02312 0.799999
      vertex 4.23611 2.0264 0.799999
    endloop
  endfacet
  facet normal -0.657891 -0.746526 -0.0993886
    outer loop
      vertex 4.52349 1.95183 0
      vertex 4.47959 1.88401 0.799999
      vertex 4.47361 1.88928 0.799999
    endloop
  endfacet
  facet normal -0.658394 -0.746084 -0.0993788
    outer loop
      vertex 4.52349 1.95183 0
      vertex 4.54238 1.8286 0.799999
      vertex 4.47959 1.88401 0.799999
    endloop
  endfacet
  facet normal -0.658369 -0.746105 -0.0993826
    outer loop
      vertex 4.54238 1.8286 0.799999
      vertex 4.52349 1.95183 0
      vertex 4.59824 1.88587 0
    endloop
  endfacet
  facet normal 0.269509 0.957856 -0.0993812
    outer loop
      vertex 3.74076 0.696035 5
      vertex 3.78874 0.682535 5
      vertex 3.67748 0.195071 0
    endloop
  endfacet
  facet normal 0.45392 0.885483 -0.0993822
    outer loop
      vertex 3.48871 0.258493 0
      vertex 3.65 0.736987 5
      vertex 3.69436 0.714247 5
    endloop
  endfacet
  facet normal 0.453968 0.885458 -0.0993814
    outer loop
      vertex 3.65 0.736987 5
      vertex 3.48871 0.258493 0
      vertex 3.4 0.303974 0
    endloop
  endfacet
  facet normal 0.990111 0.0990111 -0.099382
    outer loop
      vertex 3.40062 1.14508 5
      vertex 3.40558 1.09548 5
      vertex 2.90124 1.12015 0
    endloop
  endfacet
  facet normal 0.950855 0.293256 -0.0993798
    outer loop
      vertex 3.41546 1.04662 5
      vertex 3.43015 0.998989 5
      vertex 2.96031 0.827979 0
    endloop
  endfacet
  facet normal 0.916928 0.386479 -0.0993803
    outer loop
      vertex 3.43015 0.998989 5
      vertex 2.99903 0.736115 0
      vertex 2.96031 0.827979 0
    endloop
  endfacet
  facet normal 0.762254 0.639603 -0.0993803
    outer loop
      vertex 3.50143 0.868097 5
      vertex 3.53347 0.829913 5
      vertex 3.16695 0.489827 0
    endloop
  endfacet
  facet normal 0.694813 0.712291 -0.0993821
    outer loop
      vertex 3.56916 0.795109 5
      vertex 3.23831 0.420218 0
      vertex 3.16695 0.489827 0
    endloop
  endfacet
  facet normal 0.873946 0.475754 -0.099383
    outer loop
      vertex 3.47335 0.909282 5
      vertex 2.99903 0.736115 0
      vertex 3.44952 0.953057 5
    endloop
  endfacet
  facet normal 0.873864 0.475904 -0.0993804
    outer loop
      vertex 2.99903 0.736115 0
      vertex 3.47335 0.909282 5
      vertex 3.04671 0.648564 0
    endloop
  endfacet
  facet normal -0.497499 0.861753 -0.0993807
    outer loop
      vertex 4.44255 0.329973 0
      vertex 4.35621 0.280128 0
      vertex 4.12811 0.725063 5
    endloop
  endfacet
  facet normal -0.316907 0.943236 -0.099381
    outer loop
      vertex 4.08267 0.704562 5
      vertex 4.17084 0.207376 0
      vertex 4.03542 0.688687 5
    endloop
  endfacet
  facet normal -0.40925 0.906994 -0.0993811
    outer loop
      vertex 4.35621 0.280128 0
      vertex 4.26534 0.239126 0
      vertex 4.08267 0.704562 5
    endloop
  endfacet
  facet normal -0.793153 0.600859 -0.0993812
    outer loop
      vertex 4.31312 0.888339 5
      vertex 4.66604 0.527212 0
      vertex 4.28302 0.848606 5
    endloop
  endfacet
  facet normal -0.983934 0.148319 -0.0993802
    outer loop
      vertex 4.39752 1.12022 5
      vertex 4.88017 0.971853 0
      vertex 4.39009 1.07093 5
    endloop
  endfacet
  facet normal 0.873816 -0.475993 -0.0993783
    outer loop
      vertex 3.31907 1.525 3.19187
      vertex 3.47335 1.43072 5
      vertex 3.2151 1.525 2.27768
    endloop
  endfacet
  facet normal 0.873863 -0.475908 -0.0993751
    outer loop
      vertex 3.11497 1.64972 0.799999
      vertex 2.99903 1.60388 0
      vertex 3.04671 1.69143 0
    endloop
  endfacet
  facet normal 0.873863 -0.475907 -0.0993753
    outer loop
      vertex 2.99903 1.60388 0
      vertex 3.11497 1.64972 0.799999
      vertex 3.07492 1.57618 0.799999
    endloop
  endfacet
  facet normal 0.873969 -0.475712 -0.0993831
    outer loop
      vertex 3.44952 1.38694 5
      vertex 3.2151 1.525 2.27768
      vertex 3.47335 1.43072 5
    endloop
  endfacet
  facet normal 0.873881 -0.475874 -0.0993837
    outer loop
      vertex 3.2151 1.525 2.27768
      vertex 3.44952 1.38694 5
      vertex 3.16283 1.525 1.81807
    endloop
  endfacet
  facet normal 0.874263 -0.47517 -0.0993876
    outer loop
      vertex 3.07492 1.57618 0.799999
      vertex 3.07111 1.56917 0.799999
      vertex 2.99903 1.60388 0
    endloop
  endfacet
  facet normal 0.975329 -0.197122 -0.0993813
    outer loop
      vertex 2.93092 1.41676 0
      vertex 3.41546 1.29338 5
      vertex 2.91117 1.31904 0
    endloop
  endfacet
  facet normal 0.9901 -0.0991198 -0.0993804
    outer loop
      vertex 2.91117 1.31904 0
      vertex 3.40558 1.24452 5
      vertex 2.90124 1.21985 0
    endloop
  endfacet
  facet normal 0 0 -1
    outer loop
      vertex 4.39752 1.12022 5
      vertex 4.39752 1.21978 5
      vertex 4.4 1.17 5
    endloop
  endfacet
  facet normal 0 0 -1
    outer loop
      vertex 4.39009 1.07093 5
      vertex 4.39752 1.21978 5
      vertex 4.39752 1.12022 5
    endloop
  endfacet
  facet normal 0 0 -1
    outer loop
      vertex 4.39009 1.07093 5
      vertex 4.39009 1.26907 5
      vertex 4.39752 1.21978 5
    endloop
  endfacet
  facet normal 0 0 -1
    outer loop
      vertex 4.37779 1.02262 5
      vertex 4.39009 1.26907 5
      vertex 4.39009 1.07093 5
    endloop
  endfacet
  facet normal 0 0 -1
    outer loop
      vertex 4.37779 1.02262 5
      vertex 4.37779 1.31738 5
      vertex 4.39009 1.26907 5
    endloop
  endfacet
  facet normal 0 0 -1
    outer loop
      vertex 4.36074 0.975782 5
      vertex 4.37779 1.31738 5
      vertex 4.37779 1.02262 5
    endloop
  endfacet
  facet normal 0 0 -1
    outer loop
      vertex 4.36074 0.975782 5
      vertex 4.36074 1.36422 5
      vertex 4.37779 1.31738 5
    endloop
  endfacet
  facet normal 0 0 -1
    outer loop
      vertex 4.33911 0.930873 5
      vertex 4.36074 1.36422 5
      vertex 4.36074 0.975782 5
    endloop
  endfacet
  facet normal 0 0 -1
    outer loop
      vertex 4.33911 0.930873 5
      vertex 4.33911 1.40913 5
      vertex 4.36074 1.36422 5
    endloop
  endfacet
  facet normal 0 0 -1
    outer loop
      vertex 4.31312 0.888339 5
      vertex 4.33911 1.40913 5
      vertex 4.33911 0.930873 5
    endloop
  endfacet
  facet normal 0 0 -1
    outer loop
      vertex 4.31312 0.888339 5
      vertex 4.31312 1.45166 5
      vertex 4.33911 1.40913 5
    endloop
  endfacet
  facet normal 0 0 -1
    outer loop
      vertex 4.28302 0.848606 5
      vertex 4.31312 1.45166 5
      vertex 4.31312 0.888339 5
    endloop
  endfacet
  facet normal 0 0 -1
    outer loop
      vertex 4.28302 0.848606 5
      vertex 4.28302 1.49139 5
      vertex 4.31312 1.45166 5
    endloop
  endfacet
  facet normal 0 0 -1
    outer loop
      vertex 4.28302 0.848606 5
      vertex 4.25184 1.525 5
      vertex 4.28302 1.49139 5
    endloop
  endfacet
  facet normal 0 0 -1
    outer loop
      vertex 4.24912 0.812066 5
      vertex 4.25184 1.525 5
      vertex 4.28302 0.848606 5
    endloop
  endfacet
  facet normal 0 0 -1
    outer loop
      vertex 4.21174 0.779084 5
      vertex 4.25184 1.525 5
      vertex 4.24912 0.812066 5
    endloop
  endfacet
  facet normal 0 0 -1
    outer loop
      vertex 4.17127 0.749987 5
      vertex 4.25184 1.525 5
      vertex 4.21174 0.779084 5
    endloop
  endfacet
  facet normal 0 0 -1
    outer loop
      vertex 4.12811 0.725063 5
      vertex 4.25184 1.525 5
      vertex 4.17127 0.749987 5
    endloop
  endfacet
  facet normal 0 0 -1
    outer loop
      vertex 4.08267 0.704562 5
      vertex 4.25184 1.525 5
      vertex 4.12811 0.725063 5
    endloop
  endfacet
  facet normal 0 0 -1
    outer loop
      vertex 4.03542 0.688687 5
      vertex 4.25184 1.525 5
      vertex 4.08267 0.704562 5
    endloop
  endfacet
  facet normal 0 0 -1
    outer loop
      vertex 3.98682 0.677596 5
      vertex 4.25184 1.525 5
      vertex 4.03542 0.688687 5
    endloop
  endfacet
  facet normal 0 0 -1
    outer loop
      vertex 3.93736 0.671397 5
      vertex 4.25184 1.525 5
      vertex 3.98682 0.677596 5
    endloop
  endfacet
  facet normal 0 0 -1
    outer loop
      vertex 3.88753 0.670155 5
      vertex 4.25184 1.525 5
      vertex 3.93736 0.671397 5
    endloop
  endfacet
  facet normal 0 0 -1
    outer loop
      vertex 3.83783 0.67388 5
      vertex 4.25184 1.525 5
      vertex 3.88753 0.670155 5
    endloop
  endfacet
  facet normal 0 0 -1
    outer loop
      vertex 3.78874 0.682535 5
      vertex 4.25184 1.525 5
      vertex 3.83783 0.67388 5
    endloop
  endfacet
  facet normal 0 0 -1
    outer loop
      vertex 3.74076 0.696035 5
      vertex 4.25184 1.525 5
      vertex 3.78874 0.682535 5
    endloop
  endfacet
  facet normal 0 0 -1
    outer loop
      vertex 3.69436 0.714247 5
      vertex 4.25184 1.525 5
      vertex 3.74076 0.696035 5
    endloop
  endfacet
  facet normal 0 0 -1
    outer loop
      vertex 3.65 0.736987 5
      vertex 4.25184 1.525 5
      vertex 3.69436 0.714247 5
    endloop
  endfacet
  facet normal 0 0 -1
    outer loop
      vertex 3.60813 0.76403 5
      vertex 4.25184 1.525 5
      vertex 3.65 0.736987 5
    endloop
  endfacet
  facet normal 0 0 -1
    outer loop
      vertex 3.56916 0.795109 5
      vertex 4.25184 1.525 5
      vertex 3.60813 0.76403 5
    endloop
  endfacet
  facet normal 0 0 -1
    outer loop
      vertex 3.56916 0.795109 5
      vertex 3.54876 1.525 5
      vertex 4.25184 1.525 5
    endloop
  endfacet
  facet normal 0 0 -1
    outer loop
      vertex 3.53347 0.829913 5
      vertex 3.54876 1.525 5
      vertex 3.56916 0.795109 5
    endloop
  endfacet
  facet normal 0 0 -1
    outer loop
      vertex 3.50143 0.868097 5
      vertex 3.54876 1.525 5
      vertex 3.53347 0.829913 5
    endloop
  endfacet
  facet normal 0 0 -1
    outer loop
      vertex 3.50143 1.4719 5
      vertex 3.54876 1.525 5
      vertex 3.50143 0.868097 5
    endloop
  endfacet
  facet normal 0 0 -1
    outer loop
      vertex 3.54876 1.525 5
      vertex 3.50143 1.4719 5
      vertex 3.53347 1.51009 5
    endloop
  endfacet
  facet normal 0 0 -1
    outer loop
      vertex 3.47335 0.909282 5
      vertex 3.50143 1.4719 5
      vertex 3.50143 0.868097 5
    endloop
  endfacet
  facet normal 0 0 -1
    outer loop
      vertex 3.47335 0.909282 5
      vertex 3.47335 1.43072 5
      vertex 3.50143 1.4719 5
    endloop
  endfacet
  facet normal 0 0 -1
    outer loop
      vertex 3.44952 0.953057 5
      vertex 3.47335 1.43072 5
      vertex 3.47335 0.909282 5
    endloop
  endfacet
  facet normal 0 0 -1
    outer loop
      vertex 3.44952 0.953057 5
      vertex 3.44952 1.38694 5
      vertex 3.47335 1.43072 5
    endloop
  endfacet
  facet normal 0 0 -1
    outer loop
      vertex 3.43015 0.998989 5
      vertex 3.44952 1.38694 5
      vertex 3.44952 0.953057 5
    endloop
  endfacet
  facet normal 0 0 -1
    outer loop
      vertex 3.43015 0.998989 5
      vertex 3.43015 1.34101 5
      vertex 3.44952 1.38694 5
    endloop
  endfacet
  facet normal 0 0 -1
    outer loop
      vertex 3.41546 1.04662 5
      vertex 3.43015 1.34101 5
      vertex 3.43015 0.998989 5
    endloop
  endfacet
  facet normal 0 0 -1
    outer loop
      vertex 3.41546 1.04662 5
      vertex 3.41546 1.29338 5
      vertex 3.43015 1.34101 5
    endloop
  endfacet
  facet normal 0 0 -1
    outer loop
      vertex 3.40558 1.09548 5
      vertex 3.41546 1.29338 5
      vertex 3.41546 1.04662 5
    endloop
  endfacet
  facet normal 0 0 -1
    outer loop
      vertex 3.40558 1.09548 5
      vertex 3.40558 1.24452 5
      vertex 3.41546 1.29338 5
    endloop
  endfacet
  facet normal 0 0 -1
    outer loop
      vertex 3.40062 1.14508 5
      vertex 3.40558 1.24452 5
      vertex 3.40558 1.09548 5
    endloop
  endfacet
  facet normal 0 0 -1
    outer loop
      vertex 3.40558 1.24452 5
      vertex 3.40062 1.14508 5
      vertex 3.40062 1.19492 5
    endloop
  endfacet
  facet normal 0.620384 -0.777976 -0.0993828
    outer loop
      vertex 3.31626 1.98194 0
      vertex 3.29125 1.8598 0.799999
      vertex 3.23831 1.91978 0
    endloop
  endfacet
  facet normal 0.620358 -0.777997 -0.0993868
    outer loop
      vertex 3.29125 1.8598 0.799999
      vertex 3.31626 1.98194 0
      vertex 3.36296 1.91698 0.799999
    endloop
  endfacet
  facet normal -0.849089 -0.518816 -0.0993849
    outer loop
      vertex 4.77822 1.64825 0
      vertex 4.66014 1.68825 0.799999
      vertex 4.72624 1.73332 0
    endloop
  endfacet
  facet normal -0.849084 -0.518825 -0.0993837
    outer loop
      vertex 4.66014 1.68825 0.799999
      vertex 4.77822 1.64825 0
      vertex 4.70796 1.60999 0.799999
    endloop
  endfacet
  facet normal -0.849062 -0.518861 -0.0993808
    outer loop
      vertex 4.33911 1.40913 5
      vertex 4.42069 1.525 3.69807
      vertex 4.55189 1.525 2.57716
    endloop
  endfacet
  facet normal -0.849063 -0.51886 -0.0993808
    outer loop
      vertex 4.42069 1.525 3.69807
      vertex 4.33911 1.40913 5
      vertex 4.31312 1.45166 5
    endloop
  endfacet
  facet normal -0.793168 -0.600839 -0.0993832
    outer loop
      vertex 4.72624 1.73332 0
      vertex 4.60476 1.76136 0.799999
      vertex 4.66604 1.81279 0
    endloop
  endfacet
  facet normal -0.793179 -0.600824 -0.0993855
    outer loop
      vertex 4.60476 1.76136 0.799999
      vertex 4.72624 1.73332 0
      vertex 4.66014 1.68825 0.799999
    endloop
  endfacet
  facet normal -0.793161 -0.600848 -0.0993806
    outer loop
      vertex 4.31312 1.45166 5
      vertex 4.32307 1.525 4.47718
      vertex 4.42069 1.525 3.69807
    endloop
  endfacet
  facet normal -0.793131 -0.600887 -0.0993855
    outer loop
      vertex 4.32307 1.525 4.47718
      vertex 4.31312 1.45166 5
      vertex 4.28302 1.49139 5
    endloop
  endfacet
  facet normal -0.0236849 -0.994766 -0.099393
    outer loop
      vertex 3.88504 2.08952 0.799999
      vertex 3.87706 2.08971 0.799999
      vertex 3.87507 2.16969 0
    endloop
  endfacet
  facet normal -0.580952 -0.807847 -0.099386
    outer loop
      vertex 4.52349 1.95183 0
      vertex 4.47361 1.88928 0.799999
      vertex 4.46713 1.89394 0.799999
    endloop
  endfacet
  facet normal -0.580841 -0.807926 -0.0993939
    outer loop
      vertex 4.44255 2.01003 0
      vertex 4.46713 1.89394 0.799999
      vertex 4.39914 1.94282 0.799999
    endloop
  endfacet
  facet normal -0.580907 -0.80788 -0.0993852
    outer loop
      vertex 4.46713 1.89394 0.799999
      vertex 4.44255 2.01003 0
      vertex 4.52349 1.95183 0
    endloop
  endfacet
  facet normal -0.409237 -0.907 -0.0993827
    outer loop
      vertex 4.26534 2.10087 0
      vertex 4.31971 1.98868 0.799999
      vertex 4.24338 2.02312 0.799999
    endloop
  endfacet
  facet normal -0.409233 -0.907001 -0.0993832
    outer loop
      vertex 4.31971 1.98868 0.799999
      vertex 4.26534 2.10087 0
      vertex 4.35621 2.05987 0
    endloop
  endfacet
  facet normal -0.497478 -0.861765 -0.0993838
    outer loop
      vertex 4.35621 2.05987 0
      vertex 4.39224 1.94681 0.799999
      vertex 4.31971 1.98868 0.799999
    endloop
  endfacet
  facet normal -0.497461 -0.861774 -0.0993859
    outer loop
      vertex 4.39224 1.94681 0.799999
      vertex 4.35621 2.05987 0
      vertex 4.44255 2.01003 0
    endloop
  endfacet
  facet normal -0.221489 -0.970085 -0.0993821
    outer loop
      vertex 4.07365 2.15481 0
      vertex 4.14917 2.05561 0.799999
      vertex 4.06753 2.07425 0.799999
    endloop
  endfacet
  facet normal -0.221486 -0.970086 -0.0993825
    outer loop
      vertex 4.14917 2.05561 0.799999
      vertex 4.07365 2.15481 0
      vertex 4.17084 2.13262 0
    endloop
  endfacet
  facet normal -0.221009 -0.970194 -0.0993894
    outer loop
      vertex 4.07365 2.15481 0
      vertex 4.06753 2.07425 0.799999
      vertex 4.05976 2.07602 0.799999
    endloop
  endfacet
  facet normal -0.123801 -0.987319 -0.0993713
    outer loop
      vertex 3.97473 2.1672 0
      vertex 4.05976 2.07602 0.799999
      vertex 3.97666 2.08644 0.799999
    endloop
  endfacet
  facet normal -0.123666 -0.987334 -0.0993874
    outer loop
      vertex 4.05976 2.07602 0.799999
      vertex 3.97473 2.1672 0
      vertex 4.07365 2.15481 0
    endloop
  endfacet
  facet normal 0.269502 0.957858 -0.0993813
    outer loop
      vertex 3.74076 0.696035 5
      vertex 3.67748 0.195071 0
      vertex 3.58151 0.222073 0
    endloop
  endfacet
  facet normal 0.363521 0.92627 -0.0993815
    outer loop
      vertex 3.74076 0.696035 5
      vertex 3.58151 0.222073 0
      vertex 3.48871 0.258493 0
    endloop
  endfacet
  facet normal 0.172771 0.979935 -0.0993814
    outer loop
      vertex 3.77566 0.17776 0
      vertex 3.78874 0.682535 5
      vertex 3.83783 0.67388 5
    endloop
  endfacet
  facet normal 0.172781 0.979934 -0.0993812
    outer loop
      vertex 3.78874 0.682535 5
      vertex 3.77566 0.17776 0
      vertex 3.67748 0.195071 0
    endloop
  endfacet
  facet normal 0.539881 0.835854 -0.099381
    outer loop
      vertex 3.60813 0.76403 5
      vertex 3.4 0.303974 0
      vertex 3.31626 0.358062 0
    endloop
  endfacet
  facet normal 0.916857 0.386648 -0.099383
    outer loop
      vertex 3.43015 0.998989 5
      vertex 3.44952 0.953057 5
      vertex 2.99903 0.736115 0
    endloop
  endfacet
  facet normal 0.694708 0.712393 -0.0993799
    outer loop
      vertex 3.53347 0.829913 5
      vertex 3.56916 0.795109 5
      vertex 3.16695 0.489827 0
    endloop
  endfacet
  facet normal 0.822143 0.560539 -0.0993804
    outer loop
      vertex 3.50143 0.868097 5
      vertex 3.04671 0.648564 0
      vertex 3.47335 0.909282 5
    endloop
  endfacet
  facet normal 0.82214 0.560543 -0.0993803
    outer loop
      vertex 3.04671 0.648564 0
      vertex 3.50143 0.868097 5
      vertex 3.10287 0.566195 0
    endloop
  endfacet
  facet normal 0.762254 0.639603 -0.0993803
    outer loop
      vertex 3.50143 0.868097 5
      vertex 3.16695 0.489827 0
      vertex 3.10287 0.566195 0
    endloop
  endfacet
  facet normal -0.658397 0.746081 -0.0993813
    outer loop
      vertex 4.59824 0.454133 0
      vertex 4.52349 0.388168 0
      vertex 4.24912 0.812066 5
    endloop
  endfacet
  facet normal -0.72946 0.676766 -0.0993812
    outer loop
      vertex 4.66604 0.527212 0
      vertex 4.59824 0.454133 0
      vertex 4.24912 0.812066 5
    endloop
  endfacet
  facet normal -0.497608 0.86169 -0.0993826
    outer loop
      vertex 4.17127 0.749987 5
      vertex 4.44255 0.329973 0
      vertex 4.12811 0.725063 5
    endloop
  endfacet
  facet normal -0.580868 0.807908 -0.0993821
    outer loop
      vertex 4.21174 0.779084 5
      vertex 4.44255 0.329973 0
      vertex 4.17127 0.749987 5
    endloop
  endfacet
  facet normal -0.896485 0.431784 -0.0993813
    outer loop
      vertex 4.82148 0.781565 0
      vertex 4.33911 0.930873 5
      vertex 4.36074 0.975782 5
    endloop
  endfacet
  facet normal -0.896487 0.43178 -0.0993814
    outer loop
      vertex 4.33911 0.930873 5
      vertex 4.82148 0.781565 0
      vertex 4.77822 0.691746 0
    endloop
  endfacet
  facet normal -0.935061 0.340271 -0.0993813
    outer loop
      vertex 4.85557 0.875244 0
      vertex 4.82148 0.781565 0
      vertex 4.36074 0.975782 5
    endloop
  endfacet
  facet normal -0.993812 0.0496058 -0.0993803
    outer loop
      vertex 4.9 1.17 0
      vertex 4.89503 1.07043 0
      vertex 4.39752 1.12022 5
    endloop
  endfacet
  facet normal -0.993817 0.0495112 -0.0993817
    outer loop
      vertex 4.4 1.17 5
      vertex 4.9 1.17 0
      vertex 4.39752 1.12022 5
    endloop
  endfacet
  facet normal 0.762305 -0.639546 -0.0993609
    outer loop
      vertex 3.50143 1.4719 5
      vertex 3.5174 1.525 4.78074
      vertex 3.53347 1.51009 5
    endloop
  endfacet
  facet normal 0.762246 -0.639613 -0.0993815
    outer loop
      vertex 3.5174 1.525 4.78074
      vertex 3.50143 1.4719 5
      vertex 3.45448 1.525 4.29815
    endloop
  endfacet
  facet normal 0.762677 -0.639101 -0.0993712
    outer loop
      vertex 3.22559 1.79576 0.799999
      vertex 3.22047 1.78965 0.799999
      vertex 3.16695 1.85017 0
    endloop
  endfacet
  facet normal 0.76218 -0.639692 -0.099383
    outer loop
      vertex 3.45448 1.525 4.29815
      vertex 3.50143 1.4719 5
      vertex 3.43133 1.525 4.12061
    endloop
  endfacet
  facet normal 0.762262 -0.639594 -0.0993807
    outer loop
      vertex 3.22047 1.78965 0.799999
      vertex 3.10287 1.7738 0
      vertex 3.16695 1.85017 0
    endloop
  endfacet
  facet normal 0.762242 -0.639618 -0.0993773
    outer loop
      vertex 3.10287 1.7738 0
      vertex 3.22047 1.78965 0.799999
      vertex 3.16664 1.7255 0.799999
    endloop
  endfacet
  facet normal 0.990111 -0.0990111 -0.099382
    outer loop
      vertex 3.40558 1.24452 5
      vertex 3.40062 1.19492 5
      vertex 2.90124 1.21985 0
    endloop
  endfacet
  facet normal 0.539215 -0.836282 -0.0993934
    outer loop
      vertex 3.44 1.96674 0.799999
      vertex 3.4333 1.96242 0.799999
      vertex 3.4 2.03603 0
    endloop
  endfacet
  facet normal -0.316907 -0.943235 -0.0993825
    outer loop
      vertex 4.26534 2.10087 0
      vertex 4.23611 2.0264 0.799999
      vertex 4.22855 2.02894 0.799999
    endloop
  endfacet
  facet normal -0.316907 -0.943235 -0.0993825
    outer loop
      vertex 4.17084 2.13262 0
      vertex 4.22855 2.02894 0.799999
      vertex 4.14917 2.05561 0.799999
    endloop
  endfacet
  facet normal -0.316907 -0.943235 -0.0993825
    outer loop
      vertex 4.22855 2.02894 0.799999
      vertex 4.17084 2.13262 0
      vertex 4.26534 2.10087 0
    endloop
  endfacet
  facet normal 0.0743701 0.992266 -0.0993812
    outer loop
      vertex 3.87507 0.17031 0
      vertex 3.83783 0.67388 5
      vertex 3.88753 0.670155 5
    endloop
  endfacet
  facet normal 0.0743626 0.992267 -0.0993813
    outer loop
      vertex 3.83783 0.67388 5
      vertex 3.87507 0.17031 0
      vertex 3.77566 0.17776 0
    endloop
  endfacet
  facet normal 0.539867 0.835863 -0.0993813
    outer loop
      vertex 3.60813 0.76403 5
      vertex 3.65 0.736987 5
      vertex 3.4 0.303974 0
    endloop
  endfacet
  facet normal 0.916816 -0.38675 -0.0993652
    outer loop
      vertex 3.1284 1.525 1.5004
      vertex 2.96031 1.51202 0
      vertex 3.05249 1.525 0.799999
    endloop
  endfacet
  facet normal 0.916929 -0.386477 -0.0993803
    outer loop
      vertex 2.96031 1.51202 0
      vertex 3.1284 1.525 1.5004
      vertex 3.43015 1.34101 5
    endloop
  endfacet
  facet normal 0.916923 -0.386492 -0.0993817
    outer loop
      vertex 2.96031 1.51202 0
      vertex 3.06801 1.56182 0.799999
      vertex 3.05249 1.525 0.799999
    endloop
  endfacet
  facet normal 0.916922 -0.386493 -0.0993816
    outer loop
      vertex 3.06801 1.56182 0.799999
      vertex 2.96031 1.51202 0
      vertex 2.99903 1.60388 0
    endloop
  endfacet
  facet normal 0.950853 -0.293261 -0.0993799
    outer loop
      vertex 3.43015 1.34101 5
      vertex 3.41546 1.29338 5
      vertex 2.96031 1.51202 0
    endloop
  endfacet
  facet normal 0.45396 -0.885461 -0.0993902
    outer loop
      vertex 3.48871 2.08151 0
      vertex 3.44 1.96674 0.799999
      vertex 3.4 2.03603 0
    endloop
  endfacet
  facet normal 0.454002 -0.88544 -0.0993845
    outer loop
      vertex 3.44 1.96674 0.799999
      vertex 3.48871 2.08151 0
      vertex 3.52162 2.00859 0.799999
    endloop
  endfacet
  facet normal 0.916851 -0.386662 -0.0993845
    outer loop
      vertex 3.43015 1.34101 5
      vertex 3.16283 1.525 1.81807
      vertex 3.44952 1.38694 5
    endloop
  endfacet
  facet normal 0.916935 -0.386463 -0.0993801
    outer loop
      vertex 3.16283 1.525 1.81807
      vertex 3.43015 1.34101 5
      vertex 3.1284 1.525 1.5004
    endloop
  endfacet
  facet normal 0.916837 -0.386693 -0.0993848
    outer loop
      vertex 3.07111 1.56917 0.799999
      vertex 3.06801 1.56182 0.799999
      vertex 2.99903 1.60388 0
    endloop
  endfacet
endsolid OpenSCAD_Model
