solid OpenSCAD_Model
  facet normal -1 0 0
    outer loop
      vertex 0 0 0
      vertex 0 23.8 44.52
      vertex 0 23.8 0
    endloop
  endfacet
  facet normal -1 -0 0
    outer loop
      vertex 0 23.8 44.52
      vertex 0 0 0
      vertex 0 0 44.52
    endloop
  endfacet
  facet normal 0 0 1
    outer loop
      vertex 31.8 23.8 44.52
      vertex 30.3 22.3 44.52
      vertex 31.8 0 44.52
    endloop
  endfacet
  facet normal 0 0 1
    outer loop
      vertex 31.8 23.8 44.52
      vertex 1.5 22.3 44.52
      vertex 30.3 22.3 44.52
    endloop
  endfacet
  facet normal 0 0 1
    outer loop
      vertex 1.5 22.3 44.52
      vertex 0 23.8 44.52
      vertex 1.5 1.5 44.52
    endloop
  endfacet
  facet normal -0 0 1
    outer loop
      vertex 0 23.8 44.52
      vertex 1.5 22.3 44.52
      vertex 31.8 23.8 44.52
    endloop
  endfacet
  facet normal -0 0 1
    outer loop
      vertex 30.3 1.5 44.52
      vertex 31.8 0 44.52
      vertex 30.3 22.3 44.52
    endloop
  endfacet
  facet normal -0 0 1
    outer loop
      vertex 1.5 1.5 44.52
      vertex 31.8 0 44.52
      vertex 30.3 1.5 44.52
    endloop
  endfacet
  facet normal 0 0 1
    outer loop
      vertex 1.5 1.5 44.52
      vertex 0 0 44.52
      vertex 31.8 0 44.52
    endloop
  endfacet
  facet normal 0 0 1
    outer loop
      vertex 0 0 44.52
      vertex 1.5 1.5 44.52
      vertex 0 23.8 44.52
    endloop
  endfacet
  facet normal 1 -0 0
    outer loop
      vertex 31.8 0 44.52
      vertex 31.8 23.8 0
      vertex 31.8 23.8 44.52
    endloop
  endfacet
  facet normal 1 0 0
    outer loop
      vertex 31.8 23.8 0
      vertex 31.8 0 44.52
      vertex 31.8 0 0
    endloop
  endfacet
  facet normal 0 1 -0
    outer loop
      vertex 31.8 23.8 0
      vertex 0 23.8 44.52
      vertex 31.8 23.8 44.52
    endloop
  endfacet
  facet normal 0 1 0
    outer loop
      vertex 0 23.8 44.52
      vertex 31.8 23.8 0
      vertex 0 23.8 0
    endloop
  endfacet
  facet normal 0 0 -1
    outer loop
      vertex 0 0 0
      vertex 31.8 23.8 0
      vertex 31.8 0 0
    endloop
  endfacet
  facet normal -0 0 -1
    outer loop
      vertex 31.8 23.8 0
      vertex 0 0 0
      vertex 0 23.8 0
    endloop
  endfacet
  facet normal 0 -1 0
    outer loop
      vertex 0 0 44.52
      vertex 15.925 0 32.26
      vertex 31.8 0 44.52
    endloop
  endfacet
  facet normal 0 -1 0
    outer loop
      vertex 0 0 44.52
      vertex 15.8251 0 32.2597
      vertex 15.925 0 32.26
    endloop
  endfacet
  facet normal 0 -1 0
    outer loop
      vertex 0 0 44.52
      vertex 15.7252 0 32.2585
      vertex 15.8251 0 32.2597
    endloop
  endfacet
  facet normal 0 -1 0
    outer loop
      vertex 0 0 44.52
      vertex 15.6253 0 32.2562
      vertex 15.7252 0 32.2585
    endloop
  endfacet
  facet normal 0 -1 0
    outer loop
      vertex 0 0 44.52
      vertex 15.5255 0 32.253
      vertex 15.6253 0 32.2562
    endloop
  endfacet
  facet normal 0 -1 0
    outer loop
      vertex 0 0 44.52
      vertex 15.4257 0 32.2487
      vertex 15.5255 0 32.253
    endloop
  endfacet
  facet normal 0 -1 0
    outer loop
      vertex 0 0 44.52
      vertex 15.3259 0 32.2435
      vertex 15.4257 0 32.2487
    endloop
  endfacet
  facet normal 0 -1 0
    outer loop
      vertex 0 0 44.52
      vertex 15.2262 0 32.2373
      vertex 15.3259 0 32.2435
    endloop
  endfacet
  facet normal 0 -1 0
    outer loop
      vertex 0 0 44.52
      vertex 15.1266 0 32.23
      vertex 15.2262 0 32.2373
    endloop
  endfacet
  facet normal 0 -1 0
    outer loop
      vertex 0 0 44.52
      vertex 15.0271 0 32.2218
      vertex 15.1266 0 32.23
    endloop
  endfacet
  facet normal 0 -1 0
    outer loop
      vertex 0 0 44.52
      vertex 14.9276 0 32.2126
      vertex 15.0271 0 32.2218
    endloop
  endfacet
  facet normal 0 -1 0
    outer loop
      vertex 0 0 44.52
      vertex 14.8282 0 32.2024
      vertex 14.9276 0 32.2126
    endloop
  endfacet
  facet normal 0 -1 0
    outer loop
      vertex 0 0 44.52
      vertex 14.729 0 32.1912
      vertex 14.8282 0 32.2024
    endloop
  endfacet
  facet normal 0 -1 0
    outer loop
      vertex 0 0 44.52
      vertex 14.6298 0 32.179
      vertex 14.729 0 32.1912
    endloop
  endfacet
  facet normal 0 -1 0
    outer loop
      vertex 0 0 44.52
      vertex 14.5308 0 32.1658
      vertex 14.6298 0 32.179
    endloop
  endfacet
  facet normal 0 -1 0
    outer loop
      vertex 0 0 44.52
      vertex 14.4319 0 32.1516
      vertex 14.5308 0 32.1658
    endloop
  endfacet
  facet normal 0 -1 0
    outer loop
      vertex 0 0 44.52
      vertex 14.3332 0 32.1365
      vertex 14.4319 0 32.1516
    endloop
  endfacet
  facet normal 0 -1 0
    outer loop
      vertex 0 0 44.52
      vertex 14.2346 0 32.1203
      vertex 14.3332 0 32.1365
    endloop
  endfacet
  facet normal 0 -1 0
    outer loop
      vertex 0 0 44.52
      vertex 14.1362 0 32.1032
      vertex 14.2346 0 32.1203
    endloop
  endfacet
  facet normal 0 -1 0
    outer loop
      vertex 0 0 44.52
      vertex 14.038 0 32.0851
      vertex 14.1362 0 32.1032
    endloop
  endfacet
  facet normal 0 -1 0
    outer loop
      vertex 0 0 44.52
      vertex 13.9399 0 32.066
      vertex 14.038 0 32.0851
    endloop
  endfacet
  facet normal 0 -1 0
    outer loop
      vertex 0 0 44.52
      vertex 13.8421 0 32.046
      vertex 13.9399 0 32.066
    endloop
  endfacet
  facet normal 0 -1 0
    outer loop
      vertex 0 0 44.52
      vertex 13.7444 0 32.0249
      vertex 13.8421 0 32.046
    endloop
  endfacet
  facet normal 0 -1 0
    outer loop
      vertex 0 0 44.52
      vertex 13.647 0 32.0029
      vertex 13.7444 0 32.0249
    endloop
  endfacet
  facet normal 0 -1 0
    outer loop
      vertex 0 0 44.52
      vertex 13.5498 0 31.9799
      vertex 13.647 0 32.0029
    endloop
  endfacet
  facet normal 0 -1 0
    outer loop
      vertex 0 0 44.52
      vertex 13.4528 0 31.9559
      vertex 13.5498 0 31.9799
    endloop
  endfacet
  facet normal 0 -1 0
    outer loop
      vertex 0 0 44.52
      vertex 13.3561 0 31.931
      vertex 13.4528 0 31.9559
    endloop
  endfacet
  facet normal 0 -1 0
    outer loop
      vertex 0 0 44.52
      vertex 13.2596 0 31.9051
      vertex 13.3561 0 31.931
    endloop
  endfacet
  facet normal 0 -1 0
    outer loop
      vertex 0 0 44.52
      vertex 13.1634 0 31.8783
      vertex 13.2596 0 31.9051
    endloop
  endfacet
  facet normal 0 -1 0
    outer loop
      vertex 0 0 44.52
      vertex 13.0674 0 31.8504
      vertex 13.1634 0 31.8783
    endloop
  endfacet
  facet normal 0 -1 0
    outer loop
      vertex 0 0 44.52
      vertex 12.9718 0 31.8217
      vertex 13.0674 0 31.8504
    endloop
  endfacet
  facet normal 0 -1 0
    outer loop
      vertex 0 0 44.52
      vertex 12.8764 0 31.7919
      vertex 12.9718 0 31.8217
    endloop
  endfacet
  facet normal 0 -1 0
    outer loop
      vertex 0 0 44.52
      vertex 12.7813 0 31.7613
      vertex 12.8764 0 31.7919
    endloop
  endfacet
  facet normal 0 -1 0
    outer loop
      vertex 0 0 44.52
      vertex 12.6866 0 31.7296
      vertex 12.7813 0 31.7613
    endloop
  endfacet
  facet normal 0 -1 0
    outer loop
      vertex 0 0 44.52
      vertex 12.5922 0 31.6971
      vertex 12.6866 0 31.7296
    endloop
  endfacet
  facet normal 0 -1 0
    outer loop
      vertex 0 0 44.52
      vertex 12.4981 0 31.6636
      vertex 12.5922 0 31.6971
    endloop
  endfacet
  facet normal 0 -1 0
    outer loop
      vertex 0 0 44.52
      vertex 12.4043 0 31.6291
      vertex 12.4981 0 31.6636
    endloop
  endfacet
  facet normal 0 -1 0
    outer loop
      vertex 0 0 44.52
      vertex 12.3109 0 31.5937
      vertex 12.4043 0 31.6291
    endloop
  endfacet
  facet normal 0 -1 0
    outer loop
      vertex 0 0 44.52
      vertex 12.2178 0 31.5574
      vertex 12.3109 0 31.5937
    endloop
  endfacet
  facet normal 0 -1 0
    outer loop
      vertex 0 0 44.52
      vertex 12.1251 0 31.5202
      vertex 12.2178 0 31.5574
    endloop
  endfacet
  facet normal 0 -1 0
    outer loop
      vertex 0 0 44.52
      vertex 12.0328 0 31.482
      vertex 12.1251 0 31.5202
    endloop
  endfacet
  facet normal 0 -1 0
    outer loop
      vertex 0 0 44.52
      vertex 11.9409 0 31.4429
      vertex 12.0328 0 31.482
    endloop
  endfacet
  facet normal 0 -1 0
    outer loop
      vertex 0 0 44.52
      vertex 11.8494 0 31.4029
      vertex 11.9409 0 31.4429
    endloop
  endfacet
  facet normal 0 -1 0
    outer loop
      vertex 0 0 44.52
      vertex 11.7582 0 31.362
      vertex 11.8494 0 31.4029
    endloop
  endfacet
  facet normal 0 -1 0
    outer loop
      vertex 0 0 44.52
      vertex 11.6675 0 31.3201
      vertex 11.7582 0 31.362
    endloop
  endfacet
  facet normal 0 -1 0
    outer loop
      vertex 0 0 44.52
      vertex 11.5772 0 31.2774
      vertex 11.6675 0 31.3201
    endloop
  endfacet
  facet normal 0 -1 0
    outer loop
      vertex 0 0 44.52
      vertex 11.4874 0 31.2338
      vertex 11.5772 0 31.2774
    endloop
  endfacet
  facet normal 0 -1 0
    outer loop
      vertex 0 0 44.52
      vertex 11.398 0 31.1893
      vertex 11.4874 0 31.2338
    endloop
  endfacet
  facet normal 0 -1 0
    outer loop
      vertex 0 0 44.52
      vertex 11.309 0 31.1438
      vertex 11.398 0 31.1893
    endloop
  endfacet
  facet normal 0 -1 0
    outer loop
      vertex 0 0 44.52
      vertex 11.2205 0 31.0975
      vertex 11.309 0 31.1438
    endloop
  endfacet
  facet normal 0 -1 0
    outer loop
      vertex 0 0 44.52
      vertex 11.1324 0 31.0504
      vertex 11.2205 0 31.0975
    endloop
  endfacet
  facet normal 0 -1 0
    outer loop
      vertex 0 0 44.52
      vertex 11.0449 0 31.0023
      vertex 11.1324 0 31.0504
    endloop
  endfacet
  facet normal 0 -1 0
    outer loop
      vertex 0 0 44.52
      vertex 10.9578 0 30.9534
      vertex 11.0449 0 31.0023
    endloop
  endfacet
  facet normal 0 -1 0
    outer loop
      vertex 0 0 44.52
      vertex 10.8712 0 30.9036
      vertex 10.9578 0 30.9534
    endloop
  endfacet
  facet normal 0 -1 0
    outer loop
      vertex 0 0 44.52
      vertex 10.7851 0 30.8529
      vertex 10.8712 0 30.9036
    endloop
  endfacet
  facet normal 0 -1 0
    outer loop
      vertex 0 0 44.52
      vertex 10.6995 0 30.8014
      vertex 10.7851 0 30.8529
    endloop
  endfacet
  facet normal 0 -1 0
    outer loop
      vertex 0 0 44.52
      vertex 10.6145 0 30.749
      vertex 10.6995 0 30.8014
    endloop
  endfacet
  facet normal 0 -1 0
    outer loop
      vertex 0 0 44.52
      vertex 10.5299 0 30.6958
      vertex 10.6145 0 30.749
    endloop
  endfacet
  facet normal 0 -1 0
    outer loop
      vertex 0 0 44.52
      vertex 10.4459 0 30.6417
      vertex 10.5299 0 30.6958
    endloop
  endfacet
  facet normal 0 -1 0
    outer loop
      vertex 0 0 44.52
      vertex 10.3625 0 30.5868
      vertex 10.4459 0 30.6417
    endloop
  endfacet
  facet normal 0 -1 0
    outer loop
      vertex 0 0 44.52
      vertex 10.2796 0 30.5311
      vertex 10.3625 0 30.5868
    endloop
  endfacet
  facet normal 0 -1 0
    outer loop
      vertex 0 0 44.52
      vertex 10.1972 0 30.4745
      vertex 10.2796 0 30.5311
    endloop
  endfacet
  facet normal 0 -1 0
    outer loop
      vertex 0 0 44.52
      vertex 10.1155 0 30.4172
      vertex 10.1972 0 30.4745
    endloop
  endfacet
  facet normal 0 -1 0
    outer loop
      vertex 0 0 44.52
      vertex 10.0343 0 30.359
      vertex 10.1155 0 30.4172
    endloop
  endfacet
  facet normal 0 -1 0
    outer loop
      vertex 0 0 44.52
      vertex 9.95367 0 30.3
      vertex 10.0343 0 30.359
    endloop
  endfacet
  facet normal 0 -1 0
    outer loop
      vertex 0 0 44.52
      vertex 9.87365 0 30.2402
      vertex 9.95367 0 30.3
    endloop
  endfacet
  facet normal 0 -1 0
    outer loop
      vertex 0 0 44.52
      vertex 9.79424 0 30.1796
      vertex 9.87365 0 30.2402
    endloop
  endfacet
  facet normal 0 -1 0
    outer loop
      vertex 0 0 44.52
      vertex 9.71544 0 30.1182
      vertex 9.79424 0 30.1796
    endloop
  endfacet
  facet normal 0 -1 0
    outer loop
      vertex 0 0 44.52
      vertex 9.63725 0 30.056
      vertex 9.71544 0 30.1182
    endloop
  endfacet
  facet normal 0 -1 0
    outer loop
      vertex 0 0 44.52
      vertex 9.55969 0 29.9931
      vertex 9.63725 0 30.056
    endloop
  endfacet
  facet normal 0 -1 0
    outer loop
      vertex 0 0 44.52
      vertex 9.48276 0 29.9294
      vertex 9.55969 0 29.9931
    endloop
  endfacet
  facet normal 0 -1 0
    outer loop
      vertex 0 0 44.52
      vertex 9.40647 0 29.8649
      vertex 9.48276 0 29.9294
    endloop
  endfacet
  facet normal 0 -1 0
    outer loop
      vertex 0 0 44.52
      vertex 9.33083 0 29.7996
      vertex 9.40647 0 29.8649
    endloop
  endfacet
  facet normal 0 -1 0
    outer loop
      vertex 0 0 44.52
      vertex 9.25584 0 29.7336
      vertex 9.33083 0 29.7996
    endloop
  endfacet
  facet normal 0 -1 0
    outer loop
      vertex 0 0 44.52
      vertex 9.18152 0 29.6669
      vertex 9.25584 0 29.7336
    endloop
  endfacet
  facet normal 0 -1 0
    outer loop
      vertex 0 0 44.52
      vertex 9.10787 0 29.5994
      vertex 9.18152 0 29.6669
    endloop
  endfacet
  facet normal 0 -1 0
    outer loop
      vertex 0 0 44.52
      vertex 9.03489 0 29.5312
      vertex 9.10787 0 29.5994
    endloop
  endfacet
  facet normal 0 -1 0
    outer loop
      vertex 0 0 44.52
      vertex 8.9626 0 29.4623
      vertex 9.03489 0 29.5312
    endloop
  endfacet
  facet normal 0 -1 0
    outer loop
      vertex 0 0 44.52
      vertex 8.89101 0 29.3926
      vertex 8.9626 0 29.4623
    endloop
  endfacet
  facet normal 0 -1 0
    outer loop
      vertex 0 0 44.52
      vertex 8.82011 0 29.3222
      vertex 8.89101 0 29.3926
    endloop
  endfacet
  facet normal 0 -1 0
    outer loop
      vertex 0 0 44.52
      vertex 8.74992 0 29.2512
      vertex 8.82011 0 29.3222
    endloop
  endfacet
  facet normal 0 -1 0
    outer loop
      vertex 0 0 44.52
      vertex 8.68044 0 29.1794
      vertex 8.74992 0 29.2512
    endloop
  endfacet
  facet normal 0 -1 0
    outer loop
      vertex 0 0 44.52
      vertex 8.61168 0 29.1069
      vertex 8.68044 0 29.1794
    endloop
  endfacet
  facet normal 0 -1 0
    outer loop
      vertex 0 0 44.52
      vertex 8.54365 0 29.0338
      vertex 8.61168 0 29.1069
    endloop
  endfacet
  facet normal 0 -1 0
    outer loop
      vertex 0 0 44.52
      vertex 8.47635 0 28.96
      vertex 8.54365 0 29.0338
    endloop
  endfacet
  facet normal 0 -1 0
    outer loop
      vertex 0 0 44.52
      vertex 8.4098 0 28.8855
      vertex 8.47635 0 28.96
    endloop
  endfacet
  facet normal 0 -1 0
    outer loop
      vertex 0 0 44.52
      vertex 8.34399 0 28.8103
      vertex 8.4098 0 28.8855
    endloop
  endfacet
  facet normal 0 -1 0
    outer loop
      vertex 0 0 44.52
      vertex 8.27894 0 28.7345
      vertex 8.34399 0 28.8103
    endloop
  endfacet
  facet normal 0 -1 0
    outer loop
      vertex 0 0 44.52
      vertex 8.21464 0 28.6581
      vertex 8.27894 0 28.7345
    endloop
  endfacet
  facet normal 0 -1 0
    outer loop
      vertex 0 0 44.52
      vertex 8.15112 0 28.581
      vertex 8.21464 0 28.6581
    endloop
  endfacet
  facet normal 0 -1 0
    outer loop
      vertex 0 0 44.52
      vertex 8.08836 0 28.5033
      vertex 8.15112 0 28.581
    endloop
  endfacet
  facet normal 0 -1 0
    outer loop
      vertex 0 0 44.52
      vertex 8.02639 0 28.4249
      vertex 8.08836 0 28.5033
    endloop
  endfacet
  facet normal 0 -1 0
    outer loop
      vertex 0 0 44.52
      vertex 7.9652 0 28.346
      vertex 8.02639 0 28.4249
    endloop
  endfacet
  facet normal 0 -1 0
    outer loop
      vertex 0 0 44.52
      vertex 7.9048 0 28.2664
      vertex 7.9652 0 28.346
    endloop
  endfacet
  facet normal 0 -1 0
    outer loop
      vertex 0 0 44.52
      vertex 7.8452 0 28.1862
      vertex 7.9048 0 28.2664
    endloop
  endfacet
  facet normal 0 -1 0
    outer loop
      vertex 0 0 44.52
      vertex 7.78641 0 28.1055
      vertex 7.8452 0 28.1862
    endloop
  endfacet
  facet normal 0 -1 0
    outer loop
      vertex 0 0 44.52
      vertex 7.72842 0 28.0241
      vertex 7.78641 0 28.1055
    endloop
  endfacet
  facet normal 0 -1 0
    outer loop
      vertex 0 0 44.52
      vertex 7.67125 0 27.9422
      vertex 7.72842 0 28.0241
    endloop
  endfacet
  facet normal 0 -1 0
    outer loop
      vertex 0 0 44.52
      vertex 7.6149 0 27.8597
      vertex 7.67125 0 27.9422
    endloop
  endfacet
  facet normal 0 -1 0
    outer loop
      vertex 0 0 44.52
      vertex 7.55938 0 27.7767
      vertex 7.6149 0 27.8597
    endloop
  endfacet
  facet normal 0 -1 0
    outer loop
      vertex 0 0 44.52
      vertex 7.50469 0 27.6931
      vertex 7.55938 0 27.7767
    endloop
  endfacet
  facet normal 0 -1 0
    outer loop
      vertex 0 0 44.52
      vertex 7.45084 0 27.609
      vertex 7.50469 0 27.6931
    endloop
  endfacet
  facet normal 0 -1 0
    outer loop
      vertex 0 0 44.52
      vertex 7.39783 0 27.5243
      vertex 7.45084 0 27.609
    endloop
  endfacet
  facet normal 0 -1 0
    outer loop
      vertex 0 0 44.52
      vertex 7.34567 0 27.4391
      vertex 7.39783 0 27.5243
    endloop
  endfacet
  facet normal 0 -1 0
    outer loop
      vertex 0 0 44.52
      vertex 7.29436 0 27.3534
      vertex 7.34567 0 27.4391
    endloop
  endfacet
  facet normal 0 -1 0
    outer loop
      vertex 0 0 44.52
      vertex 7.24391 0 27.2672
      vertex 7.29436 0 27.3534
    endloop
  endfacet
  facet normal 0 -1 0
    outer loop
      vertex 0 0 44.52
      vertex 7.19433 0 27.1805
      vertex 7.24391 0 27.2672
    endloop
  endfacet
  facet normal 0 -1 0
    outer loop
      vertex 0 0 44.52
      vertex 7.14561 0 27.0933
      vertex 7.19433 0 27.1805
    endloop
  endfacet
  facet normal 0 -1 0
    outer loop
      vertex 0 0 44.52
      vertex 7.09777 0 27.0056
      vertex 7.14561 0 27.0933
    endloop
  endfacet
  facet normal 0 -1 0
    outer loop
      vertex 0 0 44.52
      vertex 7.0508 0 26.9174
      vertex 7.09777 0 27.0056
    endloop
  endfacet
  facet normal 0 -1 0
    outer loop
      vertex 0 0 44.52
      vertex 7.00472 0 26.8288
      vertex 7.0508 0 26.9174
    endloop
  endfacet
  facet normal 0 -1 0
    outer loop
      vertex 0 0 44.52
      vertex 6.95953 0 26.7397
      vertex 7.00472 0 26.8288
    endloop
  endfacet
  facet normal 0 -1 0
    outer loop
      vertex 0 0 44.52
      vertex 6.91522 0 26.6502
      vertex 6.95953 0 26.7397
    endloop
  endfacet
  facet normal 0 -1 0
    outer loop
      vertex 0 0 44.52
      vertex 6.87182 0 26.5602
      vertex 6.91522 0 26.6502
    endloop
  endfacet
  facet normal 0 -1 0
    outer loop
      vertex 0 0 44.52
      vertex 6.82931 0 26.4698
      vertex 6.87182 0 26.5602
    endloop
  endfacet
  facet normal 0 -1 0
    outer loop
      vertex 0 0 44.52
      vertex 6.78771 0 26.379
      vertex 6.82931 0 26.4698
    endloop
  endfacet
  facet normal 0 -1 0
    outer loop
      vertex 0 0 44.52
      vertex 6.74702 0 26.2878
      vertex 6.78771 0 26.379
    endloop
  endfacet
  facet normal 0 -1 0
    outer loop
      vertex 0 0 44.52
      vertex 6.70725 0 26.1962
      vertex 6.74702 0 26.2878
    endloop
  endfacet
  facet normal 0 -1 0
    outer loop
      vertex 0 0 44.52
      vertex 6.66839 0 26.1041
      vertex 6.70725 0 26.1962
    endloop
  endfacet
  facet normal 0 -1 0
    outer loop
      vertex 0 0 44.52
      vertex 6.63045 0 26.0117
      vertex 6.66839 0 26.1041
    endloop
  endfacet
  facet normal 0 -1 0
    outer loop
      vertex 0 0 44.52
      vertex 6.59344 0 25.9189
      vertex 6.63045 0 26.0117
    endloop
  endfacet
  facet normal 0 -1 0
    outer loop
      vertex 0 0 44.52
      vertex 6.55735 0 25.8258
      vertex 6.59344 0 25.9189
    endloop
  endfacet
  facet normal 0 -1 0
    outer loop
      vertex 0 0 44.52
      vertex 6.5222 0 25.7323
      vertex 6.55735 0 25.8258
    endloop
  endfacet
  facet normal 0 -1 0
    outer loop
      vertex 0 0 44.52
      vertex 6.48798 0 25.6384
      vertex 6.5222 0 25.7323
    endloop
  endfacet
  facet normal 0 -1 0
    outer loop
      vertex 0 0 44.52
      vertex 6.4547 0 25.5443
      vertex 6.48798 0 25.6384
    endloop
  endfacet
  facet normal 0 -1 0
    outer loop
      vertex 0 0 44.52
      vertex 6.42237 0 25.4497
      vertex 6.4547 0 25.5443
    endloop
  endfacet
  facet normal 0 -1 0
    outer loop
      vertex 0 0 44.52
      vertex 6.39098 0 25.3549
      vertex 6.42237 0 25.4497
    endloop
  endfacet
  facet normal 0 -1 0
    outer loop
      vertex 0 0 44.52
      vertex 6.36054 0 25.2598
      vertex 6.39098 0 25.3549
    endloop
  endfacet
  facet normal 0 -1 0
    outer loop
      vertex 0 0 44.52
      vertex 6.33105 0 25.1643
      vertex 6.36054 0 25.2598
    endloop
  endfacet
  facet normal 0 -1 0
    outer loop
      vertex 0 0 44.52
      vertex 6.30252 0 25.0686
      vertex 6.33105 0 25.1643
    endloop
  endfacet
  facet normal 0 -1 0
    outer loop
      vertex 0 0 44.52
      vertex 6.27494 0 24.9726
      vertex 6.30252 0 25.0686
    endloop
  endfacet
  facet normal 0 -1 0
    outer loop
      vertex 0 0 44.52
      vertex 6.24832 0 24.8763
      vertex 6.27494 0 24.9726
    endloop
  endfacet
  facet normal 0 -1 0
    outer loop
      vertex 0 0 44.52
      vertex 6.22267 0 24.7798
      vertex 6.24832 0 24.8763
    endloop
  endfacet
  facet normal 0 -1 0
    outer loop
      vertex 0 0 44.52
      vertex 6.19798 0 24.683
      vertex 6.22267 0 24.7798
    endloop
  endfacet
  facet normal 0 -1 0
    outer loop
      vertex 0 0 44.52
      vertex 6.17426 0 24.586
      vertex 6.19798 0 24.683
    endloop
  endfacet
  facet normal 0 -1 0
    outer loop
      vertex 0 0 44.52
      vertex 6.15152 0 24.4887
      vertex 6.17426 0 24.586
    endloop
  endfacet
  facet normal 0 -1 0
    outer loop
      vertex 0 0 44.52
      vertex 6.12974 0 24.3912
      vertex 6.15152 0 24.4887
    endloop
  endfacet
  facet normal 0 -1 0
    outer loop
      vertex 0 0 44.52
      vertex 6.10894 0 24.2935
      vertex 6.12974 0 24.3912
    endloop
  endfacet
  facet normal 0 -1 0
    outer loop
      vertex 0 0 44.52
      vertex 6.08911 0 24.1956
      vertex 6.10894 0 24.2935
    endloop
  endfacet
  facet normal 0 -1 0
    outer loop
      vertex 0 0 44.52
      vertex 6.07027 0 24.0975
      vertex 6.08911 0 24.1956
    endloop
  endfacet
  facet normal 0 -1 0
    outer loop
      vertex 0 0 44.52
      vertex 6.0524 0 23.9992
      vertex 6.07027 0 24.0975
    endloop
  endfacet
  facet normal 0 -1 0
    outer loop
      vertex 0 0 44.52
      vertex 6.03552 0 23.9008
      vertex 6.0524 0 23.9992
    endloop
  endfacet
  facet normal 0 -1 0
    outer loop
      vertex 0 0 44.52
      vertex 6.01962 0 23.8021
      vertex 6.03552 0 23.9008
    endloop
  endfacet
  facet normal 0 -1 0
    outer loop
      vertex 0 0 44.52
      vertex 6.00471 0 23.7034
      vertex 6.01962 0 23.8021
    endloop
  endfacet
  facet normal 0 -1 0
    outer loop
      vertex 0 0 44.52
      vertex 5.99079 0 23.6045
      vertex 6.00471 0 23.7034
    endloop
  endfacet
  facet normal 0 -1 0
    outer loop
      vertex 0 0 44.52
      vertex 5.97785 0 23.5054
      vertex 5.99079 0 23.6045
    endloop
  endfacet
  facet normal 0 -1 0
    outer loop
      vertex 0 0 44.52
      vertex 5.96591 0 23.4062
      vertex 5.97785 0 23.5054
    endloop
  endfacet
  facet normal 0 -1 0
    outer loop
      vertex 0 0 44.52
      vertex 5.95496 0 23.3069
      vertex 5.96591 0 23.4062
    endloop
  endfacet
  facet normal 0 -1 0
    outer loop
      vertex 0 0 44.52
      vertex 5.94499 0 23.2075
      vertex 5.95496 0 23.3069
    endloop
  endfacet
  facet normal 0 -1 0
    outer loop
      vertex 0 0 44.52
      vertex 5.93602 0 23.1081
      vertex 5.94499 0 23.2075
    endloop
  endfacet
  facet normal 0 -1 0
    outer loop
      vertex 0 0 44.52
      vertex 5.92805 0 23.0085
      vertex 5.93602 0 23.1081
    endloop
  endfacet
  facet normal 0 -1 0
    outer loop
      vertex 0 0 44.52
      vertex 5.92107 0 22.9088
      vertex 5.92805 0 23.0085
    endloop
  endfacet
  facet normal 0 -1 0
    outer loop
      vertex 0 0 44.52
      vertex 5.91509 0 22.8091
      vertex 5.92107 0 22.9088
    endloop
  endfacet
  facet normal 0 -1 0
    outer loop
      vertex 0 0 44.52
      vertex 5.9101 0 22.7094
      vertex 5.91509 0 22.8091
    endloop
  endfacet
  facet normal 0 -1 0
    outer loop
      vertex 0 0 44.52
      vertex 5.90611 0 22.6096
      vertex 5.9101 0 22.7094
    endloop
  endfacet
  facet normal 0 -1 0
    outer loop
      vertex 0 0 44.52
      vertex 5.90312 0 22.5097
      vertex 5.90611 0 22.6096
    endloop
  endfacet
  facet normal 0 -1 0
    outer loop
      vertex 0 0 44.52
      vertex 5.90112 0 22.4098
      vertex 5.90312 0 22.5097
    endloop
  endfacet
  facet normal 0 -1 0
    outer loop
      vertex 0 0 44.52
      vertex 5.90012 0 22.3099
      vertex 5.90112 0 22.4098
    endloop
  endfacet
  facet normal 0 -1 0
    outer loop
      vertex 0 0 44.52
      vertex 5.90012 0 22.2101
      vertex 5.90012 0 22.3099
    endloop
  endfacet
  facet normal 0 -1 0
    outer loop
      vertex 0 0 0
      vertex 5.90012 0 22.2101
      vertex 0 0 44.52
    endloop
  endfacet
  facet normal 0 -1 -0
    outer loop
      vertex 5.90012 0 22.2101
      vertex 0 0 0
      vertex 5.90112 0 22.1102
    endloop
  endfacet
  facet normal 0 -1 -0
    outer loop
      vertex 5.90112 0 22.1102
      vertex 0 0 0
      vertex 5.90312 0 22.0103
    endloop
  endfacet
  facet normal 0 -1 -0
    outer loop
      vertex 5.90312 0 22.0103
      vertex 0 0 0
      vertex 5.90611 0 21.9104
    endloop
  endfacet
  facet normal 0 -1 -0
    outer loop
      vertex 5.90611 0 21.9104
      vertex 0 0 0
      vertex 5.9101 0 21.8106
    endloop
  endfacet
  facet normal 0 -1 -0
    outer loop
      vertex 5.9101 0 21.8106
      vertex 0 0 0
      vertex 5.91509 0 21.7109
    endloop
  endfacet
  facet normal 0 -1 -0
    outer loop
      vertex 5.91509 0 21.7109
      vertex 0 0 0
      vertex 5.92107 0 21.6112
    endloop
  endfacet
  facet normal 0 -1 -0
    outer loop
      vertex 5.92107 0 21.6112
      vertex 0 0 0
      vertex 5.92805 0 21.5115
    endloop
  endfacet
  facet normal 0 -1 -0
    outer loop
      vertex 5.92805 0 21.5115
      vertex 0 0 0
      vertex 5.93602 0 21.4119
    endloop
  endfacet
  facet normal 0 -1 -0
    outer loop
      vertex 5.93602 0 21.4119
      vertex 0 0 0
      vertex 5.94499 0 21.3125
    endloop
  endfacet
  facet normal 0 -1 -0
    outer loop
      vertex 5.94499 0 21.3125
      vertex 0 0 0
      vertex 5.95496 0 21.2131
    endloop
  endfacet
  facet normal 0 -1 -0
    outer loop
      vertex 5.95496 0 21.2131
      vertex 0 0 0
      vertex 5.96591 0 21.1138
    endloop
  endfacet
  facet normal 0 -1 -0
    outer loop
      vertex 5.96591 0 21.1138
      vertex 0 0 0
      vertex 5.97785 0 21.0146
    endloop
  endfacet
  facet normal 0 -1 -0
    outer loop
      vertex 5.97785 0 21.0146
      vertex 0 0 0
      vertex 5.99079 0 20.9155
    endloop
  endfacet
  facet normal 0 -1 -0
    outer loop
      vertex 5.99079 0 20.9155
      vertex 0 0 0
      vertex 6.00471 0 20.8166
    endloop
  endfacet
  facet normal 0 -1 -0
    outer loop
      vertex 6.00471 0 20.8166
      vertex 0 0 0
      vertex 6.01962 0 20.7179
    endloop
  endfacet
  facet normal 0 -1 -0
    outer loop
      vertex 6.01962 0 20.7179
      vertex 0 0 0
      vertex 6.03552 0 20.6192
    endloop
  endfacet
  facet normal 0 -1 -0
    outer loop
      vertex 6.03552 0 20.6192
      vertex 0 0 0
      vertex 6.0524 0 20.5208
    endloop
  endfacet
  facet normal 0 -1 -0
    outer loop
      vertex 6.0524 0 20.5208
      vertex 0 0 0
      vertex 6.07027 0 20.4225
    endloop
  endfacet
  facet normal 0 -1 -0
    outer loop
      vertex 6.07027 0 20.4225
      vertex 0 0 0
      vertex 6.08911 0 20.3244
    endloop
  endfacet
  facet normal 0 -1 -0
    outer loop
      vertex 6.08911 0 20.3244
      vertex 0 0 0
      vertex 6.10894 0 20.2265
    endloop
  endfacet
  facet normal 0 -1 -0
    outer loop
      vertex 6.10894 0 20.2265
      vertex 0 0 0
      vertex 6.12974 0 20.1288
    endloop
  endfacet
  facet normal 0 -1 -0
    outer loop
      vertex 6.12974 0 20.1288
      vertex 0 0 0
      vertex 6.15152 0 20.0313
    endloop
  endfacet
  facet normal 0 -1 -0
    outer loop
      vertex 6.15152 0 20.0313
      vertex 0 0 0
      vertex 6.17426 0 19.934
    endloop
  endfacet
  facet normal 0 -1 -0
    outer loop
      vertex 15.8251 0 12.2603
      vertex 0 0 0
      vertex 15.925 0 12.26
    endloop
  endfacet
  facet normal 0 -1 -0
    outer loop
      vertex 15.7252 0 12.2615
      vertex 0 0 0
      vertex 15.8251 0 12.2603
    endloop
  endfacet
  facet normal 0 -1 -0
    outer loop
      vertex 15.6253 0 12.2638
      vertex 0 0 0
      vertex 15.7252 0 12.2615
    endloop
  endfacet
  facet normal 0 -1 -0
    outer loop
      vertex 15.5255 0 12.267
      vertex 0 0 0
      vertex 15.6253 0 12.2638
    endloop
  endfacet
  facet normal 0 -1 -0
    outer loop
      vertex 15.4257 0 12.2713
      vertex 0 0 0
      vertex 15.5255 0 12.267
    endloop
  endfacet
  facet normal 0 -1 -0
    outer loop
      vertex 15.3259 0 12.2765
      vertex 0 0 0
      vertex 15.4257 0 12.2713
    endloop
  endfacet
  facet normal 0 -1 -0
    outer loop
      vertex 15.2262 0 12.2827
      vertex 0 0 0
      vertex 15.3259 0 12.2765
    endloop
  endfacet
  facet normal 0 -1 -0
    outer loop
      vertex 15.1266 0 12.29
      vertex 0 0 0
      vertex 15.2262 0 12.2827
    endloop
  endfacet
  facet normal 0 -1 -0
    outer loop
      vertex 15.0271 0 12.2982
      vertex 0 0 0
      vertex 15.1266 0 12.29
    endloop
  endfacet
  facet normal 0 -1 -0
    outer loop
      vertex 14.9276 0 12.3074
      vertex 0 0 0
      vertex 15.0271 0 12.2982
    endloop
  endfacet
  facet normal 0 -1 -0
    outer loop
      vertex 14.8282 0 12.3176
      vertex 0 0 0
      vertex 14.9276 0 12.3074
    endloop
  endfacet
  facet normal 0 -1 -0
    outer loop
      vertex 14.729 0 12.3288
      vertex 0 0 0
      vertex 14.8282 0 12.3176
    endloop
  endfacet
  facet normal 0 -1 -0
    outer loop
      vertex 14.6298 0 12.341
      vertex 0 0 0
      vertex 14.729 0 12.3288
    endloop
  endfacet
  facet normal 0 -1 -0
    outer loop
      vertex 14.5308 0 12.3542
      vertex 0 0 0
      vertex 14.6298 0 12.341
    endloop
  endfacet
  facet normal 0 -1 -0
    outer loop
      vertex 14.4319 0 12.3683
      vertex 0 0 0
      vertex 14.5308 0 12.3542
    endloop
  endfacet
  facet normal 0 -1 -0
    outer loop
      vertex 14.3332 0 12.3835
      vertex 0 0 0
      vertex 14.4319 0 12.3683
    endloop
  endfacet
  facet normal 0 -1 -0
    outer loop
      vertex 14.2346 0 12.3997
      vertex 0 0 0
      vertex 14.3332 0 12.3835
    endloop
  endfacet
  facet normal 0 -1 -0
    outer loop
      vertex 14.1362 0 12.4168
      vertex 0 0 0
      vertex 14.2346 0 12.3997
    endloop
  endfacet
  facet normal 0 -1 -0
    outer loop
      vertex 14.038 0 12.4349
      vertex 0 0 0
      vertex 14.1362 0 12.4168
    endloop
  endfacet
  facet normal 0 -1 -0
    outer loop
      vertex 13.9399 0 12.454
      vertex 0 0 0
      vertex 14.038 0 12.4349
    endloop
  endfacet
  facet normal 0 -1 -0
    outer loop
      vertex 13.8421 0 12.474
      vertex 0 0 0
      vertex 13.9399 0 12.454
    endloop
  endfacet
  facet normal 0 -1 -0
    outer loop
      vertex 13.7444 0 12.4951
      vertex 0 0 0
      vertex 13.8421 0 12.474
    endloop
  endfacet
  facet normal 0 -1 -0
    outer loop
      vertex 13.647 0 12.5171
      vertex 0 0 0
      vertex 13.7444 0 12.4951
    endloop
  endfacet
  facet normal 0 -1 -0
    outer loop
      vertex 13.5498 0 12.5401
      vertex 0 0 0
      vertex 13.647 0 12.5171
    endloop
  endfacet
  facet normal 0 -1 -0
    outer loop
      vertex 13.4528 0 12.5641
      vertex 0 0 0
      vertex 13.5498 0 12.5401
    endloop
  endfacet
  facet normal 0 -1 -0
    outer loop
      vertex 13.3561 0 12.589
      vertex 0 0 0
      vertex 13.4528 0 12.5641
    endloop
  endfacet
  facet normal 0 -1 -0
    outer loop
      vertex 13.2596 0 12.6149
      vertex 0 0 0
      vertex 13.3561 0 12.589
    endloop
  endfacet
  facet normal 0 -1 -0
    outer loop
      vertex 13.1634 0 12.6417
      vertex 0 0 0
      vertex 13.2596 0 12.6149
    endloop
  endfacet
  facet normal 0 -1 -0
    outer loop
      vertex 13.0674 0 12.6696
      vertex 0 0 0
      vertex 13.1634 0 12.6417
    endloop
  endfacet
  facet normal 0 -1 -0
    outer loop
      vertex 12.9718 0 12.6983
      vertex 0 0 0
      vertex 13.0674 0 12.6696
    endloop
  endfacet
  facet normal 0 -1 -0
    outer loop
      vertex 12.8764 0 12.7281
      vertex 0 0 0
      vertex 12.9718 0 12.6983
    endloop
  endfacet
  facet normal 0 -1 -0
    outer loop
      vertex 12.7813 0 12.7587
      vertex 0 0 0
      vertex 12.8764 0 12.7281
    endloop
  endfacet
  facet normal 0 -1 -0
    outer loop
      vertex 12.6866 0 12.7904
      vertex 0 0 0
      vertex 12.7813 0 12.7587
    endloop
  endfacet
  facet normal 0 -1 -0
    outer loop
      vertex 12.5922 0 12.8229
      vertex 0 0 0
      vertex 12.6866 0 12.7904
    endloop
  endfacet
  facet normal 0 -1 -0
    outer loop
      vertex 12.4981 0 12.8564
      vertex 0 0 0
      vertex 12.5922 0 12.8229
    endloop
  endfacet
  facet normal 0 -1 -0
    outer loop
      vertex 12.4043 0 12.8909
      vertex 0 0 0
      vertex 12.4981 0 12.8564
    endloop
  endfacet
  facet normal 0 -1 -0
    outer loop
      vertex 12.3109 0 12.9263
      vertex 0 0 0
      vertex 12.4043 0 12.8909
    endloop
  endfacet
  facet normal 0 -1 -0
    outer loop
      vertex 12.2178 0 12.9626
      vertex 0 0 0
      vertex 12.3109 0 12.9263
    endloop
  endfacet
  facet normal 0 -1 -0
    outer loop
      vertex 12.1251 0 12.9998
      vertex 0 0 0
      vertex 12.2178 0 12.9626
    endloop
  endfacet
  facet normal 0 -1 -0
    outer loop
      vertex 12.0328 0 13.038
      vertex 0 0 0
      vertex 12.1251 0 12.9998
    endloop
  endfacet
  facet normal 0 -1 -0
    outer loop
      vertex 11.9409 0 13.0771
      vertex 0 0 0
      vertex 12.0328 0 13.038
    endloop
  endfacet
  facet normal 0 -1 -0
    outer loop
      vertex 11.8494 0 13.1171
      vertex 0 0 0
      vertex 11.9409 0 13.0771
    endloop
  endfacet
  facet normal 0 -1 -0
    outer loop
      vertex 11.7582 0 13.158
      vertex 0 0 0
      vertex 11.8494 0 13.1171
    endloop
  endfacet
  facet normal 0 -1 -0
    outer loop
      vertex 11.6675 0 13.1999
      vertex 0 0 0
      vertex 11.7582 0 13.158
    endloop
  endfacet
  facet normal 0 -1 -0
    outer loop
      vertex 11.5772 0 13.2426
      vertex 0 0 0
      vertex 11.6675 0 13.1999
    endloop
  endfacet
  facet normal 0 -1 -0
    outer loop
      vertex 11.4874 0 13.2862
      vertex 0 0 0
      vertex 11.5772 0 13.2426
    endloop
  endfacet
  facet normal 0 -1 -0
    outer loop
      vertex 11.398 0 13.3307
      vertex 0 0 0
      vertex 11.4874 0 13.2862
    endloop
  endfacet
  facet normal 0 -1 -0
    outer loop
      vertex 11.309 0 13.3762
      vertex 0 0 0
      vertex 11.398 0 13.3307
    endloop
  endfacet
  facet normal 0 -1 -0
    outer loop
      vertex 11.2205 0 13.4225
      vertex 0 0 0
      vertex 11.309 0 13.3762
    endloop
  endfacet
  facet normal 0 -1 -0
    outer loop
      vertex 11.1324 0 13.4696
      vertex 0 0 0
      vertex 11.2205 0 13.4225
    endloop
  endfacet
  facet normal 0 -1 -0
    outer loop
      vertex 11.0449 0 13.5177
      vertex 0 0 0
      vertex 11.1324 0 13.4696
    endloop
  endfacet
  facet normal 0 -1 -0
    outer loop
      vertex 10.9578 0 13.5666
      vertex 0 0 0
      vertex 11.0449 0 13.5177
    endloop
  endfacet
  facet normal 0 -1 -0
    outer loop
      vertex 10.8712 0 13.6164
      vertex 0 0 0
      vertex 10.9578 0 13.5666
    endloop
  endfacet
  facet normal 0 -1 -0
    outer loop
      vertex 10.7851 0 13.6671
      vertex 0 0 0
      vertex 10.8712 0 13.6164
    endloop
  endfacet
  facet normal 0 -1 -0
    outer loop
      vertex 10.6995 0 13.7186
      vertex 0 0 0
      vertex 10.7851 0 13.6671
    endloop
  endfacet
  facet normal 0 -1 -0
    outer loop
      vertex 10.6145 0 13.771
      vertex 0 0 0
      vertex 10.6995 0 13.7186
    endloop
  endfacet
  facet normal 0 -1 -0
    outer loop
      vertex 10.5299 0 13.8242
      vertex 0 0 0
      vertex 10.6145 0 13.771
    endloop
  endfacet
  facet normal 0 -1 -0
    outer loop
      vertex 10.4459 0 13.8783
      vertex 0 0 0
      vertex 10.5299 0 13.8242
    endloop
  endfacet
  facet normal 0 -1 -0
    outer loop
      vertex 10.3625 0 13.9332
      vertex 0 0 0
      vertex 10.4459 0 13.8783
    endloop
  endfacet
  facet normal 0 -1 -0
    outer loop
      vertex 10.2796 0 13.9889
      vertex 0 0 0
      vertex 10.3625 0 13.9332
    endloop
  endfacet
  facet normal 0 -1 -0
    outer loop
      vertex 10.1972 0 14.0455
      vertex 0 0 0
      vertex 10.2796 0 13.9889
    endloop
  endfacet
  facet normal 0 -1 -0
    outer loop
      vertex 10.1155 0 14.1028
      vertex 0 0 0
      vertex 10.1972 0 14.0455
    endloop
  endfacet
  facet normal 0 -1 -0
    outer loop
      vertex 10.0343 0 14.161
      vertex 0 0 0
      vertex 10.1155 0 14.1028
    endloop
  endfacet
  facet normal 0 -1 -0
    outer loop
      vertex 9.95367 0 14.22
      vertex 0 0 0
      vertex 10.0343 0 14.161
    endloop
  endfacet
  facet normal 0 -1 -0
    outer loop
      vertex 9.87365 0 14.2798
      vertex 0 0 0
      vertex 9.95367 0 14.22
    endloop
  endfacet
  facet normal 0 -1 -0
    outer loop
      vertex 9.79424 0 14.3404
      vertex 0 0 0
      vertex 9.87365 0 14.2798
    endloop
  endfacet
  facet normal 0 -1 -0
    outer loop
      vertex 9.71544 0 14.4018
      vertex 0 0 0
      vertex 9.79424 0 14.3404
    endloop
  endfacet
  facet normal 0 -1 -0
    outer loop
      vertex 9.63725 0 14.464
      vertex 0 0 0
      vertex 9.71544 0 14.4018
    endloop
  endfacet
  facet normal 0 -1 -0
    outer loop
      vertex 9.55969 0 14.5269
      vertex 0 0 0
      vertex 9.63725 0 14.464
    endloop
  endfacet
  facet normal 0 -1 -0
    outer loop
      vertex 9.48276 0 14.5906
      vertex 0 0 0
      vertex 9.55969 0 14.5269
    endloop
  endfacet
  facet normal 0 -1 -0
    outer loop
      vertex 9.40647 0 14.6551
      vertex 0 0 0
      vertex 9.48276 0 14.5906
    endloop
  endfacet
  facet normal 0 -1 -0
    outer loop
      vertex 9.33083 0 14.7204
      vertex 0 0 0
      vertex 9.40647 0 14.6551
    endloop
  endfacet
  facet normal 0 -1 -0
    outer loop
      vertex 9.25584 0 14.7864
      vertex 0 0 0
      vertex 9.33083 0 14.7204
    endloop
  endfacet
  facet normal 0 -1 -0
    outer loop
      vertex 9.18152 0 14.8531
      vertex 0 0 0
      vertex 9.25584 0 14.7864
    endloop
  endfacet
  facet normal 0 -1 -0
    outer loop
      vertex 9.10787 0 14.9206
      vertex 0 0 0
      vertex 9.18152 0 14.8531
    endloop
  endfacet
  facet normal 0 -1 -0
    outer loop
      vertex 9.03489 0 14.9888
      vertex 0 0 0
      vertex 9.10787 0 14.9206
    endloop
  endfacet
  facet normal 0 -1 -0
    outer loop
      vertex 8.9626 0 15.0577
      vertex 0 0 0
      vertex 9.03489 0 14.9888
    endloop
  endfacet
  facet normal 0 -1 -0
    outer loop
      vertex 8.89101 0 15.1274
      vertex 0 0 0
      vertex 8.9626 0 15.0577
    endloop
  endfacet
  facet normal 0 -1 -0
    outer loop
      vertex 8.82011 0 15.1978
      vertex 0 0 0
      vertex 8.89101 0 15.1274
    endloop
  endfacet
  facet normal 0 -1 -0
    outer loop
      vertex 8.74992 0 15.2688
      vertex 0 0 0
      vertex 8.82011 0 15.1978
    endloop
  endfacet
  facet normal 0 -1 -0
    outer loop
      vertex 8.68044 0 15.3406
      vertex 0 0 0
      vertex 8.74992 0 15.2688
    endloop
  endfacet
  facet normal 0 -1 -0
    outer loop
      vertex 8.61168 0 15.4131
      vertex 0 0 0
      vertex 8.68044 0 15.3406
    endloop
  endfacet
  facet normal 0 -1 -0
    outer loop
      vertex 8.54365 0 15.4862
      vertex 0 0 0
      vertex 8.61168 0 15.4131
    endloop
  endfacet
  facet normal 0 -1 -0
    outer loop
      vertex 8.47635 0 15.56
      vertex 0 0 0
      vertex 8.54365 0 15.4862
    endloop
  endfacet
  facet normal 0 -1 -0
    outer loop
      vertex 8.4098 0 15.6345
      vertex 0 0 0
      vertex 8.47635 0 15.56
    endloop
  endfacet
  facet normal 0 -1 -0
    outer loop
      vertex 8.34399 0 15.7097
      vertex 0 0 0
      vertex 8.4098 0 15.6345
    endloop
  endfacet
  facet normal 0 -1 -0
    outer loop
      vertex 8.27894 0 15.7855
      vertex 0 0 0
      vertex 8.34399 0 15.7097
    endloop
  endfacet
  facet normal 0 -1 -0
    outer loop
      vertex 8.21464 0 15.8619
      vertex 0 0 0
      vertex 8.27894 0 15.7855
    endloop
  endfacet
  facet normal 0 -1 -0
    outer loop
      vertex 8.15112 0 15.939
      vertex 0 0 0
      vertex 8.21464 0 15.8619
    endloop
  endfacet
  facet normal 0 -1 -0
    outer loop
      vertex 8.08836 0 16.0167
      vertex 0 0 0
      vertex 8.15112 0 15.939
    endloop
  endfacet
  facet normal 0 -1 -0
    outer loop
      vertex 8.02639 0 16.0951
      vertex 0 0 0
      vertex 8.08836 0 16.0167
    endloop
  endfacet
  facet normal 0 -1 -0
    outer loop
      vertex 7.9652 0 16.174
      vertex 0 0 0
      vertex 8.02639 0 16.0951
    endloop
  endfacet
  facet normal 0 -1 -0
    outer loop
      vertex 7.9048 0 16.2536
      vertex 0 0 0
      vertex 7.9652 0 16.174
    endloop
  endfacet
  facet normal 0 -1 -0
    outer loop
      vertex 7.8452 0 16.3338
      vertex 0 0 0
      vertex 7.9048 0 16.2536
    endloop
  endfacet
  facet normal 0 -1 -0
    outer loop
      vertex 7.78641 0 16.4145
      vertex 0 0 0
      vertex 7.8452 0 16.3338
    endloop
  endfacet
  facet normal 0 -1 -0
    outer loop
      vertex 7.72842 0 16.4959
      vertex 0 0 0
      vertex 7.78641 0 16.4145
    endloop
  endfacet
  facet normal 0 -1 -0
    outer loop
      vertex 7.67125 0 16.5778
      vertex 0 0 0
      vertex 7.72842 0 16.4959
    endloop
  endfacet
  facet normal 0 -1 -0
    outer loop
      vertex 7.6149 0 16.6603
      vertex 0 0 0
      vertex 7.67125 0 16.5778
    endloop
  endfacet
  facet normal 0 -1 -0
    outer loop
      vertex 7.55938 0 16.7433
      vertex 0 0 0
      vertex 7.6149 0 16.6603
    endloop
  endfacet
  facet normal 0 -1 -0
    outer loop
      vertex 7.50469 0 16.8269
      vertex 0 0 0
      vertex 7.55938 0 16.7433
    endloop
  endfacet
  facet normal 0 -1 -0
    outer loop
      vertex 7.45084 0 16.911
      vertex 0 0 0
      vertex 7.50469 0 16.8269
    endloop
  endfacet
  facet normal 0 -1 -0
    outer loop
      vertex 7.39783 0 16.9957
      vertex 0 0 0
      vertex 7.45084 0 16.911
    endloop
  endfacet
  facet normal 0 -1 -0
    outer loop
      vertex 7.34567 0 17.0809
      vertex 0 0 0
      vertex 7.39783 0 16.9957
    endloop
  endfacet
  facet normal 0 -1 -0
    outer loop
      vertex 7.29436 0 17.1666
      vertex 0 0 0
      vertex 7.34567 0 17.0809
    endloop
  endfacet
  facet normal 0 -1 -0
    outer loop
      vertex 7.24391 0 17.2528
      vertex 0 0 0
      vertex 7.29436 0 17.1666
    endloop
  endfacet
  facet normal 0 -1 -0
    outer loop
      vertex 7.19433 0 17.3395
      vertex 0 0 0
      vertex 7.24391 0 17.2528
    endloop
  endfacet
  facet normal 0 -1 -0
    outer loop
      vertex 7.14561 0 17.4267
      vertex 0 0 0
      vertex 7.19433 0 17.3395
    endloop
  endfacet
  facet normal 0 -1 -0
    outer loop
      vertex 7.09777 0 17.5144
      vertex 0 0 0
      vertex 7.14561 0 17.4267
    endloop
  endfacet
  facet normal 0 -1 -0
    outer loop
      vertex 7.0508 0 17.6026
      vertex 0 0 0
      vertex 7.09777 0 17.5144
    endloop
  endfacet
  facet normal 0 -1 -0
    outer loop
      vertex 7.00472 0 17.6912
      vertex 0 0 0
      vertex 7.0508 0 17.6026
    endloop
  endfacet
  facet normal 0 -1 -0
    outer loop
      vertex 6.95953 0 17.7803
      vertex 0 0 0
      vertex 7.00472 0 17.6912
    endloop
  endfacet
  facet normal 0 -1 -0
    outer loop
      vertex 6.91522 0 17.8698
      vertex 0 0 0
      vertex 6.95953 0 17.7803
    endloop
  endfacet
  facet normal 0 -1 -0
    outer loop
      vertex 6.87182 0 17.9598
      vertex 0 0 0
      vertex 6.91522 0 17.8698
    endloop
  endfacet
  facet normal 0 -1 -0
    outer loop
      vertex 6.82931 0 18.0502
      vertex 0 0 0
      vertex 6.87182 0 17.9598
    endloop
  endfacet
  facet normal 0 -1 -0
    outer loop
      vertex 6.78771 0 18.141
      vertex 0 0 0
      vertex 6.82931 0 18.0502
    endloop
  endfacet
  facet normal 0 -1 -0
    outer loop
      vertex 6.74702 0 18.2322
      vertex 0 0 0
      vertex 6.78771 0 18.141
    endloop
  endfacet
  facet normal 0 -1 -0
    outer loop
      vertex 6.70725 0 18.3238
      vertex 0 0 0
      vertex 6.74702 0 18.2322
    endloop
  endfacet
  facet normal 0 -1 -0
    outer loop
      vertex 6.66839 0 18.4159
      vertex 0 0 0
      vertex 6.70725 0 18.3238
    endloop
  endfacet
  facet normal 0 -1 -0
    outer loop
      vertex 6.63045 0 18.5083
      vertex 0 0 0
      vertex 6.66839 0 18.4159
    endloop
  endfacet
  facet normal 0 -1 -0
    outer loop
      vertex 6.59344 0 18.6011
      vertex 0 0 0
      vertex 6.63045 0 18.5083
    endloop
  endfacet
  facet normal 0 -1 -0
    outer loop
      vertex 6.55735 0 18.6942
      vertex 0 0 0
      vertex 6.59344 0 18.6011
    endloop
  endfacet
  facet normal 0 -1 -0
    outer loop
      vertex 6.5222 0 18.7877
      vertex 0 0 0
      vertex 6.55735 0 18.6942
    endloop
  endfacet
  facet normal 0 -1 -0
    outer loop
      vertex 6.48798 0 18.8815
      vertex 0 0 0
      vertex 6.5222 0 18.7877
    endloop
  endfacet
  facet normal 0 -1 -0
    outer loop
      vertex 6.4547 0 18.9757
      vertex 0 0 0
      vertex 6.48798 0 18.8815
    endloop
  endfacet
  facet normal 0 -1 -0
    outer loop
      vertex 6.42237 0 19.0702
      vertex 0 0 0
      vertex 6.4547 0 18.9757
    endloop
  endfacet
  facet normal 0 -1 -0
    outer loop
      vertex 6.39098 0 19.1651
      vertex 0 0 0
      vertex 6.42237 0 19.0702
    endloop
  endfacet
  facet normal 0 -1 -0
    outer loop
      vertex 6.36054 0 19.2602
      vertex 0 0 0
      vertex 6.39098 0 19.1651
    endloop
  endfacet
  facet normal 0 -1 -0
    outer loop
      vertex 6.33105 0 19.3557
      vertex 0 0 0
      vertex 6.36054 0 19.2602
    endloop
  endfacet
  facet normal 0 -1 -0
    outer loop
      vertex 6.30252 0 19.4514
      vertex 0 0 0
      vertex 6.33105 0 19.3557
    endloop
  endfacet
  facet normal 0 -1 -0
    outer loop
      vertex 6.27494 0 19.5474
      vertex 0 0 0
      vertex 6.30252 0 19.4514
    endloop
  endfacet
  facet normal 0 -1 -0
    outer loop
      vertex 6.24832 0 19.6437
      vertex 0 0 0
      vertex 6.27494 0 19.5474
    endloop
  endfacet
  facet normal 0 -1 -0
    outer loop
      vertex 6.22267 0 19.7402
      vertex 0 0 0
      vertex 6.24832 0 19.6437
    endloop
  endfacet
  facet normal 0 -1 -0
    outer loop
      vertex 6.19798 0 19.837
      vertex 0 0 0
      vertex 6.22267 0 19.7402
    endloop
  endfacet
  facet normal 0 -1 -0
    outer loop
      vertex 6.17426 0 19.934
      vertex 0 0 0
      vertex 6.19798 0 19.837
    endloop
  endfacet
  facet normal 0 -1 0
    outer loop
      vertex 16.0249 0 32.2592
      vertex 31.8 0 44.52
      vertex 15.925 0 32.26
    endloop
  endfacet
  facet normal 0 -1 0
    outer loop
      vertex 16.1247 0 32.2575
      vertex 31.8 0 44.52
      vertex 16.0249 0 32.2592
    endloop
  endfacet
  facet normal 0 -1 0
    outer loop
      vertex 16.2246 0 32.2547
      vertex 31.8 0 44.52
      vertex 16.1247 0 32.2575
    endloop
  endfacet
  facet normal 0 -1 0
    outer loop
      vertex 16.3244 0 32.251
      vertex 31.8 0 44.52
      vertex 16.2246 0 32.2547
    endloop
  endfacet
  facet normal 0 -1 0
    outer loop
      vertex 16.4242 0 32.2463
      vertex 31.8 0 44.52
      vertex 16.3244 0 32.251
    endloop
  endfacet
  facet normal 0 -1 0
    outer loop
      vertex 16.5239 0 32.2405
      vertex 31.8 0 44.52
      vertex 16.4242 0 32.2463
    endloop
  endfacet
  facet normal 0 -1 0
    outer loop
      vertex 16.6236 0 32.2338
      vertex 31.8 0 44.52
      vertex 16.5239 0 32.2405
    endloop
  endfacet
  facet normal 0 -1 0
    outer loop
      vertex 16.7232 0 32.2261
      vertex 31.8 0 44.52
      vertex 16.6236 0 32.2338
    endloop
  endfacet
  facet normal 0 -1 0
    outer loop
      vertex 16.8227 0 32.2173
      vertex 31.8 0 44.52
      vertex 16.7232 0 32.2261
    endloop
  endfacet
  facet normal 0 -1 0
    outer loop
      vertex 16.9221 0 32.2076
      vertex 31.8 0 44.52
      vertex 16.8227 0 32.2173
    endloop
  endfacet
  facet normal 0 -1 0
    outer loop
      vertex 17.0214 0 32.1969
      vertex 31.8 0 44.52
      vertex 16.9221 0 32.2076
    endloop
  endfacet
  facet normal 0 -1 0
    outer loop
      vertex 17.1206 0 32.1852
      vertex 31.8 0 44.52
      vertex 17.0214 0 32.1969
    endloop
  endfacet
  facet normal 0 -1 0
    outer loop
      vertex 17.2197 0 32.1725
      vertex 31.8 0 44.52
      vertex 17.1206 0 32.1852
    endloop
  endfacet
  facet normal 0 -1 0
    outer loop
      vertex 17.3187 0 32.1589
      vertex 31.8 0 44.52
      vertex 17.2197 0 32.1725
    endloop
  endfacet
  facet normal 0 -1 0
    outer loop
      vertex 17.4175 0 32.1442
      vertex 31.8 0 44.52
      vertex 17.3187 0 32.1589
    endloop
  endfacet
  facet normal 0 -1 0
    outer loop
      vertex 17.5161 0 32.1285
      vertex 31.8 0 44.52
      vertex 17.4175 0 32.1442
    endloop
  endfacet
  facet normal 0 -1 0
    outer loop
      vertex 17.6146 0 32.1119
      vertex 31.8 0 44.52
      vertex 17.5161 0 32.1285
    endloop
  endfacet
  facet normal 0 -1 0
    outer loop
      vertex 17.7129 0 32.0943
      vertex 31.8 0 44.52
      vertex 17.6146 0 32.1119
    endloop
  endfacet
  facet normal 0 -1 0
    outer loop
      vertex 17.8111 0 32.0757
      vertex 31.8 0 44.52
      vertex 17.7129 0 32.0943
    endloop
  endfacet
  facet normal 0 -1 0
    outer loop
      vertex 17.909 0 32.0561
      vertex 31.8 0 44.52
      vertex 17.8111 0 32.0757
    endloop
  endfacet
  facet normal 0 -1 0
    outer loop
      vertex 18.0068 0 32.0356
      vertex 31.8 0 44.52
      vertex 17.909 0 32.0561
    endloop
  endfacet
  facet normal 0 -1 0
    outer loop
      vertex 18.1043 0 32.014
      vertex 31.8 0 44.52
      vertex 18.0068 0 32.0356
    endloop
  endfacet
  facet normal 0 -1 0
    outer loop
      vertex 18.2017 0 31.9915
      vertex 31.8 0 44.52
      vertex 18.1043 0 32.014
    endloop
  endfacet
  facet normal 0 -1 0
    outer loop
      vertex 18.2988 0 31.968
      vertex 31.8 0 44.52
      vertex 18.2017 0 31.9915
    endloop
  endfacet
  facet normal 0 -1 0
    outer loop
      vertex 18.3956 0 31.9436
      vertex 31.8 0 44.52
      vertex 18.2988 0 31.968
    endloop
  endfacet
  facet normal 0 -1 0
    outer loop
      vertex 18.4922 0 31.9182
      vertex 31.8 0 44.52
      vertex 18.3956 0 31.9436
    endloop
  endfacet
  facet normal 0 -1 0
    outer loop
      vertex 18.5886 0 31.8918
      vertex 31.8 0 44.52
      vertex 18.4922 0 31.9182
    endloop
  endfacet
  facet normal 0 -1 0
    outer loop
      vertex 18.6846 0 31.8645
      vertex 31.8 0 44.52
      vertex 18.5886 0 31.8918
    endloop
  endfacet
  facet normal 0 -1 0
    outer loop
      vertex 18.7804 0 31.8362
      vertex 31.8 0 44.52
      vertex 18.6846 0 31.8645
    endloop
  endfacet
  facet normal 0 -1 0
    outer loop
      vertex 18.8759 0 31.8069
      vertex 31.8 0 44.52
      vertex 18.7804 0 31.8362
    endloop
  endfacet
  facet normal 0 -1 0
    outer loop
      vertex 18.9712 0 31.7767
      vertex 31.8 0 44.52
      vertex 18.8759 0 31.8069
    endloop
  endfacet
  facet normal 0 -1 0
    outer loop
      vertex 19.0661 0 31.7456
      vertex 31.8 0 44.52
      vertex 18.9712 0 31.7767
    endloop
  endfacet
  facet normal 0 -1 0
    outer loop
      vertex 19.1607 0 31.7135
      vertex 31.8 0 44.52
      vertex 19.0661 0 31.7456
    endloop
  endfacet
  facet normal 0 -1 0
    outer loop
      vertex 19.2549 0 31.6804
      vertex 31.8 0 44.52
      vertex 19.1607 0 31.7135
    endloop
  endfacet
  facet normal 0 -1 0
    outer loop
      vertex 19.3489 0 31.6464
      vertex 31.8 0 44.52
      vertex 19.2549 0 31.6804
    endloop
  endfacet
  facet normal 0 -1 0
    outer loop
      vertex 19.4425 0 31.6115
      vertex 31.8 0 44.52
      vertex 19.3489 0 31.6464
    endloop
  endfacet
  facet normal 0 -1 0
    outer loop
      vertex 19.5357 0 31.5757
      vertex 31.8 0 44.52
      vertex 19.4425 0 31.6115
    endloop
  endfacet
  facet normal 0 -1 0
    outer loop
      vertex 19.6286 0 31.5389
      vertex 31.8 0 44.52
      vertex 19.5357 0 31.5757
    endloop
  endfacet
  facet normal 0 -1 0
    outer loop
      vertex 19.7211 0 31.5012
      vertex 31.8 0 44.52
      vertex 19.6286 0 31.5389
    endloop
  endfacet
  facet normal 0 -1 0
    outer loop
      vertex 19.8132 0 31.4626
      vertex 31.8 0 44.52
      vertex 19.7211 0 31.5012
    endloop
  endfacet
  facet normal 0 -1 0
    outer loop
      vertex 19.9049 0 31.423
      vertex 31.8 0 44.52
      vertex 19.8132 0 31.4626
    endloop
  endfacet
  facet normal 0 -1 0
    outer loop
      vertex 19.9962 0 31.3825
      vertex 31.8 0 44.52
      vertex 19.9049 0 31.423
    endloop
  endfacet
  facet normal 0 -1 0
    outer loop
      vertex 20.0872 0 31.3412
      vertex 31.8 0 44.52
      vertex 19.9962 0 31.3825
    endloop
  endfacet
  facet normal 0 -1 0
    outer loop
      vertex 20.1777 0 31.2989
      vertex 31.8 0 44.52
      vertex 20.0872 0 31.3412
    endloop
  endfacet
  facet normal 0 -1 0
    outer loop
      vertex 20.2677 0 31.2557
      vertex 31.8 0 44.52
      vertex 20.1777 0 31.2989
    endloop
  endfacet
  facet normal 0 -1 0
    outer loop
      vertex 20.3574 0 31.2116
      vertex 31.8 0 44.52
      vertex 20.2677 0 31.2557
    endloop
  endfacet
  facet normal 0 -1 0
    outer loop
      vertex 20.4466 0 31.1667
      vertex 31.8 0 44.52
      vertex 20.3574 0 31.2116
    endloop
  endfacet
  facet normal 0 -1 0
    outer loop
      vertex 20.5353 0 31.1208
      vertex 31.8 0 44.52
      vertex 20.4466 0 31.1667
    endloop
  endfacet
  facet normal 0 -1 0
    outer loop
      vertex 20.6236 0 31.0741
      vertex 31.8 0 44.52
      vertex 20.5353 0 31.1208
    endloop
  endfacet
  facet normal 0 -1 0
    outer loop
      vertex 20.7114 0 31.0264
      vertex 31.8 0 44.52
      vertex 20.6236 0 31.0741
    endloop
  endfacet
  facet normal 0 -1 0
    outer loop
      vertex 20.7987 0 30.9779
      vertex 31.8 0 44.52
      vertex 20.7114 0 31.0264
    endloop
  endfacet
  facet normal 0 -1 0
    outer loop
      vertex 20.8856 0 30.9286
      vertex 31.8 0 44.52
      vertex 20.7987 0 30.9779
    endloop
  endfacet
  facet normal 0 -1 0
    outer loop
      vertex 20.9719 0 30.8783
      vertex 31.8 0 44.52
      vertex 20.8856 0 30.9286
    endloop
  endfacet
  facet normal 0 -1 0
    outer loop
      vertex 21.0578 0 30.8272
      vertex 31.8 0 44.52
      vertex 20.9719 0 30.8783
    endloop
  endfacet
  facet normal 0 -1 0
    outer loop
      vertex 21.1431 0 30.7753
      vertex 31.8 0 44.52
      vertex 21.0578 0 30.8272
    endloop
  endfacet
  facet normal 0 -1 0
    outer loop
      vertex 21.2279 0 30.7225
      vertex 31.8 0 44.52
      vertex 21.1431 0 30.7753
    endloop
  endfacet
  facet normal 0 -1 0
    outer loop
      vertex 21.3121 0 30.6688
      vertex 31.8 0 44.52
      vertex 21.2279 0 30.7225
    endloop
  endfacet
  facet normal 0 -1 0
    outer loop
      vertex 21.3959 0 30.6144
      vertex 31.8 0 44.52
      vertex 21.3121 0 30.6688
    endloop
  endfacet
  facet normal 0 -1 0
    outer loop
      vertex 21.479 0 30.5591
      vertex 31.8 0 44.52
      vertex 21.3959 0 30.6144
    endloop
  endfacet
  facet normal 0 -1 0
    outer loop
      vertex 21.5617 0 30.5029
      vertex 31.8 0 44.52
      vertex 21.479 0 30.5591
    endloop
  endfacet
  facet normal 0 -1 0
    outer loop
      vertex 21.6437 0 30.4459
      vertex 31.8 0 44.52
      vertex 21.5617 0 30.5029
    endloop
  endfacet
  facet normal 0 -1 0
    outer loop
      vertex 21.7252 0 30.3882
      vertex 31.8 0 44.52
      vertex 21.6437 0 30.4459
    endloop
  endfacet
  facet normal 0 -1 0
    outer loop
      vertex 21.8061 0 30.3296
      vertex 31.8 0 44.52
      vertex 21.7252 0 30.3882
    endloop
  endfacet
  facet normal 0 -1 0
    outer loop
      vertex 21.8864 0 30.2702
      vertex 31.8 0 44.52
      vertex 21.8061 0 30.3296
    endloop
  endfacet
  facet normal 0 -1 0
    outer loop
      vertex 21.9661 0 30.21
      vertex 31.8 0 44.52
      vertex 21.8864 0 30.2702
    endloop
  endfacet
  facet normal 0 -1 0
    outer loop
      vertex 22.0452 0 30.149
      vertex 31.8 0 44.52
      vertex 21.9661 0 30.21
    endloop
  endfacet
  facet normal 0 -1 0
    outer loop
      vertex 22.1237 0 30.0872
      vertex 31.8 0 44.52
      vertex 22.0452 0 30.149
    endloop
  endfacet
  facet normal 0 -1 0
    outer loop
      vertex 22.2016 0 30.0246
      vertex 31.8 0 44.52
      vertex 22.1237 0 30.0872
    endloop
  endfacet
  facet normal 0 -1 0
    outer loop
      vertex 22.2789 0 29.9613
      vertex 31.8 0 44.52
      vertex 22.2016 0 30.0246
    endloop
  endfacet
  facet normal 0 -1 0
    outer loop
      vertex 22.3555 0 29.8972
      vertex 31.8 0 44.52
      vertex 22.2789 0 29.9613
    endloop
  endfacet
  facet normal 0 -1 0
    outer loop
      vertex 22.4314 0 29.8323
      vertex 31.8 0 44.52
      vertex 22.3555 0 29.8972
    endloop
  endfacet
  facet normal 0 -1 0
    outer loop
      vertex 22.5067 0 29.7667
      vertex 31.8 0 44.52
      vertex 22.4314 0 29.8323
    endloop
  endfacet
  facet normal 0 -1 0
    outer loop
      vertex 22.5814 0 29.7004
      vertex 31.8 0 44.52
      vertex 22.5067 0 29.7667
    endloop
  endfacet
  facet normal 0 -1 0
    outer loop
      vertex 22.6554 0 29.6332
      vertex 31.8 0 44.52
      vertex 22.5814 0 29.7004
    endloop
  endfacet
  facet normal 0 -1 0
    outer loop
      vertex 22.7287 0 29.5654
      vertex 31.8 0 44.52
      vertex 22.6554 0 29.6332
    endloop
  endfacet
  facet normal 0 -1 0
    outer loop
      vertex 22.8013 0 29.4968
      vertex 31.8 0 44.52
      vertex 22.7287 0 29.5654
    endloop
  endfacet
  facet normal 0 -1 0
    outer loop
      vertex 22.8733 0 29.4275
      vertex 31.8 0 44.52
      vertex 22.8013 0 29.4968
    endloop
  endfacet
  facet normal 0 -1 0
    outer loop
      vertex 22.9445 0 29.3575
      vertex 31.8 0 44.52
      vertex 22.8733 0 29.4275
    endloop
  endfacet
  facet normal 0 -1 0
    outer loop
      vertex 23.0151 0 29.2868
      vertex 31.8 0 44.52
      vertex 22.9445 0 29.3575
    endloop
  endfacet
  facet normal 0 -1 0
    outer loop
      vertex 23.0849 0 29.2154
      vertex 31.8 0 44.52
      vertex 23.0151 0 29.2868
    endloop
  endfacet
  facet normal 0 -1 0
    outer loop
      vertex 23.154 0 29.1432
      vertex 31.8 0 44.52
      vertex 23.0849 0 29.2154
    endloop
  endfacet
  facet normal 0 -1 0
    outer loop
      vertex 23.2224 0 29.0704
      vertex 31.8 0 44.52
      vertex 23.154 0 29.1432
    endloop
  endfacet
  facet normal 0 -1 0
    outer loop
      vertex 23.2901 0 28.997
      vertex 31.8 0 44.52
      vertex 23.2224 0 29.0704
    endloop
  endfacet
  facet normal 0 -1 0
    outer loop
      vertex 23.357 0 28.9228
      vertex 31.8 0 44.52
      vertex 23.2901 0 28.997
    endloop
  endfacet
  facet normal 0 -1 0
    outer loop
      vertex 23.4232 0 28.848
      vertex 31.8 0 44.52
      vertex 23.357 0 28.9228
    endloop
  endfacet
  facet normal 0 -1 0
    outer loop
      vertex 23.4886 0 28.7725
      vertex 31.8 0 44.52
      vertex 23.4232 0 28.848
    endloop
  endfacet
  facet normal 0 -1 0
    outer loop
      vertex 23.5533 0 28.6964
      vertex 31.8 0 44.52
      vertex 23.4886 0 28.7725
    endloop
  endfacet
  facet normal 0 -1 0
    outer loop
      vertex 23.6172 0 28.6196
      vertex 31.8 0 44.52
      vertex 23.5533 0 28.6964
    endloop
  endfacet
  facet normal 0 -1 0
    outer loop
      vertex 23.6804 0 28.5422
      vertex 31.8 0 44.52
      vertex 23.6172 0 28.6196
    endloop
  endfacet
  facet normal 0 -1 0
    outer loop
      vertex 23.7427 0 28.4642
      vertex 31.8 0 44.52
      vertex 23.6804 0 28.5422
    endloop
  endfacet
  facet normal 0 -1 0
    outer loop
      vertex 23.8043 0 28.3855
      vertex 31.8 0 44.52
      vertex 23.7427 0 28.4642
    endloop
  endfacet
  facet normal 0 -1 0
    outer loop
      vertex 23.8651 0 28.3063
      vertex 31.8 0 44.52
      vertex 23.8043 0 28.3855
    endloop
  endfacet
  facet normal 0 -1 0
    outer loop
      vertex 23.9251 0 28.2264
      vertex 31.8 0 44.52
      vertex 23.8651 0 28.3063
    endloop
  endfacet
  facet normal 0 -1 0
    outer loop
      vertex 23.9843 0 28.1459
      vertex 31.8 0 44.52
      vertex 23.9251 0 28.2264
    endloop
  endfacet
  facet normal 0 -1 0
    outer loop
      vertex 24.0427 0 28.0649
      vertex 31.8 0 44.52
      vertex 23.9843 0 28.1459
    endloop
  endfacet
  facet normal 0 -1 0
    outer loop
      vertex 24.1003 0 27.9833
      vertex 31.8 0 44.52
      vertex 24.0427 0 28.0649
    endloop
  endfacet
  facet normal 0 -1 0
    outer loop
      vertex 24.157 0 27.9011
      vertex 31.8 0 44.52
      vertex 24.1003 0 27.9833
    endloop
  endfacet
  facet normal 0 -1 0
    outer loop
      vertex 24.213 0 27.8183
      vertex 31.8 0 44.52
      vertex 24.157 0 27.9011
    endloop
  endfacet
  facet normal 0 -1 0
    outer loop
      vertex 24.2681 0 27.735
      vertex 31.8 0 44.52
      vertex 24.213 0 27.8183
    endloop
  endfacet
  facet normal 0 -1 0
    outer loop
      vertex 24.3223 0 27.6511
      vertex 31.8 0 44.52
      vertex 24.2681 0 27.735
    endloop
  endfacet
  facet normal 0 -1 0
    outer loop
      vertex 24.3758 0 27.5667
      vertex 31.8 0 44.52
      vertex 24.3223 0 27.6511
    endloop
  endfacet
  facet normal 0 -1 0
    outer loop
      vertex 24.4284 0 27.4818
      vertex 31.8 0 44.52
      vertex 24.3758 0 27.5667
    endloop
  endfacet
  facet normal 0 -1 0
    outer loop
      vertex 24.4801 0 27.3963
      vertex 31.8 0 44.52
      vertex 24.4284 0 27.4818
    endloop
  endfacet
  facet normal 0 -1 0
    outer loop
      vertex 24.531 0 27.3104
      vertex 31.8 0 44.52
      vertex 24.4801 0 27.3963
    endloop
  endfacet
  facet normal 0 -1 0
    outer loop
      vertex 24.581 0 27.2239
      vertex 31.8 0 44.52
      vertex 24.531 0 27.3104
    endloop
  endfacet
  facet normal 0 -1 0
    outer loop
      vertex 24.6301 0 27.1369
      vertex 31.8 0 44.52
      vertex 24.581 0 27.2239
    endloop
  endfacet
  facet normal 0 -1 0
    outer loop
      vertex 24.6784 0 27.0495
      vertex 31.8 0 44.52
      vertex 24.6301 0 27.1369
    endloop
  endfacet
  facet normal 0 -1 0
    outer loop
      vertex 24.7258 0 26.9616
      vertex 31.8 0 44.52
      vertex 24.6784 0 27.0495
    endloop
  endfacet
  facet normal 0 -1 0
    outer loop
      vertex 24.7724 0 26.8732
      vertex 31.8 0 44.52
      vertex 24.7258 0 26.9616
    endloop
  endfacet
  facet normal 0 -1 0
    outer loop
      vertex 24.818 0 26.7843
      vertex 31.8 0 44.52
      vertex 24.7724 0 26.8732
    endloop
  endfacet
  facet normal 0 -1 0
    outer loop
      vertex 24.8627 0 26.695
      vertex 31.8 0 44.52
      vertex 24.818 0 26.7843
    endloop
  endfacet
  facet normal 0 -1 0
    outer loop
      vertex 24.9066 0 26.6053
      vertex 31.8 0 44.52
      vertex 24.8627 0 26.695
    endloop
  endfacet
  facet normal 0 -1 0
    outer loop
      vertex 24.9495 0 26.5151
      vertex 31.8 0 44.52
      vertex 24.9066 0 26.6053
    endloop
  endfacet
  facet normal 0 -1 0
    outer loop
      vertex 24.9916 0 26.4245
      vertex 31.8 0 44.52
      vertex 24.9495 0 26.5151
    endloop
  endfacet
  facet normal 0 -1 0
    outer loop
      vertex 25.0327 0 26.3334
      vertex 31.8 0 44.52
      vertex 24.9916 0 26.4245
    endloop
  endfacet
  facet normal 0 -1 0
    outer loop
      vertex 25.073 0 26.242
      vertex 31.8 0 44.52
      vertex 25.0327 0 26.3334
    endloop
  endfacet
  facet normal 0 -1 0
    outer loop
      vertex 25.1123 0 26.1502
      vertex 31.8 0 44.52
      vertex 25.073 0 26.242
    endloop
  endfacet
  facet normal 0 -1 0
    outer loop
      vertex 25.1507 0 26.058
      vertex 31.8 0 44.52
      vertex 25.1123 0 26.1502
    endloop
  endfacet
  facet normal 0 -1 0
    outer loop
      vertex 25.1882 0 25.9654
      vertex 31.8 0 44.52
      vertex 25.1507 0 26.058
    endloop
  endfacet
  facet normal 0 -1 0
    outer loop
      vertex 25.2247 0 25.8724
      vertex 31.8 0 44.52
      vertex 25.1882 0 25.9654
    endloop
  endfacet
  facet normal 0 -1 0
    outer loop
      vertex 25.2603 0 25.7791
      vertex 31.8 0 44.52
      vertex 25.2247 0 25.8724
    endloop
  endfacet
  facet normal 0 -1 0
    outer loop
      vertex 25.295 0 25.6854
      vertex 31.8 0 44.52
      vertex 25.2603 0 25.7791
    endloop
  endfacet
  facet normal 0 -1 0
    outer loop
      vertex 25.3288 0 25.5914
      vertex 31.8 0 44.52
      vertex 25.295 0 25.6854
    endloop
  endfacet
  facet normal 0 -1 0
    outer loop
      vertex 25.3616 0 25.497
      vertex 31.8 0 44.52
      vertex 25.3288 0 25.5914
    endloop
  endfacet
  facet normal 0 -1 0
    outer loop
      vertex 25.3934 0 25.4024
      vertex 31.8 0 44.52
      vertex 25.3616 0 25.497
    endloop
  endfacet
  facet normal 0 -1 0
    outer loop
      vertex 25.4244 0 25.3074
      vertex 31.8 0 44.52
      vertex 25.3934 0 25.4024
    endloop
  endfacet
  facet normal 0 -1 0
    outer loop
      vertex 25.4543 0 25.2121
      vertex 31.8 0 44.52
      vertex 25.4244 0 25.3074
    endloop
  endfacet
  facet normal 0 -1 0
    outer loop
      vertex 25.4833 0 25.1165
      vertex 31.8 0 44.52
      vertex 25.4543 0 25.2121
    endloop
  endfacet
  facet normal 0 -1 0
    outer loop
      vertex 25.5114 0 25.0206
      vertex 31.8 0 44.52
      vertex 25.4833 0 25.1165
    endloop
  endfacet
  facet normal 0 -1 0
    outer loop
      vertex 25.5385 0 24.9245
      vertex 31.8 0 44.52
      vertex 25.5114 0 25.0206
    endloop
  endfacet
  facet normal 0 -1 0
    outer loop
      vertex 25.5646 0 24.8281
      vertex 31.8 0 44.52
      vertex 25.5385 0 24.9245
    endloop
  endfacet
  facet normal 0 -1 0
    outer loop
      vertex 25.5898 0 24.7314
      vertex 31.8 0 44.52
      vertex 25.5646 0 24.8281
    endloop
  endfacet
  facet normal 0 -1 0
    outer loop
      vertex 25.614 0 24.6345
      vertex 31.8 0 44.52
      vertex 25.5898 0 24.7314
    endloop
  endfacet
  facet normal 0 -1 0
    outer loop
      vertex 25.6372 0 24.5373
      vertex 31.8 0 44.52
      vertex 25.614 0 24.6345
    endloop
  endfacet
  facet normal 0 -1 0
    outer loop
      vertex 25.6595 0 24.44
      vertex 31.8 0 44.52
      vertex 25.6372 0 24.5373
    endloop
  endfacet
  facet normal 0 -1 0
    outer loop
      vertex 25.6808 0 24.3424
      vertex 31.8 0 44.52
      vertex 25.6595 0 24.44
    endloop
  endfacet
  facet normal 0 -1 0
    outer loop
      vertex 25.7011 0 24.2446
      vertex 31.8 0 44.52
      vertex 25.6808 0 24.3424
    endloop
  endfacet
  facet normal 0 -1 0
    outer loop
      vertex 25.7204 0 24.1466
      vertex 31.8 0 44.52
      vertex 25.7011 0 24.2446
    endloop
  endfacet
  facet normal 0 -1 0
    outer loop
      vertex 25.7388 0 24.0484
      vertex 31.8 0 44.52
      vertex 25.7204 0 24.1466
    endloop
  endfacet
  facet normal 0 -1 0
    outer loop
      vertex 25.7562 0 23.95
      vertex 31.8 0 44.52
      vertex 25.7388 0 24.0484
    endloop
  endfacet
  facet normal 0 -1 0
    outer loop
      vertex 25.7725 0 23.8515
      vertex 31.8 0 44.52
      vertex 25.7562 0 23.95
    endloop
  endfacet
  facet normal 0 -1 0
    outer loop
      vertex 25.788 0 23.7528
      vertex 31.8 0 44.52
      vertex 25.7725 0 23.8515
    endloop
  endfacet
  facet normal 0 -1 0
    outer loop
      vertex 25.8024 0 23.6539
      vertex 31.8 0 44.52
      vertex 25.788 0 23.7528
    endloop
  endfacet
  facet normal 0 -1 0
    outer loop
      vertex 25.8158 0 23.5549
      vertex 31.8 0 44.52
      vertex 25.8024 0 23.6539
    endloop
  endfacet
  facet normal 0 -1 0
    outer loop
      vertex 25.8282 0 23.4558
      vertex 31.8 0 44.52
      vertex 25.8158 0 23.5549
    endloop
  endfacet
  facet normal 0 -1 0
    outer loop
      vertex 25.8397 0 23.3566
      vertex 31.8 0 44.52
      vertex 25.8282 0 23.4558
    endloop
  endfacet
  facet normal 0 -1 0
    outer loop
      vertex 25.8501 0 23.2573
      vertex 31.8 0 44.52
      vertex 25.8397 0 23.3566
    endloop
  endfacet
  facet normal 0 -1 0
    outer loop
      vertex 25.8596 0 23.1578
      vertex 31.8 0 44.52
      vertex 25.8501 0 23.2573
    endloop
  endfacet
  facet normal 0 -1 0
    outer loop
      vertex 25.8681 0 23.0583
      vertex 31.8 0 44.52
      vertex 25.8596 0 23.1578
    endloop
  endfacet
  facet normal 0 -1 0
    outer loop
      vertex 25.8756 0 22.9587
      vertex 31.8 0 44.52
      vertex 25.8681 0 23.0583
    endloop
  endfacet
  facet normal 0 -1 0
    outer loop
      vertex 25.882 0 22.859
      vertex 31.8 0 44.52
      vertex 25.8756 0 22.9587
    endloop
  endfacet
  facet normal 0 -1 0
    outer loop
      vertex 25.8875 0 22.7593
      vertex 31.8 0 44.52
      vertex 25.882 0 22.859
    endloop
  endfacet
  facet normal 0 -1 0
    outer loop
      vertex 25.892 0 22.6595
      vertex 31.8 0 44.52
      vertex 25.8875 0 22.7593
    endloop
  endfacet
  facet normal 0 -1 0
    outer loop
      vertex 25.8955 0 22.5596
      vertex 31.8 0 44.52
      vertex 25.892 0 22.6595
    endloop
  endfacet
  facet normal 0 -1 0
    outer loop
      vertex 25.898 0 22.4598
      vertex 31.8 0 44.52
      vertex 25.8955 0 22.5596
    endloop
  endfacet
  facet normal 0 -1 0
    outer loop
      vertex 25.8995 0 22.3599
      vertex 31.8 0 44.52
      vertex 25.898 0 22.4598
    endloop
  endfacet
  facet normal 0 -1 0
    outer loop
      vertex 25.9 0 22.26
      vertex 31.8 0 44.52
      vertex 25.8995 0 22.3599
    endloop
  endfacet
  facet normal 0 -1 0
    outer loop
      vertex 25.8995 0 22.1601
      vertex 31.8 0 44.52
      vertex 25.9 0 22.26
    endloop
  endfacet
  facet normal 0 -1 0
    outer loop
      vertex 31.8 0 0
      vertex 25.8995 0 22.1601
      vertex 25.898 0 22.0602
    endloop
  endfacet
  facet normal 0 -1 0
    outer loop
      vertex 31.8 0 0
      vertex 25.898 0 22.0602
      vertex 25.8955 0 21.9604
    endloop
  endfacet
  facet normal 0 -1 0
    outer loop
      vertex 31.8 0 0
      vertex 25.8955 0 21.9604
      vertex 25.892 0 21.8605
    endloop
  endfacet
  facet normal 0 -1 0
    outer loop
      vertex 31.8 0 0
      vertex 25.892 0 21.8605
      vertex 25.8875 0 21.7607
    endloop
  endfacet
  facet normal 0 -1 0
    outer loop
      vertex 31.8 0 0
      vertex 25.8875 0 21.7607
      vertex 25.882 0 21.661
    endloop
  endfacet
  facet normal 0 -1 0
    outer loop
      vertex 31.8 0 0
      vertex 25.882 0 21.661
      vertex 25.8756 0 21.5613
    endloop
  endfacet
  facet normal 0 -1 0
    outer loop
      vertex 31.8 0 0
      vertex 25.8756 0 21.5613
      vertex 25.8681 0 21.4617
    endloop
  endfacet
  facet normal 0 -1 0
    outer loop
      vertex 31.8 0 0
      vertex 25.8681 0 21.4617
      vertex 25.8596 0 21.3622
    endloop
  endfacet
  facet normal 0 -1 0
    outer loop
      vertex 31.8 0 0
      vertex 25.8596 0 21.3622
      vertex 25.8501 0 21.2627
    endloop
  endfacet
  facet normal 0 -1 0
    outer loop
      vertex 31.8 0 0
      vertex 25.8501 0 21.2627
      vertex 25.8397 0 21.1634
    endloop
  endfacet
  facet normal 0 -1 0
    outer loop
      vertex 31.8 0 0
      vertex 25.8397 0 21.1634
      vertex 25.8282 0 21.0642
    endloop
  endfacet
  facet normal 0 -1 0
    outer loop
      vertex 31.8 0 0
      vertex 25.8282 0 21.0642
      vertex 25.8158 0 20.9651
    endloop
  endfacet
  facet normal 0 -1 0
    outer loop
      vertex 31.8 0 0
      vertex 25.8158 0 20.9651
      vertex 25.8024 0 20.8661
    endloop
  endfacet
  facet normal 0 -1 0
    outer loop
      vertex 31.8 0 0
      vertex 25.8024 0 20.8661
      vertex 25.788 0 20.7672
    endloop
  endfacet
  facet normal 0 -1 0
    outer loop
      vertex 31.8 0 0
      vertex 25.788 0 20.7672
      vertex 25.7725 0 20.6685
    endloop
  endfacet
  facet normal 0 -1 0
    outer loop
      vertex 31.8 0 0
      vertex 25.7725 0 20.6685
      vertex 25.7562 0 20.57
    endloop
  endfacet
  facet normal 0 -1 0
    outer loop
      vertex 31.8 0 0
      vertex 25.7562 0 20.57
      vertex 25.7388 0 20.4716
    endloop
  endfacet
  facet normal 0 -1 0
    outer loop
      vertex 31.8 0 0
      vertex 25.7388 0 20.4716
      vertex 25.7204 0 20.3734
    endloop
  endfacet
  facet normal 0 -1 0
    outer loop
      vertex 31.8 0 0
      vertex 25.7204 0 20.3734
      vertex 25.7011 0 20.2754
    endloop
  endfacet
  facet normal 0 -1 0
    outer loop
      vertex 31.8 0 0
      vertex 25.7011 0 20.2754
      vertex 25.6808 0 20.1776
    endloop
  endfacet
  facet normal 0 -1 0
    outer loop
      vertex 31.8 0 0
      vertex 25.6808 0 20.1776
      vertex 25.6595 0 20.08
    endloop
  endfacet
  facet normal 0 -1 0
    outer loop
      vertex 31.8 0 0
      vertex 25.6595 0 20.08
      vertex 25.6372 0 19.9827
    endloop
  endfacet
  facet normal 0 -1 0
    outer loop
      vertex 31.8 0 0
      vertex 25.6372 0 19.9827
      vertex 25.614 0 19.8855
    endloop
  endfacet
  facet normal 0 -1 0
    outer loop
      vertex 31.8 0 0
      vertex 25.614 0 19.8855
      vertex 25.5898 0 19.7886
    endloop
  endfacet
  facet normal 0 -1 0
    outer loop
      vertex 31.8 0 0
      vertex 15.925 0 12.26
      vertex 0 0 0
    endloop
  endfacet
  facet normal 0 -1 0
    outer loop
      vertex 15.925 0 12.26
      vertex 31.8 0 0
      vertex 16.0249 0 12.2608
    endloop
  endfacet
  facet normal 0 -1 0
    outer loop
      vertex 16.0249 0 12.2608
      vertex 31.8 0 0
      vertex 16.1247 0 12.2625
    endloop
  endfacet
  facet normal 0 -1 0
    outer loop
      vertex 16.1247 0 12.2625
      vertex 31.8 0 0
      vertex 16.2246 0 12.2653
    endloop
  endfacet
  facet normal 0 -1 0
    outer loop
      vertex 16.2246 0 12.2653
      vertex 31.8 0 0
      vertex 16.3244 0 12.269
    endloop
  endfacet
  facet normal 0 -1 0
    outer loop
      vertex 16.3244 0 12.269
      vertex 31.8 0 0
      vertex 16.4242 0 12.2737
    endloop
  endfacet
  facet normal 0 -1 0
    outer loop
      vertex 16.4242 0 12.2737
      vertex 31.8 0 0
      vertex 16.5239 0 12.2795
    endloop
  endfacet
  facet normal 0 -1 0
    outer loop
      vertex 16.5239 0 12.2795
      vertex 31.8 0 0
      vertex 16.6236 0 12.2862
    endloop
  endfacet
  facet normal 0 -1 0
    outer loop
      vertex 16.6236 0 12.2862
      vertex 31.8 0 0
      vertex 16.7232 0 12.2939
    endloop
  endfacet
  facet normal 0 -1 0
    outer loop
      vertex 16.7232 0 12.2939
      vertex 31.8 0 0
      vertex 16.8227 0 12.3027
    endloop
  endfacet
  facet normal 0 -1 0
    outer loop
      vertex 16.8227 0 12.3027
      vertex 31.8 0 0
      vertex 16.9221 0 12.3124
    endloop
  endfacet
  facet normal 0 -1 0
    outer loop
      vertex 16.9221 0 12.3124
      vertex 31.8 0 0
      vertex 17.0214 0 12.3231
    endloop
  endfacet
  facet normal 0 -1 0
    outer loop
      vertex 17.0214 0 12.3231
      vertex 31.8 0 0
      vertex 17.1206 0 12.3348
    endloop
  endfacet
  facet normal 0 -1 0
    outer loop
      vertex 17.1206 0 12.3348
      vertex 31.8 0 0
      vertex 17.2197 0 12.3475
    endloop
  endfacet
  facet normal 0 -1 0
    outer loop
      vertex 17.2197 0 12.3475
      vertex 31.8 0 0
      vertex 17.3187 0 12.3611
    endloop
  endfacet
  facet normal 0 -1 0
    outer loop
      vertex 17.3187 0 12.3611
      vertex 31.8 0 0
      vertex 17.4175 0 12.3758
    endloop
  endfacet
  facet normal 0 -1 0
    outer loop
      vertex 17.4175 0 12.3758
      vertex 31.8 0 0
      vertex 17.5161 0 12.3915
    endloop
  endfacet
  facet normal 0 -1 0
    outer loop
      vertex 17.5161 0 12.3915
      vertex 31.8 0 0
      vertex 17.6146 0 12.4081
    endloop
  endfacet
  facet normal 0 -1 0
    outer loop
      vertex 17.6146 0 12.4081
      vertex 31.8 0 0
      vertex 17.7129 0 12.4257
    endloop
  endfacet
  facet normal 0 -1 0
    outer loop
      vertex 17.7129 0 12.4257
      vertex 31.8 0 0
      vertex 17.8111 0 12.4443
    endloop
  endfacet
  facet normal 0 -1 0
    outer loop
      vertex 17.8111 0 12.4443
      vertex 31.8 0 0
      vertex 17.909 0 12.4639
    endloop
  endfacet
  facet normal 0 -1 0
    outer loop
      vertex 17.909 0 12.4639
      vertex 31.8 0 0
      vertex 18.0068 0 12.4844
    endloop
  endfacet
  facet normal 0 -1 0
    outer loop
      vertex 18.0068 0 12.4844
      vertex 31.8 0 0
      vertex 18.1043 0 12.506
    endloop
  endfacet
  facet normal 0 -1 0
    outer loop
      vertex 18.1043 0 12.506
      vertex 31.8 0 0
      vertex 18.2017 0 12.5285
    endloop
  endfacet
  facet normal 0 -1 0
    outer loop
      vertex 18.2017 0 12.5285
      vertex 31.8 0 0
      vertex 18.2988 0 12.552
    endloop
  endfacet
  facet normal 0 -1 0
    outer loop
      vertex 18.2988 0 12.552
      vertex 31.8 0 0
      vertex 18.3956 0 12.5764
    endloop
  endfacet
  facet normal 0 -1 0
    outer loop
      vertex 18.3956 0 12.5764
      vertex 31.8 0 0
      vertex 18.4922 0 12.6018
    endloop
  endfacet
  facet normal 0 -1 0
    outer loop
      vertex 18.4922 0 12.6018
      vertex 31.8 0 0
      vertex 18.5886 0 12.6282
    endloop
  endfacet
  facet normal 0 -1 0
    outer loop
      vertex 18.5886 0 12.6282
      vertex 31.8 0 0
      vertex 18.6846 0 12.6555
    endloop
  endfacet
  facet normal 0 -1 0
    outer loop
      vertex 18.6846 0 12.6555
      vertex 31.8 0 0
      vertex 18.7804 0 12.6838
    endloop
  endfacet
  facet normal 0 -1 0
    outer loop
      vertex 18.7804 0 12.6838
      vertex 31.8 0 0
      vertex 18.8759 0 12.7131
    endloop
  endfacet
  facet normal 0 -1 0
    outer loop
      vertex 18.8759 0 12.7131
      vertex 31.8 0 0
      vertex 18.9712 0 12.7433
    endloop
  endfacet
  facet normal 0 -1 0
    outer loop
      vertex 18.9712 0 12.7433
      vertex 31.8 0 0
      vertex 19.0661 0 12.7744
    endloop
  endfacet
  facet normal 0 -1 0
    outer loop
      vertex 19.0661 0 12.7744
      vertex 31.8 0 0
      vertex 19.1607 0 12.8065
    endloop
  endfacet
  facet normal 0 -1 0
    outer loop
      vertex 19.1607 0 12.8065
      vertex 31.8 0 0
      vertex 19.2549 0 12.8396
    endloop
  endfacet
  facet normal 0 -1 0
    outer loop
      vertex 19.2549 0 12.8396
      vertex 31.8 0 0
      vertex 19.3489 0 12.8736
    endloop
  endfacet
  facet normal 0 -1 0
    outer loop
      vertex 19.3489 0 12.8736
      vertex 31.8 0 0
      vertex 19.4425 0 12.9085
    endloop
  endfacet
  facet normal 0 -1 0
    outer loop
      vertex 19.4425 0 12.9085
      vertex 31.8 0 0
      vertex 19.5357 0 12.9443
    endloop
  endfacet
  facet normal 0 -1 0
    outer loop
      vertex 19.5357 0 12.9443
      vertex 31.8 0 0
      vertex 19.6286 0 12.9811
    endloop
  endfacet
  facet normal 0 -1 0
    outer loop
      vertex 19.6286 0 12.9811
      vertex 31.8 0 0
      vertex 19.7211 0 13.0188
    endloop
  endfacet
  facet normal 0 -1 0
    outer loop
      vertex 19.7211 0 13.0188
      vertex 31.8 0 0
      vertex 19.8132 0 13.0574
    endloop
  endfacet
  facet normal 0 -1 0
    outer loop
      vertex 19.8132 0 13.0574
      vertex 31.8 0 0
      vertex 19.9049 0 13.097
    endloop
  endfacet
  facet normal 0 -1 0
    outer loop
      vertex 19.9049 0 13.097
      vertex 31.8 0 0
      vertex 19.9962 0 13.1375
    endloop
  endfacet
  facet normal 0 -1 0
    outer loop
      vertex 19.9962 0 13.1375
      vertex 31.8 0 0
      vertex 20.0872 0 13.1788
    endloop
  endfacet
  facet normal 0 -1 0
    outer loop
      vertex 20.0872 0 13.1788
      vertex 31.8 0 0
      vertex 20.1777 0 13.2211
    endloop
  endfacet
  facet normal 0 -1 0
    outer loop
      vertex 20.1777 0 13.2211
      vertex 31.8 0 0
      vertex 20.2677 0 13.2643
    endloop
  endfacet
  facet normal 0 -1 0
    outer loop
      vertex 20.2677 0 13.2643
      vertex 31.8 0 0
      vertex 20.3574 0 13.3084
    endloop
  endfacet
  facet normal 0 -1 0
    outer loop
      vertex 20.3574 0 13.3084
      vertex 31.8 0 0
      vertex 20.4466 0 13.3533
    endloop
  endfacet
  facet normal 0 -1 0
    outer loop
      vertex 20.4466 0 13.3533
      vertex 31.8 0 0
      vertex 20.5353 0 13.3992
    endloop
  endfacet
  facet normal 0 -1 0
    outer loop
      vertex 20.5353 0 13.3992
      vertex 31.8 0 0
      vertex 20.6236 0 13.4459
    endloop
  endfacet
  facet normal 0 -1 0
    outer loop
      vertex 20.6236 0 13.4459
      vertex 31.8 0 0
      vertex 20.7114 0 13.4936
    endloop
  endfacet
  facet normal 0 -1 0
    outer loop
      vertex 20.7114 0 13.4936
      vertex 31.8 0 0
      vertex 20.7987 0 13.5421
    endloop
  endfacet
  facet normal 0 -1 0
    outer loop
      vertex 20.7987 0 13.5421
      vertex 31.8 0 0
      vertex 20.8856 0 13.5914
    endloop
  endfacet
  facet normal 0 -1 0
    outer loop
      vertex 20.8856 0 13.5914
      vertex 31.8 0 0
      vertex 20.9719 0 13.6417
    endloop
  endfacet
  facet normal 0 -1 0
    outer loop
      vertex 20.9719 0 13.6417
      vertex 31.8 0 0
      vertex 21.0578 0 13.6928
    endloop
  endfacet
  facet normal 0 -1 0
    outer loop
      vertex 21.0578 0 13.6928
      vertex 31.8 0 0
      vertex 21.1431 0 13.7447
    endloop
  endfacet
  facet normal 0 -1 0
    outer loop
      vertex 21.1431 0 13.7447
      vertex 31.8 0 0
      vertex 21.2279 0 13.7975
    endloop
  endfacet
  facet normal 0 -1 0
    outer loop
      vertex 25.8995 0 22.1601
      vertex 31.8 0 0
      vertex 31.8 0 44.52
    endloop
  endfacet
  facet normal 0 -1 0
    outer loop
      vertex 25.5646 0 19.6919
      vertex 31.8 0 0
      vertex 25.5898 0 19.7886
    endloop
  endfacet
  facet normal 0 -1 0
    outer loop
      vertex 25.5385 0 19.5955
      vertex 31.8 0 0
      vertex 25.5646 0 19.6919
    endloop
  endfacet
  facet normal 0 -1 0
    outer loop
      vertex 25.5114 0 19.4994
      vertex 31.8 0 0
      vertex 25.5385 0 19.5955
    endloop
  endfacet
  facet normal 0 -1 0
    outer loop
      vertex 25.4833 0 19.4035
      vertex 31.8 0 0
      vertex 25.5114 0 19.4994
    endloop
  endfacet
  facet normal 0 -1 0
    outer loop
      vertex 25.4543 0 19.3079
      vertex 31.8 0 0
      vertex 25.4833 0 19.4035
    endloop
  endfacet
  facet normal 0 -1 0
    outer loop
      vertex 25.4244 0 19.2126
      vertex 31.8 0 0
      vertex 25.4543 0 19.3079
    endloop
  endfacet
  facet normal 0 -1 0
    outer loop
      vertex 25.3934 0 19.1176
      vertex 31.8 0 0
      vertex 25.4244 0 19.2126
    endloop
  endfacet
  facet normal 0 -1 0
    outer loop
      vertex 25.3616 0 19.023
      vertex 31.8 0 0
      vertex 25.3934 0 19.1176
    endloop
  endfacet
  facet normal 0 -1 0
    outer loop
      vertex 25.3288 0 18.9286
      vertex 31.8 0 0
      vertex 25.3616 0 19.023
    endloop
  endfacet
  facet normal 0 -1 0
    outer loop
      vertex 25.295 0 18.8346
      vertex 31.8 0 0
      vertex 25.3288 0 18.9286
    endloop
  endfacet
  facet normal 0 -1 0
    outer loop
      vertex 25.2603 0 18.7409
      vertex 31.8 0 0
      vertex 25.295 0 18.8346
    endloop
  endfacet
  facet normal 0 -1 0
    outer loop
      vertex 25.2247 0 18.6476
      vertex 31.8 0 0
      vertex 25.2603 0 18.7409
    endloop
  endfacet
  facet normal 0 -1 0
    outer loop
      vertex 25.1882 0 18.5546
      vertex 31.8 0 0
      vertex 25.2247 0 18.6476
    endloop
  endfacet
  facet normal 0 -1 0
    outer loop
      vertex 25.1507 0 18.462
      vertex 31.8 0 0
      vertex 25.1882 0 18.5546
    endloop
  endfacet
  facet normal 0 -1 0
    outer loop
      vertex 25.1123 0 18.3698
      vertex 31.8 0 0
      vertex 25.1507 0 18.462
    endloop
  endfacet
  facet normal 0 -1 0
    outer loop
      vertex 25.073 0 18.278
      vertex 31.8 0 0
      vertex 25.1123 0 18.3698
    endloop
  endfacet
  facet normal 0 -1 0
    outer loop
      vertex 25.0327 0 18.1866
      vertex 31.8 0 0
      vertex 25.073 0 18.278
    endloop
  endfacet
  facet normal 0 -1 0
    outer loop
      vertex 24.9916 0 18.0955
      vertex 31.8 0 0
      vertex 25.0327 0 18.1866
    endloop
  endfacet
  facet normal 0 -1 0
    outer loop
      vertex 24.9495 0 18.0049
      vertex 31.8 0 0
      vertex 24.9916 0 18.0955
    endloop
  endfacet
  facet normal 0 -1 0
    outer loop
      vertex 24.9066 0 17.9147
      vertex 31.8 0 0
      vertex 24.9495 0 18.0049
    endloop
  endfacet
  facet normal 0 -1 0
    outer loop
      vertex 24.8627 0 17.825
      vertex 31.8 0 0
      vertex 24.9066 0 17.9147
    endloop
  endfacet
  facet normal 0 -1 0
    outer loop
      vertex 24.818 0 17.7357
      vertex 31.8 0 0
      vertex 24.8627 0 17.825
    endloop
  endfacet
  facet normal 0 -1 0
    outer loop
      vertex 24.7724 0 17.6468
      vertex 31.8 0 0
      vertex 24.818 0 17.7357
    endloop
  endfacet
  facet normal 0 -1 0
    outer loop
      vertex 24.7258 0 17.5584
      vertex 31.8 0 0
      vertex 24.7724 0 17.6468
    endloop
  endfacet
  facet normal 0 -1 0
    outer loop
      vertex 24.6784 0 17.4705
      vertex 31.8 0 0
      vertex 24.7258 0 17.5584
    endloop
  endfacet
  facet normal 0 -1 0
    outer loop
      vertex 24.6301 0 17.383
      vertex 31.8 0 0
      vertex 24.6784 0 17.4705
    endloop
  endfacet
  facet normal 0 -1 0
    outer loop
      vertex 24.581 0 17.2961
      vertex 31.8 0 0
      vertex 24.6301 0 17.383
    endloop
  endfacet
  facet normal 0 -1 0
    outer loop
      vertex 24.531 0 17.2096
      vertex 31.8 0 0
      vertex 24.581 0 17.2961
    endloop
  endfacet
  facet normal 0 -1 0
    outer loop
      vertex 24.4801 0 17.1237
      vertex 31.8 0 0
      vertex 24.531 0 17.2096
    endloop
  endfacet
  facet normal 0 -1 0
    outer loop
      vertex 24.4284 0 17.0382
      vertex 31.8 0 0
      vertex 24.4801 0 17.1237
    endloop
  endfacet
  facet normal 0 -1 0
    outer loop
      vertex 24.3758 0 16.9533
      vertex 31.8 0 0
      vertex 24.4284 0 17.0382
    endloop
  endfacet
  facet normal 0 -1 0
    outer loop
      vertex 24.3223 0 16.8689
      vertex 31.8 0 0
      vertex 24.3758 0 16.9533
    endloop
  endfacet
  facet normal 0 -1 0
    outer loop
      vertex 24.2681 0 16.785
      vertex 31.8 0 0
      vertex 24.3223 0 16.8689
    endloop
  endfacet
  facet normal 0 -1 0
    outer loop
      vertex 24.213 0 16.7017
      vertex 31.8 0 0
      vertex 24.2681 0 16.785
    endloop
  endfacet
  facet normal 0 -1 0
    outer loop
      vertex 24.157 0 16.6189
      vertex 31.8 0 0
      vertex 24.213 0 16.7017
    endloop
  endfacet
  facet normal 0 -1 0
    outer loop
      vertex 24.1003 0 16.5367
      vertex 31.8 0 0
      vertex 24.157 0 16.6189
    endloop
  endfacet
  facet normal 0 -1 0
    outer loop
      vertex 24.0427 0 16.4551
      vertex 31.8 0 0
      vertex 24.1003 0 16.5367
    endloop
  endfacet
  facet normal 0 -1 0
    outer loop
      vertex 23.9843 0 16.3741
      vertex 31.8 0 0
      vertex 24.0427 0 16.4551
    endloop
  endfacet
  facet normal 0 -1 0
    outer loop
      vertex 23.9251 0 16.2936
      vertex 31.8 0 0
      vertex 23.9843 0 16.3741
    endloop
  endfacet
  facet normal 0 -1 0
    outer loop
      vertex 23.8651 0 16.2137
      vertex 31.8 0 0
      vertex 23.9251 0 16.2936
    endloop
  endfacet
  facet normal 0 -1 0
    outer loop
      vertex 23.8043 0 16.1345
      vertex 31.8 0 0
      vertex 23.8651 0 16.2137
    endloop
  endfacet
  facet normal 0 -1 0
    outer loop
      vertex 23.7427 0 16.0558
      vertex 31.8 0 0
      vertex 23.8043 0 16.1345
    endloop
  endfacet
  facet normal 0 -1 0
    outer loop
      vertex 23.6804 0 15.9778
      vertex 31.8 0 0
      vertex 23.7427 0 16.0558
    endloop
  endfacet
  facet normal 0 -1 0
    outer loop
      vertex 23.6172 0 15.9004
      vertex 31.8 0 0
      vertex 23.6804 0 15.9778
    endloop
  endfacet
  facet normal 0 -1 0
    outer loop
      vertex 23.5533 0 15.8236
      vertex 31.8 0 0
      vertex 23.6172 0 15.9004
    endloop
  endfacet
  facet normal 0 -1 0
    outer loop
      vertex 23.4886 0 15.7475
      vertex 31.8 0 0
      vertex 23.5533 0 15.8236
    endloop
  endfacet
  facet normal 0 -1 0
    outer loop
      vertex 23.4232 0 15.672
      vertex 31.8 0 0
      vertex 23.4886 0 15.7475
    endloop
  endfacet
  facet normal 0 -1 0
    outer loop
      vertex 23.357 0 15.5972
      vertex 31.8 0 0
      vertex 23.4232 0 15.672
    endloop
  endfacet
  facet normal 0 -1 0
    outer loop
      vertex 23.2901 0 15.523
      vertex 31.8 0 0
      vertex 23.357 0 15.5972
    endloop
  endfacet
  facet normal 0 -1 0
    outer loop
      vertex 23.2224 0 15.4496
      vertex 31.8 0 0
      vertex 23.2901 0 15.523
    endloop
  endfacet
  facet normal 0 -1 0
    outer loop
      vertex 23.154 0 15.3768
      vertex 31.8 0 0
      vertex 23.2224 0 15.4496
    endloop
  endfacet
  facet normal 0 -1 0
    outer loop
      vertex 23.0849 0 15.3046
      vertex 31.8 0 0
      vertex 23.154 0 15.3768
    endloop
  endfacet
  facet normal 0 -1 0
    outer loop
      vertex 23.0151 0 15.2332
      vertex 31.8 0 0
      vertex 23.0849 0 15.3046
    endloop
  endfacet
  facet normal 0 -1 0
    outer loop
      vertex 22.9445 0 15.1625
      vertex 31.8 0 0
      vertex 23.0151 0 15.2332
    endloop
  endfacet
  facet normal 0 -1 0
    outer loop
      vertex 22.8733 0 15.0925
      vertex 31.8 0 0
      vertex 22.9445 0 15.1625
    endloop
  endfacet
  facet normal 0 -1 0
    outer loop
      vertex 22.8013 0 15.0232
      vertex 31.8 0 0
      vertex 22.8733 0 15.0925
    endloop
  endfacet
  facet normal 0 -1 0
    outer loop
      vertex 22.7287 0 14.9546
      vertex 31.8 0 0
      vertex 22.8013 0 15.0232
    endloop
  endfacet
  facet normal 0 -1 0
    outer loop
      vertex 22.6554 0 14.8868
      vertex 31.8 0 0
      vertex 22.7287 0 14.9546
    endloop
  endfacet
  facet normal 0 -1 0
    outer loop
      vertex 22.5814 0 14.8196
      vertex 31.8 0 0
      vertex 22.6554 0 14.8868
    endloop
  endfacet
  facet normal 0 -1 0
    outer loop
      vertex 22.5067 0 14.7533
      vertex 31.8 0 0
      vertex 22.5814 0 14.8196
    endloop
  endfacet
  facet normal 0 -1 0
    outer loop
      vertex 22.4314 0 14.6877
      vertex 31.8 0 0
      vertex 22.5067 0 14.7533
    endloop
  endfacet
  facet normal 0 -1 0
    outer loop
      vertex 22.3555 0 14.6228
      vertex 31.8 0 0
      vertex 22.4314 0 14.6877
    endloop
  endfacet
  facet normal 0 -1 0
    outer loop
      vertex 22.2789 0 14.5587
      vertex 31.8 0 0
      vertex 22.3555 0 14.6228
    endloop
  endfacet
  facet normal 0 -1 0
    outer loop
      vertex 22.2016 0 14.4954
      vertex 31.8 0 0
      vertex 22.2789 0 14.5587
    endloop
  endfacet
  facet normal 0 -1 0
    outer loop
      vertex 22.1237 0 14.4328
      vertex 31.8 0 0
      vertex 22.2016 0 14.4954
    endloop
  endfacet
  facet normal 0 -1 0
    outer loop
      vertex 22.0452 0 14.371
      vertex 31.8 0 0
      vertex 22.1237 0 14.4328
    endloop
  endfacet
  facet normal 0 -1 0
    outer loop
      vertex 21.9661 0 14.31
      vertex 31.8 0 0
      vertex 22.0452 0 14.371
    endloop
  endfacet
  facet normal 0 -1 0
    outer loop
      vertex 21.8864 0 14.2498
      vertex 31.8 0 0
      vertex 21.9661 0 14.31
    endloop
  endfacet
  facet normal 0 -1 0
    outer loop
      vertex 21.8061 0 14.1904
      vertex 31.8 0 0
      vertex 21.8864 0 14.2498
    endloop
  endfacet
  facet normal 0 -1 0
    outer loop
      vertex 21.7252 0 14.1318
      vertex 31.8 0 0
      vertex 21.8061 0 14.1904
    endloop
  endfacet
  facet normal 0 -1 0
    outer loop
      vertex 21.6437 0 14.0741
      vertex 31.8 0 0
      vertex 21.7252 0 14.1318
    endloop
  endfacet
  facet normal 0 -1 0
    outer loop
      vertex 21.5617 0 14.0171
      vertex 31.8 0 0
      vertex 21.6437 0 14.0741
    endloop
  endfacet
  facet normal 0 -1 0
    outer loop
      vertex 21.479 0 13.9609
      vertex 31.8 0 0
      vertex 21.5617 0 14.0171
    endloop
  endfacet
  facet normal 0 -1 0
    outer loop
      vertex 21.3959 0 13.9056
      vertex 31.8 0 0
      vertex 21.479 0 13.9609
    endloop
  endfacet
  facet normal 0 -1 0
    outer loop
      vertex 21.3121 0 13.8511
      vertex 31.8 0 0
      vertex 21.3959 0 13.9056
    endloop
  endfacet
  facet normal 0 -1 0
    outer loop
      vertex 21.2279 0 13.7975
      vertex 31.8 0 0
      vertex 21.3121 0 13.8511
    endloop
  endfacet
  facet normal 1 -0 0
    outer loop
      vertex 1.5 1.5 44.52
      vertex 1.5 22.3 1.5
      vertex 1.5 22.3 44.52
    endloop
  endfacet
  facet normal 1 0 0
    outer loop
      vertex 1.5 22.3 1.5
      vertex 1.5 1.5 44.52
      vertex 1.5 1.5 1.5
    endloop
  endfacet
  facet normal -1 0 0
    outer loop
      vertex 30.3 1.5 1.5
      vertex 30.3 22.3 44.52
      vertex 30.3 22.3 1.5
    endloop
  endfacet
  facet normal -1 -0 0
    outer loop
      vertex 30.3 22.3 44.52
      vertex 30.3 1.5 1.5
      vertex 30.3 1.5 44.52
    endloop
  endfacet
  facet normal -0 0 1
    outer loop
      vertex 1.5 22.3 1.5
      vertex 30.3 1.5 1.5
      vertex 30.3 22.3 1.5
    endloop
  endfacet
  facet normal 0 0 1
    outer loop
      vertex 30.3 1.5 1.5
      vertex 1.5 22.3 1.5
      vertex 1.5 1.5 1.5
    endloop
  endfacet
  facet normal 0 1 0
    outer loop
      vertex 30.3 1.5 44.52
      vertex 15.95 1.5 31.2599
      vertex 1.5 1.5 44.52
    endloop
  endfacet
  facet normal 0 1 0
    outer loop
      vertex 30.3 1.5 44.52
      vertex 16.0499 1.5 31.2588
      vertex 15.95 1.5 31.2599
    endloop
  endfacet
  facet normal 0 1 0
    outer loop
      vertex 30.3 1.5 44.52
      vertex 16.1497 1.5 31.2565
      vertex 16.0499 1.5 31.2588
    endloop
  endfacet
  facet normal 0 1 0
    outer loop
      vertex 30.3 1.5 44.52
      vertex 16.2496 1.5 31.2532
      vertex 16.1497 1.5 31.2565
    endloop
  endfacet
  facet normal 0 1 0
    outer loop
      vertex 30.3 1.5 44.52
      vertex 16.3494 1.5 31.2488
      vertex 16.2496 1.5 31.2532
    endloop
  endfacet
  facet normal 0 1 0
    outer loop
      vertex 30.3 1.5 44.52
      vertex 16.4492 1.5 31.2432
      vertex 16.3494 1.5 31.2488
    endloop
  endfacet
  facet normal 0 1 0
    outer loop
      vertex 30.3 1.5 44.52
      vertex 16.5488 1.5 31.2366
      vertex 16.4492 1.5 31.2432
    endloop
  endfacet
  facet normal 0 1 0
    outer loop
      vertex 30.3 1.5 44.52
      vertex 16.6485 1.5 31.2288
      vertex 16.5488 1.5 31.2366
    endloop
  endfacet
  facet normal 0 1 0
    outer loop
      vertex 30.3 1.5 44.52
      vertex 16.748 1.5 31.22
      vertex 16.6485 1.5 31.2288
    endloop
  endfacet
  facet normal 0 1 0
    outer loop
      vertex 30.3 1.5 44.52
      vertex 16.8474 1.5 31.21
      vertex 16.748 1.5 31.22
    endloop
  endfacet
  facet normal 0 1 0
    outer loop
      vertex 30.3 1.5 44.52
      vertex 16.9467 1.5 31.1989
      vertex 16.8474 1.5 31.21
    endloop
  endfacet
  facet normal 0 1 0
    outer loop
      vertex 30.3 1.5 44.52
      vertex 17.0458 1.5 31.1868
      vertex 16.9467 1.5 31.1989
    endloop
  endfacet
  facet normal 0 1 0
    outer loop
      vertex 30.3 1.5 44.52
      vertex 17.1449 1.5 31.1735
      vertex 17.0458 1.5 31.1868
    endloop
  endfacet
  facet normal 0 1 0
    outer loop
      vertex 30.3 1.5 44.52
      vertex 17.2437 1.5 31.1591
      vertex 17.1449 1.5 31.1735
    endloop
  endfacet
  facet normal 0 1 0
    outer loop
      vertex 30.3 1.5 44.52
      vertex 17.3424 1.5 31.1437
      vertex 17.2437 1.5 31.1591
    endloop
  endfacet
  facet normal 0 1 0
    outer loop
      vertex 30.3 1.5 44.52
      vertex 17.441 1.5 31.1271
      vertex 17.3424 1.5 31.1437
    endloop
  endfacet
  facet normal 0 1 0
    outer loop
      vertex 30.3 1.5 44.52
      vertex 17.5393 1.5 31.1094
      vertex 17.441 1.5 31.1271
    endloop
  endfacet
  facet normal 0 1 0
    outer loop
      vertex 30.3 1.5 44.52
      vertex 17.6374 1.5 31.0907
      vertex 17.5393 1.5 31.1094
    endloop
  endfacet
  facet normal 0 1 0
    outer loop
      vertex 30.3 1.5 44.52
      vertex 17.7354 1.5 31.0709
      vertex 17.6374 1.5 31.0907
    endloop
  endfacet
  facet normal 0 1 0
    outer loop
      vertex 30.3 1.5 44.52
      vertex 17.833 1.5 31.05
      vertex 17.7354 1.5 31.0709
    endloop
  endfacet
  facet normal 0 1 0
    outer loop
      vertex 30.3 1.5 44.52
      vertex 17.9305 1.5 31.028
      vertex 17.833 1.5 31.05
    endloop
  endfacet
  facet normal 0 1 0
    outer loop
      vertex 30.3 1.5 44.52
      vertex 18.0277 1.5 31.0049
      vertex 17.9305 1.5 31.028
    endloop
  endfacet
  facet normal 0 1 0
    outer loop
      vertex 30.3 1.5 44.52
      vertex 18.1247 1.5 30.9807
      vertex 18.0277 1.5 31.0049
    endloop
  endfacet
  facet normal 0 1 0
    outer loop
      vertex 30.3 1.5 44.52
      vertex 18.2213 1.5 30.9555
      vertex 18.1247 1.5 30.9807
    endloop
  endfacet
  facet normal 0 1 0
    outer loop
      vertex 30.3 1.5 44.52
      vertex 18.3177 1.5 30.9292
      vertex 18.2213 1.5 30.9555
    endloop
  endfacet
  facet normal 0 1 0
    outer loop
      vertex 30.3 1.5 44.52
      vertex 18.4138 1.5 30.9018
      vertex 18.3177 1.5 30.9292
    endloop
  endfacet
  facet normal 0 1 0
    outer loop
      vertex 30.3 1.5 44.52
      vertex 18.5096 1.5 30.8734
      vertex 18.4138 1.5 30.9018
    endloop
  endfacet
  facet normal 0 1 0
    outer loop
      vertex 30.3 1.5 44.52
      vertex 18.605 1.5 30.8439
      vertex 18.5096 1.5 30.8734
    endloop
  endfacet
  facet normal 0 1 0
    outer loop
      vertex 30.3 1.5 44.52
      vertex 18.7001 1.5 30.8133
      vertex 18.605 1.5 30.8439
    endloop
  endfacet
  facet normal 0 1 0
    outer loop
      vertex 30.3 1.5 44.52
      vertex 18.7949 1.5 30.7817
      vertex 18.7001 1.5 30.8133
    endloop
  endfacet
  facet normal 0 1 0
    outer loop
      vertex 30.3 1.5 44.52
      vertex 18.8893 1.5 30.749
      vertex 18.7949 1.5 30.7817
    endloop
  endfacet
  facet normal 0 1 0
    outer loop
      vertex 30.3 1.5 44.52
      vertex 18.9834 1.5 30.7153
      vertex 18.8893 1.5 30.749
    endloop
  endfacet
  facet normal 0 1 0
    outer loop
      vertex 30.3 1.5 44.52
      vertex 19.0771 1.5 30.6806
      vertex 18.9834 1.5 30.7153
    endloop
  endfacet
  facet normal 0 1 0
    outer loop
      vertex 30.3 1.5 44.52
      vertex 19.1703 1.5 30.6448
      vertex 19.0771 1.5 30.6806
    endloop
  endfacet
  facet normal 0 1 0
    outer loop
      vertex 30.3 1.5 44.52
      vertex 19.2632 1.5 30.608
      vertex 19.1703 1.5 30.6448
    endloop
  endfacet
  facet normal 0 1 0
    outer loop
      vertex 30.3 1.5 44.52
      vertex 19.3557 1.5 30.5701
      vertex 19.2632 1.5 30.608
    endloop
  endfacet
  facet normal 0 1 0
    outer loop
      vertex 30.3 1.5 44.52
      vertex 19.4477 1.5 30.5313
      vertex 19.3557 1.5 30.5701
    endloop
  endfacet
  facet normal 0 1 0
    outer loop
      vertex 30.3 1.5 44.52
      vertex 19.5393 1.5 30.4914
      vertex 19.4477 1.5 30.5313
    endloop
  endfacet
  facet normal 0 1 0
    outer loop
      vertex 30.3 1.5 44.52
      vertex 19.6305 1.5 30.4505
      vertex 19.5393 1.5 30.4914
    endloop
  endfacet
  facet normal 0 1 0
    outer loop
      vertex 30.3 1.5 44.52
      vertex 19.7212 1.5 30.4085
      vertex 19.6305 1.5 30.4505
    endloop
  endfacet
  facet normal 0 1 0
    outer loop
      vertex 30.3 1.5 44.52
      vertex 19.8114 1.5 30.3656
      vertex 19.7212 1.5 30.4085
    endloop
  endfacet
  facet normal 0 1 0
    outer loop
      vertex 30.3 1.5 44.52
      vertex 19.9011 1.5 30.3217
      vertex 19.8114 1.5 30.3656
    endloop
  endfacet
  facet normal 0 1 0
    outer loop
      vertex 30.3 1.5 44.52
      vertex 19.9904 1.5 30.2768
      vertex 19.9011 1.5 30.3217
    endloop
  endfacet
  facet normal 0 1 0
    outer loop
      vertex 30.3 1.5 44.52
      vertex 20.0791 1.5 30.2309
      vertex 19.9904 1.5 30.2768
    endloop
  endfacet
  facet normal 0 1 0
    outer loop
      vertex 30.3 1.5 44.52
      vertex 20.1673 1.5 30.184
      vertex 20.0791 1.5 30.2309
    endloop
  endfacet
  facet normal 0 1 0
    outer loop
      vertex 30.3 1.5 44.52
      vertex 20.255 1.5 30.1361
      vertex 20.1673 1.5 30.184
    endloop
  endfacet
  facet normal 0 1 0
    outer loop
      vertex 30.3 1.5 44.52
      vertex 20.3422 1.5 30.0873
      vertex 20.255 1.5 30.1361
    endloop
  endfacet
  facet normal 0 1 0
    outer loop
      vertex 30.3 1.5 44.52
      vertex 20.4288 1.5 30.0375
      vertex 20.3422 1.5 30.0873
    endloop
  endfacet
  facet normal 0 1 0
    outer loop
      vertex 30.3 1.5 44.52
      vertex 20.5149 1.5 29.9868
      vertex 20.4288 1.5 30.0375
    endloop
  endfacet
  facet normal 0 1 0
    outer loop
      vertex 30.3 1.5 44.52
      vertex 20.6004 1.5 29.9351
      vertex 20.5149 1.5 29.9868
    endloop
  endfacet
  facet normal 0 1 0
    outer loop
      vertex 30.3 1.5 44.52
      vertex 20.6853 1.5 29.8824
      vertex 20.6004 1.5 29.9351
    endloop
  endfacet
  facet normal 0 1 0
    outer loop
      vertex 30.3 1.5 44.52
      vertex 20.7696 1.5 29.8288
      vertex 20.6853 1.5 29.8824
    endloop
  endfacet
  facet normal 0 1 0
    outer loop
      vertex 30.3 1.5 44.52
      vertex 20.8533 1.5 29.7743
      vertex 20.7696 1.5 29.8288
    endloop
  endfacet
  facet normal 0 1 0
    outer loop
      vertex 30.3 1.5 44.52
      vertex 20.9364 1.5 29.7189
      vertex 20.8533 1.5 29.7743
    endloop
  endfacet
  facet normal 0 1 0
    outer loop
      vertex 30.3 1.5 44.52
      vertex 21.0189 1.5 29.6625
      vertex 20.9364 1.5 29.7189
    endloop
  endfacet
  facet normal 0 1 0
    outer loop
      vertex 30.3 1.5 44.52
      vertex 21.1008 1.5 29.6052
      vertex 21.0189 1.5 29.6625
    endloop
  endfacet
  facet normal 0 1 0
    outer loop
      vertex 30.3 1.5 44.52
      vertex 21.182 1.5 29.547
      vertex 21.1008 1.5 29.6052
    endloop
  endfacet
  facet normal 0 1 0
    outer loop
      vertex 30.3 1.5 44.52
      vertex 21.2625 1.5 29.4879
      vertex 21.182 1.5 29.547
    endloop
  endfacet
  facet normal 0 1 0
    outer loop
      vertex 30.3 1.5 44.52
      vertex 21.3425 1.5 29.428
      vertex 21.2625 1.5 29.4879
    endloop
  endfacet
  facet normal 0 1 0
    outer loop
      vertex 30.3 1.5 44.52
      vertex 21.4217 1.5 29.3671
      vertex 21.3425 1.5 29.428
    endloop
  endfacet
  facet normal 0 1 0
    outer loop
      vertex 30.3 1.5 44.52
      vertex 21.5002 1.5 29.3054
      vertex 21.4217 1.5 29.3671
    endloop
  endfacet
  facet normal 0 1 0
    outer loop
      vertex 30.3 1.5 44.52
      vertex 21.5781 1.5 29.2428
      vertex 21.5002 1.5 29.3054
    endloop
  endfacet
  facet normal 0 1 0
    outer loop
      vertex 30.3 1.5 44.52
      vertex 21.6553 1.5 29.1793
      vertex 21.5781 1.5 29.2428
    endloop
  endfacet
  facet normal 0 1 0
    outer loop
      vertex 30.3 1.5 44.52
      vertex 21.7317 1.5 29.115
      vertex 21.6553 1.5 29.1793
    endloop
  endfacet
  facet normal 0 1 0
    outer loop
      vertex 30.3 1.5 44.52
      vertex 21.8075 1.5 29.0498
      vertex 21.7317 1.5 29.115
    endloop
  endfacet
  facet normal 0 1 0
    outer loop
      vertex 30.3 1.5 44.52
      vertex 21.8825 1.5 28.9838
      vertex 21.8075 1.5 29.0498
    endloop
  endfacet
  facet normal 0 1 0
    outer loop
      vertex 30.3 1.5 44.52
      vertex 21.9567 1.5 28.917
      vertex 21.8825 1.5 28.9838
    endloop
  endfacet
  facet normal 0 1 0
    outer loop
      vertex 30.3 1.5 44.52
      vertex 22.0303 1.5 28.8494
      vertex 21.9567 1.5 28.917
    endloop
  endfacet
  facet normal 0 1 0
    outer loop
      vertex 30.3 1.5 44.52
      vertex 22.103 1.5 28.7809
      vertex 22.0303 1.5 28.8494
    endloop
  endfacet
  facet normal 0 1 0
    outer loop
      vertex 30.3 1.5 44.52
      vertex 22.175 1.5 28.7117
      vertex 22.103 1.5 28.7809
    endloop
  endfacet
  facet normal 0 1 0
    outer loop
      vertex 30.3 1.5 44.52
      vertex 22.2463 1.5 28.6416
      vertex 22.175 1.5 28.7117
    endloop
  endfacet
  facet normal 0 1 0
    outer loop
      vertex 30.3 1.5 44.52
      vertex 22.3167 1.5 28.5708
      vertex 22.2463 1.5 28.6416
    endloop
  endfacet
  facet normal 0 1 0
    outer loop
      vertex 30.3 1.5 44.52
      vertex 22.3864 1.5 28.4991
      vertex 22.3167 1.5 28.5708
    endloop
  endfacet
  facet normal 0 1 0
    outer loop
      vertex 30.3 1.5 44.52
      vertex 22.4552 1.5 28.4267
      vertex 22.3864 1.5 28.4991
    endloop
  endfacet
  facet normal 0 1 0
    outer loop
      vertex 30.3 1.5 44.52
      vertex 22.5233 1.5 28.3536
      vertex 22.4552 1.5 28.4267
    endloop
  endfacet
  facet normal 0 1 0
    outer loop
      vertex 30.3 1.5 44.52
      vertex 22.5905 1.5 28.2797
      vertex 22.5233 1.5 28.3536
    endloop
  endfacet
  facet normal 0 1 0
    outer loop
      vertex 30.3 1.5 44.52
      vertex 22.6569 1.5 28.2051
      vertex 22.5905 1.5 28.2797
    endloop
  endfacet
  facet normal 0 1 0
    outer loop
      vertex 30.3 1.5 44.52
      vertex 22.7225 1.5 28.1297
      vertex 22.6569 1.5 28.2051
    endloop
  endfacet
  facet normal 0 1 0
    outer loop
      vertex 30.3 1.5 44.52
      vertex 22.7873 1.5 28.0536
      vertex 22.7225 1.5 28.1297
    endloop
  endfacet
  facet normal 0 1 0
    outer loop
      vertex 30.3 1.5 44.52
      vertex 22.8511 1.5 27.9768
      vertex 22.7873 1.5 28.0536
    endloop
  endfacet
  facet normal 0 1 0
    outer loop
      vertex 30.3 1.5 44.52
      vertex 22.9142 1.5 27.8993
      vertex 22.8511 1.5 27.9768
    endloop
  endfacet
  facet normal 0 1 0
    outer loop
      vertex 30.3 1.5 44.52
      vertex 22.9763 1.5 27.8211
      vertex 22.9142 1.5 27.8993
    endloop
  endfacet
  facet normal 0 1 0
    outer loop
      vertex 30.3 1.5 44.52
      vertex 23.0376 1.5 27.7422
      vertex 22.9763 1.5 27.8211
    endloop
  endfacet
  facet normal 0 1 0
    outer loop
      vertex 30.3 1.5 44.52
      vertex 23.0981 1.5 27.6626
      vertex 23.0376 1.5 27.7422
    endloop
  endfacet
  facet normal 0 1 0
    outer loop
      vertex 30.3 1.5 44.52
      vertex 23.1576 1.5 27.5823
      vertex 23.0981 1.5 27.6626
    endloop
  endfacet
  facet normal 0 1 0
    outer loop
      vertex 30.3 1.5 44.52
      vertex 23.2162 1.5 27.5015
      vertex 23.1576 1.5 27.5823
    endloop
  endfacet
  facet normal 0 1 0
    outer loop
      vertex 30.3 1.5 44.52
      vertex 23.274 1.5 27.4199
      vertex 23.2162 1.5 27.5015
    endloop
  endfacet
  facet normal 0 1 0
    outer loop
      vertex 30.3 1.5 44.52
      vertex 23.3308 1.5 27.3377
      vertex 23.274 1.5 27.4199
    endloop
  endfacet
  facet normal 0 1 0
    outer loop
      vertex 30.3 1.5 44.52
      vertex 23.3867 1.5 27.2549
      vertex 23.3308 1.5 27.3377
    endloop
  endfacet
  facet normal 0 1 0
    outer loop
      vertex 30.3 1.5 44.52
      vertex 23.4417 1.5 27.1715
      vertex 23.3867 1.5 27.2549
    endloop
  endfacet
  facet normal 0 1 0
    outer loop
      vertex 30.3 1.5 44.52
      vertex 23.4957 1.5 27.0875
      vertex 23.4417 1.5 27.1715
    endloop
  endfacet
  facet normal 0 1 0
    outer loop
      vertex 30.3 1.5 44.52
      vertex 23.5489 1.5 27.0029
      vertex 23.4957 1.5 27.0875
    endloop
  endfacet
  facet normal 0 1 0
    outer loop
      vertex 30.3 1.5 44.52
      vertex 23.601 1.5 26.9177
      vertex 23.5489 1.5 27.0029
    endloop
  endfacet
  facet normal 0 1 0
    outer loop
      vertex 30.3 1.5 44.52
      vertex 23.6523 1.5 26.8319
      vertex 23.601 1.5 26.9177
    endloop
  endfacet
  facet normal 0 1 0
    outer loop
      vertex 30.3 1.5 44.52
      vertex 23.7025 1.5 26.7456
      vertex 23.6523 1.5 26.8319
    endloop
  endfacet
  facet normal 0 1 0
    outer loop
      vertex 30.3 1.5 44.52
      vertex 23.7519 1.5 26.6587
      vertex 23.7025 1.5 26.7456
    endloop
  endfacet
  facet normal 0 1 0
    outer loop
      vertex 30.3 1.5 44.52
      vertex 23.8002 1.5 26.5712
      vertex 23.7519 1.5 26.6587
    endloop
  endfacet
  facet normal 0 1 0
    outer loop
      vertex 30.3 1.5 44.52
      vertex 23.8476 1.5 26.4833
      vertex 23.8002 1.5 26.5712
    endloop
  endfacet
  facet normal 0 1 0
    outer loop
      vertex 30.3 1.5 44.52
      vertex 23.894 1.5 26.3948
      vertex 23.8476 1.5 26.4833
    endloop
  endfacet
  facet normal 0 1 0
    outer loop
      vertex 30.3 1.5 44.52
      vertex 23.9394 1.5 26.3058
      vertex 23.894 1.5 26.3948
    endloop
  endfacet
  facet normal 0 1 0
    outer loop
      vertex 30.3 1.5 44.52
      vertex 23.9838 1.5 26.2163
      vertex 23.9394 1.5 26.3058
    endloop
  endfacet
  facet normal 0 1 0
    outer loop
      vertex 30.3 1.5 44.52
      vertex 24.0272 1.5 26.1263
      vertex 23.9838 1.5 26.2163
    endloop
  endfacet
  facet normal 0 1 0
    outer loop
      vertex 30.3 1.5 44.52
      vertex 24.0696 1.5 26.0359
      vertex 24.0272 1.5 26.1263
    endloop
  endfacet
  facet normal 0 1 0
    outer loop
      vertex 30.3 1.5 44.52
      vertex 24.111 1.5 25.945
      vertex 24.0696 1.5 26.0359
    endloop
  endfacet
  facet normal 0 1 0
    outer loop
      vertex 30.3 1.5 44.52
      vertex 24.1514 1.5 25.8536
      vertex 24.111 1.5 25.945
    endloop
  endfacet
  facet normal 0 1 0
    outer loop
      vertex 30.3 1.5 44.52
      vertex 24.1908 1.5 25.7618
      vertex 24.1514 1.5 25.8536
    endloop
  endfacet
  facet normal 0 1 0
    outer loop
      vertex 30.3 1.5 44.52
      vertex 24.2292 1.5 25.6695
      vertex 24.1908 1.5 25.7618
    endloop
  endfacet
  facet normal 0 1 0
    outer loop
      vertex 30.3 1.5 44.52
      vertex 24.2665 1.5 25.5768
      vertex 24.2292 1.5 25.6695
    endloop
  endfacet
  facet normal 0 1 0
    outer loop
      vertex 30.3 1.5 44.52
      vertex 24.3028 1.5 25.4838
      vertex 24.2665 1.5 25.5768
    endloop
  endfacet
  facet normal 0 1 0
    outer loop
      vertex 30.3 1.5 44.52
      vertex 24.3381 1.5 25.3903
      vertex 24.3028 1.5 25.4838
    endloop
  endfacet
  facet normal 0 1 0
    outer loop
      vertex 30.3 1.5 44.52
      vertex 24.3723 1.5 25.2964
      vertex 24.3381 1.5 25.3903
    endloop
  endfacet
  facet normal 0 1 0
    outer loop
      vertex 30.3 1.5 44.52
      vertex 24.4055 1.5 25.2022
      vertex 24.3723 1.5 25.2964
    endloop
  endfacet
  facet normal 0 1 0
    outer loop
      vertex 30.3 1.5 44.52
      vertex 24.4376 1.5 25.1076
      vertex 24.4055 1.5 25.2022
    endloop
  endfacet
  facet normal 0 1 0
    outer loop
      vertex 30.3 1.5 44.52
      vertex 24.4687 1.5 25.0126
      vertex 24.4376 1.5 25.1076
    endloop
  endfacet
  facet normal 0 1 0
    outer loop
      vertex 30.3 1.5 44.52
      vertex 24.4988 1.5 24.9173
      vertex 24.4687 1.5 25.0126
    endloop
  endfacet
  facet normal 0 1 0
    outer loop
      vertex 30.3 1.5 44.52
      vertex 24.5277 1.5 24.8217
      vertex 24.4988 1.5 24.9173
    endloop
  endfacet
  facet normal 0 1 0
    outer loop
      vertex 30.3 1.5 44.52
      vertex 24.5556 1.5 24.7258
      vertex 24.5277 1.5 24.8217
    endloop
  endfacet
  facet normal 0 1 0
    outer loop
      vertex 30.3 1.5 44.52
      vertex 24.5825 1.5 24.6296
      vertex 24.5556 1.5 24.7258
    endloop
  endfacet
  facet normal 0 1 0
    outer loop
      vertex 30.3 1.5 44.52
      vertex 24.6082 1.5 24.533
      vertex 24.5825 1.5 24.6296
    endloop
  endfacet
  facet normal 0 1 0
    outer loop
      vertex 30.3 1.5 44.52
      vertex 24.6329 1.5 24.4362
      vertex 24.6082 1.5 24.533
    endloop
  endfacet
  facet normal 0 1 0
    outer loop
      vertex 30.3 1.5 44.52
      vertex 24.6565 1.5 24.3391
      vertex 24.6329 1.5 24.4362
    endloop
  endfacet
  facet normal 0 1 0
    outer loop
      vertex 30.3 1.5 44.52
      vertex 24.6791 1.5 24.2418
      vertex 24.6565 1.5 24.3391
    endloop
  endfacet
  facet normal 0 1 0
    outer loop
      vertex 30.3 1.5 44.52
      vertex 24.7005 1.5 24.1442
      vertex 24.6791 1.5 24.2418
    endloop
  endfacet
  facet normal 0 1 0
    outer loop
      vertex 30.3 1.5 44.52
      vertex 24.7209 1.5 24.0464
      vertex 24.7005 1.5 24.1442
    endloop
  endfacet
  facet normal 0 1 0
    outer loop
      vertex 30.3 1.5 44.52
      vertex 24.7402 1.5 23.9484
      vertex 24.7209 1.5 24.0464
    endloop
  endfacet
  facet normal 0 1 0
    outer loop
      vertex 30.3 1.5 44.52
      vertex 24.7584 1.5 23.8502
      vertex 24.7402 1.5 23.9484
    endloop
  endfacet
  facet normal 0 1 0
    outer loop
      vertex 30.3 1.5 44.52
      vertex 24.7755 1.5 23.7517
      vertex 24.7584 1.5 23.8502
    endloop
  endfacet
  facet normal 0 1 0
    outer loop
      vertex 30.3 1.5 44.52
      vertex 24.7915 1.5 23.6531
      vertex 24.7755 1.5 23.7517
    endloop
  endfacet
  facet normal 0 1 0
    outer loop
      vertex 30.3 1.5 44.52
      vertex 24.8064 1.5 23.5543
      vertex 24.7915 1.5 23.6531
    endloop
  endfacet
  facet normal 0 1 0
    outer loop
      vertex 30.3 1.5 44.52
      vertex 24.8203 1.5 23.4554
      vertex 24.8064 1.5 23.5543
    endloop
  endfacet
  facet normal 0 1 0
    outer loop
      vertex 30.3 1.5 44.52
      vertex 24.833 1.5 23.3563
      vertex 24.8203 1.5 23.4554
    endloop
  endfacet
  facet normal 0 1 0
    outer loop
      vertex 30.3 1.5 44.52
      vertex 24.8446 1.5 23.257
      vertex 24.833 1.5 23.3563
    endloop
  endfacet
  facet normal 0 1 0
    outer loop
      vertex 30.3 1.5 44.52
      vertex 24.8551 1.5 23.1577
      vertex 24.8446 1.5 23.257
    endloop
  endfacet
  facet normal 0 1 0
    outer loop
      vertex 30.3 1.5 44.52
      vertex 24.8645 1.5 23.0582
      vertex 24.8551 1.5 23.1577
    endloop
  endfacet
  facet normal 0 1 0
    outer loop
      vertex 30.3 1.5 44.52
      vertex 24.8728 1.5 22.9587
      vertex 24.8645 1.5 23.0582
    endloop
  endfacet
  facet normal 0 1 0
    outer loop
      vertex 30.3 1.5 44.52
      vertex 24.88 1.5 22.859
      vertex 24.8728 1.5 22.9587
    endloop
  endfacet
  facet normal 0 1 0
    outer loop
      vertex 30.3 1.5 44.52
      vertex 24.8861 1.5 22.7593
      vertex 24.88 1.5 22.859
    endloop
  endfacet
  facet normal 0 1 0
    outer loop
      vertex 30.3 1.5 44.52
      vertex 24.8911 1.5 22.6595
      vertex 24.8861 1.5 22.7593
    endloop
  endfacet
  facet normal 0 1 0
    outer loop
      vertex 30.3 1.5 44.52
      vertex 24.895 1.5 22.5597
      vertex 24.8911 1.5 22.6595
    endloop
  endfacet
  facet normal 0 1 0
    outer loop
      vertex 30.3 1.5 44.52
      vertex 24.8978 1.5 22.4598
      vertex 24.895 1.5 22.5597
    endloop
  endfacet
  facet normal 0 1 0
    outer loop
      vertex 30.3 1.5 44.52
      vertex 24.8994 1.5 22.3599
      vertex 24.8978 1.5 22.4598
    endloop
  endfacet
  facet normal 0 1 0
    outer loop
      vertex 30.3 1.5 44.52
      vertex 24.9 1.5 22.26
      vertex 24.8994 1.5 22.3599
    endloop
  endfacet
  facet normal 0 1 -0
    outer loop
      vertex 30.3 1.5 1.5
      vertex 24.9 1.5 22.26
      vertex 30.3 1.5 44.52
    endloop
  endfacet
  facet normal 0 1 0
    outer loop
      vertex 24.9 1.5 22.26
      vertex 30.3 1.5 1.5
      vertex 24.8994 1.5 22.1601
    endloop
  endfacet
  facet normal 0 1 0
    outer loop
      vertex 24.8994 1.5 22.1601
      vertex 30.3 1.5 1.5
      vertex 24.8978 1.5 22.0602
    endloop
  endfacet
  facet normal 0 1 0
    outer loop
      vertex 24.8978 1.5 22.0602
      vertex 30.3 1.5 1.5
      vertex 24.895 1.5 21.9603
    endloop
  endfacet
  facet normal 0 1 0
    outer loop
      vertex 24.895 1.5 21.9603
      vertex 30.3 1.5 1.5
      vertex 24.8911 1.5 21.8605
    endloop
  endfacet
  facet normal 0 1 0
    outer loop
      vertex 24.8911 1.5 21.8605
      vertex 30.3 1.5 1.5
      vertex 24.8861 1.5 21.7607
    endloop
  endfacet
  facet normal 0 1 0
    outer loop
      vertex 24.8861 1.5 21.7607
      vertex 30.3 1.5 1.5
      vertex 24.88 1.5 21.661
    endloop
  endfacet
  facet normal 0 1 0
    outer loop
      vertex 24.88 1.5 21.661
      vertex 30.3 1.5 1.5
      vertex 24.8728 1.5 21.5613
    endloop
  endfacet
  facet normal 0 1 0
    outer loop
      vertex 24.8728 1.5 21.5613
      vertex 30.3 1.5 1.5
      vertex 24.8645 1.5 21.4618
    endloop
  endfacet
  facet normal 0 1 0
    outer loop
      vertex 24.8645 1.5 21.4618
      vertex 30.3 1.5 1.5
      vertex 24.8551 1.5 21.3623
    endloop
  endfacet
  facet normal 0 1 0
    outer loop
      vertex 24.8551 1.5 21.3623
      vertex 30.3 1.5 1.5
      vertex 24.8446 1.5 21.263
    endloop
  endfacet
  facet normal 0 1 0
    outer loop
      vertex 24.8446 1.5 21.263
      vertex 30.3 1.5 1.5
      vertex 24.833 1.5 21.1637
    endloop
  endfacet
  facet normal 0 1 0
    outer loop
      vertex 24.833 1.5 21.1637
      vertex 30.3 1.5 1.5
      vertex 24.8203 1.5 21.0646
    endloop
  endfacet
  facet normal 0 1 0
    outer loop
      vertex 24.8203 1.5 21.0646
      vertex 30.3 1.5 1.5
      vertex 24.8064 1.5 20.9657
    endloop
  endfacet
  facet normal 0 1 0
    outer loop
      vertex 24.8064 1.5 20.9657
      vertex 30.3 1.5 1.5
      vertex 24.7915 1.5 20.8669
    endloop
  endfacet
  facet normal 0 1 0
    outer loop
      vertex 24.7915 1.5 20.8669
      vertex 30.3 1.5 1.5
      vertex 24.7755 1.5 20.7683
    endloop
  endfacet
  facet normal 0 1 0
    outer loop
      vertex 24.7755 1.5 20.7683
      vertex 30.3 1.5 1.5
      vertex 24.7584 1.5 20.6698
    endloop
  endfacet
  facet normal 0 1 0
    outer loop
      vertex 24.7584 1.5 20.6698
      vertex 30.3 1.5 1.5
      vertex 24.7402 1.5 20.5716
    endloop
  endfacet
  facet normal 0 1 0
    outer loop
      vertex 24.7402 1.5 20.5716
      vertex 30.3 1.5 1.5
      vertex 24.7209 1.5 20.4736
    endloop
  endfacet
  facet normal 0 1 0
    outer loop
      vertex 24.7209 1.5 20.4736
      vertex 30.3 1.5 1.5
      vertex 24.7005 1.5 20.3758
    endloop
  endfacet
  facet normal 0 1 0
    outer loop
      vertex 24.7005 1.5 20.3758
      vertex 30.3 1.5 1.5
      vertex 24.6791 1.5 20.2782
    endloop
  endfacet
  facet normal 0 1 0
    outer loop
      vertex 15.95 1.5 13.2601
      vertex 30.3 1.5 1.5
      vertex 15.85 1.5 13.2601
    endloop
  endfacet
  facet normal 0 1 0
    outer loop
      vertex 16.0499 1.5 13.2612
      vertex 30.3 1.5 1.5
      vertex 15.95 1.5 13.2601
    endloop
  endfacet
  facet normal 0 1 0
    outer loop
      vertex 16.1497 1.5 13.2635
      vertex 30.3 1.5 1.5
      vertex 16.0499 1.5 13.2612
    endloop
  endfacet
  facet normal 0 1 0
    outer loop
      vertex 16.2496 1.5 13.2668
      vertex 30.3 1.5 1.5
      vertex 16.1497 1.5 13.2635
    endloop
  endfacet
  facet normal 0 1 0
    outer loop
      vertex 16.3494 1.5 13.2712
      vertex 30.3 1.5 1.5
      vertex 16.2496 1.5 13.2668
    endloop
  endfacet
  facet normal 0 1 0
    outer loop
      vertex 16.4492 1.5 13.2768
      vertex 30.3 1.5 1.5
      vertex 16.3494 1.5 13.2712
    endloop
  endfacet
  facet normal 0 1 0
    outer loop
      vertex 16.5488 1.5 13.2834
      vertex 30.3 1.5 1.5
      vertex 16.4492 1.5 13.2768
    endloop
  endfacet
  facet normal 0 1 0
    outer loop
      vertex 16.6485 1.5 13.2912
      vertex 30.3 1.5 1.5
      vertex 16.5488 1.5 13.2834
    endloop
  endfacet
  facet normal 0 1 0
    outer loop
      vertex 16.748 1.5 13.3
      vertex 30.3 1.5 1.5
      vertex 16.6485 1.5 13.2912
    endloop
  endfacet
  facet normal 0 1 0
    outer loop
      vertex 16.8474 1.5 13.31
      vertex 30.3 1.5 1.5
      vertex 16.748 1.5 13.3
    endloop
  endfacet
  facet normal 0 1 0
    outer loop
      vertex 16.9467 1.5 13.3211
      vertex 30.3 1.5 1.5
      vertex 16.8474 1.5 13.31
    endloop
  endfacet
  facet normal 0 1 0
    outer loop
      vertex 17.0458 1.5 13.3332
      vertex 30.3 1.5 1.5
      vertex 16.9467 1.5 13.3211
    endloop
  endfacet
  facet normal 0 1 0
    outer loop
      vertex 17.1449 1.5 13.3465
      vertex 30.3 1.5 1.5
      vertex 17.0458 1.5 13.3332
    endloop
  endfacet
  facet normal 0 1 0
    outer loop
      vertex 17.2437 1.5 13.3609
      vertex 30.3 1.5 1.5
      vertex 17.1449 1.5 13.3465
    endloop
  endfacet
  facet normal 0 1 0
    outer loop
      vertex 17.3424 1.5 13.3763
      vertex 30.3 1.5 1.5
      vertex 17.2437 1.5 13.3609
    endloop
  endfacet
  facet normal 0 1 0
    outer loop
      vertex 17.441 1.5 13.3929
      vertex 30.3 1.5 1.5
      vertex 17.3424 1.5 13.3763
    endloop
  endfacet
  facet normal 0 1 0
    outer loop
      vertex 17.5393 1.5 13.4106
      vertex 30.3 1.5 1.5
      vertex 17.441 1.5 13.3929
    endloop
  endfacet
  facet normal 0 1 0
    outer loop
      vertex 17.6374 1.5 13.4293
      vertex 30.3 1.5 1.5
      vertex 17.5393 1.5 13.4106
    endloop
  endfacet
  facet normal 0 1 0
    outer loop
      vertex 17.7354 1.5 13.4491
      vertex 30.3 1.5 1.5
      vertex 17.6374 1.5 13.4293
    endloop
  endfacet
  facet normal 0 1 0
    outer loop
      vertex 17.833 1.5 13.47
      vertex 30.3 1.5 1.5
      vertex 17.7354 1.5 13.4491
    endloop
  endfacet
  facet normal 0 1 0
    outer loop
      vertex 17.9305 1.5 13.492
      vertex 30.3 1.5 1.5
      vertex 17.833 1.5 13.47
    endloop
  endfacet
  facet normal 0 1 0
    outer loop
      vertex 18.0277 1.5 13.5151
      vertex 30.3 1.5 1.5
      vertex 17.9305 1.5 13.492
    endloop
  endfacet
  facet normal 0 1 0
    outer loop
      vertex 18.1247 1.5 13.5393
      vertex 30.3 1.5 1.5
      vertex 18.0277 1.5 13.5151
    endloop
  endfacet
  facet normal 0 1 0
    outer loop
      vertex 18.2213 1.5 13.5645
      vertex 30.3 1.5 1.5
      vertex 18.1247 1.5 13.5393
    endloop
  endfacet
  facet normal 0 1 0
    outer loop
      vertex 18.3177 1.5 13.5908
      vertex 30.3 1.5 1.5
      vertex 18.2213 1.5 13.5645
    endloop
  endfacet
  facet normal 0 1 0
    outer loop
      vertex 18.4138 1.5 13.6182
      vertex 30.3 1.5 1.5
      vertex 18.3177 1.5 13.5908
    endloop
  endfacet
  facet normal 0 1 0
    outer loop
      vertex 18.5096 1.5 13.6466
      vertex 30.3 1.5 1.5
      vertex 18.4138 1.5 13.6182
    endloop
  endfacet
  facet normal 0 1 0
    outer loop
      vertex 18.605 1.5 13.6761
      vertex 30.3 1.5 1.5
      vertex 18.5096 1.5 13.6466
    endloop
  endfacet
  facet normal 0 1 0
    outer loop
      vertex 18.7001 1.5 13.7067
      vertex 30.3 1.5 1.5
      vertex 18.605 1.5 13.6761
    endloop
  endfacet
  facet normal 0 1 0
    outer loop
      vertex 18.7949 1.5 13.7383
      vertex 30.3 1.5 1.5
      vertex 18.7001 1.5 13.7067
    endloop
  endfacet
  facet normal 0 1 0
    outer loop
      vertex 18.8893 1.5 13.771
      vertex 30.3 1.5 1.5
      vertex 18.7949 1.5 13.7383
    endloop
  endfacet
  facet normal 0 1 0
    outer loop
      vertex 18.9834 1.5 13.8047
      vertex 30.3 1.5 1.5
      vertex 18.8893 1.5 13.771
    endloop
  endfacet
  facet normal 0 1 0
    outer loop
      vertex 19.0771 1.5 13.8394
      vertex 30.3 1.5 1.5
      vertex 18.9834 1.5 13.8047
    endloop
  endfacet
  facet normal 0 1 0
    outer loop
      vertex 19.1703 1.5 13.8752
      vertex 30.3 1.5 1.5
      vertex 19.0771 1.5 13.8394
    endloop
  endfacet
  facet normal 0 1 0
    outer loop
      vertex 19.2632 1.5 13.912
      vertex 30.3 1.5 1.5
      vertex 19.1703 1.5 13.8752
    endloop
  endfacet
  facet normal 0 1 0
    outer loop
      vertex 19.3557 1.5 13.9499
      vertex 30.3 1.5 1.5
      vertex 19.2632 1.5 13.912
    endloop
  endfacet
  facet normal 0 1 0
    outer loop
      vertex 19.4477 1.5 13.9887
      vertex 30.3 1.5 1.5
      vertex 19.3557 1.5 13.9499
    endloop
  endfacet
  facet normal 0 1 0
    outer loop
      vertex 19.5393 1.5 14.0286
      vertex 30.3 1.5 1.5
      vertex 19.4477 1.5 13.9887
    endloop
  endfacet
  facet normal 0 1 0
    outer loop
      vertex 19.6305 1.5 14.0695
      vertex 30.3 1.5 1.5
      vertex 19.5393 1.5 14.0286
    endloop
  endfacet
  facet normal 0 1 0
    outer loop
      vertex 19.7212 1.5 14.1115
      vertex 30.3 1.5 1.5
      vertex 19.6305 1.5 14.0695
    endloop
  endfacet
  facet normal 0 1 0
    outer loop
      vertex 19.8114 1.5 14.1544
      vertex 30.3 1.5 1.5
      vertex 19.7212 1.5 14.1115
    endloop
  endfacet
  facet normal 0 1 0
    outer loop
      vertex 19.9011 1.5 14.1983
      vertex 30.3 1.5 1.5
      vertex 19.8114 1.5 14.1544
    endloop
  endfacet
  facet normal 0 1 0
    outer loop
      vertex 19.9904 1.5 14.2432
      vertex 30.3 1.5 1.5
      vertex 19.9011 1.5 14.1983
    endloop
  endfacet
  facet normal 0 1 0
    outer loop
      vertex 20.0791 1.5 14.2891
      vertex 30.3 1.5 1.5
      vertex 19.9904 1.5 14.2432
    endloop
  endfacet
  facet normal 0 1 0
    outer loop
      vertex 20.1673 1.5 14.336
      vertex 30.3 1.5 1.5
      vertex 20.0791 1.5 14.2891
    endloop
  endfacet
  facet normal 0 1 0
    outer loop
      vertex 20.255 1.5 14.3839
      vertex 30.3 1.5 1.5
      vertex 20.1673 1.5 14.336
    endloop
  endfacet
  facet normal 0 1 0
    outer loop
      vertex 20.3422 1.5 14.4327
      vertex 30.3 1.5 1.5
      vertex 20.255 1.5 14.3839
    endloop
  endfacet
  facet normal 0 1 0
    outer loop
      vertex 20.4288 1.5 14.4825
      vertex 30.3 1.5 1.5
      vertex 20.3422 1.5 14.4327
    endloop
  endfacet
  facet normal 0 1 0
    outer loop
      vertex 20.5149 1.5 14.5332
      vertex 30.3 1.5 1.5
      vertex 20.4288 1.5 14.4825
    endloop
  endfacet
  facet normal 0 1 0
    outer loop
      vertex 20.6004 1.5 14.5849
      vertex 30.3 1.5 1.5
      vertex 20.5149 1.5 14.5332
    endloop
  endfacet
  facet normal 0 1 0
    outer loop
      vertex 20.6853 1.5 14.6376
      vertex 30.3 1.5 1.5
      vertex 20.6004 1.5 14.5849
    endloop
  endfacet
  facet normal 0 1 0
    outer loop
      vertex 20.7696 1.5 14.6912
      vertex 30.3 1.5 1.5
      vertex 20.6853 1.5 14.6376
    endloop
  endfacet
  facet normal 0 1 0
    outer loop
      vertex 20.8533 1.5 14.7457
      vertex 30.3 1.5 1.5
      vertex 20.7696 1.5 14.6912
    endloop
  endfacet
  facet normal 0 1 0
    outer loop
      vertex 20.9364 1.5 14.8011
      vertex 30.3 1.5 1.5
      vertex 20.8533 1.5 14.7457
    endloop
  endfacet
  facet normal 0 1 0
    outer loop
      vertex 21.0189 1.5 14.8575
      vertex 30.3 1.5 1.5
      vertex 20.9364 1.5 14.8011
    endloop
  endfacet
  facet normal 0 1 0
    outer loop
      vertex 21.1008 1.5 14.9148
      vertex 30.3 1.5 1.5
      vertex 21.0189 1.5 14.8575
    endloop
  endfacet
  facet normal 0 1 0
    outer loop
      vertex 21.182 1.5 14.973
      vertex 30.3 1.5 1.5
      vertex 21.1008 1.5 14.9148
    endloop
  endfacet
  facet normal 0 1 0
    outer loop
      vertex 21.2625 1.5 15.0321
      vertex 30.3 1.5 1.5
      vertex 21.182 1.5 14.973
    endloop
  endfacet
  facet normal 0 1 0
    outer loop
      vertex 21.3425 1.5 15.092
      vertex 30.3 1.5 1.5
      vertex 21.2625 1.5 15.0321
    endloop
  endfacet
  facet normal 0 1 0
    outer loop
      vertex 21.4217 1.5 15.1529
      vertex 30.3 1.5 1.5
      vertex 21.3425 1.5 15.092
    endloop
  endfacet
  facet normal 0 1 0
    outer loop
      vertex 21.5002 1.5 15.2146
      vertex 30.3 1.5 1.5
      vertex 21.4217 1.5 15.1529
    endloop
  endfacet
  facet normal 0 1 0
    outer loop
      vertex 21.5781 1.5 15.2772
      vertex 30.3 1.5 1.5
      vertex 21.5002 1.5 15.2146
    endloop
  endfacet
  facet normal 0 1 0
    outer loop
      vertex 21.6553 1.5 15.3407
      vertex 30.3 1.5 1.5
      vertex 21.5781 1.5 15.2772
    endloop
  endfacet
  facet normal 0 1 0
    outer loop
      vertex 21.7317 1.5 15.405
      vertex 30.3 1.5 1.5
      vertex 21.6553 1.5 15.3407
    endloop
  endfacet
  facet normal 0 1 0
    outer loop
      vertex 21.8075 1.5 15.4702
      vertex 30.3 1.5 1.5
      vertex 21.7317 1.5 15.405
    endloop
  endfacet
  facet normal 0 1 0
    outer loop
      vertex 21.8825 1.5 15.5362
      vertex 30.3 1.5 1.5
      vertex 21.8075 1.5 15.4702
    endloop
  endfacet
  facet normal 0 1 0
    outer loop
      vertex 21.9567 1.5 15.603
      vertex 30.3 1.5 1.5
      vertex 21.8825 1.5 15.5362
    endloop
  endfacet
  facet normal 0 1 0
    outer loop
      vertex 22.0303 1.5 15.6706
      vertex 30.3 1.5 1.5
      vertex 21.9567 1.5 15.603
    endloop
  endfacet
  facet normal 0 1 0
    outer loop
      vertex 22.103 1.5 15.7391
      vertex 30.3 1.5 1.5
      vertex 22.0303 1.5 15.6706
    endloop
  endfacet
  facet normal 0 1 0
    outer loop
      vertex 22.175 1.5 15.8083
      vertex 30.3 1.5 1.5
      vertex 22.103 1.5 15.7391
    endloop
  endfacet
  facet normal 0 1 0
    outer loop
      vertex 22.2463 1.5 15.8784
      vertex 30.3 1.5 1.5
      vertex 22.175 1.5 15.8083
    endloop
  endfacet
  facet normal 0 1 0
    outer loop
      vertex 22.3167 1.5 15.9492
      vertex 30.3 1.5 1.5
      vertex 22.2463 1.5 15.8784
    endloop
  endfacet
  facet normal 0 1 0
    outer loop
      vertex 22.3864 1.5 16.0209
      vertex 30.3 1.5 1.5
      vertex 22.3167 1.5 15.9492
    endloop
  endfacet
  facet normal 0 1 0
    outer loop
      vertex 22.4552 1.5 16.0933
      vertex 30.3 1.5 1.5
      vertex 22.3864 1.5 16.0209
    endloop
  endfacet
  facet normal 0 1 0
    outer loop
      vertex 22.5233 1.5 16.1664
      vertex 30.3 1.5 1.5
      vertex 22.4552 1.5 16.0933
    endloop
  endfacet
  facet normal 0 1 0
    outer loop
      vertex 22.5905 1.5 16.2403
      vertex 30.3 1.5 1.5
      vertex 22.5233 1.5 16.1664
    endloop
  endfacet
  facet normal 0 1 0
    outer loop
      vertex 22.6569 1.5 16.3149
      vertex 30.3 1.5 1.5
      vertex 22.5905 1.5 16.2403
    endloop
  endfacet
  facet normal 0 1 0
    outer loop
      vertex 22.7225 1.5 16.3903
      vertex 30.3 1.5 1.5
      vertex 22.6569 1.5 16.3149
    endloop
  endfacet
  facet normal 0 1 0
    outer loop
      vertex 22.7873 1.5 16.4664
      vertex 30.3 1.5 1.5
      vertex 22.7225 1.5 16.3903
    endloop
  endfacet
  facet normal 0 1 0
    outer loop
      vertex 22.8511 1.5 16.5432
      vertex 30.3 1.5 1.5
      vertex 22.7873 1.5 16.4664
    endloop
  endfacet
  facet normal 0 1 0
    outer loop
      vertex 22.9142 1.5 16.6207
      vertex 30.3 1.5 1.5
      vertex 22.8511 1.5 16.5432
    endloop
  endfacet
  facet normal 0 1 0
    outer loop
      vertex 22.9763 1.5 16.6989
      vertex 30.3 1.5 1.5
      vertex 22.9142 1.5 16.6207
    endloop
  endfacet
  facet normal 0 1 0
    outer loop
      vertex 23.0376 1.5 16.7778
      vertex 30.3 1.5 1.5
      vertex 22.9763 1.5 16.6989
    endloop
  endfacet
  facet normal 0 1 0
    outer loop
      vertex 23.0981 1.5 16.8574
      vertex 30.3 1.5 1.5
      vertex 23.0376 1.5 16.7778
    endloop
  endfacet
  facet normal 0 1 0
    outer loop
      vertex 23.1576 1.5 16.9377
      vertex 30.3 1.5 1.5
      vertex 23.0981 1.5 16.8574
    endloop
  endfacet
  facet normal 0 1 0
    outer loop
      vertex 23.2162 1.5 17.0185
      vertex 30.3 1.5 1.5
      vertex 23.1576 1.5 16.9377
    endloop
  endfacet
  facet normal 0 1 0
    outer loop
      vertex 23.274 1.5 17.1001
      vertex 30.3 1.5 1.5
      vertex 23.2162 1.5 17.0185
    endloop
  endfacet
  facet normal 0 1 0
    outer loop
      vertex 23.3308 1.5 17.1823
      vertex 30.3 1.5 1.5
      vertex 23.274 1.5 17.1001
    endloop
  endfacet
  facet normal 0 1 0
    outer loop
      vertex 23.3867 1.5 17.2651
      vertex 30.3 1.5 1.5
      vertex 23.3308 1.5 17.1823
    endloop
  endfacet
  facet normal 0 1 0
    outer loop
      vertex 23.4417 1.5 17.3485
      vertex 30.3 1.5 1.5
      vertex 23.3867 1.5 17.2651
    endloop
  endfacet
  facet normal 0 1 0
    outer loop
      vertex 23.4957 1.5 17.4325
      vertex 30.3 1.5 1.5
      vertex 23.4417 1.5 17.3485
    endloop
  endfacet
  facet normal 0 1 0
    outer loop
      vertex 23.5489 1.5 17.5171
      vertex 30.3 1.5 1.5
      vertex 23.4957 1.5 17.4325
    endloop
  endfacet
  facet normal 0 1 0
    outer loop
      vertex 23.601 1.5 17.6023
      vertex 30.3 1.5 1.5
      vertex 23.5489 1.5 17.5171
    endloop
  endfacet
  facet normal 0 1 0
    outer loop
      vertex 23.6523 1.5 17.6881
      vertex 30.3 1.5 1.5
      vertex 23.601 1.5 17.6023
    endloop
  endfacet
  facet normal 0 1 0
    outer loop
      vertex 23.7025 1.5 17.7744
      vertex 30.3 1.5 1.5
      vertex 23.6523 1.5 17.6881
    endloop
  endfacet
  facet normal 0 1 0
    outer loop
      vertex 23.7519 1.5 17.8613
      vertex 30.3 1.5 1.5
      vertex 23.7025 1.5 17.7744
    endloop
  endfacet
  facet normal 0 1 0
    outer loop
      vertex 23.8002 1.5 17.9488
      vertex 30.3 1.5 1.5
      vertex 23.7519 1.5 17.8613
    endloop
  endfacet
  facet normal 0 1 0
    outer loop
      vertex 23.8476 1.5 18.0367
      vertex 30.3 1.5 1.5
      vertex 23.8002 1.5 17.9488
    endloop
  endfacet
  facet normal 0 1 0
    outer loop
      vertex 23.894 1.5 18.1252
      vertex 30.3 1.5 1.5
      vertex 23.8476 1.5 18.0367
    endloop
  endfacet
  facet normal 0 1 0
    outer loop
      vertex 23.9394 1.5 18.2142
      vertex 30.3 1.5 1.5
      vertex 23.894 1.5 18.1252
    endloop
  endfacet
  facet normal 0 1 0
    outer loop
      vertex 23.9838 1.5 18.3037
      vertex 30.3 1.5 1.5
      vertex 23.9394 1.5 18.2142
    endloop
  endfacet
  facet normal 0 1 0
    outer loop
      vertex 24.0272 1.5 18.3937
      vertex 30.3 1.5 1.5
      vertex 23.9838 1.5 18.3037
    endloop
  endfacet
  facet normal 0 1 0
    outer loop
      vertex 24.0696 1.5 18.4841
      vertex 30.3 1.5 1.5
      vertex 24.0272 1.5 18.3937
    endloop
  endfacet
  facet normal 0 1 0
    outer loop
      vertex 24.111 1.5 18.575
      vertex 30.3 1.5 1.5
      vertex 24.0696 1.5 18.4841
    endloop
  endfacet
  facet normal 0 1 0
    outer loop
      vertex 24.1514 1.5 18.6664
      vertex 30.3 1.5 1.5
      vertex 24.111 1.5 18.575
    endloop
  endfacet
  facet normal 0 1 0
    outer loop
      vertex 24.1908 1.5 18.7582
      vertex 30.3 1.5 1.5
      vertex 24.1514 1.5 18.6664
    endloop
  endfacet
  facet normal 0 1 0
    outer loop
      vertex 24.2292 1.5 18.8505
      vertex 30.3 1.5 1.5
      vertex 24.1908 1.5 18.7582
    endloop
  endfacet
  facet normal 0 1 0
    outer loop
      vertex 24.2665 1.5 18.9432
      vertex 30.3 1.5 1.5
      vertex 24.2292 1.5 18.8505
    endloop
  endfacet
  facet normal 0 1 0
    outer loop
      vertex 24.3028 1.5 19.0362
      vertex 30.3 1.5 1.5
      vertex 24.2665 1.5 18.9432
    endloop
  endfacet
  facet normal 0 1 0
    outer loop
      vertex 24.3381 1.5 19.1297
      vertex 30.3 1.5 1.5
      vertex 24.3028 1.5 19.0362
    endloop
  endfacet
  facet normal 0 1 0
    outer loop
      vertex 24.3723 1.5 19.2236
      vertex 30.3 1.5 1.5
      vertex 24.3381 1.5 19.1297
    endloop
  endfacet
  facet normal 0 1 0
    outer loop
      vertex 24.4055 1.5 19.3178
      vertex 30.3 1.5 1.5
      vertex 24.3723 1.5 19.2236
    endloop
  endfacet
  facet normal 0 1 0
    outer loop
      vertex 24.4376 1.5 19.4124
      vertex 30.3 1.5 1.5
      vertex 24.4055 1.5 19.3178
    endloop
  endfacet
  facet normal 0 1 0
    outer loop
      vertex 24.4687 1.5 19.5074
      vertex 30.3 1.5 1.5
      vertex 24.4376 1.5 19.4124
    endloop
  endfacet
  facet normal 0 1 0
    outer loop
      vertex 24.4988 1.5 19.6027
      vertex 30.3 1.5 1.5
      vertex 24.4687 1.5 19.5074
    endloop
  endfacet
  facet normal 0 1 0
    outer loop
      vertex 24.5277 1.5 19.6983
      vertex 30.3 1.5 1.5
      vertex 24.4988 1.5 19.6027
    endloop
  endfacet
  facet normal 0 1 0
    outer loop
      vertex 24.5556 1.5 19.7942
      vertex 30.3 1.5 1.5
      vertex 24.5277 1.5 19.6983
    endloop
  endfacet
  facet normal 0 1 0
    outer loop
      vertex 24.5825 1.5 19.8904
      vertex 30.3 1.5 1.5
      vertex 24.5556 1.5 19.7942
    endloop
  endfacet
  facet normal 0 1 0
    outer loop
      vertex 24.6082 1.5 19.987
      vertex 30.3 1.5 1.5
      vertex 24.5825 1.5 19.8904
    endloop
  endfacet
  facet normal 0 1 0
    outer loop
      vertex 24.6329 1.5 20.0838
      vertex 30.3 1.5 1.5
      vertex 24.6082 1.5 19.987
    endloop
  endfacet
  facet normal 0 1 0
    outer loop
      vertex 24.6565 1.5 20.1809
      vertex 30.3 1.5 1.5
      vertex 24.6329 1.5 20.0838
    endloop
  endfacet
  facet normal 0 1 0
    outer loop
      vertex 24.6791 1.5 20.2782
      vertex 30.3 1.5 1.5
      vertex 24.6565 1.5 20.1809
    endloop
  endfacet
  facet normal 0 1 -0
    outer loop
      vertex 15.85 1.5 31.2599
      vertex 1.5 1.5 44.52
      vertex 15.95 1.5 31.2599
    endloop
  endfacet
  facet normal 0 1 -0
    outer loop
      vertex 15.7501 1.5 31.2588
      vertex 1.5 1.5 44.52
      vertex 15.85 1.5 31.2599
    endloop
  endfacet
  facet normal 0 1 -0
    outer loop
      vertex 15.6503 1.5 31.2565
      vertex 1.5 1.5 44.52
      vertex 15.7501 1.5 31.2588
    endloop
  endfacet
  facet normal 0 1 -0
    outer loop
      vertex 15.5504 1.5 31.2532
      vertex 1.5 1.5 44.52
      vertex 15.6503 1.5 31.2565
    endloop
  endfacet
  facet normal 0 1 -0
    outer loop
      vertex 15.4506 1.5 31.2488
      vertex 1.5 1.5 44.52
      vertex 15.5504 1.5 31.2532
    endloop
  endfacet
  facet normal 0 1 -0
    outer loop
      vertex 15.3508 1.5 31.2432
      vertex 1.5 1.5 44.52
      vertex 15.4506 1.5 31.2488
    endloop
  endfacet
  facet normal 0 1 -0
    outer loop
      vertex 15.2512 1.5 31.2366
      vertex 1.5 1.5 44.52
      vertex 15.3508 1.5 31.2432
    endloop
  endfacet
  facet normal 0 1 -0
    outer loop
      vertex 15.1515 1.5 31.2288
      vertex 1.5 1.5 44.52
      vertex 15.2512 1.5 31.2366
    endloop
  endfacet
  facet normal 0 1 -0
    outer loop
      vertex 15.052 1.5 31.22
      vertex 1.5 1.5 44.52
      vertex 15.1515 1.5 31.2288
    endloop
  endfacet
  facet normal 0 1 -0
    outer loop
      vertex 14.9526 1.5 31.21
      vertex 1.5 1.5 44.52
      vertex 15.052 1.5 31.22
    endloop
  endfacet
  facet normal 0 1 -0
    outer loop
      vertex 14.8533 1.5 31.1989
      vertex 1.5 1.5 44.52
      vertex 14.9526 1.5 31.21
    endloop
  endfacet
  facet normal 0 1 -0
    outer loop
      vertex 14.7542 1.5 31.1868
      vertex 1.5 1.5 44.52
      vertex 14.8533 1.5 31.1989
    endloop
  endfacet
  facet normal 0 1 -0
    outer loop
      vertex 14.6551 1.5 31.1735
      vertex 1.5 1.5 44.52
      vertex 14.7542 1.5 31.1868
    endloop
  endfacet
  facet normal 0 1 -0
    outer loop
      vertex 14.5563 1.5 31.1591
      vertex 1.5 1.5 44.52
      vertex 14.6551 1.5 31.1735
    endloop
  endfacet
  facet normal 0 1 -0
    outer loop
      vertex 14.4576 1.5 31.1437
      vertex 1.5 1.5 44.52
      vertex 14.5563 1.5 31.1591
    endloop
  endfacet
  facet normal 0 1 -0
    outer loop
      vertex 14.359 1.5 31.1271
      vertex 1.5 1.5 44.52
      vertex 14.4576 1.5 31.1437
    endloop
  endfacet
  facet normal 0 1 -0
    outer loop
      vertex 14.2607 1.5 31.1094
      vertex 1.5 1.5 44.52
      vertex 14.359 1.5 31.1271
    endloop
  endfacet
  facet normal 0 1 -0
    outer loop
      vertex 14.1626 1.5 31.0907
      vertex 1.5 1.5 44.52
      vertex 14.2607 1.5 31.1094
    endloop
  endfacet
  facet normal 0 1 -0
    outer loop
      vertex 14.0646 1.5 31.0709
      vertex 1.5 1.5 44.52
      vertex 14.1626 1.5 31.0907
    endloop
  endfacet
  facet normal 0 1 -0
    outer loop
      vertex 13.9669 1.5 31.05
      vertex 1.5 1.5 44.52
      vertex 14.0646 1.5 31.0709
    endloop
  endfacet
  facet normal 0 1 -0
    outer loop
      vertex 13.8695 1.5 31.028
      vertex 1.5 1.5 44.52
      vertex 13.9669 1.5 31.05
    endloop
  endfacet
  facet normal 0 1 -0
    outer loop
      vertex 13.7723 1.5 31.0049
      vertex 1.5 1.5 44.52
      vertex 13.8695 1.5 31.028
    endloop
  endfacet
  facet normal 0 1 -0
    outer loop
      vertex 13.6753 1.5 30.9807
      vertex 1.5 1.5 44.52
      vertex 13.7723 1.5 31.0049
    endloop
  endfacet
  facet normal 0 1 -0
    outer loop
      vertex 13.5787 1.5 30.9555
      vertex 1.5 1.5 44.52
      vertex 13.6753 1.5 30.9807
    endloop
  endfacet
  facet normal 0 1 -0
    outer loop
      vertex 13.4823 1.5 30.9292
      vertex 1.5 1.5 44.52
      vertex 13.5787 1.5 30.9555
    endloop
  endfacet
  facet normal 0 1 -0
    outer loop
      vertex 13.3862 1.5 30.9018
      vertex 1.5 1.5 44.52
      vertex 13.4823 1.5 30.9292
    endloop
  endfacet
  facet normal 0 1 -0
    outer loop
      vertex 13.2904 1.5 30.8734
      vertex 1.5 1.5 44.52
      vertex 13.3862 1.5 30.9018
    endloop
  endfacet
  facet normal 0 1 -0
    outer loop
      vertex 13.195 1.5 30.8439
      vertex 1.5 1.5 44.52
      vertex 13.2904 1.5 30.8734
    endloop
  endfacet
  facet normal 0 1 -0
    outer loop
      vertex 13.0998 1.5 30.8133
      vertex 1.5 1.5 44.52
      vertex 13.195 1.5 30.8439
    endloop
  endfacet
  facet normal 0 1 -0
    outer loop
      vertex 13.0051 1.5 30.7817
      vertex 1.5 1.5 44.52
      vertex 13.0998 1.5 30.8133
    endloop
  endfacet
  facet normal 0 1 -0
    outer loop
      vertex 12.9107 1.5 30.749
      vertex 1.5 1.5 44.52
      vertex 13.0051 1.5 30.7817
    endloop
  endfacet
  facet normal 0 1 -0
    outer loop
      vertex 12.8166 1.5 30.7153
      vertex 1.5 1.5 44.52
      vertex 12.9107 1.5 30.749
    endloop
  endfacet
  facet normal 0 1 -0
    outer loop
      vertex 12.7229 1.5 30.6806
      vertex 1.5 1.5 44.52
      vertex 12.8166 1.5 30.7153
    endloop
  endfacet
  facet normal 0 1 -0
    outer loop
      vertex 12.6297 1.5 30.6448
      vertex 1.5 1.5 44.52
      vertex 12.7229 1.5 30.6806
    endloop
  endfacet
  facet normal 0 1 -0
    outer loop
      vertex 12.5368 1.5 30.608
      vertex 1.5 1.5 44.52
      vertex 12.6297 1.5 30.6448
    endloop
  endfacet
  facet normal 0 1 -0
    outer loop
      vertex 12.4443 1.5 30.5701
      vertex 1.5 1.5 44.52
      vertex 12.5368 1.5 30.608
    endloop
  endfacet
  facet normal 0 1 -0
    outer loop
      vertex 12.3523 1.5 30.5313
      vertex 1.5 1.5 44.52
      vertex 12.4443 1.5 30.5701
    endloop
  endfacet
  facet normal 0 1 -0
    outer loop
      vertex 12.2607 1.5 30.4914
      vertex 1.5 1.5 44.52
      vertex 12.3523 1.5 30.5313
    endloop
  endfacet
  facet normal 0 1 -0
    outer loop
      vertex 12.1695 1.5 30.4505
      vertex 1.5 1.5 44.52
      vertex 12.2607 1.5 30.4914
    endloop
  endfacet
  facet normal 0 1 -0
    outer loop
      vertex 12.0788 1.5 30.4085
      vertex 1.5 1.5 44.52
      vertex 12.1695 1.5 30.4505
    endloop
  endfacet
  facet normal 0 1 -0
    outer loop
      vertex 11.9886 1.5 30.3656
      vertex 1.5 1.5 44.52
      vertex 12.0788 1.5 30.4085
    endloop
  endfacet
  facet normal 0 1 -0
    outer loop
      vertex 11.8989 1.5 30.3217
      vertex 1.5 1.5 44.52
      vertex 11.9886 1.5 30.3656
    endloop
  endfacet
  facet normal 0 1 -0
    outer loop
      vertex 11.8096 1.5 30.2768
      vertex 1.5 1.5 44.52
      vertex 11.8989 1.5 30.3217
    endloop
  endfacet
  facet normal 0 1 -0
    outer loop
      vertex 11.7209 1.5 30.2309
      vertex 1.5 1.5 44.52
      vertex 11.8096 1.5 30.2768
    endloop
  endfacet
  facet normal 0 1 -0
    outer loop
      vertex 11.6327 1.5 30.184
      vertex 1.5 1.5 44.52
      vertex 11.7209 1.5 30.2309
    endloop
  endfacet
  facet normal 0 1 -0
    outer loop
      vertex 11.545 1.5 30.1361
      vertex 1.5 1.5 44.52
      vertex 11.6327 1.5 30.184
    endloop
  endfacet
  facet normal 0 1 -0
    outer loop
      vertex 11.4578 1.5 30.0873
      vertex 1.5 1.5 44.52
      vertex 11.545 1.5 30.1361
    endloop
  endfacet
  facet normal 0 1 -0
    outer loop
      vertex 11.3712 1.5 30.0375
      vertex 1.5 1.5 44.52
      vertex 11.4578 1.5 30.0873
    endloop
  endfacet
  facet normal 0 1 -0
    outer loop
      vertex 11.2851 1.5 29.9868
      vertex 1.5 1.5 44.52
      vertex 11.3712 1.5 30.0375
    endloop
  endfacet
  facet normal 0 1 -0
    outer loop
      vertex 11.1996 1.5 29.9351
      vertex 1.5 1.5 44.52
      vertex 11.2851 1.5 29.9868
    endloop
  endfacet
  facet normal 0 1 -0
    outer loop
      vertex 11.1147 1.5 29.8824
      vertex 1.5 1.5 44.52
      vertex 11.1996 1.5 29.9351
    endloop
  endfacet
  facet normal 0 1 -0
    outer loop
      vertex 11.0304 1.5 29.8288
      vertex 1.5 1.5 44.52
      vertex 11.1147 1.5 29.8824
    endloop
  endfacet
  facet normal 0 1 -0
    outer loop
      vertex 10.9467 1.5 29.7743
      vertex 1.5 1.5 44.52
      vertex 11.0304 1.5 29.8288
    endloop
  endfacet
  facet normal 0 1 -0
    outer loop
      vertex 10.8636 1.5 29.7189
      vertex 1.5 1.5 44.52
      vertex 10.9467 1.5 29.7743
    endloop
  endfacet
  facet normal 0 1 -0
    outer loop
      vertex 10.7811 1.5 29.6625
      vertex 1.5 1.5 44.52
      vertex 10.8636 1.5 29.7189
    endloop
  endfacet
  facet normal 0 1 -0
    outer loop
      vertex 10.6992 1.5 29.6052
      vertex 1.5 1.5 44.52
      vertex 10.7811 1.5 29.6625
    endloop
  endfacet
  facet normal 0 1 -0
    outer loop
      vertex 10.618 1.5 29.547
      vertex 1.5 1.5 44.52
      vertex 10.6992 1.5 29.6052
    endloop
  endfacet
  facet normal 0 1 -0
    outer loop
      vertex 10.5375 1.5 29.4879
      vertex 1.5 1.5 44.52
      vertex 10.618 1.5 29.547
    endloop
  endfacet
  facet normal 0 1 -0
    outer loop
      vertex 10.4575 1.5 29.428
      vertex 1.5 1.5 44.52
      vertex 10.5375 1.5 29.4879
    endloop
  endfacet
  facet normal 0 1 -0
    outer loop
      vertex 10.3783 1.5 29.3671
      vertex 1.5 1.5 44.52
      vertex 10.4575 1.5 29.428
    endloop
  endfacet
  facet normal 0 1 -0
    outer loop
      vertex 10.2998 1.5 29.3054
      vertex 1.5 1.5 44.52
      vertex 10.3783 1.5 29.3671
    endloop
  endfacet
  facet normal 0 1 -0
    outer loop
      vertex 10.2219 1.5 29.2428
      vertex 1.5 1.5 44.52
      vertex 10.2998 1.5 29.3054
    endloop
  endfacet
  facet normal 0 1 -0
    outer loop
      vertex 10.1447 1.5 29.1793
      vertex 1.5 1.5 44.52
      vertex 10.2219 1.5 29.2428
    endloop
  endfacet
  facet normal 0 1 -0
    outer loop
      vertex 10.0683 1.5 29.115
      vertex 1.5 1.5 44.52
      vertex 10.1447 1.5 29.1793
    endloop
  endfacet
  facet normal 0 1 -0
    outer loop
      vertex 9.99254 1.5 29.0498
      vertex 1.5 1.5 44.52
      vertex 10.0683 1.5 29.115
    endloop
  endfacet
  facet normal 0 1 -0
    outer loop
      vertex 9.91753 1.5 28.9838
      vertex 1.5 1.5 44.52
      vertex 9.99254 1.5 29.0498
    endloop
  endfacet
  facet normal 0 1 -0
    outer loop
      vertex 9.84326 1.5 28.917
      vertex 1.5 1.5 44.52
      vertex 9.91753 1.5 28.9838
    endloop
  endfacet
  facet normal 0 1 -0
    outer loop
      vertex 9.76973 1.5 28.8494
      vertex 1.5 1.5 44.52
      vertex 9.84326 1.5 28.917
    endloop
  endfacet
  facet normal 0 1 -0
    outer loop
      vertex 9.69696 1.5 28.7809
      vertex 1.5 1.5 44.52
      vertex 9.76973 1.5 28.8494
    endloop
  endfacet
  facet normal 0 1 -0
    outer loop
      vertex 9.62496 1.5 28.7117
      vertex 1.5 1.5 44.52
      vertex 9.69696 1.5 28.7809
    endloop
  endfacet
  facet normal 0 1 -0
    outer loop
      vertex 9.55372 1.5 28.6416
      vertex 1.5 1.5 44.52
      vertex 9.62496 1.5 28.7117
    endloop
  endfacet
  facet normal 0 1 -0
    outer loop
      vertex 9.48327 1.5 28.5708
      vertex 1.5 1.5 44.52
      vertex 9.55372 1.5 28.6416
    endloop
  endfacet
  facet normal 0 1 -0
    outer loop
      vertex 9.41362 1.5 28.4991
      vertex 1.5 1.5 44.52
      vertex 9.48327 1.5 28.5708
    endloop
  endfacet
  facet normal 0 1 -0
    outer loop
      vertex 9.34476 1.5 28.4267
      vertex 1.5 1.5 44.52
      vertex 9.41362 1.5 28.4991
    endloop
  endfacet
  facet normal 0 1 -0
    outer loop
      vertex 9.2767 1.5 28.3536
      vertex 1.5 1.5 44.52
      vertex 9.34476 1.5 28.4267
    endloop
  endfacet
  facet normal 0 1 -0
    outer loop
      vertex 9.20947 1.5 28.2797
      vertex 1.5 1.5 44.52
      vertex 9.2767 1.5 28.3536
    endloop
  endfacet
  facet normal 0 1 -0
    outer loop
      vertex 9.14306 1.5 28.2051
      vertex 1.5 1.5 44.52
      vertex 9.20947 1.5 28.2797
    endloop
  endfacet
  facet normal 0 1 -0
    outer loop
      vertex 9.07748 1.5 28.1297
      vertex 1.5 1.5 44.52
      vertex 9.14306 1.5 28.2051
    endloop
  endfacet
  facet normal 0 1 -0
    outer loop
      vertex 9.01274 1.5 28.0536
      vertex 1.5 1.5 44.52
      vertex 9.07748 1.5 28.1297
    endloop
  endfacet
  facet normal 0 1 -0
    outer loop
      vertex 8.94885 1.5 27.9768
      vertex 1.5 1.5 44.52
      vertex 9.01274 1.5 28.0536
    endloop
  endfacet
  facet normal 0 1 -0
    outer loop
      vertex 8.88582 1.5 27.8993
      vertex 1.5 1.5 44.52
      vertex 8.94885 1.5 27.9768
    endloop
  endfacet
  facet normal 0 1 -0
    outer loop
      vertex 8.82365 1.5 27.8211
      vertex 1.5 1.5 44.52
      vertex 8.88582 1.5 27.8993
    endloop
  endfacet
  facet normal 0 1 -0
    outer loop
      vertex 8.76235 1.5 27.7422
      vertex 1.5 1.5 44.52
      vertex 8.82365 1.5 27.8211
    endloop
  endfacet
  facet normal 0 1 -0
    outer loop
      vertex 8.70194 1.5 27.6626
      vertex 1.5 1.5 44.52
      vertex 8.76235 1.5 27.7422
    endloop
  endfacet
  facet normal 0 1 -0
    outer loop
      vertex 8.64241 1.5 27.5823
      vertex 1.5 1.5 44.52
      vertex 8.70194 1.5 27.6626
    endloop
  endfacet
  facet normal 0 1 -0
    outer loop
      vertex 8.58377 1.5 27.5015
      vertex 1.5 1.5 44.52
      vertex 8.64241 1.5 27.5823
    endloop
  endfacet
  facet normal 0 1 -0
    outer loop
      vertex 8.52604 1.5 27.4199
      vertex 1.5 1.5 44.52
      vertex 8.58377 1.5 27.5015
    endloop
  endfacet
  facet normal 0 1 -0
    outer loop
      vertex 8.46921 1.5 27.3377
      vertex 1.5 1.5 44.52
      vertex 8.52604 1.5 27.4199
    endloop
  endfacet
  facet normal 0 1 -0
    outer loop
      vertex 8.41331 1.5 27.2549
      vertex 1.5 1.5 44.52
      vertex 8.46921 1.5 27.3377
    endloop
  endfacet
  facet normal 0 1 -0
    outer loop
      vertex 8.35832 1.5 27.1715
      vertex 1.5 1.5 44.52
      vertex 8.41331 1.5 27.2549
    endloop
  endfacet
  facet normal 0 1 -0
    outer loop
      vertex 8.30426 1.5 27.0875
      vertex 1.5 1.5 44.52
      vertex 8.35832 1.5 27.1715
    endloop
  endfacet
  facet normal 0 1 -0
    outer loop
      vertex 8.25114 1.5 27.0029
      vertex 1.5 1.5 44.52
      vertex 8.30426 1.5 27.0875
    endloop
  endfacet
  facet normal 0 1 -0
    outer loop
      vertex 8.19896 1.5 26.9177
      vertex 1.5 1.5 44.52
      vertex 8.25114 1.5 27.0029
    endloop
  endfacet
  facet normal 0 1 -0
    outer loop
      vertex 8.14773 1.5 26.8319
      vertex 1.5 1.5 44.52
      vertex 8.19896 1.5 26.9177
    endloop
  endfacet
  facet normal 0 1 -0
    outer loop
      vertex 8.09746 1.5 26.7456
      vertex 1.5 1.5 44.52
      vertex 8.14773 1.5 26.8319
    endloop
  endfacet
  facet normal 0 1 -0
    outer loop
      vertex 8.04815 1.5 26.6587
      vertex 1.5 1.5 44.52
      vertex 8.09746 1.5 26.7456
    endloop
  endfacet
  facet normal 0 1 -0
    outer loop
      vertex 7.9998 1.5 26.5712
      vertex 1.5 1.5 44.52
      vertex 8.04815 1.5 26.6587
    endloop
  endfacet
  facet normal 0 1 -0
    outer loop
      vertex 7.95243 1.5 26.4833
      vertex 1.5 1.5 44.52
      vertex 7.9998 1.5 26.5712
    endloop
  endfacet
  facet normal 0 1 -0
    outer loop
      vertex 7.90604 1.5 26.3948
      vertex 1.5 1.5 44.52
      vertex 7.95243 1.5 26.4833
    endloop
  endfacet
  facet normal 0 1 -0
    outer loop
      vertex 7.86063 1.5 26.3058
      vertex 1.5 1.5 44.52
      vertex 7.90604 1.5 26.3948
    endloop
  endfacet
  facet normal 0 1 -0
    outer loop
      vertex 7.81621 1.5 26.2163
      vertex 1.5 1.5 44.52
      vertex 7.86063 1.5 26.3058
    endloop
  endfacet
  facet normal 0 1 -0
    outer loop
      vertex 7.77279 1.5 26.1263
      vertex 1.5 1.5 44.52
      vertex 7.81621 1.5 26.2163
    endloop
  endfacet
  facet normal 0 1 -0
    outer loop
      vertex 7.73037 1.5 26.0359
      vertex 1.5 1.5 44.52
      vertex 7.77279 1.5 26.1263
    endloop
  endfacet
  facet normal 0 1 -0
    outer loop
      vertex 7.68896 1.5 25.945
      vertex 1.5 1.5 44.52
      vertex 7.73037 1.5 26.0359
    endloop
  endfacet
  facet normal 0 1 -0
    outer loop
      vertex 7.64856 1.5 25.8536
      vertex 1.5 1.5 44.52
      vertex 7.68896 1.5 25.945
    endloop
  endfacet
  facet normal 0 1 -0
    outer loop
      vertex 7.60918 1.5 25.7618
      vertex 1.5 1.5 44.52
      vertex 7.64856 1.5 25.8536
    endloop
  endfacet
  facet normal 0 1 -0
    outer loop
      vertex 7.57082 1.5 25.6695
      vertex 1.5 1.5 44.52
      vertex 7.60918 1.5 25.7618
    endloop
  endfacet
  facet normal 0 1 -0
    outer loop
      vertex 7.53348 1.5 25.5768
      vertex 1.5 1.5 44.52
      vertex 7.57082 1.5 25.6695
    endloop
  endfacet
  facet normal 0 1 -0
    outer loop
      vertex 7.49718 1.5 25.4838
      vertex 1.5 1.5 44.52
      vertex 7.53348 1.5 25.5768
    endloop
  endfacet
  facet normal 0 1 -0
    outer loop
      vertex 7.46191 1.5 25.3903
      vertex 1.5 1.5 44.52
      vertex 7.49718 1.5 25.4838
    endloop
  endfacet
  facet normal 0 1 -0
    outer loop
      vertex 7.42768 1.5 25.2964
      vertex 1.5 1.5 44.52
      vertex 7.46191 1.5 25.3903
    endloop
  endfacet
  facet normal 0 1 -0
    outer loop
      vertex 7.3945 1.5 25.2022
      vertex 1.5 1.5 44.52
      vertex 7.42768 1.5 25.2964
    endloop
  endfacet
  facet normal 0 1 -0
    outer loop
      vertex 7.36236 1.5 25.1076
      vertex 1.5 1.5 44.52
      vertex 7.3945 1.5 25.2022
    endloop
  endfacet
  facet normal 0 1 -0
    outer loop
      vertex 7.33128 1.5 25.0126
      vertex 1.5 1.5 44.52
      vertex 7.36236 1.5 25.1076
    endloop
  endfacet
  facet normal 0 1 -0
    outer loop
      vertex 7.30125 1.5 24.9173
      vertex 1.5 1.5 44.52
      vertex 7.33128 1.5 25.0126
    endloop
  endfacet
  facet normal 0 1 -0
    outer loop
      vertex 7.27228 1.5 24.8217
      vertex 1.5 1.5 44.52
      vertex 7.30125 1.5 24.9173
    endloop
  endfacet
  facet normal 0 1 -0
    outer loop
      vertex 7.24437 1.5 24.7258
      vertex 1.5 1.5 44.52
      vertex 7.27228 1.5 24.8217
    endloop
  endfacet
  facet normal 0 1 -0
    outer loop
      vertex 7.21753 1.5 24.6296
      vertex 1.5 1.5 44.52
      vertex 7.24437 1.5 24.7258
    endloop
  endfacet
  facet normal 0 1 -0
    outer loop
      vertex 7.19177 1.5 24.533
      vertex 1.5 1.5 44.52
      vertex 7.21753 1.5 24.6296
    endloop
  endfacet
  facet normal 0 1 -0
    outer loop
      vertex 7.16707 1.5 24.4362
      vertex 1.5 1.5 44.52
      vertex 7.19177 1.5 24.533
    endloop
  endfacet
  facet normal 0 1 -0
    outer loop
      vertex 7.14345 1.5 24.3391
      vertex 1.5 1.5 44.52
      vertex 7.16707 1.5 24.4362
    endloop
  endfacet
  facet normal 0 1 -0
    outer loop
      vertex 7.12091 1.5 24.2418
      vertex 1.5 1.5 44.52
      vertex 7.14345 1.5 24.3391
    endloop
  endfacet
  facet normal 0 1 -0
    outer loop
      vertex 7.09945 1.5 24.1442
      vertex 1.5 1.5 44.52
      vertex 7.12091 1.5 24.2418
    endloop
  endfacet
  facet normal 0 1 -0
    outer loop
      vertex 7.07908 1.5 24.0464
      vertex 1.5 1.5 44.52
      vertex 7.09945 1.5 24.1442
    endloop
  endfacet
  facet normal 0 1 -0
    outer loop
      vertex 7.05979 1.5 23.9484
      vertex 1.5 1.5 44.52
      vertex 7.07908 1.5 24.0464
    endloop
  endfacet
  facet normal 0 1 -0
    outer loop
      vertex 7.04159 1.5 23.8502
      vertex 1.5 1.5 44.52
      vertex 7.05979 1.5 23.9484
    endloop
  endfacet
  facet normal 0 1 -0
    outer loop
      vertex 7.02448 1.5 23.7517
      vertex 1.5 1.5 44.52
      vertex 7.04159 1.5 23.8502
    endloop
  endfacet
  facet normal 0 1 -0
    outer loop
      vertex 7.00847 1.5 23.6531
      vertex 1.5 1.5 44.52
      vertex 7.02448 1.5 23.7517
    endloop
  endfacet
  facet normal 0 1 -0
    outer loop
      vertex 6.99356 1.5 23.5543
      vertex 1.5 1.5 44.52
      vertex 7.00847 1.5 23.6531
    endloop
  endfacet
  facet normal 0 1 -0
    outer loop
      vertex 6.97974 1.5 23.4554
      vertex 1.5 1.5 44.52
      vertex 6.99356 1.5 23.5543
    endloop
  endfacet
  facet normal 0 1 -0
    outer loop
      vertex 6.96702 1.5 23.3563
      vertex 1.5 1.5 44.52
      vertex 6.97974 1.5 23.4554
    endloop
  endfacet
  facet normal 0 1 -0
    outer loop
      vertex 6.9554 1.5 23.257
      vertex 1.5 1.5 44.52
      vertex 6.96702 1.5 23.3563
    endloop
  endfacet
  facet normal 0 1 -0
    outer loop
      vertex 6.94488 1.5 23.1577
      vertex 1.5 1.5 44.52
      vertex 6.9554 1.5 23.257
    endloop
  endfacet
  facet normal 0 1 -0
    outer loop
      vertex 6.93547 1.5 23.0582
      vertex 1.5 1.5 44.52
      vertex 6.94488 1.5 23.1577
    endloop
  endfacet
  facet normal 0 1 -0
    outer loop
      vertex 6.92716 1.5 22.9587
      vertex 1.5 1.5 44.52
      vertex 6.93547 1.5 23.0582
    endloop
  endfacet
  facet normal 0 1 -0
    outer loop
      vertex 6.91996 1.5 22.859
      vertex 1.5 1.5 44.52
      vertex 6.92716 1.5 22.9587
    endloop
  endfacet
  facet normal 0 1 -0
    outer loop
      vertex 6.91386 1.5 22.7593
      vertex 1.5 1.5 44.52
      vertex 6.91996 1.5 22.859
    endloop
  endfacet
  facet normal 0 1 -0
    outer loop
      vertex 6.90887 1.5 22.6595
      vertex 1.5 1.5 44.52
      vertex 6.91386 1.5 22.7593
    endloop
  endfacet
  facet normal 0 1 -0
    outer loop
      vertex 6.90499 1.5 22.5597
      vertex 1.5 1.5 44.52
      vertex 6.90887 1.5 22.6595
    endloop
  endfacet
  facet normal 0 1 -0
    outer loop
      vertex 6.90222 1.5 22.4598
      vertex 1.5 1.5 44.52
      vertex 6.90499 1.5 22.5597
    endloop
  endfacet
  facet normal 0 1 -0
    outer loop
      vertex 6.90055 1.5 22.3599
      vertex 1.5 1.5 44.52
      vertex 6.90222 1.5 22.4598
    endloop
  endfacet
  facet normal 0 1 -0
    outer loop
      vertex 6.9 1.5 22.26
      vertex 1.5 1.5 44.52
      vertex 6.90055 1.5 22.3599
    endloop
  endfacet
  facet normal 0 1 0
    outer loop
      vertex 1.5 1.5 1.5
      vertex 6.9 1.5 22.26
      vertex 6.90055 1.5 22.1601
    endloop
  endfacet
  facet normal 0 1 0
    outer loop
      vertex 1.5 1.5 1.5
      vertex 6.90055 1.5 22.1601
      vertex 6.90222 1.5 22.0602
    endloop
  endfacet
  facet normal 0 1 0
    outer loop
      vertex 1.5 1.5 1.5
      vertex 6.90222 1.5 22.0602
      vertex 6.90499 1.5 21.9603
    endloop
  endfacet
  facet normal 0 1 0
    outer loop
      vertex 1.5 1.5 1.5
      vertex 6.90499 1.5 21.9603
      vertex 6.90887 1.5 21.8605
    endloop
  endfacet
  facet normal 0 1 0
    outer loop
      vertex 1.5 1.5 1.5
      vertex 6.90887 1.5 21.8605
      vertex 6.91386 1.5 21.7607
    endloop
  endfacet
  facet normal 0 1 0
    outer loop
      vertex 1.5 1.5 1.5
      vertex 6.91386 1.5 21.7607
      vertex 6.91996 1.5 21.661
    endloop
  endfacet
  facet normal 0 1 0
    outer loop
      vertex 1.5 1.5 1.5
      vertex 6.91996 1.5 21.661
      vertex 6.92716 1.5 21.5613
    endloop
  endfacet
  facet normal 0 1 0
    outer loop
      vertex 1.5 1.5 1.5
      vertex 6.92716 1.5 21.5613
      vertex 6.93547 1.5 21.4618
    endloop
  endfacet
  facet normal 0 1 0
    outer loop
      vertex 1.5 1.5 1.5
      vertex 6.93547 1.5 21.4618
      vertex 6.94488 1.5 21.3623
    endloop
  endfacet
  facet normal 0 1 0
    outer loop
      vertex 1.5 1.5 1.5
      vertex 6.94488 1.5 21.3623
      vertex 6.9554 1.5 21.263
    endloop
  endfacet
  facet normal 0 1 0
    outer loop
      vertex 1.5 1.5 1.5
      vertex 6.9554 1.5 21.263
      vertex 6.96702 1.5 21.1637
    endloop
  endfacet
  facet normal 0 1 0
    outer loop
      vertex 1.5 1.5 1.5
      vertex 6.96702 1.5 21.1637
      vertex 6.97974 1.5 21.0646
    endloop
  endfacet
  facet normal 0 1 0
    outer loop
      vertex 1.5 1.5 1.5
      vertex 6.97974 1.5 21.0646
      vertex 6.99356 1.5 20.9657
    endloop
  endfacet
  facet normal 0 1 0
    outer loop
      vertex 1.5 1.5 1.5
      vertex 6.99356 1.5 20.9657
      vertex 7.00847 1.5 20.8669
    endloop
  endfacet
  facet normal 0 1 0
    outer loop
      vertex 1.5 1.5 1.5
      vertex 7.00847 1.5 20.8669
      vertex 7.02448 1.5 20.7683
    endloop
  endfacet
  facet normal 0 1 0
    outer loop
      vertex 1.5 1.5 1.5
      vertex 7.02448 1.5 20.7683
      vertex 7.04159 1.5 20.6698
    endloop
  endfacet
  facet normal 0 1 0
    outer loop
      vertex 1.5 1.5 1.5
      vertex 7.04159 1.5 20.6698
      vertex 7.05979 1.5 20.5716
    endloop
  endfacet
  facet normal 0 1 0
    outer loop
      vertex 1.5 1.5 1.5
      vertex 7.05979 1.5 20.5716
      vertex 7.07908 1.5 20.4736
    endloop
  endfacet
  facet normal 0 1 0
    outer loop
      vertex 1.5 1.5 1.5
      vertex 7.07908 1.5 20.4736
      vertex 7.09945 1.5 20.3758
    endloop
  endfacet
  facet normal 0 1 0
    outer loop
      vertex 1.5 1.5 1.5
      vertex 7.09945 1.5 20.3758
      vertex 7.12091 1.5 20.2782
    endloop
  endfacet
  facet normal 0 1 0
    outer loop
      vertex 1.5 1.5 1.5
      vertex 7.12091 1.5 20.2782
      vertex 7.14345 1.5 20.1809
    endloop
  endfacet
  facet normal 0 1 0
    outer loop
      vertex 1.5 1.5 1.5
      vertex 15.85 1.5 13.2601
      vertex 30.3 1.5 1.5
    endloop
  endfacet
  facet normal 0 1 0
    outer loop
      vertex 15.85 1.5 13.2601
      vertex 1.5 1.5 1.5
      vertex 15.7501 1.5 13.2612
    endloop
  endfacet
  facet normal 0 1 0
    outer loop
      vertex 15.7501 1.5 13.2612
      vertex 1.5 1.5 1.5
      vertex 15.6503 1.5 13.2635
    endloop
  endfacet
  facet normal 0 1 0
    outer loop
      vertex 15.6503 1.5 13.2635
      vertex 1.5 1.5 1.5
      vertex 15.5504 1.5 13.2668
    endloop
  endfacet
  facet normal 0 1 0
    outer loop
      vertex 15.5504 1.5 13.2668
      vertex 1.5 1.5 1.5
      vertex 15.4506 1.5 13.2712
    endloop
  endfacet
  facet normal 0 1 0
    outer loop
      vertex 15.4506 1.5 13.2712
      vertex 1.5 1.5 1.5
      vertex 15.3508 1.5 13.2768
    endloop
  endfacet
  facet normal 0 1 0
    outer loop
      vertex 15.3508 1.5 13.2768
      vertex 1.5 1.5 1.5
      vertex 15.2512 1.5 13.2834
    endloop
  endfacet
  facet normal 0 1 0
    outer loop
      vertex 15.2512 1.5 13.2834
      vertex 1.5 1.5 1.5
      vertex 15.1515 1.5 13.2912
    endloop
  endfacet
  facet normal 0 1 0
    outer loop
      vertex 15.1515 1.5 13.2912
      vertex 1.5 1.5 1.5
      vertex 15.052 1.5 13.3
    endloop
  endfacet
  facet normal 0 1 0
    outer loop
      vertex 15.052 1.5 13.3
      vertex 1.5 1.5 1.5
      vertex 14.9526 1.5 13.31
    endloop
  endfacet
  facet normal 0 1 0
    outer loop
      vertex 14.9526 1.5 13.31
      vertex 1.5 1.5 1.5
      vertex 14.8533 1.5 13.3211
    endloop
  endfacet
  facet normal 0 1 0
    outer loop
      vertex 14.8533 1.5 13.3211
      vertex 1.5 1.5 1.5
      vertex 14.7542 1.5 13.3332
    endloop
  endfacet
  facet normal 0 1 0
    outer loop
      vertex 14.7542 1.5 13.3332
      vertex 1.5 1.5 1.5
      vertex 14.6551 1.5 13.3465
    endloop
  endfacet
  facet normal 0 1 0
    outer loop
      vertex 14.6551 1.5 13.3465
      vertex 1.5 1.5 1.5
      vertex 14.5563 1.5 13.3609
    endloop
  endfacet
  facet normal 0 1 0
    outer loop
      vertex 14.5563 1.5 13.3609
      vertex 1.5 1.5 1.5
      vertex 14.4576 1.5 13.3763
    endloop
  endfacet
  facet normal 0 1 0
    outer loop
      vertex 14.4576 1.5 13.3763
      vertex 1.5 1.5 1.5
      vertex 14.359 1.5 13.3929
    endloop
  endfacet
  facet normal 0 1 0
    outer loop
      vertex 14.359 1.5 13.3929
      vertex 1.5 1.5 1.5
      vertex 14.2607 1.5 13.4106
    endloop
  endfacet
  facet normal 0 1 0
    outer loop
      vertex 14.2607 1.5 13.4106
      vertex 1.5 1.5 1.5
      vertex 14.1626 1.5 13.4293
    endloop
  endfacet
  facet normal 0 1 0
    outer loop
      vertex 14.1626 1.5 13.4293
      vertex 1.5 1.5 1.5
      vertex 14.0646 1.5 13.4491
    endloop
  endfacet
  facet normal 0 1 0
    outer loop
      vertex 14.0646 1.5 13.4491
      vertex 1.5 1.5 1.5
      vertex 13.9669 1.5 13.47
    endloop
  endfacet
  facet normal 0 1 0
    outer loop
      vertex 13.9669 1.5 13.47
      vertex 1.5 1.5 1.5
      vertex 13.8695 1.5 13.492
    endloop
  endfacet
  facet normal 0 1 0
    outer loop
      vertex 13.8695 1.5 13.492
      vertex 1.5 1.5 1.5
      vertex 13.7723 1.5 13.5151
    endloop
  endfacet
  facet normal 0 1 0
    outer loop
      vertex 13.7723 1.5 13.5151
      vertex 1.5 1.5 1.5
      vertex 13.6753 1.5 13.5393
    endloop
  endfacet
  facet normal 0 1 0
    outer loop
      vertex 13.6753 1.5 13.5393
      vertex 1.5 1.5 1.5
      vertex 13.5787 1.5 13.5645
    endloop
  endfacet
  facet normal 0 1 0
    outer loop
      vertex 13.5787 1.5 13.5645
      vertex 1.5 1.5 1.5
      vertex 13.4823 1.5 13.5908
    endloop
  endfacet
  facet normal 0 1 0
    outer loop
      vertex 13.4823 1.5 13.5908
      vertex 1.5 1.5 1.5
      vertex 13.3862 1.5 13.6182
    endloop
  endfacet
  facet normal 0 1 0
    outer loop
      vertex 13.3862 1.5 13.6182
      vertex 1.5 1.5 1.5
      vertex 13.2904 1.5 13.6466
    endloop
  endfacet
  facet normal 0 1 0
    outer loop
      vertex 13.2904 1.5 13.6466
      vertex 1.5 1.5 1.5
      vertex 13.195 1.5 13.6761
    endloop
  endfacet
  facet normal 0 1 0
    outer loop
      vertex 13.195 1.5 13.6761
      vertex 1.5 1.5 1.5
      vertex 13.0998 1.5 13.7067
    endloop
  endfacet
  facet normal 0 1 0
    outer loop
      vertex 13.0998 1.5 13.7067
      vertex 1.5 1.5 1.5
      vertex 13.0051 1.5 13.7383
    endloop
  endfacet
  facet normal 0 1 0
    outer loop
      vertex 13.0051 1.5 13.7383
      vertex 1.5 1.5 1.5
      vertex 12.9107 1.5 13.771
    endloop
  endfacet
  facet normal 0 1 0
    outer loop
      vertex 12.9107 1.5 13.771
      vertex 1.5 1.5 1.5
      vertex 12.8166 1.5 13.8047
    endloop
  endfacet
  facet normal 0 1 0
    outer loop
      vertex 12.8166 1.5 13.8047
      vertex 1.5 1.5 1.5
      vertex 12.7229 1.5 13.8394
    endloop
  endfacet
  facet normal 0 1 0
    outer loop
      vertex 12.7229 1.5 13.8394
      vertex 1.5 1.5 1.5
      vertex 12.6297 1.5 13.8752
    endloop
  endfacet
  facet normal 0 1 0
    outer loop
      vertex 12.6297 1.5 13.8752
      vertex 1.5 1.5 1.5
      vertex 12.5368 1.5 13.912
    endloop
  endfacet
  facet normal 0 1 0
    outer loop
      vertex 12.5368 1.5 13.912
      vertex 1.5 1.5 1.5
      vertex 12.4443 1.5 13.9499
    endloop
  endfacet
  facet normal 0 1 0
    outer loop
      vertex 12.4443 1.5 13.9499
      vertex 1.5 1.5 1.5
      vertex 12.3523 1.5 13.9887
    endloop
  endfacet
  facet normal 0 1 0
    outer loop
      vertex 12.3523 1.5 13.9887
      vertex 1.5 1.5 1.5
      vertex 12.2607 1.5 14.0286
    endloop
  endfacet
  facet normal 0 1 0
    outer loop
      vertex 12.2607 1.5 14.0286
      vertex 1.5 1.5 1.5
      vertex 12.1695 1.5 14.0695
    endloop
  endfacet
  facet normal 0 1 0
    outer loop
      vertex 12.1695 1.5 14.0695
      vertex 1.5 1.5 1.5
      vertex 12.0788 1.5 14.1115
    endloop
  endfacet
  facet normal 0 1 0
    outer loop
      vertex 12.0788 1.5 14.1115
      vertex 1.5 1.5 1.5
      vertex 11.9886 1.5 14.1544
    endloop
  endfacet
  facet normal 0 1 0
    outer loop
      vertex 11.9886 1.5 14.1544
      vertex 1.5 1.5 1.5
      vertex 11.8989 1.5 14.1983
    endloop
  endfacet
  facet normal 0 1 0
    outer loop
      vertex 11.8989 1.5 14.1983
      vertex 1.5 1.5 1.5
      vertex 11.8096 1.5 14.2432
    endloop
  endfacet
  facet normal 0 1 0
    outer loop
      vertex 11.8096 1.5 14.2432
      vertex 1.5 1.5 1.5
      vertex 11.7209 1.5 14.2891
    endloop
  endfacet
  facet normal 0 1 0
    outer loop
      vertex 11.7209 1.5 14.2891
      vertex 1.5 1.5 1.5
      vertex 11.6327 1.5 14.336
    endloop
  endfacet
  facet normal 0 1 0
    outer loop
      vertex 11.6327 1.5 14.336
      vertex 1.5 1.5 1.5
      vertex 11.545 1.5 14.3839
    endloop
  endfacet
  facet normal 0 1 0
    outer loop
      vertex 11.545 1.5 14.3839
      vertex 1.5 1.5 1.5
      vertex 11.4578 1.5 14.4327
    endloop
  endfacet
  facet normal 0 1 0
    outer loop
      vertex 11.4578 1.5 14.4327
      vertex 1.5 1.5 1.5
      vertex 11.3712 1.5 14.4825
    endloop
  endfacet
  facet normal 0 1 0
    outer loop
      vertex 11.3712 1.5 14.4825
      vertex 1.5 1.5 1.5
      vertex 11.2851 1.5 14.5332
    endloop
  endfacet
  facet normal 0 1 0
    outer loop
      vertex 11.2851 1.5 14.5332
      vertex 1.5 1.5 1.5
      vertex 11.1996 1.5 14.5849
    endloop
  endfacet
  facet normal 0 1 0
    outer loop
      vertex 11.1996 1.5 14.5849
      vertex 1.5 1.5 1.5
      vertex 11.1147 1.5 14.6376
    endloop
  endfacet
  facet normal 0 1 0
    outer loop
      vertex 11.1147 1.5 14.6376
      vertex 1.5 1.5 1.5
      vertex 11.0304 1.5 14.6912
    endloop
  endfacet
  facet normal 0 1 0
    outer loop
      vertex 11.0304 1.5 14.6912
      vertex 1.5 1.5 1.5
      vertex 10.9467 1.5 14.7457
    endloop
  endfacet
  facet normal 0 1 0
    outer loop
      vertex 10.9467 1.5 14.7457
      vertex 1.5 1.5 1.5
      vertex 10.8636 1.5 14.8011
    endloop
  endfacet
  facet normal 0 1 0
    outer loop
      vertex 6.9 1.5 22.26
      vertex 1.5 1.5 1.5
      vertex 1.5 1.5 44.52
    endloop
  endfacet
  facet normal 0 1 0
    outer loop
      vertex 7.16707 1.5 20.0838
      vertex 1.5 1.5 1.5
      vertex 7.14345 1.5 20.1809
    endloop
  endfacet
  facet normal 0 1 0
    outer loop
      vertex 7.19177 1.5 19.987
      vertex 1.5 1.5 1.5
      vertex 7.16707 1.5 20.0838
    endloop
  endfacet
  facet normal 0 1 0
    outer loop
      vertex 7.21753 1.5 19.8904
      vertex 1.5 1.5 1.5
      vertex 7.19177 1.5 19.987
    endloop
  endfacet
  facet normal 0 1 0
    outer loop
      vertex 7.24437 1.5 19.7942
      vertex 1.5 1.5 1.5
      vertex 7.21753 1.5 19.8904
    endloop
  endfacet
  facet normal 0 1 0
    outer loop
      vertex 7.27228 1.5 19.6983
      vertex 1.5 1.5 1.5
      vertex 7.24437 1.5 19.7942
    endloop
  endfacet
  facet normal 0 1 0
    outer loop
      vertex 7.30125 1.5 19.6027
      vertex 1.5 1.5 1.5
      vertex 7.27228 1.5 19.6983
    endloop
  endfacet
  facet normal 0 1 0
    outer loop
      vertex 7.33128 1.5 19.5074
      vertex 1.5 1.5 1.5
      vertex 7.30125 1.5 19.6027
    endloop
  endfacet
  facet normal 0 1 0
    outer loop
      vertex 7.36236 1.5 19.4124
      vertex 1.5 1.5 1.5
      vertex 7.33128 1.5 19.5074
    endloop
  endfacet
  facet normal 0 1 0
    outer loop
      vertex 7.3945 1.5 19.3178
      vertex 1.5 1.5 1.5
      vertex 7.36236 1.5 19.4124
    endloop
  endfacet
  facet normal 0 1 0
    outer loop
      vertex 7.42768 1.5 19.2236
      vertex 1.5 1.5 1.5
      vertex 7.3945 1.5 19.3178
    endloop
  endfacet
  facet normal 0 1 0
    outer loop
      vertex 7.46191 1.5 19.1297
      vertex 1.5 1.5 1.5
      vertex 7.42768 1.5 19.2236
    endloop
  endfacet
  facet normal 0 1 0
    outer loop
      vertex 7.49718 1.5 19.0362
      vertex 1.5 1.5 1.5
      vertex 7.46191 1.5 19.1297
    endloop
  endfacet
  facet normal 0 1 0
    outer loop
      vertex 7.53348 1.5 18.9432
      vertex 1.5 1.5 1.5
      vertex 7.49718 1.5 19.0362
    endloop
  endfacet
  facet normal 0 1 0
    outer loop
      vertex 7.57082 1.5 18.8505
      vertex 1.5 1.5 1.5
      vertex 7.53348 1.5 18.9432
    endloop
  endfacet
  facet normal 0 1 0
    outer loop
      vertex 7.60918 1.5 18.7582
      vertex 1.5 1.5 1.5
      vertex 7.57082 1.5 18.8505
    endloop
  endfacet
  facet normal 0 1 0
    outer loop
      vertex 7.64856 1.5 18.6664
      vertex 1.5 1.5 1.5
      vertex 7.60918 1.5 18.7582
    endloop
  endfacet
  facet normal 0 1 0
    outer loop
      vertex 7.68896 1.5 18.575
      vertex 1.5 1.5 1.5
      vertex 7.64856 1.5 18.6664
    endloop
  endfacet
  facet normal 0 1 0
    outer loop
      vertex 7.73037 1.5 18.4841
      vertex 1.5 1.5 1.5
      vertex 7.68896 1.5 18.575
    endloop
  endfacet
  facet normal 0 1 0
    outer loop
      vertex 7.77279 1.5 18.3937
      vertex 1.5 1.5 1.5
      vertex 7.73037 1.5 18.4841
    endloop
  endfacet
  facet normal 0 1 0
    outer loop
      vertex 7.81621 1.5 18.3037
      vertex 1.5 1.5 1.5
      vertex 7.77279 1.5 18.3937
    endloop
  endfacet
  facet normal 0 1 0
    outer loop
      vertex 7.86063 1.5 18.2142
      vertex 1.5 1.5 1.5
      vertex 7.81621 1.5 18.3037
    endloop
  endfacet
  facet normal 0 1 0
    outer loop
      vertex 7.90604 1.5 18.1252
      vertex 1.5 1.5 1.5
      vertex 7.86063 1.5 18.2142
    endloop
  endfacet
  facet normal 0 1 0
    outer loop
      vertex 7.95243 1.5 18.0367
      vertex 1.5 1.5 1.5
      vertex 7.90604 1.5 18.1252
    endloop
  endfacet
  facet normal 0 1 0
    outer loop
      vertex 7.9998 1.5 17.9488
      vertex 1.5 1.5 1.5
      vertex 7.95243 1.5 18.0367
    endloop
  endfacet
  facet normal 0 1 0
    outer loop
      vertex 8.04815 1.5 17.8613
      vertex 1.5 1.5 1.5
      vertex 7.9998 1.5 17.9488
    endloop
  endfacet
  facet normal 0 1 0
    outer loop
      vertex 8.09746 1.5 17.7744
      vertex 1.5 1.5 1.5
      vertex 8.04815 1.5 17.8613
    endloop
  endfacet
  facet normal 0 1 0
    outer loop
      vertex 8.14773 1.5 17.6881
      vertex 1.5 1.5 1.5
      vertex 8.09746 1.5 17.7744
    endloop
  endfacet
  facet normal 0 1 0
    outer loop
      vertex 8.19896 1.5 17.6023
      vertex 1.5 1.5 1.5
      vertex 8.14773 1.5 17.6881
    endloop
  endfacet
  facet normal 0 1 0
    outer loop
      vertex 8.25114 1.5 17.5171
      vertex 1.5 1.5 1.5
      vertex 8.19896 1.5 17.6023
    endloop
  endfacet
  facet normal 0 1 0
    outer loop
      vertex 8.30426 1.5 17.4325
      vertex 1.5 1.5 1.5
      vertex 8.25114 1.5 17.5171
    endloop
  endfacet
  facet normal 0 1 0
    outer loop
      vertex 8.35832 1.5 17.3485
      vertex 1.5 1.5 1.5
      vertex 8.30426 1.5 17.4325
    endloop
  endfacet
  facet normal 0 1 0
    outer loop
      vertex 8.41331 1.5 17.2651
      vertex 1.5 1.5 1.5
      vertex 8.35832 1.5 17.3485
    endloop
  endfacet
  facet normal 0 1 0
    outer loop
      vertex 8.46921 1.5 17.1823
      vertex 1.5 1.5 1.5
      vertex 8.41331 1.5 17.2651
    endloop
  endfacet
  facet normal 0 1 0
    outer loop
      vertex 8.52604 1.5 17.1001
      vertex 1.5 1.5 1.5
      vertex 8.46921 1.5 17.1823
    endloop
  endfacet
  facet normal 0 1 0
    outer loop
      vertex 8.58377 1.5 17.0185
      vertex 1.5 1.5 1.5
      vertex 8.52604 1.5 17.1001
    endloop
  endfacet
  facet normal 0 1 0
    outer loop
      vertex 8.64241 1.5 16.9377
      vertex 1.5 1.5 1.5
      vertex 8.58377 1.5 17.0185
    endloop
  endfacet
  facet normal 0 1 0
    outer loop
      vertex 8.70194 1.5 16.8574
      vertex 1.5 1.5 1.5
      vertex 8.64241 1.5 16.9377
    endloop
  endfacet
  facet normal 0 1 0
    outer loop
      vertex 8.76235 1.5 16.7778
      vertex 1.5 1.5 1.5
      vertex 8.70194 1.5 16.8574
    endloop
  endfacet
  facet normal 0 1 0
    outer loop
      vertex 8.82365 1.5 16.6989
      vertex 1.5 1.5 1.5
      vertex 8.76235 1.5 16.7778
    endloop
  endfacet
  facet normal 0 1 0
    outer loop
      vertex 8.88582 1.5 16.6207
      vertex 1.5 1.5 1.5
      vertex 8.82365 1.5 16.6989
    endloop
  endfacet
  facet normal 0 1 0
    outer loop
      vertex 8.94885 1.5 16.5432
      vertex 1.5 1.5 1.5
      vertex 8.88582 1.5 16.6207
    endloop
  endfacet
  facet normal 0 1 0
    outer loop
      vertex 9.01274 1.5 16.4664
      vertex 1.5 1.5 1.5
      vertex 8.94885 1.5 16.5432
    endloop
  endfacet
  facet normal 0 1 0
    outer loop
      vertex 9.07748 1.5 16.3903
      vertex 1.5 1.5 1.5
      vertex 9.01274 1.5 16.4664
    endloop
  endfacet
  facet normal 0 1 0
    outer loop
      vertex 9.14306 1.5 16.3149
      vertex 1.5 1.5 1.5
      vertex 9.07748 1.5 16.3903
    endloop
  endfacet
  facet normal 0 1 0
    outer loop
      vertex 9.20947 1.5 16.2403
      vertex 1.5 1.5 1.5
      vertex 9.14306 1.5 16.3149
    endloop
  endfacet
  facet normal 0 1 0
    outer loop
      vertex 9.2767 1.5 16.1664
      vertex 1.5 1.5 1.5
      vertex 9.20947 1.5 16.2403
    endloop
  endfacet
  facet normal 0 1 0
    outer loop
      vertex 9.34476 1.5 16.0933
      vertex 1.5 1.5 1.5
      vertex 9.2767 1.5 16.1664
    endloop
  endfacet
  facet normal 0 1 0
    outer loop
      vertex 9.41362 1.5 16.0209
      vertex 1.5 1.5 1.5
      vertex 9.34476 1.5 16.0933
    endloop
  endfacet
  facet normal 0 1 0
    outer loop
      vertex 9.48327 1.5 15.9492
      vertex 1.5 1.5 1.5
      vertex 9.41362 1.5 16.0209
    endloop
  endfacet
  facet normal 0 1 0
    outer loop
      vertex 9.55372 1.5 15.8784
      vertex 1.5 1.5 1.5
      vertex 9.48327 1.5 15.9492
    endloop
  endfacet
  facet normal 0 1 0
    outer loop
      vertex 9.62496 1.5 15.8083
      vertex 1.5 1.5 1.5
      vertex 9.55372 1.5 15.8784
    endloop
  endfacet
  facet normal 0 1 0
    outer loop
      vertex 9.69696 1.5 15.7391
      vertex 1.5 1.5 1.5
      vertex 9.62496 1.5 15.8083
    endloop
  endfacet
  facet normal 0 1 0
    outer loop
      vertex 9.76973 1.5 15.6706
      vertex 1.5 1.5 1.5
      vertex 9.69696 1.5 15.7391
    endloop
  endfacet
  facet normal 0 1 0
    outer loop
      vertex 9.84326 1.5 15.603
      vertex 1.5 1.5 1.5
      vertex 9.76973 1.5 15.6706
    endloop
  endfacet
  facet normal 0 1 0
    outer loop
      vertex 9.91753 1.5 15.5362
      vertex 1.5 1.5 1.5
      vertex 9.84326 1.5 15.603
    endloop
  endfacet
  facet normal 0 1 0
    outer loop
      vertex 9.99254 1.5 15.4702
      vertex 1.5 1.5 1.5
      vertex 9.91753 1.5 15.5362
    endloop
  endfacet
  facet normal 0 1 0
    outer loop
      vertex 10.0683 1.5 15.405
      vertex 1.5 1.5 1.5
      vertex 9.99254 1.5 15.4702
    endloop
  endfacet
  facet normal 0 1 0
    outer loop
      vertex 10.1447 1.5 15.3407
      vertex 1.5 1.5 1.5
      vertex 10.0683 1.5 15.405
    endloop
  endfacet
  facet normal 0 1 0
    outer loop
      vertex 10.2219 1.5 15.2772
      vertex 1.5 1.5 1.5
      vertex 10.1447 1.5 15.3407
    endloop
  endfacet
  facet normal 0 1 0
    outer loop
      vertex 10.2998 1.5 15.2146
      vertex 1.5 1.5 1.5
      vertex 10.2219 1.5 15.2772
    endloop
  endfacet
  facet normal 0 1 0
    outer loop
      vertex 10.3783 1.5 15.1529
      vertex 1.5 1.5 1.5
      vertex 10.2998 1.5 15.2146
    endloop
  endfacet
  facet normal 0 1 0
    outer loop
      vertex 10.4575 1.5 15.092
      vertex 1.5 1.5 1.5
      vertex 10.3783 1.5 15.1529
    endloop
  endfacet
  facet normal 0 1 0
    outer loop
      vertex 10.5375 1.5 15.0321
      vertex 1.5 1.5 1.5
      vertex 10.4575 1.5 15.092
    endloop
  endfacet
  facet normal 0 1 0
    outer loop
      vertex 10.618 1.5 14.973
      vertex 1.5 1.5 1.5
      vertex 10.5375 1.5 15.0321
    endloop
  endfacet
  facet normal 0 1 0
    outer loop
      vertex 10.6992 1.5 14.9148
      vertex 1.5 1.5 1.5
      vertex 10.618 1.5 14.973
    endloop
  endfacet
  facet normal 0 1 0
    outer loop
      vertex 10.7811 1.5 14.8575
      vertex 1.5 1.5 1.5
      vertex 10.6992 1.5 14.9148
    endloop
  endfacet
  facet normal 0 1 0
    outer loop
      vertex 10.8636 1.5 14.8011
      vertex 1.5 1.5 1.5
      vertex 10.7811 1.5 14.8575
    endloop
  endfacet
  facet normal 0 -1 0
    outer loop
      vertex 1.5 22.3 1.5
      vertex 30.3 22.3 44.52
      vertex 1.5 22.3 44.52
    endloop
  endfacet
  facet normal 0 -1 -0
    outer loop
      vertex 30.3 22.3 44.52
      vertex 1.5 22.3 1.5
      vertex 30.3 22.3 1.5
    endloop
  endfacet
  facet normal -0.834047 0 -0.551693
    outer loop
      vertex 24.2681 0 27.735
      vertex 24.213 0.75 27.8183
      vertex 24.2681 0.75 27.735
    endloop
  endfacet
  facet normal -0.834047 -0 -0.551693
    outer loop
      vertex 24.213 0.75 27.8183
      vertex 24.2681 0 27.735
      vertex 24.213 0 27.8183
    endloop
  endfacet
  facet normal 0.372426 0 -0.928062
    outer loop
      vertex 12.1251 0 31.5202
      vertex 12.2178 0.75 31.5574
      vertex 12.2178 0 31.5574
    endloop
  endfacet
  facet normal 0.372426 0 -0.928062
    outer loop
      vertex 12.2178 0.75 31.5574
      vertex 12.1251 0 31.5202
      vertex 12.1251 0.75 31.5202
    endloop
  endfacet
  facet normal -0.993347 0 0.115156
    outer loop
      vertex 25.8282 0 21.0642
      vertex 25.8397 0.75 21.1634
      vertex 25.8282 0.75 21.0642
    endloop
  endfacet
  facet normal -0.993347 0 0.115156
    outer loop
      vertex 25.8397 0.75 21.1634
      vertex 25.8282 0 21.0642
      vertex 25.8397 0 21.1634
    endloop
  endfacet
  facet normal -0.283304 0 0.95903
    outer loop
      vertex 18.6846 0.75 12.6555
      vertex 18.7804 0 12.6838
      vertex 18.7804 0.75 12.6838
    endloop
  endfacet
  facet normal -0.283304 0 0.95903
    outer loop
      vertex 18.7804 0 12.6838
      vertex 18.6846 0.75 12.6555
      vertex 18.6846 0 12.6555
    endloop
  endfacet
  facet normal 0.958321 -0 0.285694
    outer loop
      vertex 6.30252 0 19.4514
      vertex 6.33105 0.75 19.3557
      vertex 6.30252 0.75 19.4514
    endloop
  endfacet
  facet normal 0.958321 0 0.285694
    outer loop
      vertex 6.33105 0.75 19.3557
      vertex 6.30252 0 19.4514
      vertex 6.33105 0 19.3557
    endloop
  endfacet
  facet normal 0.481727 0 0.876322
    outer loop
      vertex 11.0449 0.75 13.5177
      vertex 11.1324 0 13.4696
      vertex 11.1324 0.75 13.4696
    endloop
  endfacet
  facet normal 0.481727 0 0.876322
    outer loop
      vertex 11.1324 0 13.4696
      vertex 11.0449 0.75 13.5177
      vertex 11.0449 0 13.5177
    endloop
  endfacet
  facet normal -0.107134 0 -0.994245
    outer loop
      vertex 16.9221 0 32.2076
      vertex 17.0214 0.75 32.1969
      vertex 17.0214 0 32.1969
    endloop
  endfacet
  facet normal -0.107134 0 -0.994245
    outer loop
      vertex 17.0214 0.75 32.1969
      vertex 16.9221 0 32.2076
      vertex 16.9221 0.75 32.2076
    endloop
  endfacet
  facet normal 0.191111 0 -0.981568
    outer loop
      vertex 13.9399 0 32.066
      vertex 14.038 0.75 32.0851
      vertex 14.038 0 32.0851
    endloop
  endfacet
  facet normal 0.191111 0 -0.981568
    outer loop
      vertex 14.038 0.75 32.0851
      vertex 13.9399 0 32.066
      vertex 13.9399 0.75 32.066
    endloop
  endfacet
  facet normal -0.970201 0 0.2423
    outer loop
      vertex 25.5898 0 19.7886
      vertex 25.614 0.75 19.8855
      vertex 25.5898 0.75 19.7886
    endloop
  endfacet
  facet normal -0.970201 0 0.2423
    outer loop
      vertex 25.614 0.75 19.8855
      vertex 25.5898 0 19.7886
      vertex 25.614 0 19.8855
    endloop
  endfacet
  facet normal -0.941015 0 0.338365
    outer loop
      vertex 25.295 0 18.8346
      vertex 25.3288 0.75 18.9286
      vertex 25.295 0.75 18.8346
    endloop
  endfacet
  facet normal -0.941015 0 0.338365
    outer loop
      vertex 25.3288 0.75 18.9286
      vertex 25.295 0 18.8346
      vertex 25.3288 0 18.9286
    endloop
  endfacet
  facet normal -0.805609 0 0.592448
    outer loop
      vertex 23.9251 0 16.2936
      vertex 23.9843 0.75 16.3741
      vertex 23.9251 0.75 16.2936
    endloop
  endfacet
  facet normal -0.805609 0 0.592448
    outer loop
      vertex 23.9843 0.75 16.3741
      vertex 23.9251 0 16.2936
      vertex 23.9843 0 16.3741
    endloop
  endfacet
  facet normal -0.742697 0 0.669628
    outer loop
      vertex 23.2901 0 15.523
      vertex 23.357 0.75 15.5972
      vertex 23.2901 0.75 15.523
    endloop
  endfacet
  facet normal -0.742697 0 0.669628
    outer loop
      vertex 23.357 0.75 15.5972
      vertex 23.2901 0 15.523
      vertex 23.357 0 15.5972
    endloop
  endfacet
  facet normal -0.906872 0 0.421405
    outer loop
      vertex 24.9495 0 18.0049
      vertex 24.9916 0.75 18.0955
      vertex 24.9495 0.75 18.0049
    endloop
  endfacet
  facet normal -0.906872 0 0.421405
    outer loop
      vertex 24.9916 0.75 18.0955
      vertex 24.9495 0 18.0049
      vertex 24.9916 0 18.0955
    endloop
  endfacet
  facet normal -0.860308 0 0.509775
    outer loop
      vertex 24.4801 0 17.1237
      vertex 24.531 0.75 17.2096
      vertex 24.4801 0.75 17.1237
    endloop
  endfacet
  facet normal -0.860308 0 0.509775
    outer loop
      vertex 24.531 0.75 17.2096
      vertex 24.4801 0 17.1237
      vertex 24.531 0 17.2096
    endloop
  endfacet
  facet normal -0.117132 0 0.993116
    outer loop
      vertex 17.0214 0.75 12.3231
      vertex 17.1206 0 12.3348
      vertex 17.1206 0.75 12.3348
    endloop
  endfacet
  facet normal -0.117132 0 0.993116
    outer loop
      vertex 17.1206 0 12.3348
      vertex 17.0214 0.75 12.3231
      vertex 17.0214 0 12.3231
    endloop
  endfacet
  facet normal -0.0470421 0 0.998893
    outer loop
      vertex 16.3244 0.75 12.269
      vertex 16.4242 0 12.2737
      vertex 16.4242 0.75 12.2737
    endloop
  endfacet
  facet normal -0.0470421 0 0.998893
    outer loop
      vertex 16.4242 0 12.2737
      vertex 16.3244 0.75 12.269
      vertex 16.3244 0 12.269
    endloop
  endfacet
  facet normal -0.519788 0 0.854295
    outer loop
      vertex 21.0578 0.75 13.6928
      vertex 21.1431 0 13.7447
      vertex 21.1431 0.75 13.7447
    endloop
  endfacet
  facet normal -0.519788 0 0.854295
    outer loop
      vertex 21.1431 0 13.7447
      vertex 21.0578 0.75 13.6928
      vertex 21.0578 0 13.6928
    endloop
  endfacet
  facet normal -0.432731 0 0.901523
    outer loop
      vertex 20.1777 0.75 13.2211
      vertex 20.2677 0 13.2643
      vertex 20.2677 0.75 13.2643
    endloop
  endfacet
  facet normal -0.432731 0 0.901523
    outer loop
      vertex 20.2677 0 13.2643
      vertex 20.1777 0.75 13.2211
      vertex 20.1777 0 13.2211
    endloop
  endfacet
  facet normal -0.672274 0 0.740302
    outer loop
      vertex 22.5814 0.75 14.8196
      vertex 22.6554 0 14.8868
      vertex 22.6554 0.75 14.8868
    endloop
  endfacet
  facet normal -0.672274 0 0.740302
    outer loop
      vertex 22.6554 0 14.8868
      vertex 22.5814 0.75 14.8196
      vertex 22.5814 0 14.8196
    endloop
  endfacet
  facet normal -0.594701 0 0.803947
    outer loop
      vertex 21.8061 0.75 14.1904
      vertex 21.8864 0 14.2498
      vertex 21.8864 0.75 14.2498
    endloop
  endfacet
  facet normal -0.594701 0 0.803947
    outer loop
      vertex 21.8864 0 14.2498
      vertex 21.8061 0.75 14.1904
      vertex 21.8061 0 14.1904
    endloop
  endfacet
  facet normal 0.991583 -0 0.129476
    outer loop
      vertex 5.97785 0 21.0146
      vertex 5.99079 0.75 20.9155
      vertex 5.97785 0.75 21.0146
    endloop
  endfacet
  facet normal 0.991583 0 0.129476
    outer loop
      vertex 5.99079 0.75 20.9155
      vertex 5.97785 0 21.0146
      vertex 5.99079 0 20.9155
    endloop
  endfacet
  facet normal 0.946161 -0 0.323697
    outer loop
      vertex 6.42237 0 19.0702
      vertex 6.4547 0.75 18.9757
      vertex 6.42237 0.75 19.0702
    endloop
  endfacet
  facet normal 0.946161 0 0.323697
    outer loop
      vertex 6.4547 0.75 18.9757
      vertex 6.42237 0 19.0702
      vertex 6.4547 0 18.9757
    endloop
  endfacet
  facet normal 0.99875 -0 0.0499876
    outer loop
      vertex 5.9101 0 21.8106
      vertex 5.91509 0.75 21.7109
      vertex 5.9101 0.75 21.8106
    endloop
  endfacet
  facet normal 0.99875 0 0.0499876
    outer loop
      vertex 5.91509 0.75 21.7109
      vertex 5.9101 0 21.8106
      vertex 5.91509 0 21.7109
    endloop
  endfacet
  facet normal 0.436765 0 0.899576
    outer loop
      vertex 11.4874 0.75 13.2862
      vertex 11.5772 0 13.2426
      vertex 11.5772 0.75 13.2426
    endloop
  endfacet
  facet normal 0.436765 0 0.899576
    outer loop
      vertex 11.5772 0 13.2426
      vertex 11.4874 0.75 13.2862
      vertex 11.4874 0 13.2862
    endloop
  endfacet
  facet normal 0.598622 0 0.801032
    outer loop
      vertex 9.87365 0.75 14.2798
      vertex 9.95367 0 14.22
      vertex 9.95367 0.75 14.22
    endloop
  endfacet
  facet normal 0.598622 0 0.801032
    outer loop
      vertex 9.95367 0 14.22
      vertex 9.87365 0.75 14.2798
      vertex 9.87365 0 14.2798
    endloop
  endfacet
  facet normal 0.675657 0 0.737216
    outer loop
      vertex 9.10787 0.75 14.9206
      vertex 9.18152 0 14.8531
      vertex 9.18152 0.75 14.8531
    endloop
  endfacet
  facet normal 0.675657 0 0.737216
    outer loop
      vertex 9.18152 0 14.8531
      vertex 9.10787 0.75 14.9206
      vertex 9.10787 0 14.9206
    endloop
  endfacet
  facet normal 0.268367 0 0.963317
    outer loop
      vertex 13.1634 0.75 12.6417
      vertex 13.2596 0 12.6149
      vertex 13.2596 0.75 12.6149
    endloop
  endfacet
  facet normal 0.268367 0 0.963317
    outer loop
      vertex 13.2596 0 12.6149
      vertex 13.1634 0.75 12.6417
      vertex 13.1634 0 12.6417
    endloop
  endfacet
  facet normal 0.335385 0 0.942081
    outer loop
      vertex 12.4981 0.75 12.8564
      vertex 12.5922 0 12.8229
      vertex 12.5922 0.75 12.8229
    endloop
  endfacet
  facet normal 0.335385 0 0.942081
    outer loop
      vertex 12.5922 0 12.8229
      vertex 12.4981 0.75 12.8564
      vertex 12.4981 0 12.8564
    endloop
  endfacet
  facet normal 0.0520336 0 0.998645
    outer loop
      vertex 15.3259 0.75 12.2765
      vertex 15.4257 0 12.2713
      vertex 15.4257 0.75 12.2713
    endloop
  endfacet
  facet normal 0.0520336 0 0.998645
    outer loop
      vertex 15.4257 0 12.2713
      vertex 15.3259 0.75 12.2765
      vertex 15.3259 0 12.2765
    endloop
  endfacet
  facet normal 0.141141 0 0.989989
    outer loop
      vertex 14.4319 0.75 12.3683
      vertex 14.5308 0 12.3542
      vertex 14.5308 0.75 12.3542
    endloop
  endfacet
  facet normal 0.141141 0 0.989989
    outer loop
      vertex 14.5308 0 12.3542
      vertex 14.4319 0.75 12.3683
      vertex 14.4319 0 12.3683
    endloop
  endfacet
  facet normal -0.570771 0 -0.821109
    outer loop
      vertex 21.5617 0 30.5029
      vertex 21.6437 0.75 30.4459
      vertex 21.6437 0 30.4459
    endloop
  endfacet
  facet normal -0.570771 0 -0.821109
    outer loop
      vertex 21.6437 0.75 30.4459
      vertex 21.5617 0 30.5029
      vertex 21.5617 0.75 30.5029
    endloop
  endfacet
  facet normal -0.423433 0 -0.905927
    outer loop
      vertex 20.0872 0 31.3412
      vertex 20.1777 0.75 31.2989
      vertex 20.1777 0 31.2989
    endloop
  endfacet
  facet normal -0.423433 0 -0.905927
    outer loop
      vertex 20.1777 0.75 31.2989
      vertex 20.0872 0 31.3412
      vertex 20.0872 0.75 31.3412
    endloop
  endfacet
  facet normal -0.982895 0 -0.184168
    outer loop
      vertex 25.7388 0 24.0484
      vertex 25.7204 0.75 24.1466
      vertex 25.7388 0.75 24.0484
    endloop
  endfacet
  facet normal -0.982895 -0 -0.184168
    outer loop
      vertex 25.7204 0.75 24.1466
      vertex 25.7388 0 24.0484
      vertex 25.7204 0 24.1466
    endloop
  endfacet
  facet normal 0.524768 0 -0.851245
    outer loop
      vertex 10.6145 0 30.749
      vertex 10.6995 0.75 30.8014
      vertex 10.6995 0 30.8014
    endloop
  endfacet
  facet normal 0.524768 0 -0.851245
    outer loop
      vertex 10.6995 0.75 30.8014
      vertex 10.6145 0 30.749
      vertex 10.6145 0.75 30.749
    endloop
  endfacet
  facet normal 0.711152 0 -0.703039
    outer loop
      vertex 8.82011 0 29.3222
      vertex 8.74992 0.75 29.2512
      vertex 8.82011 0.75 29.3222
    endloop
  endfacet
  facet normal 0.711152 0 -0.703039
    outer loop
      vertex 8.74992 0.75 29.2512
      vertex 8.82011 0 29.3222
      vertex 8.74992 0 29.2512
    endloop
  endfacet
  facet normal 0.917275 0 -0.398254
    outer loop
      vertex 6.74702 0 26.2878
      vertex 6.70725 0.75 26.1962
      vertex 6.74702 0.75 26.2878
    endloop
  endfacet
  facet normal 0.917275 0 -0.398254
    outer loop
      vertex 6.70725 0.75 26.1962
      vertex 6.74702 0 26.2878
      vertex 6.70725 0 26.1962
    endloop
  endfacet
  facet normal 0.819984 0 -0.572387
    outer loop
      vertex 7.72842 0 28.0241
      vertex 7.67125 0.75 27.9422
      vertex 7.72842 0.75 28.0241
    endloop
  endfacet
  facet normal 0.819984 0 -0.572387
    outer loop
      vertex 7.67125 0.75 27.9422
      vertex 7.72842 0 28.0241
      vertex 7.67125 0 27.9422
    endloop
  endfacet
  facet normal 0.97808 0 -0.20823
    outer loop
      vertex 6.12974 0 24.3912
      vertex 6.10894 0.75 24.2935
      vertex 6.12974 0.75 24.3912
    endloop
  endfacet
  facet normal 0.97808 0 -0.20823
    outer loop
      vertex 6.10894 0.75 24.2935
      vertex 6.12974 0 24.3912
      vertex 6.10894 0 24.2935
    endloop
  endfacet
  facet normal -0.997946 0 0.0640607
    outer loop
      vertex 25.8756 0 21.5613
      vertex 25.882 0.75 21.661
      vertex 25.8756 0.75 21.5613
    endloop
  endfacet
  facet normal -0.997946 0 0.0640607
    outer loop
      vertex 25.882 0.75 21.661
      vertex 25.8756 0 21.5613
      vertex 25.882 0 21.661
    endloop
  endfacet
  facet normal -0.987892 0 0.15514
    outer loop
      vertex 25.7725 0 20.6685
      vertex 25.788 0.75 20.7672
      vertex 25.7725 0.75 20.6685
    endloop
  endfacet
  facet normal -0.987892 0 0.15514
    outer loop
      vertex 25.788 0.75 20.7672
      vertex 25.7725 0 20.6685
      vertex 25.788 0 20.7672
    endloop
  endfacet
  facet normal -0.984723 0 0.174128
    outer loop
      vertex 25.7388 0 20.4716
      vertex 25.7562 0.75 20.57
      vertex 25.7388 0.75 20.4716
    endloop
  endfacet
  facet normal -0.984723 0 0.174128
    outer loop
      vertex 25.7562 0.75 20.57
      vertex 25.7388 0 20.4716
      vertex 25.7562 0 20.57
    endloop
  endfacet
  facet normal -0.923136 0 0.384473
    outer loop
      vertex 25.1123 0 18.3698
      vertex 25.1507 0.75 18.462
      vertex 25.1123 0.75 18.3698
    endloop
  endfacet
  facet normal -0.923136 0 0.384473
    outer loop
      vertex 25.1507 0.75 18.462
      vertex 25.1123 0 18.3698
      vertex 25.1507 0 18.462
    endloop
  endfacet
  facet normal -0.954141 0 0.299358
    outer loop
      vertex 25.4244 0 19.2126
      vertex 25.4543 0.75 19.3079
      vertex 25.4244 0.75 19.2126
    endloop
  endfacet
  facet normal -0.954141 0 0.299358
    outer loop
      vertex 25.4543 0.75 19.3079
      vertex 25.4244 0 19.2126
      vertex 25.4543 0 19.3079
    endloop
  endfacet
  facet normal -0.97913 0 0.203235
    outer loop
      vertex 25.6808 0 20.1776
      vertex 25.7011 0.75 20.2754
      vertex 25.6808 0.75 20.1776
    endloop
  endfacet
  facet normal -0.97913 0 0.203235
    outer loop
      vertex 25.7011 0.75 20.2754
      vertex 25.6808 0 20.1776
      vertex 25.7011 0 20.2754
    endloop
  endfacet
  facet normal -0.707607 0 0.706606
    outer loop
      vertex 22.9445 0 15.1625
      vertex 23.0151 0.75 15.2332
      vertex 22.9445 0.75 15.1625
    endloop
  endfacet
  facet normal -0.707607 0 0.706606
    outer loop
      vertex 23.0151 0.75 15.2332
      vertex 22.9445 0 15.1625
      vertex 23.0151 0 15.2332
    endloop
  endfacet
  facet normal -0.768713 0 0.639593
    outer loop
      vertex 23.5533 0 15.8236
      vertex 23.6172 0.75 15.9004
      vertex 23.5533 0.75 15.8236
    endloop
  endfacet
  facet normal -0.768713 0 0.639593
    outer loop
      vertex 23.6172 0.75 15.9004
      vertex 23.5533 0 15.8236
      vertex 23.6172 0 15.9004
    endloop
  endfacet
  facet normal -0.828338 0 0.560229
    outer loop
      vertex 24.157 0 16.6189
      vertex 24.213 0.75 16.7017
      vertex 24.157 0.75 16.6189
    endloop
  endfacet
  facet normal -0.828338 0 0.560229
    outer loop
      vertex 24.213 0.75 16.7017
      vertex 24.157 0 16.6189
      vertex 24.213 0 16.7017
    endloop
  endfacet
  facet normal -0.880182 0 0.474637
    outer loop
      vertex 24.6784 0 17.4705
      vertex 24.7258 0.75 17.5584
      vertex 24.6784 0.75 17.4705
    endloop
  endfacet
  facet normal -0.880182 0 0.474637
    outer loop
      vertex 24.7258 0.75 17.5584
      vertex 24.6784 0 17.4705
      vertex 24.7258 0 17.5584
    endloop
  endfacet
  facet normal 0.00300299 0 0.999995
    outer loop
      vertex 15.8251 0.75 12.2603
      vertex 15.925 0 12.26
      vertex 15.925 0.75 12.26
    endloop
  endfacet
  facet normal 0.00300299 0 0.999995
    outer loop
      vertex 15.925 0 12.26
      vertex 15.8251 0.75 12.2603
      vertex 15.8251 0 12.2603
    endloop
  endfacet
  facet normal -0.33151 0 0.943452
    outer loop
      vertex 19.1607 0.75 12.8065
      vertex 19.2549 0 12.8396
      vertex 19.2549 0.75 12.8396
    endloop
  endfacet
  facet normal -0.33151 0 0.943452
    outer loop
      vertex 19.2549 0 12.8396
      vertex 19.1607 0.75 12.8065
      vertex 19.1607 0 12.8065
    endloop
  endfacet
  facet normal -0.244421 0 0.969669
    outer loop
      vertex 18.2988 0.75 12.552
      vertex 18.3956 0 12.5764
      vertex 18.3956 0.75 12.5764
    endloop
  endfacet
  facet normal -0.244421 0 0.969669
    outer loop
      vertex 18.3956 0 12.5764
      vertex 18.2988 0.75 12.552
      vertex 18.2988 0 12.552
    endloop
  endfacet
  facet normal -0.225079 0 0.974341
    outer loop
      vertex 18.1043 0.75 12.506
      vertex 18.2017 0 12.5285
      vertex 18.2017 0.75 12.5285
    endloop
  endfacet
  facet normal -0.225079 0 0.974341
    outer loop
      vertex 18.2017 0 12.5285
      vertex 18.1043 0.75 12.506
      vertex 18.1043 0 12.506
    endloop
  endfacet
  facet normal -0.186101 0 0.982531
    outer loop
      vertex 17.7129 0.75 12.4257
      vertex 17.8111 0 12.4443
      vertex 17.8111 0.75 12.4443
    endloop
  endfacet
  facet normal -0.186101 0 0.982531
    outer loop
      vertex 17.8111 0 12.4443
      vertex 17.7129 0.75 12.4257
      vertex 17.7129 0 12.4257
    endloop
  endfacet
  facet normal -0.147165 0 0.989112
    outer loop
      vertex 17.3187 0.75 12.3611
      vertex 17.4175 0 12.3758
      vertex 17.4175 0.75 12.3758
    endloop
  endfacet
  facet normal -0.147165 0 0.989112
    outer loop
      vertex 17.4175 0 12.3758
      vertex 17.3187 0.75 12.3611
      vertex 17.3187 0 12.3611
    endloop
  endfacet
  facet normal -0.0880983 0 0.996112
    outer loop
      vertex 16.7232 0.75 12.2939
      vertex 16.8227 0 12.3027
      vertex 16.8227 0.75 12.3027
    endloop
  endfacet
  facet normal -0.0880983 0 0.996112
    outer loop
      vertex 16.8227 0 12.3027
      vertex 16.7232 0.75 12.2939
      vertex 16.7232 0 12.2939
    endloop
  endfacet
  facet normal -0.386534 0 0.922275
    outer loop
      vertex 19.7211 0.75 13.0188
      vertex 19.8132 0 13.0574
      vertex 19.8132 0.75 13.0574
    endloop
  endfacet
  facet normal -0.386534 0 0.922275
    outer loop
      vertex 19.8132 0 13.0574
      vertex 19.7211 0.75 13.0188
      vertex 19.7211 0 13.0188
    endloop
  endfacet
  facet normal -0.46752 0 0.883983
    outer loop
      vertex 20.5353 0.75 13.3992
      vertex 20.6236 0 13.4459
      vertex 20.6236 0.75 13.4459
    endloop
  endfacet
  facet normal -0.46752 0 0.883983
    outer loop
      vertex 20.6236 0 13.4459
      vertex 20.5353 0.75 13.3992
      vertex 20.5353 0 13.3992
    endloop
  endfacet
  facet normal -0.545199 0 0.838306
    outer loop
      vertex 21.3121 0.75 13.8511
      vertex 21.3959 0 13.9056
      vertex 21.3959 0.75 13.9056
    endloop
  endfacet
  facet normal -0.545199 0 0.838306
    outer loop
      vertex 21.3959 0 13.9056
      vertex 21.3121 0.75 13.8511
      vertex 21.3121 0 13.8511
    endloop
  endfacet
  facet normal -0.626402 0 0.7795
    outer loop
      vertex 22.1237 0.75 14.4328
      vertex 22.2016 0 14.4954
      vertex 22.2016 0.75 14.4954
    endloop
  endfacet
  facet normal -0.626402 0 0.7795
    outer loop
      vertex 22.2016 0 14.4954
      vertex 22.1237 0.75 14.4328
      vertex 22.1237 0 14.4328
    endloop
  endfacet
  facet normal -0.693469 0 0.720487
    outer loop
      vertex 22.8013 0.75 15.0232
      vertex 22.8733 0 15.0925
      vertex 22.8733 0.75 15.0925
    endloop
  endfacet
  facet normal -0.693469 0 0.720487
    outer loop
      vertex 22.8733 0 15.0925
      vertex 22.8013 0.75 15.0232
      vertex 22.8013 0 15.0232
    endloop
  endfacet
  facet normal 1 -0 0
    outer loop
      vertex 5.90012 0 22.3099
      vertex 5.90012 0.75 22.2101
      vertex 5.90012 0.75 22.3099
    endloop
  endfacet
  facet normal 1 0 0
    outer loop
      vertex 5.90012 0.75 22.2101
      vertex 5.90012 0 22.3099
      vertex 5.90012 0 22.2101
    endloop
  endfacet
  facet normal 0.77793 -0 0.628351
    outer loop
      vertex 8.08836 0 16.0167
      vertex 8.15112 0.75 15.939
      vertex 8.08836 0.75 16.0167
    endloop
  endfacet
  facet normal 0.77793 0 0.628351
    outer loop
      vertex 8.15112 0.75 15.939
      vertex 8.08836 0 16.0167
      vertex 8.15112 0 15.939
    endloop
  endfacet
  facet normal 0.790209 -0 0.612838
    outer loop
      vertex 7.9652 0 16.174
      vertex 8.02639 0.75 16.0951
      vertex 7.9652 0.75 16.174
    endloop
  endfacet
  facet normal 0.790209 0 0.612838
    outer loop
      vertex 8.02639 0.75 16.0951
      vertex 7.9652 0 16.174
      vertex 8.02639 0 16.0951
    endloop
  endfacet
  facet normal 0.842153 -0 0.539238
    outer loop
      vertex 7.45084 0 16.911
      vertex 7.50469 0.75 16.8269
      vertex 7.45084 0.75 16.911
    endloop
  endfacet
  facet normal 0.842153 0 0.539238
    outer loop
      vertex 7.50469 0.75 16.8269
      vertex 7.45084 0 16.911
      vertex 7.50469 0 16.8269
    endloop
  endfacet
  facet normal 0.925055 -0 0.379833
    outer loop
      vertex 6.63045 0 18.5083
      vertex 6.66839 0.75 18.4159
      vertex 6.63045 0.75 18.5083
    endloop
  endfacet
  facet normal 0.925055 0 0.379833
    outer loop
      vertex 6.66839 0.75 18.4159
      vertex 6.63045 0 18.5083
      vertex 6.66839 0 18.4159
    endloop
  endfacet
  facet normal 0.872984 -0 0.48775
    outer loop
      vertex 7.14561 0 17.4267
      vertex 7.19433 0.75 17.3395
      vertex 7.14561 0.75 17.4267
    endloop
  endfacet
  facet normal 0.872984 0 0.48775
    outer loop
      vertex 7.19433 0.75 17.3395
      vertex 7.14561 0 17.4267
      vertex 7.19433 0 17.3395
    endloop
  endfacet
  facet normal 0.887184 -0 0.461416
    outer loop
      vertex 7.00472 0 17.6912
      vertex 7.0508 0.75 17.6026
      vertex 7.00472 0.75 17.6912
    endloop
  endfacet
  facet normal 0.887184 0 0.461416
    outer loop
      vertex 7.0508 0.75 17.6026
      vertex 7.00472 0 17.6912
      vertex 7.0508 0 17.6026
    endloop
  endfacet
  facet normal 0.904939 -0 0.425542
    outer loop
      vertex 6.82931 0 18.0502
      vertex 6.87182 0.75 17.9598
      vertex 6.82931 0.75 18.0502
    endloop
  endfacet
  facet normal 0.904939 0 0.425542
    outer loop
      vertex 6.87182 0.75 17.9598
      vertex 6.82931 0 18.0502
      vertex 6.87182 0 17.9598
    endloop
  endfacet
  facet normal 0.857978 -0 0.513686
    outer loop
      vertex 7.29436 0 17.1666
      vertex 7.34567 0.75 17.0809
      vertex 7.29436 0.75 17.1666
    endloop
  endfacet
  facet normal 0.857978 0 0.513686
    outer loop
      vertex 7.34567 0.75 17.0809
      vertex 7.29436 0 17.1666
      vertex 7.34567 0 17.0809
    endloop
  endfacet
  facet normal 0.968977 -0 0.247149
    outer loop
      vertex 6.19798 0 19.837
      vertex 6.22267 0.75 19.7402
      vertex 6.19798 0.75 19.837
    endloop
  endfacet
  facet normal 0.968977 0 0.247149
    outer loop
      vertex 6.22267 0.75 19.7402
      vertex 6.19798 0 19.837
      vertex 6.22267 0 19.7402
    endloop
  endfacet
  facet normal 0.97376 -0 0.227578
    outer loop
      vertex 6.15152 0 20.0313
      vertex 6.17426 0.75 19.934
      vertex 6.15152 0.75 20.0313
    endloop
  endfacet
  facet normal 0.97376 0 0.227578
    outer loop
      vertex 6.17426 0.75 19.934
      vertex 6.15152 0 20.0313
      vertex 6.17426 0 19.934
    endloop
  endfacet
  facet normal 0.982054 -0 0.188602
    outer loop
      vertex 6.07027 0 20.4225
      vertex 6.08911 0.75 20.3244
      vertex 6.07027 0.75 20.4225
    endloop
  endfacet
  facet normal 0.982054 0 0.188602
    outer loop
      vertex 6.08911 0.75 20.3244
      vertex 6.07027 0 20.4225
      vertex 6.08911 0 20.3244
    endloop
  endfacet
  facet normal 0.988782 -0 0.149369
    outer loop
      vertex 6.00471 0 20.8166
      vertex 6.01962 0.75 20.7179
      vertex 6.00471 0.75 20.8166
    endloop
  endfacet
  facet normal 0.988782 0 0.149369
    outer loop
      vertex 6.01962 0.75 20.7179
      vertex 6.00471 0 20.8166
      vertex 6.01962 0 20.7179
    endloop
  endfacet
  facet normal 0.995953 -0 0.0898762
    outer loop
      vertex 5.93602 0 21.4119
      vertex 5.94499 0.75 21.3125
      vertex 5.93602 0.75 21.4119
    endloop
  endfacet
  facet normal 0.995953 0 0.0898762
    outer loop
      vertex 5.94499 0.75 21.3125
      vertex 5.93602 0 21.4119
      vertex 5.94499 0 21.3125
    endloop
  endfacet
  facet normal 0.711152 -0 0.703039
    outer loop
      vertex 8.74992 0 15.2688
      vertex 8.82011 0.75 15.1978
      vertex 8.74992 0.75 15.2688
    endloop
  endfacet
  facet normal 0.711152 0 0.703039
    outer loop
      vertex 8.82011 0.75 15.1978
      vertex 8.74992 0 15.2688
      vertex 8.82011 0 15.1978
    endloop
  endfacet
  facet normal 0.645633 0 0.763648
    outer loop
      vertex 9.40647 0.75 14.6551
      vertex 9.48276 0 14.5906
      vertex 9.48276 0.75 14.5906
    endloop
  endfacet
  facet normal 0.645633 0 0.763648
    outer loop
      vertex 9.48276 0 14.5906
      vertex 9.40647 0.75 14.6551
      vertex 9.40647 0 14.6551
    endloop
  endfacet
  facet normal 0.515526 0 0.856874
    outer loop
      vertex 10.6995 0.75 13.7186
      vertex 10.7851 0 13.6671
      vertex 10.7851 0.75 13.6671
    endloop
  endfacet
  facet normal 0.515526 0 0.856874
    outer loop
      vertex 10.7851 0 13.6671
      vertex 10.6995 0.75 13.7186
      vertex 10.6995 0 13.7186
    endloop
  endfacet
  facet normal 0.532335 0 0.846533
    outer loop
      vertex 10.5299 0.75 13.8242
      vertex 10.6145 0 13.771
      vertex 10.6145 0.75 13.771
    endloop
  endfacet
  facet normal 0.532335 0 0.846533
    outer loop
      vertex 10.6145 0 13.771
      vertex 10.5299 0.75 13.8242
      vertex 10.5299 0 13.8242
    endloop
  endfacet
  facet normal 0.566189 0 0.824275
    outer loop
      vertex 10.1972 0.75 14.0455
      vertex 10.2796 0 13.9889
      vertex 10.2796 0.75 13.9889
    endloop
  endfacet
  facet normal 0.566189 0 0.824275
    outer loop
      vertex 10.2796 0 13.9889
      vertex 10.1972 0.75 14.0455
      vertex 10.1972 0 14.0455
    endloop
  endfacet
  facet normal 0.382411 0 0.923992
    outer loop
      vertex 12.0328 0.75 13.038
      vertex 12.1251 0 12.9998
      vertex 12.1251 0.75 12.9998
    endloop
  endfacet
  facet normal 0.382411 0 0.923992
    outer loop
      vertex 12.1251 0 12.9998
      vertex 12.0328 0.75 13.038
      vertex 12.0328 0 13.038
    endloop
  endfacet
  facet normal 0.200353 0 0.979724
    outer loop
      vertex 13.8421 0.75 12.474
      vertex 13.9399 0 12.454
      vertex 13.9399 0.75 12.454
    endloop
  endfacet
  facet normal 0.200353 0 0.979724
    outer loop
      vertex 13.9399 0 12.454
      vertex 13.8421 0.75 12.474
      vertex 13.8421 0 12.474
    endloop
  endfacet
  facet normal 0.24018 0 0.970728
    outer loop
      vertex 13.4528 0.75 12.5641
      vertex 13.5498 0 12.5401
      vertex 13.5498 0.75 12.5401
    endloop
  endfacet
  facet normal 0.24018 0 0.970728
    outer loop
      vertex 13.5498 0 12.5401
      vertex 13.4528 0.75 12.5641
      vertex 13.4528 0 12.5641
    endloop
  endfacet
  facet normal 0.298161 0 0.954516
    outer loop
      vertex 12.8764 0.75 12.7281
      vertex 12.9718 0 12.6983
      vertex 12.9718 0.75 12.6983
    endloop
  endfacet
  facet normal 0.298161 0 0.954516
    outer loop
      vertex 12.9718 0 12.6983
      vertex 12.8764 0.75 12.7281
      vertex 12.8764 0 12.7281
    endloop
  endfacet
  facet normal 0.10208 0 0.994776
    outer loop
      vertex 14.8282 0.75 12.3176
      vertex 14.9276 0 12.3074
      vertex 14.9276 0.75 12.3074
    endloop
  endfacet
  facet normal 0.10208 0 0.994776
    outer loop
      vertex 14.9276 0 12.3074
      vertex 14.8282 0.75 12.3176
      vertex 14.8282 0 12.3176
    endloop
  endfacet
  facet normal 0.0230169 0 0.999735
    outer loop
      vertex 15.6253 0.75 12.2638
      vertex 15.7252 0 12.2615
      vertex 15.7252 0.75 12.2615
    endloop
  endfacet
  facet normal 0.0230169 0 0.999735
    outer loop
      vertex 15.7252 0 12.2615
      vertex 15.6253 0.75 12.2638
      vertex 15.6253 0 12.2638
    endloop
  endfacet
  facet normal -0.999987 0 0.00500494
    outer loop
      vertex 25.8995 0 22.1601
      vertex 25.9 0.75 22.26
      vertex 25.8995 0.75 22.1601
    endloop
  endfacet
  facet normal -0.999987 0 0.00500494
    outer loop
      vertex 25.9 0.75 22.26
      vertex 25.8995 0 22.1601
      vertex 25.9 0 22.26
    endloop
  endfacet
  facet normal -0.0580763 0 -0.998312
    outer loop
      vertex 16.4242 0 32.2463
      vertex 16.5239 0.75 32.2405
      vertex 16.5239 0 32.2405
    endloop
  endfacet
  facet normal -0.0580763 0 -0.998312
    outer loop
      vertex 16.5239 0.75 32.2405
      vertex 16.4242 0 32.2463
      vertex 16.4242 0.75 32.2463
    endloop
  endfacet
  facet normal -0.205153 0 -0.97873
    outer loop
      vertex 17.909 0 32.0561
      vertex 18.0068 0.75 32.0356
      vertex 18.0068 0 32.0356
    endloop
  endfacet
  facet normal -0.205153 0 -0.97873
    outer loop
      vertex 18.0068 0.75 32.0356
      vertex 17.909 0 32.0561
      vertex 17.909 0.75 32.0561
    endloop
  endfacet
  facet normal -0.302089 0 -0.95328
    outer loop
      vertex 18.8759 0 31.8069
      vertex 18.9712 0.75 31.7767
      vertex 18.9712 0 31.7767
    endloop
  endfacet
  facet normal -0.302089 0 -0.95328
    outer loop
      vertex 18.9712 0.75 31.7767
      vertex 18.8759 0 31.8069
      vertex 18.8759 0.75 31.8069
    endloop
  endfacet
  facet normal -0.672274 0 -0.740302
    outer loop
      vertex 22.5814 0 29.7004
      vertex 22.6554 0.75 29.6332
      vertex 22.6554 0 29.6332
    endloop
  endfacet
  facet normal -0.672274 0 -0.740302
    outer loop
      vertex 22.6554 0.75 29.6332
      vertex 22.5814 0 29.7004
      vertex 22.5814 0.75 29.7004
    endloop
  endfacet
  facet normal -0.633565 0 -0.77369
    outer loop
      vertex 22.2016 0 30.0246
      vertex 22.2789 0.75 29.9613
      vertex 22.2789 0 29.9613
    endloop
  endfacet
  facet normal -0.633565 0 -0.77369
    outer loop
      vertex 22.2789 0.75 29.9613
      vertex 22.2016 0 30.0246
      vertex 22.2016 0.75 30.0246
    endloop
  endfacet
  facet normal -0.477379 0 -0.878698
    outer loop
      vertex 20.6236 0 31.0741
      vertex 20.7114 0.75 31.0264
      vertex 20.7114 0 31.0264
    endloop
  endfacet
  facet normal -0.477379 0 -0.878698
    outer loop
      vertex 20.7114 0.75 31.0264
      vertex 20.6236 0 31.0741
      vertex 20.6236 0.75 31.0741
    endloop
  endfacet
  facet normal -0.519788 0 -0.854295
    outer loop
      vertex 21.0578 0 30.8272
      vertex 21.1431 0.75 30.7753
      vertex 21.1431 0 30.7753
    endloop
  endfacet
  facet normal -0.519788 0 -0.854295
    outer loop
      vertex 21.1431 0.75 30.7753
      vertex 21.0578 0 30.8272
      vertex 21.0578 0.75 30.8272
    endloop
  endfacet
  facet normal -0.844608 0 -0.535385
    outer loop
      vertex 24.3758 0 27.5667
      vertex 24.3223 0.75 27.6511
      vertex 24.3758 0.75 27.5667
    endloop
  endfacet
  facet normal -0.844608 -0 -0.535385
    outer loop
      vertex 24.3223 0.75 27.6511
      vertex 24.3758 0 27.5667
      vertex 24.3223 0 27.6511
    endloop
  endfacet
  facet normal -0.894227 0 -0.447614
    outer loop
      vertex 24.8627 0 26.695
      vertex 24.818 0.75 26.7843
      vertex 24.8627 0.75 26.695
    endloop
  endfacet
  facet normal -0.894227 -0 -0.447614
    outer loop
      vertex 24.818 0.75 26.7843
      vertex 24.8627 0 26.695
      vertex 24.818 0 26.7843
    endloop
  endfacet
  facet normal -0.880182 0 -0.474637
    outer loop
      vertex 24.7258 0 26.9616
      vertex 24.6784 0.75 27.0495
      vertex 24.7258 0.75 26.9616
    endloop
  endfacet
  facet normal -0.880182 -0 -0.474637
    outer loop
      vertex 24.6784 0.75 27.0495
      vertex 24.7258 0 26.9616
      vertex 24.6784 0 27.0495
    endloop
  endfacet
  facet normal -0.911528 0 -0.411238
    outer loop
      vertex 25.0327 0 26.3334
      vertex 24.9916 0.75 26.4245
      vertex 25.0327 0.75 26.3334
    endloop
  endfacet
  facet normal -0.911528 -0 -0.411238
    outer loop
      vertex 24.9916 0.75 26.4245
      vertex 25.0327 0 26.3334
      vertex 24.9916 0 26.4245
    endloop
  endfacet
  facet normal -0.934297 0 -0.356495
    outer loop
      vertex 25.2603 0 25.7791
      vertex 25.2247 0.75 25.8724
      vertex 25.2603 0.75 25.7791
    endloop
  endfacet
  facet normal -0.934297 -0 -0.356495
    outer loop
      vertex 25.2247 0.75 25.8724
      vertex 25.2603 0 25.7791
      vertex 25.2247 0 25.8724
    endloop
  endfacet
  facet normal -0.95694 0 -0.290285
    outer loop
      vertex 25.4833 0 25.1165
      vertex 25.4543 0.75 25.2121
      vertex 25.4833 0.75 25.1165
    endloop
  endfacet
  facet normal -0.95694 -0 -0.290285
    outer loop
      vertex 25.4543 0.75 25.2121
      vertex 25.4833 0 25.1165
      vertex 25.4543 0 25.2121
    endloop
  endfacet
  facet normal -0.977004 0 -0.213219
    outer loop
      vertex 25.6808 0 24.3424
      vertex 25.6595 0.75 24.44
      vertex 25.6808 0.75 24.3424
    endloop
  endfacet
  facet normal -0.977004 -0 -0.213219
    outer loop
      vertex 25.6595 0.75 24.44
      vertex 25.6808 0 24.3424
      vertex 25.6595 0 24.44
    endloop
  endfacet
  facet normal -0.967681 0 -0.252177
    outer loop
      vertex 25.5898 0 24.7314
      vertex 25.5646 0.75 24.8281
      vertex 25.5898 0.75 24.7314
    endloop
  endfacet
  facet normal -0.967681 -0 -0.252177
    outer loop
      vertex 25.5646 0.75 24.8281
      vertex 25.5898 0 24.7314
      vertex 25.5646 0 24.8281
    endloop
  endfacet
  facet normal -0.987892 0 -0.15514
    outer loop
      vertex 25.788 0 23.7528
      vertex 25.7725 0.75 23.8515
      vertex 25.788 0.75 23.7528
    endloop
  endfacet
  facet normal -0.987892 -0 -0.15514
    outer loop
      vertex 25.7725 0.75 23.8515
      vertex 25.788 0 23.7528
      vertex 25.7725 0 23.8515
    endloop
  endfacet
  facet normal -0.99456 0 -0.104163
    outer loop
      vertex 25.8501 0 23.2573
      vertex 25.8397 0.75 23.3566
      vertex 25.8501 0.75 23.2573
    endloop
  endfacet
  facet normal -0.99456 -0 -0.104163
    outer loop
      vertex 25.8397 0.75 23.3566
      vertex 25.8501 0 23.2573
      vertex 25.8397 0 23.3566
    endloop
  endfacet
  facet normal -0.993347 0 -0.115156
    outer loop
      vertex 25.8397 0 23.3566
      vertex 25.8282 0.75 23.4558
      vertex 25.8397 0.75 23.3566
    endloop
  endfacet
  facet normal -0.993347 -0 -0.115156
    outer loop
      vertex 25.8282 0.75 23.4558
      vertex 25.8397 0 23.3566
      vertex 25.8282 0 23.4558
    endloop
  endfacet
  facet normal 0.660678 0 -0.75067
    outer loop
      vertex 9.25584 0 29.7336
      vertex 9.33083 0.75 29.7996
      vertex 9.33083 0 29.7996
    endloop
  endfacet
  facet normal 0.660678 0 -0.75067
    outer loop
      vertex 9.33083 0.75 29.7996
      vertex 9.25584 0 29.7336
      vertex 9.25584 0.75 29.7336
    endloop
  endfacet
  facet normal 0.427484 0 -0.904023
    outer loop
      vertex 11.5772 0 31.2774
      vertex 11.6675 0.75 31.3201
      vertex 11.6675 0 31.3201
    endloop
  endfacet
  facet normal 0.427484 0 -0.904023
    outer loop
      vertex 11.6675 0.75 31.3201
      vertex 11.5772 0 31.2774
      vertex 11.5772 0.75 31.2774
    endloop
  endfacet
  facet normal 0.419376 0 -0.907813
    outer loop
      vertex 11.6675 0 31.3201
      vertex 11.7582 0.75 31.362
      vertex 11.7582 0 31.362
    endloop
  endfacet
  facet normal 0.419376 0 -0.907813
    outer loop
      vertex 11.7582 0.75 31.362
      vertex 11.6675 0 31.3201
      vertex 11.6675 0.75 31.3201
    endloop
  endfacet
  facet normal 0.471471 0 -0.881881
    outer loop
      vertex 11.1324 0 31.0504
      vertex 11.2205 0.75 31.0975
      vertex 11.2205 0 31.0975
    endloop
  endfacet
  facet normal 0.471471 0 -0.881881
    outer loop
      vertex 11.2205 0.75 31.0975
      vertex 11.1324 0 31.0504
      vertex 11.1324 0.75 31.0504
    endloop
  endfacet
  facet normal 0.481727 0 -0.876322
    outer loop
      vertex 11.0449 0 31.0023
      vertex 11.1324 0.75 31.0504
      vertex 11.1324 0 31.0504
    endloop
  endfacet
  facet normal 0.481727 0 -0.876322
    outer loop
      vertex 11.1324 0.75 31.0504
      vertex 11.0449 0 31.0023
      vertex 11.0449 0.75 31.0023
    endloop
  endfacet
  facet normal 0.325528 0 -0.945533
    outer loop
      vertex 12.5922 0 31.6971
      vertex 12.6866 0.75 31.7296
      vertex 12.6866 0 31.7296
    endloop
  endfacet
  facet normal 0.325528 0 -0.945533
    outer loop
      vertex 12.6866 0.75 31.7296
      vertex 12.5922 0 31.6971
      vertex 12.5922 0.75 31.6971
    endloop
  endfacet
  facet normal 0.268367 0 -0.963317
    outer loop
      vertex 13.1634 0 31.8783
      vertex 13.2596 0.75 31.9051
      vertex 13.2596 0 31.9051
    endloop
  endfacet
  facet normal 0.268367 0 -0.963317
    outer loop
      vertex 13.2596 0.75 31.9051
      vertex 13.1634 0 31.8783
      vertex 13.1634 0.75 31.8783
    endloop
  endfacet
  facet normal 0.24018 0 -0.970728
    outer loop
      vertex 13.4528 0 31.9559
      vertex 13.5498 0.75 31.9799
      vertex 13.5498 0 31.9799
    endloop
  endfacet
  facet normal 0.24018 0 -0.970728
    outer loop
      vertex 13.5498 0.75 31.9799
      vertex 13.4528 0 31.9559
      vertex 13.4528 0.75 31.9559
    endloop
  endfacet
  facet normal 0.142122 0 -0.989849
    outer loop
      vertex 14.4319 0 32.1516
      vertex 14.5308 0.75 32.1658
      vertex 14.5308 0 32.1658
    endloop
  endfacet
  facet normal 0.142122 0 -0.989849
    outer loop
      vertex 14.5308 0.75 32.1658
      vertex 14.4319 0 32.1516
      vertex 14.4319 0.75 32.1516
    endloop
  endfacet
  facet normal 0.896183 0 -0.443685
    outer loop
      vertex 6.95953 0 26.7397
      vertex 6.91522 0.75 26.6502
      vertex 6.95953 0.75 26.7397
    endloop
  endfacet
  facet normal 0.896183 0 -0.443685
    outer loop
      vertex 6.91522 0.75 26.6502
      vertex 6.95953 0 26.7397
      vertex 6.91522 0 26.6502
    endloop
  endfacet
  facet normal 0.771803 0 -0.635862
    outer loop
      vertex 8.21464 0 28.6581
      vertex 8.15112 0.75 28.581
      vertex 8.21464 0.75 28.6581
    endloop
  endfacet
  facet normal 0.771803 0 -0.635862
    outer loop
      vertex 8.15112 0.75 28.581
      vertex 8.21464 0 28.6581
      vertex 8.15112 0 28.581
    endloop
  endfacet
  facet normal 0.77793 0 -0.628351
    outer loop
      vertex 8.15112 0 28.581
      vertex 8.08836 0.75 28.5033
      vertex 8.15112 0.75 28.581
    endloop
  endfacet
  facet normal 0.77793 0 -0.628351
    outer loop
      vertex 8.08836 0.75 28.5033
      vertex 8.15112 0 28.581
      vertex 8.08836 0 28.5033
    endloop
  endfacet
  facet normal 0.802634 0 -0.596471
    outer loop
      vertex 7.9048 0 28.2664
      vertex 7.8452 0.75 28.1862
      vertex 7.9048 0.75 28.2664
    endloop
  endfacet
  facet normal 0.802634 0 -0.596471
    outer loop
      vertex 7.8452 0.75 28.1862
      vertex 7.9048 0 28.2664
      vertex 7.8452 0 28.1862
    endloop
  endfacet
  facet normal 0.958321 0 -0.285694
    outer loop
      vertex 6.33105 0 25.1643
      vertex 6.30252 0.75 25.0686
      vertex 6.33105 0.75 25.1643
    endloop
  endfacet
  facet normal 0.958321 0 -0.285694
    outer loop
      vertex 6.30252 0.75 25.0686
      vertex 6.33105 0 25.1643
      vertex 6.30252 0 25.0686
    endloop
  endfacet
  facet normal 0.97376 0 -0.227578
    outer loop
      vertex 6.17426 0 24.586
      vertex 6.15152 0.75 24.4887
      vertex 6.17426 0.75 24.586
    endloop
  endfacet
  facet normal 0.97376 0 -0.227578
    outer loop
      vertex 6.15152 0.75 24.4887
      vertex 6.17426 0 24.586
      vertex 6.15152 0 24.4887
    endloop
  endfacet
  facet normal 0.987272 0 -0.159044
    outer loop
      vertex 6.03552 0 23.9008
      vertex 6.01962 0.75 23.8021
      vertex 6.03552 0.75 23.9008
    endloop
  endfacet
  facet normal 0.987272 0 -0.159044
    outer loop
      vertex 6.01962 0.75 23.8021
      vertex 6.03552 0 23.9008
      vertex 6.01962 0 23.8021
    endloop
  endfacet
  facet normal -0.99456 0 0.104163
    outer loop
      vertex 25.8397 0 21.1634
      vertex 25.8501 0.75 21.2627
      vertex 25.8397 0.75 21.1634
    endloop
  endfacet
  facet normal -0.99456 0 0.104163
    outer loop
      vertex 25.8501 0.75 21.2627
      vertex 25.8397 0 21.1634
      vertex 25.8501 0 21.2627
    endloop
  endfacet
  facet normal -0.999387 0 0.0350136
    outer loop
      vertex 25.892 0 21.8605
      vertex 25.8955 0.75 21.9604
      vertex 25.892 0.75 21.8605
    endloop
  endfacet
  facet normal -0.999387 0 0.0350136
    outer loop
      vertex 25.8955 0.75 21.9604
      vertex 25.892 0 21.8605
      vertex 25.8955 0 21.9604
    endloop
  endfacet
  facet normal -0.998482 0 0.0550817
    outer loop
      vertex 25.882 0 21.661
      vertex 25.8875 0.75 21.7607
      vertex 25.882 0.75 21.661
    endloop
  endfacet
  facet normal -0.998482 0 0.0550817
    outer loop
      vertex 25.8875 0.75 21.7607
      vertex 25.882 0 21.661
      vertex 25.8875 0 21.7607
    endloop
  endfacet
  facet normal -0.981154 0 0.193227
    outer loop
      vertex 25.7011 0 20.2754
      vertex 25.7204 0.75 20.3734
      vertex 25.7011 0.75 20.2754
    endloop
  endfacet
  facet normal -0.981154 0 0.193227
    outer loop
      vertex 25.7204 0.75 20.3734
      vertex 25.7011 0 20.2754
      vertex 25.7204 0 20.3734
    endloop
  endfacet
  facet normal -0.989566 0 0.144082
    outer loop
      vertex 25.788 0 20.7672
      vertex 25.8024 0.75 20.8661
      vertex 25.788 0.75 20.7672
    endloop
  endfacet
  facet normal -0.989566 0 0.144082
    outer loop
      vertex 25.8024 0.75 20.8661
      vertex 25.788 0 20.7672
      vertex 25.8024 0 20.8661
    endloop
  endfacet
  facet normal -0.982895 0 0.184168
    outer loop
      vertex 25.7204 0 20.3734
      vertex 25.7388 0.75 20.4716
      vertex 25.7204 0.75 20.3734
    endloop
  endfacet
  facet normal -0.982895 0 0.184168
    outer loop
      vertex 25.7388 0.75 20.4716
      vertex 25.7204 0 20.3734
      vertex 25.7388 0 20.4716
    endloop
  endfacet
  facet normal -0.934297 0 0.356495
    outer loop
      vertex 25.2247 0 18.6476
      vertex 25.2603 0.75 18.7409
      vertex 25.2247 0.75 18.6476
    endloop
  endfacet
  facet normal -0.934297 0 0.356495
    outer loop
      vertex 25.2603 0.75 18.7409
      vertex 25.2247 0 18.6476
      vertex 25.2603 0 18.7409
    endloop
  endfacet
  facet normal -0.92688 0 0.375357
    outer loop
      vertex 25.1507 0 18.462
      vertex 25.1882 0.75 18.5546
      vertex 25.1507 0.75 18.462
    endloop
  endfacet
  facet normal -0.92688 0 0.375357
    outer loop
      vertex 25.1882 0.75 18.5546
      vertex 25.1507 0 18.462
      vertex 25.1882 0 18.5546
    endloop
  endfacet
  facet normal -0.950666 0 0.310217
    outer loop
      vertex 25.3934 0 19.1176
      vertex 25.4244 0.75 19.2126
      vertex 25.3934 0.75 19.1176
    endloop
  endfacet
  facet normal -0.950666 0 0.310217
    outer loop
      vertex 25.4244 0.75 19.2126
      vertex 25.3934 0 19.1176
      vertex 25.4244 0 19.2126
    endloop
  endfacet
  facet normal -0.974728 0 0.223396
    outer loop
      vertex 25.6372 0 19.9827
      vertex 25.6595 0.75 20.08
      vertex 25.6372 0.75 19.9827
    endloop
  endfacet
  facet normal -0.974728 0 0.223396
    outer loop
      vertex 25.6595 0.75 20.08
      vertex 25.6372 0 19.9827
      vertex 25.6595 0 20.08
    endloop
  endfacet
  facet normal -0.965247 0 0.261338
    outer loop
      vertex 25.5385 0 19.5955
      vertex 25.5646 0.75 19.6919
      vertex 25.5385 0.75 19.5955
    endloop
  endfacet
  facet normal -0.965247 0 0.261338
    outer loop
      vertex 25.5646 0.75 19.6919
      vertex 25.5385 0 19.5955
      vertex 25.5646 0 19.6919
    endloop
  endfacet
  facet normal -0.962463 0 0.271413
    outer loop
      vertex 25.5114 0 19.4994
      vertex 25.5385 0.75 19.5955
      vertex 25.5114 0.75 19.4994
    endloop
  endfacet
  facet normal -0.962463 0 0.271413
    outer loop
      vertex 25.5385 0.75 19.5955
      vertex 25.5114 0 19.4994
      vertex 25.5385 0 19.5955
    endloop
  endfacet
  facet normal -0.967681 0 0.252177
    outer loop
      vertex 25.5646 0 19.6919
      vertex 25.5898 0.75 19.7886
      vertex 25.5646 0.75 19.6919
    endloop
  endfacet
  facet normal -0.967681 0 0.252177
    outer loop
      vertex 25.5898 0.75 19.7886
      vertex 25.5646 0 19.6919
      vertex 25.5898 0 19.7886
    endloop
  endfacet
  facet normal -0.95694 0 0.290285
    outer loop
      vertex 25.4543 0 19.3079
      vertex 25.4833 0.75 19.4035
      vertex 25.4543 0.75 19.3079
    endloop
  endfacet
  facet normal -0.95694 0 0.290285
    outer loop
      vertex 25.4833 0.75 19.4035
      vertex 25.4543 0 19.3079
      vertex 25.4833 0 19.4035
    endloop
  endfacet
  facet normal -0.735072 0 0.677989
    outer loop
      vertex 23.2224 0 15.4496
      vertex 23.2901 0.75 15.523
      vertex 23.2224 0.75 15.4496
    endloop
  endfacet
  facet normal -0.735072 0 0.677989
    outer loop
      vertex 23.2901 0.75 15.523
      vertex 23.2224 0 15.4496
      vertex 23.2901 0 15.523
    endloop
  endfacet
  facet normal -0.728788 0 0.68474
    outer loop
      vertex 23.154 0 15.3768
      vertex 23.2224 0.75 15.4496
      vertex 23.154 0.75 15.3768
    endloop
  endfacet
  facet normal -0.728788 0 0.68474
    outer loop
      vertex 23.2224 0.75 15.4496
      vertex 23.154 0 15.3768
      vertex 23.2224 0 15.4496
    endloop
  endfacet
  facet normal -0.715073 0 0.699049
    outer loop
      vertex 23.0151 0 15.2332
      vertex 23.0849 0.75 15.3046
      vertex 23.0151 0.75 15.2332
    endloop
  endfacet
  facet normal -0.715073 0 0.699049
    outer loop
      vertex 23.0849 0.75 15.3046
      vertex 23.0151 0 15.2332
      vertex 23.0849 0 15.3046
    endloop
  endfacet
  facet normal -0.761865 0 0.647736
    outer loop
      vertex 23.4886 0 15.7475
      vertex 23.5533 0.75 15.8236
      vertex 23.4886 0.75 15.7475
    endloop
  endfacet
  facet normal -0.761865 0 0.647736
    outer loop
      vertex 23.5533 0.75 15.8236
      vertex 23.4886 0 15.7475
      vertex 23.5533 0 15.8236
    endloop
  endfacet
  facet normal -0.823164 0 0.567803
    outer loop
      vertex 24.1003 0 16.5367
      vertex 24.157 0.75 16.6189
      vertex 24.1003 0.75 16.5367
    endloop
  endfacet
  facet normal -0.823164 0 0.567803
    outer loop
      vertex 24.157 0.75 16.6189
      vertex 24.1003 0 16.5367
      vertex 24.157 0 16.6189
    endloop
  endfacet
  facet normal -0.793219 0 0.608936
    outer loop
      vertex 23.8043 0 16.1345
      vertex 23.8651 0.75 16.2137
      vertex 23.8043 0.75 16.1345
    endloop
  endfacet
  facet normal -0.793219 0 0.608936
    outer loop
      vertex 23.8651 0.75 16.2137
      vertex 23.8043 0 16.1345
      vertex 23.8651 0 16.2137
    endloop
  endfacet
  facet normal -0.787463 0 0.616362
    outer loop
      vertex 23.7427 0 16.0558
      vertex 23.8043 0.75 16.1345
      vertex 23.7427 0.75 16.0558
    endloop
  endfacet
  facet normal -0.787463 0 0.616362
    outer loop
      vertex 23.8043 0.75 16.1345
      vertex 23.7427 0 16.0558
      vertex 23.8043 0 16.1345
    endloop
  endfacet
  facet normal -0.79964 0 0.60048
    outer loop
      vertex 23.8651 0 16.2137
      vertex 23.9251 0.75 16.2936
      vertex 23.8651 0.75 16.2137
    endloop
  endfacet
  facet normal -0.79964 0 0.60048
    outer loop
      vertex 23.9251 0.75 16.2936
      vertex 23.8651 0 16.2137
      vertex 23.9251 0 16.2936
    endloop
  endfacet
  facet normal -0.774581 0 0.632475
    outer loop
      vertex 23.6172 0 15.9004
      vertex 23.6804 0.75 15.9778
      vertex 23.6172 0.75 15.9004
    endloop
  endfacet
  facet normal -0.774581 0 0.632475
    outer loop
      vertex 23.6804 0.75 15.9778
      vertex 23.6172 0 15.9004
      vertex 23.6804 0 15.9778
    endloop
  endfacet
  facet normal -0.834047 0 0.551693
    outer loop
      vertex 24.213 0 16.7017
      vertex 24.2681 0.75 16.785
      vertex 24.213 0.75 16.7017
    endloop
  endfacet
  facet normal -0.834047 0 0.551693
    outer loop
      vertex 24.2681 0.75 16.785
      vertex 24.213 0 16.7017
      vertex 24.2681 0 16.785
    endloop
  endfacet
  facet normal -0.875476 0 0.483262
    outer loop
      vertex 24.6301 0 17.383
      vertex 24.6784 0.75 17.4705
      vertex 24.6301 0.75 17.383
    endloop
  endfacet
  facet normal -0.875476 0 0.483262
    outer loop
      vertex 24.6784 0.75 17.4705
      vertex 24.6301 0 17.383
      vertex 24.6784 0 17.4705
    endloop
  endfacet
  facet normal -0.915005 0 0.403443
    outer loop
      vertex 25.0327 0 18.1866
      vertex 25.073 0.75 18.278
      vertex 25.0327 0.75 18.1866
    endloop
  endfacet
  facet normal -0.915005 0 0.403443
    outer loop
      vertex 25.073 0.75 18.278
      vertex 25.0327 0 18.1866
      vertex 25.073 0 18.278
    endloop
  endfacet
  facet normal -0.9193 0 0.393557
    outer loop
      vertex 25.073 0 18.278
      vertex 25.1123 0.75 18.3698
      vertex 25.073 0.75 18.278
    endloop
  endfacet
  facet normal -0.9193 0 0.393557
    outer loop
      vertex 25.1123 0.75 18.3698
      vertex 25.073 0 18.278
      vertex 25.1123 0 18.3698
    endloop
  endfacet
  facet normal -0.889776 0 0.456398
    outer loop
      vertex 24.7724 0 17.6468
      vertex 24.818 0.75 17.7357
      vertex 24.7724 0.75 17.6468
    endloop
  endfacet
  facet normal -0.889776 0 0.456398
    outer loop
      vertex 24.818 0.75 17.7357
      vertex 24.7724 0 17.6468
      vertex 24.818 0 17.7357
    endloop
  endfacet
  facet normal -0.903064 0 0.429506
    outer loop
      vertex 24.9066 0 17.9147
      vertex 24.9495 0.75 18.0049
      vertex 24.9066 0.75 17.9147
    endloop
  endfacet
  facet normal -0.903064 0 0.429506
    outer loop
      vertex 24.9495 0.75 18.0049
      vertex 24.9066 0 17.9147
      vertex 24.9495 0 18.0049
    endloop
  endfacet
  facet normal -0.884614 0 0.466324
    outer loop
      vertex 24.7258 0 17.5584
      vertex 24.7724 0.75 17.6468
      vertex 24.7258 0.75 17.5584
    endloop
  endfacet
  facet normal -0.884614 0 0.466324
    outer loop
      vertex 24.7724 0.75 17.6468
      vertex 24.7258 0 17.5584
      vertex 24.7724 0 17.6468
    endloop
  endfacet
  facet normal -0.0170316 0 0.999855
    outer loop
      vertex 16.0249 0.75 12.2608
      vertex 16.1247 0 12.2625
      vertex 16.1247 0.75 12.2625
    endloop
  endfacet
  facet normal -0.0170316 0 0.999855
    outer loop
      vertex 16.1247 0 12.2625
      vertex 16.0249 0.75 12.2608
      vertex 16.0249 0 12.2608
    endloop
  endfacet
  facet normal -0.368283 0 0.929714
    outer loop
      vertex 19.5357 0.75 12.9443
      vertex 19.6286 0 12.9811
      vertex 19.6286 0.75 12.9811
    endloop
  endfacet
  facet normal -0.368283 0 0.929714
    outer loop
      vertex 19.6286 0 12.9811
      vertex 19.5357 0.75 12.9443
      vertex 19.5357 0 12.9443
    endloop
  endfacet
  facet normal -0.340136 0 0.940376
    outer loop
      vertex 19.2549 0.75 12.8396
      vertex 19.3489 0 12.8736
      vertex 19.3489 0.75 12.8736
    endloop
  endfacet
  facet normal -0.340136 0 0.940376
    outer loop
      vertex 19.3489 0 12.8736
      vertex 19.2549 0.75 12.8396
      vertex 19.2549 0 12.8396
    endloop
  endfacet
  facet normal -0.196309 0 0.980542
    outer loop
      vertex 17.8111 0.75 12.4443
      vertex 17.909 0 12.4639
      vertex 17.909 0.75 12.4639
    endloop
  endfacet
  facet normal -0.196309 0 0.980542
    outer loop
      vertex 17.909 0 12.4639
      vertex 17.8111 0.75 12.4443
      vertex 17.8111 0 12.4443
    endloop
  endfacet
  facet normal -0.254296 0 0.967126
    outer loop
      vertex 18.3956 0.75 12.5764
      vertex 18.4922 0 12.6018
      vertex 18.4922 0.75 12.6018
    endloop
  endfacet
  facet normal -0.254296 0 0.967126
    outer loop
      vertex 18.4922 0 12.6018
      vertex 18.3956 0.75 12.5764
      vertex 18.3956 0 12.5764
    endloop
  endfacet
  facet normal -0.166184 0 0.986095
    outer loop
      vertex 17.5161 0.75 12.3915
      vertex 17.6146 0 12.4081
      vertex 17.6146 0.75 12.4081
    endloop
  endfacet
  facet normal -0.166184 0 0.986095
    outer loop
      vertex 17.6146 0 12.4081
      vertex 17.5161 0.75 12.3915
      vertex 17.5161 0 12.3915
    endloop
  endfacet
  facet normal -0.00800775 0 0.999968
    outer loop
      vertex 15.925 0.75 12.26
      vertex 16.0249 0 12.2608
      vertex 16.0249 0.75 12.2608
    endloop
  endfacet
  facet normal -0.00800775 0 0.999968
    outer loop
      vertex 16.0249 0 12.2608
      vertex 15.925 0.75 12.26
      vertex 15.925 0 12.26
    endloop
  endfacet
  facet normal -0.157248 0 0.987559
    outer loop
      vertex 17.4175 0.75 12.3758
      vertex 17.5161 0 12.3915
      vertex 17.5161 0.75 12.3915
    endloop
  endfacet
  facet normal -0.157248 0 0.987559
    outer loop
      vertex 17.5161 0 12.3915
      vertex 17.4175 0.75 12.3758
      vertex 17.4175 0 12.3758
    endloop
  endfacet
  facet normal -0.0971242 0 0.995272
    outer loop
      vertex 16.8227 0.75 12.3027
      vertex 16.9221 0 12.3124
      vertex 16.9221 0.75 12.3124
    endloop
  endfacet
  facet normal -0.0971242 0 0.995272
    outer loop
      vertex 16.9221 0 12.3124
      vertex 16.8227 0.75 12.3027
      vertex 16.8227 0 12.3027
    endloop
  endfacet
  facet normal -0.107134 0 0.994245
    outer loop
      vertex 16.9221 0.75 12.3124
      vertex 17.0214 0 12.3231
      vertex 17.0214 0.75 12.3231
    endloop
  endfacet
  facet normal -0.107134 0 0.994245
    outer loop
      vertex 17.0214 0 12.3231
      vertex 16.9221 0.75 12.3124
      vertex 16.9221 0 12.3124
    endloop
  endfacet
  facet normal -0.136096 0 0.990696
    outer loop
      vertex 17.2197 0.75 12.3475
      vertex 17.3187 0 12.3611
      vertex 17.3187 0.75 12.3611
    endloop
  endfacet
  facet normal -0.136096 0 0.990696
    outer loop
      vertex 17.3187 0 12.3611
      vertex 17.2197 0.75 12.3475
      vertex 17.2197 0 12.3475
    endloop
  endfacet
  facet normal -0.0770792 0 0.997025
    outer loop
      vertex 16.6236 0.75 12.2862
      vertex 16.7232 0 12.2939
      vertex 16.7232 0.75 12.2939
    endloop
  endfacet
  facet normal -0.0770792 0 0.997025
    outer loop
      vertex 16.7232 0 12.2939
      vertex 16.6236 0.75 12.2862
      vertex 16.6236 0 12.2862
    endloop
  endfacet
  facet normal -0.405488 0 0.9141
    outer loop
      vertex 19.9049 0.75 13.097
      vertex 19.9962 0 13.1375
      vertex 19.9962 0.75 13.1375
    endloop
  endfacet
  facet normal -0.405488 0 0.9141
    outer loop
      vertex 19.9962 0 13.1375
      vertex 19.9049 0.75 13.097
      vertex 19.9049 0 13.097
    endloop
  endfacet
  facet normal -0.423433 0 0.905927
    outer loop
      vertex 20.0872 0.75 13.1788
      vertex 20.1777 0 13.2211
      vertex 20.1777 0.75 13.2211
    endloop
  endfacet
  facet normal -0.423433 0 0.905927
    outer loop
      vertex 20.1777 0 13.2211
      vertex 20.0872 0.75 13.1788
      vertex 20.0872 0 13.1788
    endloop
  endfacet
  facet normal -0.396455 0 0.918054
    outer loop
      vertex 19.8132 0.75 13.0574
      vertex 19.9049 0 13.097
      vertex 19.9049 0.75 13.097
    endloop
  endfacet
  facet normal -0.396455 0 0.918054
    outer loop
      vertex 19.9049 0 13.097
      vertex 19.8132 0.75 13.0574
      vertex 19.8132 0 13.0574
    endloop
  endfacet
  facet normal -0.459586 0 0.888133
    outer loop
      vertex 20.4466 0.75 13.3533
      vertex 20.5353 0 13.3992
      vertex 20.5353 0.75 13.3992
    endloop
  endfacet
  facet normal -0.459586 0 0.888133
    outer loop
      vertex 20.5353 0 13.3992
      vertex 20.4466 0.75 13.3533
      vertex 20.4466 0 13.3533
    endloop
  endfacet
  facet normal -0.528558 0 0.848897
    outer loop
      vertex 21.1431 0.75 13.7447
      vertex 21.2279 0 13.7975
      vertex 21.2279 0.75 13.7975
    endloop
  endfacet
  facet normal -0.528558 0 0.848897
    outer loop
      vertex 21.2279 0 13.7975
      vertex 21.1431 0.75 13.7447
      vertex 21.1431 0 13.7447
    endloop
  endfacet
  facet normal -0.537005 0 0.843579
    outer loop
      vertex 21.2279 0.75 13.7975
      vertex 21.3121 0 13.8511
      vertex 21.3121 0.75 13.8511
    endloop
  endfacet
  facet normal -0.537005 0 0.843579
    outer loop
      vertex 21.3121 0 13.8511
      vertex 21.2279 0.75 13.7975
      vertex 21.2279 0 13.7975
    endloop
  endfacet
  facet normal -0.493442 0 0.869779
    outer loop
      vertex 20.7987 0.75 13.5421
      vertex 20.8856 0 13.5914
      vertex 20.8856 0.75 13.5914
    endloop
  endfacet
  facet normal -0.493442 0 0.869779
    outer loop
      vertex 20.8856 0 13.5914
      vertex 20.7987 0.75 13.5421
      vertex 20.7987 0 13.5421
    endloop
  endfacet
  facet normal -0.485643 0 0.874157
    outer loop
      vertex 20.7114 0.75 13.4936
      vertex 20.7987 0 13.5421
      vertex 20.7987 0.75 13.5421
    endloop
  endfacet
  facet normal -0.485643 0 0.874157
    outer loop
      vertex 20.7987 0 13.5421
      vertex 20.7114 0.75 13.4936
      vertex 20.7114 0 13.4936
    endloop
  endfacet
  facet normal -0.511255 0 0.859429
    outer loop
      vertex 20.9719 0.75 13.6417
      vertex 21.0578 0 13.6928
      vertex 21.0578 0.75 13.6928
    endloop
  endfacet
  facet normal -0.511255 0 0.859429
    outer loop
      vertex 21.0578 0 13.6928
      vertex 20.9719 0.75 13.6417
      vertex 20.9719 0 13.6417
    endloop
  endfacet
  facet normal -0.477379 0 0.878698
    outer loop
      vertex 20.6236 0.75 13.4459
      vertex 20.7114 0 13.4936
      vertex 20.7114 0.75 13.4936
    endloop
  endfacet
  facet normal -0.477379 0 0.878698
    outer loop
      vertex 20.7114 0 13.4936
      vertex 20.6236 0.75 13.4459
      vertex 20.6236 0 13.4459
    endloop
  endfacet
  facet normal -0.554006 0 0.832512
    outer loop
      vertex 21.3959 0.75 13.9056
      vertex 21.479 0 13.9609
      vertex 21.479 0.75 13.9609
    endloop
  endfacet
  facet normal -0.554006 0 0.832512
    outer loop
      vertex 21.479 0 13.9609
      vertex 21.3959 0.75 13.9056
      vertex 21.3959 0 13.9056
    endloop
  endfacet
  facet normal -0.618573 0 0.785728
    outer loop
      vertex 22.0452 0.75 14.371
      vertex 22.1237 0 14.4328
      vertex 22.1237 0.75 14.4328
    endloop
  endfacet
  facet normal -0.618573 0 0.785728
    outer loop
      vertex 22.1237 0 14.4328
      vertex 22.0452 0.75 14.371
      vertex 22.0452 0 14.371
    endloop
  endfacet
  facet normal -0.6868 0 0.726847
    outer loop
      vertex 22.7287 0.75 14.9546
      vertex 22.8013 0 15.0232
      vertex 22.8013 0.75 15.0232
    endloop
  endfacet
  facet normal -0.6868 0 0.726847
    outer loop
      vertex 22.8013 0 15.0232
      vertex 22.7287 0.75 14.9546
      vertex 22.7287 0 14.9546
    endloop
  endfacet
  facet normal -0.701072 0 0.71309
    outer loop
      vertex 22.8733 0.75 15.0925
      vertex 22.9445 0 15.1625
      vertex 22.9445 0.75 15.1625
    endloop
  endfacet
  facet normal -0.701072 0 0.71309
    outer loop
      vertex 22.9445 0 15.1625
      vertex 22.8733 0.75 15.0925
      vertex 22.8733 0 15.0925
    endloop
  endfacet
  facet normal -0.649884 0 0.760034
    outer loop
      vertex 22.3555 0.75 14.6228
      vertex 22.4314 0 14.6877
      vertex 22.4314 0.75 14.6877
    endloop
  endfacet
  facet normal -0.649884 0 0.760034
    outer loop
      vertex 22.4314 0 14.6877
      vertex 22.3555 0.75 14.6228
      vertex 22.3555 0 14.6228
    endloop
  endfacet
  facet normal -0.641759 0 0.766907
    outer loop
      vertex 22.2789 0.75 14.5587
      vertex 22.3555 0 14.6228
      vertex 22.3555 0.75 14.6228
    endloop
  endfacet
  facet normal -0.641759 0 0.766907
    outer loop
      vertex 22.3555 0 14.6228
      vertex 22.2789 0.75 14.5587
      vertex 22.2789 0 14.5587
    endloop
  endfacet
  facet normal -0.656873 0 0.754002
    outer loop
      vertex 22.4314 0.75 14.6877
      vertex 22.5067 0 14.7533
      vertex 22.5067 0.75 14.7533
    endloop
  endfacet
  facet normal -0.656873 0 0.754002
    outer loop
      vertex 22.5067 0 14.7533
      vertex 22.4314 0.75 14.6877
      vertex 22.4314 0 14.6877
    endloop
  endfacet
  facet normal -0.633565 0 0.77369
    outer loop
      vertex 22.2016 0.75 14.4954
      vertex 22.2789 0 14.5587
      vertex 22.2789 0.75 14.5587
    endloop
  endfacet
  facet normal -0.633565 0 0.77369
    outer loop
      vertex 22.2789 0 14.5587
      vertex 22.2016 0.75 14.4954
      vertex 22.2016 0 14.4954
    endloop
  endfacet
  facet normal 0.999552 -0 0.0299165
    outer loop
      vertex 5.90312 0 22.0103
      vertex 5.90611 0.75 21.9104
      vertex 5.90312 0.75 22.0103
    endloop
  endfacet
  facet normal 0.999552 0 0.0299165
    outer loop
      vertex 5.90611 0.75 21.9104
      vertex 5.90312 0 22.0103
      vertex 5.90611 0 21.9104
    endloop
  endfacet
  facet normal 0.732037 -0 0.681265
    outer loop
      vertex 8.54365 0 15.4862
      vertex 8.61168 0.75 15.4131
      vertex 8.54365 0.75 15.4862
    endloop
  endfacet
  facet normal 0.732037 0 0.681265
    outer loop
      vertex 8.61168 0.75 15.4131
      vertex 8.54365 0 15.4862
      vertex 8.61168 0 15.4131
    endloop
  endfacet
  facet normal 0.718622 -0 0.695401
    outer loop
      vertex 8.68044 0 15.3406
      vertex 8.74992 0.75 15.2688
      vertex 8.68044 0.75 15.3406
    endloop
  endfacet
  facet normal 0.718622 0 0.695401
    outer loop
      vertex 8.74992 0.75 15.2688
      vertex 8.68044 0 15.3406
      vertex 8.74992 0 15.2688
    endloop
  endfacet
  facet normal 0.836839 -0 0.547449
    outer loop
      vertex 7.50469 0 16.8269
      vertex 7.55938 0.75 16.7433
      vertex 7.50469 0.75 16.8269
    endloop
  endfacet
  facet normal 0.836839 0 0.547449
    outer loop
      vertex 7.55938 0.75 16.7433
      vertex 7.50469 0 16.8269
      vertex 7.55938 0 16.7433
    endloop
  endfacet
  facet normal 0.847672 -0 0.530521
    outer loop
      vertex 7.39783 0 16.9957
      vertex 7.45084 0.75 16.911
      vertex 7.39783 0.75 16.9957
    endloop
  endfacet
  facet normal 0.847672 0 0.530521
    outer loop
      vertex 7.45084 0.75 16.911
      vertex 7.39783 0 16.9957
      vertex 7.45084 0 16.911
    endloop
  endfacet
  facet normal 0.913228 -0 0.407448
    outer loop
      vertex 6.74702 0 18.2322
      vertex 6.78771 0.75 18.141
      vertex 6.74702 0.75 18.2322
    endloop
  endfacet
  facet normal 0.913228 0 0.407448
    outer loop
      vertex 6.78771 0.75 18.141
      vertex 6.74702 0 18.2322
      vertex 6.78771 0 18.141
    endloop
  endfacet
  facet normal 0.882644 -0 0.470043
    outer loop
      vertex 7.0508 0 17.6026
      vertex 7.09777 0.75 17.5144
      vertex 7.0508 0.75 17.6026
    endloop
  endfacet
  facet normal 0.882644 0 0.470043
    outer loop
      vertex 7.09777 0.75 17.5144
      vertex 7.0508 0 17.6026
      vertex 7.09777 0 17.5144
    endloop
  endfacet
  facet normal 0.896183 -0 0.443685
    outer loop
      vertex 6.91522 0 17.8698
      vertex 6.95953 0.75 17.7803
      vertex 6.91522 0.75 17.8698
    endloop
  endfacet
  facet normal 0.896183 0 0.443685
    outer loop
      vertex 6.95953 0.75 17.7803
      vertex 6.91522 0 17.8698
      vertex 6.95953 0 17.7803
    endloop
  endfacet
  facet normal 0.909128 -0 0.416517
    outer loop
      vertex 6.78771 0 18.141
      vertex 6.82931 0.75 18.0502
      vertex 6.78771 0.75 18.141
    endloop
  endfacet
  facet normal 0.909128 0 0.416517
    outer loop
      vertex 6.82931 0.75 18.0502
      vertex 6.78771 0 18.141
      vertex 6.82931 0 18.0502
    endloop
  endfacet
  facet normal 0.917275 -0 0.398254
    outer loop
      vertex 6.70725 0 18.3238
      vertex 6.74702 0.75 18.2322
      vertex 6.70725 0.75 18.3238
    endloop
  endfacet
  facet normal 0.917275 0 0.398254
    outer loop
      vertex 6.74702 0.75 18.2322
      vertex 6.70725 0 18.3238
      vertex 6.74702 0 18.2322
    endloop
  endfacet
  facet normal 0.900741 -0 0.434357
    outer loop
      vertex 6.87182 0 17.9598
      vertex 6.91522 0.75 17.8698
      vertex 6.87182 0.75 17.9598
    endloop
  endfacet
  facet normal 0.900741 0 0.434357
    outer loop
      vertex 6.91522 0.75 17.8698
      vertex 6.87182 0 17.9598
      vertex 6.91522 0 17.8698
    endloop
  endfacet
  facet normal 0.87788 -0 0.47888
    outer loop
      vertex 7.09777 0 17.5144
      vertex 7.14561 0.75 17.4267
      vertex 7.09777 0.75 17.5144
    endloop
  endfacet
  facet normal 0.87788 0 0.47888
    outer loop
      vertex 7.14561 0.75 17.4267
      vertex 7.09777 0 17.5144
      vertex 7.14561 0 17.4267
    endloop
  endfacet
  facet normal 0.852866 -0 0.52213
    outer loop
      vertex 7.34567 0 17.0809
      vertex 7.39783 0.75 16.9957
      vertex 7.34567 0.75 17.0809
    endloop
  endfacet
  facet normal 0.852866 0 0.52213
    outer loop
      vertex 7.39783 0.75 16.9957
      vertex 7.34567 0 17.0809
      vertex 7.39783 0 16.9957
    endloop
  endfacet
  facet normal 0.936041 -0 0.351891
    outer loop
      vertex 6.5222 0 18.7877
      vertex 6.55735 0.75 18.6942
      vertex 6.5222 0.75 18.7877
    endloop
  endfacet
  facet normal 0.936041 0 0.351891
    outer loop
      vertex 6.55735 0.75 18.6942
      vertex 6.5222 0 18.7877
      vertex 6.55735 0 18.6942
    endloop
  endfacet
  facet normal 0.928856 -0 0.370441
    outer loop
      vertex 6.59344 0 18.6011
      vertex 6.63045 0.75 18.5083
      vertex 6.59344 0.75 18.6011
    endloop
  endfacet
  facet normal 0.928856 0 0.370441
    outer loop
      vertex 6.63045 0.75 18.5083
      vertex 6.59344 0 18.6011
      vertex 6.63045 0 18.5083
    endloop
  endfacet
  facet normal 0.955482 -0 0.295049
    outer loop
      vertex 6.33105 0 19.3557
      vertex 6.36054 0.75 19.2602
      vertex 6.33105 0.75 19.3557
    endloop
  endfacet
  facet normal 0.955482 0 0.295049
    outer loop
      vertex 6.36054 0.75 19.2602
      vertex 6.33105 0 19.3557
      vertex 6.36054 0 19.2602
    endloop
  endfacet
  facet normal 0.963853 -0 0.266436
    outer loop
      vertex 6.24832 0 19.6437
      vertex 6.27494 0.75 19.5474
      vertex 6.24832 0.75 19.6437
    endloop
  endfacet
  facet normal 0.963853 0 0.266436
    outer loop
      vertex 6.27494 0.75 19.5474
      vertex 6.24832 0 19.6437
      vertex 6.27494 0 19.5474
    endloop
  endfacet
  facet normal 0.966442 -0 0.256883
    outer loop
      vertex 6.22267 0 19.7402
      vertex 6.24832 0.75 19.6437
      vertex 6.22267 0.75 19.7402
    endloop
  endfacet
  facet normal 0.966442 0 0.256883
    outer loop
      vertex 6.24832 0.75 19.6437
      vertex 6.22267 0 19.7402
      vertex 6.24832 0 19.6437
    endloop
  endfacet
  facet normal 0.971378 -0 0.237537
    outer loop
      vertex 6.17426 0 19.934
      vertex 6.19798 0.75 19.837
      vertex 6.17426 0.75 19.934
    endloop
  endfacet
  facet normal 0.971378 0 0.237537
    outer loop
      vertex 6.19798 0.75 19.837
      vertex 6.17426 0 19.934
      vertex 6.19798 0 19.837
    endloop
  endfacet
  facet normal 0.975946 -0 0.218011
    outer loop
      vertex 6.12974 0 20.1288
      vertex 6.15152 0.75 20.0313
      vertex 6.12974 0.75 20.1288
    endloop
  endfacet
  facet normal 0.975946 0 0.218011
    outer loop
      vertex 6.15152 0.75 20.0313
      vertex 6.12974 0 20.1288
      vertex 6.15152 0 20.0313
    endloop
  endfacet
  facet normal 0.985603 -0 0.169075
    outer loop
      vertex 6.03552 0 20.6192
      vertex 6.0524 0.75 20.5208
      vertex 6.03552 0.75 20.6192
    endloop
  endfacet
  facet normal 0.985603 0 0.169075
    outer loop
      vertex 6.0524 0.75 20.5208
      vertex 6.03552 0 20.6192
      vertex 6.0524 0 20.5208
    endloop
  endfacet
  facet normal 0.999202 -0 0.039948
    outer loop
      vertex 5.90611 0 21.9104
      vertex 5.9101 0.75 21.8106
      vertex 5.90611 0.75 21.9104
    endloop
  endfacet
  facet normal 0.999202 0 0.039948
    outer loop
      vertex 5.9101 0.75 21.8106
      vertex 5.90611 0 21.9104
      vertex 5.9101 0 21.8106
    endloop
  endfacet
  facet normal 0.9998 -0 0.020016
    outer loop
      vertex 5.90112 0 22.1102
      vertex 5.90312 0.75 22.0103
      vertex 5.90112 0.75 22.1102
    endloop
  endfacet
  facet normal 0.9998 0 0.020016
    outer loop
      vertex 5.90312 0.75 22.0103
      vertex 5.90112 0 22.1102
      vertex 5.90312 0 22.0103
    endloop
  endfacet
  facet normal 0.987272 -0 0.159044
    outer loop
      vertex 6.01962 0 20.7179
      vertex 6.03552 0.75 20.6192
      vertex 6.01962 0.75 20.7179
    endloop
  endfacet
  facet normal 0.987272 0 0.159044
    outer loop
      vertex 6.03552 0.75 20.6192
      vertex 6.01962 0 20.7179
      vertex 6.03552 0 20.6192
    endloop
  endfacet
  facet normal 0.992834 -0 0.1195
    outer loop
      vertex 5.96591 0 21.1138
      vertex 5.97785 0.75 21.0146
      vertex 5.96591 0.75 21.1138
    endloop
  endfacet
  facet normal 0.992834 0 0.1195
    outer loop
      vertex 5.97785 0.75 21.0146
      vertex 5.96591 0 21.1138
      vertex 5.97785 0 21.0146
    endloop
  endfacet
  facet normal 0.99024 -0 0.139374
    outer loop
      vertex 5.99079 0 20.9155
      vertex 6.00471 0.75 20.8166
      vertex 5.99079 0.75 20.9155
    endloop
  endfacet
  facet normal 0.99024 0 0.139374
    outer loop
      vertex 6.00471 0.75 20.8166
      vertex 5.99079 0 20.9155
      vertex 6.00471 0 20.8166
    endloop
  endfacet
  facet normal 0.996814 -0 0.0797651
    outer loop
      vertex 5.92805 0 21.5115
      vertex 5.93602 0.75 21.4119
      vertex 5.92805 0.75 21.5115
    endloop
  endfacet
  facet normal 0.996814 0 0.0797651
    outer loop
      vertex 5.93602 0.75 21.4119
      vertex 5.92805 0 21.5115
      vertex 5.93602 0 21.4119
    endloop
  endfacet
  facet normal 0.697586 0 0.716501
    outer loop
      vertex 8.89101 0.75 15.1274
      vertex 8.9626 0 15.0577
      vertex 8.9626 0.75 15.0577
    endloop
  endfacet
  facet normal 0.697586 0 0.716501
    outer loop
      vertex 8.9626 0 15.0577
      vertex 8.89101 0.75 15.1274
      vertex 8.89101 0 15.1274
    endloop
  endfacet
  facet normal 0.4092 0 0.912445
    outer loop
      vertex 11.7582 0.75 13.158
      vertex 11.8494 0 13.1171
      vertex 11.8494 0.75 13.1171
    endloop
  endfacet
  facet normal 0.4092 0 0.912445
    outer loop
      vertex 11.8494 0 13.1171
      vertex 11.7582 0.75 13.158
      vertex 11.7582 0 13.158
    endloop
  endfacet
  facet normal 0.391501 0 0.920178
    outer loop
      vertex 11.9409 0.75 13.0771
      vertex 12.0328 0 13.038
      vertex 12.0328 0.75 13.038
    endloop
  endfacet
  facet normal 0.391501 0 0.920178
    outer loop
      vertex 12.0328 0 13.038
      vertex 11.9409 0.75 13.0771
      vertex 11.9409 0 13.0771
    endloop
  endfacet
  facet normal 0.682775 0 0.730629
    outer loop
      vertex 9.03489 0.75 14.9888
      vertex 9.10787 0 14.9206
      vertex 9.10787 0.75 14.9206
    endloop
  endfacet
  facet normal 0.682775 0 0.730629
    outer loop
      vertex 9.10787 0 14.9206
      vertex 9.03489 0.75 14.9888
      vertex 9.03489 0 14.9888
    endloop
  endfacet
  facet normal 0.7046 0 0.709604
    outer loop
      vertex 8.82011 0.75 15.1978
      vertex 8.89101 0 15.1274
      vertex 8.89101 0.75 15.1274
    endloop
  endfacet
  facet normal 0.7046 0 0.709604
    outer loop
      vertex 8.89101 0 15.1274
      vertex 8.82011 0.75 15.1978
      vertex 8.82011 0 15.1978
    endloop
  endfacet
  facet normal 0.653474 0 0.756949
    outer loop
      vertex 9.33083 0.75 14.7204
      vertex 9.40647 0 14.6551
      vertex 9.40647 0.75 14.6551
    endloop
  endfacet
  facet normal 0.653474 0 0.756949
    outer loop
      vertex 9.40647 0 14.6551
      vertex 9.33083 0.75 14.7204
      vertex 9.33083 0 14.7204
    endloop
  endfacet
  facet normal 0.498509 0 0.866885
    outer loop
      vertex 10.8712 0.75 13.6164
      vertex 10.9578 0 13.5666
      vertex 10.9578 0.75 13.5666
    endloop
  endfacet
  facet normal 0.498509 0 0.866885
    outer loop
      vertex 10.9578 0 13.5666
      vertex 10.8712 0.75 13.6164
      vertex 10.8712 0 13.6164
    endloop
  endfacet
  facet normal 0.507414 0 0.861703
    outer loop
      vertex 10.7851 0.75 13.6671
      vertex 10.8712 0 13.6164
      vertex 10.8712 0.75 13.6164
    endloop
  endfacet
  facet normal 0.507414 0 0.861703
    outer loop
      vertex 10.8712 0 13.6164
      vertex 10.7851 0.75 13.6671
      vertex 10.7851 0 13.6671
    endloop
  endfacet
  facet normal 0.524768 0 0.851245
    outer loop
      vertex 10.6145 0.75 13.771
      vertex 10.6995 0 13.7186
      vertex 10.6995 0.75 13.7186
    endloop
  endfacet
  facet normal 0.524768 0 0.851245
    outer loop
      vertex 10.6995 0 13.7186
      vertex 10.6145 0.75 13.771
      vertex 10.6145 0 13.771
    endloop
  endfacet
  facet normal 0.541466 0 0.840723
    outer loop
      vertex 10.4459 0.75 13.8783
      vertex 10.5299 0 13.8242
      vertex 10.5299 0.75 13.8242
    endloop
  endfacet
  facet normal 0.541466 0 0.840723
    outer loop
      vertex 10.5299 0 13.8242
      vertex 10.4459 0.75 13.8783
      vertex 10.4459 0 13.8783
    endloop
  endfacet
  facet normal 0.574202 0 0.818714
    outer loop
      vertex 10.1155 0.75 14.1028
      vertex 10.1972 0 14.0455
      vertex 10.1972 0.75 14.0455
    endloop
  endfacet
  facet normal 0.574202 0 0.818714
    outer loop
      vertex 10.1972 0 14.0455
      vertex 10.1155 0.75 14.1028
      vertex 10.1155 0 14.1028
    endloop
  endfacet
  facet normal 0.614633 0 0.788813
    outer loop
      vertex 9.71544 0.75 14.4018
      vertex 9.79424 0 14.3404
      vertex 9.79424 0.75 14.3404
    endloop
  endfacet
  facet normal 0.614633 0 0.788813
    outer loop
      vertex 9.79424 0 14.3404
      vertex 9.71544 0.75 14.4018
      vertex 9.71544 0 14.4018
    endloop
  endfacet
  facet normal 0.606658 0 0.794963
    outer loop
      vertex 9.79424 0.75 14.3404
      vertex 9.87365 0 14.2798
      vertex 9.87365 0.75 14.2798
    endloop
  endfacet
  facet normal 0.606658 0 0.794963
    outer loop
      vertex 9.87365 0 14.2798
      vertex 9.79424 0.75 14.3404
      vertex 9.79424 0 14.3404
    endloop
  endfacet
  facet normal 0.637768 0 0.770228
    outer loop
      vertex 9.48276 0.75 14.5906
      vertex 9.55969 0 14.5269
      vertex 9.55969 0.75 14.5269
    endloop
  endfacet
  facet normal 0.637768 0 0.770228
    outer loop
      vertex 9.55969 0 14.5269
      vertex 9.48276 0.75 14.5906
      vertex 9.48276 0 14.5906
    endloop
  endfacet
  facet normal 0.354413 0 0.935089
    outer loop
      vertex 12.3109 0.75 12.9263
      vertex 12.4043 0 12.8909
      vertex 12.4043 0.75 12.8909
    endloop
  endfacet
  facet normal 0.354413 0 0.935089
    outer loop
      vertex 12.4043 0 12.8909
      vertex 12.3109 0.75 12.9263
      vertex 12.3109 0 12.9263
    endloop
  endfacet
  facet normal 0.220322 0 0.975427
    outer loop
      vertex 13.647 0.75 12.5171
      vertex 13.7444 0 12.4951
      vertex 13.7444 0.75 12.4951
    endloop
  endfacet
  facet normal 0.220322 0 0.975427
    outer loop
      vertex 13.7444 0 12.4951
      vertex 13.647 0.75 12.5171
      vertex 13.647 0 12.5171
    endloop
  endfacet
  facet normal 0.345195 0 0.938531
    outer loop
      vertex 12.4043 0.75 12.8909
      vertex 12.4981 0 12.8564
      vertex 12.4981 0.75 12.8564
    endloop
  endfacet
  facet normal 0.345195 0 0.938531
    outer loop
      vertex 12.4981 0 12.8564
      vertex 12.4043 0.75 12.8909
      vertex 12.4043 0 12.8909
    endloop
  endfacet
  facet normal 0.230267 0 0.973128
    outer loop
      vertex 13.5498 0.75 12.5401
      vertex 13.647 0 12.5171
      vertex 13.647 0.75 12.5171
    endloop
  endfacet
  facet normal 0.230267 0 0.973128
    outer loop
      vertex 13.647 0 12.5171
      vertex 13.5498 0.75 12.5401
      vertex 13.5498 0 12.5401
    endloop
  endfacet
  facet normal 0.287532 0 0.957771
    outer loop
      vertex 12.9718 0.75 12.6983
      vertex 13.0674 0 12.6696
      vertex 13.0674 0.75 12.6696
    endloop
  endfacet
  facet normal 0.287532 0 0.957771
    outer loop
      vertex 13.0674 0 12.6696
      vertex 12.9718 0.75 12.6983
      vertex 12.9718 0 12.6983
    endloop
  endfacet
  facet normal 0.279078 0 0.960268
    outer loop
      vertex 13.0674 0.75 12.6696
      vertex 13.1634 0 12.6417
      vertex 13.1634 0.75 12.6417
    endloop
  endfacet
  facet normal 0.279078 0 0.960268
    outer loop
      vertex 13.1634 0 12.6417
      vertex 13.0674 0.75 12.6696
      vertex 13.0674 0 12.6696
    endloop
  endfacet
  facet normal 0.249363 0 0.96841
    outer loop
      vertex 13.3561 0.75 12.589
      vertex 13.4528 0 12.5641
      vertex 13.4528 0.75 12.5641
    endloop
  endfacet
  facet normal 0.249363 0 0.96841
    outer loop
      vertex 13.4528 0 12.5641
      vertex 13.3561 0.75 12.589
      vertex 13.3561 0 12.589
    endloop
  endfacet
  facet normal 0.306301 0 0.951935
    outer loop
      vertex 12.7813 0.75 12.7587
      vertex 12.8764 0 12.7281
      vertex 12.8764 0.75 12.7281
    endloop
  endfacet
  facet normal 0.306301 0 0.951935
    outer loop
      vertex 12.8764 0 12.7281
      vertex 12.7813 0.75 12.7587
      vertex 12.7813 0 12.7587
    endloop
  endfacet
  facet normal 0.191111 0 0.981568
    outer loop
      vertex 13.9399 0.75 12.454
      vertex 14.038 0 12.4349
      vertex 14.038 0.75 12.4349
    endloop
  endfacet
  facet normal 0.191111 0 0.981568
    outer loop
      vertex 14.038 0 12.4349
      vertex 13.9399 0.75 12.454
      vertex 13.9399 0 12.454
    endloop
  endfacet
  facet normal 0.132164 0 0.991228
    outer loop
      vertex 14.5308 0.75 12.3542
      vertex 14.6298 0 12.341
      vertex 14.6298 0.75 12.341
    endloop
  endfacet
  facet normal 0.132164 0 0.991228
    outer loop
      vertex 14.6298 0 12.341
      vertex 14.5308 0.75 12.3542
      vertex 14.5308 0 12.3542
    endloop
  endfacet
  facet normal 0.122064 0 0.992522
    outer loop
      vertex 14.6298 0.75 12.341
      vertex 14.729 0 12.3288
      vertex 14.729 0.75 12.3288
    endloop
  endfacet
  facet normal 0.122064 0 0.992522
    outer loop
      vertex 14.729 0 12.3288
      vertex 14.6298 0.75 12.341
      vertex 14.6298 0 12.341
    endloop
  endfacet
  facet normal 0.0320477 0 0.999486
    outer loop
      vertex 15.5255 0.75 12.267
      vertex 15.6253 0 12.2638
      vertex 15.6253 0.75 12.2638
    endloop
  endfacet
  facet normal 0.0320477 0 0.999486
    outer loop
      vertex 15.6253 0 12.2638
      vertex 15.5255 0.75 12.267
      vertex 15.5255 0 12.267
    endloop
  endfacet
  facet normal 0.0120111 0 0.999928
    outer loop
      vertex 15.7252 0.75 12.2615
      vertex 15.8251 0 12.2603
      vertex 15.8251 0.75 12.2603
    endloop
  endfacet
  facet normal 0.0120111 0 0.999928
    outer loop
      vertex 15.8251 0 12.2603
      vertex 15.7252 0.75 12.2615
      vertex 15.7252 0 12.2615
    endloop
  endfacet
  facet normal 0.0730971 0 0.997325
    outer loop
      vertex 15.1266 0.75 12.29
      vertex 15.2262 0 12.2827
      vertex 15.2262 0.75 12.2827
    endloop
  endfacet
  facet normal 0.0730971 0 0.997325
    outer loop
      vertex 15.2262 0 12.2827
      vertex 15.1266 0.75 12.29
      vertex 15.1266 0 12.29
    endloop
  endfacet
  facet normal 0.0821336 0 0.996621
    outer loop
      vertex 15.0271 0.75 12.2982
      vertex 15.1266 0 12.29
      vertex 15.1266 0.75 12.29
    endloop
  endfacet
  facet normal 0.0821336 0 0.996621
    outer loop
      vertex 15.1266 0 12.29
      vertex 15.0271 0.75 12.2982
      vertex 15.0271 0 12.2982
    endloop
  endfacet
  facet normal 0.0620667 0 0.998072
    outer loop
      vertex 15.2262 0.75 12.2827
      vertex 15.3259 0 12.2765
      vertex 15.3259 0.75 12.2765
    endloop
  endfacet
  facet normal 0.0620667 0 0.998072
    outer loop
      vertex 15.3259 0 12.2765
      vertex 15.2262 0.75 12.2827
      vertex 15.2262 0 12.2827
    endloop
  endfacet
  facet normal 0.0920696 0 0.995753
    outer loop
      vertex 14.9276 0.75 12.3074
      vertex 15.0271 0 12.2982
      vertex 15.0271 0.75 12.2982
    endloop
  endfacet
  facet normal 0.0920696 0 0.995753
    outer loop
      vertex 15.0271 0 12.2982
      vertex 14.9276 0.75 12.3074
      vertex 14.9276 0 12.3074
    endloop
  endfacet
  facet normal -0.999987 0 -0.00500494
    outer loop
      vertex 25.9 0 22.26
      vertex 25.8995 0.75 22.3599
      vertex 25.9 0.75 22.26
    endloop
  endfacet
  facet normal -0.999987 -0 -0.00500494
    outer loop
      vertex 25.8995 0.75 22.3599
      vertex 25.9 0 22.26
      vertex 25.8995 0 22.3599
    endloop
  endfacet
  facet normal -0.0770792 0 -0.997025
    outer loop
      vertex 16.6236 0 32.2338
      vertex 16.7232 0.75 32.2261
      vertex 16.7232 0 32.2261
    endloop
  endfacet
  facet normal -0.0770792 0 -0.997025
    outer loop
      vertex 16.7232 0.75 32.2261
      vertex 16.6236 0 32.2338
      vertex 16.6236 0.75 32.2338
    endloop
  endfacet
  facet normal -0.0971242 0 -0.995272
    outer loop
      vertex 16.8227 0 32.2173
      vertex 16.9221 0.75 32.2076
      vertex 16.9221 0 32.2076
    endloop
  endfacet
  facet normal -0.0971242 0 -0.995272
    outer loop
      vertex 16.9221 0.75 32.2076
      vertex 16.8227 0 32.2173
      vertex 16.8227 0.75 32.2173
    endloop
  endfacet
  facet normal -0.157248 0 -0.987559
    outer loop
      vertex 17.4175 0 32.1442
      vertex 17.5161 0.75 32.1285
      vertex 17.5161 0 32.1285
    endloop
  endfacet
  facet normal -0.157248 0 -0.987559
    outer loop
      vertex 17.5161 0.75 32.1285
      vertex 17.4175 0 32.1442
      vertex 17.4175 0.75 32.1442
    endloop
  endfacet
  facet normal -0.186101 0 -0.982531
    outer loop
      vertex 17.7129 0 32.0943
      vertex 17.8111 0.75 32.0757
      vertex 17.8111 0 32.0757
    endloop
  endfacet
  facet normal -0.186101 0 -0.982531
    outer loop
      vertex 17.8111 0.75 32.0757
      vertex 17.7129 0 32.0943
      vertex 17.7129 0.75 32.0943
    endloop
  endfacet
  facet normal -0.349368 0 -0.936986
    outer loop
      vertex 19.3489 0 31.6464
      vertex 19.4425 0.75 31.6115
      vertex 19.4425 0 31.6115
    endloop
  endfacet
  facet normal -0.349368 0 -0.936986
    outer loop
      vertex 19.4425 0.75 31.6115
      vertex 19.3489 0 31.6464
      vertex 19.3489 0.75 31.6464
    endloop
  endfacet
  facet normal -0.377424 0 -0.926041
    outer loop
      vertex 19.6286 0 31.5389
      vertex 19.7211 0.75 31.5012
      vertex 19.7211 0 31.5012
    endloop
  endfacet
  facet normal -0.377424 0 -0.926041
    outer loop
      vertex 19.7211 0.75 31.5012
      vertex 19.6286 0 31.5389
      vertex 19.6286 0.75 31.5389
    endloop
  endfacet
  facet normal -0.33151 0 -0.943452
    outer loop
      vertex 19.1607 0 31.7135
      vertex 19.2549 0.75 31.6804
      vertex 19.2549 0 31.6804
    endloop
  endfacet
  facet normal -0.33151 0 -0.943452
    outer loop
      vertex 19.2549 0.75 31.6804
      vertex 19.1607 0 31.7135
      vertex 19.1607 0.75 31.7135
    endloop
  endfacet
  facet normal -0.264133 0 -0.964486
    outer loop
      vertex 18.4922 0 31.9182
      vertex 18.5886 0.75 31.8918
      vertex 18.5886 0 31.8918
    endloop
  endfacet
  facet normal -0.264133 0 -0.964486
    outer loop
      vertex 18.5886 0.75 31.8918
      vertex 18.4922 0 31.9182
      vertex 18.4922 0.75 31.9182
    endloop
  endfacet
  facet normal -0.254296 0 -0.967126
    outer loop
      vertex 18.3956 0 31.9436
      vertex 18.4922 0.75 31.9182
      vertex 18.4922 0 31.9182
    endloop
  endfacet
  facet normal -0.254296 0 -0.967126
    outer loop
      vertex 18.4922 0.75 31.9182
      vertex 18.3956 0 31.9436
      vertex 18.3956 0.75 31.9436
    endloop
  endfacet
  facet normal -0.235228 0 -0.97194
    outer loop
      vertex 18.2017 0 31.9915
      vertex 18.2988 0.75 31.968
      vertex 18.2988 0 31.968
    endloop
  endfacet
  facet normal -0.235228 0 -0.97194
    outer loop
      vertex 18.2988 0.75 31.968
      vertex 18.2017 0 31.9915
      vertex 18.2017 0.75 31.9915
    endloop
  endfacet
  facet normal -0.6868 0 -0.726847
    outer loop
      vertex 22.7287 0 29.5654
      vertex 22.8013 0.75 29.4968
      vertex 22.8013 0 29.4968
    endloop
  endfacet
  facet normal -0.6868 0 -0.726847
    outer loop
      vertex 22.8013 0.75 29.4968
      vertex 22.7287 0 29.5654
      vertex 22.7287 0.75 29.5654
    endloop
  endfacet
  facet normal -0.679028 0 -0.734112
    outer loop
      vertex 22.6554 0 29.6332
      vertex 22.7287 0.75 29.5654
      vertex 22.7287 0 29.5654
    endloop
  endfacet
  facet normal -0.679028 0 -0.734112
    outer loop
      vertex 22.7287 0.75 29.5654
      vertex 22.6554 0 29.6332
      vertex 22.6554 0.75 29.6332
    endloop
  endfacet
  facet normal -0.641759 0 -0.766907
    outer loop
      vertex 22.2789 0 29.9613
      vertex 22.3555 0.75 29.8972
      vertex 22.3555 0 29.8972
    endloop
  endfacet
  facet normal -0.641759 0 -0.766907
    outer loop
      vertex 22.3555 0.75 29.8972
      vertex 22.2789 0 29.9613
      vertex 22.2789 0.75 29.9613
    endloop
  endfacet
  facet normal -0.618573 0 -0.785728
    outer loop
      vertex 22.0452 0 30.149
      vertex 22.1237 0.75 30.0872
      vertex 22.1237 0 30.0872
    endloop
  endfacet
  facet normal -0.618573 0 -0.785728
    outer loop
      vertex 22.1237 0.75 30.0872
      vertex 22.0452 0 30.149
      vertex 22.0452 0.75 30.149
    endloop
  endfacet
  facet normal -0.610678 0 -0.791879
    outer loop
      vertex 21.9661 0 30.21
      vertex 22.0452 0.75 30.149
      vertex 22.0452 0 30.149
    endloop
  endfacet
  facet normal -0.610678 0 -0.791879
    outer loop
      vertex 22.0452 0.75 30.149
      vertex 21.9661 0 30.21
      vertex 21.9661 0.75 30.21
    endloop
  endfacet
  facet normal -0.626402 0 -0.7795
    outer loop
      vertex 22.1237 0 30.0872
      vertex 22.2016 0.75 30.0246
      vertex 22.2016 0 30.0246
    endloop
  endfacet
  facet normal -0.626402 0 -0.7795
    outer loop
      vertex 22.2016 0.75 30.0246
      vertex 22.1237 0 30.0872
      vertex 22.1237 0.75 30.0872
    endloop
  endfacet
  facet normal -0.60272 0 -0.797953
    outer loop
      vertex 21.8864 0 30.2702
      vertex 21.9661 0.75 30.21
      vertex 21.9661 0 30.21
    endloop
  endfacet
  facet normal -0.60272 0 -0.797953
    outer loop
      vertex 21.9661 0.75 30.21
      vertex 21.8864 0 30.2702
      vertex 21.8864 0.75 30.2702
    endloop
  endfacet
  facet normal -0.449615 0 -0.893222
    outer loop
      vertex 20.3574 0 31.2116
      vertex 20.4466 0.75 31.1667
      vertex 20.4466 0 31.1667
    endloop
  endfacet
  facet normal -0.449615 0 -0.893222
    outer loop
      vertex 20.4466 0.75 31.1667
      vertex 20.3574 0 31.2116
      vertex 20.3574 0.75 31.2116
    endloop
  endfacet
  facet normal -0.441201 0 -0.897408
    outer loop
      vertex 20.2677 0 31.2557
      vertex 20.3574 0.75 31.2116
      vertex 20.3574 0 31.2116
    endloop
  endfacet
  facet normal -0.441201 0 -0.897408
    outer loop
      vertex 20.3574 0.75 31.2116
      vertex 20.2677 0 31.2557
      vertex 20.2677 0.75 31.2557
    endloop
  endfacet
  facet normal -0.432731 0 -0.901523
    outer loop
      vertex 20.1777 0 31.2989
      vertex 20.2677 0.75 31.2557
      vertex 20.2677 0 31.2557
    endloop
  endfacet
  facet normal -0.432731 0 -0.901523
    outer loop
      vertex 20.2677 0.75 31.2557
      vertex 20.1777 0 31.2989
      vertex 20.1777 0.75 31.2989
    endloop
  endfacet
  facet normal -0.485643 0 -0.874157
    outer loop
      vertex 20.7114 0 31.0264
      vertex 20.7987 0.75 30.9779
      vertex 20.7987 0 30.9779
    endloop
  endfacet
  facet normal -0.485643 0 -0.874157
    outer loop
      vertex 20.7987 0.75 30.9779
      vertex 20.7114 0 31.0264
      vertex 20.7114 0.75 31.0264
    endloop
  endfacet
  facet normal -0.528558 0 -0.848897
    outer loop
      vertex 21.1431 0 30.7753
      vertex 21.2279 0.75 30.7225
      vertex 21.2279 0 30.7225
    endloop
  endfacet
  facet normal -0.528558 0 -0.848897
    outer loop
      vertex 21.2279 0.75 30.7225
      vertex 21.1431 0 30.7753
      vertex 21.1431 0.75 30.7753
    endloop
  endfacet
  facet normal -0.544496 0 -0.838764
    outer loop
      vertex 21.3121 0 30.6688
      vertex 21.3959 0.75 30.6144
      vertex 21.3959 0 30.6144
    endloop
  endfacet
  facet normal -0.544496 0 -0.838764
    outer loop
      vertex 21.3959 0.75 30.6144
      vertex 21.3121 0 30.6688
      vertex 21.3121 0.75 30.6688
    endloop
  endfacet
  facet normal -0.715073 0 -0.699049
    outer loop
      vertex 23.0849 0 29.2154
      vertex 23.0151 0.75 29.2868
      vertex 23.0849 0.75 29.2154
    endloop
  endfacet
  facet normal -0.715073 -0 -0.699049
    outer loop
      vertex 23.0151 0.75 29.2868
      vertex 23.0849 0 29.2154
      vertex 23.0151 0 29.2868
    endloop
  endfacet
  facet normal -0.805609 0 -0.592448
    outer loop
      vertex 23.9843 0 28.1459
      vertex 23.9251 0.75 28.2264
      vertex 23.9843 0.75 28.1459
    endloop
  endfacet
  facet normal -0.805609 -0 -0.592448
    outer loop
      vertex 23.9251 0.75 28.2264
      vertex 23.9843 0 28.1459
      vertex 23.9251 0 28.2264
    endloop
  endfacet
  facet normal -0.828338 0 -0.560229
    outer loop
      vertex 24.213 0 27.8183
      vertex 24.157 0.75 27.9011
      vertex 24.213 0.75 27.8183
    endloop
  endfacet
  facet normal -0.828338 -0 -0.560229
    outer loop
      vertex 24.157 0.75 27.9011
      vertex 24.213 0 27.8183
      vertex 24.157 0 27.9011
    endloop
  endfacet
  facet normal -0.860308 0 -0.509775
    outer loop
      vertex 24.531 0 27.3104
      vertex 24.4801 0.75 27.3963
      vertex 24.531 0.75 27.3104
    endloop
  endfacet
  facet normal -0.860308 -0 -0.509775
    outer loop
      vertex 24.4801 0.75 27.3963
      vertex 24.531 0 27.3104
      vertex 24.4801 0 27.3963
    endloop
  endfacet
  facet normal -0.884614 0 -0.466324
    outer loop
      vertex 24.7724 0 26.8732
      vertex 24.7258 0.75 26.9616
      vertex 24.7724 0.75 26.8732
    endloop
  endfacet
  facet normal -0.884614 -0 -0.466324
    outer loop
      vertex 24.7258 0.75 26.9616
      vertex 24.7724 0 26.8732
      vertex 24.7258 0 26.9616
    endloop
  endfacet
  facet normal -0.889776 0 -0.456398
    outer loop
      vertex 24.818 0 26.7843
      vertex 24.7724 0.75 26.8732
      vertex 24.818 0.75 26.7843
    endloop
  endfacet
  facet normal -0.889776 -0 -0.456398
    outer loop
      vertex 24.7724 0.75 26.8732
      vertex 24.818 0 26.7843
      vertex 24.7724 0 26.8732
    endloop
  endfacet
  facet normal -0.906872 0 -0.421405
    outer loop
      vertex 24.9916 0 26.4245
      vertex 24.9495 0.75 26.5151
      vertex 24.9916 0.75 26.4245
    endloop
  endfacet
  facet normal -0.906872 -0 -0.421405
    outer loop
      vertex 24.9495 0.75 26.5151
      vertex 24.9916 0 26.4245
      vertex 24.9495 0 26.5151
    endloop
  endfacet
  facet normal -0.92688 0 -0.375357
    outer loop
      vertex 25.1882 0 25.9654
      vertex 25.1507 0.75 26.058
      vertex 25.1882 0.75 25.9654
    endloop
  endfacet
  facet normal -0.92688 -0 -0.375357
    outer loop
      vertex 25.1507 0.75 26.058
      vertex 25.1882 0 25.9654
      vertex 25.1507 0 26.058
    endloop
  endfacet
  facet normal -0.944605 0 -0.32821
    outer loop
      vertex 25.3616 0 25.497
      vertex 25.3288 0.75 25.5914
      vertex 25.3616 0.75 25.497
    endloop
  endfacet
  facet normal -0.944605 -0 -0.32821
    outer loop
      vertex 25.3288 0.75 25.5914
      vertex 25.3616 0 25.497
      vertex 25.3288 0 25.5914
    endloop
  endfacet
  facet normal -0.97913 0 -0.203235
    outer loop
      vertex 25.7011 0 24.2446
      vertex 25.6808 0.75 24.3424
      vertex 25.7011 0.75 24.2446
    endloop
  endfacet
  facet normal -0.97913 -0 -0.203235
    outer loop
      vertex 25.6808 0.75 24.3424
      vertex 25.7011 0 24.2446
      vertex 25.6808 0 24.3424
    endloop
  endfacet
  facet normal -0.962463 0 -0.271413
    outer loop
      vertex 25.5385 0 24.9245
      vertex 25.5114 0.75 25.0206
      vertex 25.5385 0.75 24.9245
    endloop
  endfacet
  facet normal -0.962463 -0 -0.271413
    outer loop
      vertex 25.5114 0.75 25.0206
      vertex 25.5385 0 24.9245
      vertex 25.5114 0 25.0206
    endloop
  endfacet
  facet normal -0.965247 0 -0.261338
    outer loop
      vertex 25.5646 0 24.8281
      vertex 25.5385 0.75 24.9245
      vertex 25.5646 0.75 24.8281
    endloop
  endfacet
  facet normal -0.965247 -0 -0.261338
    outer loop
      vertex 25.5385 0.75 24.9245
      vertex 25.5646 0 24.8281
      vertex 25.5385 0 24.9245
    endloop
  endfacet
  facet normal -0.959652 0 -0.281191
    outer loop
      vertex 25.5114 0 25.0206
      vertex 25.4833 0.75 25.1165
      vertex 25.5114 0.75 25.0206
    endloop
  endfacet
  facet normal -0.959652 -0 -0.281191
    outer loop
      vertex 25.4833 0.75 25.1165
      vertex 25.5114 0 25.0206
      vertex 25.4833 0 25.1165
    endloop
  endfacet
  facet normal -0.995473 0 -0.0950452
    outer loop
      vertex 25.8596 0 23.1578
      vertex 25.8501 0.75 23.2573
      vertex 25.8596 0.75 23.1578
    endloop
  endfacet
  facet normal -0.995473 -0 -0.0950452
    outer loop
      vertex 25.8501 0.75 23.2573
      vertex 25.8596 0 23.1578
      vertex 25.8501 0 23.2573
    endloop
  endfacet
  facet normal -0.998985 0 -0.0450444
    outer loop
      vertex 25.892 0 22.6595
      vertex 25.8875 0.75 22.7593
      vertex 25.892 0.75 22.6595
    endloop
  endfacet
  facet normal -0.998985 -0 -0.0450444
    outer loop
      vertex 25.8875 0.75 22.7593
      vertex 25.892 0 22.6595
      vertex 25.8875 0 22.7593
    endloop
  endfacet
  facet normal -0.996371 0 -0.0851171
    outer loop
      vertex 25.8681 0 23.0583
      vertex 25.8596 0.75 23.1578
      vertex 25.8681 0.75 23.0583
    endloop
  endfacet
  facet normal -0.996371 -0 -0.0851171
    outer loop
      vertex 25.8596 0.75 23.1578
      vertex 25.8681 0 23.0583
      vertex 25.8596 0 23.1578
    endloop
  endfacet
  facet normal 0.697586 0 -0.716501
    outer loop
      vertex 8.89101 0 29.3926
      vertex 8.9626 0.75 29.4623
      vertex 8.9626 0 29.4623
    endloop
  endfacet
  facet normal 0.697586 0 -0.716501
    outer loop
      vertex 8.9626 0.75 29.4623
      vertex 8.89101 0 29.3926
      vertex 8.89101 0.75 29.3926
    endloop
  endfacet
  facet normal 0.675657 0 -0.737216
    outer loop
      vertex 9.10787 0 29.5994
      vertex 9.18152 0.75 29.6669
      vertex 9.18152 0 29.6669
    endloop
  endfacet
  facet normal 0.675657 0 -0.737216
    outer loop
      vertex 9.18152 0.75 29.6669
      vertex 9.10787 0 29.5994
      vertex 9.10787 0.75 29.5994
    endloop
  endfacet
  facet normal 0.645633 0 -0.763648
    outer loop
      vertex 9.40647 0 29.8649
      vertex 9.48276 0.75 29.9294
      vertex 9.48276 0 29.9294
    endloop
  endfacet
  facet normal 0.645633 0 -0.763648
    outer loop
      vertex 9.48276 0.75 29.9294
      vertex 9.40647 0 29.8649
      vertex 9.40647 0.75 29.8649
    endloop
  endfacet
  facet normal 0.637768 0 -0.770228
    outer loop
      vertex 9.48276 0 29.9294
      vertex 9.55969 0.75 29.9931
      vertex 9.55969 0 29.9931
    endloop
  endfacet
  facet normal 0.637768 0 -0.770228
    outer loop
      vertex 9.55969 0.75 29.9931
      vertex 9.48276 0 29.9294
      vertex 9.48276 0.75 29.9294
    endloop
  endfacet
  facet normal 0.582563 0 -0.812786
    outer loop
      vertex 10.0343 0 30.359
      vertex 10.1155 0.75 30.4172
      vertex 10.1155 0 30.4172
    endloop
  endfacet
  facet normal 0.582563 0 -0.812786
    outer loop
      vertex 10.1155 0.75 30.4172
      vertex 10.0343 0 30.359
      vertex 10.0343 0.75 30.359
    endloop
  endfacet
  facet normal 0.566189 0 -0.824275
    outer loop
      vertex 10.1972 0 30.4745
      vertex 10.2796 0.75 30.5311
      vertex 10.2796 0 30.5311
    endloop
  endfacet
  facet normal 0.566189 0 -0.824275
    outer loop
      vertex 10.2796 0.75 30.5311
      vertex 10.1972 0 30.4745
      vertex 10.1972 0.75 30.4745
    endloop
  endfacet
  facet normal 0.622544 0 -0.782584
    outer loop
      vertex 9.63725 0 30.056
      vertex 9.71544 0.75 30.1182
      vertex 9.71544 0 30.1182
    endloop
  endfacet
  facet normal 0.622544 0 -0.782584
    outer loop
      vertex 9.71544 0.75 30.1182
      vertex 9.63725 0 30.056
      vertex 9.63725 0.75 30.056
    endloop
  endfacet
  facet normal 0.463558 0 -0.886067
    outer loop
      vertex 11.2205 0 31.0975
      vertex 11.309 0.75 31.1438
      vertex 11.309 0 31.1438
    endloop
  endfacet
  facet normal 0.463558 0 -0.886067
    outer loop
      vertex 11.309 0.75 31.1438
      vertex 11.2205 0 31.0975
      vertex 11.2205 0.75 31.0975
    endloop
  endfacet
  facet normal 0.455199 0 -0.89039
    outer loop
      vertex 11.309 0 31.1438
      vertex 11.398 0.75 31.1893
      vertex 11.398 0 31.1893
    endloop
  endfacet
  facet normal 0.455199 0 -0.89039
    outer loop
      vertex 11.398 0.75 31.1893
      vertex 11.309 0 31.1438
      vertex 11.309 0.75 31.1438
    endloop
  endfacet
  facet normal 0.507414 0 -0.861703
    outer loop
      vertex 10.7851 0 30.8529
      vertex 10.8712 0.75 30.9036
      vertex 10.8712 0 30.9036
    endloop
  endfacet
  facet normal 0.507414 0 -0.861703
    outer loop
      vertex 10.8712 0.75 30.9036
      vertex 10.7851 0 30.8529
      vertex 10.7851 0.75 30.8529
    endloop
  endfacet
  facet normal 0.515526 0 -0.856874
    outer loop
      vertex 10.6995 0 30.8014
      vertex 10.7851 0.75 30.8529
      vertex 10.7851 0 30.8529
    endloop
  endfacet
  facet normal 0.515526 0 -0.856874
    outer loop
      vertex 10.7851 0.75 30.8529
      vertex 10.6995 0 30.8014
      vertex 10.6995 0.75 30.8014
    endloop
  endfacet
  facet normal 0.306301 0 -0.951935
    outer loop
      vertex 12.7813 0 31.7613
      vertex 12.8764 0.75 31.7919
      vertex 12.8764 0 31.7919
    endloop
  endfacet
  facet normal 0.306301 0 -0.951935
    outer loop
      vertex 12.8764 0.75 31.7919
      vertex 12.7813 0 31.7613
      vertex 12.7813 0.75 31.7613
    endloop
  endfacet
  facet normal 0.298161 0 -0.954516
    outer loop
      vertex 12.8764 0 31.7919
      vertex 12.9718 0.75 31.8217
      vertex 12.9718 0 31.8217
    endloop
  endfacet
  facet normal 0.298161 0 -0.954516
    outer loop
      vertex 12.9718 0.75 31.8217
      vertex 12.8764 0 31.7919
      vertex 12.8764 0.75 31.7919
    endloop
  endfacet
  facet normal 0.25922 0 -0.965818
    outer loop
      vertex 13.2596 0 31.9051
      vertex 13.3561 0.75 31.931
      vertex 13.3561 0 31.931
    endloop
  endfacet
  facet normal 0.25922 0 -0.965818
    outer loop
      vertex 13.3561 0.75 31.931
      vertex 13.2596 0 31.9051
      vertex 13.2596 0.75 31.9051
    endloop
  endfacet
  facet normal 0.279078 0 -0.960268
    outer loop
      vertex 13.0674 0 31.8504
      vertex 13.1634 0.75 31.8783
      vertex 13.1634 0 31.8783
    endloop
  endfacet
  facet normal 0.279078 0 -0.960268
    outer loop
      vertex 13.1634 0.75 31.8783
      vertex 13.0674 0 31.8504
      vertex 13.0674 0.75 31.8504
    endloop
  endfacet
  facet normal 0.2111 0 -0.977464
    outer loop
      vertex 13.7444 0 32.0249
      vertex 13.8421 0.75 32.046
      vertex 13.8421 0 32.046
    endloop
  endfacet
  facet normal 0.2111 0 -0.977464
    outer loop
      vertex 13.8421 0.75 32.046
      vertex 13.7444 0 32.0249
      vertex 13.7444 0.75 32.0249
    endloop
  endfacet
  facet normal 0.10208 0 -0.994776
    outer loop
      vertex 14.8282 0 32.2024
      vertex 14.9276 0.75 32.2126
      vertex 14.9276 0 32.2126
    endloop
  endfacet
  facet normal 0.10208 0 -0.994776
    outer loop
      vertex 14.9276 0.75 32.2126
      vertex 14.8282 0 32.2024
      vertex 14.8282 0.75 32.2024
    endloop
  endfacet
  facet normal 0.0920696 0 -0.995753
    outer loop
      vertex 14.9276 0 32.2126
      vertex 15.0271 0.75 32.2218
      vertex 15.0271 0 32.2218
    endloop
  endfacet
  facet normal 0.0920696 0 -0.995753
    outer loop
      vertex 15.0271 0.75 32.2218
      vertex 14.9276 0 32.2126
      vertex 14.9276 0.75 32.2126
    endloop
  endfacet
  facet normal 0.0821336 0 -0.996621
    outer loop
      vertex 15.0271 0 32.2218
      vertex 15.1266 0.75 32.23
      vertex 15.1266 0 32.23
    endloop
  endfacet
  facet normal 0.0821336 0 -0.996621
    outer loop
      vertex 15.1266 0.75 32.23
      vertex 15.0271 0 32.2218
      vertex 15.0271 0.75 32.2218
    endloop
  endfacet
  facet normal 0.0730971 0 -0.997325
    outer loop
      vertex 15.1266 0 32.23
      vertex 15.2262 0.75 32.2373
      vertex 15.2262 0 32.2373
    endloop
  endfacet
  facet normal 0.0730971 0 -0.997325
    outer loop
      vertex 15.2262 0.75 32.2373
      vertex 15.1266 0 32.23
      vertex 15.1266 0.75 32.23
    endloop
  endfacet
  facet normal 0.0430462 0 -0.999073
    outer loop
      vertex 15.4257 0 32.2487
      vertex 15.5255 0.75 32.253
      vertex 15.5255 0 32.253
    endloop
  endfacet
  facet normal 0.0430462 0 -0.999073
    outer loop
      vertex 15.5255 0.75 32.253
      vertex 15.4257 0 32.2487
      vertex 15.4257 0.75 32.2487
    endloop
  endfacet
  facet normal 0.0230169 0 -0.999735
    outer loop
      vertex 15.6253 0 32.2562
      vertex 15.7252 0.75 32.2585
      vertex 15.7252 0 32.2585
    endloop
  endfacet
  facet normal 0.0230169 0 -0.999735
    outer loop
      vertex 15.7252 0.75 32.2585
      vertex 15.6253 0 32.2562
      vertex 15.6253 0.75 32.2562
    endloop
  endfacet
  facet normal 0.758868 0 -0.651245
    outer loop
      vertex 8.34399 0 28.8103
      vertex 8.27894 0.75 28.7345
      vertex 8.34399 0.75 28.8103
    endloop
  endfacet
  facet normal 0.758868 0 -0.651245
    outer loop
      vertex 8.27894 0.75 28.7345
      vertex 8.34399 0 28.8103
      vertex 8.27894 0 28.7345
    endloop
  endfacet
  facet normal 0.745778 0 -0.666195
    outer loop
      vertex 8.47635 0 28.96
      vertex 8.4098 0.75 28.8855
      vertex 8.47635 0.75 28.96
    endloop
  endfacet
  facet normal 0.745778 0 -0.666195
    outer loop
      vertex 8.4098 0.75 28.8855
      vertex 8.47635 0 28.96
      vertex 8.4098 0 28.8855
    endloop
  endfacet
  facet normal 0.738897 0 -0.673818
    outer loop
      vertex 8.54365 0 29.0338
      vertex 8.47635 0.75 28.96
      vertex 8.54365 0.75 29.0338
    endloop
  endfacet
  facet normal 0.738897 0 -0.673818
    outer loop
      vertex 8.47635 0.75 28.96
      vertex 8.54365 0 29.0338
      vertex 8.47635 0 28.96
    endloop
  endfacet
  facet normal 0.725574 0 -0.688144
    outer loop
      vertex 8.68044 0 29.1794
      vertex 8.61168 0.75 29.1069
      vertex 8.68044 0.75 29.1794
    endloop
  endfacet
  facet normal 0.725574 0 -0.688144
    outer loop
      vertex 8.61168 0.75 29.1069
      vertex 8.68044 0 29.1794
      vertex 8.61168 0 29.1069
    endloop
  endfacet
  facet normal 0.904939 0 -0.425542
    outer loop
      vertex 6.87182 0 26.5602
      vertex 6.82931 0.75 26.4698
      vertex 6.87182 0.75 26.5602
    endloop
  endfacet
  facet normal 0.904939 0 -0.425542
    outer loop
      vertex 6.82931 0.75 26.4698
      vertex 6.87182 0 26.5602
      vertex 6.82931 0 26.4698
    endloop
  endfacet
  facet normal 0.87788 0 -0.47888
    outer loop
      vertex 7.14561 0 27.0933
      vertex 7.09777 0.75 27.0056
      vertex 7.14561 0.75 27.0933
    endloop
  endfacet
  facet normal 0.87788 0 -0.47888
    outer loop
      vertex 7.09777 0.75 27.0056
      vertex 7.14561 0 27.0933
      vertex 7.09777 0 27.0056
    endloop
  endfacet
  facet normal 0.847672 0 -0.530521
    outer loop
      vertex 7.45084 0 27.609
      vertex 7.39783 0.75 27.5243
      vertex 7.45084 0.75 27.609
    endloop
  endfacet
  facet normal 0.847672 0 -0.530521
    outer loop
      vertex 7.39783 0.75 27.5243
      vertex 7.45084 0 27.609
      vertex 7.39783 0 27.5243
    endloop
  endfacet
  facet normal 0.831187 0 -0.555994
    outer loop
      vertex 7.6149 0 27.8597
      vertex 7.55938 0.75 27.7767
      vertex 7.6149 0.75 27.8597
    endloop
  endfacet
  facet normal 0.831187 0 -0.555994
    outer loop
      vertex 7.55938 0.75 27.7767
      vertex 7.6149 0 27.8597
      vertex 7.55938 0 27.7767
    endloop
  endfacet
  facet normal 0.857978 0 -0.513686
    outer loop
      vertex 7.34567 0 27.4391
      vertex 7.29436 0.75 27.3534
      vertex 7.34567 0.75 27.4391
    endloop
  endfacet
  facet normal 0.857978 0 -0.513686
    outer loop
      vertex 7.29436 0.75 27.3534
      vertex 7.34567 0 27.4391
      vertex 7.29436 0 27.3534
    endloop
  endfacet
  facet normal 0.872984 0 -0.48775
    outer loop
      vertex 7.19433 0 27.1805
      vertex 7.14561 0.75 27.0933
      vertex 7.19433 0.75 27.1805
    endloop
  endfacet
  facet normal 0.872984 0 -0.48775
    outer loop
      vertex 7.14561 0.75 27.0933
      vertex 7.19433 0 27.1805
      vertex 7.14561 0 27.0933
    endloop
  endfacet
  facet normal 0.790209 0 -0.612838
    outer loop
      vertex 8.02639 0 28.4249
      vertex 7.9652 0.75 28.346
      vertex 8.02639 0.75 28.4249
    endloop
  endfacet
  facet normal 0.790209 0 -0.612838
    outer loop
      vertex 7.9652 0.75 28.346
      vertex 8.02639 0 28.4249
      vertex 7.9652 0 28.346
    endloop
  endfacet
  facet normal 0.921345 0 -0.388746
    outer loop
      vertex 6.70725 0 26.1962
      vertex 6.66839 0.75 26.1041
      vertex 6.70725 0.75 26.1962
    endloop
  endfacet
  facet normal 0.921345 0 -0.388746
    outer loop
      vertex 6.66839 0.75 26.1041
      vertex 6.70725 0 26.1962
      vertex 6.66839 0 26.1041
    endloop
  endfacet
  facet normal 0.942776 0 -0.333428
    outer loop
      vertex 6.48798 0 25.6384
      vertex 6.4547 0.75 25.5443
      vertex 6.48798 0.75 25.6384
    endloop
  endfacet
  facet normal 0.942776 0 -0.333428
    outer loop
      vertex 6.4547 0.75 25.5443
      vertex 6.48798 0 25.6384
      vertex 6.4547 0 25.5443
    endloop
  endfacet
  facet normal 0.928856 0 -0.370441
    outer loop
      vertex 6.63045 0 26.0117
      vertex 6.59344 0.75 25.9189
      vertex 6.63045 0.75 26.0117
    endloop
  endfacet
  facet normal 0.928856 0 -0.370441
    outer loop
      vertex 6.59344 0.75 25.9189
      vertex 6.63045 0 26.0117
      vertex 6.59344 0 25.9189
    endloop
  endfacet
  facet normal 0.966442 0 -0.256883
    outer loop
      vertex 6.24832 0 24.8763
      vertex 6.22267 0.75 24.7798
      vertex 6.24832 0.75 24.8763
    endloop
  endfacet
  facet normal 0.966442 0 -0.256883
    outer loop
      vertex 6.22267 0.75 24.7798
      vertex 6.24832 0 24.8763
      vertex 6.22267 0 24.7798
    endloop
  endfacet
  facet normal 0.998206 0 -0.0598723
    outer loop
      vertex 5.92107 0 22.9088
      vertex 5.91509 0.75 22.8091
      vertex 5.92107 0.75 22.9088
    endloop
  endfacet
  facet normal 0.998206 0 -0.0598723
    outer loop
      vertex 5.91509 0.75 22.8091
      vertex 5.92107 0 22.9088
      vertex 5.91509 0 22.8091
    endloop
  endfacet
  facet normal 0.99875 0 -0.0499876
    outer loop
      vertex 5.91509 0 22.8091
      vertex 5.9101 0.75 22.7094
      vertex 5.91509 0.75 22.8091
    endloop
  endfacet
  facet normal 0.99875 0 -0.0499876
    outer loop
      vertex 5.9101 0.75 22.7094
      vertex 5.91509 0 22.8091
      vertex 5.9101 0 22.7094
    endloop
  endfacet
  facet normal 0.99995 0 -0.0100095
    outer loop
      vertex 5.90112 0 22.4098
      vertex 5.90012 0.75 22.3099
      vertex 5.90112 0.75 22.4098
    endloop
  endfacet
  facet normal 0.99995 0 -0.0100095
    outer loop
      vertex 5.90012 0.75 22.3099
      vertex 5.90112 0 22.4098
      vertex 5.90012 0 22.3099
    endloop
  endfacet
  facet normal 0.991583 0 -0.129476
    outer loop
      vertex 5.99079 0 23.6045
      vertex 5.97785 0.75 23.5054
      vertex 5.99079 0.75 23.6045
    endloop
  endfacet
  facet normal 0.991583 0 -0.129476
    outer loop
      vertex 5.97785 0.75 23.5054
      vertex 5.99079 0 23.6045
      vertex 5.97785 0 23.5054
    endloop
  endfacet
  facet normal 0.993975 0 -0.109608
    outer loop
      vertex 5.96591 0 23.4062
      vertex 5.95496 0.75 23.3069
      vertex 5.96591 0.75 23.4062
    endloop
  endfacet
  facet normal 0.993975 0 -0.109608
    outer loop
      vertex 5.95496 0.75 23.3069
      vertex 5.96591 0 23.4062
      vertex 5.95496 0 23.3069
    endloop
  endfacet
  facet normal 0.982054 0 -0.188602
    outer loop
      vertex 6.08911 0 24.1956
      vertex 6.07027 0.75 24.0975
      vertex 6.08911 0.75 24.1956
    endloop
  endfacet
  facet normal 0.982054 0 -0.188602
    outer loop
      vertex 6.07027 0.75 24.0975
      vertex 6.08911 0 24.1956
      vertex 6.07027 0 24.0975
    endloop
  endfacet
  facet normal 0.980096 0 -0.198522
    outer loop
      vertex 6.10894 0 24.2935
      vertex 6.08911 0.75 24.1956
      vertex 6.10894 0.75 24.2935
    endloop
  endfacet
  facet normal 0.980096 0 -0.198522
    outer loop
      vertex 6.08911 0.75 24.1956
      vertex 6.10894 0 24.2935
      vertex 6.08911 0 24.1956
    endloop
  endfacet
  facet normal -0.999686 0 0.0250422
    outer loop
      vertex 25.8955 0 21.9604
      vertex 25.898 0.75 22.0602
      vertex 25.8955 0.75 21.9604
    endloop
  endfacet
  facet normal -0.999686 0 0.0250422
    outer loop
      vertex 25.898 0.75 22.0602
      vertex 25.8955 0 21.9604
      vertex 25.898 0 22.0602
    endloop
  endfacet
  facet normal -0.999887 0 0.0150133
    outer loop
      vertex 25.898 0 22.0602
      vertex 25.8995 0.75 22.1601
      vertex 25.898 0.75 22.0602
    endloop
  endfacet
  facet normal -0.999887 0 0.0150133
    outer loop
      vertex 25.8995 0.75 22.1601
      vertex 25.898 0 22.0602
      vertex 25.8995 0 22.1601
    endloop
  endfacet
  facet normal -0.997177 0 0.0750886
    outer loop
      vertex 25.8681 0 21.4617
      vertex 25.8756 0.75 21.5613
      vertex 25.8681 0.75 21.4617
    endloop
  endfacet
  facet normal -0.997177 0 0.0750886
    outer loop
      vertex 25.8756 0.75 21.5613
      vertex 25.8681 0 21.4617
      vertex 25.8756 0 21.5613
    endloop
  endfacet
  facet normal -0.998985 0 0.0450444
    outer loop
      vertex 25.8875 0 21.7607
      vertex 25.892 0.75 21.8605
      vertex 25.8875 0.75 21.7607
    endloop
  endfacet
  facet normal -0.998985 0 0.0450444
    outer loop
      vertex 25.892 0.75 21.8605
      vertex 25.8875 0 21.7607
      vertex 25.892 0 21.8605
    endloop
  endfacet
  facet normal -0.990964 0 0.13413
    outer loop
      vertex 25.8024 0 20.8661
      vertex 25.8158 0.75 20.9651
      vertex 25.8024 0.75 20.8661
    endloop
  endfacet
  facet normal -0.990964 0 0.13413
    outer loop
      vertex 25.8158 0.75 20.9651
      vertex 25.8024 0 20.8661
      vertex 25.8158 0 20.9651
    endloop
  endfacet
  facet normal -0.992262 0 0.124158
    outer loop
      vertex 25.8158 0 20.9651
      vertex 25.8282 0.75 21.0642
      vertex 25.8158 0.75 20.9651
    endloop
  endfacet
  facet normal -0.992262 0 0.124158
    outer loop
      vertex 25.8282 0.75 21.0642
      vertex 25.8158 0 20.9651
      vertex 25.8282 0 21.0642
    endloop
  endfacet
  facet normal -0.986583 0 0.163262
    outer loop
      vertex 25.7562 0 20.57
      vertex 25.7725 0.75 20.6685
      vertex 25.7562 0.75 20.57
    endloop
  endfacet
  facet normal -0.986583 0 0.163262
    outer loop
      vertex 25.7725 0.75 20.6685
      vertex 25.7562 0 20.57
      vertex 25.7725 0 20.6685
    endloop
  endfacet
  facet normal -0.937761 0 0.347282
    outer loop
      vertex 25.2603 0 18.7409
      vertex 25.295 0.75 18.8346
      vertex 25.2603 0.75 18.7409
    endloop
  endfacet
  facet normal -0.937761 0 0.347282
    outer loop
      vertex 25.295 0.75 18.8346
      vertex 25.2603 0 18.7409
      vertex 25.295 0 18.8346
    endloop
  endfacet
  facet normal -0.930873 0 0.365343
    outer loop
      vertex 25.1882 0 18.5546
      vertex 25.2247 0.75 18.6476
      vertex 25.1882 0.75 18.5546
    endloop
  endfacet
  facet normal -0.930873 0 0.365343
    outer loop
      vertex 25.2247 0.75 18.6476
      vertex 25.1882 0 18.5546
      vertex 25.2247 0 18.6476
    endloop
  endfacet
  facet normal -0.947879 0 0.318632
    outer loop
      vertex 25.3616 0 19.023
      vertex 25.3934 0.75 19.1176
      vertex 25.3616 0.75 19.023
    endloop
  endfacet
  facet normal -0.947879 0 0.318632
    outer loop
      vertex 25.3934 0.75 19.1176
      vertex 25.3616 0 19.023
      vertex 25.3934 0 19.1176
    endloop
  endfacet
  facet normal -0.944605 0 0.32821
    outer loop
      vertex 25.3288 0 18.9286
      vertex 25.3616 0.75 19.023
      vertex 25.3288 0.75 18.9286
    endloop
  endfacet
  facet normal -0.944605 0 0.32821
    outer loop
      vertex 25.3616 0.75 19.023
      vertex 25.3288 0 18.9286
      vertex 25.3616 0 19.023
    endloop
  endfacet
  facet normal -0.972677 0 0.232162
    outer loop
      vertex 25.614 0 19.8855
      vertex 25.6372 0.75 19.9827
      vertex 25.614 0.75 19.8855
    endloop
  endfacet
  facet normal -0.972677 0 0.232162
    outer loop
      vertex 25.6372 0.75 19.9827
      vertex 25.614 0 19.8855
      vertex 25.6372 0 19.9827
    endloop
  endfacet
  facet normal -0.977004 0 0.213219
    outer loop
      vertex 25.6595 0 20.08
      vertex 25.6808 0.75 20.1776
      vertex 25.6595 0.75 20.08
    endloop
  endfacet
  facet normal -0.977004 0 0.213219
    outer loop
      vertex 25.6808 0.75 20.1776
      vertex 25.6595 0 20.08
      vertex 25.6808 0 20.1776
    endloop
  endfacet
  facet normal -0.959652 0 0.281191
    outer loop
      vertex 25.4833 0 19.4035
      vertex 25.5114 0.75 19.4994
      vertex 25.4833 0.75 19.4035
    endloop
  endfacet
  facet normal -0.959652 0 0.281191
    outer loop
      vertex 25.5114 0.75 19.4994
      vertex 25.4833 0 19.4035
      vertex 25.5114 0 19.4994
    endloop
  endfacet
  facet normal -0.722446 0 0.691427
    outer loop
      vertex 23.0849 0 15.3046
      vertex 23.154 0.75 15.3768
      vertex 23.0849 0.75 15.3046
    endloop
  endfacet
  facet normal -0.722446 0 0.691427
    outer loop
      vertex 23.154 0.75 15.3768
      vertex 23.0849 0 15.3046
      vertex 23.154 0 15.3768
    endloop
  endfacet
  facet normal -0.755854 0 0.65474
    outer loop
      vertex 23.4232 0 15.672
      vertex 23.4886 0.75 15.7475
      vertex 23.4232 0.75 15.672
    endloop
  endfacet
  facet normal -0.755854 0 0.65474
    outer loop
      vertex 23.4886 0.75 15.7475
      vertex 23.4232 0 15.672
      vertex 23.4886 0 15.7475
    endloop
  endfacet
  facet normal -0.748844 0 0.662747
    outer loop
      vertex 23.357 0 15.5972
      vertex 23.4232 0.75 15.672
      vertex 23.357 0.75 15.5972
    endloop
  endfacet
  facet normal -0.748844 0 0.662747
    outer loop
      vertex 23.4232 0.75 15.672
      vertex 23.357 0 15.5972
      vertex 23.4232 0 15.672
    endloop
  endfacet
  facet normal -0.811154 0 0.584832
    outer loop
      vertex 23.9843 0 16.3741
      vertex 24.0427 0.75 16.4551
      vertex 23.9843 0.75 16.3741
    endloop
  endfacet
  facet normal -0.811154 0 0.584832
    outer loop
      vertex 24.0427 0.75 16.4551
      vertex 23.9843 0 16.3741
      vertex 24.0427 0 16.4551
    endloop
  endfacet
  facet normal -0.816968 0 0.576683
    outer loop
      vertex 24.0427 0 16.4551
      vertex 24.1003 0.75 16.5367
      vertex 24.0427 0.75 16.4551
    endloop
  endfacet
  facet normal -0.816968 0 0.576683
    outer loop
      vertex 24.1003 0.75 16.5367
      vertex 24.0427 0 16.4551
      vertex 24.1003 0 16.5367
    endloop
  endfacet
  facet normal -0.781357 0 0.624084
    outer loop
      vertex 23.6804 0 15.9778
      vertex 23.7427 0.75 16.0558
      vertex 23.6804 0.75 15.9778
    endloop
  endfacet
  facet normal -0.781357 0 0.624084
    outer loop
      vertex 23.7427 0.75 16.0558
      vertex 23.6804 0 15.9778
      vertex 23.7427 0 16.0558
    endloop
  endfacet
  facet normal -0.850073 0 0.526665
    outer loop
      vertex 24.3758 0 16.9533
      vertex 24.4284 0.75 17.0382
      vertex 24.3758 0.75 16.9533
    endloop
  endfacet
  facet normal -0.850073 0 0.526665
    outer loop
      vertex 24.4284 0.75 17.0382
      vertex 24.3758 0 16.9533
      vertex 24.4284 0 17.0382
    endloop
  endfacet
  facet normal -0.855722 0 0.517436
    outer loop
      vertex 24.4284 0 17.0382
      vertex 24.4801 0.75 17.1237
      vertex 24.4284 0.75 17.0382
    endloop
  endfacet
  facet normal -0.855722 0 0.517436
    outer loop
      vertex 24.4801 0.75 17.1237
      vertex 24.4284 0 17.0382
      vertex 24.4801 0 17.1237
    endloop
  endfacet
  facet normal -0.839973 0 0.542628
    outer loop
      vertex 24.2681 0 16.785
      vertex 24.3223 0.75 16.8689
      vertex 24.2681 0.75 16.785
    endloop
  endfacet
  facet normal -0.839973 0 0.542628
    outer loop
      vertex 24.3223 0.75 16.8689
      vertex 24.2681 0 16.785
      vertex 24.3223 0 16.8689
    endloop
  endfacet
  facet normal -0.870637 0 0.491925
    outer loop
      vertex 24.581 0 17.2961
      vertex 24.6301 0.75 17.383
      vertex 24.581 0.75 17.2961
    endloop
  endfacet
  facet normal -0.870637 0 0.491925
    outer loop
      vertex 24.6301 0.75 17.383
      vertex 24.581 0 17.2961
      vertex 24.6301 0 17.383
    endloop
  endfacet
  facet normal -0.865769 0 0.500444
    outer loop
      vertex 24.531 0 17.2096
      vertex 24.581 0.75 17.2961
      vertex 24.531 0.75 17.2096
    endloop
  endfacet
  facet normal -0.865769 0 0.500444
    outer loop
      vertex 24.581 0.75 17.2961
      vertex 24.531 0 17.2096
      vertex 24.581 0 17.2961
    endloop
  endfacet
  facet normal -0.911528 0 0.411238
    outer loop
      vertex 24.9916 0 18.0955
      vertex 25.0327 0.75 18.1866
      vertex 24.9916 0.75 18.0955
    endloop
  endfacet
  facet normal -0.911528 0 0.411238
    outer loop
      vertex 25.0327 0.75 18.1866
      vertex 24.9916 0 18.0955
      vertex 25.0327 0 18.1866
    endloop
  endfacet
  facet normal -0.894227 0 0.447614
    outer loop
      vertex 24.818 0 17.7357
      vertex 24.8627 0.75 17.825
      vertex 24.818 0.75 17.7357
    endloop
  endfacet
  facet normal -0.894227 0 0.447614
    outer loop
      vertex 24.8627 0.75 17.825
      vertex 24.818 0 17.7357
      vertex 24.8627 0 17.825
    endloop
  endfacet
  facet normal -0.8982 0 0.439587
    outer loop
      vertex 24.8627 0 17.825
      vertex 24.9066 0.75 17.9147
      vertex 24.8627 0.75 17.825
    endloop
  endfacet
  facet normal -0.8982 0 0.439587
    outer loop
      vertex 24.9066 0.75 17.9147
      vertex 24.8627 0 17.825
      vertex 24.9066 0 17.9147
    endloop
  endfacet
  facet normal -0.321328 0 0.946968
    outer loop
      vertex 19.0661 0.75 12.7744
      vertex 19.1607 0 12.8065
      vertex 19.1607 0.75 12.8065
    endloop
  endfacet
  facet normal -0.321328 0 0.946968
    outer loop
      vertex 19.1607 0 12.8065
      vertex 19.0661 0.75 12.7744
      vertex 19.0661 0 12.7744
    endloop
  endfacet
  facet normal -0.311417 0 0.950273
    outer loop
      vertex 18.9712 0.75 12.7433
      vertex 19.0661 0 12.7744
      vertex 19.0661 0.75 12.7744
    endloop
  endfacet
  facet normal -0.311417 0 0.950273
    outer loop
      vertex 19.0661 0 12.7744
      vertex 18.9712 0.75 12.7433
      vertex 18.9712 0 12.7433
    endloop
  endfacet
  facet normal -0.293312 0 0.956017
    outer loop
      vertex 18.7804 0.75 12.6838
      vertex 18.8759 0 12.7131
      vertex 18.8759 0.75 12.7131
    endloop
  endfacet
  facet normal -0.293312 0 0.956017
    outer loop
      vertex 18.8759 0 12.7131
      vertex 18.7804 0.75 12.6838
      vertex 18.7804 0 12.6838
    endloop
  endfacet
  facet normal -0.264133 0 0.964486
    outer loop
      vertex 18.4922 0.75 12.6018
      vertex 18.5886 0 12.6282
      vertex 18.5886 0.75 12.6282
    endloop
  endfacet
  facet normal -0.264133 0 0.964486
    outer loop
      vertex 18.5886 0 12.6282
      vertex 18.4922 0.75 12.6018
      vertex 18.4922 0 12.6018
    endloop
  endfacet
  facet normal -0.27353 0 0.961863
    outer loop
      vertex 18.5886 0.75 12.6282
      vertex 18.6846 0 12.6555
      vertex 18.6846 0.75 12.6555
    endloop
  endfacet
  facet normal -0.27353 0 0.961863
    outer loop
      vertex 18.6846 0 12.6555
      vertex 18.5886 0.75 12.6282
      vertex 18.5886 0 12.6282
    endloop
  endfacet
  facet normal -0.235228 0 0.97194
    outer loop
      vertex 18.2017 0.75 12.5285
      vertex 18.2988 0 12.552
      vertex 18.2988 0.75 12.552
    endloop
  endfacet
  facet normal -0.235228 0 0.97194
    outer loop
      vertex 18.2988 0 12.552
      vertex 18.2017 0.75 12.5285
      vertex 18.2017 0 12.5285
    endloop
  endfacet
  facet normal -0.216294 0 0.976328
    outer loop
      vertex 18.0068 0.75 12.4844
      vertex 18.1043 0 12.506
      vertex 18.1043 0.75 12.506
    endloop
  endfacet
  facet normal -0.216294 0 0.976328
    outer loop
      vertex 18.1043 0 12.506
      vertex 18.0068 0.75 12.4844
      vertex 18.0068 0 12.4844
    endloop
  endfacet
  facet normal -0.205153 0 0.97873
    outer loop
      vertex 17.909 0.75 12.4639
      vertex 18.0068 0 12.4844
      vertex 18.0068 0.75 12.4844
    endloop
  endfacet
  facet normal -0.205153 0 0.97873
    outer loop
      vertex 18.0068 0 12.4844
      vertex 17.909 0.75 12.4639
      vertex 17.909 0 12.4639
    endloop
  endfacet
  facet normal -0.176241 0 0.984347
    outer loop
      vertex 17.6146 0.75 12.4081
      vertex 17.7129 0 12.4257
      vertex 17.7129 0.75 12.4257
    endloop
  endfacet
  facet normal -0.176241 0 0.984347
    outer loop
      vertex 17.7129 0 12.4257
      vertex 17.6146 0.75 12.4081
      vertex 17.6146 0 12.4081
    endloop
  endfacet
  facet normal -0.0370487 0 0.999313
    outer loop
      vertex 16.2246 0.75 12.2653
      vertex 16.3244 0 12.269
      vertex 16.3244 0.75 12.269
    endloop
  endfacet
  facet normal -0.0370487 0 0.999313
    outer loop
      vertex 16.3244 0 12.269
      vertex 16.2246 0.75 12.2653
      vertex 16.2246 0 12.2653
    endloop
  endfacet
  facet normal -0.028017 0 0.999607
    outer loop
      vertex 16.1247 0.75 12.2625
      vertex 16.2246 0 12.2653
      vertex 16.2246 0.75 12.2653
    endloop
  endfacet
  facet normal -0.028017 0 0.999607
    outer loop
      vertex 16.2246 0 12.2653
      vertex 16.1247 0.75 12.2625
      vertex 16.1247 0 12.2625
    endloop
  endfacet
  facet normal -0.0670504 0 0.99775
    outer loop
      vertex 16.5239 0.75 12.2795
      vertex 16.6236 0 12.2862
      vertex 16.6236 0.75 12.2862
    endloop
  endfacet
  facet normal -0.0670504 0 0.99775
    outer loop
      vertex 16.6236 0 12.2862
      vertex 16.5239 0.75 12.2795
      vertex 16.5239 0 12.2795
    endloop
  endfacet
  facet normal -0.0580763 0 0.998312
    outer loop
      vertex 16.4242 0.75 12.2737
      vertex 16.5239 0 12.2795
      vertex 16.5239 0.75 12.2795
    endloop
  endfacet
  facet normal -0.0580763 0 0.998312
    outer loop
      vertex 16.5239 0 12.2795
      vertex 16.4242 0.75 12.2737
      vertex 16.4242 0 12.2737
    endloop
  endfacet
  facet normal -0.413275 0 0.910606
    outer loop
      vertex 19.9962 0.75 13.1375
      vertex 20.0872 0 13.1788
      vertex 20.0872 0.75 13.1788
    endloop
  endfacet
  facet normal -0.413275 0 0.910606
    outer loop
      vertex 20.0872 0 13.1788
      vertex 19.9962 0.75 13.1375
      vertex 19.9962 0 13.1375
    endloop
  endfacet
  facet normal -0.449615 0 0.893222
    outer loop
      vertex 20.3574 0.75 13.3084
      vertex 20.4466 0 13.3533
      vertex 20.4466 0.75 13.3533
    endloop
  endfacet
  facet normal -0.449615 0 0.893222
    outer loop
      vertex 20.4466 0 13.3533
      vertex 20.3574 0.75 13.3084
      vertex 20.3574 0 13.3084
    endloop
  endfacet
  facet normal -0.441201 0 0.897408
    outer loop
      vertex 20.2677 0.75 13.2643
      vertex 20.3574 0 13.3084
      vertex 20.3574 0.75 13.3084
    endloop
  endfacet
  facet normal -0.441201 0 0.897408
    outer loop
      vertex 20.3574 0 13.3084
      vertex 20.2677 0.75 13.2643
      vertex 20.2677 0 13.2643
    endloop
  endfacet
  facet normal -0.570771 0 0.821109
    outer loop
      vertex 21.5617 0.75 14.0171
      vertex 21.6437 0 14.0741
      vertex 21.6437 0.75 14.0741
    endloop
  endfacet
  facet normal -0.570771 0 0.821109
    outer loop
      vertex 21.6437 0 14.0741
      vertex 21.5617 0.75 14.0171
      vertex 21.5617 0 14.0171
    endloop
  endfacet
  facet normal -0.586623 0 0.80986
    outer loop
      vertex 21.7252 0.75 14.1318
      vertex 21.8061 0 14.1904
      vertex 21.8061 0.75 14.1904
    endloop
  endfacet
  facet normal -0.586623 0 0.80986
    outer loop
      vertex 21.8061 0 14.1904
      vertex 21.7252 0.75 14.1318
      vertex 21.7252 0 14.1318
    endloop
  endfacet
  facet normal -0.562064 0 0.827094
    outer loop
      vertex 21.479 0.75 13.9609
      vertex 21.5617 0 14.0171
      vertex 21.5617 0.75 14.0171
    endloop
  endfacet
  facet normal -0.562064 0 0.827094
    outer loop
      vertex 21.5617 0 14.0171
      vertex 21.479 0.75 13.9609
      vertex 21.479 0 13.9609
    endloop
  endfacet
  facet normal -0.60272 0 0.797953
    outer loop
      vertex 21.8864 0.75 14.2498
      vertex 21.9661 0 14.31
      vertex 21.9661 0.75 14.31
    endloop
  endfacet
  facet normal -0.60272 0 0.797953
    outer loop
      vertex 21.9661 0 14.31
      vertex 21.8864 0.75 14.2498
      vertex 21.8864 0 14.2498
    endloop
  endfacet
  facet normal -0.679028 0 0.734112
    outer loop
      vertex 22.6554 0.75 14.8868
      vertex 22.7287 0 14.9546
      vertex 22.7287 0.75 14.9546
    endloop
  endfacet
  facet normal -0.679028 0 0.734112
    outer loop
      vertex 22.7287 0 14.9546
      vertex 22.6554 0.75 14.8868
      vertex 22.6554 0 14.8868
    endloop
  endfacet
  facet normal -0.663804 0 0.747906
    outer loop
      vertex 22.5067 0.75 14.7533
      vertex 22.5814 0 14.8196
      vertex 22.5814 0.75 14.8196
    endloop
  endfacet
  facet normal -0.663804 0 0.747906
    outer loop
      vertex 22.5814 0 14.8196
      vertex 22.5067 0.75 14.7533
      vertex 22.5067 0 14.7533
    endloop
  endfacet
  facet normal 0.725574 -0 0.688144
    outer loop
      vertex 8.61168 0 15.4131
      vertex 8.68044 0.75 15.3406
      vertex 8.61168 0.75 15.4131
    endloop
  endfacet
  facet normal 0.725574 0 0.688144
    outer loop
      vertex 8.68044 0.75 15.3406
      vertex 8.61168 0 15.4131
      vertex 8.68044 0 15.3406
    endloop
  endfacet
  facet normal 0.771803 -0 0.635862
    outer loop
      vertex 8.15112 0 15.939
      vertex 8.21464 0.75 15.8619
      vertex 8.15112 0.75 15.939
    endloop
  endfacet
  facet normal 0.771803 0 0.635862
    outer loop
      vertex 8.21464 0.75 15.8619
      vertex 8.15112 0 15.939
      vertex 8.21464 0 15.8619
    endloop
  endfacet
  facet normal 0.808264 -0 0.588821
    outer loop
      vertex 7.78641 0 16.4145
      vertex 7.8452 0.75 16.3338
      vertex 7.78641 0.75 16.4145
    endloop
  endfacet
  facet normal 0.808264 0 0.588821
    outer loop
      vertex 7.8452 0.75 16.3338
      vertex 7.78641 0 16.4145
      vertex 7.8452 0 16.3338
    endloop
  endfacet
  facet normal 0.819984 -0 0.572387
    outer loop
      vertex 7.67125 0 16.5778
      vertex 7.72842 0.75 16.4959
      vertex 7.67125 0.75 16.5778
    endloop
  endfacet
  facet normal 0.819984 0 0.572387
    outer loop
      vertex 7.72842 0.75 16.4959
      vertex 7.67125 0 16.5778
      vertex 7.72842 0 16.4959
    endloop
  endfacet
  facet normal 0.814456 -0 0.580225
    outer loop
      vertex 7.72842 0 16.4959
      vertex 7.78641 0.75 16.4145
      vertex 7.72842 0.75 16.4959
    endloop
  endfacet
  facet normal 0.814456 0 0.580225
    outer loop
      vertex 7.78641 0.75 16.4145
      vertex 7.72842 0 16.4959
      vertex 7.78641 0 16.4145
    endloop
  endfacet
  facet normal 0.825761 -0 0.56402
    outer loop
      vertex 7.6149 0 16.6603
      vertex 7.67125 0.75 16.5778
      vertex 7.6149 0.75 16.6603
    endloop
  endfacet
  facet normal 0.825761 0 0.56402
    outer loop
      vertex 7.67125 0.75 16.5778
      vertex 7.6149 0 16.6603
      vertex 7.67125 0 16.5778
    endloop
  endfacet
  facet normal 0.921345 -0 0.388746
    outer loop
      vertex 6.66839 0 18.4159
      vertex 6.70725 0.75 18.3238
      vertex 6.66839 0.75 18.4159
    endloop
  endfacet
  facet normal 0.921345 0 0.388746
    outer loop
      vertex 6.70725 0.75 18.3238
      vertex 6.66839 0 18.4159
      vertex 6.70725 0 18.3238
    endloop
  endfacet
  facet normal 0.89185 -0 0.452331
    outer loop
      vertex 6.95953 0 17.7803
      vertex 7.00472 0.75 17.6912
      vertex 6.95953 0.75 17.7803
    endloop
  endfacet
  facet normal 0.89185 0 0.452331
    outer loop
      vertex 7.00472 0.75 17.6912
      vertex 6.95953 0 17.7803
      vertex 7.00472 0 17.6912
    endloop
  endfacet
  facet normal 0.868083 -0 0.496419
    outer loop
      vertex 7.19433 0 17.3395
      vertex 7.24391 0.75 17.2528
      vertex 7.19433 0.75 17.3395
    endloop
  endfacet
  facet normal 0.868083 0 0.496419
    outer loop
      vertex 7.24391 0.75 17.2528
      vertex 7.19433 0 17.3395
      vertex 7.24391 0 17.2528
    endloop
  endfacet
  facet normal 0.863052 -0 0.505116
    outer loop
      vertex 7.24391 0 17.2528
      vertex 7.29436 0.75 17.1666
      vertex 7.24391 0.75 17.2528
    endloop
  endfacet
  facet normal 0.863052 0 0.505116
    outer loop
      vertex 7.29436 0.75 17.1666
      vertex 7.24391 0 17.2528
      vertex 7.29436 0 17.1666
    endloop
  endfacet
  facet normal 0.932395 -0 0.361441
    outer loop
      vertex 6.55735 0 18.6942
      vertex 6.59344 0.75 18.6011
      vertex 6.55735 0.75 18.6942
    endloop
  endfacet
  facet normal 0.932395 0 0.361441
    outer loop
      vertex 6.59344 0.75 18.6011
      vertex 6.55735 0 18.6942
      vertex 6.59344 0 18.6011
    endloop
  endfacet
  facet normal 0.942887 -0 0.333113
    outer loop
      vertex 6.4547 0 18.9757
      vertex 6.48798 0.75 18.8815
      vertex 6.4547 0.75 18.9757
    endloop
  endfacet
  facet normal 0.942887 0 0.333113
    outer loop
      vertex 6.48798 0.75 18.8815
      vertex 6.4547 0 18.9757
      vertex 6.48798 0 18.8815
    endloop
  endfacet
  facet normal 0.949411 -0 0.314036
    outer loop
      vertex 6.39098 0 19.1651
      vertex 6.42237 0.75 19.0702
      vertex 6.39098 0.75 19.1651
    endloop
  endfacet
  facet normal 0.949411 0 0.314036
    outer loop
      vertex 6.42237 0.75 19.0702
      vertex 6.39098 0 19.1651
      vertex 6.42237 0 19.0702
    endloop
  endfacet
  facet normal 0.952401 -0 0.304848
    outer loop
      vertex 6.36054 0 19.2602
      vertex 6.39098 0.75 19.1651
      vertex 6.36054 0.75 19.2602
    endloop
  endfacet
  facet normal 0.952401 0 0.304848
    outer loop
      vertex 6.39098 0.75 19.1651
      vertex 6.36054 0 19.2602
      vertex 6.39098 0 19.1651
    endloop
  endfacet
  facet normal 0.961122 -0 0.276122
    outer loop
      vertex 6.27494 0 19.5474
      vertex 6.30252 0.75 19.4514
      vertex 6.27494 0.75 19.5474
    endloop
  endfacet
  facet normal 0.961122 0 0.276122
    outer loop
      vertex 6.30252 0.75 19.4514
      vertex 6.27494 0 19.5474
      vertex 6.30252 0 19.4514
    endloop
  endfacet
  facet normal 0.980096 -0 0.198522
    outer loop
      vertex 6.08911 0 20.3244
      vertex 6.10894 0.75 20.2265
      vertex 6.08911 0.75 20.3244
    endloop
  endfacet
  facet normal 0.980096 0 0.198522
    outer loop
      vertex 6.10894 0.75 20.2265
      vertex 6.08911 0 20.3244
      vertex 6.10894 0 20.2265
    endloop
  endfacet
  facet normal 0.97808 -0 0.20823
    outer loop
      vertex 6.10894 0 20.2265
      vertex 6.12974 0.75 20.1288
      vertex 6.10894 0.75 20.2265
    endloop
  endfacet
  facet normal 0.97808 0 0.20823
    outer loop
      vertex 6.12974 0.75 20.1288
      vertex 6.10894 0 20.2265
      vertex 6.12974 0 20.1288
    endloop
  endfacet
  facet normal 0.983875 -0 0.178859
    outer loop
      vertex 6.0524 0 20.5208
      vertex 6.07027 0.75 20.4225
      vertex 6.0524 0.75 20.5208
    endloop
  endfacet
  facet normal 0.983875 0 0.178859
    outer loop
      vertex 6.07027 0.75 20.4225
      vertex 6.0524 0 20.5208
      vertex 6.07027 0 20.4225
    endloop
  endfacet
  facet normal 0.99995 -0 0.0100095
    outer loop
      vertex 5.90012 0 22.2101
      vertex 5.90112 0.75 22.1102
      vertex 5.90012 0.75 22.2101
    endloop
  endfacet
  facet normal 0.99995 0 0.0100095
    outer loop
      vertex 5.90112 0.75 22.1102
      vertex 5.90012 0 22.2101
      vertex 5.90112 0 22.1102
    endloop
  endfacet
  facet normal 0 -1 -0
    outer loop
      vertex 15.8251 0.75 32.2597
      vertex 15.7501 0.75 31.2588
      vertex 15.85 0.75 31.2599
    endloop
  endfacet
  facet normal 0 -1 0
    outer loop
      vertex 11.6675 0.75 31.3201
      vertex 15.6503 0.75 31.2565
      vertex 15.7501 0.75 31.2588
    endloop
  endfacet
  facet normal 0 -1 0
    outer loop
      vertex 11.6675 0.75 31.3201
      vertex 15.5504 0.75 31.2532
      vertex 15.6503 0.75 31.2565
    endloop
  endfacet
  facet normal 0 -1 0
    outer loop
      vertex 11.6675 0.75 31.3201
      vertex 15.4506 0.75 31.2488
      vertex 15.5504 0.75 31.2532
    endloop
  endfacet
  facet normal 0 -1 0
    outer loop
      vertex 11.6675 0.75 31.3201
      vertex 15.3508 0.75 31.2432
      vertex 15.4506 0.75 31.2488
    endloop
  endfacet
  facet normal 0 -1 0
    outer loop
      vertex 11.6675 0.75 31.3201
      vertex 15.2512 0.75 31.2366
      vertex 15.3508 0.75 31.2432
    endloop
  endfacet
  facet normal 0 -1 0
    outer loop
      vertex 11.9886 0.75 30.3656
      vertex 11.5772 0.75 31.2774
      vertex 11.4874 0.75 31.2338
    endloop
  endfacet
  facet normal 0 -1 0
    outer loop
      vertex 11.6675 0.75 31.3201
      vertex 15.1515 0.75 31.2288
      vertex 15.2512 0.75 31.2366
    endloop
  endfacet
  facet normal 0 -1 0
    outer loop
      vertex 11.6675 0.75 31.3201
      vertex 15.052 0.75 31.22
      vertex 15.1515 0.75 31.2288
    endloop
  endfacet
  facet normal 0 -1 0
    outer loop
      vertex 11.6675 0.75 31.3201
      vertex 14.9526 0.75 31.21
      vertex 15.052 0.75 31.22
    endloop
  endfacet
  facet normal 0 -1 0
    outer loop
      vertex 11.6675 0.75 31.3201
      vertex 14.8533 0.75 31.1989
      vertex 14.9526 0.75 31.21
    endloop
  endfacet
  facet normal 0 -1 0
    outer loop
      vertex 11.8989 0.75 30.3217
      vertex 11.4874 0.75 31.2338
      vertex 11.398 0.75 31.1893
    endloop
  endfacet
  facet normal 0 -1 0
    outer loop
      vertex 11.6675 0.75 31.3201
      vertex 14.7542 0.75 31.1868
      vertex 14.8533 0.75 31.1989
    endloop
  endfacet
  facet normal 0 -1 0
    outer loop
      vertex 11.6675 0.75 31.3201
      vertex 14.6551 0.75 31.1735
      vertex 14.7542 0.75 31.1868
    endloop
  endfacet
  facet normal 0 -1 0
    outer loop
      vertex 11.6675 0.75 31.3201
      vertex 14.5563 0.75 31.1591
      vertex 14.6551 0.75 31.1735
    endloop
  endfacet
  facet normal 0 -1 0
    outer loop
      vertex 11.8096 0.75 30.2768
      vertex 11.398 0.75 31.1893
      vertex 11.309 0.75 31.1438
    endloop
  endfacet
  facet normal 0 -1 0
    outer loop
      vertex 11.6675 0.75 31.3201
      vertex 14.4576 0.75 31.1437
      vertex 14.5563 0.75 31.1591
    endloop
  endfacet
  facet normal 0 -1 0
    outer loop
      vertex 11.6675 0.75 31.3201
      vertex 14.359 0.75 31.1271
      vertex 14.4576 0.75 31.1437
    endloop
  endfacet
  facet normal 0 -1 0
    outer loop
      vertex 11.6675 0.75 31.3201
      vertex 14.2607 0.75 31.1094
      vertex 14.359 0.75 31.1271
    endloop
  endfacet
  facet normal 0 -1 0
    outer loop
      vertex 11.7209 0.75 30.2309
      vertex 11.309 0.75 31.1438
      vertex 11.2205 0.75 31.0975
    endloop
  endfacet
  facet normal 0 -1 0
    outer loop
      vertex 11.6675 0.75 31.3201
      vertex 14.1626 0.75 31.0907
      vertex 14.2607 0.75 31.1094
    endloop
  endfacet
  facet normal 0 -1 0
    outer loop
      vertex 11.6675 0.75 31.3201
      vertex 14.0646 0.75 31.0709
      vertex 14.1626 0.75 31.0907
    endloop
  endfacet
  facet normal 0 -1 0
    outer loop
      vertex 11.6327 0.75 30.184
      vertex 11.2205 0.75 31.0975
      vertex 11.1324 0.75 31.0504
    endloop
  endfacet
  facet normal 0 -1 0
    outer loop
      vertex 11.6675 0.75 31.3201
      vertex 13.9669 0.75 31.05
      vertex 14.0646 0.75 31.0709
    endloop
  endfacet
  facet normal 0 -1 0
    outer loop
      vertex 11.6675 0.75 31.3201
      vertex 13.8695 0.75 31.028
      vertex 13.9669 0.75 31.05
    endloop
  endfacet
  facet normal 0 -1 0
    outer loop
      vertex 11.6675 0.75 31.3201
      vertex 13.7723 0.75 31.0049
      vertex 13.8695 0.75 31.028
    endloop
  endfacet
  facet normal 0 -1 0
    outer loop
      vertex 11.545 0.75 30.1361
      vertex 11.1324 0.75 31.0504
      vertex 11.0449 0.75 31.0023
    endloop
  endfacet
  facet normal 0 -1 0
    outer loop
      vertex 11.6675 0.75 31.3201
      vertex 13.6753 0.75 30.9807
      vertex 13.7723 0.75 31.0049
    endloop
  endfacet
  facet normal 0 -1 0
    outer loop
      vertex 11.6675 0.75 31.3201
      vertex 13.5787 0.75 30.9555
      vertex 13.6753 0.75 30.9807
    endloop
  endfacet
  facet normal 0 -1 0
    outer loop
      vertex 11.4578 0.75 30.0873
      vertex 11.0449 0.75 31.0023
      vertex 10.9578 0.75 30.9534
    endloop
  endfacet
  facet normal 0 -1 0
    outer loop
      vertex 11.6675 0.75 31.3201
      vertex 13.4823 0.75 30.9292
      vertex 13.5787 0.75 30.9555
    endloop
  endfacet
  facet normal 0 -1 0
    outer loop
      vertex 11.4578 0.75 30.0873
      vertex 10.9578 0.75 30.9534
      vertex 10.8712 0.75 30.9036
    endloop
  endfacet
  facet normal 0 -1 0
    outer loop
      vertex 11.6675 0.75 31.3201
      vertex 13.3862 0.75 30.9018
      vertex 13.4823 0.75 30.9292
    endloop
  endfacet
  facet normal 0 -1 0
    outer loop
      vertex 11.6675 0.75 31.3201
      vertex 13.2904 0.75 30.8734
      vertex 13.3862 0.75 30.9018
    endloop
  endfacet
  facet normal 0 -1 0
    outer loop
      vertex 11.3712 0.75 30.0375
      vertex 10.8712 0.75 30.9036
      vertex 10.7851 0.75 30.8529
    endloop
  endfacet
  facet normal 0 -1 0
    outer loop
      vertex 11.6675 0.75 31.3201
      vertex 13.195 0.75 30.8439
      vertex 13.2904 0.75 30.8734
    endloop
  endfacet
  facet normal 0 -1 0
    outer loop
      vertex 11.6675 0.75 31.3201
      vertex 13.0998 0.75 30.8133
      vertex 13.195 0.75 30.8439
    endloop
  endfacet
  facet normal 0 -1 0
    outer loop
      vertex 11.2851 0.75 29.9868
      vertex 10.7851 0.75 30.8529
      vertex 10.6995 0.75 30.8014
    endloop
  endfacet
  facet normal 0 -1 0
    outer loop
      vertex 11.6675 0.75 31.3201
      vertex 13.0051 0.75 30.7817
      vertex 13.0998 0.75 30.8133
    endloop
  endfacet
  facet normal 0 -1 0
    outer loop
      vertex 11.6675 0.75 31.3201
      vertex 12.9107 0.75 30.749
      vertex 13.0051 0.75 30.7817
    endloop
  endfacet
  facet normal 0 -1 0
    outer loop
      vertex 11.1996 0.75 29.9351
      vertex 10.6995 0.75 30.8014
      vertex 10.6145 0.75 30.749
    endloop
  endfacet
  facet normal 0 -1 0
    outer loop
      vertex 11.6675 0.75 31.3201
      vertex 12.8166 0.75 30.7153
      vertex 12.9107 0.75 30.749
    endloop
  endfacet
  facet normal 0 -1 0
    outer loop
      vertex 11.1147 0.75 29.8824
      vertex 10.6145 0.75 30.749
      vertex 10.5299 0.75 30.6958
    endloop
  endfacet
  facet normal 0 -1 0
    outer loop
      vertex 11.6675 0.75 31.3201
      vertex 12.7229 0.75 30.6806
      vertex 12.8166 0.75 30.7153
    endloop
  endfacet
  facet normal 0 -1 0
    outer loop
      vertex 11.6675 0.75 31.3201
      vertex 12.6297 0.75 30.6448
      vertex 12.7229 0.75 30.6806
    endloop
  endfacet
  facet normal 0 -1 0
    outer loop
      vertex 11.0304 0.75 29.8288
      vertex 10.5299 0.75 30.6958
      vertex 10.4459 0.75 30.6417
    endloop
  endfacet
  facet normal 0 -1 0
    outer loop
      vertex 11.6675 0.75 31.3201
      vertex 12.5368 0.75 30.608
      vertex 12.6297 0.75 30.6448
    endloop
  endfacet
  facet normal 0 -1 0
    outer loop
      vertex 10.9467 0.75 29.7743
      vertex 10.4459 0.75 30.6417
      vertex 10.3625 0.75 30.5868
    endloop
  endfacet
  facet normal 0 -1 0
    outer loop
      vertex 11.6675 0.75 31.3201
      vertex 12.4443 0.75 30.5701
      vertex 12.5368 0.75 30.608
    endloop
  endfacet
  facet normal 0 -1 0
    outer loop
      vertex 11.6675 0.75 31.3201
      vertex 12.3523 0.75 30.5313
      vertex 12.4443 0.75 30.5701
    endloop
  endfacet
  facet normal 0 -1 0
    outer loop
      vertex 10.8636 0.75 29.7189
      vertex 10.3625 0.75 30.5868
      vertex 10.2796 0.75 30.5311
    endloop
  endfacet
  facet normal 0 -1 0
    outer loop
      vertex 11.6675 0.75 31.3201
      vertex 12.2607 0.75 30.4914
      vertex 12.3523 0.75 30.5313
    endloop
  endfacet
  facet normal 0 -1 0
    outer loop
      vertex 10.7811 0.75 29.6625
      vertex 10.2796 0.75 30.5311
      vertex 10.1972 0.75 30.4745
    endloop
  endfacet
  facet normal 0 -1 0
    outer loop
      vertex 11.6675 0.75 31.3201
      vertex 12.1695 0.75 30.4505
      vertex 12.2607 0.75 30.4914
    endloop
  endfacet
  facet normal 0 -1 0
    outer loop
      vertex 10.6992 0.75 29.6052
      vertex 10.1972 0.75 30.4745
      vertex 10.1155 0.75 30.4172
    endloop
  endfacet
  facet normal 0 -1 0
    outer loop
      vertex 11.6675 0.75 31.3201
      vertex 12.0788 0.75 30.4085
      vertex 12.1695 0.75 30.4505
    endloop
  endfacet
  facet normal 0 -1 0
    outer loop
      vertex 11.5772 0.75 31.2774
      vertex 11.9886 0.75 30.3656
      vertex 12.0788 0.75 30.4085
    endloop
  endfacet
  facet normal 0 -1 0
    outer loop
      vertex 10.6992 0.75 29.6052
      vertex 10.1155 0.75 30.4172
      vertex 10.0343 0.75 30.359
    endloop
  endfacet
  facet normal 0 -1 0
    outer loop
      vertex 11.4874 0.75 31.2338
      vertex 11.8989 0.75 30.3217
      vertex 11.9886 0.75 30.3656
    endloop
  endfacet
  facet normal 0 -1 0
    outer loop
      vertex 10.618 0.75 29.547
      vertex 10.0343 0.75 30.359
      vertex 9.95367 0.75 30.3
    endloop
  endfacet
  facet normal 0 -1 0
    outer loop
      vertex 11.398 0.75 31.1893
      vertex 11.8096 0.75 30.2768
      vertex 11.8989 0.75 30.3217
    endloop
  endfacet
  facet normal 0 -1 0
    outer loop
      vertex 10.5375 0.75 29.4879
      vertex 9.95367 0.75 30.3
      vertex 9.87365 0.75 30.2402
    endloop
  endfacet
  facet normal 0 -1 0
    outer loop
      vertex 11.309 0.75 31.1438
      vertex 11.7209 0.75 30.2309
      vertex 11.8096 0.75 30.2768
    endloop
  endfacet
  facet normal 0 -1 0
    outer loop
      vertex 11.2205 0.75 31.0975
      vertex 11.6327 0.75 30.184
      vertex 11.7209 0.75 30.2309
    endloop
  endfacet
  facet normal 0 -1 0
    outer loop
      vertex 10.4575 0.75 29.428
      vertex 9.87365 0.75 30.2402
      vertex 9.79424 0.75 30.1796
    endloop
  endfacet
  facet normal 0 -1 0
    outer loop
      vertex 11.1324 0.75 31.0504
      vertex 11.545 0.75 30.1361
      vertex 11.6327 0.75 30.184
    endloop
  endfacet
  facet normal 0 -1 0
    outer loop
      vertex 10.3783 0.75 29.3671
      vertex 9.79424 0.75 30.1796
      vertex 9.71544 0.75 30.1182
    endloop
  endfacet
  facet normal 0 -1 0
    outer loop
      vertex 11.0449 0.75 31.0023
      vertex 11.4578 0.75 30.0873
      vertex 11.545 0.75 30.1361
    endloop
  endfacet
  facet normal 0 -1 0
    outer loop
      vertex 10.2998 0.75 29.3054
      vertex 9.71544 0.75 30.1182
      vertex 9.63725 0.75 30.056
    endloop
  endfacet
  facet normal 0 -1 0
    outer loop
      vertex 10.8712 0.75 30.9036
      vertex 11.3712 0.75 30.0375
      vertex 11.4578 0.75 30.0873
    endloop
  endfacet
  facet normal 0 -1 0
    outer loop
      vertex 10.2219 0.75 29.2428
      vertex 9.63725 0.75 30.056
      vertex 9.55969 0.75 29.9931
    endloop
  endfacet
  facet normal 0 -1 0
    outer loop
      vertex 10.7851 0.75 30.8529
      vertex 11.2851 0.75 29.9868
      vertex 11.3712 0.75 30.0375
    endloop
  endfacet
  facet normal 0 -1 0
    outer loop
      vertex 10.6995 0.75 30.8014
      vertex 11.1996 0.75 29.9351
      vertex 11.2851 0.75 29.9868
    endloop
  endfacet
  facet normal 0 -1 0
    outer loop
      vertex 10.1447 0.75 29.1793
      vertex 9.55969 0.75 29.9931
      vertex 9.48276 0.75 29.9294
    endloop
  endfacet
  facet normal 0 -1 0
    outer loop
      vertex 10.6145 0.75 30.749
      vertex 11.1147 0.75 29.8824
      vertex 11.1996 0.75 29.9351
    endloop
  endfacet
  facet normal 0 -1 0
    outer loop
      vertex 10.0683 0.75 29.115
      vertex 9.48276 0.75 29.9294
      vertex 9.40647 0.75 29.8649
    endloop
  endfacet
  facet normal 0 -1 0
    outer loop
      vertex 10.5299 0.75 30.6958
      vertex 11.0304 0.75 29.8288
      vertex 11.1147 0.75 29.8824
    endloop
  endfacet
  facet normal 0 -1 0
    outer loop
      vertex 9.99254 0.75 29.0498
      vertex 9.40647 0.75 29.8649
      vertex 9.33083 0.75 29.7996
    endloop
  endfacet
  facet normal 0 -1 0
    outer loop
      vertex 10.4459 0.75 30.6417
      vertex 10.9467 0.75 29.7743
      vertex 11.0304 0.75 29.8288
    endloop
  endfacet
  facet normal 0 -1 0
    outer loop
      vertex 9.99254 0.75 29.0498
      vertex 9.33083 0.75 29.7996
      vertex 9.25584 0.75 29.7336
    endloop
  endfacet
  facet normal 0 -1 0
    outer loop
      vertex 10.3625 0.75 30.5868
      vertex 10.8636 0.75 29.7189
      vertex 10.9467 0.75 29.7743
    endloop
  endfacet
  facet normal 0 -1 0
    outer loop
      vertex 9.91753 0.75 28.9838
      vertex 9.25584 0.75 29.7336
      vertex 9.18152 0.75 29.6669
    endloop
  endfacet
  facet normal 0 -1 0
    outer loop
      vertex 10.2796 0.75 30.5311
      vertex 10.7811 0.75 29.6625
      vertex 10.8636 0.75 29.7189
    endloop
  endfacet
  facet normal 0 -1 0
    outer loop
      vertex 10.1972 0.75 30.4745
      vertex 10.6992 0.75 29.6052
      vertex 10.7811 0.75 29.6625
    endloop
  endfacet
  facet normal 0 -1 0
    outer loop
      vertex 9.84326 0.75 28.917
      vertex 9.18152 0.75 29.6669
      vertex 9.10787 0.75 29.5994
    endloop
  endfacet
  facet normal 0 -1 0
    outer loop
      vertex 10.0343 0.75 30.359
      vertex 10.618 0.75 29.547
      vertex 10.6992 0.75 29.6052
    endloop
  endfacet
  facet normal 0 -1 0
    outer loop
      vertex 9.76973 0.75 28.8494
      vertex 9.10787 0.75 29.5994
      vertex 9.03489 0.75 29.5312
    endloop
  endfacet
  facet normal 0 -1 0
    outer loop
      vertex 9.95367 0.75 30.3
      vertex 10.5375 0.75 29.4879
      vertex 10.618 0.75 29.547
    endloop
  endfacet
  facet normal 0 -1 0
    outer loop
      vertex 9.69696 0.75 28.7809
      vertex 9.03489 0.75 29.5312
      vertex 8.9626 0.75 29.4623
    endloop
  endfacet
  facet normal 0 -1 0
    outer loop
      vertex 9.87365 0.75 30.2402
      vertex 10.4575 0.75 29.428
      vertex 10.5375 0.75 29.4879
    endloop
  endfacet
  facet normal 0 -1 0
    outer loop
      vertex 9.62496 0.75 28.7117
      vertex 8.9626 0.75 29.4623
      vertex 8.89101 0.75 29.3926
    endloop
  endfacet
  facet normal 0 -1 0
    outer loop
      vertex 9.79424 0.75 30.1796
      vertex 10.3783 0.75 29.3671
      vertex 10.4575 0.75 29.428
    endloop
  endfacet
  facet normal 0 -1 0
    outer loop
      vertex 9.55372 0.75 28.6416
      vertex 8.89101 0.75 29.3926
      vertex 8.82011 0.75 29.3222
    endloop
  endfacet
  facet normal 0 -1 0
    outer loop
      vertex 9.71544 0.75 30.1182
      vertex 10.2998 0.75 29.3054
      vertex 10.3783 0.75 29.3671
    endloop
  endfacet
  facet normal 0 -1 0
    outer loop
      vertex 9.48327 0.75 28.5708
      vertex 8.82011 0.75 29.3222
      vertex 8.74992 0.75 29.2512
    endloop
  endfacet
  facet normal 0 -1 0
    outer loop
      vertex 9.63725 0.75 30.056
      vertex 10.2219 0.75 29.2428
      vertex 10.2998 0.75 29.3054
    endloop
  endfacet
  facet normal 0 -1 0
    outer loop
      vertex 9.41362 0.75 28.4991
      vertex 8.74992 0.75 29.2512
      vertex 8.68044 0.75 29.1794
    endloop
  endfacet
  facet normal 0 -1 0
    outer loop
      vertex 9.55969 0.75 29.9931
      vertex 10.1447 0.75 29.1793
      vertex 10.2219 0.75 29.2428
    endloop
  endfacet
  facet normal 0 -1 0
    outer loop
      vertex 9.48276 0.75 29.9294
      vertex 10.0683 0.75 29.115
      vertex 10.1447 0.75 29.1793
    endloop
  endfacet
  facet normal 0 -1 0
    outer loop
      vertex 9.34476 0.75 28.4267
      vertex 8.68044 0.75 29.1794
      vertex 8.61168 0.75 29.1069
    endloop
  endfacet
  facet normal 0 -1 0
    outer loop
      vertex 9.40647 0.75 29.8649
      vertex 9.99254 0.75 29.0498
      vertex 10.0683 0.75 29.115
    endloop
  endfacet
  facet normal 0 -1 0
    outer loop
      vertex 9.34476 0.75 28.4267
      vertex 8.61168 0.75 29.1069
      vertex 8.54365 0.75 29.0338
    endloop
  endfacet
  facet normal 0 -1 0
    outer loop
      vertex 9.25584 0.75 29.7336
      vertex 9.91753 0.75 28.9838
      vertex 9.99254 0.75 29.0498
    endloop
  endfacet
  facet normal 0 -1 0
    outer loop
      vertex 9.2767 0.75 28.3536
      vertex 8.54365 0.75 29.0338
      vertex 8.47635 0.75 28.96
    endloop
  endfacet
  facet normal 0 -1 0
    outer loop
      vertex 9.18152 0.75 29.6669
      vertex 9.84326 0.75 28.917
      vertex 9.91753 0.75 28.9838
    endloop
  endfacet
  facet normal 0 -1 0
    outer loop
      vertex 9.20947 0.75 28.2797
      vertex 8.47635 0.75 28.96
      vertex 8.4098 0.75 28.8855
    endloop
  endfacet
  facet normal 0 -1 0
    outer loop
      vertex 9.10787 0.75 29.5994
      vertex 9.76973 0.75 28.8494
      vertex 9.84326 0.75 28.917
    endloop
  endfacet
  facet normal 0 -1 0
    outer loop
      vertex 9.14306 0.75 28.2051
      vertex 8.4098 0.75 28.8855
      vertex 8.34399 0.75 28.8103
    endloop
  endfacet
  facet normal 0 -1 0
    outer loop
      vertex 9.03489 0.75 29.5312
      vertex 9.69696 0.75 28.7809
      vertex 9.76973 0.75 28.8494
    endloop
  endfacet
  facet normal 0 -1 0
    outer loop
      vertex 9.07748 0.75 28.1297
      vertex 8.34399 0.75 28.8103
      vertex 8.27894 0.75 28.7345
    endloop
  endfacet
  facet normal 0 -1 0
    outer loop
      vertex 8.9626 0.75 29.4623
      vertex 9.62496 0.75 28.7117
      vertex 9.69696 0.75 28.7809
    endloop
  endfacet
  facet normal 0 -1 0
    outer loop
      vertex 9.01274 0.75 28.0536
      vertex 8.27894 0.75 28.7345
      vertex 8.21464 0.75 28.6581
    endloop
  endfacet
  facet normal 0 -1 0
    outer loop
      vertex 8.89101 0.75 29.3926
      vertex 9.55372 0.75 28.6416
      vertex 9.62496 0.75 28.7117
    endloop
  endfacet
  facet normal 0 -1 0
    outer loop
      vertex 8.94885 0.75 27.9768
      vertex 8.21464 0.75 28.6581
      vertex 8.15112 0.75 28.581
    endloop
  endfacet
  facet normal 0 -1 0
    outer loop
      vertex 8.82011 0.75 29.3222
      vertex 9.48327 0.75 28.5708
      vertex 9.55372 0.75 28.6416
    endloop
  endfacet
  facet normal 0 -1 0
    outer loop
      vertex 8.88582 0.75 27.8993
      vertex 8.15112 0.75 28.581
      vertex 8.08836 0.75 28.5033
    endloop
  endfacet
  facet normal 0 -1 0
    outer loop
      vertex 8.74992 0.75 29.2512
      vertex 9.41362 0.75 28.4991
      vertex 9.48327 0.75 28.5708
    endloop
  endfacet
  facet normal 0 -1 0
    outer loop
      vertex 8.68044 0.75 29.1794
      vertex 9.34476 0.75 28.4267
      vertex 9.41362 0.75 28.4991
    endloop
  endfacet
  facet normal 0 -1 0
    outer loop
      vertex 8.82365 0.75 27.8211
      vertex 8.08836 0.75 28.5033
      vertex 8.02639 0.75 28.4249
    endloop
  endfacet
  facet normal 0 -1 0
    outer loop
      vertex 8.54365 0.75 29.0338
      vertex 9.2767 0.75 28.3536
      vertex 9.34476 0.75 28.4267
    endloop
  endfacet
  facet normal 0 -1 0
    outer loop
      vertex 8.76235 0.75 27.7422
      vertex 8.02639 0.75 28.4249
      vertex 7.9652 0.75 28.346
    endloop
  endfacet
  facet normal 0 -1 0
    outer loop
      vertex 8.47635 0.75 28.96
      vertex 9.20947 0.75 28.2797
      vertex 9.2767 0.75 28.3536
    endloop
  endfacet
  facet normal 0 -1 0
    outer loop
      vertex 8.76235 0.75 27.7422
      vertex 7.9652 0.75 28.346
      vertex 7.9048 0.75 28.2664
    endloop
  endfacet
  facet normal 0 -1 0
    outer loop
      vertex 8.4098 0.75 28.8855
      vertex 9.14306 0.75 28.2051
      vertex 9.20947 0.75 28.2797
    endloop
  endfacet
  facet normal 0 -1 0
    outer loop
      vertex 8.70194 0.75 27.6626
      vertex 7.9048 0.75 28.2664
      vertex 7.8452 0.75 28.1862
    endloop
  endfacet
  facet normal 0 -1 0
    outer loop
      vertex 8.34399 0.75 28.8103
      vertex 9.07748 0.75 28.1297
      vertex 9.14306 0.75 28.2051
    endloop
  endfacet
  facet normal 0 -1 0
    outer loop
      vertex 8.64241 0.75 27.5823
      vertex 7.8452 0.75 28.1862
      vertex 7.78641 0.75 28.1055
    endloop
  endfacet
  facet normal 0 -1 0
    outer loop
      vertex 8.27894 0.75 28.7345
      vertex 9.01274 0.75 28.0536
      vertex 9.07748 0.75 28.1297
    endloop
  endfacet
  facet normal 0 -1 0
    outer loop
      vertex 8.58377 0.75 27.5015
      vertex 7.78641 0.75 28.1055
      vertex 7.72842 0.75 28.0241
    endloop
  endfacet
  facet normal 0 -1 0
    outer loop
      vertex 8.21464 0.75 28.6581
      vertex 8.94885 0.75 27.9768
      vertex 9.01274 0.75 28.0536
    endloop
  endfacet
  facet normal 0 -1 0
    outer loop
      vertex 8.52604 0.75 27.4199
      vertex 7.72842 0.75 28.0241
      vertex 7.67125 0.75 27.9422
    endloop
  endfacet
  facet normal 0 -1 0
    outer loop
      vertex 8.15112 0.75 28.581
      vertex 8.88582 0.75 27.8993
      vertex 8.94885 0.75 27.9768
    endloop
  endfacet
  facet normal 0 -1 0
    outer loop
      vertex 8.46921 0.75 27.3377
      vertex 7.67125 0.75 27.9422
      vertex 7.6149 0.75 27.8597
    endloop
  endfacet
  facet normal 0 -1 0
    outer loop
      vertex 8.08836 0.75 28.5033
      vertex 8.82365 0.75 27.8211
      vertex 8.88582 0.75 27.8993
    endloop
  endfacet
  facet normal 0 -1 0
    outer loop
      vertex 8.41331 0.75 27.2549
      vertex 7.6149 0.75 27.8597
      vertex 7.55938 0.75 27.7767
    endloop
  endfacet
  facet normal 0 -1 0
    outer loop
      vertex 8.02639 0.75 28.4249
      vertex 8.76235 0.75 27.7422
      vertex 8.82365 0.75 27.8211
    endloop
  endfacet
  facet normal 0 -1 0
    outer loop
      vertex 8.35832 0.75 27.1715
      vertex 7.55938 0.75 27.7767
      vertex 7.50469 0.75 27.6931
    endloop
  endfacet
  facet normal 0 -1 0
    outer loop
      vertex 7.9048 0.75 28.2664
      vertex 8.70194 0.75 27.6626
      vertex 8.76235 0.75 27.7422
    endloop
  endfacet
  facet normal 0 -1 0
    outer loop
      vertex 8.30426 0.75 27.0875
      vertex 7.50469 0.75 27.6931
      vertex 7.45084 0.75 27.609
    endloop
  endfacet
  facet normal 0 -1 0
    outer loop
      vertex 7.8452 0.75 28.1862
      vertex 8.64241 0.75 27.5823
      vertex 8.70194 0.75 27.6626
    endloop
  endfacet
  facet normal 0 -1 0
    outer loop
      vertex 8.25114 0.75 27.0029
      vertex 7.45084 0.75 27.609
      vertex 7.39783 0.75 27.5243
    endloop
  endfacet
  facet normal 0 -1 0
    outer loop
      vertex 7.78641 0.75 28.1055
      vertex 8.58377 0.75 27.5015
      vertex 8.64241 0.75 27.5823
    endloop
  endfacet
  facet normal 0 -1 0
    outer loop
      vertex 8.25114 0.75 27.0029
      vertex 7.39783 0.75 27.5243
      vertex 7.34567 0.75 27.4391
    endloop
  endfacet
  facet normal 0 -1 0
    outer loop
      vertex 7.72842 0.75 28.0241
      vertex 8.52604 0.75 27.4199
      vertex 8.58377 0.75 27.5015
    endloop
  endfacet
  facet normal 0 -1 0
    outer loop
      vertex 8.19896 0.75 26.9177
      vertex 7.34567 0.75 27.4391
      vertex 7.29436 0.75 27.3534
    endloop
  endfacet
  facet normal 0 -1 0
    outer loop
      vertex 7.67125 0.75 27.9422
      vertex 8.46921 0.75 27.3377
      vertex 8.52604 0.75 27.4199
    endloop
  endfacet
  facet normal 0 -1 0
    outer loop
      vertex 8.14773 0.75 26.8319
      vertex 7.29436 0.75 27.3534
      vertex 7.24391 0.75 27.2672
    endloop
  endfacet
  facet normal 0 -1 0
    outer loop
      vertex 7.6149 0.75 27.8597
      vertex 8.41331 0.75 27.2549
      vertex 8.46921 0.75 27.3377
    endloop
  endfacet
  facet normal 0 -1 0
    outer loop
      vertex 8.09746 0.75 26.7456
      vertex 7.24391 0.75 27.2672
      vertex 7.19433 0.75 27.1805
    endloop
  endfacet
  facet normal 0 -1 0
    outer loop
      vertex 7.55938 0.75 27.7767
      vertex 8.35832 0.75 27.1715
      vertex 8.41331 0.75 27.2549
    endloop
  endfacet
  facet normal 0 -1 0
    outer loop
      vertex 8.04815 0.75 26.6587
      vertex 7.19433 0.75 27.1805
      vertex 7.14561 0.75 27.0933
    endloop
  endfacet
  facet normal 0 -1 0
    outer loop
      vertex 7.50469 0.75 27.6931
      vertex 8.30426 0.75 27.0875
      vertex 8.35832 0.75 27.1715
    endloop
  endfacet
  facet normal 0 -1 0
    outer loop
      vertex 7.9998 0.75 26.5712
      vertex 7.14561 0.75 27.0933
      vertex 7.09777 0.75 27.0056
    endloop
  endfacet
  facet normal 0 -1 0
    outer loop
      vertex 7.45084 0.75 27.609
      vertex 8.25114 0.75 27.0029
      vertex 8.30426 0.75 27.0875
    endloop
  endfacet
  facet normal 0 -1 0
    outer loop
      vertex 7.34567 0.75 27.4391
      vertex 8.19896 0.75 26.9177
      vertex 8.25114 0.75 27.0029
    endloop
  endfacet
  facet normal 0 -1 0
    outer loop
      vertex 7.95243 0.75 26.4833
      vertex 7.09777 0.75 27.0056
      vertex 7.0508 0.75 26.9174
    endloop
  endfacet
  facet normal 0 -1 0
    outer loop
      vertex 7.29436 0.75 27.3534
      vertex 8.14773 0.75 26.8319
      vertex 8.19896 0.75 26.9177
    endloop
  endfacet
  facet normal 0 -1 0
    outer loop
      vertex 7.90604 0.75 26.3948
      vertex 7.0508 0.75 26.9174
      vertex 7.00472 0.75 26.8288
    endloop
  endfacet
  facet normal 0 -1 0
    outer loop
      vertex 7.24391 0.75 27.2672
      vertex 8.09746 0.75 26.7456
      vertex 8.14773 0.75 26.8319
    endloop
  endfacet
  facet normal 0 -1 0
    outer loop
      vertex 7.86063 0.75 26.3058
      vertex 7.00472 0.75 26.8288
      vertex 6.95953 0.75 26.7397
    endloop
  endfacet
  facet normal 0 -1 0
    outer loop
      vertex 7.19433 0.75 27.1805
      vertex 8.04815 0.75 26.6587
      vertex 8.09746 0.75 26.7456
    endloop
  endfacet
  facet normal 0 -1 0
    outer loop
      vertex 7.81621 0.75 26.2163
      vertex 6.95953 0.75 26.7397
      vertex 6.91522 0.75 26.6502
    endloop
  endfacet
  facet normal 0 -1 0
    outer loop
      vertex 7.14561 0.75 27.0933
      vertex 7.9998 0.75 26.5712
      vertex 8.04815 0.75 26.6587
    endloop
  endfacet
  facet normal 0 -1 0
    outer loop
      vertex 7.81621 0.75 26.2163
      vertex 6.91522 0.75 26.6502
      vertex 6.87182 0.75 26.5602
    endloop
  endfacet
  facet normal 0 -1 0
    outer loop
      vertex 7.09777 0.75 27.0056
      vertex 7.95243 0.75 26.4833
      vertex 7.9998 0.75 26.5712
    endloop
  endfacet
  facet normal 0 -1 0
    outer loop
      vertex 7.77279 0.75 26.1263
      vertex 6.87182 0.75 26.5602
      vertex 6.82931 0.75 26.4698
    endloop
  endfacet
  facet normal 0 -1 0
    outer loop
      vertex 7.0508 0.75 26.9174
      vertex 7.90604 0.75 26.3948
      vertex 7.95243 0.75 26.4833
    endloop
  endfacet
  facet normal 0 -1 0
    outer loop
      vertex 7.73037 0.75 26.0359
      vertex 6.82931 0.75 26.4698
      vertex 6.78771 0.75 26.379
    endloop
  endfacet
  facet normal 0 -1 0
    outer loop
      vertex 7.00472 0.75 26.8288
      vertex 7.86063 0.75 26.3058
      vertex 7.90604 0.75 26.3948
    endloop
  endfacet
  facet normal 0 -1 0
    outer loop
      vertex 7.68896 0.75 25.945
      vertex 6.78771 0.75 26.379
      vertex 6.74702 0.75 26.2878
    endloop
  endfacet
  facet normal 0 -1 0
    outer loop
      vertex 6.95953 0.75 26.7397
      vertex 7.81621 0.75 26.2163
      vertex 7.86063 0.75 26.3058
    endloop
  endfacet
  facet normal 0 -1 0
    outer loop
      vertex 7.64856 0.75 25.8536
      vertex 6.74702 0.75 26.2878
      vertex 6.70725 0.75 26.1962
    endloop
  endfacet
  facet normal 0 -1 0
    outer loop
      vertex 6.87182 0.75 26.5602
      vertex 7.77279 0.75 26.1263
      vertex 7.81621 0.75 26.2163
    endloop
  endfacet
  facet normal 0 -1 0
    outer loop
      vertex 7.60918 0.75 25.7618
      vertex 6.70725 0.75 26.1962
      vertex 6.66839 0.75 26.1041
    endloop
  endfacet
  facet normal 0 -1 0
    outer loop
      vertex 6.82931 0.75 26.4698
      vertex 7.73037 0.75 26.0359
      vertex 7.77279 0.75 26.1263
    endloop
  endfacet
  facet normal 0 -1 0
    outer loop
      vertex 7.57082 0.75 25.6695
      vertex 6.66839 0.75 26.1041
      vertex 6.63045 0.75 26.0117
    endloop
  endfacet
  facet normal 0 -1 0
    outer loop
      vertex 6.78771 0.75 26.379
      vertex 7.68896 0.75 25.945
      vertex 7.73037 0.75 26.0359
    endloop
  endfacet
  facet normal 0 -1 0
    outer loop
      vertex 7.53348 0.75 25.5768
      vertex 6.63045 0.75 26.0117
      vertex 6.59344 0.75 25.9189
    endloop
  endfacet
  facet normal 0 -1 0
    outer loop
      vertex 6.74702 0.75 26.2878
      vertex 7.64856 0.75 25.8536
      vertex 7.68896 0.75 25.945
    endloop
  endfacet
  facet normal 0 -1 0
    outer loop
      vertex 7.49718 0.75 25.4838
      vertex 6.59344 0.75 25.9189
      vertex 6.55735 0.75 25.8258
    endloop
  endfacet
  facet normal 0 -1 0
    outer loop
      vertex 6.70725 0.75 26.1962
      vertex 7.60918 0.75 25.7618
      vertex 7.64856 0.75 25.8536
    endloop
  endfacet
  facet normal 0 -1 0
    outer loop
      vertex 7.46191 0.75 25.3903
      vertex 6.55735 0.75 25.8258
      vertex 6.5222 0.75 25.7323
    endloop
  endfacet
  facet normal 0 -1 0
    outer loop
      vertex 6.66839 0.75 26.1041
      vertex 7.57082 0.75 25.6695
      vertex 7.60918 0.75 25.7618
    endloop
  endfacet
  facet normal 0 -1 0
    outer loop
      vertex 7.46191 0.75 25.3903
      vertex 6.5222 0.75 25.7323
      vertex 6.48798 0.75 25.6384
    endloop
  endfacet
  facet normal 0 -1 0
    outer loop
      vertex 6.63045 0.75 26.0117
      vertex 7.53348 0.75 25.5768
      vertex 7.57082 0.75 25.6695
    endloop
  endfacet
  facet normal 0 -1 0
    outer loop
      vertex 7.42768 0.75 25.2964
      vertex 6.48798 0.75 25.6384
      vertex 6.4547 0.75 25.5443
    endloop
  endfacet
  facet normal 0 -1 0
    outer loop
      vertex 6.59344 0.75 25.9189
      vertex 7.49718 0.75 25.4838
      vertex 7.53348 0.75 25.5768
    endloop
  endfacet
  facet normal 0 -1 0
    outer loop
      vertex 7.3945 0.75 25.2022
      vertex 6.4547 0.75 25.5443
      vertex 6.42237 0.75 25.4497
    endloop
  endfacet
  facet normal 0 -1 0
    outer loop
      vertex 6.55735 0.75 25.8258
      vertex 7.46191 0.75 25.3903
      vertex 7.49718 0.75 25.4838
    endloop
  endfacet
  facet normal 0 -1 0
    outer loop
      vertex 7.36236 0.75 25.1076
      vertex 6.42237 0.75 25.4497
      vertex 6.39098 0.75 25.3549
    endloop
  endfacet
  facet normal 0 -1 0
    outer loop
      vertex 6.48798 0.75 25.6384
      vertex 7.42768 0.75 25.2964
      vertex 7.46191 0.75 25.3903
    endloop
  endfacet
  facet normal 0 -1 0
    outer loop
      vertex 7.33128 0.75 25.0126
      vertex 6.39098 0.75 25.3549
      vertex 6.36054 0.75 25.2598
    endloop
  endfacet
  facet normal 0 -1 0
    outer loop
      vertex 6.4547 0.75 25.5443
      vertex 7.3945 0.75 25.2022
      vertex 7.42768 0.75 25.2964
    endloop
  endfacet
  facet normal 0 -1 0
    outer loop
      vertex 7.30125 0.75 24.9173
      vertex 6.36054 0.75 25.2598
      vertex 6.33105 0.75 25.1643
    endloop
  endfacet
  facet normal 0 -1 0
    outer loop
      vertex 6.42237 0.75 25.4497
      vertex 7.36236 0.75 25.1076
      vertex 7.3945 0.75 25.2022
    endloop
  endfacet
  facet normal 0 -1 0
    outer loop
      vertex 7.27228 0.75 24.8217
      vertex 6.33105 0.75 25.1643
      vertex 6.30252 0.75 25.0686
    endloop
  endfacet
  facet normal 0 -1 0
    outer loop
      vertex 6.39098 0.75 25.3549
      vertex 7.33128 0.75 25.0126
      vertex 7.36236 0.75 25.1076
    endloop
  endfacet
  facet normal 0 -1 0
    outer loop
      vertex 7.24437 0.75 24.7258
      vertex 6.30252 0.75 25.0686
      vertex 6.27494 0.75 24.9726
    endloop
  endfacet
  facet normal 0 -1 0
    outer loop
      vertex 6.36054 0.75 25.2598
      vertex 7.30125 0.75 24.9173
      vertex 7.33128 0.75 25.0126
    endloop
  endfacet
  facet normal 0 -1 0
    outer loop
      vertex 7.21753 0.75 24.6296
      vertex 6.27494 0.75 24.9726
      vertex 6.24832 0.75 24.8763
    endloop
  endfacet
  facet normal 0 -1 0
    outer loop
      vertex 6.33105 0.75 25.1643
      vertex 7.27228 0.75 24.8217
      vertex 7.30125 0.75 24.9173
    endloop
  endfacet
  facet normal 0 -1 0
    outer loop
      vertex 7.19177 0.75 24.533
      vertex 6.24832 0.75 24.8763
      vertex 6.22267 0.75 24.7798
    endloop
  endfacet
  facet normal 0 -1 0
    outer loop
      vertex 6.30252 0.75 25.0686
      vertex 7.24437 0.75 24.7258
      vertex 7.27228 0.75 24.8217
    endloop
  endfacet
  facet normal 0 -1 0
    outer loop
      vertex 7.19177 0.75 24.533
      vertex 6.22267 0.75 24.7798
      vertex 6.19798 0.75 24.683
    endloop
  endfacet
  facet normal 0 -1 0
    outer loop
      vertex 6.27494 0.75 24.9726
      vertex 7.21753 0.75 24.6296
      vertex 7.24437 0.75 24.7258
    endloop
  endfacet
  facet normal 0 -1 0
    outer loop
      vertex 7.16707 0.75 24.4362
      vertex 6.19798 0.75 24.683
      vertex 6.17426 0.75 24.586
    endloop
  endfacet
  facet normal 0 -1 0
    outer loop
      vertex 6.24832 0.75 24.8763
      vertex 7.19177 0.75 24.533
      vertex 7.21753 0.75 24.6296
    endloop
  endfacet
  facet normal 0 -1 0
    outer loop
      vertex 7.14345 0.75 24.3391
      vertex 6.17426 0.75 24.586
      vertex 6.15152 0.75 24.4887
    endloop
  endfacet
  facet normal 0 -1 0
    outer loop
      vertex 6.19798 0.75 24.683
      vertex 7.16707 0.75 24.4362
      vertex 7.19177 0.75 24.533
    endloop
  endfacet
  facet normal 0 -1 0
    outer loop
      vertex 7.12091 0.75 24.2418
      vertex 6.15152 0.75 24.4887
      vertex 6.12974 0.75 24.3912
    endloop
  endfacet
  facet normal 0 -1 0
    outer loop
      vertex 6.17426 0.75 24.586
      vertex 7.14345 0.75 24.3391
      vertex 7.16707 0.75 24.4362
    endloop
  endfacet
  facet normal 0 -1 0
    outer loop
      vertex 7.09945 0.75 24.1442
      vertex 6.12974 0.75 24.3912
      vertex 6.10894 0.75 24.2935
    endloop
  endfacet
  facet normal 0 -1 0
    outer loop
      vertex 6.15152 0.75 24.4887
      vertex 7.12091 0.75 24.2418
      vertex 7.14345 0.75 24.3391
    endloop
  endfacet
  facet normal 0 -1 0
    outer loop
      vertex 7.07908 0.75 24.0464
      vertex 6.10894 0.75 24.2935
      vertex 6.08911 0.75 24.1956
    endloop
  endfacet
  facet normal 0 -1 0
    outer loop
      vertex 6.12974 0.75 24.3912
      vertex 7.09945 0.75 24.1442
      vertex 7.12091 0.75 24.2418
    endloop
  endfacet
  facet normal 0 -1 0
    outer loop
      vertex 7.05979 0.75 23.9484
      vertex 6.08911 0.75 24.1956
      vertex 6.07027 0.75 24.0975
    endloop
  endfacet
  facet normal 0 -1 0
    outer loop
      vertex 6.10894 0.75 24.2935
      vertex 7.07908 0.75 24.0464
      vertex 7.09945 0.75 24.1442
    endloop
  endfacet
  facet normal 0 -1 0
    outer loop
      vertex 7.04159 0.75 23.8502
      vertex 6.07027 0.75 24.0975
      vertex 6.0524 0.75 23.9992
    endloop
  endfacet
  facet normal 0 -1 0
    outer loop
      vertex 6.08911 0.75 24.1956
      vertex 7.05979 0.75 23.9484
      vertex 7.07908 0.75 24.0464
    endloop
  endfacet
  facet normal 0 -1 0
    outer loop
      vertex 7.02448 0.75 23.7517
      vertex 6.0524 0.75 23.9992
      vertex 6.03552 0.75 23.9008
    endloop
  endfacet
  facet normal 0 -1 0
    outer loop
      vertex 6.07027 0.75 24.0975
      vertex 7.04159 0.75 23.8502
      vertex 7.05979 0.75 23.9484
    endloop
  endfacet
  facet normal 0 -1 0
    outer loop
      vertex 7.00847 0.75 23.6531
      vertex 6.03552 0.75 23.9008
      vertex 6.01962 0.75 23.8021
    endloop
  endfacet
  facet normal 0 -1 0
    outer loop
      vertex 6.0524 0.75 23.9992
      vertex 7.02448 0.75 23.7517
      vertex 7.04159 0.75 23.8502
    endloop
  endfacet
  facet normal 0 -1 0
    outer loop
      vertex 7.00847 0.75 23.6531
      vertex 6.01962 0.75 23.8021
      vertex 6.00471 0.75 23.7034
    endloop
  endfacet
  facet normal 0 -1 0
    outer loop
      vertex 6.03552 0.75 23.9008
      vertex 7.00847 0.75 23.6531
      vertex 7.02448 0.75 23.7517
    endloop
  endfacet
  facet normal 0 -1 0
    outer loop
      vertex 6.99356 0.75 23.5543
      vertex 6.00471 0.75 23.7034
      vertex 5.99079 0.75 23.6045
    endloop
  endfacet
  facet normal 0 -1 0
    outer loop
      vertex 6.00471 0.75 23.7034
      vertex 6.99356 0.75 23.5543
      vertex 7.00847 0.75 23.6531
    endloop
  endfacet
  facet normal 0 -1 0
    outer loop
      vertex 6.97974 0.75 23.4554
      vertex 5.99079 0.75 23.6045
      vertex 5.97785 0.75 23.5054
    endloop
  endfacet
  facet normal 0 -1 0
    outer loop
      vertex 5.99079 0.75 23.6045
      vertex 6.97974 0.75 23.4554
      vertex 6.99356 0.75 23.5543
    endloop
  endfacet
  facet normal 0 -1 0
    outer loop
      vertex 6.96702 0.75 23.3563
      vertex 5.97785 0.75 23.5054
      vertex 5.96591 0.75 23.4062
    endloop
  endfacet
  facet normal 0 -1 0
    outer loop
      vertex 5.97785 0.75 23.5054
      vertex 6.96702 0.75 23.3563
      vertex 6.97974 0.75 23.4554
    endloop
  endfacet
  facet normal 0 -1 0
    outer loop
      vertex 6.9554 0.75 23.257
      vertex 5.96591 0.75 23.4062
      vertex 5.95496 0.75 23.3069
    endloop
  endfacet
  facet normal 0 -1 0
    outer loop
      vertex 5.96591 0.75 23.4062
      vertex 6.9554 0.75 23.257
      vertex 6.96702 0.75 23.3563
    endloop
  endfacet
  facet normal 0 -1 0
    outer loop
      vertex 6.94488 0.75 23.1577
      vertex 5.95496 0.75 23.3069
      vertex 5.94499 0.75 23.2075
    endloop
  endfacet
  facet normal 0 -1 0
    outer loop
      vertex 5.95496 0.75 23.3069
      vertex 6.94488 0.75 23.1577
      vertex 6.9554 0.75 23.257
    endloop
  endfacet
  facet normal 0 -1 0
    outer loop
      vertex 6.93547 0.75 23.0582
      vertex 5.94499 0.75 23.2075
      vertex 5.93602 0.75 23.1081
    endloop
  endfacet
  facet normal 0 -1 0
    outer loop
      vertex 5.94499 0.75 23.2075
      vertex 6.93547 0.75 23.0582
      vertex 6.94488 0.75 23.1577
    endloop
  endfacet
  facet normal 0 -1 0
    outer loop
      vertex 6.92716 0.75 22.9587
      vertex 5.93602 0.75 23.1081
      vertex 5.92805 0.75 23.0085
    endloop
  endfacet
  facet normal 0 -1 0
    outer loop
      vertex 5.93602 0.75 23.1081
      vertex 6.92716 0.75 22.9587
      vertex 6.93547 0.75 23.0582
    endloop
  endfacet
  facet normal 0 -1 0
    outer loop
      vertex 6.91996 0.75 22.859
      vertex 5.92805 0.75 23.0085
      vertex 5.92107 0.75 22.9088
    endloop
  endfacet
  facet normal 0 -1 0
    outer loop
      vertex 5.92805 0.75 23.0085
      vertex 6.91996 0.75 22.859
      vertex 6.92716 0.75 22.9587
    endloop
  endfacet
  facet normal 0 -1 0
    outer loop
      vertex 6.91386 0.75 22.7593
      vertex 5.92107 0.75 22.9088
      vertex 5.91509 0.75 22.8091
    endloop
  endfacet
  facet normal 0 -1 0
    outer loop
      vertex 5.92107 0.75 22.9088
      vertex 6.91386 0.75 22.7593
      vertex 6.91996 0.75 22.859
    endloop
  endfacet
  facet normal 0 -1 0
    outer loop
      vertex 5.9101 0.75 22.7094
      vertex 6.91386 0.75 22.7593
      vertex 5.91509 0.75 22.8091
    endloop
  endfacet
  facet normal 0 -1 0
    outer loop
      vertex 5.9101 0.75 22.7094
      vertex 6.90887 0.75 22.6595
      vertex 6.91386 0.75 22.7593
    endloop
  endfacet
  facet normal 0 -1 0
    outer loop
      vertex 5.90611 0.75 22.6096
      vertex 6.90887 0.75 22.6595
      vertex 5.9101 0.75 22.7094
    endloop
  endfacet
  facet normal 0 -1 0
    outer loop
      vertex 5.90611 0.75 22.6096
      vertex 6.90499 0.75 22.5597
      vertex 6.90887 0.75 22.6595
    endloop
  endfacet
  facet normal 0 -1 0
    outer loop
      vertex 5.90312 0.75 22.5097
      vertex 6.90499 0.75 22.5597
      vertex 5.90611 0.75 22.6096
    endloop
  endfacet
  facet normal 0 -1 0
    outer loop
      vertex 5.90312 0.75 22.5097
      vertex 6.90222 0.75 22.4598
      vertex 6.90499 0.75 22.5597
    endloop
  endfacet
  facet normal 0 -1 0
    outer loop
      vertex 5.90112 0.75 22.4098
      vertex 6.90222 0.75 22.4598
      vertex 5.90312 0.75 22.5097
    endloop
  endfacet
  facet normal 0 -1 0
    outer loop
      vertex 5.90112 0.75 22.4098
      vertex 6.90055 0.75 22.3599
      vertex 6.90222 0.75 22.4598
    endloop
  endfacet
  facet normal 0 -1 0
    outer loop
      vertex 5.90012 0.75 22.3099
      vertex 6.90055 0.75 22.3599
      vertex 5.90112 0.75 22.4098
    endloop
  endfacet
  facet normal 0 -1 0
    outer loop
      vertex 5.90012 0.75 22.3099
      vertex 6.9 0.75 22.26
      vertex 6.90055 0.75 22.3599
    endloop
  endfacet
  facet normal 0 -1 0
    outer loop
      vertex 5.90012 0.75 22.2101
      vertex 6.9 0.75 22.26
      vertex 5.90012 0.75 22.3099
    endloop
  endfacet
  facet normal 0 -1 0
    outer loop
      vertex 5.90012 0.75 22.2101
      vertex 6.90055 0.75 22.1601
      vertex 6.9 0.75 22.26
    endloop
  endfacet
  facet normal 0 -1 0
    outer loop
      vertex 5.90112 0.75 22.1102
      vertex 6.90055 0.75 22.1601
      vertex 5.90012 0.75 22.2101
    endloop
  endfacet
  facet normal 0 -1 0
    outer loop
      vertex 5.90112 0.75 22.1102
      vertex 6.90222 0.75 22.0602
      vertex 6.90055 0.75 22.1601
    endloop
  endfacet
  facet normal 0 -1 0
    outer loop
      vertex 5.90312 0.75 22.0103
      vertex 6.90222 0.75 22.0602
      vertex 5.90112 0.75 22.1102
    endloop
  endfacet
  facet normal 0 -1 0
    outer loop
      vertex 5.90312 0.75 22.0103
      vertex 6.90499 0.75 21.9603
      vertex 6.90222 0.75 22.0602
    endloop
  endfacet
  facet normal 0 -1 0
    outer loop
      vertex 5.90611 0.75 21.9104
      vertex 6.90499 0.75 21.9603
      vertex 5.90312 0.75 22.0103
    endloop
  endfacet
  facet normal 0 -1 0
    outer loop
      vertex 5.90611 0.75 21.9104
      vertex 6.90887 0.75 21.8605
      vertex 6.90499 0.75 21.9603
    endloop
  endfacet
  facet normal 0 -1 0
    outer loop
      vertex 5.9101 0.75 21.8106
      vertex 6.90887 0.75 21.8605
      vertex 5.90611 0.75 21.9104
    endloop
  endfacet
  facet normal 0 -1 0
    outer loop
      vertex 5.9101 0.75 21.8106
      vertex 6.91386 0.75 21.7607
      vertex 6.90887 0.75 21.8605
    endloop
  endfacet
  facet normal 0 -1 0
    outer loop
      vertex 5.91509 0.75 21.7109
      vertex 6.91386 0.75 21.7607
      vertex 5.9101 0.75 21.8106
    endloop
  endfacet
  facet normal 0 -1 0
    outer loop
      vertex 5.92107 0.75 21.6112
      vertex 6.91386 0.75 21.7607
      vertex 5.91509 0.75 21.7109
    endloop
  endfacet
  facet normal 0 -1 -0
    outer loop
      vertex 6.91386 0.75 21.7607
      vertex 5.92107 0.75 21.6112
      vertex 6.91996 0.75 21.661
    endloop
  endfacet
  facet normal 0 -1 0
    outer loop
      vertex 5.92805 0.75 21.5115
      vertex 6.91996 0.75 21.661
      vertex 5.92107 0.75 21.6112
    endloop
  endfacet
  facet normal 0 -1 -0
    outer loop
      vertex 6.91996 0.75 21.661
      vertex 5.92805 0.75 21.5115
      vertex 6.92716 0.75 21.5613
    endloop
  endfacet
  facet normal 0 -1 0
    outer loop
      vertex 5.93602 0.75 21.4119
      vertex 6.92716 0.75 21.5613
      vertex 5.92805 0.75 21.5115
    endloop
  endfacet
  facet normal 0 -1 -0
    outer loop
      vertex 6.92716 0.75 21.5613
      vertex 5.93602 0.75 21.4119
      vertex 6.93547 0.75 21.4618
    endloop
  endfacet
  facet normal 0 -1 0
    outer loop
      vertex 5.94499 0.75 21.3125
      vertex 6.93547 0.75 21.4618
      vertex 5.93602 0.75 21.4119
    endloop
  endfacet
  facet normal 0 -1 -0
    outer loop
      vertex 6.93547 0.75 21.4618
      vertex 5.94499 0.75 21.3125
      vertex 6.94488 0.75 21.3623
    endloop
  endfacet
  facet normal 0 -1 0
    outer loop
      vertex 5.95496 0.75 21.2131
      vertex 6.94488 0.75 21.3623
      vertex 5.94499 0.75 21.3125
    endloop
  endfacet
  facet normal 0 -1 -0
    outer loop
      vertex 6.94488 0.75 21.3623
      vertex 5.95496 0.75 21.2131
      vertex 6.9554 0.75 21.263
    endloop
  endfacet
  facet normal 0 -1 0
    outer loop
      vertex 5.96591 0.75 21.1138
      vertex 6.9554 0.75 21.263
      vertex 5.95496 0.75 21.2131
    endloop
  endfacet
  facet normal 0 -1 -0
    outer loop
      vertex 6.9554 0.75 21.263
      vertex 5.96591 0.75 21.1138
      vertex 6.96702 0.75 21.1637
    endloop
  endfacet
  facet normal 0 -1 0
    outer loop
      vertex 5.97785 0.75 21.0146
      vertex 6.96702 0.75 21.1637
      vertex 5.96591 0.75 21.1138
    endloop
  endfacet
  facet normal 0 -1 -0
    outer loop
      vertex 6.96702 0.75 21.1637
      vertex 5.97785 0.75 21.0146
      vertex 6.97974 0.75 21.0646
    endloop
  endfacet
  facet normal 0 -1 0
    outer loop
      vertex 5.99079 0.75 20.9155
      vertex 6.97974 0.75 21.0646
      vertex 5.97785 0.75 21.0146
    endloop
  endfacet
  facet normal 0 -1 -0
    outer loop
      vertex 6.97974 0.75 21.0646
      vertex 5.99079 0.75 20.9155
      vertex 6.99356 0.75 20.9657
    endloop
  endfacet
  facet normal 0 -1 0
    outer loop
      vertex 6.00471 0.75 20.8166
      vertex 6.99356 0.75 20.9657
      vertex 5.99079 0.75 20.9155
    endloop
  endfacet
  facet normal 0 -1 -0
    outer loop
      vertex 6.99356 0.75 20.9657
      vertex 6.00471 0.75 20.8166
      vertex 7.00847 0.75 20.8669
    endloop
  endfacet
  facet normal 0 -1 0
    outer loop
      vertex 6.01962 0.75 20.7179
      vertex 7.00847 0.75 20.8669
      vertex 6.00471 0.75 20.8166
    endloop
  endfacet
  facet normal 0 -1 0
    outer loop
      vertex 6.03552 0.75 20.6192
      vertex 7.00847 0.75 20.8669
      vertex 6.01962 0.75 20.7179
    endloop
  endfacet
  facet normal 0 -1 -0
    outer loop
      vertex 7.00847 0.75 20.8669
      vertex 6.03552 0.75 20.6192
      vertex 7.02448 0.75 20.7683
    endloop
  endfacet
  facet normal 0 -1 0
    outer loop
      vertex 6.0524 0.75 20.5208
      vertex 7.02448 0.75 20.7683
      vertex 6.03552 0.75 20.6192
    endloop
  endfacet
  facet normal 0 -1 -0
    outer loop
      vertex 7.02448 0.75 20.7683
      vertex 6.0524 0.75 20.5208
      vertex 7.04159 0.75 20.6698
    endloop
  endfacet
  facet normal 0 -1 0
    outer loop
      vertex 6.07027 0.75 20.4225
      vertex 7.04159 0.75 20.6698
      vertex 6.0524 0.75 20.5208
    endloop
  endfacet
  facet normal 0 -1 -0
    outer loop
      vertex 7.04159 0.75 20.6698
      vertex 6.07027 0.75 20.4225
      vertex 7.05979 0.75 20.5716
    endloop
  endfacet
  facet normal 0 -1 0
    outer loop
      vertex 6.08911 0.75 20.3244
      vertex 7.05979 0.75 20.5716
      vertex 6.07027 0.75 20.4225
    endloop
  endfacet
  facet normal 0 -1 -0
    outer loop
      vertex 7.05979 0.75 20.5716
      vertex 6.08911 0.75 20.3244
      vertex 7.07908 0.75 20.4736
    endloop
  endfacet
  facet normal 0 -1 0
    outer loop
      vertex 6.10894 0.75 20.2265
      vertex 7.07908 0.75 20.4736
      vertex 6.08911 0.75 20.3244
    endloop
  endfacet
  facet normal 0 -1 -0
    outer loop
      vertex 7.07908 0.75 20.4736
      vertex 6.10894 0.75 20.2265
      vertex 7.09945 0.75 20.3758
    endloop
  endfacet
  facet normal 0 -1 0
    outer loop
      vertex 6.12974 0.75 20.1288
      vertex 7.09945 0.75 20.3758
      vertex 6.10894 0.75 20.2265
    endloop
  endfacet
  facet normal 0 -1 -0
    outer loop
      vertex 7.09945 0.75 20.3758
      vertex 6.12974 0.75 20.1288
      vertex 7.12091 0.75 20.2782
    endloop
  endfacet
  facet normal 0 -1 0
    outer loop
      vertex 6.15152 0.75 20.0313
      vertex 7.12091 0.75 20.2782
      vertex 6.12974 0.75 20.1288
    endloop
  endfacet
  facet normal 0 -1 -0
    outer loop
      vertex 7.12091 0.75 20.2782
      vertex 6.15152 0.75 20.0313
      vertex 7.14345 0.75 20.1809
    endloop
  endfacet
  facet normal 0 -1 0
    outer loop
      vertex 6.17426 0.75 19.934
      vertex 7.14345 0.75 20.1809
      vertex 6.15152 0.75 20.0313
    endloop
  endfacet
  facet normal 0 -1 -0
    outer loop
      vertex 7.14345 0.75 20.1809
      vertex 6.17426 0.75 19.934
      vertex 7.16707 0.75 20.0838
    endloop
  endfacet
  facet normal 0 -1 0
    outer loop
      vertex 6.19798 0.75 19.837
      vertex 7.16707 0.75 20.0838
      vertex 6.17426 0.75 19.934
    endloop
  endfacet
  facet normal 0 -1 -0
    outer loop
      vertex 7.16707 0.75 20.0838
      vertex 6.19798 0.75 19.837
      vertex 7.19177 0.75 19.987
    endloop
  endfacet
  facet normal 0 -1 0
    outer loop
      vertex 6.22267 0.75 19.7402
      vertex 7.19177 0.75 19.987
      vertex 6.19798 0.75 19.837
    endloop
  endfacet
  facet normal 0 -1 0
    outer loop
      vertex 6.24832 0.75 19.6437
      vertex 7.19177 0.75 19.987
      vertex 6.22267 0.75 19.7402
    endloop
  endfacet
  facet normal 0 -1 -0
    outer loop
      vertex 7.19177 0.75 19.987
      vertex 6.24832 0.75 19.6437
      vertex 7.21753 0.75 19.8904
    endloop
  endfacet
  facet normal 0 -1 0
    outer loop
      vertex 6.27494 0.75 19.5474
      vertex 7.21753 0.75 19.8904
      vertex 6.24832 0.75 19.6437
    endloop
  endfacet
  facet normal 0 -1 -0
    outer loop
      vertex 7.21753 0.75 19.8904
      vertex 6.27494 0.75 19.5474
      vertex 7.24437 0.75 19.7942
    endloop
  endfacet
  facet normal 0 -1 0
    outer loop
      vertex 6.30252 0.75 19.4514
      vertex 7.24437 0.75 19.7942
      vertex 6.27494 0.75 19.5474
    endloop
  endfacet
  facet normal 0 -1 -0
    outer loop
      vertex 7.24437 0.75 19.7942
      vertex 6.30252 0.75 19.4514
      vertex 7.27228 0.75 19.6983
    endloop
  endfacet
  facet normal 0 -1 0
    outer loop
      vertex 6.33105 0.75 19.3557
      vertex 7.27228 0.75 19.6983
      vertex 6.30252 0.75 19.4514
    endloop
  endfacet
  facet normal 0 -1 -0
    outer loop
      vertex 7.27228 0.75 19.6983
      vertex 6.33105 0.75 19.3557
      vertex 7.30125 0.75 19.6027
    endloop
  endfacet
  facet normal 0 -1 0
    outer loop
      vertex 6.36054 0.75 19.2602
      vertex 7.30125 0.75 19.6027
      vertex 6.33105 0.75 19.3557
    endloop
  endfacet
  facet normal 0 -1 -0
    outer loop
      vertex 7.30125 0.75 19.6027
      vertex 6.36054 0.75 19.2602
      vertex 7.33128 0.75 19.5074
    endloop
  endfacet
  facet normal 0 -1 0
    outer loop
      vertex 6.39098 0.75 19.1651
      vertex 7.33128 0.75 19.5074
      vertex 6.36054 0.75 19.2602
    endloop
  endfacet
  facet normal 0 -1 -0
    outer loop
      vertex 7.33128 0.75 19.5074
      vertex 6.39098 0.75 19.1651
      vertex 7.36236 0.75 19.4124
    endloop
  endfacet
  facet normal 0 -1 0
    outer loop
      vertex 6.42237 0.75 19.0702
      vertex 7.36236 0.75 19.4124
      vertex 6.39098 0.75 19.1651
    endloop
  endfacet
  facet normal 0 -1 -0
    outer loop
      vertex 7.36236 0.75 19.4124
      vertex 6.42237 0.75 19.0702
      vertex 7.3945 0.75 19.3178
    endloop
  endfacet
  facet normal 0 -1 0
    outer loop
      vertex 6.4547 0.75 18.9757
      vertex 7.3945 0.75 19.3178
      vertex 6.42237 0.75 19.0702
    endloop
  endfacet
  facet normal 0 -1 -0
    outer loop
      vertex 7.3945 0.75 19.3178
      vertex 6.4547 0.75 18.9757
      vertex 7.42768 0.75 19.2236
    endloop
  endfacet
  facet normal 0 -1 0
    outer loop
      vertex 6.48798 0.75 18.8815
      vertex 7.42768 0.75 19.2236
      vertex 6.4547 0.75 18.9757
    endloop
  endfacet
  facet normal 0 -1 -0
    outer loop
      vertex 7.42768 0.75 19.2236
      vertex 6.48798 0.75 18.8815
      vertex 7.46191 0.75 19.1297
    endloop
  endfacet
  facet normal 0 -1 0
    outer loop
      vertex 6.5222 0.75 18.7877
      vertex 7.46191 0.75 19.1297
      vertex 6.48798 0.75 18.8815
    endloop
  endfacet
  facet normal 0 -1 0
    outer loop
      vertex 6.55735 0.75 18.6942
      vertex 7.46191 0.75 19.1297
      vertex 6.5222 0.75 18.7877
    endloop
  endfacet
  facet normal 0 -1 -0
    outer loop
      vertex 7.46191 0.75 19.1297
      vertex 6.55735 0.75 18.6942
      vertex 7.49718 0.75 19.0362
    endloop
  endfacet
  facet normal 0 -1 0
    outer loop
      vertex 6.59344 0.75 18.6011
      vertex 7.49718 0.75 19.0362
      vertex 6.55735 0.75 18.6942
    endloop
  endfacet
  facet normal 0 -1 -0
    outer loop
      vertex 7.49718 0.75 19.0362
      vertex 6.59344 0.75 18.6011
      vertex 7.53348 0.75 18.9432
    endloop
  endfacet
  facet normal 0 -1 0
    outer loop
      vertex 6.63045 0.75 18.5083
      vertex 7.53348 0.75 18.9432
      vertex 6.59344 0.75 18.6011
    endloop
  endfacet
  facet normal 0 -1 -0
    outer loop
      vertex 7.53348 0.75 18.9432
      vertex 6.63045 0.75 18.5083
      vertex 7.57082 0.75 18.8505
    endloop
  endfacet
  facet normal 0 -1 0
    outer loop
      vertex 6.66839 0.75 18.4159
      vertex 7.57082 0.75 18.8505
      vertex 6.63045 0.75 18.5083
    endloop
  endfacet
  facet normal 0 -1 -0
    outer loop
      vertex 7.57082 0.75 18.8505
      vertex 6.66839 0.75 18.4159
      vertex 7.60918 0.75 18.7582
    endloop
  endfacet
  facet normal 0 -1 0
    outer loop
      vertex 6.70725 0.75 18.3238
      vertex 7.60918 0.75 18.7582
      vertex 6.66839 0.75 18.4159
    endloop
  endfacet
  facet normal 0 -1 -0
    outer loop
      vertex 7.60918 0.75 18.7582
      vertex 6.70725 0.75 18.3238
      vertex 7.64856 0.75 18.6664
    endloop
  endfacet
  facet normal 0 -1 0
    outer loop
      vertex 6.74702 0.75 18.2322
      vertex 7.64856 0.75 18.6664
      vertex 6.70725 0.75 18.3238
    endloop
  endfacet
  facet normal 0 -1 -0
    outer loop
      vertex 7.64856 0.75 18.6664
      vertex 6.74702 0.75 18.2322
      vertex 7.68896 0.75 18.575
    endloop
  endfacet
  facet normal 0 -1 0
    outer loop
      vertex 6.78771 0.75 18.141
      vertex 7.68896 0.75 18.575
      vertex 6.74702 0.75 18.2322
    endloop
  endfacet
  facet normal 0 -1 -0
    outer loop
      vertex 7.68896 0.75 18.575
      vertex 6.78771 0.75 18.141
      vertex 7.73037 0.75 18.4841
    endloop
  endfacet
  facet normal 0 -1 0
    outer loop
      vertex 6.82931 0.75 18.0502
      vertex 7.73037 0.75 18.4841
      vertex 6.78771 0.75 18.141
    endloop
  endfacet
  facet normal 0 -1 -0
    outer loop
      vertex 7.73037 0.75 18.4841
      vertex 6.82931 0.75 18.0502
      vertex 7.77279 0.75 18.3937
    endloop
  endfacet
  facet normal 0 -1 0
    outer loop
      vertex 6.87182 0.75 17.9598
      vertex 7.77279 0.75 18.3937
      vertex 6.82931 0.75 18.0502
    endloop
  endfacet
  facet normal 0 -1 -0
    outer loop
      vertex 7.77279 0.75 18.3937
      vertex 6.87182 0.75 17.9598
      vertex 7.81621 0.75 18.3037
    endloop
  endfacet
  facet normal 0 -1 0
    outer loop
      vertex 6.91522 0.75 17.8698
      vertex 7.81621 0.75 18.3037
      vertex 6.87182 0.75 17.9598
    endloop
  endfacet
  facet normal 0 -1 0
    outer loop
      vertex 6.95953 0.75 17.7803
      vertex 7.81621 0.75 18.3037
      vertex 6.91522 0.75 17.8698
    endloop
  endfacet
  facet normal 0 -1 -0
    outer loop
      vertex 7.81621 0.75 18.3037
      vertex 6.95953 0.75 17.7803
      vertex 7.86063 0.75 18.2142
    endloop
  endfacet
  facet normal 0 -1 0
    outer loop
      vertex 7.00472 0.75 17.6912
      vertex 7.86063 0.75 18.2142
      vertex 6.95953 0.75 17.7803
    endloop
  endfacet
  facet normal 0 -1 -0
    outer loop
      vertex 7.86063 0.75 18.2142
      vertex 7.00472 0.75 17.6912
      vertex 7.90604 0.75 18.1252
    endloop
  endfacet
  facet normal 0 -1 0
    outer loop
      vertex 7.0508 0.75 17.6026
      vertex 7.90604 0.75 18.1252
      vertex 7.00472 0.75 17.6912
    endloop
  endfacet
  facet normal 0 -1 -0
    outer loop
      vertex 7.90604 0.75 18.1252
      vertex 7.0508 0.75 17.6026
      vertex 7.95243 0.75 18.0367
    endloop
  endfacet
  facet normal 0 -1 0
    outer loop
      vertex 7.09777 0.75 17.5144
      vertex 7.95243 0.75 18.0367
      vertex 7.0508 0.75 17.6026
    endloop
  endfacet
  facet normal 0 -1 -0
    outer loop
      vertex 7.95243 0.75 18.0367
      vertex 7.09777 0.75 17.5144
      vertex 7.9998 0.75 17.9488
    endloop
  endfacet
  facet normal 0 -1 0
    outer loop
      vertex 7.14561 0.75 17.4267
      vertex 7.9998 0.75 17.9488
      vertex 7.09777 0.75 17.5144
    endloop
  endfacet
  facet normal 0 -1 -0
    outer loop
      vertex 7.9998 0.75 17.9488
      vertex 7.14561 0.75 17.4267
      vertex 8.04815 0.75 17.8613
    endloop
  endfacet
  facet normal 0 -1 0
    outer loop
      vertex 7.19433 0.75 17.3395
      vertex 8.04815 0.75 17.8613
      vertex 7.14561 0.75 17.4267
    endloop
  endfacet
  facet normal 0 -1 -0
    outer loop
      vertex 8.04815 0.75 17.8613
      vertex 7.19433 0.75 17.3395
      vertex 8.09746 0.75 17.7744
    endloop
  endfacet
  facet normal 0 -1 0
    outer loop
      vertex 7.24391 0.75 17.2528
      vertex 8.09746 0.75 17.7744
      vertex 7.19433 0.75 17.3395
    endloop
  endfacet
  facet normal 0 -1 -0
    outer loop
      vertex 8.09746 0.75 17.7744
      vertex 7.24391 0.75 17.2528
      vertex 8.14773 0.75 17.6881
    endloop
  endfacet
  facet normal 0 -1 0
    outer loop
      vertex 7.29436 0.75 17.1666
      vertex 8.14773 0.75 17.6881
      vertex 7.24391 0.75 17.2528
    endloop
  endfacet
  facet normal 0 -1 -0
    outer loop
      vertex 8.14773 0.75 17.6881
      vertex 7.29436 0.75 17.1666
      vertex 8.19896 0.75 17.6023
    endloop
  endfacet
  facet normal 0 -1 0
    outer loop
      vertex 7.34567 0.75 17.0809
      vertex 8.19896 0.75 17.6023
      vertex 7.29436 0.75 17.1666
    endloop
  endfacet
  facet normal 0 -1 -0
    outer loop
      vertex 8.19896 0.75 17.6023
      vertex 7.34567 0.75 17.0809
      vertex 8.25114 0.75 17.5171
    endloop
  endfacet
  facet normal 0 -1 0
    outer loop
      vertex 7.39783 0.75 16.9957
      vertex 8.25114 0.75 17.5171
      vertex 7.34567 0.75 17.0809
    endloop
  endfacet
  facet normal 0 -1 0
    outer loop
      vertex 7.45084 0.75 16.911
      vertex 8.25114 0.75 17.5171
      vertex 7.39783 0.75 16.9957
    endloop
  endfacet
  facet normal 0 -1 -0
    outer loop
      vertex 8.25114 0.75 17.5171
      vertex 7.45084 0.75 16.911
      vertex 8.30426 0.75 17.4325
    endloop
  endfacet
  facet normal 0 -1 0
    outer loop
      vertex 7.50469 0.75 16.8269
      vertex 8.30426 0.75 17.4325
      vertex 7.45084 0.75 16.911
    endloop
  endfacet
  facet normal 0 -1 -0
    outer loop
      vertex 8.30426 0.75 17.4325
      vertex 7.50469 0.75 16.8269
      vertex 8.35832 0.75 17.3485
    endloop
  endfacet
  facet normal 0 -1 0
    outer loop
      vertex 7.55938 0.75 16.7433
      vertex 8.35832 0.75 17.3485
      vertex 7.50469 0.75 16.8269
    endloop
  endfacet
  facet normal 0 -1 -0
    outer loop
      vertex 8.35832 0.75 17.3485
      vertex 7.55938 0.75 16.7433
      vertex 8.41331 0.75 17.2651
    endloop
  endfacet
  facet normal 0 -1 0
    outer loop
      vertex 7.6149 0.75 16.6603
      vertex 8.41331 0.75 17.2651
      vertex 7.55938 0.75 16.7433
    endloop
  endfacet
  facet normal 0 -1 -0
    outer loop
      vertex 8.41331 0.75 17.2651
      vertex 7.6149 0.75 16.6603
      vertex 8.46921 0.75 17.1823
    endloop
  endfacet
  facet normal 0 -1 0
    outer loop
      vertex 7.67125 0.75 16.5778
      vertex 8.46921 0.75 17.1823
      vertex 7.6149 0.75 16.6603
    endloop
  endfacet
  facet normal 0 -1 -0
    outer loop
      vertex 8.46921 0.75 17.1823
      vertex 7.67125 0.75 16.5778
      vertex 8.52604 0.75 17.1001
    endloop
  endfacet
  facet normal 0 -1 0
    outer loop
      vertex 7.72842 0.75 16.4959
      vertex 8.52604 0.75 17.1001
      vertex 7.67125 0.75 16.5778
    endloop
  endfacet
  facet normal 0 -1 -0
    outer loop
      vertex 8.52604 0.75 17.1001
      vertex 7.72842 0.75 16.4959
      vertex 8.58377 0.75 17.0185
    endloop
  endfacet
  facet normal 0 -1 0
    outer loop
      vertex 7.78641 0.75 16.4145
      vertex 8.58377 0.75 17.0185
      vertex 7.72842 0.75 16.4959
    endloop
  endfacet
  facet normal 0 -1 -0
    outer loop
      vertex 8.58377 0.75 17.0185
      vertex 7.78641 0.75 16.4145
      vertex 8.64241 0.75 16.9377
    endloop
  endfacet
  facet normal 0 -1 0
    outer loop
      vertex 7.8452 0.75 16.3338
      vertex 8.64241 0.75 16.9377
      vertex 7.78641 0.75 16.4145
    endloop
  endfacet
  facet normal 0 -1 -0
    outer loop
      vertex 8.64241 0.75 16.9377
      vertex 7.8452 0.75 16.3338
      vertex 8.70194 0.75 16.8574
    endloop
  endfacet
  facet normal 0 -1 0
    outer loop
      vertex 7.9048 0.75 16.2536
      vertex 8.70194 0.75 16.8574
      vertex 7.8452 0.75 16.3338
    endloop
  endfacet
  facet normal 0 -1 -0
    outer loop
      vertex 8.70194 0.75 16.8574
      vertex 7.9048 0.75 16.2536
      vertex 8.76235 0.75 16.7778
    endloop
  endfacet
  facet normal 0 -1 0
    outer loop
      vertex 7.9652 0.75 16.174
      vertex 8.76235 0.75 16.7778
      vertex 7.9048 0.75 16.2536
    endloop
  endfacet
  facet normal 0 -1 0
    outer loop
      vertex 8.02639 0.75 16.0951
      vertex 8.76235 0.75 16.7778
      vertex 7.9652 0.75 16.174
    endloop
  endfacet
  facet normal 0 -1 -0
    outer loop
      vertex 8.76235 0.75 16.7778
      vertex 8.02639 0.75 16.0951
      vertex 8.82365 0.75 16.6989
    endloop
  endfacet
  facet normal 0 -1 0
    outer loop
      vertex 8.08836 0.75 16.0167
      vertex 8.82365 0.75 16.6989
      vertex 8.02639 0.75 16.0951
    endloop
  endfacet
  facet normal 0 -1 -0
    outer loop
      vertex 8.82365 0.75 16.6989
      vertex 8.08836 0.75 16.0167
      vertex 8.88582 0.75 16.6207
    endloop
  endfacet
  facet normal 0 -1 0
    outer loop
      vertex 8.15112 0.75 15.939
      vertex 8.88582 0.75 16.6207
      vertex 8.08836 0.75 16.0167
    endloop
  endfacet
  facet normal 0 -1 -0
    outer loop
      vertex 8.88582 0.75 16.6207
      vertex 8.15112 0.75 15.939
      vertex 8.94885 0.75 16.5432
    endloop
  endfacet
  facet normal 0 -1 0
    outer loop
      vertex 8.21464 0.75 15.8619
      vertex 8.94885 0.75 16.5432
      vertex 8.15112 0.75 15.939
    endloop
  endfacet
  facet normal 0 -1 -0
    outer loop
      vertex 8.94885 0.75 16.5432
      vertex 8.21464 0.75 15.8619
      vertex 9.01274 0.75 16.4664
    endloop
  endfacet
  facet normal 0 -1 0
    outer loop
      vertex 8.27894 0.75 15.7855
      vertex 9.01274 0.75 16.4664
      vertex 8.21464 0.75 15.8619
    endloop
  endfacet
  facet normal 0 -1 -0
    outer loop
      vertex 9.01274 0.75 16.4664
      vertex 8.27894 0.75 15.7855
      vertex 9.07748 0.75 16.3903
    endloop
  endfacet
  facet normal 0 -1 0
    outer loop
      vertex 8.34399 0.75 15.7097
      vertex 9.07748 0.75 16.3903
      vertex 8.27894 0.75 15.7855
    endloop
  endfacet
  facet normal 0 -1 -0
    outer loop
      vertex 9.07748 0.75 16.3903
      vertex 8.34399 0.75 15.7097
      vertex 9.14306 0.75 16.3149
    endloop
  endfacet
  facet normal 0 -1 0
    outer loop
      vertex 8.4098 0.75 15.6345
      vertex 9.14306 0.75 16.3149
      vertex 8.34399 0.75 15.7097
    endloop
  endfacet
  facet normal 0 -1 -0
    outer loop
      vertex 9.14306 0.75 16.3149
      vertex 8.4098 0.75 15.6345
      vertex 9.20947 0.75 16.2403
    endloop
  endfacet
  facet normal 0 -1 0
    outer loop
      vertex 8.47635 0.75 15.56
      vertex 9.20947 0.75 16.2403
      vertex 8.4098 0.75 15.6345
    endloop
  endfacet
  facet normal 0 -1 -0
    outer loop
      vertex 9.20947 0.75 16.2403
      vertex 8.47635 0.75 15.56
      vertex 9.2767 0.75 16.1664
    endloop
  endfacet
  facet normal 0 -1 0
    outer loop
      vertex 8.54365 0.75 15.4862
      vertex 9.2767 0.75 16.1664
      vertex 8.47635 0.75 15.56
    endloop
  endfacet
  facet normal 0 -1 -0
    outer loop
      vertex 9.2767 0.75 16.1664
      vertex 8.54365 0.75 15.4862
      vertex 9.34476 0.75 16.0933
    endloop
  endfacet
  facet normal 0 -1 0
    outer loop
      vertex 8.61168 0.75 15.4131
      vertex 9.34476 0.75 16.0933
      vertex 8.54365 0.75 15.4862
    endloop
  endfacet
  facet normal 0 -1 0
    outer loop
      vertex 8.68044 0.75 15.3406
      vertex 9.34476 0.75 16.0933
      vertex 8.61168 0.75 15.4131
    endloop
  endfacet
  facet normal 0 -1 -0
    outer loop
      vertex 9.34476 0.75 16.0933
      vertex 8.68044 0.75 15.3406
      vertex 9.41362 0.75 16.0209
    endloop
  endfacet
  facet normal 0 -1 0
    outer loop
      vertex 8.74992 0.75 15.2688
      vertex 9.41362 0.75 16.0209
      vertex 8.68044 0.75 15.3406
    endloop
  endfacet
  facet normal 0 -1 -0
    outer loop
      vertex 9.41362 0.75 16.0209
      vertex 8.74992 0.75 15.2688
      vertex 9.48327 0.75 15.9492
    endloop
  endfacet
  facet normal 0 -1 0
    outer loop
      vertex 8.82011 0.75 15.1978
      vertex 9.48327 0.75 15.9492
      vertex 8.74992 0.75 15.2688
    endloop
  endfacet
  facet normal 0 -1 -0
    outer loop
      vertex 9.48327 0.75 15.9492
      vertex 8.82011 0.75 15.1978
      vertex 9.55372 0.75 15.8784
    endloop
  endfacet
  facet normal 0 -1 0
    outer loop
      vertex 8.89101 0.75 15.1274
      vertex 9.55372 0.75 15.8784
      vertex 8.82011 0.75 15.1978
    endloop
  endfacet
  facet normal 0 -1 -0
    outer loop
      vertex 9.55372 0.75 15.8784
      vertex 8.89101 0.75 15.1274
      vertex 9.62496 0.75 15.8083
    endloop
  endfacet
  facet normal 0 -1 0
    outer loop
      vertex 8.9626 0.75 15.0577
      vertex 9.62496 0.75 15.8083
      vertex 8.89101 0.75 15.1274
    endloop
  endfacet
  facet normal 0 -1 -0
    outer loop
      vertex 9.62496 0.75 15.8083
      vertex 8.9626 0.75 15.0577
      vertex 9.69696 0.75 15.7391
    endloop
  endfacet
  facet normal 0 -1 0
    outer loop
      vertex 9.03489 0.75 14.9888
      vertex 9.69696 0.75 15.7391
      vertex 8.9626 0.75 15.0577
    endloop
  endfacet
  facet normal 0 -1 -0
    outer loop
      vertex 9.69696 0.75 15.7391
      vertex 9.03489 0.75 14.9888
      vertex 9.76973 0.75 15.6706
    endloop
  endfacet
  facet normal 0 -1 0
    outer loop
      vertex 9.10787 0.75 14.9206
      vertex 9.76973 0.75 15.6706
      vertex 9.03489 0.75 14.9888
    endloop
  endfacet
  facet normal 0 -1 -0
    outer loop
      vertex 9.76973 0.75 15.6706
      vertex 9.10787 0.75 14.9206
      vertex 9.84326 0.75 15.603
    endloop
  endfacet
  facet normal 0 -1 0
    outer loop
      vertex 9.18152 0.75 14.8531
      vertex 9.84326 0.75 15.603
      vertex 9.10787 0.75 14.9206
    endloop
  endfacet
  facet normal 0 -1 -0
    outer loop
      vertex 9.84326 0.75 15.603
      vertex 9.18152 0.75 14.8531
      vertex 9.91753 0.75 15.5362
    endloop
  endfacet
  facet normal 0 -1 0
    outer loop
      vertex 9.25584 0.75 14.7864
      vertex 9.91753 0.75 15.5362
      vertex 9.18152 0.75 14.8531
    endloop
  endfacet
  facet normal 0 -1 -0
    outer loop
      vertex 9.91753 0.75 15.5362
      vertex 9.25584 0.75 14.7864
      vertex 9.99254 0.75 15.4702
    endloop
  endfacet
  facet normal 0 -1 0
    outer loop
      vertex 9.33083 0.75 14.7204
      vertex 9.99254 0.75 15.4702
      vertex 9.25584 0.75 14.7864
    endloop
  endfacet
  facet normal 0 -1 0
    outer loop
      vertex 9.40647 0.75 14.6551
      vertex 9.99254 0.75 15.4702
      vertex 9.33083 0.75 14.7204
    endloop
  endfacet
  facet normal 0 -1 -0
    outer loop
      vertex 9.99254 0.75 15.4702
      vertex 9.40647 0.75 14.6551
      vertex 10.0683 0.75 15.405
    endloop
  endfacet
  facet normal 0 -1 0
    outer loop
      vertex 9.48276 0.75 14.5906
      vertex 10.0683 0.75 15.405
      vertex 9.40647 0.75 14.6551
    endloop
  endfacet
  facet normal 0 -1 -0
    outer loop
      vertex 10.0683 0.75 15.405
      vertex 9.48276 0.75 14.5906
      vertex 10.1447 0.75 15.3407
    endloop
  endfacet
  facet normal 0 -1 0
    outer loop
      vertex 9.55969 0.75 14.5269
      vertex 10.1447 0.75 15.3407
      vertex 9.48276 0.75 14.5906
    endloop
  endfacet
  facet normal 0 -1 -0
    outer loop
      vertex 10.1447 0.75 15.3407
      vertex 9.55969 0.75 14.5269
      vertex 10.2219 0.75 15.2772
    endloop
  endfacet
  facet normal 0 -1 0
    outer loop
      vertex 9.63725 0.75 14.464
      vertex 10.2219 0.75 15.2772
      vertex 9.55969 0.75 14.5269
    endloop
  endfacet
  facet normal 0 -1 -0
    outer loop
      vertex 10.2219 0.75 15.2772
      vertex 9.63725 0.75 14.464
      vertex 10.2998 0.75 15.2146
    endloop
  endfacet
  facet normal 0 -1 0
    outer loop
      vertex 9.71544 0.75 14.4018
      vertex 10.2998 0.75 15.2146
      vertex 9.63725 0.75 14.464
    endloop
  endfacet
  facet normal 0 -1 -0
    outer loop
      vertex 10.2998 0.75 15.2146
      vertex 9.71544 0.75 14.4018
      vertex 10.3783 0.75 15.1529
    endloop
  endfacet
  facet normal 0 -1 0
    outer loop
      vertex 9.79424 0.75 14.3404
      vertex 10.3783 0.75 15.1529
      vertex 9.71544 0.75 14.4018
    endloop
  endfacet
  facet normal 0 -1 -0
    outer loop
      vertex 10.3783 0.75 15.1529
      vertex 9.79424 0.75 14.3404
      vertex 10.4575 0.75 15.092
    endloop
  endfacet
  facet normal 0 -1 0
    outer loop
      vertex 9.87365 0.75 14.2798
      vertex 10.4575 0.75 15.092
      vertex 9.79424 0.75 14.3404
    endloop
  endfacet
  facet normal 0 -1 -0
    outer loop
      vertex 10.4575 0.75 15.092
      vertex 9.87365 0.75 14.2798
      vertex 10.5375 0.75 15.0321
    endloop
  endfacet
  facet normal 0 -1 0
    outer loop
      vertex 9.95367 0.75 14.22
      vertex 10.5375 0.75 15.0321
      vertex 9.87365 0.75 14.2798
    endloop
  endfacet
  facet normal 0 -1 -0
    outer loop
      vertex 10.5375 0.75 15.0321
      vertex 9.95367 0.75 14.22
      vertex 10.618 0.75 14.973
    endloop
  endfacet
  facet normal 0 -1 0
    outer loop
      vertex 10.0343 0.75 14.161
      vertex 10.618 0.75 14.973
      vertex 9.95367 0.75 14.22
    endloop
  endfacet
  facet normal 0 -1 -0
    outer loop
      vertex 10.618 0.75 14.973
      vertex 10.0343 0.75 14.161
      vertex 10.6992 0.75 14.9148
    endloop
  endfacet
  facet normal 0 -1 0
    outer loop
      vertex 10.1155 0.75 14.1028
      vertex 10.6992 0.75 14.9148
      vertex 10.0343 0.75 14.161
    endloop
  endfacet
  facet normal 0 -1 0
    outer loop
      vertex 10.1972 0.75 14.0455
      vertex 10.6992 0.75 14.9148
      vertex 10.1155 0.75 14.1028
    endloop
  endfacet
  facet normal 0 -1 -0
    outer loop
      vertex 10.6992 0.75 14.9148
      vertex 10.1972 0.75 14.0455
      vertex 10.7811 0.75 14.8575
    endloop
  endfacet
  facet normal 0 -1 0
    outer loop
      vertex 10.2796 0.75 13.9889
      vertex 10.7811 0.75 14.8575
      vertex 10.1972 0.75 14.0455
    endloop
  endfacet
  facet normal 0 -1 -0
    outer loop
      vertex 10.7811 0.75 14.8575
      vertex 10.2796 0.75 13.9889
      vertex 10.8636 0.75 14.8011
    endloop
  endfacet
  facet normal 0 -1 0
    outer loop
      vertex 10.3625 0.75 13.9332
      vertex 10.8636 0.75 14.8011
      vertex 10.2796 0.75 13.9889
    endloop
  endfacet
  facet normal 0 -1 -0
    outer loop
      vertex 10.8636 0.75 14.8011
      vertex 10.3625 0.75 13.9332
      vertex 10.9467 0.75 14.7457
    endloop
  endfacet
  facet normal 0 -1 0
    outer loop
      vertex 10.4459 0.75 13.8783
      vertex 10.9467 0.75 14.7457
      vertex 10.3625 0.75 13.9332
    endloop
  endfacet
  facet normal 0 -1 -0
    outer loop
      vertex 10.9467 0.75 14.7457
      vertex 10.4459 0.75 13.8783
      vertex 11.0304 0.75 14.6912
    endloop
  endfacet
  facet normal 0 -1 0
    outer loop
      vertex 10.5299 0.75 13.8242
      vertex 11.0304 0.75 14.6912
      vertex 10.4459 0.75 13.8783
    endloop
  endfacet
  facet normal 0 -1 -0
    outer loop
      vertex 11.0304 0.75 14.6912
      vertex 10.5299 0.75 13.8242
      vertex 11.1147 0.75 14.6376
    endloop
  endfacet
  facet normal 0 -1 0
    outer loop
      vertex 10.6145 0.75 13.771
      vertex 11.1147 0.75 14.6376
      vertex 10.5299 0.75 13.8242
    endloop
  endfacet
  facet normal 0 -1 -0
    outer loop
      vertex 11.1147 0.75 14.6376
      vertex 10.6145 0.75 13.771
      vertex 11.1996 0.75 14.5849
    endloop
  endfacet
  facet normal 0 -1 0
    outer loop
      vertex 10.6995 0.75 13.7186
      vertex 11.1996 0.75 14.5849
      vertex 10.6145 0.75 13.771
    endloop
  endfacet
  facet normal 0 -1 -0
    outer loop
      vertex 11.1996 0.75 14.5849
      vertex 10.6995 0.75 13.7186
      vertex 11.2851 0.75 14.5332
    endloop
  endfacet
  facet normal 0 -1 0
    outer loop
      vertex 10.7851 0.75 13.6671
      vertex 11.2851 0.75 14.5332
      vertex 10.6995 0.75 13.7186
    endloop
  endfacet
  facet normal 0 -1 -0
    outer loop
      vertex 11.2851 0.75 14.5332
      vertex 10.7851 0.75 13.6671
      vertex 11.3712 0.75 14.4825
    endloop
  endfacet
  facet normal 0 -1 0
    outer loop
      vertex 10.8712 0.75 13.6164
      vertex 11.3712 0.75 14.4825
      vertex 10.7851 0.75 13.6671
    endloop
  endfacet
  facet normal 0 -1 -0
    outer loop
      vertex 11.3712 0.75 14.4825
      vertex 10.8712 0.75 13.6164
      vertex 11.4578 0.75 14.4327
    endloop
  endfacet
  facet normal 0 -1 0
    outer loop
      vertex 10.9578 0.75 13.5666
      vertex 11.4578 0.75 14.4327
      vertex 10.8712 0.75 13.6164
    endloop
  endfacet
  facet normal 0 -1 0
    outer loop
      vertex 11.0449 0.75 13.5177
      vertex 11.4578 0.75 14.4327
      vertex 10.9578 0.75 13.5666
    endloop
  endfacet
  facet normal 0 -1 -0
    outer loop
      vertex 11.4578 0.75 14.4327
      vertex 11.0449 0.75 13.5177
      vertex 11.545 0.75 14.3839
    endloop
  endfacet
  facet normal 0 -1 0
    outer loop
      vertex 11.1324 0.75 13.4696
      vertex 11.545 0.75 14.3839
      vertex 11.0449 0.75 13.5177
    endloop
  endfacet
  facet normal 0 -1 -0
    outer loop
      vertex 11.545 0.75 14.3839
      vertex 11.1324 0.75 13.4696
      vertex 11.6327 0.75 14.336
    endloop
  endfacet
  facet normal 0 -1 0
    outer loop
      vertex 11.2205 0.75 13.4225
      vertex 11.6327 0.75 14.336
      vertex 11.1324 0.75 13.4696
    endloop
  endfacet
  facet normal 0 -1 -0
    outer loop
      vertex 11.6327 0.75 14.336
      vertex 11.2205 0.75 13.4225
      vertex 11.7209 0.75 14.2891
    endloop
  endfacet
  facet normal 0 -1 0
    outer loop
      vertex 11.309 0.75 13.3762
      vertex 11.7209 0.75 14.2891
      vertex 11.2205 0.75 13.4225
    endloop
  endfacet
  facet normal 0 -1 -0
    outer loop
      vertex 11.7209 0.75 14.2891
      vertex 11.309 0.75 13.3762
      vertex 11.8096 0.75 14.2432
    endloop
  endfacet
  facet normal 0 -1 0
    outer loop
      vertex 11.398 0.75 13.3307
      vertex 11.8096 0.75 14.2432
      vertex 11.309 0.75 13.3762
    endloop
  endfacet
  facet normal 0 -1 -0
    outer loop
      vertex 11.8096 0.75 14.2432
      vertex 11.398 0.75 13.3307
      vertex 11.8989 0.75 14.1983
    endloop
  endfacet
  facet normal 0 -1 0
    outer loop
      vertex 11.4874 0.75 13.2862
      vertex 11.8989 0.75 14.1983
      vertex 11.398 0.75 13.3307
    endloop
  endfacet
  facet normal 0 -1 -0
    outer loop
      vertex 11.8989 0.75 14.1983
      vertex 11.4874 0.75 13.2862
      vertex 11.9886 0.75 14.1544
    endloop
  endfacet
  facet normal 0 -1 0
    outer loop
      vertex 11.5772 0.75 13.2426
      vertex 11.9886 0.75 14.1544
      vertex 11.4874 0.75 13.2862
    endloop
  endfacet
  facet normal 0 -1 -0
    outer loop
      vertex 11.9886 0.75 14.1544
      vertex 11.5772 0.75 13.2426
      vertex 12.0788 0.75 14.1115
    endloop
  endfacet
  facet normal 0 -1 0
    outer loop
      vertex 11.6675 0.75 13.1999
      vertex 12.0788 0.75 14.1115
      vertex 11.5772 0.75 13.2426
    endloop
  endfacet
  facet normal 0 -1 -0
    outer loop
      vertex 12.0788 0.75 14.1115
      vertex 11.6675 0.75 13.1999
      vertex 12.1695 0.75 14.0695
    endloop
  endfacet
  facet normal 0 -1 0
    outer loop
      vertex 11.7582 0.75 13.158
      vertex 12.1695 0.75 14.0695
      vertex 11.6675 0.75 13.1999
    endloop
  endfacet
  facet normal 0 -1 -0
    outer loop
      vertex 12.1695 0.75 14.0695
      vertex 11.7582 0.75 13.158
      vertex 12.2607 0.75 14.0286
    endloop
  endfacet
  facet normal 0 -1 0
    outer loop
      vertex 11.8494 0.75 13.1171
      vertex 12.2607 0.75 14.0286
      vertex 11.7582 0.75 13.158
    endloop
  endfacet
  facet normal 0 -1 0
    outer loop
      vertex 11.9409 0.75 13.0771
      vertex 12.2607 0.75 14.0286
      vertex 11.8494 0.75 13.1171
    endloop
  endfacet
  facet normal 0 -1 -0
    outer loop
      vertex 12.2607 0.75 14.0286
      vertex 11.9409 0.75 13.0771
      vertex 12.3523 0.75 13.9887
    endloop
  endfacet
  facet normal 0 -1 0
    outer loop
      vertex 12.0328 0.75 13.038
      vertex 12.3523 0.75 13.9887
      vertex 11.9409 0.75 13.0771
    endloop
  endfacet
  facet normal 0 -1 -0
    outer loop
      vertex 12.3523 0.75 13.9887
      vertex 12.0328 0.75 13.038
      vertex 12.4443 0.75 13.9499
    endloop
  endfacet
  facet normal 0 -1 0
    outer loop
      vertex 12.1251 0.75 12.9998
      vertex 12.4443 0.75 13.9499
      vertex 12.0328 0.75 13.038
    endloop
  endfacet
  facet normal 0 -1 -0
    outer loop
      vertex 12.4443 0.75 13.9499
      vertex 12.1251 0.75 12.9998
      vertex 12.5368 0.75 13.912
    endloop
  endfacet
  facet normal 0 -1 0
    outer loop
      vertex 12.2178 0.75 12.9626
      vertex 12.5368 0.75 13.912
      vertex 12.1251 0.75 12.9998
    endloop
  endfacet
  facet normal 0 -1 -0
    outer loop
      vertex 12.5368 0.75 13.912
      vertex 12.2178 0.75 12.9626
      vertex 12.6297 0.75 13.8752
    endloop
  endfacet
  facet normal 0 -1 0
    outer loop
      vertex 12.3109 0.75 12.9263
      vertex 12.6297 0.75 13.8752
      vertex 12.2178 0.75 12.9626
    endloop
  endfacet
  facet normal 0 -1 -0
    outer loop
      vertex 12.6297 0.75 13.8752
      vertex 12.3109 0.75 12.9263
      vertex 12.7229 0.75 13.8394
    endloop
  endfacet
  facet normal 0 -1 0
    outer loop
      vertex 12.4043 0.75 12.8909
      vertex 12.7229 0.75 13.8394
      vertex 12.3109 0.75 12.9263
    endloop
  endfacet
  facet normal 0 -1 -0
    outer loop
      vertex 12.7229 0.75 13.8394
      vertex 12.4043 0.75 12.8909
      vertex 12.8166 0.75 13.8047
    endloop
  endfacet
  facet normal 0 -1 0
    outer loop
      vertex 12.4981 0.75 12.8564
      vertex 12.8166 0.75 13.8047
      vertex 12.4043 0.75 12.8909
    endloop
  endfacet
  facet normal 0 -1 -0
    outer loop
      vertex 12.8166 0.75 13.8047
      vertex 12.4981 0.75 12.8564
      vertex 12.9107 0.75 13.771
    endloop
  endfacet
  facet normal 0 -1 0
    outer loop
      vertex 12.5922 0.75 12.8229
      vertex 12.9107 0.75 13.771
      vertex 12.4981 0.75 12.8564
    endloop
  endfacet
  facet normal 0 -1 -0
    outer loop
      vertex 12.9107 0.75 13.771
      vertex 12.5922 0.75 12.8229
      vertex 13.0051 0.75 13.7383
    endloop
  endfacet
  facet normal 0 -1 0
    outer loop
      vertex 12.6866 0.75 12.7904
      vertex 13.0051 0.75 13.7383
      vertex 12.5922 0.75 12.8229
    endloop
  endfacet
  facet normal 0 -1 -0
    outer loop
      vertex 13.0051 0.75 13.7383
      vertex 12.6866 0.75 12.7904
      vertex 13.0998 0.75 13.7067
    endloop
  endfacet
  facet normal 0 -1 0
    outer loop
      vertex 12.7813 0.75 12.7587
      vertex 13.0998 0.75 13.7067
      vertex 12.6866 0.75 12.7904
    endloop
  endfacet
  facet normal 0 -1 0
    outer loop
      vertex 12.8764 0.75 12.7281
      vertex 13.0998 0.75 13.7067
      vertex 12.7813 0.75 12.7587
    endloop
  endfacet
  facet normal 0 -1 -0
    outer loop
      vertex 13.0998 0.75 13.7067
      vertex 12.8764 0.75 12.7281
      vertex 13.195 0.75 13.6761
    endloop
  endfacet
  facet normal 0 -1 0
    outer loop
      vertex 12.9718 0.75 12.6983
      vertex 13.195 0.75 13.6761
      vertex 12.8764 0.75 12.7281
    endloop
  endfacet
  facet normal 0 -1 -0
    outer loop
      vertex 13.195 0.75 13.6761
      vertex 12.9718 0.75 12.6983
      vertex 13.2904 0.75 13.6466
    endloop
  endfacet
  facet normal 0 -1 0
    outer loop
      vertex 13.0674 0.75 12.6696
      vertex 13.2904 0.75 13.6466
      vertex 12.9718 0.75 12.6983
    endloop
  endfacet
  facet normal 0 -1 -0
    outer loop
      vertex 13.2904 0.75 13.6466
      vertex 13.0674 0.75 12.6696
      vertex 13.3862 0.75 13.6182
    endloop
  endfacet
  facet normal 0 -1 0
    outer loop
      vertex 13.1634 0.75 12.6417
      vertex 13.3862 0.75 13.6182
      vertex 13.0674 0.75 12.6696
    endloop
  endfacet
  facet normal 0 -1 -0
    outer loop
      vertex 13.3862 0.75 13.6182
      vertex 13.1634 0.75 12.6417
      vertex 13.4823 0.75 13.5908
    endloop
  endfacet
  facet normal 0 -1 0
    outer loop
      vertex 13.2596 0.75 12.6149
      vertex 13.4823 0.75 13.5908
      vertex 13.1634 0.75 12.6417
    endloop
  endfacet
  facet normal 0 -1 -0
    outer loop
      vertex 13.4823 0.75 13.5908
      vertex 13.2596 0.75 12.6149
      vertex 13.5787 0.75 13.5645
    endloop
  endfacet
  facet normal 0 -1 0
    outer loop
      vertex 13.3561 0.75 12.589
      vertex 13.5787 0.75 13.5645
      vertex 13.2596 0.75 12.6149
    endloop
  endfacet
  facet normal 0 -1 -0
    outer loop
      vertex 13.5787 0.75 13.5645
      vertex 13.3561 0.75 12.589
      vertex 13.6753 0.75 13.5393
    endloop
  endfacet
  facet normal 0 -1 0
    outer loop
      vertex 13.4528 0.75 12.5641
      vertex 13.6753 0.75 13.5393
      vertex 13.3561 0.75 12.589
    endloop
  endfacet
  facet normal 0 -1 -0
    outer loop
      vertex 13.6753 0.75 13.5393
      vertex 13.4528 0.75 12.5641
      vertex 13.7723 0.75 13.5151
    endloop
  endfacet
  facet normal 0 -1 -0
    outer loop
      vertex 13.7723 0.75 13.5151
      vertex 13.5498 0.75 12.5401
      vertex 13.8695 0.75 13.492
    endloop
  endfacet
  facet normal 0 -1 0
    outer loop
      vertex 13.5498 0.75 12.5401
      vertex 13.7723 0.75 13.5151
      vertex 13.4528 0.75 12.5641
    endloop
  endfacet
  facet normal 0 -1 0
    outer loop
      vertex 15.85 0.75 31.2599
      vertex 15.925 0.75 32.26
      vertex 15.8251 0.75 32.2597
    endloop
  endfacet
  facet normal 0 -1 0
    outer loop
      vertex 15.7501 0.75 31.2588
      vertex 15.8251 0.75 32.2597
      vertex 15.7252 0.75 32.2585
    endloop
  endfacet
  facet normal 0 -1 -0
    outer loop
      vertex 15.925 0.75 32.26
      vertex 15.85 0.75 31.2599
      vertex 15.95 0.75 31.2599
    endloop
  endfacet
  facet normal 0 -1 0
    outer loop
      vertex 15.7501 0.75 31.2588
      vertex 15.7252 0.75 32.2585
      vertex 15.6253 0.75 32.2562
    endloop
  endfacet
  facet normal 0 -1 0
    outer loop
      vertex 15.925 0.75 32.26
      vertex 15.95 0.75 31.2599
      vertex 16.0249 0.75 32.2592
    endloop
  endfacet
  facet normal 0 -1 0
    outer loop
      vertex 15.7501 0.75 31.2588
      vertex 15.6253 0.75 32.2562
      vertex 15.5255 0.75 32.253
    endloop
  endfacet
  facet normal 0 -1 0
    outer loop
      vertex 16.0499 0.75 31.2588
      vertex 16.0249 0.75 32.2592
      vertex 15.95 0.75 31.2599
    endloop
  endfacet
  facet normal 0 -1 0
    outer loop
      vertex 15.7501 0.75 31.2588
      vertex 15.5255 0.75 32.253
      vertex 15.4257 0.75 32.2487
    endloop
  endfacet
  facet normal 0 -1 0
    outer loop
      vertex 16.0249 0.75 32.2592
      vertex 16.0499 0.75 31.2588
      vertex 16.1247 0.75 32.2575
    endloop
  endfacet
  facet normal 0 -1 0
    outer loop
      vertex 15.7501 0.75 31.2588
      vertex 15.4257 0.75 32.2487
      vertex 15.3259 0.75 32.2435
    endloop
  endfacet
  facet normal 0 -1 0
    outer loop
      vertex 16.1497 0.75 31.2565
      vertex 16.1247 0.75 32.2575
      vertex 16.0499 0.75 31.2588
    endloop
  endfacet
  facet normal 0 -1 0
    outer loop
      vertex 15.7501 0.75 31.2588
      vertex 15.3259 0.75 32.2435
      vertex 15.2262 0.75 32.2373
    endloop
  endfacet
  facet normal 0 -1 0
    outer loop
      vertex 16.1247 0.75 32.2575
      vertex 16.1497 0.75 31.2565
      vertex 16.2246 0.75 32.2547
    endloop
  endfacet
  facet normal 0 -1 0
    outer loop
      vertex 15.7501 0.75 31.2588
      vertex 15.2262 0.75 32.2373
      vertex 15.1266 0.75 32.23
    endloop
  endfacet
  facet normal 0 -1 0
    outer loop
      vertex 16.2496 0.75 31.2532
      vertex 16.2246 0.75 32.2547
      vertex 16.1497 0.75 31.2565
    endloop
  endfacet
  facet normal 0 -1 0
    outer loop
      vertex 15.7501 0.75 31.2588
      vertex 15.1266 0.75 32.23
      vertex 15.0271 0.75 32.2218
    endloop
  endfacet
  facet normal 0 -1 0
    outer loop
      vertex 16.2246 0.75 32.2547
      vertex 16.2496 0.75 31.2532
      vertex 16.3244 0.75 32.251
    endloop
  endfacet
  facet normal 0 -1 0
    outer loop
      vertex 15.7501 0.75 31.2588
      vertex 15.0271 0.75 32.2218
      vertex 14.9276 0.75 32.2126
    endloop
  endfacet
  facet normal 0 -1 0
    outer loop
      vertex 16.3494 0.75 31.2488
      vertex 16.3244 0.75 32.251
      vertex 16.2496 0.75 31.2532
    endloop
  endfacet
  facet normal 0 -1 0
    outer loop
      vertex 15.7501 0.75 31.2588
      vertex 14.9276 0.75 32.2126
      vertex 14.8282 0.75 32.2024
    endloop
  endfacet
  facet normal 0 -1 0
    outer loop
      vertex 16.3244 0.75 32.251
      vertex 16.3494 0.75 31.2488
      vertex 16.4242 0.75 32.2463
    endloop
  endfacet
  facet normal 0 -1 0
    outer loop
      vertex 15.7501 0.75 31.2588
      vertex 14.8282 0.75 32.2024
      vertex 14.729 0.75 32.1912
    endloop
  endfacet
  facet normal 0 -1 0
    outer loop
      vertex 16.4492 0.75 31.2432
      vertex 16.4242 0.75 32.2463
      vertex 16.3494 0.75 31.2488
    endloop
  endfacet
  facet normal 0 -1 0
    outer loop
      vertex 15.7501 0.75 31.2588
      vertex 14.729 0.75 32.1912
      vertex 14.6298 0.75 32.179
    endloop
  endfacet
  facet normal 0 -1 0
    outer loop
      vertex 16.4242 0.75 32.2463
      vertex 16.4492 0.75 31.2432
      vertex 16.5239 0.75 32.2405
    endloop
  endfacet
  facet normal 0 -1 0
    outer loop
      vertex 15.7501 0.75 31.2588
      vertex 14.6298 0.75 32.179
      vertex 14.5308 0.75 32.1658
    endloop
  endfacet
  facet normal 0 -1 0
    outer loop
      vertex 16.5488 0.75 31.2366
      vertex 16.5239 0.75 32.2405
      vertex 16.4492 0.75 31.2432
    endloop
  endfacet
  facet normal 0 -1 0
    outer loop
      vertex 15.7501 0.75 31.2588
      vertex 14.5308 0.75 32.1658
      vertex 14.4319 0.75 32.1516
    endloop
  endfacet
  facet normal 0 -1 0
    outer loop
      vertex 16.5239 0.75 32.2405
      vertex 16.5488 0.75 31.2366
      vertex 16.6236 0.75 32.2338
    endloop
  endfacet
  facet normal 0 -1 0
    outer loop
      vertex 15.7501 0.75 31.2588
      vertex 14.4319 0.75 32.1516
      vertex 14.3332 0.75 32.1365
    endloop
  endfacet
  facet normal 0 -1 -0
    outer loop
      vertex 16.6236 0.75 32.2338
      vertex 16.5488 0.75 31.2366
      vertex 16.7232 0.75 32.2261
    endloop
  endfacet
  facet normal 0 -1 0
    outer loop
      vertex 15.7501 0.75 31.2588
      vertex 14.3332 0.75 32.1365
      vertex 14.2346 0.75 32.1203
    endloop
  endfacet
  facet normal 0 -1 0
    outer loop
      vertex 16.6485 0.75 31.2288
      vertex 16.7232 0.75 32.2261
      vertex 16.5488 0.75 31.2366
    endloop
  endfacet
  facet normal 0 -1 0
    outer loop
      vertex 15.7501 0.75 31.2588
      vertex 14.2346 0.75 32.1203
      vertex 14.1362 0.75 32.1032
    endloop
  endfacet
  facet normal 0 -1 -0
    outer loop
      vertex 16.7232 0.75 32.2261
      vertex 16.6485 0.75 31.2288
      vertex 16.8227 0.75 32.2173
    endloop
  endfacet
  facet normal 0 -1 0
    outer loop
      vertex 15.7501 0.75 31.2588
      vertex 14.1362 0.75 32.1032
      vertex 14.038 0.75 32.0851
    endloop
  endfacet
  facet normal 0 -1 0
    outer loop
      vertex 16.748 0.75 31.22
      vertex 16.8227 0.75 32.2173
      vertex 16.6485 0.75 31.2288
    endloop
  endfacet
  facet normal 0 -1 0
    outer loop
      vertex 15.7501 0.75 31.2588
      vertex 14.038 0.75 32.0851
      vertex 13.9399 0.75 32.066
    endloop
  endfacet
  facet normal 0 -1 -0
    outer loop
      vertex 16.8227 0.75 32.2173
      vertex 16.748 0.75 31.22
      vertex 16.9221 0.75 32.2076
    endloop
  endfacet
  facet normal 0 -1 0
    outer loop
      vertex 15.7501 0.75 31.2588
      vertex 13.9399 0.75 32.066
      vertex 13.8421 0.75 32.046
    endloop
  endfacet
  facet normal 0 -1 0
    outer loop
      vertex 16.8474 0.75 31.21
      vertex 16.9221 0.75 32.2076
      vertex 16.748 0.75 31.22
    endloop
  endfacet
  facet normal 0 -1 0
    outer loop
      vertex 15.7501 0.75 31.2588
      vertex 13.8421 0.75 32.046
      vertex 13.7444 0.75 32.0249
    endloop
  endfacet
  facet normal 0 -1 -0
    outer loop
      vertex 16.9221 0.75 32.2076
      vertex 16.8474 0.75 31.21
      vertex 17.0214 0.75 32.1969
    endloop
  endfacet
  facet normal 0 -1 0
    outer loop
      vertex 15.7501 0.75 31.2588
      vertex 13.7444 0.75 32.0249
      vertex 13.647 0.75 32.0029
    endloop
  endfacet
  facet normal 0 -1 0
    outer loop
      vertex 16.9467 0.75 31.1989
      vertex 17.0214 0.75 32.1969
      vertex 16.8474 0.75 31.21
    endloop
  endfacet
  facet normal 0 -1 0
    outer loop
      vertex 15.7501 0.75 31.2588
      vertex 13.647 0.75 32.0029
      vertex 13.5498 0.75 31.9799
    endloop
  endfacet
  facet normal 0 -1 -0
    outer loop
      vertex 17.0214 0.75 32.1969
      vertex 16.9467 0.75 31.1989
      vertex 17.1206 0.75 32.1852
    endloop
  endfacet
  facet normal 0 -1 0
    outer loop
      vertex 15.7501 0.75 31.2588
      vertex 13.5498 0.75 31.9799
      vertex 13.4528 0.75 31.9559
    endloop
  endfacet
  facet normal 0 -1 0
    outer loop
      vertex 17.0458 0.75 31.1868
      vertex 17.1206 0.75 32.1852
      vertex 16.9467 0.75 31.1989
    endloop
  endfacet
  facet normal 0 -1 0
    outer loop
      vertex 15.7501 0.75 31.2588
      vertex 13.4528 0.75 31.9559
      vertex 13.3561 0.75 31.931
    endloop
  endfacet
  facet normal 0 -1 -0
    outer loop
      vertex 17.1206 0.75 32.1852
      vertex 17.0458 0.75 31.1868
      vertex 17.2197 0.75 32.1725
    endloop
  endfacet
  facet normal 0 -1 0
    outer loop
      vertex 15.7501 0.75 31.2588
      vertex 13.3561 0.75 31.931
      vertex 13.2596 0.75 31.9051
    endloop
  endfacet
  facet normal 0 -1 0
    outer loop
      vertex 17.1449 0.75 31.1735
      vertex 17.2197 0.75 32.1725
      vertex 17.0458 0.75 31.1868
    endloop
  endfacet
  facet normal 0 -1 0
    outer loop
      vertex 15.7501 0.75 31.2588
      vertex 13.2596 0.75 31.9051
      vertex 13.1634 0.75 31.8783
    endloop
  endfacet
  facet normal 0 -1 -0
    outer loop
      vertex 17.2197 0.75 32.1725
      vertex 17.1449 0.75 31.1735
      vertex 17.3187 0.75 32.1589
    endloop
  endfacet
  facet normal 0 -1 0
    outer loop
      vertex 15.7501 0.75 31.2588
      vertex 13.1634 0.75 31.8783
      vertex 13.0674 0.75 31.8504
    endloop
  endfacet
  facet normal 0 -1 0
    outer loop
      vertex 17.2437 0.75 31.1591
      vertex 17.3187 0.75 32.1589
      vertex 17.1449 0.75 31.1735
    endloop
  endfacet
  facet normal 0 -1 0
    outer loop
      vertex 15.7501 0.75 31.2588
      vertex 13.0674 0.75 31.8504
      vertex 12.9718 0.75 31.8217
    endloop
  endfacet
  facet normal 0 -1 -0
    outer loop
      vertex 17.3187 0.75 32.1589
      vertex 17.2437 0.75 31.1591
      vertex 17.4175 0.75 32.1442
    endloop
  endfacet
  facet normal 0 -1 0
    outer loop
      vertex 15.7501 0.75 31.2588
      vertex 12.9718 0.75 31.8217
      vertex 12.8764 0.75 31.7919
    endloop
  endfacet
  facet normal 0 -1 0
    outer loop
      vertex 17.3424 0.75 31.1437
      vertex 17.4175 0.75 32.1442
      vertex 17.2437 0.75 31.1591
    endloop
  endfacet
  facet normal 0 -1 0
    outer loop
      vertex 15.7501 0.75 31.2588
      vertex 12.8764 0.75 31.7919
      vertex 12.7813 0.75 31.7613
    endloop
  endfacet
  facet normal 0 -1 -0
    outer loop
      vertex 17.4175 0.75 32.1442
      vertex 17.3424 0.75 31.1437
      vertex 17.5161 0.75 32.1285
    endloop
  endfacet
  facet normal 0 -1 0
    outer loop
      vertex 15.7501 0.75 31.2588
      vertex 12.7813 0.75 31.7613
      vertex 12.6866 0.75 31.7296
    endloop
  endfacet
  facet normal 0 -1 0
    outer loop
      vertex 17.441 0.75 31.1271
      vertex 17.5161 0.75 32.1285
      vertex 17.3424 0.75 31.1437
    endloop
  endfacet
  facet normal 0 -1 0
    outer loop
      vertex 15.7501 0.75 31.2588
      vertex 12.6866 0.75 31.7296
      vertex 12.5922 0.75 31.6971
    endloop
  endfacet
  facet normal 0 -1 -0
    outer loop
      vertex 17.5161 0.75 32.1285
      vertex 17.441 0.75 31.1271
      vertex 17.6146 0.75 32.1119
    endloop
  endfacet
  facet normal 0 -1 0
    outer loop
      vertex 15.7501 0.75 31.2588
      vertex 12.5922 0.75 31.6971
      vertex 12.4981 0.75 31.6636
    endloop
  endfacet
  facet normal 0 -1 -0
    outer loop
      vertex 17.6146 0.75 32.1119
      vertex 17.441 0.75 31.1271
      vertex 17.7129 0.75 32.0943
    endloop
  endfacet
  facet normal 0 -1 0
    outer loop
      vertex 15.7501 0.75 31.2588
      vertex 12.4981 0.75 31.6636
      vertex 12.4043 0.75 31.6291
    endloop
  endfacet
  facet normal 0 -1 0
    outer loop
      vertex 17.5393 0.75 31.1094
      vertex 17.7129 0.75 32.0943
      vertex 17.441 0.75 31.1271
    endloop
  endfacet
  facet normal 0 -1 0
    outer loop
      vertex 15.7501 0.75 31.2588
      vertex 12.4043 0.75 31.6291
      vertex 12.3109 0.75 31.5937
    endloop
  endfacet
  facet normal 0 -1 -0
    outer loop
      vertex 17.7129 0.75 32.0943
      vertex 17.5393 0.75 31.1094
      vertex 17.8111 0.75 32.0757
    endloop
  endfacet
  facet normal 0 -1 0
    outer loop
      vertex 15.7501 0.75 31.2588
      vertex 12.3109 0.75 31.5937
      vertex 12.2178 0.75 31.5574
    endloop
  endfacet
  facet normal 0 -1 0
    outer loop
      vertex 17.6374 0.75 31.0907
      vertex 17.8111 0.75 32.0757
      vertex 17.5393 0.75 31.1094
    endloop
  endfacet
  facet normal 0 -1 0
    outer loop
      vertex 15.7501 0.75 31.2588
      vertex 12.2178 0.75 31.5574
      vertex 12.1251 0.75 31.5202
    endloop
  endfacet
  facet normal 0 -1 -0
    outer loop
      vertex 17.8111 0.75 32.0757
      vertex 17.6374 0.75 31.0907
      vertex 17.909 0.75 32.0561
    endloop
  endfacet
  facet normal 0 -1 0
    outer loop
      vertex 15.7501 0.75 31.2588
      vertex 12.1251 0.75 31.5202
      vertex 12.0328 0.75 31.482
    endloop
  endfacet
  facet normal 0 -1 0
    outer loop
      vertex 17.7354 0.75 31.0709
      vertex 17.909 0.75 32.0561
      vertex 17.6374 0.75 31.0907
    endloop
  endfacet
  facet normal 0 -1 0
    outer loop
      vertex 15.7501 0.75 31.2588
      vertex 12.0328 0.75 31.482
      vertex 11.9409 0.75 31.4429
    endloop
  endfacet
  facet normal 0 -1 -0
    outer loop
      vertex 17.909 0.75 32.0561
      vertex 17.7354 0.75 31.0709
      vertex 18.0068 0.75 32.0356
    endloop
  endfacet
  facet normal 0 -1 0
    outer loop
      vertex 15.7501 0.75 31.2588
      vertex 11.9409 0.75 31.4429
      vertex 11.8494 0.75 31.4029
    endloop
  endfacet
  facet normal 0 -1 0
    outer loop
      vertex 17.833 0.75 31.05
      vertex 18.0068 0.75 32.0356
      vertex 17.7354 0.75 31.0709
    endloop
  endfacet
  facet normal 0 -1 0
    outer loop
      vertex 15.7501 0.75 31.2588
      vertex 11.8494 0.75 31.4029
      vertex 11.7582 0.75 31.362
    endloop
  endfacet
  facet normal 0 -1 -0
    outer loop
      vertex 18.0068 0.75 32.0356
      vertex 17.833 0.75 31.05
      vertex 18.1043 0.75 32.014
    endloop
  endfacet
  facet normal 0 -1 0
    outer loop
      vertex 15.7501 0.75 31.2588
      vertex 11.7582 0.75 31.362
      vertex 11.6675 0.75 31.3201
    endloop
  endfacet
  facet normal 0 -1 0
    outer loop
      vertex 17.9305 0.75 31.028
      vertex 18.1043 0.75 32.014
      vertex 17.833 0.75 31.05
    endloop
  endfacet
  facet normal 0 -1 0
    outer loop
      vertex 12.0788 0.75 30.4085
      vertex 11.6675 0.75 31.3201
      vertex 11.5772 0.75 31.2774
    endloop
  endfacet
  facet normal 0 -1 -0
    outer loop
      vertex 18.1043 0.75 32.014
      vertex 17.9305 0.75 31.028
      vertex 18.2017 0.75 31.9915
    endloop
  endfacet
  facet normal 0 -1 0
    outer loop
      vertex 18.0277 0.75 31.0049
      vertex 18.2017 0.75 31.9915
      vertex 17.9305 0.75 31.028
    endloop
  endfacet
  facet normal 0 -1 -0
    outer loop
      vertex 18.2017 0.75 31.9915
      vertex 18.0277 0.75 31.0049
      vertex 18.2988 0.75 31.968
    endloop
  endfacet
  facet normal 0 -1 0
    outer loop
      vertex 18.1247 0.75 30.9807
      vertex 18.2988 0.75 31.968
      vertex 18.0277 0.75 31.0049
    endloop
  endfacet
  facet normal 0 -1 -0
    outer loop
      vertex 18.2988 0.75 31.968
      vertex 18.1247 0.75 30.9807
      vertex 18.3956 0.75 31.9436
    endloop
  endfacet
  facet normal 0 -1 0
    outer loop
      vertex 18.2213 0.75 30.9555
      vertex 18.3956 0.75 31.9436
      vertex 18.1247 0.75 30.9807
    endloop
  endfacet
  facet normal 0 -1 -0
    outer loop
      vertex 18.3956 0.75 31.9436
      vertex 18.2213 0.75 30.9555
      vertex 18.4922 0.75 31.9182
    endloop
  endfacet
  facet normal 0 -1 0
    outer loop
      vertex 18.3177 0.75 30.9292
      vertex 18.4922 0.75 31.9182
      vertex 18.2213 0.75 30.9555
    endloop
  endfacet
  facet normal 0 -1 -0
    outer loop
      vertex 18.4922 0.75 31.9182
      vertex 18.3177 0.75 30.9292
      vertex 18.5886 0.75 31.8918
    endloop
  endfacet
  facet normal 0 -1 -0
    outer loop
      vertex 18.5886 0.75 31.8918
      vertex 18.3177 0.75 30.9292
      vertex 18.6846 0.75 31.8645
    endloop
  endfacet
  facet normal 0 -1 0
    outer loop
      vertex 18.4138 0.75 30.9018
      vertex 18.6846 0.75 31.8645
      vertex 18.3177 0.75 30.9292
    endloop
  endfacet
  facet normal 0 -1 -0
    outer loop
      vertex 18.6846 0.75 31.8645
      vertex 18.4138 0.75 30.9018
      vertex 18.7804 0.75 31.8362
    endloop
  endfacet
  facet normal 0 -1 0
    outer loop
      vertex 18.5096 0.75 30.8734
      vertex 18.7804 0.75 31.8362
      vertex 18.4138 0.75 30.9018
    endloop
  endfacet
  facet normal 0 -1 -0
    outer loop
      vertex 18.7804 0.75 31.8362
      vertex 18.5096 0.75 30.8734
      vertex 18.8759 0.75 31.8069
    endloop
  endfacet
  facet normal 0 -1 0
    outer loop
      vertex 18.605 0.75 30.8439
      vertex 18.8759 0.75 31.8069
      vertex 18.5096 0.75 30.8734
    endloop
  endfacet
  facet normal 0 -1 -0
    outer loop
      vertex 18.8759 0.75 31.8069
      vertex 18.605 0.75 30.8439
      vertex 18.9712 0.75 31.7767
    endloop
  endfacet
  facet normal 0 -1 0
    outer loop
      vertex 18.7001 0.75 30.8133
      vertex 18.9712 0.75 31.7767
      vertex 18.605 0.75 30.8439
    endloop
  endfacet
  facet normal 0 -1 -0
    outer loop
      vertex 18.9712 0.75 31.7767
      vertex 18.7001 0.75 30.8133
      vertex 19.0661 0.75 31.7456
    endloop
  endfacet
  facet normal 0 -1 0
    outer loop
      vertex 18.7949 0.75 30.7817
      vertex 19.0661 0.75 31.7456
      vertex 18.7001 0.75 30.8133
    endloop
  endfacet
  facet normal 0 -1 -0
    outer loop
      vertex 19.0661 0.75 31.7456
      vertex 18.7949 0.75 30.7817
      vertex 19.1607 0.75 31.7135
    endloop
  endfacet
  facet normal 0 -1 0
    outer loop
      vertex 18.8893 0.75 30.749
      vertex 19.1607 0.75 31.7135
      vertex 18.7949 0.75 30.7817
    endloop
  endfacet
  facet normal 0 -1 -0
    outer loop
      vertex 19.1607 0.75 31.7135
      vertex 18.8893 0.75 30.749
      vertex 19.2549 0.75 31.6804
    endloop
  endfacet
  facet normal 0 -1 0
    outer loop
      vertex 18.9834 0.75 30.7153
      vertex 19.2549 0.75 31.6804
      vertex 18.8893 0.75 30.749
    endloop
  endfacet
  facet normal 0 -1 -0
    outer loop
      vertex 19.2549 0.75 31.6804
      vertex 18.9834 0.75 30.7153
      vertex 19.3489 0.75 31.6464
    endloop
  endfacet
  facet normal 0 -1 0
    outer loop
      vertex 19.0771 0.75 30.6806
      vertex 19.3489 0.75 31.6464
      vertex 18.9834 0.75 30.7153
    endloop
  endfacet
  facet normal 0 -1 -0
    outer loop
      vertex 19.3489 0.75 31.6464
      vertex 19.0771 0.75 30.6806
      vertex 19.4425 0.75 31.6115
    endloop
  endfacet
  facet normal 0 -1 0
    outer loop
      vertex 19.1703 0.75 30.6448
      vertex 19.4425 0.75 31.6115
      vertex 19.0771 0.75 30.6806
    endloop
  endfacet
  facet normal 0 -1 -0
    outer loop
      vertex 19.4425 0.75 31.6115
      vertex 19.1703 0.75 30.6448
      vertex 19.5357 0.75 31.5757
    endloop
  endfacet
  facet normal 0 -1 -0
    outer loop
      vertex 19.5357 0.75 31.5757
      vertex 19.1703 0.75 30.6448
      vertex 19.6286 0.75 31.5389
    endloop
  endfacet
  facet normal 0 -1 0
    outer loop
      vertex 19.2632 0.75 30.608
      vertex 19.6286 0.75 31.5389
      vertex 19.1703 0.75 30.6448
    endloop
  endfacet
  facet normal 0 -1 -0
    outer loop
      vertex 19.6286 0.75 31.5389
      vertex 19.2632 0.75 30.608
      vertex 19.7211 0.75 31.5012
    endloop
  endfacet
  facet normal 0 -1 0
    outer loop
      vertex 19.3557 0.75 30.5701
      vertex 19.7211 0.75 31.5012
      vertex 19.2632 0.75 30.608
    endloop
  endfacet
  facet normal 0 -1 -0
    outer loop
      vertex 19.7211 0.75 31.5012
      vertex 19.3557 0.75 30.5701
      vertex 19.8132 0.75 31.4626
    endloop
  endfacet
  facet normal 0 -1 0
    outer loop
      vertex 19.4477 0.75 30.5313
      vertex 19.8132 0.75 31.4626
      vertex 19.3557 0.75 30.5701
    endloop
  endfacet
  facet normal 0 -1 -0
    outer loop
      vertex 19.8132 0.75 31.4626
      vertex 19.4477 0.75 30.5313
      vertex 19.9049 0.75 31.423
    endloop
  endfacet
  facet normal 0 -1 0
    outer loop
      vertex 19.5393 0.75 30.4914
      vertex 19.9049 0.75 31.423
      vertex 19.4477 0.75 30.5313
    endloop
  endfacet
  facet normal 0 -1 -0
    outer loop
      vertex 19.9049 0.75 31.423
      vertex 19.5393 0.75 30.4914
      vertex 19.9962 0.75 31.3825
    endloop
  endfacet
  facet normal 0 -1 0
    outer loop
      vertex 19.6305 0.75 30.4505
      vertex 19.9962 0.75 31.3825
      vertex 19.5393 0.75 30.4914
    endloop
  endfacet
  facet normal 0 -1 -0
    outer loop
      vertex 19.9962 0.75 31.3825
      vertex 19.6305 0.75 30.4505
      vertex 20.0872 0.75 31.3412
    endloop
  endfacet
  facet normal 0 -1 0
    outer loop
      vertex 19.7212 0.75 30.4085
      vertex 20.0872 0.75 31.3412
      vertex 19.6305 0.75 30.4505
    endloop
  endfacet
  facet normal 0 -1 -0
    outer loop
      vertex 20.0872 0.75 31.3412
      vertex 19.7212 0.75 30.4085
      vertex 20.1777 0.75 31.2989
    endloop
  endfacet
  facet normal 0 -1 0
    outer loop
      vertex 19.8114 0.75 30.3656
      vertex 20.1777 0.75 31.2989
      vertex 19.7212 0.75 30.4085
    endloop
  endfacet
  facet normal 0 -1 -0
    outer loop
      vertex 20.1777 0.75 31.2989
      vertex 19.8114 0.75 30.3656
      vertex 20.2677 0.75 31.2557
    endloop
  endfacet
  facet normal 0 -1 0
    outer loop
      vertex 19.9011 0.75 30.3217
      vertex 20.2677 0.75 31.2557
      vertex 19.8114 0.75 30.3656
    endloop
  endfacet
  facet normal 0 -1 -0
    outer loop
      vertex 20.2677 0.75 31.2557
      vertex 19.9011 0.75 30.3217
      vertex 20.3574 0.75 31.2116
    endloop
  endfacet
  facet normal 0 -1 0
    outer loop
      vertex 19.9904 0.75 30.2768
      vertex 20.3574 0.75 31.2116
      vertex 19.9011 0.75 30.3217
    endloop
  endfacet
  facet normal 0 -1 -0
    outer loop
      vertex 20.3574 0.75 31.2116
      vertex 19.9904 0.75 30.2768
      vertex 20.4466 0.75 31.1667
    endloop
  endfacet
  facet normal 0 -1 -0
    outer loop
      vertex 20.4466 0.75 31.1667
      vertex 19.9904 0.75 30.2768
      vertex 20.5353 0.75 31.1208
    endloop
  endfacet
  facet normal 0 -1 0
    outer loop
      vertex 20.0791 0.75 30.2309
      vertex 20.5353 0.75 31.1208
      vertex 19.9904 0.75 30.2768
    endloop
  endfacet
  facet normal 0 -1 -0
    outer loop
      vertex 20.5353 0.75 31.1208
      vertex 20.0791 0.75 30.2309
      vertex 20.6236 0.75 31.0741
    endloop
  endfacet
  facet normal 0 -1 0
    outer loop
      vertex 20.1673 0.75 30.184
      vertex 20.6236 0.75 31.0741
      vertex 20.0791 0.75 30.2309
    endloop
  endfacet
  facet normal 0 -1 -0
    outer loop
      vertex 20.6236 0.75 31.0741
      vertex 20.1673 0.75 30.184
      vertex 20.7114 0.75 31.0264
    endloop
  endfacet
  facet normal 0 -1 0
    outer loop
      vertex 20.255 0.75 30.1361
      vertex 20.7114 0.75 31.0264
      vertex 20.1673 0.75 30.184
    endloop
  endfacet
  facet normal 0 -1 -0
    outer loop
      vertex 20.7114 0.75 31.0264
      vertex 20.255 0.75 30.1361
      vertex 20.7987 0.75 30.9779
    endloop
  endfacet
  facet normal 0 -1 0
    outer loop
      vertex 20.3422 0.75 30.0873
      vertex 20.7987 0.75 30.9779
      vertex 20.255 0.75 30.1361
    endloop
  endfacet
  facet normal 0 -1 -0
    outer loop
      vertex 20.7987 0.75 30.9779
      vertex 20.3422 0.75 30.0873
      vertex 20.8856 0.75 30.9286
    endloop
  endfacet
  facet normal 0 -1 0
    outer loop
      vertex 20.4288 0.75 30.0375
      vertex 20.8856 0.75 30.9286
      vertex 20.3422 0.75 30.0873
    endloop
  endfacet
  facet normal 0 -1 -0
    outer loop
      vertex 20.8856 0.75 30.9286
      vertex 20.4288 0.75 30.0375
      vertex 20.9719 0.75 30.8783
    endloop
  endfacet
  facet normal 0 -1 0
    outer loop
      vertex 20.5149 0.75 29.9868
      vertex 20.9719 0.75 30.8783
      vertex 20.4288 0.75 30.0375
    endloop
  endfacet
  facet normal 0 -1 -0
    outer loop
      vertex 20.9719 0.75 30.8783
      vertex 20.5149 0.75 29.9868
      vertex 21.0578 0.75 30.8272
    endloop
  endfacet
  facet normal 0 -1 0
    outer loop
      vertex 20.6004 0.75 29.9351
      vertex 21.0578 0.75 30.8272
      vertex 20.5149 0.75 29.9868
    endloop
  endfacet
  facet normal 0 -1 -0
    outer loop
      vertex 21.0578 0.75 30.8272
      vertex 20.6004 0.75 29.9351
      vertex 21.1431 0.75 30.7753
    endloop
  endfacet
  facet normal 0 -1 0
    outer loop
      vertex 20.6853 0.75 29.8824
      vertex 21.1431 0.75 30.7753
      vertex 20.6004 0.75 29.9351
    endloop
  endfacet
  facet normal 0 -1 -0
    outer loop
      vertex 21.1431 0.75 30.7753
      vertex 20.6853 0.75 29.8824
      vertex 21.2279 0.75 30.7225
    endloop
  endfacet
  facet normal 0 -1 0
    outer loop
      vertex 20.7696 0.75 29.8288
      vertex 21.2279 0.75 30.7225
      vertex 20.6853 0.75 29.8824
    endloop
  endfacet
  facet normal 0 -1 -0
    outer loop
      vertex 21.2279 0.75 30.7225
      vertex 20.7696 0.75 29.8288
      vertex 21.3121 0.75 30.6688
    endloop
  endfacet
  facet normal 0 -1 -0
    outer loop
      vertex 21.3121 0.75 30.6688
      vertex 20.7696 0.75 29.8288
      vertex 21.3959 0.75 30.6144
    endloop
  endfacet
  facet normal 0 -1 0
    outer loop
      vertex 20.8533 0.75 29.7743
      vertex 21.3959 0.75 30.6144
      vertex 20.7696 0.75 29.8288
    endloop
  endfacet
  facet normal 0 -1 -0
    outer loop
      vertex 21.3959 0.75 30.6144
      vertex 20.8533 0.75 29.7743
      vertex 21.479 0.75 30.5591
    endloop
  endfacet
  facet normal 0 -1 0
    outer loop
      vertex 20.9364 0.75 29.7189
      vertex 21.479 0.75 30.5591
      vertex 20.8533 0.75 29.7743
    endloop
  endfacet
  facet normal 0 -1 -0
    outer loop
      vertex 21.479 0.75 30.5591
      vertex 20.9364 0.75 29.7189
      vertex 21.5617 0.75 30.5029
    endloop
  endfacet
  facet normal 0 -1 0
    outer loop
      vertex 21.0189 0.75 29.6625
      vertex 21.5617 0.75 30.5029
      vertex 20.9364 0.75 29.7189
    endloop
  endfacet
  facet normal 0 -1 -0
    outer loop
      vertex 21.5617 0.75 30.5029
      vertex 21.0189 0.75 29.6625
      vertex 21.6437 0.75 30.4459
    endloop
  endfacet
  facet normal 0 -1 0
    outer loop
      vertex 21.1008 0.75 29.6052
      vertex 21.6437 0.75 30.4459
      vertex 21.0189 0.75 29.6625
    endloop
  endfacet
  facet normal 0 -1 -0
    outer loop
      vertex 21.6437 0.75 30.4459
      vertex 21.1008 0.75 29.6052
      vertex 21.7252 0.75 30.3882
    endloop
  endfacet
  facet normal 0 -1 0
    outer loop
      vertex 21.182 0.75 29.547
      vertex 21.7252 0.75 30.3882
      vertex 21.1008 0.75 29.6052
    endloop
  endfacet
  facet normal 0 -1 -0
    outer loop
      vertex 21.7252 0.75 30.3882
      vertex 21.182 0.75 29.547
      vertex 21.8061 0.75 30.3296
    endloop
  endfacet
  facet normal 0 -1 0
    outer loop
      vertex 21.2625 0.75 29.4879
      vertex 21.8061 0.75 30.3296
      vertex 21.182 0.75 29.547
    endloop
  endfacet
  facet normal 0 -1 -0
    outer loop
      vertex 21.8061 0.75 30.3296
      vertex 21.2625 0.75 29.4879
      vertex 21.8864 0.75 30.2702
    endloop
  endfacet
  facet normal 0 -1 0
    outer loop
      vertex 21.3425 0.75 29.428
      vertex 21.8864 0.75 30.2702
      vertex 21.2625 0.75 29.4879
    endloop
  endfacet
  facet normal 0 -1 -0
    outer loop
      vertex 21.8864 0.75 30.2702
      vertex 21.3425 0.75 29.428
      vertex 21.9661 0.75 30.21
    endloop
  endfacet
  facet normal 0 -1 0
    outer loop
      vertex 21.4217 0.75 29.3671
      vertex 21.9661 0.75 30.21
      vertex 21.3425 0.75 29.428
    endloop
  endfacet
  facet normal 0 -1 -0
    outer loop
      vertex 21.9661 0.75 30.21
      vertex 21.4217 0.75 29.3671
      vertex 22.0452 0.75 30.149
    endloop
  endfacet
  facet normal 0 -1 0
    outer loop
      vertex 21.5002 0.75 29.3054
      vertex 22.0452 0.75 30.149
      vertex 21.4217 0.75 29.3671
    endloop
  endfacet
  facet normal 0 -1 -0
    outer loop
      vertex 22.0452 0.75 30.149
      vertex 21.5002 0.75 29.3054
      vertex 22.1237 0.75 30.0872
    endloop
  endfacet
  facet normal 0 -1 -0
    outer loop
      vertex 22.1237 0.75 30.0872
      vertex 21.5002 0.75 29.3054
      vertex 22.2016 0.75 30.0246
    endloop
  endfacet
  facet normal 0 -1 0
    outer loop
      vertex 21.5781 0.75 29.2428
      vertex 22.2016 0.75 30.0246
      vertex 21.5002 0.75 29.3054
    endloop
  endfacet
  facet normal 0 -1 -0
    outer loop
      vertex 22.2016 0.75 30.0246
      vertex 21.5781 0.75 29.2428
      vertex 22.2789 0.75 29.9613
    endloop
  endfacet
  facet normal 0 -1 0
    outer loop
      vertex 21.6553 0.75 29.1793
      vertex 22.2789 0.75 29.9613
      vertex 21.5781 0.75 29.2428
    endloop
  endfacet
  facet normal 0 -1 -0
    outer loop
      vertex 22.2789 0.75 29.9613
      vertex 21.6553 0.75 29.1793
      vertex 22.3555 0.75 29.8972
    endloop
  endfacet
  facet normal 0 -1 0
    outer loop
      vertex 21.7317 0.75 29.115
      vertex 22.3555 0.75 29.8972
      vertex 21.6553 0.75 29.1793
    endloop
  endfacet
  facet normal 0 -1 -0
    outer loop
      vertex 22.3555 0.75 29.8972
      vertex 21.7317 0.75 29.115
      vertex 22.4314 0.75 29.8323
    endloop
  endfacet
  facet normal 0 -1 0
    outer loop
      vertex 21.8075 0.75 29.0498
      vertex 22.4314 0.75 29.8323
      vertex 21.7317 0.75 29.115
    endloop
  endfacet
  facet normal 0 -1 -0
    outer loop
      vertex 22.4314 0.75 29.8323
      vertex 21.8075 0.75 29.0498
      vertex 22.5067 0.75 29.7667
    endloop
  endfacet
  facet normal 0 -1 0
    outer loop
      vertex 21.8825 0.75 28.9838
      vertex 22.5067 0.75 29.7667
      vertex 21.8075 0.75 29.0498
    endloop
  endfacet
  facet normal 0 -1 -0
    outer loop
      vertex 22.5067 0.75 29.7667
      vertex 21.8825 0.75 28.9838
      vertex 22.5814 0.75 29.7004
    endloop
  endfacet
  facet normal 0 -1 0
    outer loop
      vertex 21.9567 0.75 28.917
      vertex 22.5814 0.75 29.7004
      vertex 21.8825 0.75 28.9838
    endloop
  endfacet
  facet normal 0 -1 -0
    outer loop
      vertex 22.5814 0.75 29.7004
      vertex 21.9567 0.75 28.917
      vertex 22.6554 0.75 29.6332
    endloop
  endfacet
  facet normal 0 -1 0
    outer loop
      vertex 22.0303 0.75 28.8494
      vertex 22.6554 0.75 29.6332
      vertex 21.9567 0.75 28.917
    endloop
  endfacet
  facet normal 0 -1 -0
    outer loop
      vertex 22.6554 0.75 29.6332
      vertex 22.0303 0.75 28.8494
      vertex 22.7287 0.75 29.5654
    endloop
  endfacet
  facet normal 0 -1 0
    outer loop
      vertex 22.103 0.75 28.7809
      vertex 22.7287 0.75 29.5654
      vertex 22.0303 0.75 28.8494
    endloop
  endfacet
  facet normal 0 -1 -0
    outer loop
      vertex 22.7287 0.75 29.5654
      vertex 22.103 0.75 28.7809
      vertex 22.8013 0.75 29.4968
    endloop
  endfacet
  facet normal 0 -1 0
    outer loop
      vertex 22.175 0.75 28.7117
      vertex 22.8013 0.75 29.4968
      vertex 22.103 0.75 28.7809
    endloop
  endfacet
  facet normal 0 -1 -0
    outer loop
      vertex 22.8013 0.75 29.4968
      vertex 22.175 0.75 28.7117
      vertex 22.8733 0.75 29.4275
    endloop
  endfacet
  facet normal 0 -1 -0
    outer loop
      vertex 22.8733 0.75 29.4275
      vertex 22.175 0.75 28.7117
      vertex 22.9445 0.75 29.3575
    endloop
  endfacet
  facet normal 0 -1 0
    outer loop
      vertex 22.2463 0.75 28.6416
      vertex 22.9445 0.75 29.3575
      vertex 22.175 0.75 28.7117
    endloop
  endfacet
  facet normal 0 -1 -0
    outer loop
      vertex 22.9445 0.75 29.3575
      vertex 22.2463 0.75 28.6416
      vertex 23.0151 0.75 29.2868
    endloop
  endfacet
  facet normal 0 -1 0
    outer loop
      vertex 22.3167 0.75 28.5708
      vertex 23.0151 0.75 29.2868
      vertex 22.2463 0.75 28.6416
    endloop
  endfacet
  facet normal 0 -1 -0
    outer loop
      vertex 23.0151 0.75 29.2868
      vertex 22.3167 0.75 28.5708
      vertex 23.0849 0.75 29.2154
    endloop
  endfacet
  facet normal 0 -1 0
    outer loop
      vertex 22.3864 0.75 28.4991
      vertex 23.0849 0.75 29.2154
      vertex 22.3167 0.75 28.5708
    endloop
  endfacet
  facet normal 0 -1 -0
    outer loop
      vertex 23.0849 0.75 29.2154
      vertex 22.3864 0.75 28.4991
      vertex 23.154 0.75 29.1432
    endloop
  endfacet
  facet normal 0 -1 0
    outer loop
      vertex 22.4552 0.75 28.4267
      vertex 23.154 0.75 29.1432
      vertex 22.3864 0.75 28.4991
    endloop
  endfacet
  facet normal 0 -1 -0
    outer loop
      vertex 23.154 0.75 29.1432
      vertex 22.4552 0.75 28.4267
      vertex 23.2224 0.75 29.0704
    endloop
  endfacet
  facet normal 0 -1 0
    outer loop
      vertex 22.5233 0.75 28.3536
      vertex 23.2224 0.75 29.0704
      vertex 22.4552 0.75 28.4267
    endloop
  endfacet
  facet normal 0 -1 -0
    outer loop
      vertex 23.2224 0.75 29.0704
      vertex 22.5233 0.75 28.3536
      vertex 23.2901 0.75 28.997
    endloop
  endfacet
  facet normal 0 -1 0
    outer loop
      vertex 22.5905 0.75 28.2797
      vertex 23.2901 0.75 28.997
      vertex 22.5233 0.75 28.3536
    endloop
  endfacet
  facet normal 0 -1 -0
    outer loop
      vertex 23.2901 0.75 28.997
      vertex 22.5905 0.75 28.2797
      vertex 23.357 0.75 28.9228
    endloop
  endfacet
  facet normal 0 -1 0
    outer loop
      vertex 22.6569 0.75 28.2051
      vertex 23.357 0.75 28.9228
      vertex 22.5905 0.75 28.2797
    endloop
  endfacet
  facet normal 0 -1 -0
    outer loop
      vertex 23.357 0.75 28.9228
      vertex 22.6569 0.75 28.2051
      vertex 23.4232 0.75 28.848
    endloop
  endfacet
  facet normal 0 -1 0
    outer loop
      vertex 22.7225 0.75 28.1297
      vertex 23.4232 0.75 28.848
      vertex 22.6569 0.75 28.2051
    endloop
  endfacet
  facet normal 0 -1 -0
    outer loop
      vertex 23.4232 0.75 28.848
      vertex 22.7225 0.75 28.1297
      vertex 23.4886 0.75 28.7725
    endloop
  endfacet
  facet normal 0 -1 0
    outer loop
      vertex 22.7873 0.75 28.0536
      vertex 23.4886 0.75 28.7725
      vertex 22.7225 0.75 28.1297
    endloop
  endfacet
  facet normal 0 -1 -0
    outer loop
      vertex 23.4886 0.75 28.7725
      vertex 22.7873 0.75 28.0536
      vertex 23.5533 0.75 28.6964
    endloop
  endfacet
  facet normal 0 -1 -0
    outer loop
      vertex 23.5533 0.75 28.6964
      vertex 22.7873 0.75 28.0536
      vertex 23.6172 0.75 28.6196
    endloop
  endfacet
  facet normal 0 -1 0
    outer loop
      vertex 22.8511 0.75 27.9768
      vertex 23.6172 0.75 28.6196
      vertex 22.7873 0.75 28.0536
    endloop
  endfacet
  facet normal 0 -1 -0
    outer loop
      vertex 23.6172 0.75 28.6196
      vertex 22.8511 0.75 27.9768
      vertex 23.6804 0.75 28.5422
    endloop
  endfacet
  facet normal 0 -1 0
    outer loop
      vertex 22.9142 0.75 27.8993
      vertex 23.6804 0.75 28.5422
      vertex 22.8511 0.75 27.9768
    endloop
  endfacet
  facet normal 0 -1 -0
    outer loop
      vertex 23.6804 0.75 28.5422
      vertex 22.9142 0.75 27.8993
      vertex 23.7427 0.75 28.4642
    endloop
  endfacet
  facet normal 0 -1 0
    outer loop
      vertex 22.9763 0.75 27.8211
      vertex 23.7427 0.75 28.4642
      vertex 22.9142 0.75 27.8993
    endloop
  endfacet
  facet normal 0 -1 -0
    outer loop
      vertex 23.7427 0.75 28.4642
      vertex 22.9763 0.75 27.8211
      vertex 23.8043 0.75 28.3855
    endloop
  endfacet
  facet normal 0 -1 0
    outer loop
      vertex 23.0376 0.75 27.7422
      vertex 23.8043 0.75 28.3855
      vertex 22.9763 0.75 27.8211
    endloop
  endfacet
  facet normal 0 -1 -0
    outer loop
      vertex 23.8043 0.75 28.3855
      vertex 23.0376 0.75 27.7422
      vertex 23.8651 0.75 28.3063
    endloop
  endfacet
  facet normal 0 -1 0
    outer loop
      vertex 23.0981 0.75 27.6626
      vertex 23.8651 0.75 28.3063
      vertex 23.0376 0.75 27.7422
    endloop
  endfacet
  facet normal 0 -1 -0
    outer loop
      vertex 23.8651 0.75 28.3063
      vertex 23.0981 0.75 27.6626
      vertex 23.9251 0.75 28.2264
    endloop
  endfacet
  facet normal 0 -1 0
    outer loop
      vertex 23.1576 0.75 27.5823
      vertex 23.9251 0.75 28.2264
      vertex 23.0981 0.75 27.6626
    endloop
  endfacet
  facet normal 0 -1 -0
    outer loop
      vertex 23.9251 0.75 28.2264
      vertex 23.1576 0.75 27.5823
      vertex 23.9843 0.75 28.1459
    endloop
  endfacet
  facet normal 0 -1 0
    outer loop
      vertex 23.2162 0.75 27.5015
      vertex 23.9843 0.75 28.1459
      vertex 23.1576 0.75 27.5823
    endloop
  endfacet
  facet normal 0 -1 -0
    outer loop
      vertex 23.9843 0.75 28.1459
      vertex 23.2162 0.75 27.5015
      vertex 24.0427 0.75 28.0649
    endloop
  endfacet
  facet normal 0 -1 0
    outer loop
      vertex 23.274 0.75 27.4199
      vertex 24.0427 0.75 28.0649
      vertex 23.2162 0.75 27.5015
    endloop
  endfacet
  facet normal 0 -1 -0
    outer loop
      vertex 24.0427 0.75 28.0649
      vertex 23.274 0.75 27.4199
      vertex 24.1003 0.75 27.9833
    endloop
  endfacet
  facet normal 0 -1 0
    outer loop
      vertex 23.3308 0.75 27.3377
      vertex 24.1003 0.75 27.9833
      vertex 23.274 0.75 27.4199
    endloop
  endfacet
  facet normal 0 -1 -0
    outer loop
      vertex 24.1003 0.75 27.9833
      vertex 23.3308 0.75 27.3377
      vertex 24.157 0.75 27.9011
    endloop
  endfacet
  facet normal 0 -1 -0
    outer loop
      vertex 24.157 0.75 27.9011
      vertex 23.3308 0.75 27.3377
      vertex 24.213 0.75 27.8183
    endloop
  endfacet
  facet normal 0 -1 0
    outer loop
      vertex 23.3867 0.75 27.2549
      vertex 24.213 0.75 27.8183
      vertex 23.3308 0.75 27.3377
    endloop
  endfacet
  facet normal 0 -1 -0
    outer loop
      vertex 24.213 0.75 27.8183
      vertex 23.3867 0.75 27.2549
      vertex 24.2681 0.75 27.735
    endloop
  endfacet
  facet normal 0 -1 0
    outer loop
      vertex 23.4417 0.75 27.1715
      vertex 24.2681 0.75 27.735
      vertex 23.3867 0.75 27.2549
    endloop
  endfacet
  facet normal 0 -1 -0
    outer loop
      vertex 24.2681 0.75 27.735
      vertex 23.4417 0.75 27.1715
      vertex 24.3223 0.75 27.6511
    endloop
  endfacet
  facet normal 0 -1 0
    outer loop
      vertex 23.4957 0.75 27.0875
      vertex 24.3223 0.75 27.6511
      vertex 23.4417 0.75 27.1715
    endloop
  endfacet
  facet normal 0 -1 -0
    outer loop
      vertex 24.3223 0.75 27.6511
      vertex 23.4957 0.75 27.0875
      vertex 24.3758 0.75 27.5667
    endloop
  endfacet
  facet normal 0 -1 0
    outer loop
      vertex 23.5489 0.75 27.0029
      vertex 24.3758 0.75 27.5667
      vertex 23.4957 0.75 27.0875
    endloop
  endfacet
  facet normal 0 -1 -0
    outer loop
      vertex 24.3758 0.75 27.5667
      vertex 23.5489 0.75 27.0029
      vertex 24.4284 0.75 27.4818
    endloop
  endfacet
  facet normal 0 -1 0
    outer loop
      vertex 23.601 0.75 26.9177
      vertex 24.4284 0.75 27.4818
      vertex 23.5489 0.75 27.0029
    endloop
  endfacet
  facet normal 0 -1 -0
    outer loop
      vertex 24.4284 0.75 27.4818
      vertex 23.601 0.75 26.9177
      vertex 24.4801 0.75 27.3963
    endloop
  endfacet
  facet normal 0 -1 0
    outer loop
      vertex 23.6523 0.75 26.8319
      vertex 24.4801 0.75 27.3963
      vertex 23.601 0.75 26.9177
    endloop
  endfacet
  facet normal 0 -1 -0
    outer loop
      vertex 24.4801 0.75 27.3963
      vertex 23.6523 0.75 26.8319
      vertex 24.531 0.75 27.3104
    endloop
  endfacet
  facet normal 0 -1 0
    outer loop
      vertex 23.7025 0.75 26.7456
      vertex 24.531 0.75 27.3104
      vertex 23.6523 0.75 26.8319
    endloop
  endfacet
  facet normal 0 -1 -0
    outer loop
      vertex 24.531 0.75 27.3104
      vertex 23.7025 0.75 26.7456
      vertex 24.581 0.75 27.2239
    endloop
  endfacet
  facet normal 0 -1 0
    outer loop
      vertex 23.7519 0.75 26.6587
      vertex 24.581 0.75 27.2239
      vertex 23.7025 0.75 26.7456
    endloop
  endfacet
  facet normal 0 -1 -0
    outer loop
      vertex 24.581 0.75 27.2239
      vertex 23.7519 0.75 26.6587
      vertex 24.6301 0.75 27.1369
    endloop
  endfacet
  facet normal 0 -1 0
    outer loop
      vertex 23.8002 0.75 26.5712
      vertex 24.6301 0.75 27.1369
      vertex 23.7519 0.75 26.6587
    endloop
  endfacet
  facet normal 0 -1 -0
    outer loop
      vertex 24.6301 0.75 27.1369
      vertex 23.8002 0.75 26.5712
      vertex 24.6784 0.75 27.0495
    endloop
  endfacet
  facet normal 0 -1 -0
    outer loop
      vertex 24.6784 0.75 27.0495
      vertex 23.8002 0.75 26.5712
      vertex 24.7258 0.75 26.9616
    endloop
  endfacet
  facet normal 0 -1 0
    outer loop
      vertex 23.8476 0.75 26.4833
      vertex 24.7258 0.75 26.9616
      vertex 23.8002 0.75 26.5712
    endloop
  endfacet
  facet normal 0 -1 -0
    outer loop
      vertex 24.7258 0.75 26.9616
      vertex 23.8476 0.75 26.4833
      vertex 24.7724 0.75 26.8732
    endloop
  endfacet
  facet normal 0 -1 0
    outer loop
      vertex 23.894 0.75 26.3948
      vertex 24.7724 0.75 26.8732
      vertex 23.8476 0.75 26.4833
    endloop
  endfacet
  facet normal 0 -1 -0
    outer loop
      vertex 24.7724 0.75 26.8732
      vertex 23.894 0.75 26.3948
      vertex 24.818 0.75 26.7843
    endloop
  endfacet
  facet normal 0 -1 0
    outer loop
      vertex 23.9394 0.75 26.3058
      vertex 24.818 0.75 26.7843
      vertex 23.894 0.75 26.3948
    endloop
  endfacet
  facet normal 0 -1 -0
    outer loop
      vertex 24.818 0.75 26.7843
      vertex 23.9394 0.75 26.3058
      vertex 24.8627 0.75 26.695
    endloop
  endfacet
  facet normal 0 -1 0
    outer loop
      vertex 23.9838 0.75 26.2163
      vertex 24.8627 0.75 26.695
      vertex 23.9394 0.75 26.3058
    endloop
  endfacet
  facet normal 0 -1 -0
    outer loop
      vertex 24.8627 0.75 26.695
      vertex 23.9838 0.75 26.2163
      vertex 24.9066 0.75 26.6053
    endloop
  endfacet
  facet normal 0 -1 0
    outer loop
      vertex 24.0272 0.75 26.1263
      vertex 24.9066 0.75 26.6053
      vertex 23.9838 0.75 26.2163
    endloop
  endfacet
  facet normal 0 -1 -0
    outer loop
      vertex 24.9066 0.75 26.6053
      vertex 24.0272 0.75 26.1263
      vertex 24.9495 0.75 26.5151
    endloop
  endfacet
  facet normal 0 -1 0
    outer loop
      vertex 24.0696 0.75 26.0359
      vertex 24.9495 0.75 26.5151
      vertex 24.0272 0.75 26.1263
    endloop
  endfacet
  facet normal 0 -1 -0
    outer loop
      vertex 24.9495 0.75 26.5151
      vertex 24.0696 0.75 26.0359
      vertex 24.9916 0.75 26.4245
    endloop
  endfacet
  facet normal 0 -1 0
    outer loop
      vertex 24.111 0.75 25.945
      vertex 24.9916 0.75 26.4245
      vertex 24.0696 0.75 26.0359
    endloop
  endfacet
  facet normal 0 -1 -0
    outer loop
      vertex 24.9916 0.75 26.4245
      vertex 24.111 0.75 25.945
      vertex 25.0327 0.75 26.3334
    endloop
  endfacet
  facet normal 0 -1 0
    outer loop
      vertex 24.1514 0.75 25.8536
      vertex 25.0327 0.75 26.3334
      vertex 24.111 0.75 25.945
    endloop
  endfacet
  facet normal 0 -1 -0
    outer loop
      vertex 25.0327 0.75 26.3334
      vertex 24.1514 0.75 25.8536
      vertex 25.073 0.75 26.242
    endloop
  endfacet
  facet normal 0 -1 0
    outer loop
      vertex 24.1908 0.75 25.7618
      vertex 25.073 0.75 26.242
      vertex 24.1514 0.75 25.8536
    endloop
  endfacet
  facet normal 0 -1 -0
    outer loop
      vertex 25.073 0.75 26.242
      vertex 24.1908 0.75 25.7618
      vertex 25.1123 0.75 26.1502
    endloop
  endfacet
  facet normal 0 -1 -0
    outer loop
      vertex 25.1123 0.75 26.1502
      vertex 24.1908 0.75 25.7618
      vertex 25.1507 0.75 26.058
    endloop
  endfacet
  facet normal 0 -1 0
    outer loop
      vertex 24.2292 0.75 25.6695
      vertex 25.1507 0.75 26.058
      vertex 24.1908 0.75 25.7618
    endloop
  endfacet
  facet normal 0 -1 -0
    outer loop
      vertex 25.1507 0.75 26.058
      vertex 24.2292 0.75 25.6695
      vertex 25.1882 0.75 25.9654
    endloop
  endfacet
  facet normal 0 -1 0
    outer loop
      vertex 24.2665 0.75 25.5768
      vertex 25.1882 0.75 25.9654
      vertex 24.2292 0.75 25.6695
    endloop
  endfacet
  facet normal 0 -1 -0
    outer loop
      vertex 25.1882 0.75 25.9654
      vertex 24.2665 0.75 25.5768
      vertex 25.2247 0.75 25.8724
    endloop
  endfacet
  facet normal 0 -1 0
    outer loop
      vertex 24.3028 0.75 25.4838
      vertex 25.2247 0.75 25.8724
      vertex 24.2665 0.75 25.5768
    endloop
  endfacet
  facet normal 0 -1 -0
    outer loop
      vertex 25.2247 0.75 25.8724
      vertex 24.3028 0.75 25.4838
      vertex 25.2603 0.75 25.7791
    endloop
  endfacet
  facet normal 0 -1 0
    outer loop
      vertex 24.3381 0.75 25.3903
      vertex 25.2603 0.75 25.7791
      vertex 24.3028 0.75 25.4838
    endloop
  endfacet
  facet normal 0 -1 -0
    outer loop
      vertex 25.2603 0.75 25.7791
      vertex 24.3381 0.75 25.3903
      vertex 25.295 0.75 25.6854
    endloop
  endfacet
  facet normal 0 -1 0
    outer loop
      vertex 24.3723 0.75 25.2964
      vertex 25.295 0.75 25.6854
      vertex 24.3381 0.75 25.3903
    endloop
  endfacet
  facet normal 0 -1 -0
    outer loop
      vertex 25.295 0.75 25.6854
      vertex 24.3723 0.75 25.2964
      vertex 25.3288 0.75 25.5914
    endloop
  endfacet
  facet normal 0 -1 0
    outer loop
      vertex 24.4055 0.75 25.2022
      vertex 25.3288 0.75 25.5914
      vertex 24.3723 0.75 25.2964
    endloop
  endfacet
  facet normal 0 -1 -0
    outer loop
      vertex 25.3288 0.75 25.5914
      vertex 24.4055 0.75 25.2022
      vertex 25.3616 0.75 25.497
    endloop
  endfacet
  facet normal 0 -1 0
    outer loop
      vertex 24.4376 0.75 25.1076
      vertex 25.3616 0.75 25.497
      vertex 24.4055 0.75 25.2022
    endloop
  endfacet
  facet normal 0 -1 -0
    outer loop
      vertex 25.3616 0.75 25.497
      vertex 24.4376 0.75 25.1076
      vertex 25.3934 0.75 25.4024
    endloop
  endfacet
  facet normal 0 -1 0
    outer loop
      vertex 24.4687 0.75 25.0126
      vertex 25.3934 0.75 25.4024
      vertex 24.4376 0.75 25.1076
    endloop
  endfacet
  facet normal 0 -1 -0
    outer loop
      vertex 25.3934 0.75 25.4024
      vertex 24.4687 0.75 25.0126
      vertex 25.4244 0.75 25.3074
    endloop
  endfacet
  facet normal 0 -1 0
    outer loop
      vertex 24.4988 0.75 24.9173
      vertex 25.4244 0.75 25.3074
      vertex 24.4687 0.75 25.0126
    endloop
  endfacet
  facet normal 0 -1 -0
    outer loop
      vertex 25.4244 0.75 25.3074
      vertex 24.4988 0.75 24.9173
      vertex 25.4543 0.75 25.2121
    endloop
  endfacet
  facet normal 0 -1 -0
    outer loop
      vertex 25.4543 0.75 25.2121
      vertex 24.4988 0.75 24.9173
      vertex 25.4833 0.75 25.1165
    endloop
  endfacet
  facet normal 0 -1 0
    outer loop
      vertex 24.5277 0.75 24.8217
      vertex 25.4833 0.75 25.1165
      vertex 24.4988 0.75 24.9173
    endloop
  endfacet
  facet normal 0 -1 -0
    outer loop
      vertex 25.4833 0.75 25.1165
      vertex 24.5277 0.75 24.8217
      vertex 25.5114 0.75 25.0206
    endloop
  endfacet
  facet normal 0 -1 0
    outer loop
      vertex 24.5556 0.75 24.7258
      vertex 25.5114 0.75 25.0206
      vertex 24.5277 0.75 24.8217
    endloop
  endfacet
  facet normal 0 -1 -0
    outer loop
      vertex 25.5114 0.75 25.0206
      vertex 24.5556 0.75 24.7258
      vertex 25.5385 0.75 24.9245
    endloop
  endfacet
  facet normal 0 -1 0
    outer loop
      vertex 24.5825 0.75 24.6296
      vertex 25.5385 0.75 24.9245
      vertex 24.5556 0.75 24.7258
    endloop
  endfacet
  facet normal 0 -1 -0
    outer loop
      vertex 25.5385 0.75 24.9245
      vertex 24.5825 0.75 24.6296
      vertex 25.5646 0.75 24.8281
    endloop
  endfacet
  facet normal 0 -1 0
    outer loop
      vertex 24.6082 0.75 24.533
      vertex 25.5646 0.75 24.8281
      vertex 24.5825 0.75 24.6296
    endloop
  endfacet
  facet normal 0 -1 -0
    outer loop
      vertex 25.5646 0.75 24.8281
      vertex 24.6082 0.75 24.533
      vertex 25.5898 0.75 24.7314
    endloop
  endfacet
  facet normal 0 -1 0
    outer loop
      vertex 24.6329 0.75 24.4362
      vertex 25.5898 0.75 24.7314
      vertex 24.6082 0.75 24.533
    endloop
  endfacet
  facet normal 0 -1 -0
    outer loop
      vertex 25.5898 0.75 24.7314
      vertex 24.6329 0.75 24.4362
      vertex 25.614 0.75 24.6345
    endloop
  endfacet
  facet normal 0 -1 0
    outer loop
      vertex 24.6565 0.75 24.3391
      vertex 25.614 0.75 24.6345
      vertex 24.6329 0.75 24.4362
    endloop
  endfacet
  facet normal 0 -1 -0
    outer loop
      vertex 25.614 0.75 24.6345
      vertex 24.6565 0.75 24.3391
      vertex 25.6372 0.75 24.5373
    endloop
  endfacet
  facet normal 0 -1 0
    outer loop
      vertex 24.6791 0.75 24.2418
      vertex 25.6372 0.75 24.5373
      vertex 24.6565 0.75 24.3391
    endloop
  endfacet
  facet normal 0 -1 -0
    outer loop
      vertex 25.6372 0.75 24.5373
      vertex 24.6791 0.75 24.2418
      vertex 25.6595 0.75 24.44
    endloop
  endfacet
  facet normal 0 -1 0
    outer loop
      vertex 24.7005 0.75 24.1442
      vertex 25.6595 0.75 24.44
      vertex 24.6791 0.75 24.2418
    endloop
  endfacet
  facet normal 0 -1 -0
    outer loop
      vertex 25.6595 0.75 24.44
      vertex 24.7005 0.75 24.1442
      vertex 25.6808 0.75 24.3424
    endloop
  endfacet
  facet normal 0 -1 0
    outer loop
      vertex 24.7209 0.75 24.0464
      vertex 25.6808 0.75 24.3424
      vertex 24.7005 0.75 24.1442
    endloop
  endfacet
  facet normal 0 -1 -0
    outer loop
      vertex 25.6808 0.75 24.3424
      vertex 24.7209 0.75 24.0464
      vertex 25.7011 0.75 24.2446
    endloop
  endfacet
  facet normal 0 -1 -0
    outer loop
      vertex 25.7011 0.75 24.2446
      vertex 24.7209 0.75 24.0464
      vertex 25.7204 0.75 24.1466
    endloop
  endfacet
  facet normal 0 -1 0
    outer loop
      vertex 24.7402 0.75 23.9484
      vertex 25.7204 0.75 24.1466
      vertex 24.7209 0.75 24.0464
    endloop
  endfacet
  facet normal 0 -1 -0
    outer loop
      vertex 25.7204 0.75 24.1466
      vertex 24.7402 0.75 23.9484
      vertex 25.7388 0.75 24.0484
    endloop
  endfacet
  facet normal 0 -1 0
    outer loop
      vertex 24.7584 0.75 23.8502
      vertex 25.7388 0.75 24.0484
      vertex 24.7402 0.75 23.9484
    endloop
  endfacet
  facet normal 0 -1 -0
    outer loop
      vertex 25.7388 0.75 24.0484
      vertex 24.7584 0.75 23.8502
      vertex 25.7562 0.75 23.95
    endloop
  endfacet
  facet normal 0 -1 0
    outer loop
      vertex 24.7755 0.75 23.7517
      vertex 25.7562 0.75 23.95
      vertex 24.7584 0.75 23.8502
    endloop
  endfacet
  facet normal 0 -1 -0
    outer loop
      vertex 25.7562 0.75 23.95
      vertex 24.7755 0.75 23.7517
      vertex 25.7725 0.75 23.8515
    endloop
  endfacet
  facet normal 0 -1 0
    outer loop
      vertex 24.7915 0.75 23.6531
      vertex 25.7725 0.75 23.8515
      vertex 24.7755 0.75 23.7517
    endloop
  endfacet
  facet normal 0 -1 -0
    outer loop
      vertex 25.7725 0.75 23.8515
      vertex 24.7915 0.75 23.6531
      vertex 25.788 0.75 23.7528
    endloop
  endfacet
  facet normal 0 -1 0
    outer loop
      vertex 24.8064 0.75 23.5543
      vertex 25.788 0.75 23.7528
      vertex 24.7915 0.75 23.6531
    endloop
  endfacet
  facet normal 0 -1 -0
    outer loop
      vertex 25.788 0.75 23.7528
      vertex 24.8064 0.75 23.5543
      vertex 25.8024 0.75 23.6539
    endloop
  endfacet
  facet normal 0 -1 0
    outer loop
      vertex 24.8203 0.75 23.4554
      vertex 25.8024 0.75 23.6539
      vertex 24.8064 0.75 23.5543
    endloop
  endfacet
  facet normal 0 -1 -0
    outer loop
      vertex 25.8024 0.75 23.6539
      vertex 24.8203 0.75 23.4554
      vertex 25.8158 0.75 23.5549
    endloop
  endfacet
  facet normal 0 -1 0
    outer loop
      vertex 24.833 0.75 23.3563
      vertex 25.8158 0.75 23.5549
      vertex 24.8203 0.75 23.4554
    endloop
  endfacet
  facet normal 0 -1 -0
    outer loop
      vertex 25.8158 0.75 23.5549
      vertex 24.833 0.75 23.3563
      vertex 25.8282 0.75 23.4558
    endloop
  endfacet
  facet normal 0 -1 0
    outer loop
      vertex 24.8446 0.75 23.257
      vertex 25.8282 0.75 23.4558
      vertex 24.833 0.75 23.3563
    endloop
  endfacet
  facet normal 0 -1 -0
    outer loop
      vertex 25.8282 0.75 23.4558
      vertex 24.8446 0.75 23.257
      vertex 25.8397 0.75 23.3566
    endloop
  endfacet
  facet normal 0 -1 0
    outer loop
      vertex 24.8551 0.75 23.1577
      vertex 25.8397 0.75 23.3566
      vertex 24.8446 0.75 23.257
    endloop
  endfacet
  facet normal 0 -1 -0
    outer loop
      vertex 25.8397 0.75 23.3566
      vertex 24.8551 0.75 23.1577
      vertex 25.8501 0.75 23.2573
    endloop
  endfacet
  facet normal 0 -1 -0
    outer loop
      vertex 25.8501 0.75 23.2573
      vertex 24.8551 0.75 23.1577
      vertex 25.8596 0.75 23.1578
    endloop
  endfacet
  facet normal 0 -1 0
    outer loop
      vertex 24.8645 0.75 23.0582
      vertex 25.8596 0.75 23.1578
      vertex 24.8551 0.75 23.1577
    endloop
  endfacet
  facet normal 0 -1 -0
    outer loop
      vertex 25.8596 0.75 23.1578
      vertex 24.8645 0.75 23.0582
      vertex 25.8681 0.75 23.0583
    endloop
  endfacet
  facet normal 0 -1 0
    outer loop
      vertex 24.8728 0.75 22.9587
      vertex 25.8681 0.75 23.0583
      vertex 24.8645 0.75 23.0582
    endloop
  endfacet
  facet normal 0 -1 -0
    outer loop
      vertex 25.8681 0.75 23.0583
      vertex 24.8728 0.75 22.9587
      vertex 25.8756 0.75 22.9587
    endloop
  endfacet
  facet normal 0 -1 0
    outer loop
      vertex 24.88 0.75 22.859
      vertex 25.8756 0.75 22.9587
      vertex 24.8728 0.75 22.9587
    endloop
  endfacet
  facet normal 0 -1 0
    outer loop
      vertex 24.88 0.75 22.859
      vertex 25.882 0.75 22.859
      vertex 25.8756 0.75 22.9587
    endloop
  endfacet
  facet normal 0 -1 0
    outer loop
      vertex 24.8861 0.75 22.7593
      vertex 25.882 0.75 22.859
      vertex 24.88 0.75 22.859
    endloop
  endfacet
  facet normal 0 -1 0
    outer loop
      vertex 24.8861 0.75 22.7593
      vertex 25.8875 0.75 22.7593
      vertex 25.882 0.75 22.859
    endloop
  endfacet
  facet normal 0 -1 0
    outer loop
      vertex 24.8911 0.75 22.6595
      vertex 25.8875 0.75 22.7593
      vertex 24.8861 0.75 22.7593
    endloop
  endfacet
  facet normal 0 -1 0
    outer loop
      vertex 24.8911 0.75 22.6595
      vertex 25.892 0.75 22.6595
      vertex 25.8875 0.75 22.7593
    endloop
  endfacet
  facet normal 0 -1 0
    outer loop
      vertex 24.895 0.75 22.5597
      vertex 25.892 0.75 22.6595
      vertex 24.8911 0.75 22.6595
    endloop
  endfacet
  facet normal 0 -1 0
    outer loop
      vertex 24.895 0.75 22.5597
      vertex 25.8955 0.75 22.5596
      vertex 25.892 0.75 22.6595
    endloop
  endfacet
  facet normal 0 -1 0
    outer loop
      vertex 24.8978 0.75 22.4598
      vertex 25.8955 0.75 22.5596
      vertex 24.895 0.75 22.5597
    endloop
  endfacet
  facet normal 0 -1 0
    outer loop
      vertex 24.8978 0.75 22.4598
      vertex 25.898 0.75 22.4598
      vertex 25.8955 0.75 22.5596
    endloop
  endfacet
  facet normal 0 -1 0
    outer loop
      vertex 24.8994 0.75 22.3599
      vertex 25.898 0.75 22.4598
      vertex 24.8978 0.75 22.4598
    endloop
  endfacet
  facet normal 0 -1 0
    outer loop
      vertex 24.8994 0.75 22.3599
      vertex 25.8995 0.75 22.3599
      vertex 25.898 0.75 22.4598
    endloop
  endfacet
  facet normal 0 -1 0
    outer loop
      vertex 24.9 0.75 22.26
      vertex 25.8995 0.75 22.3599
      vertex 24.8994 0.75 22.3599
    endloop
  endfacet
  facet normal 0 -1 0
    outer loop
      vertex 24.9 0.75 22.26
      vertex 25.9 0.75 22.26
      vertex 25.8995 0.75 22.3599
    endloop
  endfacet
  facet normal 0 -1 0
    outer loop
      vertex 24.9 0.75 22.26
      vertex 25.8995 0.75 22.1601
      vertex 25.9 0.75 22.26
    endloop
  endfacet
  facet normal 0 -1 0
    outer loop
      vertex 24.8994 0.75 22.1601
      vertex 25.8995 0.75 22.1601
      vertex 24.9 0.75 22.26
    endloop
  endfacet
  facet normal 0 -1 0
    outer loop
      vertex 24.8994 0.75 22.1601
      vertex 25.898 0.75 22.0602
      vertex 25.8995 0.75 22.1601
    endloop
  endfacet
  facet normal 0 -1 0
    outer loop
      vertex 24.8978 0.75 22.0602
      vertex 25.898 0.75 22.0602
      vertex 24.8994 0.75 22.1601
    endloop
  endfacet
  facet normal 0 -1 0
    outer loop
      vertex 24.8978 0.75 22.0602
      vertex 25.8955 0.75 21.9604
      vertex 25.898 0.75 22.0602
    endloop
  endfacet
  facet normal 0 -1 0
    outer loop
      vertex 24.895 0.75 21.9603
      vertex 25.8955 0.75 21.9604
      vertex 24.8978 0.75 22.0602
    endloop
  endfacet
  facet normal 0 -1 0
    outer loop
      vertex 24.895 0.75 21.9603
      vertex 25.892 0.75 21.8605
      vertex 25.8955 0.75 21.9604
    endloop
  endfacet
  facet normal 0 -1 0
    outer loop
      vertex 24.8911 0.75 21.8605
      vertex 25.892 0.75 21.8605
      vertex 24.895 0.75 21.9603
    endloop
  endfacet
  facet normal 0 -1 0
    outer loop
      vertex 24.8911 0.75 21.8605
      vertex 25.8875 0.75 21.7607
      vertex 25.892 0.75 21.8605
    endloop
  endfacet
  facet normal 0 -1 0
    outer loop
      vertex 24.8861 0.75 21.7607
      vertex 25.8875 0.75 21.7607
      vertex 24.8911 0.75 21.8605
    endloop
  endfacet
  facet normal 0 -1 0
    outer loop
      vertex 24.8861 0.75 21.7607
      vertex 25.882 0.75 21.661
      vertex 25.8875 0.75 21.7607
    endloop
  endfacet
  facet normal 0 -1 0
    outer loop
      vertex 24.88 0.75 21.661
      vertex 25.882 0.75 21.661
      vertex 24.8861 0.75 21.7607
    endloop
  endfacet
  facet normal 0 -1 0
    outer loop
      vertex 25.8756 0.75 21.5613
      vertex 24.88 0.75 21.661
      vertex 24.8728 0.75 21.5613
    endloop
  endfacet
  facet normal 0 -1 0
    outer loop
      vertex 24.88 0.75 21.661
      vertex 25.8756 0.75 21.5613
      vertex 25.882 0.75 21.661
    endloop
  endfacet
  facet normal 0 -1 0
    outer loop
      vertex 25.8681 0.75 21.4617
      vertex 24.8728 0.75 21.5613
      vertex 24.8645 0.75 21.4618
    endloop
  endfacet
  facet normal 0 -1 0
    outer loop
      vertex 24.8728 0.75 21.5613
      vertex 25.8681 0.75 21.4617
      vertex 25.8756 0.75 21.5613
    endloop
  endfacet
  facet normal 0 -1 0
    outer loop
      vertex 25.8596 0.75 21.3622
      vertex 24.8645 0.75 21.4618
      vertex 24.8551 0.75 21.3623
    endloop
  endfacet
  facet normal 0 -1 0
    outer loop
      vertex 24.8645 0.75 21.4618
      vertex 25.8596 0.75 21.3622
      vertex 25.8681 0.75 21.4617
    endloop
  endfacet
  facet normal 0 -1 0
    outer loop
      vertex 25.8397 0.75 21.1634
      vertex 24.8551 0.75 21.3623
      vertex 24.8446 0.75 21.263
    endloop
  endfacet
  facet normal 0 -1 0
    outer loop
      vertex 24.8551 0.75 21.3623
      vertex 25.8501 0.75 21.2627
      vertex 25.8596 0.75 21.3622
    endloop
  endfacet
  facet normal 0 -1 0
    outer loop
      vertex 25.8282 0.75 21.0642
      vertex 24.8446 0.75 21.263
      vertex 24.833 0.75 21.1637
    endloop
  endfacet
  facet normal 0 -1 0
    outer loop
      vertex 24.8551 0.75 21.3623
      vertex 25.8397 0.75 21.1634
      vertex 25.8501 0.75 21.2627
    endloop
  endfacet
  facet normal 0 -1 0
    outer loop
      vertex 25.8158 0.75 20.9651
      vertex 24.833 0.75 21.1637
      vertex 24.8203 0.75 21.0646
    endloop
  endfacet
  facet normal 0 -1 0
    outer loop
      vertex 24.8446 0.75 21.263
      vertex 25.8282 0.75 21.0642
      vertex 25.8397 0.75 21.1634
    endloop
  endfacet
  facet normal 0 -1 0
    outer loop
      vertex 25.8024 0.75 20.8661
      vertex 24.8203 0.75 21.0646
      vertex 24.8064 0.75 20.9657
    endloop
  endfacet
  facet normal 0 -1 0
    outer loop
      vertex 24.833 0.75 21.1637
      vertex 25.8158 0.75 20.9651
      vertex 25.8282 0.75 21.0642
    endloop
  endfacet
  facet normal 0 -1 0
    outer loop
      vertex 25.788 0.75 20.7672
      vertex 24.8064 0.75 20.9657
      vertex 24.7915 0.75 20.8669
    endloop
  endfacet
  facet normal 0 -1 0
    outer loop
      vertex 24.8203 0.75 21.0646
      vertex 25.8024 0.75 20.8661
      vertex 25.8158 0.75 20.9651
    endloop
  endfacet
  facet normal 0 -1 0
    outer loop
      vertex 25.7725 0.75 20.6685
      vertex 24.7915 0.75 20.8669
      vertex 24.7755 0.75 20.7683
    endloop
  endfacet
  facet normal 0 -1 0
    outer loop
      vertex 24.8064 0.75 20.9657
      vertex 25.788 0.75 20.7672
      vertex 25.8024 0.75 20.8661
    endloop
  endfacet
  facet normal 0 -1 0
    outer loop
      vertex 25.7562 0.75 20.57
      vertex 24.7755 0.75 20.7683
      vertex 24.7584 0.75 20.6698
    endloop
  endfacet
  facet normal 0 -1 0
    outer loop
      vertex 24.7915 0.75 20.8669
      vertex 25.7725 0.75 20.6685
      vertex 25.788 0.75 20.7672
    endloop
  endfacet
  facet normal 0 -1 0
    outer loop
      vertex 25.7388 0.75 20.4716
      vertex 24.7584 0.75 20.6698
      vertex 24.7402 0.75 20.5716
    endloop
  endfacet
  facet normal 0 -1 0
    outer loop
      vertex 24.7755 0.75 20.7683
      vertex 25.7562 0.75 20.57
      vertex 25.7725 0.75 20.6685
    endloop
  endfacet
  facet normal 0 -1 0
    outer loop
      vertex 25.7204 0.75 20.3734
      vertex 24.7402 0.75 20.5716
      vertex 24.7209 0.75 20.4736
    endloop
  endfacet
  facet normal 0 -1 0
    outer loop
      vertex 24.7584 0.75 20.6698
      vertex 25.7388 0.75 20.4716
      vertex 25.7562 0.75 20.57
    endloop
  endfacet
  facet normal 0 -1 0
    outer loop
      vertex 25.6808 0.75 20.1776
      vertex 24.7209 0.75 20.4736
      vertex 24.7005 0.75 20.3758
    endloop
  endfacet
  facet normal 0 -1 0
    outer loop
      vertex 24.7402 0.75 20.5716
      vertex 25.7204 0.75 20.3734
      vertex 25.7388 0.75 20.4716
    endloop
  endfacet
  facet normal 0 -1 0
    outer loop
      vertex 25.6595 0.75 20.08
      vertex 24.7005 0.75 20.3758
      vertex 24.6791 0.75 20.2782
    endloop
  endfacet
  facet normal 0 -1 0
    outer loop
      vertex 24.7209 0.75 20.4736
      vertex 25.7011 0.75 20.2754
      vertex 25.7204 0.75 20.3734
    endloop
  endfacet
  facet normal 0 -1 0
    outer loop
      vertex 25.6372 0.75 19.9827
      vertex 24.6791 0.75 20.2782
      vertex 24.6565 0.75 20.1809
    endloop
  endfacet
  facet normal 0 -1 0
    outer loop
      vertex 24.7209 0.75 20.4736
      vertex 25.6808 0.75 20.1776
      vertex 25.7011 0.75 20.2754
    endloop
  endfacet
  facet normal 0 -1 0
    outer loop
      vertex 25.614 0.75 19.8855
      vertex 24.6565 0.75 20.1809
      vertex 24.6329 0.75 20.0838
    endloop
  endfacet
  facet normal 0 -1 0
    outer loop
      vertex 24.7005 0.75 20.3758
      vertex 25.6595 0.75 20.08
      vertex 25.6808 0.75 20.1776
    endloop
  endfacet
  facet normal 0 -1 0
    outer loop
      vertex 25.5898 0.75 19.7886
      vertex 24.6329 0.75 20.0838
      vertex 24.6082 0.75 19.987
    endloop
  endfacet
  facet normal 0 -1 0
    outer loop
      vertex 24.6791 0.75 20.2782
      vertex 25.6372 0.75 19.9827
      vertex 25.6595 0.75 20.08
    endloop
  endfacet
  facet normal 0 -1 0
    outer loop
      vertex 25.5646 0.75 19.6919
      vertex 24.6082 0.75 19.987
      vertex 24.5825 0.75 19.8904
    endloop
  endfacet
  facet normal 0 -1 0
    outer loop
      vertex 24.6565 0.75 20.1809
      vertex 25.614 0.75 19.8855
      vertex 25.6372 0.75 19.9827
    endloop
  endfacet
  facet normal 0 -1 0
    outer loop
      vertex 25.5385 0.75 19.5955
      vertex 24.5825 0.75 19.8904
      vertex 24.5556 0.75 19.7942
    endloop
  endfacet
  facet normal 0 -1 0
    outer loop
      vertex 24.6329 0.75 20.0838
      vertex 25.5898 0.75 19.7886
      vertex 25.614 0.75 19.8855
    endloop
  endfacet
  facet normal 0 -1 0
    outer loop
      vertex 25.5114 0.75 19.4994
      vertex 24.5556 0.75 19.7942
      vertex 24.5277 0.75 19.6983
    endloop
  endfacet
  facet normal 0 -1 0
    outer loop
      vertex 24.6082 0.75 19.987
      vertex 25.5646 0.75 19.6919
      vertex 25.5898 0.75 19.7886
    endloop
  endfacet
  facet normal 0 -1 0
    outer loop
      vertex 25.4833 0.75 19.4035
      vertex 24.5277 0.75 19.6983
      vertex 24.4988 0.75 19.6027
    endloop
  endfacet
  facet normal 0 -1 0
    outer loop
      vertex 24.5825 0.75 19.8904
      vertex 25.5385 0.75 19.5955
      vertex 25.5646 0.75 19.6919
    endloop
  endfacet
  facet normal 0 -1 0
    outer loop
      vertex 25.4244 0.75 19.2126
      vertex 24.4988 0.75 19.6027
      vertex 24.4687 0.75 19.5074
    endloop
  endfacet
  facet normal 0 -1 0
    outer loop
      vertex 24.5556 0.75 19.7942
      vertex 25.5114 0.75 19.4994
      vertex 25.5385 0.75 19.5955
    endloop
  endfacet
  facet normal 0 -1 0
    outer loop
      vertex 25.3934 0.75 19.1176
      vertex 24.4687 0.75 19.5074
      vertex 24.4376 0.75 19.4124
    endloop
  endfacet
  facet normal 0 -1 0
    outer loop
      vertex 24.5277 0.75 19.6983
      vertex 25.4833 0.75 19.4035
      vertex 25.5114 0.75 19.4994
    endloop
  endfacet
  facet normal 0 -1 0
    outer loop
      vertex 25.3616 0.75 19.023
      vertex 24.4376 0.75 19.4124
      vertex 24.4055 0.75 19.3178
    endloop
  endfacet
  facet normal 0 -1 0
    outer loop
      vertex 24.4988 0.75 19.6027
      vertex 25.4543 0.75 19.3079
      vertex 25.4833 0.75 19.4035
    endloop
  endfacet
  facet normal 0 -1 0
    outer loop
      vertex 25.3288 0.75 18.9286
      vertex 24.4055 0.75 19.3178
      vertex 24.3723 0.75 19.2236
    endloop
  endfacet
  facet normal 0 -1 0
    outer loop
      vertex 24.4988 0.75 19.6027
      vertex 25.4244 0.75 19.2126
      vertex 25.4543 0.75 19.3079
    endloop
  endfacet
  facet normal 0 -1 0
    outer loop
      vertex 25.295 0.75 18.8346
      vertex 24.3723 0.75 19.2236
      vertex 24.3381 0.75 19.1297
    endloop
  endfacet
  facet normal 0 -1 0
    outer loop
      vertex 24.4687 0.75 19.5074
      vertex 25.3934 0.75 19.1176
      vertex 25.4244 0.75 19.2126
    endloop
  endfacet
  facet normal 0 -1 0
    outer loop
      vertex 25.2603 0.75 18.7409
      vertex 24.3381 0.75 19.1297
      vertex 24.3028 0.75 19.0362
    endloop
  endfacet
  facet normal 0 -1 0
    outer loop
      vertex 24.4376 0.75 19.4124
      vertex 25.3616 0.75 19.023
      vertex 25.3934 0.75 19.1176
    endloop
  endfacet
  facet normal 0 -1 0
    outer loop
      vertex 25.2247 0.75 18.6476
      vertex 24.3028 0.75 19.0362
      vertex 24.2665 0.75 18.9432
    endloop
  endfacet
  facet normal 0 -1 0
    outer loop
      vertex 24.4055 0.75 19.3178
      vertex 25.3288 0.75 18.9286
      vertex 25.3616 0.75 19.023
    endloop
  endfacet
  facet normal 0 -1 0
    outer loop
      vertex 25.1882 0.75 18.5546
      vertex 24.2665 0.75 18.9432
      vertex 24.2292 0.75 18.8505
    endloop
  endfacet
  facet normal 0 -1 0
    outer loop
      vertex 24.3723 0.75 19.2236
      vertex 25.295 0.75 18.8346
      vertex 25.3288 0.75 18.9286
    endloop
  endfacet
  facet normal 0 -1 0
    outer loop
      vertex 25.1507 0.75 18.462
      vertex 24.2292 0.75 18.8505
      vertex 24.1908 0.75 18.7582
    endloop
  endfacet
  facet normal 0 -1 0
    outer loop
      vertex 24.3381 0.75 19.1297
      vertex 25.2603 0.75 18.7409
      vertex 25.295 0.75 18.8346
    endloop
  endfacet
  facet normal 0 -1 0
    outer loop
      vertex 25.073 0.75 18.278
      vertex 24.1908 0.75 18.7582
      vertex 24.1514 0.75 18.6664
    endloop
  endfacet
  facet normal 0 -1 0
    outer loop
      vertex 24.3028 0.75 19.0362
      vertex 25.2247 0.75 18.6476
      vertex 25.2603 0.75 18.7409
    endloop
  endfacet
  facet normal 0 -1 0
    outer loop
      vertex 25.0327 0.75 18.1866
      vertex 24.1514 0.75 18.6664
      vertex 24.111 0.75 18.575
    endloop
  endfacet
  facet normal 0 -1 0
    outer loop
      vertex 24.2665 0.75 18.9432
      vertex 25.1882 0.75 18.5546
      vertex 25.2247 0.75 18.6476
    endloop
  endfacet
  facet normal 0 -1 0
    outer loop
      vertex 24.9916 0.75 18.0955
      vertex 24.111 0.75 18.575
      vertex 24.0696 0.75 18.4841
    endloop
  endfacet
  facet normal 0 -1 0
    outer loop
      vertex 24.2292 0.75 18.8505
      vertex 25.1507 0.75 18.462
      vertex 25.1882 0.75 18.5546
    endloop
  endfacet
  facet normal 0 -1 0
    outer loop
      vertex 24.9495 0.75 18.0049
      vertex 24.0696 0.75 18.4841
      vertex 24.0272 0.75 18.3937
    endloop
  endfacet
  facet normal 0 -1 0
    outer loop
      vertex 24.1908 0.75 18.7582
      vertex 25.1123 0.75 18.3698
      vertex 25.1507 0.75 18.462
    endloop
  endfacet
  facet normal 0 -1 0
    outer loop
      vertex 24.9066 0.75 17.9147
      vertex 24.0272 0.75 18.3937
      vertex 23.9838 0.75 18.3037
    endloop
  endfacet
  facet normal 0 -1 0
    outer loop
      vertex 24.1908 0.75 18.7582
      vertex 25.073 0.75 18.278
      vertex 25.1123 0.75 18.3698
    endloop
  endfacet
  facet normal 0 -1 0
    outer loop
      vertex 24.8627 0.75 17.825
      vertex 23.9838 0.75 18.3037
      vertex 23.9394 0.75 18.2142
    endloop
  endfacet
  facet normal 0 -1 0
    outer loop
      vertex 24.1514 0.75 18.6664
      vertex 25.0327 0.75 18.1866
      vertex 25.073 0.75 18.278
    endloop
  endfacet
  facet normal 0 -1 0
    outer loop
      vertex 24.818 0.75 17.7357
      vertex 23.9394 0.75 18.2142
      vertex 23.894 0.75 18.1252
    endloop
  endfacet
  facet normal 0 -1 0
    outer loop
      vertex 24.111 0.75 18.575
      vertex 24.9916 0.75 18.0955
      vertex 25.0327 0.75 18.1866
    endloop
  endfacet
  facet normal 0 -1 0
    outer loop
      vertex 24.7724 0.75 17.6468
      vertex 23.894 0.75 18.1252
      vertex 23.8476 0.75 18.0367
    endloop
  endfacet
  facet normal 0 -1 0
    outer loop
      vertex 24.0696 0.75 18.4841
      vertex 24.9495 0.75 18.0049
      vertex 24.9916 0.75 18.0955
    endloop
  endfacet
  facet normal 0 -1 0
    outer loop
      vertex 24.7258 0.75 17.5584
      vertex 23.8476 0.75 18.0367
      vertex 23.8002 0.75 17.9488
    endloop
  endfacet
  facet normal 0 -1 0
    outer loop
      vertex 24.0272 0.75 18.3937
      vertex 24.9066 0.75 17.9147
      vertex 24.9495 0.75 18.0049
    endloop
  endfacet
  facet normal 0 -1 0
    outer loop
      vertex 24.6301 0.75 17.383
      vertex 23.8002 0.75 17.9488
      vertex 23.7519 0.75 17.8613
    endloop
  endfacet
  facet normal 0 -1 0
    outer loop
      vertex 23.9838 0.75 18.3037
      vertex 24.8627 0.75 17.825
      vertex 24.9066 0.75 17.9147
    endloop
  endfacet
  facet normal 0 -1 0
    outer loop
      vertex 24.581 0.75 17.2961
      vertex 23.7519 0.75 17.8613
      vertex 23.7025 0.75 17.7744
    endloop
  endfacet
  facet normal 0 -1 0
    outer loop
      vertex 23.9394 0.75 18.2142
      vertex 24.818 0.75 17.7357
      vertex 24.8627 0.75 17.825
    endloop
  endfacet
  facet normal 0 -1 0
    outer loop
      vertex 24.531 0.75 17.2096
      vertex 23.7025 0.75 17.7744
      vertex 23.6523 0.75 17.6881
    endloop
  endfacet
  facet normal 0 -1 0
    outer loop
      vertex 23.894 0.75 18.1252
      vertex 24.7724 0.75 17.6468
      vertex 24.818 0.75 17.7357
    endloop
  endfacet
  facet normal 0 -1 0
    outer loop
      vertex 24.4801 0.75 17.1237
      vertex 23.6523 0.75 17.6881
      vertex 23.601 0.75 17.6023
    endloop
  endfacet
  facet normal 0 -1 0
    outer loop
      vertex 23.8476 0.75 18.0367
      vertex 24.7258 0.75 17.5584
      vertex 24.7724 0.75 17.6468
    endloop
  endfacet
  facet normal 0 -1 0
    outer loop
      vertex 24.4284 0.75 17.0382
      vertex 23.601 0.75 17.6023
      vertex 23.5489 0.75 17.5171
    endloop
  endfacet
  facet normal 0 -1 0
    outer loop
      vertex 23.8002 0.75 17.9488
      vertex 24.6784 0.75 17.4705
      vertex 24.7258 0.75 17.5584
    endloop
  endfacet
  facet normal 0 -1 0
    outer loop
      vertex 24.3758 0.75 16.9533
      vertex 23.5489 0.75 17.5171
      vertex 23.4957 0.75 17.4325
    endloop
  endfacet
  facet normal 0 -1 0
    outer loop
      vertex 23.8002 0.75 17.9488
      vertex 24.6301 0.75 17.383
      vertex 24.6784 0.75 17.4705
    endloop
  endfacet
  facet normal 0 -1 0
    outer loop
      vertex 24.3223 0.75 16.8689
      vertex 23.4957 0.75 17.4325
      vertex 23.4417 0.75 17.3485
    endloop
  endfacet
  facet normal 0 -1 0
    outer loop
      vertex 23.7519 0.75 17.8613
      vertex 24.581 0.75 17.2961
      vertex 24.6301 0.75 17.383
    endloop
  endfacet
  facet normal 0 -1 0
    outer loop
      vertex 24.2681 0.75 16.785
      vertex 23.4417 0.75 17.3485
      vertex 23.3867 0.75 17.2651
    endloop
  endfacet
  facet normal 0 -1 0
    outer loop
      vertex 23.7025 0.75 17.7744
      vertex 24.531 0.75 17.2096
      vertex 24.581 0.75 17.2961
    endloop
  endfacet
  facet normal 0 -1 0
    outer loop
      vertex 24.213 0.75 16.7017
      vertex 23.3867 0.75 17.2651
      vertex 23.3308 0.75 17.1823
    endloop
  endfacet
  facet normal 0 -1 0
    outer loop
      vertex 23.6523 0.75 17.6881
      vertex 24.4801 0.75 17.1237
      vertex 24.531 0.75 17.2096
    endloop
  endfacet
  facet normal 0 -1 0
    outer loop
      vertex 24.1003 0.75 16.5367
      vertex 23.3308 0.75 17.1823
      vertex 23.274 0.75 17.1001
    endloop
  endfacet
  facet normal 0 -1 0
    outer loop
      vertex 23.601 0.75 17.6023
      vertex 24.4284 0.75 17.0382
      vertex 24.4801 0.75 17.1237
    endloop
  endfacet
  facet normal 0 -1 0
    outer loop
      vertex 24.0427 0.75 16.4551
      vertex 23.274 0.75 17.1001
      vertex 23.2162 0.75 17.0185
    endloop
  endfacet
  facet normal 0 -1 0
    outer loop
      vertex 23.5489 0.75 17.5171
      vertex 24.3758 0.75 16.9533
      vertex 24.4284 0.75 17.0382
    endloop
  endfacet
  facet normal 0 -1 0
    outer loop
      vertex 23.9843 0.75 16.3741
      vertex 23.2162 0.75 17.0185
      vertex 23.1576 0.75 16.9377
    endloop
  endfacet
  facet normal 0 -1 0
    outer loop
      vertex 23.4957 0.75 17.4325
      vertex 24.3223 0.75 16.8689
      vertex 24.3758 0.75 16.9533
    endloop
  endfacet
  facet normal 0 -1 0
    outer loop
      vertex 23.9251 0.75 16.2936
      vertex 23.1576 0.75 16.9377
      vertex 23.0981 0.75 16.8574
    endloop
  endfacet
  facet normal 0 -1 0
    outer loop
      vertex 23.4417 0.75 17.3485
      vertex 24.2681 0.75 16.785
      vertex 24.3223 0.75 16.8689
    endloop
  endfacet
  facet normal 0 -1 0
    outer loop
      vertex 23.8651 0.75 16.2137
      vertex 23.0981 0.75 16.8574
      vertex 23.0376 0.75 16.7778
    endloop
  endfacet
  facet normal 0 -1 0
    outer loop
      vertex 23.3867 0.75 17.2651
      vertex 24.213 0.75 16.7017
      vertex 24.2681 0.75 16.785
    endloop
  endfacet
  facet normal 0 -1 0
    outer loop
      vertex 23.8043 0.75 16.1345
      vertex 23.0376 0.75 16.7778
      vertex 22.9763 0.75 16.6989
    endloop
  endfacet
  facet normal 0 -1 0
    outer loop
      vertex 23.7427 0.75 16.0558
      vertex 22.9763 0.75 16.6989
      vertex 22.9142 0.75 16.6207
    endloop
  endfacet
  facet normal 0 -1 0
    outer loop
      vertex 23.3308 0.75 17.1823
      vertex 24.157 0.75 16.6189
      vertex 24.213 0.75 16.7017
    endloop
  endfacet
  facet normal 0 -1 0
    outer loop
      vertex 23.6804 0.75 15.9778
      vertex 22.9142 0.75 16.6207
      vertex 22.8511 0.75 16.5432
    endloop
  endfacet
  facet normal 0 -1 0
    outer loop
      vertex 23.3308 0.75 17.1823
      vertex 24.1003 0.75 16.5367
      vertex 24.157 0.75 16.6189
    endloop
  endfacet
  facet normal 0 -1 0
    outer loop
      vertex 23.6172 0.75 15.9004
      vertex 22.8511 0.75 16.5432
      vertex 22.7873 0.75 16.4664
    endloop
  endfacet
  facet normal 0 -1 0
    outer loop
      vertex 23.274 0.75 17.1001
      vertex 24.0427 0.75 16.4551
      vertex 24.1003 0.75 16.5367
    endloop
  endfacet
  facet normal 0 -1 0
    outer loop
      vertex 23.4886 0.75 15.7475
      vertex 22.7873 0.75 16.4664
      vertex 22.7225 0.75 16.3903
    endloop
  endfacet
  facet normal 0 -1 0
    outer loop
      vertex 23.2162 0.75 17.0185
      vertex 23.9843 0.75 16.3741
      vertex 24.0427 0.75 16.4551
    endloop
  endfacet
  facet normal 0 -1 0
    outer loop
      vertex 23.4232 0.75 15.672
      vertex 22.7225 0.75 16.3903
      vertex 22.6569 0.75 16.3149
    endloop
  endfacet
  facet normal 0 -1 0
    outer loop
      vertex 23.1576 0.75 16.9377
      vertex 23.9251 0.75 16.2936
      vertex 23.9843 0.75 16.3741
    endloop
  endfacet
  facet normal 0 -1 0
    outer loop
      vertex 23.357 0.75 15.5972
      vertex 22.6569 0.75 16.3149
      vertex 22.5905 0.75 16.2403
    endloop
  endfacet
  facet normal 0 -1 0
    outer loop
      vertex 23.0981 0.75 16.8574
      vertex 23.8651 0.75 16.2137
      vertex 23.9251 0.75 16.2936
    endloop
  endfacet
  facet normal 0 -1 0
    outer loop
      vertex 23.2901 0.75 15.523
      vertex 22.5905 0.75 16.2403
      vertex 22.5233 0.75 16.1664
    endloop
  endfacet
  facet normal 0 -1 0
    outer loop
      vertex 23.0376 0.75 16.7778
      vertex 23.8043 0.75 16.1345
      vertex 23.8651 0.75 16.2137
    endloop
  endfacet
  facet normal 0 -1 0
    outer loop
      vertex 23.2224 0.75 15.4496
      vertex 22.5233 0.75 16.1664
      vertex 22.4552 0.75 16.0933
    endloop
  endfacet
  facet normal 0 -1 0
    outer loop
      vertex 22.9763 0.75 16.6989
      vertex 23.7427 0.75 16.0558
      vertex 23.8043 0.75 16.1345
    endloop
  endfacet
  facet normal 0 -1 0
    outer loop
      vertex 23.154 0.75 15.3768
      vertex 22.4552 0.75 16.0933
      vertex 22.3864 0.75 16.0209
    endloop
  endfacet
  facet normal 0 -1 0
    outer loop
      vertex 22.9142 0.75 16.6207
      vertex 23.6804 0.75 15.9778
      vertex 23.7427 0.75 16.0558
    endloop
  endfacet
  facet normal 0 -1 0
    outer loop
      vertex 23.0849 0.75 15.3046
      vertex 22.3864 0.75 16.0209
      vertex 22.3167 0.75 15.9492
    endloop
  endfacet
  facet normal 0 -1 0
    outer loop
      vertex 22.8511 0.75 16.5432
      vertex 23.6172 0.75 15.9004
      vertex 23.6804 0.75 15.9778
    endloop
  endfacet
  facet normal 0 -1 0
    outer loop
      vertex 23.0151 0.75 15.2332
      vertex 22.3167 0.75 15.9492
      vertex 22.2463 0.75 15.8784
    endloop
  endfacet
  facet normal 0 -1 0
    outer loop
      vertex 22.7873 0.75 16.4664
      vertex 23.5533 0.75 15.8236
      vertex 23.6172 0.75 15.9004
    endloop
  endfacet
  facet normal 0 -1 0
    outer loop
      vertex 22.9445 0.75 15.1625
      vertex 22.2463 0.75 15.8784
      vertex 22.175 0.75 15.8083
    endloop
  endfacet
  facet normal 0 -1 0
    outer loop
      vertex 22.7873 0.75 16.4664
      vertex 23.4886 0.75 15.7475
      vertex 23.5533 0.75 15.8236
    endloop
  endfacet
  facet normal 0 -1 0
    outer loop
      vertex 22.8013 0.75 15.0232
      vertex 22.175 0.75 15.8083
      vertex 22.103 0.75 15.7391
    endloop
  endfacet
  facet normal 0 -1 0
    outer loop
      vertex 22.7225 0.75 16.3903
      vertex 23.4232 0.75 15.672
      vertex 23.4886 0.75 15.7475
    endloop
  endfacet
  facet normal 0 -1 0
    outer loop
      vertex 22.7287 0.75 14.9546
      vertex 22.103 0.75 15.7391
      vertex 22.0303 0.75 15.6706
    endloop
  endfacet
  facet normal 0 -1 0
    outer loop
      vertex 22.6554 0.75 14.8868
      vertex 22.0303 0.75 15.6706
      vertex 21.9567 0.75 15.603
    endloop
  endfacet
  facet normal 0 -1 0
    outer loop
      vertex 22.6569 0.75 16.3149
      vertex 23.357 0.75 15.5972
      vertex 23.4232 0.75 15.672
    endloop
  endfacet
  facet normal 0 -1 0
    outer loop
      vertex 22.5814 0.75 14.8196
      vertex 21.9567 0.75 15.603
      vertex 21.8825 0.75 15.5362
    endloop
  endfacet
  facet normal 0 -1 0
    outer loop
      vertex 22.5905 0.75 16.2403
      vertex 23.2901 0.75 15.523
      vertex 23.357 0.75 15.5972
    endloop
  endfacet
  facet normal 0 -1 0
    outer loop
      vertex 22.5067 0.75 14.7533
      vertex 21.8825 0.75 15.5362
      vertex 21.8075 0.75 15.4702
    endloop
  endfacet
  facet normal 0 -1 0
    outer loop
      vertex 22.5233 0.75 16.1664
      vertex 23.2224 0.75 15.4496
      vertex 23.2901 0.75 15.523
    endloop
  endfacet
  facet normal 0 -1 0
    outer loop
      vertex 22.4314 0.75 14.6877
      vertex 21.8075 0.75 15.4702
      vertex 21.7317 0.75 15.405
    endloop
  endfacet
  facet normal 0 -1 0
    outer loop
      vertex 22.4552 0.75 16.0933
      vertex 23.154 0.75 15.3768
      vertex 23.2224 0.75 15.4496
    endloop
  endfacet
  facet normal 0 -1 0
    outer loop
      vertex 22.3555 0.75 14.6228
      vertex 21.7317 0.75 15.405
      vertex 21.6553 0.75 15.3407
    endloop
  endfacet
  facet normal 0 -1 0
    outer loop
      vertex 22.3864 0.75 16.0209
      vertex 23.0849 0.75 15.3046
      vertex 23.154 0.75 15.3768
    endloop
  endfacet
  facet normal 0 -1 0
    outer loop
      vertex 22.2789 0.75 14.5587
      vertex 21.6553 0.75 15.3407
      vertex 21.5781 0.75 15.2772
    endloop
  endfacet
  facet normal 0 -1 0
    outer loop
      vertex 22.3167 0.75 15.9492
      vertex 23.0151 0.75 15.2332
      vertex 23.0849 0.75 15.3046
    endloop
  endfacet
  facet normal 0 -1 0
    outer loop
      vertex 22.2016 0.75 14.4954
      vertex 21.5781 0.75 15.2772
      vertex 21.5002 0.75 15.2146
    endloop
  endfacet
  facet normal 0 -1 0
    outer loop
      vertex 22.2463 0.75 15.8784
      vertex 22.9445 0.75 15.1625
      vertex 23.0151 0.75 15.2332
    endloop
  endfacet
  facet normal 0 -1 0
    outer loop
      vertex 22.0452 0.75 14.371
      vertex 21.5002 0.75 15.2146
      vertex 21.4217 0.75 15.1529
    endloop
  endfacet
  facet normal 0 -1 0
    outer loop
      vertex 22.175 0.75 15.8083
      vertex 22.8733 0.75 15.0925
      vertex 22.9445 0.75 15.1625
    endloop
  endfacet
  facet normal 0 -1 0
    outer loop
      vertex 21.9661 0.75 14.31
      vertex 21.4217 0.75 15.1529
      vertex 21.3425 0.75 15.092
    endloop
  endfacet
  facet normal 0 -1 0
    outer loop
      vertex 21.8864 0.75 14.2498
      vertex 21.3425 0.75 15.092
      vertex 21.2625 0.75 15.0321
    endloop
  endfacet
  facet normal 0 -1 0
    outer loop
      vertex 22.175 0.75 15.8083
      vertex 22.8013 0.75 15.0232
      vertex 22.8733 0.75 15.0925
    endloop
  endfacet
  facet normal 0 -1 0
    outer loop
      vertex 21.8061 0.75 14.1904
      vertex 21.2625 0.75 15.0321
      vertex 21.182 0.75 14.973
    endloop
  endfacet
  facet normal 0 -1 0
    outer loop
      vertex 22.103 0.75 15.7391
      vertex 22.7287 0.75 14.9546
      vertex 22.8013 0.75 15.0232
    endloop
  endfacet
  facet normal 0 -1 0
    outer loop
      vertex 21.7252 0.75 14.1318
      vertex 21.182 0.75 14.973
      vertex 21.1008 0.75 14.9148
    endloop
  endfacet
  facet normal 0 -1 0
    outer loop
      vertex 22.0303 0.75 15.6706
      vertex 22.6554 0.75 14.8868
      vertex 22.7287 0.75 14.9546
    endloop
  endfacet
  facet normal 0 -1 0
    outer loop
      vertex 21.6437 0.75 14.0741
      vertex 21.1008 0.75 14.9148
      vertex 21.0189 0.75 14.8575
    endloop
  endfacet
  facet normal 0 -1 0
    outer loop
      vertex 21.9567 0.75 15.603
      vertex 22.5814 0.75 14.8196
      vertex 22.6554 0.75 14.8868
    endloop
  endfacet
  facet normal 0 -1 0
    outer loop
      vertex 21.5617 0.75 14.0171
      vertex 21.0189 0.75 14.8575
      vertex 20.9364 0.75 14.8011
    endloop
  endfacet
  facet normal 0 -1 0
    outer loop
      vertex 21.8825 0.75 15.5362
      vertex 22.5067 0.75 14.7533
      vertex 22.5814 0.75 14.8196
    endloop
  endfacet
  facet normal 0 -1 0
    outer loop
      vertex 21.479 0.75 13.9609
      vertex 20.9364 0.75 14.8011
      vertex 20.8533 0.75 14.7457
    endloop
  endfacet
  facet normal 0 -1 0
    outer loop
      vertex 21.3959 0.75 13.9056
      vertex 20.8533 0.75 14.7457
      vertex 20.7696 0.75 14.6912
    endloop
  endfacet
  facet normal 0 -1 0
    outer loop
      vertex 21.8075 0.75 15.4702
      vertex 22.4314 0.75 14.6877
      vertex 22.5067 0.75 14.7533
    endloop
  endfacet
  facet normal 0 -1 0
    outer loop
      vertex 21.2279 0.75 13.7975
      vertex 20.7696 0.75 14.6912
      vertex 20.6853 0.75 14.6376
    endloop
  endfacet
  facet normal 0 -1 0
    outer loop
      vertex 21.7317 0.75 15.405
      vertex 22.3555 0.75 14.6228
      vertex 22.4314 0.75 14.6877
    endloop
  endfacet
  facet normal 0 -1 0
    outer loop
      vertex 21.1431 0.75 13.7447
      vertex 20.6853 0.75 14.6376
      vertex 20.6004 0.75 14.5849
    endloop
  endfacet
  facet normal 0 -1 0
    outer loop
      vertex 21.6553 0.75 15.3407
      vertex 22.2789 0.75 14.5587
      vertex 22.3555 0.75 14.6228
    endloop
  endfacet
  facet normal 0 -1 0
    outer loop
      vertex 21.0578 0.75 13.6928
      vertex 20.6004 0.75 14.5849
      vertex 20.5149 0.75 14.5332
    endloop
  endfacet
  facet normal 0 -1 0
    outer loop
      vertex 21.5781 0.75 15.2772
      vertex 22.2016 0.75 14.4954
      vertex 22.2789 0.75 14.5587
    endloop
  endfacet
  facet normal 0 -1 0
    outer loop
      vertex 20.9719 0.75 13.6417
      vertex 20.5149 0.75 14.5332
      vertex 20.4288 0.75 14.4825
    endloop
  endfacet
  facet normal 0 -1 0
    outer loop
      vertex 21.5002 0.75 15.2146
      vertex 22.1237 0.75 14.4328
      vertex 22.2016 0.75 14.4954
    endloop
  endfacet
  facet normal 0 -1 0
    outer loop
      vertex 20.8856 0.75 13.5914
      vertex 20.4288 0.75 14.4825
      vertex 20.3422 0.75 14.4327
    endloop
  endfacet
  facet normal 0 -1 0
    outer loop
      vertex 20.7987 0.75 13.5421
      vertex 20.3422 0.75 14.4327
      vertex 20.255 0.75 14.3839
    endloop
  endfacet
  facet normal 0 -1 0
    outer loop
      vertex 21.5002 0.75 15.2146
      vertex 22.0452 0.75 14.371
      vertex 22.1237 0.75 14.4328
    endloop
  endfacet
  facet normal 0 -1 0
    outer loop
      vertex 20.7114 0.75 13.4936
      vertex 20.255 0.75 14.3839
      vertex 20.1673 0.75 14.336
    endloop
  endfacet
  facet normal 0 -1 0
    outer loop
      vertex 21.4217 0.75 15.1529
      vertex 21.9661 0.75 14.31
      vertex 22.0452 0.75 14.371
    endloop
  endfacet
  facet normal 0 -1 0
    outer loop
      vertex 20.6236 0.75 13.4459
      vertex 20.1673 0.75 14.336
      vertex 20.0791 0.75 14.2891
    endloop
  endfacet
  facet normal 0 -1 0
    outer loop
      vertex 21.3425 0.75 15.092
      vertex 21.8864 0.75 14.2498
      vertex 21.9661 0.75 14.31
    endloop
  endfacet
  facet normal 0 -1 0
    outer loop
      vertex 20.5353 0.75 13.3992
      vertex 20.0791 0.75 14.2891
      vertex 19.9904 0.75 14.2432
    endloop
  endfacet
  facet normal 0 -1 0
    outer loop
      vertex 20.3574 0.75 13.3084
      vertex 19.9904 0.75 14.2432
      vertex 19.9011 0.75 14.1983
    endloop
  endfacet
  facet normal 0 -1 0
    outer loop
      vertex 21.2625 0.75 15.0321
      vertex 21.8061 0.75 14.1904
      vertex 21.8864 0.75 14.2498
    endloop
  endfacet
  facet normal 0 -1 0
    outer loop
      vertex 20.2677 0.75 13.2643
      vertex 19.9011 0.75 14.1983
      vertex 19.8114 0.75 14.1544
    endloop
  endfacet
  facet normal 0 -1 0
    outer loop
      vertex 21.182 0.75 14.973
      vertex 21.7252 0.75 14.1318
      vertex 21.8061 0.75 14.1904
    endloop
  endfacet
  facet normal 0 -1 0
    outer loop
      vertex 20.1777 0.75 13.2211
      vertex 19.8114 0.75 14.1544
      vertex 19.7212 0.75 14.1115
    endloop
  endfacet
  facet normal 0 -1 0
    outer loop
      vertex 21.1008 0.75 14.9148
      vertex 21.6437 0.75 14.0741
      vertex 21.7252 0.75 14.1318
    endloop
  endfacet
  facet normal 0 -1 0
    outer loop
      vertex 20.0872 0.75 13.1788
      vertex 19.7212 0.75 14.1115
      vertex 19.6305 0.75 14.0695
    endloop
  endfacet
  facet normal 0 -1 0
    outer loop
      vertex 19.9962 0.75 13.1375
      vertex 19.6305 0.75 14.0695
      vertex 19.5393 0.75 14.0286
    endloop
  endfacet
  facet normal 0 -1 0
    outer loop
      vertex 21.0189 0.75 14.8575
      vertex 21.5617 0.75 14.0171
      vertex 21.6437 0.75 14.0741
    endloop
  endfacet
  facet normal 0 -1 0
    outer loop
      vertex 19.9049 0.75 13.097
      vertex 19.5393 0.75 14.0286
      vertex 19.4477 0.75 13.9887
    endloop
  endfacet
  facet normal 0 -1 0
    outer loop
      vertex 20.9364 0.75 14.8011
      vertex 21.479 0.75 13.9609
      vertex 21.5617 0.75 14.0171
    endloop
  endfacet
  facet normal 0 -1 0
    outer loop
      vertex 19.8132 0.75 13.0574
      vertex 19.4477 0.75 13.9887
      vertex 19.3557 0.75 13.9499
    endloop
  endfacet
  facet normal 0 -1 0
    outer loop
      vertex 19.7211 0.75 13.0188
      vertex 19.3557 0.75 13.9499
      vertex 19.2632 0.75 13.912
    endloop
  endfacet
  facet normal 0 -1 0
    outer loop
      vertex 20.8533 0.75 14.7457
      vertex 21.3959 0.75 13.9056
      vertex 21.479 0.75 13.9609
    endloop
  endfacet
  facet normal 0 -1 0
    outer loop
      vertex 19.6286 0.75 12.9811
      vertex 19.2632 0.75 13.912
      vertex 19.1703 0.75 13.8752
    endloop
  endfacet
  facet normal 0 -1 0
    outer loop
      vertex 20.7696 0.75 14.6912
      vertex 21.3121 0.75 13.8511
      vertex 21.3959 0.75 13.9056
    endloop
  endfacet
  facet normal 0 -1 0
    outer loop
      vertex 19.4425 0.75 12.9085
      vertex 19.1703 0.75 13.8752
      vertex 19.0771 0.75 13.8394
    endloop
  endfacet
  facet normal 0 -1 0
    outer loop
      vertex 19.3489 0.75 12.8736
      vertex 19.0771 0.75 13.8394
      vertex 18.9834 0.75 13.8047
    endloop
  endfacet
  facet normal 0 -1 0
    outer loop
      vertex 20.7696 0.75 14.6912
      vertex 21.2279 0.75 13.7975
      vertex 21.3121 0.75 13.8511
    endloop
  endfacet
  facet normal 0 -1 0
    outer loop
      vertex 19.2549 0.75 12.8396
      vertex 18.9834 0.75 13.8047
      vertex 18.8893 0.75 13.771
    endloop
  endfacet
  facet normal 0 -1 0
    outer loop
      vertex 20.6853 0.75 14.6376
      vertex 21.1431 0.75 13.7447
      vertex 21.2279 0.75 13.7975
    endloop
  endfacet
  facet normal 0 -1 0
    outer loop
      vertex 19.1607 0.75 12.8065
      vertex 18.8893 0.75 13.771
      vertex 18.7949 0.75 13.7383
    endloop
  endfacet
  facet normal 0 -1 0
    outer loop
      vertex 19.0661 0.75 12.7744
      vertex 18.7949 0.75 13.7383
      vertex 18.7001 0.75 13.7067
    endloop
  endfacet
  facet normal 0 -1 0
    outer loop
      vertex 20.6004 0.75 14.5849
      vertex 21.0578 0.75 13.6928
      vertex 21.1431 0.75 13.7447
    endloop
  endfacet
  facet normal 0 -1 0
    outer loop
      vertex 18.9712 0.75 12.7433
      vertex 18.7001 0.75 13.7067
      vertex 18.605 0.75 13.6761
    endloop
  endfacet
  facet normal 0 -1 0
    outer loop
      vertex 18.8759 0.75 12.7131
      vertex 18.605 0.75 13.6761
      vertex 18.5096 0.75 13.6466
    endloop
  endfacet
  facet normal 0 -1 0
    outer loop
      vertex 20.5149 0.75 14.5332
      vertex 20.9719 0.75 13.6417
      vertex 21.0578 0.75 13.6928
    endloop
  endfacet
  facet normal 0 -1 0
    outer loop
      vertex 18.7804 0.75 12.6838
      vertex 18.5096 0.75 13.6466
      vertex 18.4138 0.75 13.6182
    endloop
  endfacet
  facet normal 0 -1 0
    outer loop
      vertex 20.4288 0.75 14.4825
      vertex 20.8856 0.75 13.5914
      vertex 20.9719 0.75 13.6417
    endloop
  endfacet
  facet normal 0 -1 0
    outer loop
      vertex 18.6846 0.75 12.6555
      vertex 18.4138 0.75 13.6182
      vertex 18.3177 0.75 13.5908
    endloop
  endfacet
  facet normal 0 -1 0
    outer loop
      vertex 18.4922 0.75 12.6018
      vertex 18.3177 0.75 13.5908
      vertex 18.2213 0.75 13.5645
    endloop
  endfacet
  facet normal 0 -1 0
    outer loop
      vertex 20.3422 0.75 14.4327
      vertex 20.7987 0.75 13.5421
      vertex 20.8856 0.75 13.5914
    endloop
  endfacet
  facet normal 0 -1 0
    outer loop
      vertex 18.3956 0.75 12.5764
      vertex 18.2213 0.75 13.5645
      vertex 18.1247 0.75 13.5393
    endloop
  endfacet
  facet normal 0 -1 0
    outer loop
      vertex 18.2988 0.75 12.552
      vertex 18.1247 0.75 13.5393
      vertex 18.0277 0.75 13.5151
    endloop
  endfacet
  facet normal 0 -1 0
    outer loop
      vertex 20.255 0.75 14.3839
      vertex 20.7114 0.75 13.4936
      vertex 20.7987 0.75 13.5421
    endloop
  endfacet
  facet normal 0 -1 0
    outer loop
      vertex 18.2017 0.75 12.5285
      vertex 18.0277 0.75 13.5151
      vertex 17.9305 0.75 13.492
    endloop
  endfacet
  facet normal 0 -1 0
    outer loop
      vertex 18.1043 0.75 12.506
      vertex 17.9305 0.75 13.492
      vertex 17.833 0.75 13.47
    endloop
  endfacet
  facet normal 0 -1 0
    outer loop
      vertex 18.0068 0.75 12.4844
      vertex 17.833 0.75 13.47
      vertex 17.7354 0.75 13.4491
    endloop
  endfacet
  facet normal 0 -1 0
    outer loop
      vertex 20.1673 0.75 14.336
      vertex 20.6236 0.75 13.4459
      vertex 20.7114 0.75 13.4936
    endloop
  endfacet
  facet normal 0 -1 0
    outer loop
      vertex 17.909 0.75 12.4639
      vertex 17.7354 0.75 13.4491
      vertex 17.6374 0.75 13.4293
    endloop
  endfacet
  facet normal 0 -1 0
    outer loop
      vertex 17.8111 0.75 12.4443
      vertex 17.6374 0.75 13.4293
      vertex 17.5393 0.75 13.4106
    endloop
  endfacet
  facet normal 0 -1 0
    outer loop
      vertex 20.0791 0.75 14.2891
      vertex 20.5353 0.75 13.3992
      vertex 20.6236 0.75 13.4459
    endloop
  endfacet
  facet normal 0 -1 0
    outer loop
      vertex 17.7129 0.75 12.4257
      vertex 17.5393 0.75 13.4106
      vertex 17.441 0.75 13.3929
    endloop
  endfacet
  facet normal 0 -1 0
    outer loop
      vertex 17.5161 0.75 12.3915
      vertex 17.441 0.75 13.3929
      vertex 17.3424 0.75 13.3763
    endloop
  endfacet
  facet normal 0 -1 0
    outer loop
      vertex 17.4175 0.75 12.3758
      vertex 17.3424 0.75 13.3763
      vertex 17.2437 0.75 13.3609
    endloop
  endfacet
  facet normal 0 -1 0
    outer loop
      vertex 19.9904 0.75 14.2432
      vertex 20.4466 0.75 13.3533
      vertex 20.5353 0.75 13.3992
    endloop
  endfacet
  facet normal 0 -1 0
    outer loop
      vertex 17.3187 0.75 12.3611
      vertex 17.2437 0.75 13.3609
      vertex 17.1449 0.75 13.3465
    endloop
  endfacet
  facet normal 0 -1 0
    outer loop
      vertex 17.2197 0.75 12.3475
      vertex 17.1449 0.75 13.3465
      vertex 17.0458 0.75 13.3332
    endloop
  endfacet
  facet normal 0 -1 0
    outer loop
      vertex 17.1206 0.75 12.3348
      vertex 17.0458 0.75 13.3332
      vertex 16.9467 0.75 13.3211
    endloop
  endfacet
  facet normal 0 -1 0
    outer loop
      vertex 17.0214 0.75 12.3231
      vertex 16.9467 0.75 13.3211
      vertex 16.8474 0.75 13.31
    endloop
  endfacet
  facet normal 0 -1 0
    outer loop
      vertex 19.9904 0.75 14.2432
      vertex 20.3574 0.75 13.3084
      vertex 20.4466 0.75 13.3533
    endloop
  endfacet
  facet normal 0 -1 0
    outer loop
      vertex 16.9221 0.75 12.3124
      vertex 16.8474 0.75 13.31
      vertex 16.748 0.75 13.3
    endloop
  endfacet
  facet normal 0 -1 0
    outer loop
      vertex 16.8227 0.75 12.3027
      vertex 16.748 0.75 13.3
      vertex 16.6485 0.75 13.2912
    endloop
  endfacet
  facet normal 0 -1 0
    outer loop
      vertex 16.7232 0.75 12.2939
      vertex 16.6485 0.75 13.2912
      vertex 16.5488 0.75 13.2834
    endloop
  endfacet
  facet normal 0 -1 0
    outer loop
      vertex 16.5239 0.75 12.2795
      vertex 16.5488 0.75 13.2834
      vertex 16.4492 0.75 13.2768
    endloop
  endfacet
  facet normal 0 -1 0
    outer loop
      vertex 16.4242 0.75 12.2737
      vertex 16.4492 0.75 13.2768
      vertex 16.3494 0.75 13.2712
    endloop
  endfacet
  facet normal 0 -1 0
    outer loop
      vertex 16.3244 0.75 12.269
      vertex 16.3494 0.75 13.2712
      vertex 16.2496 0.75 13.2668
    endloop
  endfacet
  facet normal 0 -1 0
    outer loop
      vertex 19.9011 0.75 14.1983
      vertex 20.2677 0.75 13.2643
      vertex 20.3574 0.75 13.3084
    endloop
  endfacet
  facet normal 0 -1 0
    outer loop
      vertex 16.2246 0.75 12.2653
      vertex 16.2496 0.75 13.2668
      vertex 16.1497 0.75 13.2635
    endloop
  endfacet
  facet normal 0 -1 0
    outer loop
      vertex 16.1247 0.75 12.2625
      vertex 16.1497 0.75 13.2635
      vertex 16.0499 0.75 13.2612
    endloop
  endfacet
  facet normal 0 -1 0
    outer loop
      vertex 16.0249 0.75 12.2608
      vertex 16.0499 0.75 13.2612
      vertex 15.95 0.75 13.2601
    endloop
  endfacet
  facet normal 0 -1 0
    outer loop
      vertex 13.647 0.75 12.5171
      vertex 13.8695 0.75 13.492
      vertex 13.5498 0.75 12.5401
    endloop
  endfacet
  facet normal 0 -1 0
    outer loop
      vertex 19.8114 0.75 14.1544
      vertex 20.1777 0.75 13.2211
      vertex 20.2677 0.75 13.2643
    endloop
  endfacet
  facet normal 0 -1 -0
    outer loop
      vertex 13.8695 0.75 13.492
      vertex 13.647 0.75 12.5171
      vertex 13.9669 0.75 13.47
    endloop
  endfacet
  facet normal 0 -1 0
    outer loop
      vertex 19.7212 0.75 14.1115
      vertex 20.0872 0.75 13.1788
      vertex 20.1777 0.75 13.2211
    endloop
  endfacet
  facet normal 0 -1 0
    outer loop
      vertex 13.7444 0.75 12.4951
      vertex 13.9669 0.75 13.47
      vertex 13.647 0.75 12.5171
    endloop
  endfacet
  facet normal 0 -1 0
    outer loop
      vertex 19.6305 0.75 14.0695
      vertex 19.9962 0.75 13.1375
      vertex 20.0872 0.75 13.1788
    endloop
  endfacet
  facet normal 0 -1 0
    outer loop
      vertex 13.8421 0.75 12.474
      vertex 13.9669 0.75 13.47
      vertex 13.7444 0.75 12.4951
    endloop
  endfacet
  facet normal 0 -1 0
    outer loop
      vertex 19.5393 0.75 14.0286
      vertex 19.9049 0.75 13.097
      vertex 19.9962 0.75 13.1375
    endloop
  endfacet
  facet normal 0 -1 -0
    outer loop
      vertex 13.9669 0.75 13.47
      vertex 13.8421 0.75 12.474
      vertex 14.0646 0.75 13.4491
    endloop
  endfacet
  facet normal 0 -1 0
    outer loop
      vertex 19.4477 0.75 13.9887
      vertex 19.8132 0.75 13.0574
      vertex 19.9049 0.75 13.097
    endloop
  endfacet
  facet normal 0 -1 0
    outer loop
      vertex 13.9399 0.75 12.454
      vertex 14.0646 0.75 13.4491
      vertex 13.8421 0.75 12.474
    endloop
  endfacet
  facet normal 0 -1 0
    outer loop
      vertex 19.3557 0.75 13.9499
      vertex 19.7211 0.75 13.0188
      vertex 19.8132 0.75 13.0574
    endloop
  endfacet
  facet normal 0 -1 -0
    outer loop
      vertex 14.0646 0.75 13.4491
      vertex 13.9399 0.75 12.454
      vertex 14.1626 0.75 13.4293
    endloop
  endfacet
  facet normal 0 -1 0
    outer loop
      vertex 19.2632 0.75 13.912
      vertex 19.6286 0.75 12.9811
      vertex 19.7211 0.75 13.0188
    endloop
  endfacet
  facet normal 0 -1 0
    outer loop
      vertex 14.038 0.75 12.4349
      vertex 14.1626 0.75 13.4293
      vertex 13.9399 0.75 12.454
    endloop
  endfacet
  facet normal 0 -1 0
    outer loop
      vertex 19.1703 0.75 13.8752
      vertex 19.5357 0.75 12.9443
      vertex 19.6286 0.75 12.9811
    endloop
  endfacet
  facet normal 0 -1 -0
    outer loop
      vertex 14.1626 0.75 13.4293
      vertex 14.038 0.75 12.4349
      vertex 14.2607 0.75 13.4106
    endloop
  endfacet
  facet normal 0 -1 0
    outer loop
      vertex 19.1703 0.75 13.8752
      vertex 19.4425 0.75 12.9085
      vertex 19.5357 0.75 12.9443
    endloop
  endfacet
  facet normal 0 -1 0
    outer loop
      vertex 14.1362 0.75 12.4168
      vertex 14.2607 0.75 13.4106
      vertex 14.038 0.75 12.4349
    endloop
  endfacet
  facet normal 0 -1 0
    outer loop
      vertex 19.0771 0.75 13.8394
      vertex 19.3489 0.75 12.8736
      vertex 19.4425 0.75 12.9085
    endloop
  endfacet
  facet normal 0 -1 -0
    outer loop
      vertex 14.2607 0.75 13.4106
      vertex 14.1362 0.75 12.4168
      vertex 14.359 0.75 13.3929
    endloop
  endfacet
  facet normal 0 -1 0
    outer loop
      vertex 18.9834 0.75 13.8047
      vertex 19.2549 0.75 12.8396
      vertex 19.3489 0.75 12.8736
    endloop
  endfacet
  facet normal 0 -1 0
    outer loop
      vertex 14.2346 0.75 12.3997
      vertex 14.359 0.75 13.3929
      vertex 14.1362 0.75 12.4168
    endloop
  endfacet
  facet normal 0 -1 0
    outer loop
      vertex 18.8893 0.75 13.771
      vertex 19.1607 0.75 12.8065
      vertex 19.2549 0.75 12.8396
    endloop
  endfacet
  facet normal 0 -1 -0
    outer loop
      vertex 14.359 0.75 13.3929
      vertex 14.2346 0.75 12.3997
      vertex 14.4576 0.75 13.3763
    endloop
  endfacet
  facet normal 0 -1 0
    outer loop
      vertex 18.7949 0.75 13.7383
      vertex 19.0661 0.75 12.7744
      vertex 19.1607 0.75 12.8065
    endloop
  endfacet
  facet normal 0 -1 0
    outer loop
      vertex 14.3332 0.75 12.3835
      vertex 14.4576 0.75 13.3763
      vertex 14.2346 0.75 12.3997
    endloop
  endfacet
  facet normal 0 -1 0
    outer loop
      vertex 18.7001 0.75 13.7067
      vertex 18.9712 0.75 12.7433
      vertex 19.0661 0.75 12.7744
    endloop
  endfacet
  facet normal 0 -1 -0
    outer loop
      vertex 14.4576 0.75 13.3763
      vertex 14.3332 0.75 12.3835
      vertex 14.5563 0.75 13.3609
    endloop
  endfacet
  facet normal 0 -1 0
    outer loop
      vertex 18.605 0.75 13.6761
      vertex 18.8759 0.75 12.7131
      vertex 18.9712 0.75 12.7433
    endloop
  endfacet
  facet normal 0 -1 0
    outer loop
      vertex 14.4319 0.75 12.3683
      vertex 14.5563 0.75 13.3609
      vertex 14.3332 0.75 12.3835
    endloop
  endfacet
  facet normal 0 -1 0
    outer loop
      vertex 18.5096 0.75 13.6466
      vertex 18.7804 0.75 12.6838
      vertex 18.8759 0.75 12.7131
    endloop
  endfacet
  facet normal 0 -1 -0
    outer loop
      vertex 14.5563 0.75 13.3609
      vertex 14.4319 0.75 12.3683
      vertex 14.6551 0.75 13.3465
    endloop
  endfacet
  facet normal 0 -1 0
    outer loop
      vertex 18.4138 0.75 13.6182
      vertex 18.6846 0.75 12.6555
      vertex 18.7804 0.75 12.6838
    endloop
  endfacet
  facet normal 0 -1 0
    outer loop
      vertex 14.5308 0.75 12.3542
      vertex 14.6551 0.75 13.3465
      vertex 14.4319 0.75 12.3683
    endloop
  endfacet
  facet normal 0 -1 0
    outer loop
      vertex 18.3177 0.75 13.5908
      vertex 18.5886 0.75 12.6282
      vertex 18.6846 0.75 12.6555
    endloop
  endfacet
  facet normal 0 -1 -0
    outer loop
      vertex 14.6551 0.75 13.3465
      vertex 14.5308 0.75 12.3542
      vertex 14.7542 0.75 13.3332
    endloop
  endfacet
  facet normal 0 -1 0
    outer loop
      vertex 18.3177 0.75 13.5908
      vertex 18.4922 0.75 12.6018
      vertex 18.5886 0.75 12.6282
    endloop
  endfacet
  facet normal 0 -1 0
    outer loop
      vertex 14.6298 0.75 12.341
      vertex 14.7542 0.75 13.3332
      vertex 14.5308 0.75 12.3542
    endloop
  endfacet
  facet normal 0 -1 0
    outer loop
      vertex 18.2213 0.75 13.5645
      vertex 18.3956 0.75 12.5764
      vertex 18.4922 0.75 12.6018
    endloop
  endfacet
  facet normal 0 -1 -0
    outer loop
      vertex 14.7542 0.75 13.3332
      vertex 14.6298 0.75 12.341
      vertex 14.8533 0.75 13.3211
    endloop
  endfacet
  facet normal 0 -1 0
    outer loop
      vertex 18.1247 0.75 13.5393
      vertex 18.2988 0.75 12.552
      vertex 18.3956 0.75 12.5764
    endloop
  endfacet
  facet normal 0 -1 0
    outer loop
      vertex 14.729 0.75 12.3288
      vertex 14.8533 0.75 13.3211
      vertex 14.6298 0.75 12.341
    endloop
  endfacet
  facet normal 0 -1 0
    outer loop
      vertex 18.0277 0.75 13.5151
      vertex 18.2017 0.75 12.5285
      vertex 18.2988 0.75 12.552
    endloop
  endfacet
  facet normal 0 -1 0
    outer loop
      vertex 14.8282 0.75 12.3176
      vertex 14.8533 0.75 13.3211
      vertex 14.729 0.75 12.3288
    endloop
  endfacet
  facet normal 0 -1 0
    outer loop
      vertex 17.9305 0.75 13.492
      vertex 18.1043 0.75 12.506
      vertex 18.2017 0.75 12.5285
    endloop
  endfacet
  facet normal 0 -1 -0
    outer loop
      vertex 14.8533 0.75 13.3211
      vertex 14.8282 0.75 12.3176
      vertex 14.9526 0.75 13.31
    endloop
  endfacet
  facet normal 0 -1 0
    outer loop
      vertex 17.833 0.75 13.47
      vertex 18.0068 0.75 12.4844
      vertex 18.1043 0.75 12.506
    endloop
  endfacet
  facet normal 0 -1 0
    outer loop
      vertex 14.9276 0.75 12.3074
      vertex 14.9526 0.75 13.31
      vertex 14.8282 0.75 12.3176
    endloop
  endfacet
  facet normal 0 -1 0
    outer loop
      vertex 17.7354 0.75 13.4491
      vertex 17.909 0.75 12.4639
      vertex 18.0068 0.75 12.4844
    endloop
  endfacet
  facet normal 0 -1 -0
    outer loop
      vertex 14.9526 0.75 13.31
      vertex 14.9276 0.75 12.3074
      vertex 15.052 0.75 13.3
    endloop
  endfacet
  facet normal 0 -1 0
    outer loop
      vertex 17.6374 0.75 13.4293
      vertex 17.8111 0.75 12.4443
      vertex 17.909 0.75 12.4639
    endloop
  endfacet
  facet normal 0 -1 0
    outer loop
      vertex 15.0271 0.75 12.2982
      vertex 15.052 0.75 13.3
      vertex 14.9276 0.75 12.3074
    endloop
  endfacet
  facet normal 0 -1 0
    outer loop
      vertex 17.5393 0.75 13.4106
      vertex 17.7129 0.75 12.4257
      vertex 17.8111 0.75 12.4443
    endloop
  endfacet
  facet normal 0 -1 -0
    outer loop
      vertex 15.052 0.75 13.3
      vertex 15.0271 0.75 12.2982
      vertex 15.1515 0.75 13.2912
    endloop
  endfacet
  facet normal 0 -1 0
    outer loop
      vertex 17.441 0.75 13.3929
      vertex 17.6146 0.75 12.4081
      vertex 17.7129 0.75 12.4257
    endloop
  endfacet
  facet normal 0 -1 0
    outer loop
      vertex 15.1266 0.75 12.29
      vertex 15.1515 0.75 13.2912
      vertex 15.0271 0.75 12.2982
    endloop
  endfacet
  facet normal 0 -1 0
    outer loop
      vertex 17.441 0.75 13.3929
      vertex 17.5161 0.75 12.3915
      vertex 17.6146 0.75 12.4081
    endloop
  endfacet
  facet normal 0 -1 -0
    outer loop
      vertex 15.1515 0.75 13.2912
      vertex 15.1266 0.75 12.29
      vertex 15.2512 0.75 13.2834
    endloop
  endfacet
  facet normal 0 -1 0
    outer loop
      vertex 17.3424 0.75 13.3763
      vertex 17.4175 0.75 12.3758
      vertex 17.5161 0.75 12.3915
    endloop
  endfacet
  facet normal 0 -1 0
    outer loop
      vertex 15.2262 0.75 12.2827
      vertex 15.2512 0.75 13.2834
      vertex 15.1266 0.75 12.29
    endloop
  endfacet
  facet normal 0 -1 0
    outer loop
      vertex 17.2437 0.75 13.3609
      vertex 17.3187 0.75 12.3611
      vertex 17.4175 0.75 12.3758
    endloop
  endfacet
  facet normal 0 -1 -0
    outer loop
      vertex 15.2512 0.75 13.2834
      vertex 15.2262 0.75 12.2827
      vertex 15.3508 0.75 13.2768
    endloop
  endfacet
  facet normal 0 -1 0
    outer loop
      vertex 17.1449 0.75 13.3465
      vertex 17.2197 0.75 12.3475
      vertex 17.3187 0.75 12.3611
    endloop
  endfacet
  facet normal 0 -1 0
    outer loop
      vertex 15.3259 0.75 12.2765
      vertex 15.3508 0.75 13.2768
      vertex 15.2262 0.75 12.2827
    endloop
  endfacet
  facet normal 0 -1 0
    outer loop
      vertex 17.0458 0.75 13.3332
      vertex 17.1206 0.75 12.3348
      vertex 17.2197 0.75 12.3475
    endloop
  endfacet
  facet normal 0 -1 -0
    outer loop
      vertex 15.3508 0.75 13.2768
      vertex 15.3259 0.75 12.2765
      vertex 15.4506 0.75 13.2712
    endloop
  endfacet
  facet normal 0 -1 0
    outer loop
      vertex 16.9467 0.75 13.3211
      vertex 17.0214 0.75 12.3231
      vertex 17.1206 0.75 12.3348
    endloop
  endfacet
  facet normal 0 -1 0
    outer loop
      vertex 15.4257 0.75 12.2713
      vertex 15.4506 0.75 13.2712
      vertex 15.3259 0.75 12.2765
    endloop
  endfacet
  facet normal 0 -1 0
    outer loop
      vertex 16.8474 0.75 13.31
      vertex 16.9221 0.75 12.3124
      vertex 17.0214 0.75 12.3231
    endloop
  endfacet
  facet normal 0 -1 -0
    outer loop
      vertex 15.4506 0.75 13.2712
      vertex 15.4257 0.75 12.2713
      vertex 15.5504 0.75 13.2668
    endloop
  endfacet
  facet normal 0 -1 0
    outer loop
      vertex 16.748 0.75 13.3
      vertex 16.8227 0.75 12.3027
      vertex 16.9221 0.75 12.3124
    endloop
  endfacet
  facet normal 0 -1 0
    outer loop
      vertex 15.5255 0.75 12.267
      vertex 15.5504 0.75 13.2668
      vertex 15.4257 0.75 12.2713
    endloop
  endfacet
  facet normal 0 -1 0
    outer loop
      vertex 16.6485 0.75 13.2912
      vertex 16.7232 0.75 12.2939
      vertex 16.8227 0.75 12.3027
    endloop
  endfacet
  facet normal 0 -1 -0
    outer loop
      vertex 15.5504 0.75 13.2668
      vertex 15.5255 0.75 12.267
      vertex 15.6503 0.75 13.2635
    endloop
  endfacet
  facet normal 0 -1 0
    outer loop
      vertex 16.5488 0.75 13.2834
      vertex 16.6236 0.75 12.2862
      vertex 16.7232 0.75 12.2939
    endloop
  endfacet
  facet normal 0 -1 0
    outer loop
      vertex 15.6253 0.75 12.2638
      vertex 15.6503 0.75 13.2635
      vertex 15.5255 0.75 12.267
    endloop
  endfacet
  facet normal 0 -1 -0
    outer loop
      vertex 16.5488 0.75 13.2834
      vertex 16.5239 0.75 12.2795
      vertex 16.6236 0.75 12.2862
    endloop
  endfacet
  facet normal 0 -1 -0
    outer loop
      vertex 15.6503 0.75 13.2635
      vertex 15.6253 0.75 12.2638
      vertex 15.7501 0.75 13.2612
    endloop
  endfacet
  facet normal 0 -1 -0
    outer loop
      vertex 16.4492 0.75 13.2768
      vertex 16.4242 0.75 12.2737
      vertex 16.5239 0.75 12.2795
    endloop
  endfacet
  facet normal 0 -1 0
    outer loop
      vertex 15.7252 0.75 12.2615
      vertex 15.7501 0.75 13.2612
      vertex 15.6253 0.75 12.2638
    endloop
  endfacet
  facet normal 0 -1 -0
    outer loop
      vertex 16.3494 0.75 13.2712
      vertex 16.3244 0.75 12.269
      vertex 16.4242 0.75 12.2737
    endloop
  endfacet
  facet normal 0 -1 0
    outer loop
      vertex 15.8251 0.75 12.2603
      vertex 15.7501 0.75 13.2612
      vertex 15.7252 0.75 12.2615
    endloop
  endfacet
  facet normal 0 -1 -0
    outer loop
      vertex 16.2496 0.75 13.2668
      vertex 16.2246 0.75 12.2653
      vertex 16.3244 0.75 12.269
    endloop
  endfacet
  facet normal 0 -1 0
    outer loop
      vertex 15.7501 0.75 13.2612
      vertex 15.8251 0.75 12.2603
      vertex 15.85 0.75 13.2601
    endloop
  endfacet
  facet normal 0 -1 -0
    outer loop
      vertex 16.1497 0.75 13.2635
      vertex 16.1247 0.75 12.2625
      vertex 16.2246 0.75 12.2653
    endloop
  endfacet
  facet normal 0 -1 0
    outer loop
      vertex 15.925 0.75 12.26
      vertex 15.85 0.75 13.2601
      vertex 15.8251 0.75 12.2603
    endloop
  endfacet
  facet normal 0 -1 -0
    outer loop
      vertex 16.0499 0.75 13.2612
      vertex 16.0249 0.75 12.2608
      vertex 16.1247 0.75 12.2625
    endloop
  endfacet
  facet normal 0 -1 0
    outer loop
      vertex 15.85 0.75 13.2601
      vertex 15.925 0.75 12.26
      vertex 15.95 0.75 13.2601
    endloop
  endfacet
  facet normal 0 -1 -0
    outer loop
      vertex 15.95 0.75 13.2601
      vertex 15.925 0.75 12.26
      vertex 16.0249 0.75 12.2608
    endloop
  endfacet
  facet normal 0.995007 -0 0.099801
    outer loop
      vertex 5.94499 0 21.3125
      vertex 5.95496 0.75 21.2131
      vertex 5.94499 0.75 21.3125
    endloop
  endfacet
  facet normal 0.995007 0 0.099801
    outer loop
      vertex 5.95496 0.75 21.2131
      vertex 5.94499 0 21.3125
      vertex 5.95496 0 21.2131
    endloop
  endfacet
  facet normal 0.993975 -0 0.109608
    outer loop
      vertex 5.95496 0 21.2131
      vertex 5.96591 0.75 21.1138
      vertex 5.95496 0.75 21.2131
    endloop
  endfacet
  facet normal 0.993975 0 0.109608
    outer loop
      vertex 5.96591 0.75 21.1138
      vertex 5.95496 0 21.2131
      vertex 5.96591 0 21.1138
    endloop
  endfacet
  facet normal 0.998206 -0 0.0598723
    outer loop
      vertex 5.91509 0 21.7109
      vertex 5.92107 0.75 21.6112
      vertex 5.91509 0.75 21.7109
    endloop
  endfacet
  facet normal 0.998206 0 0.0598723
    outer loop
      vertex 5.92107 0.75 21.6112
      vertex 5.91509 0 21.7109
      vertex 5.92107 0 21.6112
    endloop
  endfacet
  facet normal 0.400556 0 0.916272
    outer loop
      vertex 11.8494 0.75 13.1171
      vertex 11.9409 0 13.0771
      vertex 11.9409 0.75 13.0771
    endloop
  endfacet
  facet normal 0.400556 0 0.916272
    outer loop
      vertex 11.9409 0 13.0771
      vertex 11.8494 0.75 13.1171
      vertex 11.8494 0 13.1171
    endloop
  endfacet
  facet normal 0.427484 0 0.904023
    outer loop
      vertex 11.5772 0.75 13.2426
      vertex 11.6675 0 13.1999
      vertex 11.6675 0.75 13.1999
    endloop
  endfacet
  facet normal 0.427484 0 0.904023
    outer loop
      vertex 11.6675 0 13.1999
      vertex 11.5772 0.75 13.2426
      vertex 11.5772 0 13.2426
    endloop
  endfacet
  facet normal 0.68993 0 0.723876
    outer loop
      vertex 8.9626 0.75 15.0577
      vertex 9.03489 0 14.9888
      vertex 9.03489 0.75 14.9888
    endloop
  endfacet
  facet normal 0.68993 0 0.723876
    outer loop
      vertex 9.03489 0 14.9888
      vertex 8.9626 0.75 15.0577
      vertex 8.9626 0 15.0577
    endloop
  endfacet
  facet normal 0.660678 0 0.75067
    outer loop
      vertex 9.25584 0.75 14.7864
      vertex 9.33083 0 14.7204
      vertex 9.33083 0.75 14.7204
    endloop
  endfacet
  facet normal 0.660678 0 0.75067
    outer loop
      vertex 9.33083 0 14.7204
      vertex 9.25584 0.75 14.7864
      vertex 9.25584 0 14.7864
    endloop
  endfacet
  facet normal 0.667924 0 0.74423
    outer loop
      vertex 9.18152 0.75 14.8531
      vertex 9.25584 0 14.7864
      vertex 9.25584 0.75 14.7864
    endloop
  endfacet
  facet normal 0.667924 0 0.74423
    outer loop
      vertex 9.25584 0 14.7864
      vertex 9.18152 0.75 14.8531
      vertex 9.18152 0 14.8531
    endloop
  endfacet
  facet normal 0.445611 0 0.895227
    outer loop
      vertex 11.398 0.75 13.3307
      vertex 11.4874 0 13.2862
      vertex 11.4874 0.75 13.2862
    endloop
  endfacet
  facet normal 0.445611 0 0.895227
    outer loop
      vertex 11.4874 0 13.2862
      vertex 11.398 0.75 13.3307
      vertex 11.398 0 13.3307
    endloop
  endfacet
  facet normal 0.455199 0 0.89039
    outer loop
      vertex 11.309 0.75 13.3762
      vertex 11.398 0 13.3307
      vertex 11.398 0.75 13.3307
    endloop
  endfacet
  facet normal 0.455199 0 0.89039
    outer loop
      vertex 11.398 0 13.3307
      vertex 11.309 0.75 13.3762
      vertex 11.309 0 13.3762
    endloop
  endfacet
  facet normal 0.471471 0 0.881881
    outer loop
      vertex 11.1324 0.75 13.4696
      vertex 11.2205 0 13.4225
      vertex 11.2205 0.75 13.4225
    endloop
  endfacet
  facet normal 0.471471 0 0.881881
    outer loop
      vertex 11.2205 0 13.4225
      vertex 11.1324 0.75 13.4696
      vertex 11.1324 0 13.4696
    endloop
  endfacet
  facet normal 0.5577 0 0.830042
    outer loop
      vertex 10.2796 0.75 13.9889
      vertex 10.3625 0 13.9332
      vertex 10.3625 0.75 13.9332
    endloop
  endfacet
  facet normal 0.5577 0 0.830042
    outer loop
      vertex 10.3625 0 13.9332
      vertex 10.2796 0.75 13.9889
      vertex 10.2796 0 13.9889
    endloop
  endfacet
  facet normal 0.489548 0 0.871976
    outer loop
      vertex 10.9578 0.75 13.5666
      vertex 11.0449 0 13.5177
      vertex 11.0449 0.75 13.5177
    endloop
  endfacet
  facet normal 0.489548 0 0.871976
    outer loop
      vertex 11.0449 0 13.5177
      vertex 10.9578 0.75 13.5666
      vertex 10.9578 0 13.5666
    endloop
  endfacet
  facet normal 0.549837 0 0.835272
    outer loop
      vertex 10.3625 0.75 13.9332
      vertex 10.4459 0 13.8783
      vertex 10.4459 0.75 13.8783
    endloop
  endfacet
  facet normal 0.549837 0 0.835272
    outer loop
      vertex 10.4459 0 13.8783
      vertex 10.3625 0.75 13.9332
      vertex 10.3625 0 13.9332
    endloop
  endfacet
  facet normal 0.582563 0 0.812786
    outer loop
      vertex 10.0343 0.75 14.161
      vertex 10.1155 0 14.1028
      vertex 10.1155 0.75 14.1028
    endloop
  endfacet
  facet normal 0.582563 0 0.812786
    outer loop
      vertex 10.1155 0 14.1028
      vertex 10.0343 0.75 14.161
      vertex 10.0343 0 14.161
    endloop
  endfacet
  facet normal 0.590526 0 0.807019
    outer loop
      vertex 9.95367 0.75 14.22
      vertex 10.0343 0 14.161
      vertex 10.0343 0.75 14.161
    endloop
  endfacet
  facet normal 0.590526 0 0.807019
    outer loop
      vertex 10.0343 0 14.161
      vertex 9.95367 0.75 14.22
      vertex 9.95367 0 14.22
    endloop
  endfacet
  facet normal 0.629884 0 0.77669
    outer loop
      vertex 9.55969 0.75 14.5269
      vertex 9.63725 0 14.464
      vertex 9.63725 0.75 14.464
    endloop
  endfacet
  facet normal 0.629884 0 0.77669
    outer loop
      vertex 9.63725 0 14.464
      vertex 9.55969 0.75 14.5269
      vertex 9.55969 0 14.5269
    endloop
  endfacet
  facet normal 0.622544 0 0.782584
    outer loop
      vertex 9.63725 0.75 14.464
      vertex 9.71544 0 14.4018
      vertex 9.71544 0.75 14.4018
    endloop
  endfacet
  facet normal 0.622544 0 0.782584
    outer loop
      vertex 9.71544 0 14.4018
      vertex 9.63725 0.75 14.464
      vertex 9.63725 0 14.464
    endloop
  endfacet
  facet normal 0.2111 0 0.977464
    outer loop
      vertex 13.7444 0.75 12.4951
      vertex 13.8421 0 12.474
      vertex 13.8421 0.75 12.474
    endloop
  endfacet
  facet normal 0.2111 0 0.977464
    outer loop
      vertex 13.8421 0 12.474
      vertex 13.7444 0.75 12.4951
      vertex 13.7444 0 12.4951
    endloop
  endfacet
  facet normal 0.363267 0 0.931685
    outer loop
      vertex 12.2178 0.75 12.9626
      vertex 12.3109 0 12.9263
      vertex 12.3109 0.75 12.9263
    endloop
  endfacet
  facet normal 0.363267 0 0.931685
    outer loop
      vertex 12.3109 0 12.9263
      vertex 12.2178 0.75 12.9626
      vertex 12.2178 0 12.9626
    endloop
  endfacet
  facet normal 0.372426 0 0.928062
    outer loop
      vertex 12.1251 0.75 12.9998
      vertex 12.2178 0 12.9626
      vertex 12.2178 0.75 12.9626
    endloop
  endfacet
  facet normal 0.372426 0 0.928062
    outer loop
      vertex 12.2178 0 12.9626
      vertex 12.1251 0.75 12.9998
      vertex 12.1251 0 12.9998
    endloop
  endfacet
  facet normal 0.325528 0 0.945533
    outer loop
      vertex 12.5922 0.75 12.8229
      vertex 12.6866 0 12.7904
      vertex 12.6866 0.75 12.7904
    endloop
  endfacet
  facet normal 0.325528 0 0.945533
    outer loop
      vertex 12.6866 0 12.7904
      vertex 12.5922 0.75 12.8229
      vertex 12.5922 0 12.8229
    endloop
  endfacet
  facet normal 0.171214 0 0.985234
    outer loop
      vertex 14.1362 0.75 12.4168
      vertex 14.2346 0 12.3997
      vertex 14.2346 0.75 12.3997
    endloop
  endfacet
  facet normal 0.171214 0 0.985234
    outer loop
      vertex 14.2346 0 12.3997
      vertex 14.1362 0.75 12.4168
      vertex 14.1362 0 12.4168
    endloop
  endfacet
  facet normal 0.162127 0 0.98677
    outer loop
      vertex 14.2346 0.75 12.3997
      vertex 14.3332 0 12.3835
      vertex 14.3332 0.75 12.3835
    endloop
  endfacet
  facet normal 0.162127 0 0.98677
    outer loop
      vertex 14.3332 0 12.3835
      vertex 14.2346 0.75 12.3997
      vertex 14.2346 0 12.3997
    endloop
  endfacet
  facet normal 0.152208 0 0.988349
    outer loop
      vertex 14.3332 0.75 12.3835
      vertex 14.4319 0 12.3683
      vertex 14.4319 0.75 12.3683
    endloop
  endfacet
  facet normal 0.152208 0 0.988349
    outer loop
      vertex 14.4319 0 12.3683
      vertex 14.3332 0.75 12.3835
      vertex 14.3332 0 12.3835
    endloop
  endfacet
  facet normal 0.11219 0 0.993687
    outer loop
      vertex 14.729 0.75 12.3288
      vertex 14.8282 0 12.3176
      vertex 14.8282 0.75 12.3176
    endloop
  endfacet
  facet normal 0.11219 0 0.993687
    outer loop
      vertex 14.8282 0 12.3176
      vertex 14.729 0.75 12.3288
      vertex 14.729 0 12.3288
    endloop
  endfacet
  facet normal 0.0430462 0 0.999073
    outer loop
      vertex 15.4257 0.75 12.2713
      vertex 15.5255 0 12.267
      vertex 15.5255 0.75 12.267
    endloop
  endfacet
  facet normal 0.0430462 0 0.999073
    outer loop
      vertex 15.5255 0 12.267
      vertex 15.4257 0.75 12.2713
      vertex 15.4257 0 12.2713
    endloop
  endfacet
  facet normal -0.00800775 0 -0.999968
    outer loop
      vertex 15.925 0 32.26
      vertex 16.0249 0.75 32.2592
      vertex 16.0249 0 32.2592
    endloop
  endfacet
  facet normal -0.00800775 0 -0.999968
    outer loop
      vertex 16.0249 0.75 32.2592
      vertex 15.925 0 32.26
      vertex 15.925 0.75 32.26
    endloop
  endfacet
  facet normal -0.028017 0 -0.999607
    outer loop
      vertex 16.1247 0 32.2575
      vertex 16.2246 0.75 32.2547
      vertex 16.2246 0 32.2547
    endloop
  endfacet
  facet normal -0.028017 0 -0.999607
    outer loop
      vertex 16.2246 0.75 32.2547
      vertex 16.1247 0 32.2575
      vertex 16.1247 0.75 32.2575
    endloop
  endfacet
  facet normal -0.0370487 0 -0.999313
    outer loop
      vertex 16.2246 0 32.2547
      vertex 16.3244 0.75 32.251
      vertex 16.3244 0 32.251
    endloop
  endfacet
  facet normal -0.0370487 0 -0.999313
    outer loop
      vertex 16.3244 0.75 32.251
      vertex 16.2246 0 32.2547
      vertex 16.2246 0.75 32.2547
    endloop
  endfacet
  facet normal -0.117132 0 -0.993116
    outer loop
      vertex 17.0214 0 32.1969
      vertex 17.1206 0.75 32.1852
      vertex 17.1206 0 32.1852
    endloop
  endfacet
  facet normal -0.117132 0 -0.993116
    outer loop
      vertex 17.1206 0.75 32.1852
      vertex 17.0214 0 32.1969
      vertex 17.0214 0.75 32.1969
    endloop
  endfacet
  facet normal -0.136096 0 -0.990696
    outer loop
      vertex 17.2197 0 32.1725
      vertex 17.3187 0.75 32.1589
      vertex 17.3187 0 32.1589
    endloop
  endfacet
  facet normal -0.136096 0 -0.990696
    outer loop
      vertex 17.3187 0.75 32.1589
      vertex 17.2197 0 32.1725
      vertex 17.2197 0.75 32.1725
    endloop
  endfacet
  facet normal -0.147165 0 -0.989112
    outer loop
      vertex 17.3187 0 32.1589
      vertex 17.4175 0.75 32.1442
      vertex 17.4175 0 32.1442
    endloop
  endfacet
  facet normal -0.147165 0 -0.989112
    outer loop
      vertex 17.4175 0.75 32.1442
      vertex 17.3187 0 32.1589
      vertex 17.3187 0.75 32.1589
    endloop
  endfacet
  facet normal -0.127114 0 -0.991888
    outer loop
      vertex 17.1206 0 32.1852
      vertex 17.2197 0.75 32.1725
      vertex 17.2197 0 32.1725
    endloop
  endfacet
  facet normal -0.127114 0 -0.991888
    outer loop
      vertex 17.2197 0.75 32.1725
      vertex 17.1206 0 32.1852
      vertex 17.1206 0.75 32.1852
    endloop
  endfacet
  facet normal -0.166184 0 -0.986095
    outer loop
      vertex 17.5161 0 32.1285
      vertex 17.6146 0.75 32.1119
      vertex 17.6146 0 32.1119
    endloop
  endfacet
  facet normal -0.166184 0 -0.986095
    outer loop
      vertex 17.6146 0.75 32.1119
      vertex 17.5161 0 32.1285
      vertex 17.5161 0.75 32.1285
    endloop
  endfacet
  facet normal -0.196309 0 -0.980542
    outer loop
      vertex 17.8111 0 32.0757
      vertex 17.909 0.75 32.0561
      vertex 17.909 0 32.0561
    endloop
  endfacet
  facet normal -0.196309 0 -0.980542
    outer loop
      vertex 17.909 0.75 32.0561
      vertex 17.8111 0 32.0757
      vertex 17.8111 0.75 32.0757
    endloop
  endfacet
  facet normal -0.358576 0 -0.9335
    outer loop
      vertex 19.4425 0 31.6115
      vertex 19.5357 0.75 31.5757
      vertex 19.5357 0 31.5757
    endloop
  endfacet
  facet normal -0.358576 0 -0.9335
    outer loop
      vertex 19.5357 0.75 31.5757
      vertex 19.4425 0 31.6115
      vertex 19.4425 0.75 31.6115
    endloop
  endfacet
  facet normal -0.386534 0 -0.922275
    outer loop
      vertex 19.7211 0 31.5012
      vertex 19.8132 0.75 31.4626
      vertex 19.8132 0 31.4626
    endloop
  endfacet
  facet normal -0.386534 0 -0.922275
    outer loop
      vertex 19.8132 0.75 31.4626
      vertex 19.7211 0 31.5012
      vertex 19.7211 0.75 31.5012
    endloop
  endfacet
  facet normal -0.311417 0 -0.950273
    outer loop
      vertex 18.9712 0 31.7767
      vertex 19.0661 0.75 31.7456
      vertex 19.0661 0 31.7456
    endloop
  endfacet
  facet normal -0.311417 0 -0.950273
    outer loop
      vertex 19.0661 0.75 31.7456
      vertex 18.9712 0 31.7767
      vertex 18.9712 0.75 31.7767
    endloop
  endfacet
  facet normal -0.340136 0 -0.940376
    outer loop
      vertex 19.2549 0 31.6804
      vertex 19.3489 0.75 31.6464
      vertex 19.3489 0 31.6464
    endloop
  endfacet
  facet normal -0.340136 0 -0.940376
    outer loop
      vertex 19.3489 0.75 31.6464
      vertex 19.2549 0 31.6804
      vertex 19.2549 0.75 31.6804
    endloop
  endfacet
  facet normal -0.27353 0 -0.961863
    outer loop
      vertex 18.5886 0 31.8918
      vertex 18.6846 0.75 31.8645
      vertex 18.6846 0 31.8645
    endloop
  endfacet
  facet normal -0.27353 0 -0.961863
    outer loop
      vertex 18.6846 0.75 31.8645
      vertex 18.5886 0 31.8918
      vertex 18.5886 0.75 31.8918
    endloop
  endfacet
  facet normal -0.293312 0 -0.956017
    outer loop
      vertex 18.7804 0 31.8362
      vertex 18.8759 0.75 31.8069
      vertex 18.8759 0 31.8069
    endloop
  endfacet
  facet normal -0.293312 0 -0.956017
    outer loop
      vertex 18.8759 0.75 31.8069
      vertex 18.7804 0 31.8362
      vertex 18.7804 0.75 31.8362
    endloop
  endfacet
  facet normal -0.216294 0 -0.976328
    outer loop
      vertex 18.0068 0 32.0356
      vertex 18.1043 0.75 32.014
      vertex 18.1043 0 32.014
    endloop
  endfacet
  facet normal -0.216294 0 -0.976328
    outer loop
      vertex 18.1043 0.75 32.014
      vertex 18.0068 0 32.0356
      vertex 18.0068 0.75 32.0356
    endloop
  endfacet
  facet normal -0.244421 0 -0.969669
    outer loop
      vertex 18.2988 0 31.968
      vertex 18.3956 0.75 31.9436
      vertex 18.3956 0 31.9436
    endloop
  endfacet
  facet normal -0.244421 0 -0.969669
    outer loop
      vertex 18.3956 0.75 31.9436
      vertex 18.2988 0 31.968
      vertex 18.2988 0.75 31.968
    endloop
  endfacet
  facet normal -0.693469 0 -0.720487
    outer loop
      vertex 22.8013 0 29.4968
      vertex 22.8733 0.75 29.4275
      vertex 22.8733 0 29.4275
    endloop
  endfacet
  facet normal -0.693469 0 -0.720487
    outer loop
      vertex 22.8733 0.75 29.4275
      vertex 22.8013 0 29.4968
      vertex 22.8013 0.75 29.4968
    endloop
  endfacet
  facet normal -0.707607 0 -0.706606
    outer loop
      vertex 23.0151 0 29.2868
      vertex 22.9445 0.75 29.3575
      vertex 23.0151 0.75 29.2868
    endloop
  endfacet
  facet normal -0.707607 -0 -0.706606
    outer loop
      vertex 22.9445 0.75 29.3575
      vertex 23.0151 0 29.2868
      vertex 22.9445 0 29.3575
    endloop
  endfacet
  facet normal -0.656873 0 -0.754002
    outer loop
      vertex 22.4314 0 29.8323
      vertex 22.5067 0.75 29.7667
      vertex 22.5067 0 29.7667
    endloop
  endfacet
  facet normal -0.656873 0 -0.754002
    outer loop
      vertex 22.5067 0.75 29.7667
      vertex 22.4314 0 29.8323
      vertex 22.4314 0.75 29.8323
    endloop
  endfacet
  facet normal -0.649884 0 -0.760034
    outer loop
      vertex 22.3555 0 29.8972
      vertex 22.4314 0.75 29.8323
      vertex 22.4314 0 29.8323
    endloop
  endfacet
  facet normal -0.649884 0 -0.760034
    outer loop
      vertex 22.4314 0.75 29.8323
      vertex 22.3555 0 29.8972
      vertex 22.3555 0.75 29.8972
    endloop
  endfacet
  facet normal -0.577823 0 -0.816162
    outer loop
      vertex 21.6437 0 30.4459
      vertex 21.7252 0.75 30.3882
      vertex 21.7252 0 30.3882
    endloop
  endfacet
  facet normal -0.577823 0 -0.816162
    outer loop
      vertex 21.7252 0.75 30.3882
      vertex 21.6437 0 30.4459
      vertex 21.6437 0.75 30.4459
    endloop
  endfacet
  facet normal -0.586623 0 -0.80986
    outer loop
      vertex 21.7252 0 30.3882
      vertex 21.8061 0.75 30.3296
      vertex 21.8061 0 30.3296
    endloop
  endfacet
  facet normal -0.586623 0 -0.80986
    outer loop
      vertex 21.8061 0.75 30.3296
      vertex 21.7252 0 30.3882
      vertex 21.7252 0.75 30.3882
    endloop
  endfacet
  facet normal -0.459586 0 -0.888133
    outer loop
      vertex 20.4466 0 31.1667
      vertex 20.5353 0.75 31.1208
      vertex 20.5353 0 31.1208
    endloop
  endfacet
  facet normal -0.459586 0 -0.888133
    outer loop
      vertex 20.5353 0.75 31.1208
      vertex 20.4466 0 31.1667
      vertex 20.4466 0.75 31.1667
    endloop
  endfacet
  facet normal -0.413275 0 -0.910606
    outer loop
      vertex 19.9962 0 31.3825
      vertex 20.0872 0.75 31.3412
      vertex 20.0872 0 31.3412
    endloop
  endfacet
  facet normal -0.413275 0 -0.910606
    outer loop
      vertex 20.0872 0.75 31.3412
      vertex 19.9962 0 31.3825
      vertex 19.9962 0.75 31.3825
    endloop
  endfacet
  facet normal -0.396455 0 -0.918054
    outer loop
      vertex 19.8132 0 31.4626
      vertex 19.9049 0.75 31.423
      vertex 19.9049 0 31.423
    endloop
  endfacet
  facet normal -0.396455 0 -0.918054
    outer loop
      vertex 19.9049 0.75 31.423
      vertex 19.8132 0 31.4626
      vertex 19.8132 0.75 31.4626
    endloop
  endfacet
  facet normal -0.50356 0 -0.86396
    outer loop
      vertex 20.8856 0 30.9286
      vertex 20.9719 0.75 30.8783
      vertex 20.9719 0 30.8783
    endloop
  endfacet
  facet normal -0.50356 0 -0.86396
    outer loop
      vertex 20.9719 0.75 30.8783
      vertex 20.8856 0 30.9286
      vertex 20.8856 0.75 30.9286
    endloop
  endfacet
  facet normal -0.493442 0 -0.869779
    outer loop
      vertex 20.7987 0 30.9779
      vertex 20.8856 0.75 30.9286
      vertex 20.8856 0 30.9286
    endloop
  endfacet
  facet normal -0.493442 0 -0.869779
    outer loop
      vertex 20.8856 0.75 30.9286
      vertex 20.7987 0 30.9779
      vertex 20.7987 0.75 30.9779
    endloop
  endfacet
  facet normal -0.537718 0 -0.843125
    outer loop
      vertex 21.2279 0 30.7225
      vertex 21.3121 0.75 30.6688
      vertex 21.3121 0 30.6688
    endloop
  endfacet
  facet normal -0.537718 0 -0.843125
    outer loop
      vertex 21.3121 0.75 30.6688
      vertex 21.2279 0 30.7225
      vertex 21.2279 0.75 30.7225
    endloop
  endfacet
  facet normal -0.554006 0 -0.832512
    outer loop
      vertex 21.3959 0 30.6144
      vertex 21.479 0.75 30.5591
      vertex 21.479 0 30.5591
    endloop
  endfacet
  facet normal -0.554006 0 -0.832512
    outer loop
      vertex 21.479 0.75 30.5591
      vertex 21.3959 0 30.6144
      vertex 21.3959 0.75 30.6144
    endloop
  endfacet
  facet normal -0.562064 0 -0.827094
    outer loop
      vertex 21.479 0 30.5591
      vertex 21.5617 0.75 30.5029
      vertex 21.5617 0 30.5029
    endloop
  endfacet
  facet normal -0.562064 0 -0.827094
    outer loop
      vertex 21.5617 0.75 30.5029
      vertex 21.479 0 30.5591
      vertex 21.479 0.75 30.5591
    endloop
  endfacet
  facet normal -0.79964 0 -0.60048
    outer loop
      vertex 23.9251 0 28.2264
      vertex 23.8651 0.75 28.3063
      vertex 23.9251 0.75 28.2264
    endloop
  endfacet
  facet normal -0.79964 -0 -0.60048
    outer loop
      vertex 23.8651 0.75 28.3063
      vertex 23.9251 0 28.2264
      vertex 23.8651 0 28.3063
    endloop
  endfacet
  facet normal -0.811154 0 -0.584832
    outer loop
      vertex 24.0427 0 28.0649
      vertex 23.9843 0.75 28.1459
      vertex 24.0427 0.75 28.0649
    endloop
  endfacet
  facet normal -0.811154 -0 -0.584832
    outer loop
      vertex 23.9843 0.75 28.1459
      vertex 24.0427 0 28.0649
      vertex 23.9843 0 28.1459
    endloop
  endfacet
  facet normal -0.728788 0 -0.68474
    outer loop
      vertex 23.2224 0 29.0704
      vertex 23.154 0.75 29.1432
      vertex 23.2224 0.75 29.0704
    endloop
  endfacet
  facet normal -0.728788 -0 -0.68474
    outer loop
      vertex 23.154 0.75 29.1432
      vertex 23.2224 0 29.0704
      vertex 23.154 0 29.1432
    endloop
  endfacet
  facet normal -0.761865 0 -0.647736
    outer loop
      vertex 23.5533 0 28.6964
      vertex 23.4886 0.75 28.7725
      vertex 23.5533 0.75 28.6964
    endloop
  endfacet
  facet normal -0.761865 -0 -0.647736
    outer loop
      vertex 23.4886 0.75 28.7725
      vertex 23.5533 0 28.6964
      vertex 23.4886 0 28.7725
    endloop
  endfacet
  facet normal -0.748844 0 -0.662747
    outer loop
      vertex 23.4232 0 28.848
      vertex 23.357 0.75 28.9228
      vertex 23.4232 0.75 28.848
    endloop
  endfacet
  facet normal -0.748844 -0 -0.662747
    outer loop
      vertex 23.357 0.75 28.9228
      vertex 23.4232 0 28.848
      vertex 23.357 0 28.9228
    endloop
  endfacet
  facet normal -0.839973 0 -0.542628
    outer loop
      vertex 24.3223 0 27.6511
      vertex 24.2681 0.75 27.735
      vertex 24.3223 0.75 27.6511
    endloop
  endfacet
  facet normal -0.839973 -0 -0.542628
    outer loop
      vertex 24.2681 0.75 27.735
      vertex 24.3223 0 27.6511
      vertex 24.2681 0 27.735
    endloop
  endfacet
  facet normal -0.855722 0 -0.517436
    outer loop
      vertex 24.4801 0 27.3963
      vertex 24.4284 0.75 27.4818
      vertex 24.4801 0.75 27.3963
    endloop
  endfacet
  facet normal -0.855722 -0 -0.517436
    outer loop
      vertex 24.4284 0.75 27.4818
      vertex 24.4801 0 27.3963
      vertex 24.4284 0 27.4818
    endloop
  endfacet
  facet normal -0.87088 0 -0.491496
    outer loop
      vertex 24.6301 0 27.1369
      vertex 24.581 0.75 27.2239
      vertex 24.6301 0.75 27.1369
    endloop
  endfacet
  facet normal -0.87088 -0 -0.491496
    outer loop
      vertex 24.581 0.75 27.2239
      vertex 24.6301 0 27.1369
      vertex 24.581 0 27.2239
    endloop
  endfacet
  facet normal -0.865769 0 -0.500444
    outer loop
      vertex 24.581 0 27.2239
      vertex 24.531 0.75 27.3104
      vertex 24.581 0.75 27.2239
    endloop
  endfacet
  facet normal -0.865769 -0 -0.500444
    outer loop
      vertex 24.531 0.75 27.3104
      vertex 24.581 0 27.2239
      vertex 24.531 0 27.3104
    endloop
  endfacet
  facet normal -0.903064 0 -0.429506
    outer loop
      vertex 24.9495 0 26.5151
      vertex 24.9066 0.75 26.6053
      vertex 24.9495 0.75 26.5151
    endloop
  endfacet
  facet normal -0.903064 -0 -0.429506
    outer loop
      vertex 24.9066 0.75 26.6053
      vertex 24.9495 0 26.5151
      vertex 24.9066 0 26.6053
    endloop
  endfacet
  facet normal -0.915005 0 -0.403443
    outer loop
      vertex 25.073 0 26.242
      vertex 25.0327 0.75 26.3334
      vertex 25.073 0.75 26.242
    endloop
  endfacet
  facet normal -0.915005 -0 -0.403443
    outer loop
      vertex 25.0327 0.75 26.3334
      vertex 25.073 0 26.242
      vertex 25.0327 0 26.3334
    endloop
  endfacet
  facet normal -0.923136 0 -0.384473
    outer loop
      vertex 25.1507 0 26.058
      vertex 25.1123 0.75 26.1502
      vertex 25.1507 0.75 26.058
    endloop
  endfacet
  facet normal -0.923136 -0 -0.384473
    outer loop
      vertex 25.1123 0.75 26.1502
      vertex 25.1507 0 26.058
      vertex 25.1123 0 26.1502
    endloop
  endfacet
  facet normal -0.930873 0 -0.365343
    outer loop
      vertex 25.2247 0 25.8724
      vertex 25.1882 0.75 25.9654
      vertex 25.2247 0.75 25.8724
    endloop
  endfacet
  facet normal -0.930873 -0 -0.365343
    outer loop
      vertex 25.1882 0.75 25.9654
      vertex 25.2247 0 25.8724
      vertex 25.1882 0 25.9654
    endloop
  endfacet
  facet normal -0.941015 0 -0.338365
    outer loop
      vertex 25.3288 0 25.5914
      vertex 25.295 0.75 25.6854
      vertex 25.3288 0.75 25.5914
    endloop
  endfacet
  facet normal -0.941015 -0 -0.338365
    outer loop
      vertex 25.295 0.75 25.6854
      vertex 25.3288 0 25.5914
      vertex 25.295 0 25.6854
    endloop
  endfacet
  facet normal -0.950666 0 -0.310217
    outer loop
      vertex 25.4244 0 25.3074
      vertex 25.3934 0.75 25.4024
      vertex 25.4244 0.75 25.3074
    endloop
  endfacet
  facet normal -0.950666 -0 -0.310217
    outer loop
      vertex 25.3934 0.75 25.4024
      vertex 25.4244 0 25.3074
      vertex 25.3934 0 25.4024
    endloop
  endfacet
  facet normal -0.947879 0 -0.318632
    outer loop
      vertex 25.3934 0 25.4024
      vertex 25.3616 0.75 25.497
      vertex 25.3934 0.75 25.4024
    endloop
  endfacet
  facet normal -0.947879 -0 -0.318632
    outer loop
      vertex 25.3616 0.75 25.497
      vertex 25.3934 0 25.4024
      vertex 25.3616 0 25.497
    endloop
  endfacet
  facet normal -0.972677 0 -0.232162
    outer loop
      vertex 25.6372 0 24.5373
      vertex 25.614 0.75 24.6345
      vertex 25.6372 0.75 24.5373
    endloop
  endfacet
  facet normal -0.972677 -0 -0.232162
    outer loop
      vertex 25.614 0.75 24.6345
      vertex 25.6372 0 24.5373
      vertex 25.614 0 24.6345
    endloop
  endfacet
  facet normal -0.981154 0 -0.193227
    outer loop
      vertex 25.7204 0 24.1466
      vertex 25.7011 0.75 24.2446
      vertex 25.7204 0.75 24.1466
    endloop
  endfacet
  facet normal -0.981154 -0 -0.193227
    outer loop
      vertex 25.7011 0.75 24.2446
      vertex 25.7204 0 24.1466
      vertex 25.7011 0 24.2446
    endloop
  endfacet
  facet normal -0.999686 0 -0.0250422
    outer loop
      vertex 25.898 0 22.4598
      vertex 25.8955 0.75 22.5596
      vertex 25.898 0.75 22.4598
    endloop
  endfacet
  facet normal -0.999686 -0 -0.0250422
    outer loop
      vertex 25.8955 0.75 22.5596
      vertex 25.898 0 22.4598
      vertex 25.8955 0 22.5596
    endloop
  endfacet
  facet normal -0.999387 0 -0.0350136
    outer loop
      vertex 25.8955 0 22.5596
      vertex 25.892 0.75 22.6595
      vertex 25.8955 0.75 22.5596
    endloop
  endfacet
  facet normal -0.999387 -0 -0.0350136
    outer loop
      vertex 25.892 0.75 22.6595
      vertex 25.8955 0 22.5596
      vertex 25.892 0 22.6595
    endloop
  endfacet
  facet normal -0.984723 0 -0.174128
    outer loop
      vertex 25.7562 0 23.95
      vertex 25.7388 0.75 24.0484
      vertex 25.7562 0.75 23.95
    endloop
  endfacet
  facet normal -0.984723 -0 -0.174128
    outer loop
      vertex 25.7388 0.75 24.0484
      vertex 25.7562 0 23.95
      vertex 25.7388 0 24.0484
    endloop
  endfacet
  facet normal -0.989566 0 -0.144082
    outer loop
      vertex 25.8024 0 23.6539
      vertex 25.788 0.75 23.7528
      vertex 25.8024 0.75 23.6539
    endloop
  endfacet
  facet normal -0.989566 -0 -0.144082
    outer loop
      vertex 25.788 0.75 23.7528
      vertex 25.8024 0 23.6539
      vertex 25.788 0 23.7528
    endloop
  endfacet
  facet normal -0.990964 0 -0.13413
    outer loop
      vertex 25.8158 0 23.5549
      vertex 25.8024 0.75 23.6539
      vertex 25.8158 0.75 23.5549
    endloop
  endfacet
  facet normal -0.990964 -0 -0.13413
    outer loop
      vertex 25.8024 0.75 23.6539
      vertex 25.8158 0 23.5549
      vertex 25.8024 0 23.6539
    endloop
  endfacet
  facet normal -0.997946 0 -0.0640607
    outer loop
      vertex 25.882 0 22.859
      vertex 25.8756 0.75 22.9587
      vertex 25.882 0.75 22.859
    endloop
  endfacet
  facet normal -0.997946 -0 -0.0640607
    outer loop
      vertex 25.8756 0.75 22.9587
      vertex 25.882 0 22.859
      vertex 25.8756 0 22.9587
    endloop
  endfacet
  facet normal -0.997177 0 -0.0750886
    outer loop
      vertex 25.8756 0 22.9587
      vertex 25.8681 0.75 23.0583
      vertex 25.8756 0.75 22.9587
    endloop
  endfacet
  facet normal -0.997177 -0 -0.0750886
    outer loop
      vertex 25.8681 0.75 23.0583
      vertex 25.8756 0 22.9587
      vertex 25.8681 0 23.0583
    endloop
  endfacet
  facet normal 0.667924 0 -0.74423
    outer loop
      vertex 9.18152 0 29.6669
      vertex 9.25584 0.75 29.7336
      vertex 9.25584 0 29.7336
    endloop
  endfacet
  facet normal 0.667924 0 -0.74423
    outer loop
      vertex 9.25584 0.75 29.7336
      vertex 9.18152 0 29.6669
      vertex 9.18152 0.75 29.6669
    endloop
  endfacet
  facet normal 0.653474 0 -0.756949
    outer loop
      vertex 9.33083 0 29.7996
      vertex 9.40647 0.75 29.8649
      vertex 9.40647 0 29.8649
    endloop
  endfacet
  facet normal 0.653474 0 -0.756949
    outer loop
      vertex 9.40647 0.75 29.8649
      vertex 9.33083 0 29.7996
      vertex 9.33083 0.75 29.7996
    endloop
  endfacet
  facet normal 0.574202 0 -0.818714
    outer loop
      vertex 10.1155 0 30.4172
      vertex 10.1972 0.75 30.4745
      vertex 10.1972 0 30.4745
    endloop
  endfacet
  facet normal 0.574202 0 -0.818714
    outer loop
      vertex 10.1972 0.75 30.4745
      vertex 10.1155 0 30.4172
      vertex 10.1155 0.75 30.4172
    endloop
  endfacet
  facet normal 0.5577 0 -0.830042
    outer loop
      vertex 10.2796 0 30.5311
      vertex 10.3625 0.75 30.5868
      vertex 10.3625 0 30.5868
    endloop
  endfacet
  facet normal 0.5577 0 -0.830042
    outer loop
      vertex 10.3625 0.75 30.5868
      vertex 10.2796 0 30.5311
      vertex 10.2796 0.75 30.5311
    endloop
  endfacet
  facet normal 0.606658 0 -0.794963
    outer loop
      vertex 9.79424 0 30.1796
      vertex 9.87365 0.75 30.2402
      vertex 9.87365 0 30.2402
    endloop
  endfacet
  facet normal 0.606658 0 -0.794963
    outer loop
      vertex 9.87365 0.75 30.2402
      vertex 9.79424 0 30.1796
      vertex 9.79424 0.75 30.1796
    endloop
  endfacet
  facet normal 0.590526 0 -0.807019
    outer loop
      vertex 9.95367 0 30.3
      vertex 10.0343 0.75 30.359
      vertex 10.0343 0 30.359
    endloop
  endfacet
  facet normal 0.590526 0 -0.807019
    outer loop
      vertex 10.0343 0.75 30.359
      vertex 9.95367 0 30.3
      vertex 9.95367 0.75 30.3
    endloop
  endfacet
  facet normal 0.614633 0 -0.788813
    outer loop
      vertex 9.71544 0 30.1182
      vertex 9.79424 0.75 30.1796
      vertex 9.79424 0 30.1796
    endloop
  endfacet
  facet normal 0.614633 0 -0.788813
    outer loop
      vertex 9.79424 0.75 30.1796
      vertex 9.71544 0 30.1182
      vertex 9.71544 0.75 30.1182
    endloop
  endfacet
  facet normal 0.445611 0 -0.895227
    outer loop
      vertex 11.398 0 31.1893
      vertex 11.4874 0.75 31.2338
      vertex 11.4874 0 31.2338
    endloop
  endfacet
  facet normal 0.445611 0 -0.895227
    outer loop
      vertex 11.4874 0.75 31.2338
      vertex 11.398 0 31.1893
      vertex 11.398 0.75 31.1893
    endloop
  endfacet
  facet normal 0.391501 0 -0.920178
    outer loop
      vertex 11.9409 0 31.4429
      vertex 12.0328 0.75 31.482
      vertex 12.0328 0 31.482
    endloop
  endfacet
  facet normal 0.391501 0 -0.920178
    outer loop
      vertex 12.0328 0.75 31.482
      vertex 11.9409 0 31.4429
      vertex 11.9409 0.75 31.4429
    endloop
  endfacet
  facet normal 0.498509 0 -0.866885
    outer loop
      vertex 10.8712 0 30.9036
      vertex 10.9578 0.75 30.9534
      vertex 10.9578 0 30.9534
    endloop
  endfacet
  facet normal 0.498509 0 -0.866885
    outer loop
      vertex 10.9578 0.75 30.9534
      vertex 10.8712 0 30.9036
      vertex 10.8712 0.75 30.9036
    endloop
  endfacet
  facet normal 0.532335 0 -0.846533
    outer loop
      vertex 10.5299 0 30.6958
      vertex 10.6145 0.75 30.749
      vertex 10.6145 0 30.749
    endloop
  endfacet
  facet normal 0.532335 0 -0.846533
    outer loop
      vertex 10.6145 0.75 30.749
      vertex 10.5299 0 30.6958
      vertex 10.5299 0.75 30.6958
    endloop
  endfacet
  facet normal 0.549837 0 -0.835272
    outer loop
      vertex 10.3625 0 30.5868
      vertex 10.4459 0.75 30.6417
      vertex 10.4459 0 30.6417
    endloop
  endfacet
  facet normal 0.549837 0 -0.835272
    outer loop
      vertex 10.4459 0.75 30.6417
      vertex 10.3625 0 30.5868
      vertex 10.3625 0.75 30.5868
    endloop
  endfacet
  facet normal 0.363267 0 -0.931685
    outer loop
      vertex 12.2178 0 31.5574
      vertex 12.3109 0.75 31.5937
      vertex 12.3109 0 31.5937
    endloop
  endfacet
  facet normal 0.363267 0 -0.931685
    outer loop
      vertex 12.3109 0.75 31.5937
      vertex 12.2178 0 31.5574
      vertex 12.2178 0.75 31.5574
    endloop
  endfacet
  facet normal 0.335385 0 -0.942081
    outer loop
      vertex 12.4981 0 31.6636
      vertex 12.5922 0.75 31.6971
      vertex 12.5922 0 31.6971
    endloop
  endfacet
  facet normal 0.335385 0 -0.942081
    outer loop
      vertex 12.5922 0.75 31.6971
      vertex 12.4981 0 31.6636
      vertex 12.4981 0.75 31.6636
    endloop
  endfacet
  facet normal 0.354413 0 -0.935089
    outer loop
      vertex 12.3109 0 31.5937
      vertex 12.4043 0.75 31.6291
      vertex 12.4043 0 31.6291
    endloop
  endfacet
  facet normal 0.354413 0 -0.935089
    outer loop
      vertex 12.4043 0.75 31.6291
      vertex 12.3109 0 31.5937
      vertex 12.3109 0.75 31.5937
    endloop
  endfacet
  facet normal 0.317429 0 -0.948282
    outer loop
      vertex 12.6866 0 31.7296
      vertex 12.7813 0.75 31.7613
      vertex 12.7813 0 31.7613
    endloop
  endfacet
  facet normal 0.317429 0 -0.948282
    outer loop
      vertex 12.7813 0.75 31.7613
      vertex 12.6866 0 31.7296
      vertex 12.6866 0.75 31.7296
    endloop
  endfacet
  facet normal 0.249363 0 -0.96841
    outer loop
      vertex 13.3561 0 31.931
      vertex 13.4528 0.75 31.9559
      vertex 13.4528 0 31.9559
    endloop
  endfacet
  facet normal 0.249363 0 -0.96841
    outer loop
      vertex 13.4528 0.75 31.9559
      vertex 13.3561 0 31.931
      vertex 13.3561 0.75 31.931
    endloop
  endfacet
  facet normal 0.230267 0 -0.973128
    outer loop
      vertex 13.5498 0 31.9799
      vertex 13.647 0.75 32.0029
      vertex 13.647 0 32.0029
    endloop
  endfacet
  facet normal 0.230267 0 -0.973128
    outer loop
      vertex 13.647 0.75 32.0029
      vertex 13.5498 0 31.9799
      vertex 13.5498 0.75 31.9799
    endloop
  endfacet
  facet normal 0.200353 0 -0.979724
    outer loop
      vertex 13.8421 0 32.046
      vertex 13.9399 0.75 32.066
      vertex 13.9399 0 32.066
    endloop
  endfacet
  facet normal 0.200353 0 -0.979724
    outer loop
      vertex 13.9399 0.75 32.066
      vertex 13.8421 0 32.046
      vertex 13.8421 0.75 32.046
    endloop
  endfacet
  facet normal 0.181264 0 -0.983434
    outer loop
      vertex 14.038 0 32.0851
      vertex 14.1362 0.75 32.1032
      vertex 14.1362 0 32.1032
    endloop
  endfacet
  facet normal 0.181264 0 -0.983434
    outer loop
      vertex 14.1362 0.75 32.1032
      vertex 14.038 0 32.0851
      vertex 14.038 0.75 32.0851
    endloop
  endfacet
  facet normal 0.151229 0 -0.988499
    outer loop
      vertex 14.3332 0 32.1365
      vertex 14.4319 0.75 32.1516
      vertex 14.4319 0 32.1516
    endloop
  endfacet
  facet normal 0.151229 0 -0.988499
    outer loop
      vertex 14.4319 0.75 32.1516
      vertex 14.3332 0 32.1365
      vertex 14.3332 0.75 32.1365
    endloop
  endfacet
  facet normal 0.171214 0 -0.985234
    outer loop
      vertex 14.1362 0 32.1032
      vertex 14.2346 0.75 32.1203
      vertex 14.2346 0 32.1203
    endloop
  endfacet
  facet normal 0.171214 0 -0.985234
    outer loop
      vertex 14.2346 0.75 32.1203
      vertex 14.1362 0 32.1032
      vertex 14.1362 0.75 32.1032
    endloop
  endfacet
  facet normal 0.122064 0 -0.992522
    outer loop
      vertex 14.6298 0 32.179
      vertex 14.729 0.75 32.1912
      vertex 14.729 0 32.1912
    endloop
  endfacet
  facet normal 0.122064 0 -0.992522
    outer loop
      vertex 14.729 0.75 32.1912
      vertex 14.6298 0 32.179
      vertex 14.6298 0.75 32.179
    endloop
  endfacet
  facet normal 0.132164 0 -0.991228
    outer loop
      vertex 14.5308 0 32.1658
      vertex 14.6298 0.75 32.179
      vertex 14.6298 0 32.179
    endloop
  endfacet
  facet normal 0.132164 0 -0.991228
    outer loop
      vertex 14.6298 0.75 32.179
      vertex 14.5308 0 32.1658
      vertex 14.5308 0.75 32.1658
    endloop
  endfacet
  facet normal 0.0520336 0 -0.998645
    outer loop
      vertex 15.3259 0 32.2435
      vertex 15.4257 0.75 32.2487
      vertex 15.4257 0 32.2487
    endloop
  endfacet
  facet normal 0.0520336 0 -0.998645
    outer loop
      vertex 15.4257 0.75 32.2487
      vertex 15.3259 0 32.2435
      vertex 15.3259 0.75 32.2435
    endloop
  endfacet
  facet normal 0.0620667 0 -0.998072
    outer loop
      vertex 15.2262 0 32.2373
      vertex 15.3259 0.75 32.2435
      vertex 15.3259 0 32.2435
    endloop
  endfacet
  facet normal 0.0620667 0 -0.998072
    outer loop
      vertex 15.3259 0.75 32.2435
      vertex 15.2262 0 32.2373
      vertex 15.2262 0.75 32.2373
    endloop
  endfacet
  facet normal 0.0320477 0 -0.999486
    outer loop
      vertex 15.5255 0 32.253
      vertex 15.6253 0.75 32.2562
      vertex 15.6253 0 32.2562
    endloop
  endfacet
  facet normal 0.0320477 0 -0.999486
    outer loop
      vertex 15.6253 0.75 32.2562
      vertex 15.5255 0 32.253
      vertex 15.5255 0.75 32.253
    endloop
  endfacet
  facet normal 0.0120111 0 -0.999928
    outer loop
      vertex 15.7252 0 32.2585
      vertex 15.8251 0.75 32.2597
      vertex 15.8251 0 32.2597
    endloop
  endfacet
  facet normal 0.0120111 0 -0.999928
    outer loop
      vertex 15.8251 0.75 32.2597
      vertex 15.7252 0 32.2585
      vertex 15.7252 0.75 32.2585
    endloop
  endfacet
  facet normal 0.7046 0 -0.709604
    outer loop
      vertex 8.82011 0 29.3222
      vertex 8.89101 0.75 29.3926
      vertex 8.89101 0 29.3926
    endloop
  endfacet
  facet normal 0.7046 0 -0.709604
    outer loop
      vertex 8.89101 0.75 29.3926
      vertex 8.82011 0 29.3222
      vertex 8.82011 0.75 29.3222
    endloop
  endfacet
  facet normal 0.752527 0 -0.658561
    outer loop
      vertex 8.4098 0 28.8855
      vertex 8.34399 0.75 28.8103
      vertex 8.4098 0.75 28.8855
    endloop
  endfacet
  facet normal 0.752527 0 -0.658561
    outer loop
      vertex 8.34399 0.75 28.8103
      vertex 8.4098 0 28.8855
      vertex 8.34399 0 28.8103
    endloop
  endfacet
  facet normal 0.732037 0 -0.681265
    outer loop
      vertex 8.61168 0 29.1069
      vertex 8.54365 0.75 29.0338
      vertex 8.61168 0.75 29.1069
    endloop
  endfacet
  facet normal 0.732037 0 -0.681265
    outer loop
      vertex 8.54365 0.75 29.0338
      vertex 8.61168 0 29.1069
      vertex 8.54365 0 29.0338
    endloop
  endfacet
  facet normal 0.718622 0 -0.695401
    outer loop
      vertex 8.74992 0 29.2512
      vertex 8.68044 0.75 29.1794
      vertex 8.74992 0.75 29.2512
    endloop
  endfacet
  facet normal 0.718622 0 -0.695401
    outer loop
      vertex 8.68044 0.75 29.1794
      vertex 8.74992 0 29.2512
      vertex 8.68044 0 29.1794
    endloop
  endfacet
  facet normal 0.913228 0 -0.407448
    outer loop
      vertex 6.78771 0 26.379
      vertex 6.74702 0.75 26.2878
      vertex 6.78771 0.75 26.379
    endloop
  endfacet
  facet normal 0.913228 0 -0.407448
    outer loop
      vertex 6.74702 0.75 26.2878
      vertex 6.78771 0 26.379
      vertex 6.74702 0 26.2878
    endloop
  endfacet
  facet normal 0.900741 0 -0.434357
    outer loop
      vertex 6.91522 0 26.6502
      vertex 6.87182 0.75 26.5602
      vertex 6.91522 0.75 26.6502
    endloop
  endfacet
  facet normal 0.900741 0 -0.434357
    outer loop
      vertex 6.87182 0.75 26.5602
      vertex 6.91522 0 26.6502
      vertex 6.87182 0 26.5602
    endloop
  endfacet
  facet normal 0.887184 0 -0.461416
    outer loop
      vertex 7.0508 0 26.9174
      vertex 7.00472 0.75 26.8288
      vertex 7.0508 0.75 26.9174
    endloop
  endfacet
  facet normal 0.887184 0 -0.461416
    outer loop
      vertex 7.00472 0.75 26.8288
      vertex 7.0508 0 26.9174
      vertex 7.00472 0 26.8288
    endloop
  endfacet
  facet normal 0.89185 0 -0.452331
    outer loop
      vertex 7.00472 0 26.8288
      vertex 6.95953 0.75 26.7397
      vertex 7.00472 0.75 26.8288
    endloop
  endfacet
  facet normal 0.89185 0 -0.452331
    outer loop
      vertex 6.95953 0.75 26.7397
      vertex 7.00472 0 26.8288
      vertex 6.95953 0 26.7397
    endloop
  endfacet
  facet normal 0.836839 0 -0.547449
    outer loop
      vertex 7.55938 0 27.7767
      vertex 7.50469 0.75 27.6931
      vertex 7.55938 0.75 27.7767
    endloop
  endfacet
  facet normal 0.836839 0 -0.547449
    outer loop
      vertex 7.50469 0.75 27.6931
      vertex 7.55938 0 27.7767
      vertex 7.50469 0 27.6931
    endloop
  endfacet
  facet normal 0.825761 0 -0.56402
    outer loop
      vertex 7.67125 0 27.9422
      vertex 7.6149 0.75 27.8597
      vertex 7.67125 0.75 27.9422
    endloop
  endfacet
  facet normal 0.825761 0 -0.56402
    outer loop
      vertex 7.6149 0.75 27.8597
      vertex 7.67125 0 27.9422
      vertex 7.6149 0 27.8597
    endloop
  endfacet
  facet normal 0.852866 0 -0.52213
    outer loop
      vertex 7.39783 0 27.5243
      vertex 7.34567 0.75 27.4391
      vertex 7.39783 0.75 27.5243
    endloop
  endfacet
  facet normal 0.852866 0 -0.52213
    outer loop
      vertex 7.34567 0.75 27.4391
      vertex 7.39783 0 27.5243
      vertex 7.34567 0 27.4391
    endloop
  endfacet
  facet normal 0.868083 0 -0.496419
    outer loop
      vertex 7.24391 0 27.2672
      vertex 7.19433 0.75 27.1805
      vertex 7.24391 0.75 27.2672
    endloop
  endfacet
  facet normal 0.868083 0 -0.496419
    outer loop
      vertex 7.19433 0.75 27.1805
      vertex 7.24391 0 27.2672
      vertex 7.19433 0 27.1805
    endloop
  endfacet
  facet normal 0.784516 0 -0.620108
    outer loop
      vertex 8.08836 0 28.5033
      vertex 8.02639 0.75 28.4249
      vertex 8.08836 0.75 28.5033
    endloop
  endfacet
  facet normal 0.784516 0 -0.620108
    outer loop
      vertex 8.02639 0.75 28.4249
      vertex 8.08836 0 28.5033
      vertex 8.02639 0 28.4249
    endloop
  endfacet
  facet normal 0.814456 0 -0.580225
    outer loop
      vertex 7.78641 0 28.1055
      vertex 7.72842 0.75 28.0241
      vertex 7.78641 0.75 28.1055
    endloop
  endfacet
  facet normal 0.814456 0 -0.580225
    outer loop
      vertex 7.72842 0.75 28.0241
      vertex 7.78641 0 28.1055
      vertex 7.72842 0 28.0241
    endloop
  endfacet
  facet normal 0.796625 0 -0.604474
    outer loop
      vertex 7.9652 0 28.346
      vertex 7.9048 0.75 28.2664
      vertex 7.9652 0.75 28.346
    endloop
  endfacet
  facet normal 0.796625 0 -0.604474
    outer loop
      vertex 7.9048 0.75 28.2664
      vertex 7.9652 0 28.346
      vertex 7.9048 0 28.2664
    endloop
  endfacet
  facet normal 0.936041 0 -0.351891
    outer loop
      vertex 6.55735 0 25.8258
      vertex 6.5222 0.75 25.7323
      vertex 6.55735 0.75 25.8258
    endloop
  endfacet
  facet normal 0.936041 0 -0.351891
    outer loop
      vertex 6.5222 0.75 25.7323
      vertex 6.55735 0 25.8258
      vertex 6.5222 0 25.7323
    endloop
  endfacet
  facet normal 0.925055 0 -0.379833
    outer loop
      vertex 6.66839 0 26.1041
      vertex 6.63045 0.75 26.0117
      vertex 6.66839 0.75 26.1041
    endloop
  endfacet
  facet normal 0.925055 0 -0.379833
    outer loop
      vertex 6.63045 0.75 26.0117
      vertex 6.66839 0 26.1041
      vertex 6.63045 0 26.0117
    endloop
  endfacet
  facet normal 0.949312 0 -0.314335
    outer loop
      vertex 6.42237 0 25.4497
      vertex 6.39098 0.75 25.3549
      vertex 6.42237 0.75 25.4497
    endloop
  endfacet
  facet normal 0.949312 0 -0.314335
    outer loop
      vertex 6.39098 0.75 25.3549
      vertex 6.42237 0 25.4497
      vertex 6.39098 0 25.3549
    endloop
  endfacet
  facet normal 0.952401 0 -0.304848
    outer loop
      vertex 6.39098 0 25.3549
      vertex 6.36054 0.75 25.2598
      vertex 6.39098 0.75 25.3549
    endloop
  endfacet
  facet normal 0.952401 0 -0.304848
    outer loop
      vertex 6.36054 0.75 25.2598
      vertex 6.39098 0 25.3549
      vertex 6.36054 0 25.2598
    endloop
  endfacet
  facet normal 0.955482 0 -0.295049
    outer loop
      vertex 6.36054 0 25.2598
      vertex 6.33105 0.75 25.1643
      vertex 6.36054 0.75 25.2598
    endloop
  endfacet
  facet normal 0.955482 0 -0.295049
    outer loop
      vertex 6.33105 0.75 25.1643
      vertex 6.36054 0 25.2598
      vertex 6.33105 0 25.1643
    endloop
  endfacet
  facet normal 0.963853 0 -0.266436
    outer loop
      vertex 6.27494 0 24.9726
      vertex 6.24832 0.75 24.8763
      vertex 6.27494 0.75 24.9726
    endloop
  endfacet
  facet normal 0.963853 0 -0.266436
    outer loop
      vertex 6.24832 0.75 24.8763
      vertex 6.27494 0 24.9726
      vertex 6.24832 0 24.8763
    endloop
  endfacet
  facet normal 0.968977 0 -0.247149
    outer loop
      vertex 6.22267 0 24.7798
      vertex 6.19798 0.75 24.683
      vertex 6.22267 0.75 24.7798
    endloop
  endfacet
  facet normal 0.968977 0 -0.247149
    outer loop
      vertex 6.19798 0.75 24.683
      vertex 6.22267 0 24.7798
      vertex 6.19798 0 24.683
    endloop
  endfacet
  facet normal 0.975946 0 -0.218011
    outer loop
      vertex 6.15152 0 24.4887
      vertex 6.12974 0.75 24.3912
      vertex 6.15152 0.75 24.4887
    endloop
  endfacet
  facet normal 0.975946 0 -0.218011
    outer loop
      vertex 6.12974 0.75 24.3912
      vertex 6.15152 0 24.4887
      vertex 6.12974 0 24.3912
    endloop
  endfacet
  facet normal 0.971378 0 -0.237537
    outer loop
      vertex 6.19798 0 24.683
      vertex 6.17426 0.75 24.586
      vertex 6.19798 0.75 24.683
    endloop
  endfacet
  facet normal 0.971378 0 -0.237537
    outer loop
      vertex 6.17426 0.75 24.586
      vertex 6.19798 0 24.683
      vertex 6.17426 0 24.586
    endloop
  endfacet
  facet normal 0.995953 0 -0.0898762
    outer loop
      vertex 5.94499 0 23.2075
      vertex 5.93602 0.75 23.1081
      vertex 5.94499 0.75 23.2075
    endloop
  endfacet
  facet normal 0.995953 0 -0.0898762
    outer loop
      vertex 5.93602 0.75 23.1081
      vertex 5.94499 0 23.2075
      vertex 5.93602 0 23.1081
    endloop
  endfacet
  facet normal 0.996814 0 -0.0797651
    outer loop
      vertex 5.93602 0 23.1081
      vertex 5.92805 0.75 23.0085
      vertex 5.93602 0.75 23.1081
    endloop
  endfacet
  facet normal 0.996814 0 -0.0797651
    outer loop
      vertex 5.92805 0.75 23.0085
      vertex 5.93602 0 23.1081
      vertex 5.92805 0 23.0085
    endloop
  endfacet
  facet normal 0.995007 0 -0.099801
    outer loop
      vertex 5.95496 0 23.3069
      vertex 5.94499 0.75 23.2075
      vertex 5.95496 0.75 23.3069
    endloop
  endfacet
  facet normal 0.995007 0 -0.099801
    outer loop
      vertex 5.94499 0.75 23.2075
      vertex 5.95496 0 23.3069
      vertex 5.94499 0 23.2075
    endloop
  endfacet
  facet normal 0.997558 0 -0.0698391
    outer loop
      vertex 5.92805 0 23.0085
      vertex 5.92107 0.75 22.9088
      vertex 5.92805 0.75 23.0085
    endloop
  endfacet
  facet normal 0.997558 0 -0.0698391
    outer loop
      vertex 5.92107 0.75 22.9088
      vertex 5.92805 0 23.0085
      vertex 5.92107 0 22.9088
    endloop
  endfacet
  facet normal 0.999202 0 -0.039948
    outer loop
      vertex 5.9101 0 22.7094
      vertex 5.90611 0.75 22.6096
      vertex 5.9101 0.75 22.7094
    endloop
  endfacet
  facet normal 0.999202 0 -0.039948
    outer loop
      vertex 5.90611 0.75 22.6096
      vertex 5.9101 0 22.7094
      vertex 5.90611 0 22.6096
    endloop
  endfacet
  facet normal 0.999552 0 -0.0299165
    outer loop
      vertex 5.90611 0 22.6096
      vertex 5.90312 0.75 22.5097
      vertex 5.90611 0.75 22.6096
    endloop
  endfacet
  facet normal 0.999552 0 -0.0299165
    outer loop
      vertex 5.90312 0.75 22.5097
      vertex 5.90611 0 22.6096
      vertex 5.90312 0 22.5097
    endloop
  endfacet
  facet normal 0.9998 0 -0.020016
    outer loop
      vertex 5.90312 0 22.5097
      vertex 5.90112 0.75 22.4098
      vertex 5.90312 0.75 22.5097
    endloop
  endfacet
  facet normal 0.9998 0 -0.020016
    outer loop
      vertex 5.90112 0.75 22.4098
      vertex 5.90312 0 22.5097
      vertex 5.90112 0 22.4098
    endloop
  endfacet
  facet normal 0.988782 0 -0.149369
    outer loop
      vertex 6.01962 0 23.8021
      vertex 6.00471 0.75 23.7034
      vertex 6.01962 0.75 23.8021
    endloop
  endfacet
  facet normal 0.988782 0 -0.149369
    outer loop
      vertex 6.00471 0.75 23.7034
      vertex 6.01962 0 23.8021
      vertex 6.00471 0 23.7034
    endloop
  endfacet
  facet normal 0.99024 0 -0.139374
    outer loop
      vertex 6.00471 0 23.7034
      vertex 5.99079 0.75 23.6045
      vertex 6.00471 0.75 23.7034
    endloop
  endfacet
  facet normal 0.99024 0 -0.139374
    outer loop
      vertex 5.99079 0.75 23.6045
      vertex 6.00471 0 23.7034
      vertex 5.99079 0 23.6045
    endloop
  endfacet
  facet normal 0.992834 0 -0.1195
    outer loop
      vertex 5.97785 0 23.5054
      vertex 5.96591 0.75 23.4062
      vertex 5.97785 0.75 23.5054
    endloop
  endfacet
  facet normal 0.992834 0 -0.1195
    outer loop
      vertex 5.96591 0.75 23.4062
      vertex 5.97785 0 23.5054
      vertex 5.96591 0 23.4062
    endloop
  endfacet
  facet normal 0.985603 0 -0.169075
    outer loop
      vertex 6.0524 0 23.9992
      vertex 6.03552 0.75 23.9008
      vertex 6.0524 0.75 23.9992
    endloop
  endfacet
  facet normal 0.985603 0 -0.169075
    outer loop
      vertex 6.03552 0.75 23.9008
      vertex 6.0524 0 23.9992
      vertex 6.03552 0 23.9008
    endloop
  endfacet
  facet normal 0.983875 0 -0.178859
    outer loop
      vertex 6.07027 0 24.0975
      vertex 6.0524 0.75 23.9992
      vertex 6.07027 0.75 24.0975
    endloop
  endfacet
  facet normal 0.983875 0 -0.178859
    outer loop
      vertex 6.0524 0.75 23.9992
      vertex 6.07027 0 24.0975
      vertex 6.0524 0 23.9992
    endloop
  endfacet
  facet normal -0.995473 0 0.0950452
    outer loop
      vertex 25.8501 0 21.2627
      vertex 25.8596 0.75 21.3622
      vertex 25.8501 0.75 21.2627
    endloop
  endfacet
  facet normal -0.995473 0 0.0950452
    outer loop
      vertex 25.8596 0.75 21.3622
      vertex 25.8501 0 21.2627
      vertex 25.8596 0 21.3622
    endloop
  endfacet
  facet normal -0.996371 0 0.0851171
    outer loop
      vertex 25.8596 0 21.3622
      vertex 25.8681 0.75 21.4617
      vertex 25.8596 0.75 21.3622
    endloop
  endfacet
  facet normal -0.996371 0 0.0851171
    outer loop
      vertex 25.8681 0.75 21.4617
      vertex 25.8596 0 21.3622
      vertex 25.8681 0 21.4617
    endloop
  endfacet
  facet normal -0.844608 0 0.535385
    outer loop
      vertex 24.3223 0 16.8689
      vertex 24.3758 0.75 16.9533
      vertex 24.3223 0.75 16.8689
    endloop
  endfacet
  facet normal -0.844608 0 0.535385
    outer loop
      vertex 24.3758 0.75 16.9533
      vertex 24.3223 0 16.8689
      vertex 24.3758 0 16.9533
    endloop
  endfacet
  facet normal -0.302089 0 0.95328
    outer loop
      vertex 18.8759 0.75 12.7131
      vertex 18.9712 0 12.7433
      vertex 18.9712 0.75 12.7433
    endloop
  endfacet
  facet normal -0.302089 0 0.95328
    outer loop
      vertex 18.9712 0 12.7433
      vertex 18.8759 0.75 12.7131
      vertex 18.8759 0 12.7131
    endloop
  endfacet
  facet normal -0.377424 0 0.926041
    outer loop
      vertex 19.6286 0.75 12.9811
      vertex 19.7211 0 13.0188
      vertex 19.7211 0.75 13.0188
    endloop
  endfacet
  facet normal -0.377424 0 0.926041
    outer loop
      vertex 19.7211 0 13.0188
      vertex 19.6286 0.75 12.9811
      vertex 19.6286 0 12.9811
    endloop
  endfacet
  facet normal -0.127114 0 0.991888
    outer loop
      vertex 17.1206 0.75 12.3348
      vertex 17.2197 0 12.3475
      vertex 17.2197 0.75 12.3475
    endloop
  endfacet
  facet normal -0.127114 0 0.991888
    outer loop
      vertex 17.2197 0 12.3475
      vertex 17.1206 0.75 12.3348
      vertex 17.1206 0 12.3348
    endloop
  endfacet
  facet normal -0.50356 0 0.86396
    outer loop
      vertex 20.8856 0.75 13.5914
      vertex 20.9719 0 13.6417
      vertex 20.9719 0.75 13.6417
    endloop
  endfacet
  facet normal -0.50356 0 0.86396
    outer loop
      vertex 20.9719 0 13.6417
      vertex 20.8856 0.75 13.5914
      vertex 20.8856 0 13.5914
    endloop
  endfacet
  facet normal -0.610678 0 0.791879
    outer loop
      vertex 21.9661 0.75 14.31
      vertex 22.0452 0 14.371
      vertex 22.0452 0.75 14.371
    endloop
  endfacet
  facet normal -0.610678 0 0.791879
    outer loop
      vertex 22.0452 0 14.371
      vertex 21.9661 0.75 14.31
      vertex 21.9661 0 14.31
    endloop
  endfacet
  facet normal 0.765093 -0 0.64392
    outer loop
      vertex 8.21464 0 15.8619
      vertex 8.27894 0.75 15.7855
      vertex 8.21464 0.75 15.8619
    endloop
  endfacet
  facet normal 0.765093 0 0.64392
    outer loop
      vertex 8.27894 0.75 15.7855
      vertex 8.21464 0 15.8619
      vertex 8.27894 0 15.7855
    endloop
  endfacet
  facet normal 0.752527 -0 0.658561
    outer loop
      vertex 8.34399 0 15.7097
      vertex 8.4098 0.75 15.6345
      vertex 8.34399 0.75 15.7097
    endloop
  endfacet
  facet normal 0.752527 0 0.658561
    outer loop
      vertex 8.4098 0.75 15.6345
      vertex 8.34399 0 15.7097
      vertex 8.4098 0 15.6345
    endloop
  endfacet
  facet normal 0.738897 -0 0.673818
    outer loop
      vertex 8.47635 0 15.56
      vertex 8.54365 0.75 15.4862
      vertex 8.47635 0.75 15.56
    endloop
  endfacet
  facet normal 0.738897 0 0.673818
    outer loop
      vertex 8.54365 0.75 15.4862
      vertex 8.47635 0 15.56
      vertex 8.54365 0 15.4862
    endloop
  endfacet
  facet normal 0.784516 -0 0.620108
    outer loop
      vertex 8.02639 0 16.0951
      vertex 8.08836 0.75 16.0167
      vertex 8.02639 0.75 16.0951
    endloop
  endfacet
  facet normal 0.784516 0 0.620108
    outer loop
      vertex 8.08836 0.75 16.0167
      vertex 8.02639 0 16.0951
      vertex 8.08836 0 16.0167
    endloop
  endfacet
  facet normal 0.796625 -0 0.604474
    outer loop
      vertex 7.9048 0 16.2536
      vertex 7.9652 0.75 16.174
      vertex 7.9048 0.75 16.2536
    endloop
  endfacet
  facet normal 0.796625 0 0.604474
    outer loop
      vertex 7.9652 0.75 16.174
      vertex 7.9048 0 16.2536
      vertex 7.9652 0 16.174
    endloop
  endfacet
  facet normal 0.802634 -0 0.596471
    outer loop
      vertex 7.8452 0 16.3338
      vertex 7.9048 0.75 16.2536
      vertex 7.8452 0.75 16.3338
    endloop
  endfacet
  facet normal 0.802634 0 0.596471
    outer loop
      vertex 7.9048 0.75 16.2536
      vertex 7.8452 0 16.3338
      vertex 7.9048 0 16.2536
    endloop
  endfacet
  facet normal 0.831187 -0 0.555994
    outer loop
      vertex 7.55938 0 16.7433
      vertex 7.6149 0.75 16.6603
      vertex 7.55938 0.75 16.7433
    endloop
  endfacet
  facet normal 0.831187 0 0.555994
    outer loop
      vertex 7.6149 0.75 16.6603
      vertex 7.55938 0 16.7433
      vertex 7.6149 0 16.6603
    endloop
  endfacet
  facet normal 0.939436 -0 0.342724
    outer loop
      vertex 6.48798 0 18.8815
      vertex 6.5222 0.75 18.7877
      vertex 6.48798 0.75 18.8815
    endloop
  endfacet
  facet normal 0.939436 0 0.342724
    outer loop
      vertex 6.5222 0.75 18.7877
      vertex 6.48798 0 18.8815
      vertex 6.5222 0 18.7877
    endloop
  endfacet
  facet normal 0.997558 -0 0.0698391
    outer loop
      vertex 5.92107 0 21.6112
      vertex 5.92805 0.75 21.5115
      vertex 5.92107 0.75 21.6112
    endloop
  endfacet
  facet normal 0.997558 0 0.0698391
    outer loop
      vertex 5.92805 0.75 21.5115
      vertex 5.92107 0 21.6112
      vertex 5.92805 0 21.5115
    endloop
  endfacet
  facet normal 0.419376 0 0.907813
    outer loop
      vertex 11.6675 0.75 13.1999
      vertex 11.7582 0 13.158
      vertex 11.7582 0.75 13.158
    endloop
  endfacet
  facet normal 0.419376 0 0.907813
    outer loop
      vertex 11.7582 0 13.158
      vertex 11.6675 0.75 13.1999
      vertex 11.6675 0 13.1999
    endloop
  endfacet
  facet normal 0.463558 0 0.886067
    outer loop
      vertex 11.2205 0.75 13.4225
      vertex 11.309 0 13.3762
      vertex 11.309 0.75 13.3762
    endloop
  endfacet
  facet normal 0.463558 0 0.886067
    outer loop
      vertex 11.309 0 13.3762
      vertex 11.2205 0.75 13.4225
      vertex 11.2205 0 13.4225
    endloop
  endfacet
  facet normal 0.25922 0 0.965818
    outer loop
      vertex 13.2596 0.75 12.6149
      vertex 13.3561 0 12.589
      vertex 13.3561 0.75 12.589
    endloop
  endfacet
  facet normal 0.25922 0 0.965818
    outer loop
      vertex 13.3561 0 12.589
      vertex 13.2596 0.75 12.6149
      vertex 13.2596 0 12.6149
    endloop
  endfacet
  facet normal 0.317429 0 0.948282
    outer loop
      vertex 12.6866 0.75 12.7904
      vertex 12.7813 0 12.7587
      vertex 12.7813 0.75 12.7587
    endloop
  endfacet
  facet normal 0.317429 0 0.948282
    outer loop
      vertex 12.7813 0 12.7587
      vertex 12.6866 0.75 12.7904
      vertex 12.6866 0 12.7904
    endloop
  endfacet
  facet normal 0.181264 0 0.983434
    outer loop
      vertex 14.038 0.75 12.4349
      vertex 14.1362 0 12.4168
      vertex 14.1362 0.75 12.4168
    endloop
  endfacet
  facet normal 0.181264 0 0.983434
    outer loop
      vertex 14.1362 0 12.4168
      vertex 14.038 0.75 12.4349
      vertex 14.038 0 12.4349
    endloop
  endfacet
  facet normal -0.0880983 0 -0.996112
    outer loop
      vertex 16.7232 0 32.2261
      vertex 16.8227 0.75 32.2173
      vertex 16.8227 0 32.2173
    endloop
  endfacet
  facet normal -0.0880983 0 -0.996112
    outer loop
      vertex 16.8227 0.75 32.2173
      vertex 16.7232 0 32.2261
      vertex 16.7232 0.75 32.2261
    endloop
  endfacet
  facet normal -0.0670504 0 -0.99775
    outer loop
      vertex 16.5239 0 32.2405
      vertex 16.6236 0.75 32.2338
      vertex 16.6236 0 32.2338
    endloop
  endfacet
  facet normal -0.0670504 0 -0.99775
    outer loop
      vertex 16.6236 0.75 32.2338
      vertex 16.5239 0 32.2405
      vertex 16.5239 0.75 32.2405
    endloop
  endfacet
  facet normal -0.0170316 0 -0.999855
    outer loop
      vertex 16.0249 0 32.2592
      vertex 16.1247 0.75 32.2575
      vertex 16.1247 0 32.2575
    endloop
  endfacet
  facet normal -0.0170316 0 -0.999855
    outer loop
      vertex 16.1247 0.75 32.2575
      vertex 16.0249 0 32.2592
      vertex 16.0249 0.75 32.2592
    endloop
  endfacet
  facet normal -0.0470421 0 -0.998893
    outer loop
      vertex 16.3244 0 32.251
      vertex 16.4242 0.75 32.2463
      vertex 16.4242 0 32.2463
    endloop
  endfacet
  facet normal -0.0470421 0 -0.998893
    outer loop
      vertex 16.4242 0.75 32.2463
      vertex 16.3244 0 32.251
      vertex 16.3244 0.75 32.251
    endloop
  endfacet
  facet normal -0.176241 0 -0.984347
    outer loop
      vertex 17.6146 0 32.1119
      vertex 17.7129 0.75 32.0943
      vertex 17.7129 0 32.0943
    endloop
  endfacet
  facet normal -0.176241 0 -0.984347
    outer loop
      vertex 17.7129 0.75 32.0943
      vertex 17.6146 0 32.1119
      vertex 17.6146 0.75 32.1119
    endloop
  endfacet
  facet normal -0.368283 0 -0.929714
    outer loop
      vertex 19.5357 0 31.5757
      vertex 19.6286 0.75 31.5389
      vertex 19.6286 0 31.5389
    endloop
  endfacet
  facet normal -0.368283 0 -0.929714
    outer loop
      vertex 19.6286 0.75 31.5389
      vertex 19.5357 0 31.5757
      vertex 19.5357 0.75 31.5757
    endloop
  endfacet
  facet normal -0.321328 0 -0.946968
    outer loop
      vertex 19.0661 0 31.7456
      vertex 19.1607 0.75 31.7135
      vertex 19.1607 0 31.7135
    endloop
  endfacet
  facet normal -0.321328 0 -0.946968
    outer loop
      vertex 19.1607 0.75 31.7135
      vertex 19.0661 0 31.7456
      vertex 19.0661 0.75 31.7456
    endloop
  endfacet
  facet normal -0.283304 0 -0.95903
    outer loop
      vertex 18.6846 0 31.8645
      vertex 18.7804 0.75 31.8362
      vertex 18.7804 0 31.8362
    endloop
  endfacet
  facet normal -0.283304 0 -0.95903
    outer loop
      vertex 18.7804 0.75 31.8362
      vertex 18.6846 0 31.8645
      vertex 18.6846 0.75 31.8645
    endloop
  endfacet
  facet normal -0.225079 0 -0.974341
    outer loop
      vertex 18.1043 0 32.014
      vertex 18.2017 0.75 31.9915
      vertex 18.2017 0 31.9915
    endloop
  endfacet
  facet normal -0.225079 0 -0.974341
    outer loop
      vertex 18.2017 0.75 31.9915
      vertex 18.1043 0 32.014
      vertex 18.1043 0.75 32.014
    endloop
  endfacet
  facet normal -0.701072 0 -0.71309
    outer loop
      vertex 22.8733 0 29.4275
      vertex 22.9445 0.75 29.3575
      vertex 22.9445 0 29.3575
    endloop
  endfacet
  facet normal -0.701072 0 -0.71309
    outer loop
      vertex 22.9445 0.75 29.3575
      vertex 22.8733 0 29.4275
      vertex 22.8733 0.75 29.4275
    endloop
  endfacet
  facet normal -0.663804 0 -0.747906
    outer loop
      vertex 22.5067 0 29.7667
      vertex 22.5814 0.75 29.7004
      vertex 22.5814 0 29.7004
    endloop
  endfacet
  facet normal -0.663804 0 -0.747906
    outer loop
      vertex 22.5814 0.75 29.7004
      vertex 22.5067 0 29.7667
      vertex 22.5067 0.75 29.7667
    endloop
  endfacet
  facet normal -0.594701 0 -0.803947
    outer loop
      vertex 21.8061 0 30.3296
      vertex 21.8864 0.75 30.2702
      vertex 21.8864 0 30.2702
    endloop
  endfacet
  facet normal -0.594701 0 -0.803947
    outer loop
      vertex 21.8864 0.75 30.2702
      vertex 21.8061 0 30.3296
      vertex 21.8061 0.75 30.3296
    endloop
  endfacet
  facet normal -0.46752 0 -0.883983
    outer loop
      vertex 20.5353 0 31.1208
      vertex 20.6236 0.75 31.0741
      vertex 20.6236 0 31.0741
    endloop
  endfacet
  facet normal -0.46752 0 -0.883983
    outer loop
      vertex 20.6236 0.75 31.0741
      vertex 20.5353 0 31.1208
      vertex 20.5353 0.75 31.1208
    endloop
  endfacet
  facet normal -0.405488 0 -0.9141
    outer loop
      vertex 19.9049 0 31.423
      vertex 19.9962 0.75 31.3825
      vertex 19.9962 0 31.3825
    endloop
  endfacet
  facet normal -0.405488 0 -0.9141
    outer loop
      vertex 19.9962 0.75 31.3825
      vertex 19.9049 0 31.423
      vertex 19.9049 0.75 31.423
    endloop
  endfacet
  facet normal -0.511255 0 -0.859429
    outer loop
      vertex 20.9719 0 30.8783
      vertex 21.0578 0.75 30.8272
      vertex 21.0578 0 30.8272
    endloop
  endfacet
  facet normal -0.511255 0 -0.859429
    outer loop
      vertex 21.0578 0.75 30.8272
      vertex 20.9719 0 30.8783
      vertex 20.9719 0.75 30.8783
    endloop
  endfacet
  facet normal -0.774581 0 -0.632475
    outer loop
      vertex 23.6804 0 28.5422
      vertex 23.6172 0.75 28.6196
      vertex 23.6804 0.75 28.5422
    endloop
  endfacet
  facet normal -0.774581 -0 -0.632475
    outer loop
      vertex 23.6172 0.75 28.6196
      vertex 23.6804 0 28.5422
      vertex 23.6172 0 28.6196
    endloop
  endfacet
  facet normal -0.787463 0 -0.616362
    outer loop
      vertex 23.8043 0 28.3855
      vertex 23.7427 0.75 28.4642
      vertex 23.8043 0.75 28.3855
    endloop
  endfacet
  facet normal -0.787463 -0 -0.616362
    outer loop
      vertex 23.7427 0.75 28.4642
      vertex 23.8043 0 28.3855
      vertex 23.7427 0 28.4642
    endloop
  endfacet
  facet normal -0.823164 0 -0.567803
    outer loop
      vertex 24.157 0 27.9011
      vertex 24.1003 0.75 27.9833
      vertex 24.157 0.75 27.9011
    endloop
  endfacet
  facet normal -0.823164 -0 -0.567803
    outer loop
      vertex 24.1003 0.75 27.9833
      vertex 24.157 0 27.9011
      vertex 24.1003 0 27.9833
    endloop
  endfacet
  facet normal -0.816968 0 -0.576683
    outer loop
      vertex 24.1003 0 27.9833
      vertex 24.0427 0.75 28.0649
      vertex 24.1003 0.75 27.9833
    endloop
  endfacet
  facet normal -0.816968 -0 -0.576683
    outer loop
      vertex 24.0427 0.75 28.0649
      vertex 24.1003 0 27.9833
      vertex 24.0427 0 28.0649
    endloop
  endfacet
  facet normal -0.722446 0 -0.691427
    outer loop
      vertex 23.154 0 29.1432
      vertex 23.0849 0.75 29.2154
      vertex 23.154 0.75 29.1432
    endloop
  endfacet
  facet normal -0.722446 -0 -0.691427
    outer loop
      vertex 23.0849 0.75 29.2154
      vertex 23.154 0 29.1432
      vertex 23.0849 0 29.2154
    endloop
  endfacet
  facet normal -0.735072 0 -0.677989
    outer loop
      vertex 23.2901 0 28.997
      vertex 23.2224 0.75 29.0704
      vertex 23.2901 0.75 28.997
    endloop
  endfacet
  facet normal -0.735072 -0 -0.677989
    outer loop
      vertex 23.2224 0.75 29.0704
      vertex 23.2901 0 28.997
      vertex 23.2224 0 29.0704
    endloop
  endfacet
  facet normal -0.742697 0 -0.669628
    outer loop
      vertex 23.357 0 28.9228
      vertex 23.2901 0.75 28.997
      vertex 23.357 0.75 28.9228
    endloop
  endfacet
  facet normal -0.742697 -0 -0.669628
    outer loop
      vertex 23.2901 0.75 28.997
      vertex 23.357 0 28.9228
      vertex 23.2901 0 28.997
    endloop
  endfacet
  facet normal -0.755854 0 -0.65474
    outer loop
      vertex 23.4886 0 28.7725
      vertex 23.4232 0.75 28.848
      vertex 23.4886 0.75 28.7725
    endloop
  endfacet
  facet normal -0.755854 -0 -0.65474
    outer loop
      vertex 23.4232 0.75 28.848
      vertex 23.4886 0 28.7725
      vertex 23.4232 0 28.848
    endloop
  endfacet
  facet normal -0.850073 0 -0.526665
    outer loop
      vertex 24.4284 0 27.4818
      vertex 24.3758 0.75 27.5667
      vertex 24.4284 0.75 27.4818
    endloop
  endfacet
  facet normal -0.850073 -0 -0.526665
    outer loop
      vertex 24.3758 0.75 27.5667
      vertex 24.4284 0 27.4818
      vertex 24.3758 0 27.5667
    endloop
  endfacet
  facet normal -0.875242 0 -0.483686
    outer loop
      vertex 24.6784 0 27.0495
      vertex 24.6301 0.75 27.1369
      vertex 24.6784 0.75 27.0495
    endloop
  endfacet
  facet normal -0.875242 -0 -0.483686
    outer loop
      vertex 24.6301 0.75 27.1369
      vertex 24.6784 0 27.0495
      vertex 24.6301 0 27.1369
    endloop
  endfacet
  facet normal -0.8982 0 -0.439587
    outer loop
      vertex 24.9066 0 26.6053
      vertex 24.8627 0.75 26.695
      vertex 24.9066 0.75 26.6053
    endloop
  endfacet
  facet normal -0.8982 -0 -0.439587
    outer loop
      vertex 24.8627 0.75 26.695
      vertex 24.9066 0 26.6053
      vertex 24.8627 0 26.695
    endloop
  endfacet
  facet normal -0.9193 0 -0.393557
    outer loop
      vertex 25.1123 0 26.1502
      vertex 25.073 0.75 26.242
      vertex 25.1123 0.75 26.1502
    endloop
  endfacet
  facet normal -0.9193 -0 -0.393557
    outer loop
      vertex 25.073 0.75 26.242
      vertex 25.1123 0 26.1502
      vertex 25.073 0 26.242
    endloop
  endfacet
  facet normal -0.937761 0 -0.347282
    outer loop
      vertex 25.295 0 25.6854
      vertex 25.2603 0.75 25.7791
      vertex 25.295 0.75 25.6854
    endloop
  endfacet
  facet normal -0.937761 -0 -0.347282
    outer loop
      vertex 25.2603 0.75 25.7791
      vertex 25.295 0 25.6854
      vertex 25.2603 0 25.7791
    endloop
  endfacet
  facet normal -0.954141 0 -0.299358
    outer loop
      vertex 25.4543 0 25.2121
      vertex 25.4244 0.75 25.3074
      vertex 25.4543 0.75 25.2121
    endloop
  endfacet
  facet normal -0.954141 -0 -0.299358
    outer loop
      vertex 25.4244 0.75 25.3074
      vertex 25.4543 0 25.2121
      vertex 25.4244 0 25.3074
    endloop
  endfacet
  facet normal -0.974728 0 -0.223396
    outer loop
      vertex 25.6595 0 24.44
      vertex 25.6372 0.75 24.5373
      vertex 25.6595 0.75 24.44
    endloop
  endfacet
  facet normal -0.974728 -0 -0.223396
    outer loop
      vertex 25.6372 0.75 24.5373
      vertex 25.6595 0 24.44
      vertex 25.6372 0 24.5373
    endloop
  endfacet
  facet normal -0.970201 0 -0.2423
    outer loop
      vertex 25.614 0 24.6345
      vertex 25.5898 0.75 24.7314
      vertex 25.614 0.75 24.6345
    endloop
  endfacet
  facet normal -0.970201 -0 -0.2423
    outer loop
      vertex 25.5898 0.75 24.7314
      vertex 25.614 0 24.6345
      vertex 25.5898 0 24.7314
    endloop
  endfacet
  facet normal -0.986583 0 -0.163262
    outer loop
      vertex 25.7725 0 23.8515
      vertex 25.7562 0.75 23.95
      vertex 25.7725 0.75 23.8515
    endloop
  endfacet
  facet normal -0.986583 -0 -0.163262
    outer loop
      vertex 25.7562 0.75 23.95
      vertex 25.7725 0 23.8515
      vertex 25.7562 0 23.95
    endloop
  endfacet
  facet normal -0.992262 0 -0.124158
    outer loop
      vertex 25.8282 0 23.4558
      vertex 25.8158 0.75 23.5549
      vertex 25.8282 0.75 23.4558
    endloop
  endfacet
  facet normal -0.992262 -0 -0.124158
    outer loop
      vertex 25.8158 0.75 23.5549
      vertex 25.8282 0 23.4558
      vertex 25.8158 0 23.5549
    endloop
  endfacet
  facet normal -0.998482 0 -0.0550817
    outer loop
      vertex 25.8875 0 22.7593
      vertex 25.882 0.75 22.859
      vertex 25.8875 0.75 22.7593
    endloop
  endfacet
  facet normal -0.998482 -0 -0.0550817
    outer loop
      vertex 25.882 0.75 22.859
      vertex 25.8875 0 22.7593
      vertex 25.882 0 22.859
    endloop
  endfacet
  facet normal 0.682775 0 -0.730629
    outer loop
      vertex 9.03489 0 29.5312
      vertex 9.10787 0.75 29.5994
      vertex 9.10787 0 29.5994
    endloop
  endfacet
  facet normal 0.682775 0 -0.730629
    outer loop
      vertex 9.10787 0.75 29.5994
      vertex 9.03489 0 29.5312
      vertex 9.03489 0.75 29.5312
    endloop
  endfacet
  facet normal 0.68993 0 -0.723876
    outer loop
      vertex 8.9626 0 29.4623
      vertex 9.03489 0.75 29.5312
      vertex 9.03489 0 29.5312
    endloop
  endfacet
  facet normal 0.68993 0 -0.723876
    outer loop
      vertex 9.03489 0.75 29.5312
      vertex 8.9626 0 29.4623
      vertex 8.9626 0.75 29.4623
    endloop
  endfacet
  facet normal 0.629884 0 -0.77669
    outer loop
      vertex 9.55969 0 29.9931
      vertex 9.63725 0.75 30.056
      vertex 9.63725 0 30.056
    endloop
  endfacet
  facet normal 0.629884 0 -0.77669
    outer loop
      vertex 9.63725 0.75 30.056
      vertex 9.55969 0 29.9931
      vertex 9.55969 0.75 29.9931
    endloop
  endfacet
  facet normal 0.598622 0 -0.801032
    outer loop
      vertex 9.87365 0 30.2402
      vertex 9.95367 0.75 30.3
      vertex 9.95367 0 30.3
    endloop
  endfacet
  facet normal 0.598622 0 -0.801032
    outer loop
      vertex 9.95367 0.75 30.3
      vertex 9.87365 0 30.2402
      vertex 9.87365 0.75 30.2402
    endloop
  endfacet
  facet normal 0.436765 0 -0.899576
    outer loop
      vertex 11.4874 0 31.2338
      vertex 11.5772 0.75 31.2774
      vertex 11.5772 0 31.2774
    endloop
  endfacet
  facet normal 0.436765 0 -0.899576
    outer loop
      vertex 11.5772 0.75 31.2774
      vertex 11.4874 0 31.2338
      vertex 11.4874 0.75 31.2338
    endloop
  endfacet
  facet normal 0.4092 0 -0.912445
    outer loop
      vertex 11.7582 0 31.362
      vertex 11.8494 0.75 31.4029
      vertex 11.8494 0 31.4029
    endloop
  endfacet
  facet normal 0.4092 0 -0.912445
    outer loop
      vertex 11.8494 0.75 31.4029
      vertex 11.7582 0 31.362
      vertex 11.7582 0.75 31.362
    endloop
  endfacet
  facet normal 0.382411 0 -0.923992
    outer loop
      vertex 12.0328 0 31.482
      vertex 12.1251 0.75 31.5202
      vertex 12.1251 0 31.5202
    endloop
  endfacet
  facet normal 0.382411 0 -0.923992
    outer loop
      vertex 12.1251 0.75 31.5202
      vertex 12.0328 0 31.482
      vertex 12.0328 0.75 31.482
    endloop
  endfacet
  facet normal 0.489548 0 -0.871976
    outer loop
      vertex 10.9578 0 30.9534
      vertex 11.0449 0.75 31.0023
      vertex 11.0449 0 31.0023
    endloop
  endfacet
  facet normal 0.489548 0 -0.871976
    outer loop
      vertex 11.0449 0.75 31.0023
      vertex 10.9578 0 30.9534
      vertex 10.9578 0.75 30.9534
    endloop
  endfacet
  facet normal 0.541466 0 -0.840723
    outer loop
      vertex 10.4459 0 30.6417
      vertex 10.5299 0.75 30.6958
      vertex 10.5299 0 30.6958
    endloop
  endfacet
  facet normal 0.541466 0 -0.840723
    outer loop
      vertex 10.5299 0.75 30.6958
      vertex 10.4459 0 30.6417
      vertex 10.4459 0.75 30.6417
    endloop
  endfacet
  facet normal 0.345195 0 -0.938531
    outer loop
      vertex 12.4043 0 31.6291
      vertex 12.4981 0.75 31.6636
      vertex 12.4981 0 31.6636
    endloop
  endfacet
  facet normal 0.345195 0 -0.938531
    outer loop
      vertex 12.4981 0.75 31.6636
      vertex 12.4043 0 31.6291
      vertex 12.4043 0.75 31.6291
    endloop
  endfacet
  facet normal 0.287532 0 -0.957771
    outer loop
      vertex 12.9718 0 31.8217
      vertex 13.0674 0.75 31.8504
      vertex 13.0674 0 31.8504
    endloop
  endfacet
  facet normal 0.287532 0 -0.957771
    outer loop
      vertex 13.0674 0.75 31.8504
      vertex 12.9718 0 31.8217
      vertex 12.9718 0.75 31.8217
    endloop
  endfacet
  facet normal 0.220322 0 -0.975427
    outer loop
      vertex 13.647 0 32.0029
      vertex 13.7444 0.75 32.0249
      vertex 13.7444 0 32.0249
    endloop
  endfacet
  facet normal 0.220322 0 -0.975427
    outer loop
      vertex 13.7444 0.75 32.0249
      vertex 13.647 0 32.0029
      vertex 13.647 0.75 32.0029
    endloop
  endfacet
  facet normal 0.162127 0 -0.98677
    outer loop
      vertex 14.2346 0 32.1203
      vertex 14.3332 0.75 32.1365
      vertex 14.3332 0 32.1365
    endloop
  endfacet
  facet normal 0.162127 0 -0.98677
    outer loop
      vertex 14.3332 0.75 32.1365
      vertex 14.2346 0 32.1203
      vertex 14.2346 0.75 32.1203
    endloop
  endfacet
  facet normal 0.11219 0 -0.993687
    outer loop
      vertex 14.729 0 32.1912
      vertex 14.8282 0.75 32.2024
      vertex 14.8282 0 32.2024
    endloop
  endfacet
  facet normal 0.11219 0 -0.993687
    outer loop
      vertex 14.8282 0.75 32.2024
      vertex 14.729 0 32.1912
      vertex 14.729 0.75 32.1912
    endloop
  endfacet
  facet normal 0.00300299 0 -0.999995
    outer loop
      vertex 15.8251 0 32.2597
      vertex 15.925 0.75 32.26
      vertex 15.925 0 32.26
    endloop
  endfacet
  facet normal 0.00300299 0 -0.999995
    outer loop
      vertex 15.925 0.75 32.26
      vertex 15.8251 0 32.2597
      vertex 15.8251 0.75 32.2597
    endloop
  endfacet
  facet normal 0.909128 0 -0.416517
    outer loop
      vertex 6.82931 0 26.4698
      vertex 6.78771 0.75 26.379
      vertex 6.82931 0.75 26.4698
    endloop
  endfacet
  facet normal 0.909128 0 -0.416517
    outer loop
      vertex 6.78771 0.75 26.379
      vertex 6.82931 0 26.4698
      vertex 6.78771 0 26.379
    endloop
  endfacet
  facet normal 0.882644 0 -0.470043
    outer loop
      vertex 7.09777 0 27.0056
      vertex 7.0508 0.75 26.9174
      vertex 7.09777 0.75 27.0056
    endloop
  endfacet
  facet normal 0.882644 0 -0.470043
    outer loop
      vertex 7.0508 0.75 26.9174
      vertex 7.09777 0 27.0056
      vertex 7.0508 0 26.9174
    endloop
  endfacet
  facet normal 0.842153 0 -0.539238
    outer loop
      vertex 7.50469 0 27.6931
      vertex 7.45084 0.75 27.609
      vertex 7.50469 0.75 27.6931
    endloop
  endfacet
  facet normal 0.842153 0 -0.539238
    outer loop
      vertex 7.45084 0.75 27.609
      vertex 7.50469 0 27.6931
      vertex 7.45084 0 27.609
    endloop
  endfacet
  facet normal 0.863052 0 -0.505116
    outer loop
      vertex 7.29436 0 27.3534
      vertex 7.24391 0.75 27.2672
      vertex 7.29436 0.75 27.3534
    endloop
  endfacet
  facet normal 0.863052 0 -0.505116
    outer loop
      vertex 7.24391 0.75 27.2672
      vertex 7.29436 0 27.3534
      vertex 7.24391 0 27.2672
    endloop
  endfacet
  facet normal 0.765093 0 -0.64392
    outer loop
      vertex 8.27894 0 28.7345
      vertex 8.21464 0.75 28.6581
      vertex 8.27894 0.75 28.7345
    endloop
  endfacet
  facet normal 0.765093 0 -0.64392
    outer loop
      vertex 8.21464 0.75 28.6581
      vertex 8.27894 0 28.7345
      vertex 8.21464 0 28.6581
    endloop
  endfacet
  facet normal 0.808264 0 -0.588821
    outer loop
      vertex 7.8452 0 28.1862
      vertex 7.78641 0.75 28.1055
      vertex 7.8452 0.75 28.1862
    endloop
  endfacet
  facet normal 0.808264 0 -0.588821
    outer loop
      vertex 7.78641 0.75 28.1055
      vertex 7.8452 0 28.1862
      vertex 7.78641 0 28.1055
    endloop
  endfacet
  facet normal 0.939554 0 -0.342402
    outer loop
      vertex 6.5222 0 25.7323
      vertex 6.48798 0.75 25.6384
      vertex 6.5222 0.75 25.7323
    endloop
  endfacet
  facet normal 0.939554 0 -0.342402
    outer loop
      vertex 6.48798 0.75 25.6384
      vertex 6.5222 0 25.7323
      vertex 6.48798 0 25.6384
    endloop
  endfacet
  facet normal 0.932395 0 -0.361441
    outer loop
      vertex 6.59344 0 25.9189
      vertex 6.55735 0.75 25.8258
      vertex 6.59344 0.75 25.9189
    endloop
  endfacet
  facet normal 0.932395 0 -0.361441
    outer loop
      vertex 6.55735 0.75 25.8258
      vertex 6.59344 0 25.9189
      vertex 6.55735 0 25.8258
    endloop
  endfacet
  facet normal 0.946266 0 -0.323391
    outer loop
      vertex 6.4547 0 25.5443
      vertex 6.42237 0.75 25.4497
      vertex 6.4547 0.75 25.5443
    endloop
  endfacet
  facet normal 0.946266 0 -0.323391
    outer loop
      vertex 6.42237 0.75 25.4497
      vertex 6.4547 0 25.5443
      vertex 6.42237 0 25.4497
    endloop
  endfacet
  facet normal 0.961122 0 -0.276122
    outer loop
      vertex 6.30252 0 25.0686
      vertex 6.27494 0.75 24.9726
      vertex 6.30252 0.75 25.0686
    endloop
  endfacet
  facet normal 0.961122 0 -0.276122
    outer loop
      vertex 6.27494 0.75 24.9726
      vertex 6.30252 0 25.0686
      vertex 6.27494 0 24.9726
    endloop
  endfacet
  facet normal -0.349368 0 0.936986
    outer loop
      vertex 19.3489 0.75 12.8736
      vertex 19.4425 0 12.9085
      vertex 19.4425 0.75 12.9085
    endloop
  endfacet
  facet normal -0.349368 0 0.936986
    outer loop
      vertex 19.4425 0 12.9085
      vertex 19.3489 0.75 12.8736
      vertex 19.3489 0 12.8736
    endloop
  endfacet
  facet normal -0.358576 0 0.9335
    outer loop
      vertex 19.4425 0.75 12.9085
      vertex 19.5357 0 12.9443
      vertex 19.5357 0.75 12.9443
    endloop
  endfacet
  facet normal -0.358576 0 0.9335
    outer loop
      vertex 19.5357 0 12.9443
      vertex 19.4425 0.75 12.9085
      vertex 19.4425 0 12.9085
    endloop
  endfacet
  facet normal -0.577823 0 0.816162
    outer loop
      vertex 21.6437 0.75 14.0741
      vertex 21.7252 0 14.1318
      vertex 21.7252 0.75 14.1318
    endloop
  endfacet
  facet normal -0.577823 0 0.816162
    outer loop
      vertex 21.7252 0 14.1318
      vertex 21.6437 0.75 14.0741
      vertex 21.6437 0 14.0741
    endloop
  endfacet
  facet normal 0.745778 -0 0.666195
    outer loop
      vertex 8.4098 0 15.6345
      vertex 8.47635 0.75 15.56
      vertex 8.4098 0.75 15.6345
    endloop
  endfacet
  facet normal 0.745778 0 0.666195
    outer loop
      vertex 8.47635 0.75 15.56
      vertex 8.4098 0 15.6345
      vertex 8.47635 0 15.56
    endloop
  endfacet
  facet normal -0.781357 0 -0.624084
    outer loop
      vertex 23.7427 0 28.4642
      vertex 23.6804 0.75 28.5422
      vertex 23.7427 0.75 28.4642
    endloop
  endfacet
  facet normal -0.781357 -0 -0.624084
    outer loop
      vertex 23.6804 0.75 28.5422
      vertex 23.7427 0 28.4642
      vertex 23.6804 0 28.5422
    endloop
  endfacet
  facet normal -0.768713 0 -0.639593
    outer loop
      vertex 23.6172 0 28.6196
      vertex 23.5533 0.75 28.6964
      vertex 23.6172 0.75 28.6196
    endloop
  endfacet
  facet normal -0.768713 -0 -0.639593
    outer loop
      vertex 23.5533 0.75 28.6964
      vertex 23.6172 0 28.6196
      vertex 23.5533 0 28.6964
    endloop
  endfacet
  facet normal -0.793219 0 -0.608936
    outer loop
      vertex 23.8651 0 28.3063
      vertex 23.8043 0.75 28.3855
      vertex 23.8651 0.75 28.3063
    endloop
  endfacet
  facet normal -0.793219 -0 -0.608936
    outer loop
      vertex 23.8043 0.75 28.3855
      vertex 23.8651 0 28.3063
      vertex 23.8043 0 28.3855
    endloop
  endfacet
  facet normal -0.999887 0 -0.0150133
    outer loop
      vertex 25.8995 0 22.3599
      vertex 25.898 0.75 22.4598
      vertex 25.8995 0.75 22.3599
    endloop
  endfacet
  facet normal -0.999887 -0 -0.0150133
    outer loop
      vertex 25.898 0.75 22.4598
      vertex 25.8995 0 22.3599
      vertex 25.898 0 22.4598
    endloop
  endfacet
  facet normal 0.400556 0 -0.916272
    outer loop
      vertex 11.8494 0 31.4029
      vertex 11.9409 0.75 31.4429
      vertex 11.9409 0 31.4429
    endloop
  endfacet
  facet normal 0.400556 0 -0.916272
    outer loop
      vertex 11.9409 0.75 31.4429
      vertex 11.8494 0 31.4029
      vertex 11.8494 0.75 31.4029
    endloop
  endfacet
  facet normal 0.758868 -0 0.651245
    outer loop
      vertex 8.27894 0 15.7855
      vertex 8.34399 0.75 15.7097
      vertex 8.27894 0.75 15.7855
    endloop
  endfacet
  facet normal 0.758868 0 0.651245
    outer loop
      vertex 8.34399 0.75 15.7097
      vertex 8.27894 0 15.7855
      vertex 8.34399 0 15.7097
    endloop
  endfacet
  facet normal -0.692949 0 0.720987
    outer loop
      vertex 22.103 1.5 15.7391
      vertex 22.175 0.75 15.8083
      vertex 22.175 1.5 15.8083
    endloop
  endfacet
  facet normal -0.692949 0 0.720987
    outer loop
      vertex 22.175 0.75 15.8083
      vertex 22.103 1.5 15.7391
      vertex 22.103 0.75 15.7391
    endloop
  endfacet
  facet normal 0.388594 0 0.921409
    outer loop
      vertex 12.3523 1.5 13.9887
      vertex 12.4443 0.75 13.9499
      vertex 12.4443 1.5 13.9499
    endloop
  endfacet
  facet normal 0.388594 0 0.921409
    outer loop
      vertex 12.4443 0.75 13.9499
      vertex 12.3523 1.5 13.9887
      vertex 12.3523 0.75 13.9887
    endloop
  endfacet
  facet normal 0.923426 -0 0.383777
    outer loop
      vertex 7.57082 0.75 18.8505
      vertex 7.60918 1.5 18.7582
      vertex 7.57082 1.5 18.8505
    endloop
  endfacet
  facet normal 0.923426 0 0.383777
    outer loop
      vertex 7.60918 1.5 18.7582
      vertex 7.57082 0.75 18.8505
      vertex 7.60918 0.75 18.7582
    endloop
  endfacet
  facet normal -0.923284 0 -0.384118
    outer loop
      vertex 24.2292 0.75 25.6695
      vertex 24.1908 1.5 25.7618
      vertex 24.2292 1.5 25.6695
    endloop
  endfacet
  facet normal -0.923284 -0 -0.384118
    outer loop
      vertex 24.1908 1.5 25.7618
      vertex 24.2292 0.75 25.6695
      vertex 24.1908 0.75 25.7618
    endloop
  endfacet
  facet normal -0.918938 0 0.394402
    outer loop
      vertex 24.1514 0.75 18.6664
      vertex 24.1908 1.5 18.7582
      vertex 24.1514 1.5 18.6664
    endloop
  endfacet
  facet normal -0.918938 0 0.394402
    outer loop
      vertex 24.1908 1.5 18.7582
      vertex 24.1514 0.75 18.6664
      vertex 24.1908 0.75 18.7582
    endloop
  endfacet
  facet normal -0.379139 0 0.92534
    outer loop
      vertex 19.2632 1.5 13.912
      vertex 19.3557 0.75 13.9499
      vertex 19.3557 1.5 13.9499
    endloop
  endfacet
  facet normal -0.379139 0 0.92534
    outer loop
      vertex 19.3557 0.75 13.9499
      vertex 19.2632 1.5 13.912
      vertex 19.2632 0.75 13.912
    endloop
  endfacet
  facet normal 0.717287 -0 0.696778
    outer loop
      vertex 9.41362 0.75 16.0209
      vertex 9.48327 1.5 15.9492
      vertex 9.41362 1.5 16.0209
    endloop
  endfacet
  facet normal 0.717287 0 0.696778
    outer loop
      vertex 9.48327 1.5 15.9492
      vertex 9.41362 0.75 16.0209
      vertex 9.48327 0.75 15.9492
    endloop
  endfacet
  facet normal 0.198039 0 0.980194
    outer loop
      vertex 14.0646 1.5 13.4491
      vertex 14.1626 0.75 13.4293
      vertex 14.1626 1.5 13.4293
    endloop
  endfacet
  facet normal 0.198039 0 0.980194
    outer loop
      vertex 14.1626 0.75 13.4293
      vertex 14.0646 1.5 13.4491
      vertex 14.0646 0.75 13.4491
    endloop
  endfacet
  facet normal -0.379139 0 -0.92534
    outer loop
      vertex 19.2632 0.75 30.608
      vertex 19.3557 1.5 30.5701
      vertex 19.3557 0.75 30.5701
    endloop
  endfacet
  facet normal -0.379139 0 -0.92534
    outer loop
      vertex 19.3557 1.5 30.5701
      vertex 19.2632 0.75 30.608
      vertex 19.2632 1.5 30.608
    endloop
  endfacet
  facet normal -0.717037 0 -0.697036
    outer loop
      vertex 22.3864 0.75 28.4991
      vertex 22.3167 1.5 28.5708
      vertex 22.3864 1.5 28.4991
    endloop
  endfacet
  facet normal -0.717037 -0 -0.697036
    outer loop
      vertex 22.3167 1.5 28.5708
      vertex 22.3864 0.75 28.4991
      vertex 22.3167 0.75 28.5708
    endloop
  endfacet
  facet normal 0.701381 0 -0.712787
    outer loop
      vertex 9.55372 0.75 28.6416
      vertex 9.62496 1.5 28.7117
      vertex 9.62496 0.75 28.7117
    endloop
  endfacet
  facet normal 0.701381 0 -0.712787
    outer loop
      vertex 9.62496 1.5 28.7117
      vertex 9.55372 0.75 28.6416
      vertex 9.55372 1.5 28.6416
    endloop
  endfacet
  facet normal -0.97893 0 0.204194
    outer loop
      vertex 24.7005 0.75 20.3758
      vertex 24.7209 1.5 20.4736
      vertex 24.7005 1.5 20.3758
    endloop
  endfacet
  facet normal -0.97893 0 0.204194
    outer loop
      vertex 24.7209 1.5 20.4736
      vertex 24.7005 0.75 20.3758
      vertex 24.7209 0.75 20.4736
    endloop
  endfacet
  facet normal -0.828802 0 0.559542
    outer loop
      vertex 23.3308 0.75 17.1823
      vertex 23.3867 1.5 17.2651
      vertex 23.3308 1.5 17.1823
    endloop
  endfacet
  facet normal -0.828802 0 0.559542
    outer loop
      vertex 23.3867 1.5 17.2651
      vertex 23.3308 0.75 17.1823
      vertex 23.3867 0.75 17.2651
    endloop
  endfacet
  facet normal -0.545657 0 0.838009
    outer loop
      vertex 20.7696 1.5 14.6912
      vertex 20.8533 0.75 14.7457
      vertex 20.8533 1.5 14.7457
    endloop
  endfacet
  facet normal -0.545657 0 0.838009
    outer loop
      vertex 20.8533 0.75 14.7457
      vertex 20.7696 1.5 14.6912
      vertex 20.7696 0.75 14.6912
    endloop
  endfacet
  facet normal -0.198039 0 0.980194
    outer loop
      vertex 17.6374 1.5 13.4293
      vertex 17.7354 0.75 13.4491
      vertex 17.7354 1.5 13.4491
    endloop
  endfacet
  facet normal -0.198039 0 0.980194
    outer loop
      vertex 17.7354 0.75 13.4491
      vertex 17.6374 1.5 13.4293
      vertex 17.6374 0.75 13.4293
    endloop
  endfacet
  facet normal 0.981173 -0 0.193131
    outer loop
      vertex 7.05979 0.75 20.5716
      vertex 7.07908 1.5 20.4736
      vertex 7.05979 1.5 20.5716
    endloop
  endfacet
  facet normal 0.981173 0 0.193131
    outer loop
      vertex 7.07908 1.5 20.4736
      vertex 7.05979 0.75 20.5716
      vertex 7.07908 0.75 20.4736
    endloop
  endfacet
  facet normal 0.828802 -0 0.559542
    outer loop
      vertex 8.41331 0.75 17.2651
      vertex 8.46921 1.5 17.1823
      vertex 8.41331 1.5 17.2651
    endloop
  endfacet
  facet normal 0.828802 0 0.559542
    outer loop
      vertex 8.46921 1.5 17.1823
      vertex 8.41331 0.75 17.2651
      vertex 8.46921 0.75 17.1823
    endloop
  endfacet
  facet normal 0.564361 0 0.825528
    outer loop
      vertex 10.7811 1.5 14.8575
      vertex 10.8636 0.75 14.8011
      vertex 10.8636 1.5 14.8011
    endloop
  endfacet
  facet normal 0.564361 0 0.825528
    outer loop
      vertex 10.8636 0.75 14.8011
      vertex 10.7811 1.5 14.8575
      vertex 10.7811 0.75 14.8575
    endloop
  endfacet
  facet normal 0.994435 0 -0.105352
    outer loop
      vertex 6.9554 0.75 23.257
      vertex 6.94488 1.5 23.1577
      vertex 6.9554 1.5 23.257
    endloop
  endfacet
  facet normal 0.994435 0 -0.105352
    outer loop
      vertex 6.94488 1.5 23.1577
      vertex 6.9554 0.75 23.257
      vertex 6.94488 0.75 23.1577
    endloop
  endfacet
  facet normal -0.943138 0 0.332401
    outer loop
      vertex 24.3723 0.75 19.2236
      vertex 24.4055 1.5 19.3178
      vertex 24.3723 1.5 19.2236
    endloop
  endfacet
  facet normal -0.943138 0 0.332401
    outer loop
      vertex 24.4055 1.5 19.3178
      vertex 24.3723 0.75 19.2236
      vertex 24.4055 0.75 19.3178
    endloop
  endfacet
  facet normal -0.895824 0 0.444409
    outer loop
      vertex 23.9394 0.75 18.2142
      vertex 23.9838 1.5 18.3037
      vertex 23.9394 1.5 18.2142
    endloop
  endfacet
  facet normal -0.895824 0 0.444409
    outer loop
      vertex 23.9838 1.5 18.3037
      vertex 23.9394 0.75 18.2142
      vertex 23.9838 0.75 18.3037
    endloop
  endfacet
  facet normal -0.660628 0 0.750714
    outer loop
      vertex 21.8075 1.5 15.4702
      vertex 21.8825 0.75 15.5362
      vertex 21.8825 1.5 15.5362
    endloop
  endfacet
  facet normal -0.660628 0 0.750714
    outer loop
      vertex 21.8825 0.75 15.5362
      vertex 21.8075 1.5 15.4702
      vertex 21.8075 0.75 15.4702
    endloop
  endfacet
  facet normal -0.4202 0 0.907432
    outer loop
      vertex 19.6305 1.5 14.0695
      vertex 19.7212 0.75 14.1115
      vertex 19.7212 1.5 14.1115
    endloop
  endfacet
  facet normal -0.4202 0 0.907432
    outer loop
      vertex 19.7212 0.75 14.1115
      vertex 19.6305 1.5 14.0695
      vertex 19.6305 0.75 14.0695
    endloop
  endfacet
  facet normal -0.0560241 0 0.998429
    outer loop
      vertex 16.3494 1.5 13.2712
      vertex 16.4492 0.75 13.2768
      vertex 16.4492 1.5 13.2768
    endloop
  endfacet
  facet normal -0.0560241 0 0.998429
    outer loop
      vertex 16.4492 0.75 13.2768
      vertex 16.3494 1.5 13.2712
      vertex 16.3494 0.75 13.2712
    endloop
  endfacet
  facet normal 0.998752 -0 0.0499376
    outer loop
      vertex 6.90887 0.75 21.8605
      vertex 6.91386 1.5 21.7607
      vertex 6.90887 1.5 21.8605
    endloop
  endfacet
  facet normal 0.998752 0 0.0499376
    outer loop
      vertex 6.91386 1.5 21.7607
      vertex 6.90887 0.75 21.8605
      vertex 6.91386 0.75 21.7607
    endloop
  endfacet
  facet normal 0.895744 -0 0.444569
    outer loop
      vertex 7.81621 0.75 18.3037
      vertex 7.86063 1.5 18.2142
      vertex 7.81621 1.5 18.3037
    endloop
  endfacet
  facet normal 0.895744 0 0.444569
    outer loop
      vertex 7.86063 1.5 18.2142
      vertex 7.81621 0.75 18.3037
      vertex 7.86063 0.75 18.2142
    endloop
  endfacet
  facet normal 0.316528 0 0.948583
    outer loop
      vertex 13.0051 1.5 13.7383
      vertex 13.0998 0.75 13.7067
      vertex 13.0998 1.5 13.7067
    endloop
  endfacet
  facet normal 0.316528 0 0.948583
    outer loop
      vertex 13.0998 0.75 13.7067
      vertex 13.0051 1.5 13.7383
      vertex 13.0051 0.75 13.7383
    endloop
  endfacet
  facet normal 0.0440454 0 0.99903
    outer loop
      vertex 15.4506 1.5 13.2712
      vertex 15.5504 0.75 13.2668
      vertex 15.5504 1.5 13.2668
    endloop
  endfacet
  facet normal 0.0440454 0 0.99903
    outer loop
      vertex 15.5504 0.75 13.2668
      vertex 15.4506 1.5 13.2712
      vertex 15.4506 0.75 13.2712
    endloop
  endfacet
  facet normal 0.144225 0 0.989545
    outer loop
      vertex 14.5563 1.5 13.3609
      vertex 14.6551 0.75 13.3465
      vertex 14.6551 1.5 13.3465
    endloop
  endfacet
  facet normal 0.144225 0 0.989545
    outer loop
      vertex 14.6551 0.75 13.3465
      vertex 14.5563 1.5 13.3609
      vertex 14.5563 0.75 13.3609
    endloop
  endfacet
  facet normal 0.599359 0 0.80048
    outer loop
      vertex 10.4575 1.5 15.092
      vertex 10.5375 0.75 15.0321
      vertex 10.5375 1.5 15.0321
    endloop
  endfacet
  facet normal 0.599359 0 0.80048
    outer loop
      vertex 10.5375 0.75 15.0321
      vertex 10.4575 1.5 15.092
      vertex 10.4575 0.75 15.092
    endloop
  endfacet
  facet normal -0.0560241 0 -0.998429
    outer loop
      vertex 16.3494 0.75 31.2488
      vertex 16.4492 1.5 31.2432
      vertex 16.4492 0.75 31.2432
    endloop
  endfacet
  facet normal -0.0560241 0 -0.998429
    outer loop
      vertex 16.4492 1.5 31.2432
      vertex 16.3494 0.75 31.2488
      vertex 16.3494 1.5 31.2488
    endloop
  endfacet
  facet normal -0.96019 0 -0.279346
    outer loop
      vertex 24.5556 0.75 24.7258
      vertex 24.5277 1.5 24.8217
      vertex 24.5556 1.5 24.7258
    endloop
  endfacet
  facet normal -0.96019 -0 -0.279346
    outer loop
      vertex 24.5277 1.5 24.8217
      vertex 24.5556 0.75 24.7258
      vertex 24.5277 0.75 24.8217
    endloop
  endfacet
  facet normal -0.111091 0 -0.99381
    outer loop
      vertex 16.8474 0.75 31.21
      vertex 16.9467 1.5 31.1989
      vertex 16.9467 0.75 31.1989
    endloop
  endfacet
  facet normal -0.111091 0 -0.99381
    outer loop
      vertex 16.9467 1.5 31.1989
      vertex 16.8474 0.75 31.21
      vertex 16.8474 1.5 31.21
    endloop
  endfacet
  facet normal -0.676449 0 -0.736489
    outer loop
      vertex 21.9567 0.75 28.917
      vertex 22.0303 1.5 28.8494
      vertex 22.0303 0.75 28.8494
    endloop
  endfacet
  facet normal -0.676449 0 -0.736489
    outer loop
      vertex 22.0303 1.5 28.8494
      vertex 21.9567 0.75 28.917
      vertex 21.9567 1.5 28.917
    endloop
  endfacet
  facet normal -0.617954 0 -0.786214
    outer loop
      vertex 21.4217 0.75 29.3671
      vertex 21.5002 1.5 29.3054
      vertex 21.5002 0.75 29.3054
    endloop
  endfacet
  facet normal -0.617954 0 -0.786214
    outer loop
      vertex 21.5002 1.5 29.3054
      vertex 21.4217 0.75 29.3671
      vertex 21.4217 1.5 29.3671
    endloop
  endfacet
  facet normal -0.64392 0 -0.765093
    outer loop
      vertex 21.6553 0.75 29.1793
      vertex 21.7317 1.5 29.115
      vertex 21.7317 0.75 29.115
    endloop
  endfacet
  facet normal -0.64392 0 -0.765093
    outer loop
      vertex 21.7317 1.5 29.115
      vertex 21.6553 0.75 29.1793
      vertex 21.6553 1.5 29.1793
    endloop
  endfacet
  facet normal -0.5547 0 -0.83205
    outer loop
      vertex 20.8533 0.75 29.7743
      vertex 20.9364 1.5 29.7189
      vertex 20.9364 0.75 29.7189
    endloop
  endfacet
  facet normal -0.5547 0 -0.83205
    outer loop
      vertex 20.9364 1.5 29.7189
      vertex 20.8533 0.75 29.7743
      vertex 20.8533 1.5 29.7743
    endloop
  endfacet
  facet normal -0.834812 0 -0.550535
    outer loop
      vertex 23.4417 0.75 27.1715
      vertex 23.3867 1.5 27.2549
      vertex 23.4417 1.5 27.1715
    endloop
  endfacet
  facet normal -0.834812 -0 -0.550535
    outer loop
      vertex 23.3867 1.5 27.2549
      vertex 23.4417 0.75 27.1715
      vertex 23.3867 0.75 27.2549
    endloop
  endfacet
  facet normal 0.284225 0 -0.958758
    outer loop
      vertex 13.2904 0.75 30.8734
      vertex 13.3862 1.5 30.9018
      vertex 13.3862 0.75 30.9018
    endloop
  endfacet
  facet normal 0.284225 0 -0.958758
    outer loop
      vertex 13.3862 1.5 30.9018
      vertex 13.2904 0.75 30.8734
      vertex 13.2904 1.5 30.8734
    endloop
  endfacet
  facet normal 0.498509 0 -0.866885
    outer loop
      vertex 11.3712 0.75 30.0375
      vertex 11.4578 1.5 30.0873
      vertex 11.4578 0.75 30.0873
    endloop
  endfacet
  facet normal 0.498509 0 -0.866885
    outer loop
      vertex 11.4578 1.5 30.0873
      vertex 11.3712 0.75 30.0375
      vertex 11.3712 1.5 30.0375
    endloop
  endfacet
  facet normal 0.564361 0 -0.825528
    outer loop
      vertex 10.7811 0.75 29.6625
      vertex 10.8636 1.5 29.7189
      vertex 10.8636 0.75 29.7189
    endloop
  endfacet
  facet normal 0.564361 0 -0.825528
    outer loop
      vertex 10.8636 1.5 29.7189
      vertex 10.7811 0.75 29.6625
      vertex 10.7811 1.5 29.6625
    endloop
  endfacet
  facet normal 0.761668 0 -0.647968
    outer loop
      vertex 9.07748 0.75 28.1297
      vertex 9.01274 1.5 28.0536
      vertex 9.07748 1.5 28.1297
    endloop
  endfacet
  facet normal 0.761668 0 -0.647968
    outer loop
      vertex 9.01274 1.5 28.0536
      vertex 9.07748 0.75 28.1297
      vertex 9.01274 0.75 28.0536
    endloop
  endfacet
  facet normal -0.991888 0 0.127114
    outer loop
      vertex 24.8203 0.75 21.0646
      vertex 24.833 1.5 21.1637
      vertex 24.8203 1.5 21.0646
    endloop
  endfacet
  facet normal -0.991888 0 0.127114
    outer loop
      vertex 24.833 1.5 21.1637
      vertex 24.8203 0.75 21.0646
      vertex 24.833 0.75 21.1637
    endloop
  endfacet
  facet normal -0.983255 0 0.182233
    outer loop
      vertex 24.7402 0.75 20.5716
      vertex 24.7584 1.5 20.6698
      vertex 24.7402 1.5 20.5716
    endloop
  endfacet
  facet normal -0.983255 0 0.182233
    outer loop
      vertex 24.7584 1.5 20.6698
      vertex 24.7402 0.75 20.5716
      vertex 24.7584 0.75 20.6698
    endloop
  endfacet
  facet normal -0.97407 0 0.226248
    outer loop
      vertex 24.6565 0.75 20.1809
      vertex 24.6791 1.5 20.2782
      vertex 24.6565 1.5 20.1809
    endloop
  endfacet
  facet normal -0.97407 0 0.226248
    outer loop
      vertex 24.6791 1.5 20.2782
      vertex 24.6565 0.75 20.1809
      vertex 24.6791 0.75 20.2782
    endloop
  endfacet
  facet normal -0.963058 0 0.269296
    outer loop
      vertex 24.5556 0.75 19.7942
      vertex 24.5825 1.5 19.8904
      vertex 24.5556 1.5 19.7942
    endloop
  endfacet
  facet normal -0.963058 0 0.269296
    outer loop
      vertex 24.5825 1.5 19.8904
      vertex 24.5556 0.75 19.7942
      vertex 24.5825 0.75 19.8904
    endloop
  endfacet
  facet normal -0.858286 0 0.513171
    outer loop
      vertex 23.601 0.75 17.6023
      vertex 23.6523 1.5 17.6881
      vertex 23.601 1.5 17.6023
    endloop
  endfacet
  facet normal -0.858286 0 0.513171
    outer loop
      vertex 23.6523 1.5 17.6881
      vertex 23.601 0.75 17.6023
      vertex 23.6523 0.75 17.6881
    endloop
  endfacet
  facet normal -0.841178 0 0.540758
    outer loop
      vertex 23.4417 0.75 17.3485
      vertex 23.4957 1.5 17.4325
      vertex 23.4417 1.5 17.3485
    endloop
  endfacet
  facet normal -0.841178 0 0.540758
    outer loop
      vertex 23.4957 1.5 17.4325
      vertex 23.4417 0.75 17.3485
      vertex 23.4957 0.75 17.4325
    endloop
  endfacet
  facet normal -0.816024 0 0.578017
    outer loop
      vertex 23.2162 0.75 17.0185
      vertex 23.274 1.5 17.1001
      vertex 23.2162 1.5 17.0185
    endloop
  endfacet
  facet normal -0.816024 0 0.578017
    outer loop
      vertex 23.274 1.5 17.1001
      vertex 23.2162 0.75 17.0185
      vertex 23.274 0.75 17.1001
    endloop
  endfacet
  facet normal -0.783111 0 0.621882
    outer loop
      vertex 22.9142 0.75 16.6207
      vertex 22.9763 1.5 16.6989
      vertex 22.9142 1.5 16.6207
    endloop
  endfacet
  facet normal -0.783111 0 0.621882
    outer loop
      vertex 22.9763 1.5 16.6989
      vertex 22.9142 0.75 16.6207
      vertex 22.9763 0.75 16.6989
    endloop
  endfacet
  facet normal -0.746967 0 0.664861
    outer loop
      vertex 22.5905 0.75 16.2403
      vertex 22.6569 1.5 16.3149
      vertex 22.5905 1.5 16.2403
    endloop
  endfacet
  facet normal -0.746967 0 0.664861
    outer loop
      vertex 22.6569 1.5 16.3149
      vertex 22.5905 0.75 16.2403
      vertex 22.6569 0.75 16.3149
    endloop
  endfacet
  facet normal -0.724899 0 0.688855
    outer loop
      vertex 22.3864 0.75 16.0209
      vertex 22.4552 1.5 16.0933
      vertex 22.3864 1.5 16.0209
    endloop
  endfacet
  facet normal -0.724899 0 0.688855
    outer loop
      vertex 22.4552 1.5 16.0933
      vertex 22.3864 0.75 16.0209
      vertex 22.4552 0.75 16.0933
    endloop
  endfacet
  facet normal -0.609566 0 0.792736
    outer loop
      vertex 21.3425 1.5 15.092
      vertex 21.4217 0.75 15.1529
      vertex 21.4217 1.5 15.1529
    endloop
  endfacet
  facet normal -0.609566 0 0.792736
    outer loop
      vertex 21.4217 0.75 15.1529
      vertex 21.3425 1.5 15.092
      vertex 21.3425 0.75 15.092
    endloop
  endfacet
  facet normal -0.573261 0 0.819373
    outer loop
      vertex 21.0189 1.5 14.8575
      vertex 21.1008 0.75 14.9148
      vertex 21.1008 1.5 14.9148
    endloop
  endfacet
  facet normal -0.573261 0 0.819373
    outer loop
      vertex 21.1008 0.75 14.9148
      vertex 21.0189 1.5 14.8575
      vertex 21.0189 0.75 14.8575
    endloop
  endfacet
  facet normal -0.527388 0 0.849625
    outer loop
      vertex 20.6004 1.5 14.5849
      vertex 20.6853 0.75 14.6376
      vertex 20.6853 1.5 14.6376
    endloop
  endfacet
  facet normal -0.527388 0 0.849625
    outer loop
      vertex 20.6853 0.75 14.6376
      vertex 20.6004 1.5 14.5849
      vertex 20.6004 0.75 14.5849
    endloop
  endfacet
  facet normal -0.48836 0 0.872643
    outer loop
      vertex 20.255 1.5 14.3839
      vertex 20.3422 0.75 14.4327
      vertex 20.3422 1.5 14.4327
    endloop
  endfacet
  facet normal -0.48836 0 0.872643
    outer loop
      vertex 20.3422 0.75 14.4327
      vertex 20.255 1.5 14.3839
      vertex 20.255 0.75 14.3839
    endloop
  endfacet
  facet normal -0.033015 0 0.999455
    outer loop
      vertex 16.1497 1.5 13.2635
      vertex 16.2496 0.75 13.2668
      vertex 16.2496 1.5 13.2668
    endloop
  endfacet
  facet normal -0.033015 0 0.999455
    outer loop
      vertex 16.2496 0.75 13.2668
      vertex 16.1497 1.5 13.2635
      vertex 16.1497 0.75 13.2635
    endloop
  endfacet
  facet normal -0.177211 0 0.984173
    outer loop
      vertex 17.441 1.5 13.3929
      vertex 17.5393 0.75 13.4106
      vertex 17.5393 1.5 13.4106
    endloop
  endfacet
  facet normal -0.177211 0 0.984173
    outer loop
      vertex 17.5393 0.75 13.4106
      vertex 17.441 1.5 13.3929
      vertex 17.441 0.75 13.3929
    endloop
  endfacet
  facet normal -0.166021 0 0.986122
    outer loop
      vertex 17.3424 1.5 13.3763
      vertex 17.441 0.75 13.3929
      vertex 17.441 1.5 13.3929
    endloop
  endfacet
  facet normal -0.166021 0 0.986122
    outer loop
      vertex 17.441 0.75 13.3929
      vertex 17.3424 1.5 13.3763
      vertex 17.3424 0.75 13.3763
    endloop
  endfacet
  facet normal -0.252422 0 0.967617
    outer loop
      vertex 18.1247 1.5 13.5393
      vertex 18.2213 0.75 13.5645
      vertex 18.2213 1.5 13.5645
    endloop
  endfacet
  facet normal -0.252422 0 0.967617
    outer loop
      vertex 18.2213 0.75 13.5645
      vertex 18.1247 1.5 13.5393
      vertex 18.1247 0.75 13.5393
    endloop
  endfacet
  facet normal -0.274192 0 0.961675
    outer loop
      vertex 18.3177 1.5 13.5908
      vertex 18.4138 0.75 13.6182
      vertex 18.4138 1.5 13.6182
    endloop
  endfacet
  facet normal -0.274192 0 0.961675
    outer loop
      vertex 18.4138 0.75 13.6182
      vertex 18.3177 1.5 13.5908
      vertex 18.3177 0.75 13.5908
    endloop
  endfacet
  facet normal 0.999985 0 -0.00550542
    outer loop
      vertex 6.90055 0.75 22.3599
      vertex 6.9 1.5 22.26
      vertex 6.90055 1.5 22.3599
    endloop
  endfacet
  facet normal 0.999985 0 -0.00550542
    outer loop
      vertex 6.9 1.5 22.26
      vertex 6.90055 0.75 22.3599
      vertex 6.9 0.75 22.26
    endloop
  endfacet
  facet normal 0.939521 -0 0.34249
    outer loop
      vertex 7.42768 0.75 19.2236
      vertex 7.46191 1.5 19.1297
      vertex 7.42768 1.5 19.2236
    endloop
  endfacet
  facet normal 0.939521 0 0.34249
    outer loop
      vertex 7.46191 1.5 19.1297
      vertex 7.42768 0.75 19.2236
      vertex 7.46191 0.75 19.1297
    endloop
  endfacet
  facet normal 0.985246 -0 0.171143
    outer loop
      vertex 7.02448 0.75 20.7683
      vertex 7.04159 1.5 20.6698
      vertex 7.02448 1.5 20.7683
    endloop
  endfacet
  facet normal 0.985246 0 0.171143
    outer loop
      vertex 7.04159 1.5 20.6698
      vertex 7.02448 0.75 20.7683
      vertex 7.04159 0.75 20.6698
    endloop
  endfacet
  facet normal 0.987073 -0 0.160274
    outer loop
      vertex 7.00847 0.75 20.8669
      vertex 7.02448 1.5 20.7683
      vertex 7.00847 1.5 20.8669
    endloop
  endfacet
  facet normal 0.987073 0 0.160274
    outer loop
      vertex 7.02448 1.5 20.7683
      vertex 7.00847 0.75 20.8669
      vertex 7.02448 0.75 20.7683
    endloop
  endfacet
  facet normal 0.968953 -0 0.247243
    outer loop
      vertex 7.16707 0.75 20.0838
      vertex 7.19177 1.5 19.987
      vertex 7.16707 1.5 20.0838
    endloop
  endfacet
  facet normal 0.968953 0 0.247243
    outer loop
      vertex 7.19177 1.5 19.987
      vertex 7.16707 0.75 20.0838
      vertex 7.19177 0.75 19.987
    endloop
  endfacet
  facet normal 0.963213 -0 0.268738
    outer loop
      vertex 7.21753 0.75 19.8904
      vertex 7.24437 1.5 19.7942
      vertex 7.21753 1.5 19.8904
    endloop
  endfacet
  facet normal 0.963213 0 0.268738
    outer loop
      vertex 7.24437 1.5 19.7942
      vertex 7.21753 0.75 19.8904
      vertex 7.24437 0.75 19.7942
    endloop
  endfacet
  facet normal 0.900662 -0 0.43452
    outer loop
      vertex 7.77279 0.75 18.3937
      vertex 7.81621 1.5 18.3037
      vertex 7.77279 1.5 18.3937
    endloop
  endfacet
  facet normal 0.900662 0 0.43452
    outer loop
      vertex 7.81621 1.5 18.3037
      vertex 7.77279 0.75 18.3937
      vertex 7.81621 0.75 18.3037
    endloop
  endfacet
  facet normal 0.852777 -0 0.522276
    outer loop
      vertex 8.19896 0.75 17.6023
      vertex 8.25114 1.5 17.5171
      vertex 8.19896 1.5 17.6023
    endloop
  endfacet
  facet normal 0.852777 0 0.522276
    outer loop
      vertex 8.25114 1.5 17.5171
      vertex 8.19896 0.75 17.6023
      vertex 8.25114 0.75 17.5171
    endloop
  endfacet
  facet normal 0.731887 -0 0.681426
    outer loop
      vertex 9.2767 0.75 16.1664
      vertex 9.34476 1.5 16.0933
      vertex 9.2767 1.5 16.1664
    endloop
  endfacet
  facet normal 0.731887 0 0.681426
    outer loop
      vertex 9.34476 1.5 16.0933
      vertex 9.2767 0.75 16.1664
      vertex 9.34476 0.75 16.0933
    endloop
  endfacet
  facet normal 0.789675 -0 0.613525
    outer loop
      vertex 8.76235 0.75 16.7778
      vertex 8.82365 1.5 16.6989
      vertex 8.76235 1.5 16.7778
    endloop
  endfacet
  facet normal 0.789675 0 0.613525
    outer loop
      vertex 8.82365 1.5 16.6989
      vertex 8.76235 0.75 16.7778
      vertex 8.82365 0.75 16.6989
    endloop
  endfacet
  facet normal 0.796577 -0 0.604538
    outer loop
      vertex 8.70194 0.75 16.8574
      vertex 8.76235 1.5 16.7778
      vertex 8.70194 1.5 16.8574
    endloop
  endfacet
  facet normal 0.796577 0 0.604538
    outer loop
      vertex 8.76235 1.5 16.7778
      vertex 8.70194 0.75 16.8574
      vertex 8.76235 0.75 16.7778
    endloop
  endfacet
  facet normal 0.327317 0 0.944915
    outer loop
      vertex 12.9107 1.5 13.771
      vertex 13.0051 0.75 13.7383
      vertex 13.0051 1.5 13.7383
    endloop
  endfacet
  facet normal 0.327317 0 0.944915
    outer loop
      vertex 13.0051 0.75 13.7383
      vertex 12.9107 1.5 13.771
      vertex 12.9107 0.75 13.771
    endloop
  endfacet
  facet normal 0.220322 0 0.975427
    outer loop
      vertex 13.8695 1.5 13.492
      vertex 13.9669 0.75 13.47
      vertex 13.9669 1.5 13.47
    endloop
  endfacet
  facet normal 0.220322 0 0.975427
    outer loop
      vertex 13.9669 0.75 13.47
      vertex 13.8695 1.5 13.492
      vertex 13.8695 0.75 13.492
    endloop
  endfacet
  facet normal 0.231215 0 0.972903
    outer loop
      vertex 13.7723 1.5 13.5151
      vertex 13.8695 0.75 13.492
      vertex 13.8695 1.5 13.492
    endloop
  endfacet
  facet normal 0.231215 0 0.972903
    outer loop
      vertex 13.8695 0.75 13.492
      vertex 13.7723 1.5 13.5151
      vertex 13.7723 0.75 13.5151
    endloop
  endfacet
  facet normal 0.306009 0 0.952029
    outer loop
      vertex 13.0998 1.5 13.7067
      vertex 13.195 0.75 13.6761
      vertex 13.195 1.5 13.6761
    endloop
  endfacet
  facet normal 0.306009 0 0.952029
    outer loop
      vertex 13.195 0.75 13.6761
      vertex 13.0998 1.5 13.7067
      vertex 13.0998 0.75 13.7067
    endloop
  endfacet
  facet normal 0.498509 0 0.866885
    outer loop
      vertex 11.3712 1.5 14.4825
      vertex 11.4578 0.75 14.4327
      vertex 11.4578 1.5 14.4327
    endloop
  endfacet
  facet normal 0.498509 0 0.866885
    outer loop
      vertex 11.4578 0.75 14.4327
      vertex 11.3712 1.5 14.4825
      vertex 11.3712 0.75 14.4825
    endloop
  endfacet
  facet normal 0.507414 0 0.861703
    outer loop
      vertex 11.2851 1.5 14.5332
      vertex 11.3712 0.75 14.4825
      vertex 11.3712 1.5 14.4825
    endloop
  endfacet
  facet normal 0.507414 0 0.861703
    outer loop
      vertex 11.3712 0.75 14.4825
      vertex 11.2851 1.5 14.5332
      vertex 11.2851 0.75 14.5332
    endloop
  endfacet
  facet normal 0.4092 0 0.912445
    outer loop
      vertex 12.1695 1.5 14.0695
      vertex 12.2607 0.75 14.0286
      vertex 12.2607 1.5 14.0286
    endloop
  endfacet
  facet normal 0.4092 0 0.912445
    outer loop
      vertex 12.2607 0.75 14.0286
      vertex 12.1695 1.5 14.0695
      vertex 12.1695 0.75 14.0695
    endloop
  endfacet
  facet normal 0.676798 0 0.736168
    outer loop
      vertex 9.76973 1.5 15.6706
      vertex 9.84326 0.75 15.603
      vertex 9.84326 1.5 15.603
    endloop
  endfacet
  facet normal 0.676798 0 0.736168
    outer loop
      vertex 9.84326 0.75 15.603
      vertex 9.76973 1.5 15.6706
      vertex 9.76973 0.75 15.6706
    endloop
  endfacet
  facet normal 0.660578 0 0.750757
    outer loop
      vertex 9.91753 1.5 15.5362
      vertex 9.99254 0.75 15.4702
      vertex 9.99254 1.5 15.4702
    endloop
  endfacet
  facet normal 0.660578 0 0.750757
    outer loop
      vertex 9.99254 0.75 15.4702
      vertex 9.91753 1.5 15.5362
      vertex 9.91753 0.75 15.5362
    endloop
  endfacet
  facet normal -0.999982 0 0.0060059
    outer loop
      vertex 24.8994 0.75 22.1601
      vertex 24.9 1.5 22.26
      vertex 24.8994 1.5 22.1601
    endloop
  endfacet
  facet normal -0.999982 0 0.0060059
    outer loop
      vertex 24.9 1.5 22.26
      vertex 24.8994 0.75 22.1601
      vertex 24.9 0.75 22.26
    endloop
  endfacet
  facet normal -0.999982 0 -0.0060059
    outer loop
      vertex 24.9 0.75 22.26
      vertex 24.8994 1.5 22.3599
      vertex 24.9 1.5 22.26
    endloop
  endfacet
  facet normal -0.999982 -0 -0.0060059
    outer loop
      vertex 24.8994 1.5 22.3599
      vertex 24.9 0.75 22.26
      vertex 24.8994 0.75 22.3599
    endloop
  endfacet
  facet normal -0.935546 0 -0.353206
    outer loop
      vertex 24.3381 0.75 25.3903
      vertex 24.3028 1.5 25.4838
      vertex 24.3381 1.5 25.3903
    endloop
  endfacet
  facet normal -0.935546 -0 -0.353206
    outer loop
      vertex 24.3028 1.5 25.4838
      vertex 24.3381 0.75 25.3903
      vertex 24.3028 0.75 25.4838
    endloop
  endfacet
  facet normal -0.998747 0 -0.0500374
    outer loop
      vertex 24.8911 0.75 22.6595
      vertex 24.8861 1.5 22.7593
      vertex 24.8911 1.5 22.6595
    endloop
  endfacet
  facet normal -0.998747 -0 -0.0500374
    outer loop
      vertex 24.8861 1.5 22.7593
      vertex 24.8911 0.75 22.6595
      vertex 24.8861 0.75 22.7593
    endloop
  endfacet
  facet normal -0.987088 0 -0.160177
    outer loop
      vertex 24.7915 0.75 23.6531
      vertex 24.7755 1.5 23.7517
      vertex 24.7915 1.5 23.6531
    endloop
  endfacet
  facet normal -0.987088 -0 -0.160177
    outer loop
      vertex 24.7755 1.5 23.7517
      vertex 24.7915 0.75 23.6531
      vertex 24.7755 0.75 23.7517
    endloop
  endfacet
  facet normal -0.995567 0 -0.0940536
    outer loop
      vertex 24.8645 0.75 23.0582
      vertex 24.8551 1.5 23.1577
      vertex 24.8645 1.5 23.0582
    endloop
  endfacet
  facet normal -0.995567 -0 -0.0940536
    outer loop
      vertex 24.8551 1.5 23.1577
      vertex 24.8645 0.75 23.0582
      vertex 24.8551 0.75 23.1577
    endloop
  endfacet
  facet normal -0.957218 0 -0.289368
    outer loop
      vertex 24.5277 0.75 24.8217
      vertex 24.4988 1.5 24.9173
      vertex 24.5277 1.5 24.8217
    endloop
  endfacet
  facet normal -0.957218 -0 -0.289368
    outer loop
      vertex 24.4988 1.5 24.9173
      vertex 24.5277 0.75 24.8217
      vertex 24.4988 0.75 24.9173
    endloop
  endfacet
  facet normal -0.981154 0 -0.193227
    outer loop
      vertex 24.7402 0.75 23.9484
      vertex 24.7209 1.5 24.0464
      vertex 24.7402 1.5 23.9484
    endloop
  endfacet
  facet normal -0.981154 -0 -0.193227
    outer loop
      vertex 24.7209 1.5 24.0464
      vertex 24.7402 0.75 23.9484
      vertex 24.7209 0.75 24.0464
    endloop
  endfacet
  facet normal -0.18725 0 -0.982312
    outer loop
      vertex 17.5393 0.75 31.1094
      vertex 17.6374 1.5 31.0907
      vertex 17.6374 0.75 31.0907
    endloop
  endfacet
  facet normal -0.18725 0 -0.982312
    outer loop
      vertex 17.6374 1.5 31.0907
      vertex 17.5393 0.75 31.1094
      vertex 17.5393 1.5 31.1094
    endloop
  endfacet
  facet normal -0.295423 0 -0.955367
    outer loop
      vertex 18.5096 0.75 30.8734
      vertex 18.605 1.5 30.8439
      vertex 18.605 0.75 30.8439
    endloop
  endfacet
  facet normal -0.295423 0 -0.955367
    outer loop
      vertex 18.605 1.5 30.8439
      vertex 18.5096 0.75 30.8734
      vertex 18.5096 1.5 30.8734
    endloop
  endfacet
  facet normal -0.231215 0 -0.972903
    outer loop
      vertex 17.9305 0.75 31.028
      vertex 18.0277 1.5 31.0049
      vertex 18.0277 0.75 31.0049
    endloop
  endfacet
  facet normal -0.231215 0 -0.972903
    outer loop
      vertex 18.0277 1.5 31.0049
      vertex 17.9305 0.75 31.028
      vertex 17.9305 1.5 31.028
    endloop
  endfacet
  facet normal -0.692949 0 -0.720987
    outer loop
      vertex 22.103 0.75 28.7809
      vertex 22.175 1.5 28.7117
      vertex 22.175 0.75 28.7117
    endloop
  endfacet
  facet normal -0.692949 0 -0.720987
    outer loop
      vertex 22.175 1.5 28.7117
      vertex 22.103 0.75 28.7809
      vertex 22.103 1.5 28.7809
    endloop
  endfacet
  facet normal -0.573261 0 -0.819373
    outer loop
      vertex 21.0189 0.75 29.6625
      vertex 21.1008 1.5 29.6052
      vertex 21.1008 0.75 29.6052
    endloop
  endfacet
  facet normal -0.573261 0 -0.819373
    outer loop
      vertex 21.1008 1.5 29.6052
      vertex 21.0189 0.75 29.6625
      vertex 21.0189 1.5 29.6625
    endloop
  endfacet
  facet normal -0.479343 0 -0.877628
    outer loop
      vertex 20.1673 0.75 30.184
      vertex 20.255 1.5 30.1361
      vertex 20.255 0.75 30.1361
    endloop
  endfacet
  facet normal -0.479343 0 -0.877628
    outer loop
      vertex 20.255 1.5 30.1361
      vertex 20.1673 0.75 30.184
      vertex 20.1673 1.5 30.184
    endloop
  endfacet
  facet normal -0.439587 0 -0.8982
    outer loop
      vertex 19.8114 0.75 30.3656
      vertex 19.9011 1.5 30.3217
      vertex 19.9011 0.75 30.3217
    endloop
  endfacet
  facet normal -0.439587 0 -0.8982
    outer loop
      vertex 19.9011 1.5 30.3217
      vertex 19.8114 0.75 30.3656
      vertex 19.8114 1.5 30.3656
    endloop
  endfacet
  facet normal -0.890795 0 -0.454406
    outer loop
      vertex 23.9394 0.75 26.3058
      vertex 23.894 1.5 26.3948
      vertex 23.9394 1.5 26.3058
    endloop
  endfacet
  facet normal -0.890795 -0 -0.454406
    outer loop
      vertex 23.894 1.5 26.3948
      vertex 23.9394 0.75 26.3058
      vertex 23.894 0.75 26.3948
    endloop
  endfacet
  facet normal -0.783111 0 -0.621882
    outer loop
      vertex 22.9763 0.75 27.8211
      vertex 22.9142 1.5 27.8993
      vertex 22.9763 1.5 27.8211
    endloop
  endfacet
  facet normal -0.783111 -0 -0.621882
    outer loop
      vertex 22.9142 1.5 27.8993
      vertex 22.9763 0.75 27.8211
      vertex 22.9142 0.75 27.8993
    endloop
  endfacet
  facet normal 0 0 -1
    outer loop
      vertex 15.85 0.75 31.2599
      vertex 15.95 1.5 31.2599
      vertex 15.95 0.75 31.2599
    endloop
  endfacet
  facet normal -0 0 -1
    outer loop
      vertex 15.95 1.5 31.2599
      vertex 15.85 0.75 31.2599
      vertex 15.85 1.5 31.2599
    endloop
  endfacet
  facet normal 0.0880983 0 -0.996112
    outer loop
      vertex 15.052 0.75 31.22
      vertex 15.1515 1.5 31.2288
      vertex 15.1515 0.75 31.2288
    endloop
  endfacet
  facet normal 0.0880983 0 -0.996112
    outer loop
      vertex 15.1515 1.5 31.2288
      vertex 15.052 0.75 31.22
      vertex 15.052 1.5 31.22
    endloop
  endfacet
  facet normal 0.327317 0 -0.944915
    outer loop
      vertex 12.9107 0.75 30.749
      vertex 13.0051 1.5 30.7817
      vertex 13.0051 0.75 30.7817
    endloop
  endfacet
  facet normal 0.327317 0 -0.944915
    outer loop
      vertex 13.0051 1.5 30.7817
      vertex 12.9107 0.75 30.749
      vertex 12.9107 1.5 30.749
    endloop
  endfacet
  facet normal 0.198039 0 -0.980194
    outer loop
      vertex 14.0646 0.75 31.0709
      vertex 14.1626 1.5 31.0907
      vertex 14.1626 0.75 31.0907
    endloop
  endfacet
  facet normal 0.198039 0 -0.980194
    outer loop
      vertex 14.1626 1.5 31.0907
      vertex 14.0646 0.75 31.0709
      vertex 14.0646 1.5 31.0709
    endloop
  endfacet
  facet normal 0.388594 0 -0.921409
    outer loop
      vertex 12.3523 0.75 30.5313
      vertex 12.4443 1.5 30.5701
      vertex 12.4443 0.75 30.5701
    endloop
  endfacet
  facet normal 0.388594 0 -0.921409
    outer loop
      vertex 12.4443 1.5 30.5701
      vertex 12.3523 0.75 30.5313
      vertex 12.3523 1.5 30.5313
    endloop
  endfacet
  facet normal 0.469497 0 -0.882934
    outer loop
      vertex 11.6327 0.75 30.184
      vertex 11.7209 1.5 30.2309
      vertex 11.7209 0.75 30.2309
    endloop
  endfacet
  facet normal 0.469497 0 -0.882934
    outer loop
      vertex 11.7209 1.5 30.2309
      vertex 11.6327 0.75 30.184
      vertex 11.6327 1.5 30.184
    endloop
  endfacet
  facet normal 0.635251 0 -0.772306
    outer loop
      vertex 10.1447 0.75 29.1793
      vertex 10.2219 1.5 29.2428
      vertex 10.2219 0.75 29.2428
    endloop
  endfacet
  facet normal 0.635251 0 -0.772306
    outer loop
      vertex 10.2219 1.5 29.2428
      vertex 10.1447 0.75 29.1793
      vertex 10.1447 1.5 29.1793
    endloop
  endfacet
  facet normal 0.927577 0 -0.373632
    outer loop
      vertex 7.57082 0.75 25.6695
      vertex 7.53348 1.5 25.5768
      vertex 7.57082 1.5 25.6695
    endloop
  endfacet
  facet normal 0.927577 0 -0.373632
    outer loop
      vertex 7.53348 1.5 25.5768
      vertex 7.57082 0.75 25.6695
      vertex 7.53348 0.75 25.5768
    endloop
  endfacet
  facet normal 0.953769 0 -0.300542
    outer loop
      vertex 7.33128 0.75 25.0126
      vertex 7.30125 1.5 24.9173
      vertex 7.33128 1.5 25.0126
    endloop
  endfacet
  facet normal 0.953769 0 -0.300542
    outer loop
      vertex 7.30125 1.5 24.9173
      vertex 7.33128 0.75 25.0126
      vertex 7.30125 0.75 24.9173
    endloop
  endfacet
  facet normal 0.983255 0 -0.182233
    outer loop
      vertex 7.05979 0.75 23.9484
      vertex 7.04159 1.5 23.8502
      vertex 7.05979 1.5 23.9484
    endloop
  endfacet
  facet normal 0.983255 0 -0.182233
    outer loop
      vertex 7.04159 1.5 23.8502
      vertex 7.05979 0.75 23.9484
      vertex 7.04159 0.75 23.8502
    endloop
  endfacet
  facet normal 0.834858 0 -0.550466
    outer loop
      vertex 8.41331 0.75 27.2549
      vertex 8.35832 1.5 27.1715
      vertex 8.41331 1.5 27.2549
    endloop
  endfacet
  facet normal 0.834858 0 -0.550466
    outer loop
      vertex 8.35832 1.5 27.1715
      vertex 8.41331 0.75 27.2549
      vertex 8.35832 0.75 27.1715
    endloop
  endfacet
  facet normal 0.875264 0 -0.483646
    outer loop
      vertex 8.04815 0.75 26.6587
      vertex 7.9998 1.5 26.5712
      vertex 8.04815 1.5 26.6587
    endloop
  endfacet
  facet normal 0.875264 0 -0.483646
    outer loop
      vertex 7.9998 1.5 26.5712
      vertex 8.04815 0.75 26.6587
      vertex 7.9998 0.75 26.5712
    endloop
  endfacet
  facet normal -0.999872 0 0.016014
    outer loop
      vertex 24.8978 0.75 22.0602
      vertex 24.8994 1.5 22.1601
      vertex 24.8978 1.5 22.0602
    endloop
  endfacet
  facet normal -0.999872 0 0.016014
    outer loop
      vertex 24.8994 1.5 22.1601
      vertex 24.8978 0.75 22.0602
      vertex 24.8994 0.75 22.1601
    endloop
  endfacet
  facet normal -0.985263 0 0.171046
    outer loop
      vertex 24.7584 0.75 20.6698
      vertex 24.7755 1.5 20.7683
      vertex 24.7584 1.5 20.6698
    endloop
  endfacet
  facet normal -0.985263 0 0.171046
    outer loop
      vertex 24.7755 1.5 20.7683
      vertex 24.7584 0.75 20.6698
      vertex 24.7755 0.75 20.7683
    endloop
  endfacet
  facet normal -0.993246 0 0.116029
    outer loop
      vertex 24.833 0.75 21.1637
      vertex 24.8446 1.5 21.263
      vertex 24.833 1.5 21.1637
    endloop
  endfacet
  facet normal -0.993246 0 0.116029
    outer loop
      vertex 24.8446 1.5 21.263
      vertex 24.833 0.75 21.1637
      vertex 24.8446 0.75 21.263
    endloop
  endfacet
  facet normal -0.987088 0 0.160177
    outer loop
      vertex 24.7755 0.75 20.7683
      vertex 24.7915 1.5 20.8669
      vertex 24.7755 1.5 20.7683
    endloop
  endfacet
  facet normal -0.987088 0 0.160177
    outer loop
      vertex 24.7915 1.5 20.8669
      vertex 24.7755 0.75 20.7683
      vertex 24.7915 0.75 20.8669
    endloop
  endfacet
  facet normal -0.923284 0 0.384118
    outer loop
      vertex 24.1908 0.75 18.7582
      vertex 24.2292 1.5 18.8505
      vertex 24.1908 1.5 18.7582
    endloop
  endfacet
  facet normal -0.923284 0 0.384118
    outer loop
      vertex 24.2292 1.5 18.8505
      vertex 24.1908 0.75 18.7582
      vertex 24.2292 0.75 18.8505
    endloop
  endfacet
  facet normal -0.95037 0 0.311121
    outer loop
      vertex 24.4376 0.75 19.4124
      vertex 24.4687 1.5 19.5074
      vertex 24.4376 1.5 19.4124
    endloop
  endfacet
  facet normal -0.95037 0 0.311121
    outer loop
      vertex 24.4687 1.5 19.5074
      vertex 24.4376 0.75 19.4124
      vertex 24.4687 0.75 19.5074
    endloop
  endfacet
  facet normal -0.946968 0 0.321328
    outer loop
      vertex 24.4055 0.75 19.3178
      vertex 24.4376 1.5 19.4124
      vertex 24.4055 1.5 19.3178
    endloop
  endfacet
  facet normal -0.946968 0 0.321328
    outer loop
      vertex 24.4376 1.5 19.4124
      vertex 24.4055 0.75 19.3178
      vertex 24.4376 0.75 19.4124
    endloop
  endfacet
  facet normal -0.957218 0 0.289368
    outer loop
      vertex 24.4988 0.75 19.6027
      vertex 24.5277 1.5 19.6983
      vertex 24.4988 1.5 19.6027
    endloop
  endfacet
  facet normal -0.957218 0 0.289368
    outer loop
      vertex 24.5277 1.5 19.6983
      vertex 24.4988 0.75 19.6027
      vertex 24.5277 0.75 19.6983
    endloop
  endfacet
  facet normal -0.966384 0 0.257102
    outer loop
      vertex 24.5825 0.75 19.8904
      vertex 24.6082 1.5 19.987
      vertex 24.5825 1.5 19.8904
    endloop
  endfacet
  facet normal -0.966384 0 0.257102
    outer loop
      vertex 24.6082 1.5 19.987
      vertex 24.5825 0.75 19.8904
      vertex 24.6082 0.75 19.987
    endloop
  endfacet
  facet normal -0.968953 0 0.247243
    outer loop
      vertex 24.6082 0.75 19.987
      vertex 24.6329 1.5 20.0838
      vertex 24.6082 1.5 19.987
    endloop
  endfacet
  facet normal -0.968953 0 0.247243
    outer loop
      vertex 24.6329 1.5 20.0838
      vertex 24.6082 0.75 19.987
      vertex 24.6329 0.75 20.0838
    endloop
  endfacet
  facet normal -0.971711 0 0.236173
    outer loop
      vertex 24.6329 0.75 20.0838
      vertex 24.6565 1.5 20.1809
      vertex 24.6329 1.5 20.0838
    endloop
  endfacet
  facet normal -0.971711 0 0.236173
    outer loop
      vertex 24.6565 1.5 20.1809
      vertex 24.6329 0.75 20.0838
      vertex 24.6565 0.75 20.1809
    endloop
  endfacet
  facet normal -0.976795 0 0.214174
    outer loop
      vertex 24.6791 0.75 20.2782
      vertex 24.7005 1.5 20.3758
      vertex 24.6791 1.5 20.2782
    endloop
  endfacet
  facet normal -0.976795 0 0.214174
    outer loop
      vertex 24.7005 1.5 20.3758
      vertex 24.6791 0.75 20.2782
      vertex 24.7005 0.75 20.3758
    endloop
  endfacet
  facet normal -0.914635 0 0.404281
    outer loop
      vertex 24.111 0.75 18.575
      vertex 24.1514 1.5 18.6664
      vertex 24.111 1.5 18.575
    endloop
  endfacet
  facet normal -0.914635 0 0.404281
    outer loop
      vertex 24.1514 1.5 18.6664
      vertex 24.111 0.75 18.575
      vertex 24.1514 0.75 18.6664
    endloop
  endfacet
  facet normal -0.910058 0 0.414482
    outer loop
      vertex 24.0696 0.75 18.4841
      vertex 24.111 1.5 18.575
      vertex 24.0696 1.5 18.4841
    endloop
  endfacet
  facet normal -0.910058 0 0.414482
    outer loop
      vertex 24.111 1.5 18.575
      vertex 24.0696 0.75 18.4841
      vertex 24.111 0.75 18.575
    endloop
  endfacet
  facet normal -0.890795 0 0.454406
    outer loop
      vertex 23.894 0.75 18.1252
      vertex 23.9394 1.5 18.2142
      vertex 23.894 1.5 18.1252
    endloop
  endfacet
  facet normal -0.890795 0 0.454406
    outer loop
      vertex 23.9394 1.5 18.2142
      vertex 23.894 0.75 18.1252
      vertex 23.9394 0.75 18.2142
    endloop
  endfacet
  facet normal -0.880182 0 0.474637
    outer loop
      vertex 23.8002 0.75 17.9488
      vertex 23.8476 1.5 18.0367
      vertex 23.8002 1.5 17.9488
    endloop
  endfacet
  facet normal -0.880182 0 0.474637
    outer loop
      vertex 23.8476 1.5 18.0367
      vertex 23.8002 0.75 17.9488
      vertex 23.8476 0.75 18.0367
    endloop
  endfacet
  facet normal -0.869349 0 0.494198
    outer loop
      vertex 23.7025 0.75 17.7744
      vertex 23.7519 1.5 17.8613
      vertex 23.7025 1.5 17.7744
    endloop
  endfacet
  facet normal -0.869349 0 0.494198
    outer loop
      vertex 23.7519 1.5 17.8613
      vertex 23.7025 0.75 17.7744
      vertex 23.7519 0.75 17.8613
    endloop
  endfacet
  facet normal -0.864396 0 0.502812
    outer loop
      vertex 23.6523 0.75 17.6881
      vertex 23.7025 1.5 17.7744
      vertex 23.6523 1.5 17.6881
    endloop
  endfacet
  facet normal -0.864396 0 0.502812
    outer loop
      vertex 23.7025 1.5 17.7744
      vertex 23.6523 0.75 17.6881
      vertex 23.7025 0.75 17.7744
    endloop
  endfacet
  facet normal -0.853133 0 0.521693
    outer loop
      vertex 23.5489 0.75 17.5171
      vertex 23.601 1.5 17.6023
      vertex 23.5489 1.5 17.5171
    endloop
  endfacet
  facet normal -0.853133 0 0.521693
    outer loop
      vertex 23.601 1.5 17.6023
      vertex 23.5489 0.75 17.5171
      vertex 23.601 0.75 17.6023
    endloop
  endfacet
  facet normal -0.769206 0 0.639001
    outer loop
      vertex 22.7873 0.75 16.4664
      vertex 22.8511 1.5 16.5432
      vertex 22.7873 1.5 16.4664
    endloop
  endfacet
  facet normal -0.769206 0 0.639001
    outer loop
      vertex 22.8511 1.5 16.5432
      vertex 22.7873 0.75 16.4664
      vertex 22.8511 0.75 16.5432
    endloop
  endfacet
  facet normal -0.796143 0 0.605109
    outer loop
      vertex 23.0376 0.75 16.7778
      vertex 23.0981 1.5 16.8574
      vertex 23.0376 1.5 16.7778
    endloop
  endfacet
  facet normal -0.796143 0 0.605109
    outer loop
      vertex 23.0981 1.5 16.8574
      vertex 23.0376 0.75 16.7778
      vertex 23.0981 0.75 16.8574
    endloop
  endfacet
  facet normal -0.803469 0 0.595347
    outer loop
      vertex 23.0981 0.75 16.8574
      vertex 23.1576 1.5 16.9377
      vertex 23.0981 1.5 16.8574
    endloop
  endfacet
  facet normal -0.803469 0 0.595347
    outer loop
      vertex 23.1576 1.5 16.9377
      vertex 23.0981 0.75 16.8574
      vertex 23.1576 0.75 16.9377
    endloop
  endfacet
  facet normal -0.809515 0 0.587099
    outer loop
      vertex 23.1576 0.75 16.9377
      vertex 23.2162 1.5 17.0185
      vertex 23.1576 1.5 16.9377
    endloop
  endfacet
  facet normal -0.809515 0 0.587099
    outer loop
      vertex 23.2162 1.5 17.0185
      vertex 23.1576 0.75 16.9377
      vertex 23.2162 0.75 17.0185
    endloop
  endfacet
  facet normal -0.822696 0 0.568481
    outer loop
      vertex 23.274 0.75 17.1001
      vertex 23.3308 1.5 17.1823
      vertex 23.274 1.5 17.1001
    endloop
  endfacet
  facet normal -0.822696 0 0.568481
    outer loop
      vertex 23.3308 1.5 17.1823
      vertex 23.274 0.75 17.1001
      vertex 23.3308 0.75 17.1823
    endloop
  endfacet
  facet normal -0.739849 0 0.672772
    outer loop
      vertex 22.5233 0.75 16.1664
      vertex 22.5905 1.5 16.2403
      vertex 22.5233 1.5 16.1664
    endloop
  endfacet
  facet normal -0.739849 0 0.672772
    outer loop
      vertex 22.5905 1.5 16.2403
      vertex 22.5233 0.75 16.1664
      vertex 22.5905 0.75 16.2403
    endloop
  endfacet
  facet normal -0.761371 0 0.648316
    outer loop
      vertex 22.7225 0.75 16.3903
      vertex 22.7873 1.5 16.4664
      vertex 22.7225 1.5 16.3903
    endloop
  endfacet
  facet normal -0.761371 0 0.648316
    outer loop
      vertex 22.7873 1.5 16.4664
      vertex 22.7225 0.75 16.3903
      vertex 22.7873 0.75 16.4664
    endloop
  endfacet
  facet normal -0.731687 0 0.68164
    outer loop
      vertex 22.4552 0.75 16.0933
      vertex 22.5233 1.5 16.1664
      vertex 22.4552 1.5 16.0933
    endloop
  endfacet
  facet normal -0.731687 0 0.68164
    outer loop
      vertex 22.5233 1.5 16.1664
      vertex 22.4552 0.75 16.0933
      vertex 22.5233 0.75 16.1664
    endloop
  endfacet
  facet normal -0.709107 0 0.705101
    outer loop
      vertex 22.2463 0.75 15.8784
      vertex 22.3167 1.5 15.9492
      vertex 22.2463 1.5 15.8784
    endloop
  endfacet
  facet normal -0.709107 0 0.705101
    outer loop
      vertex 22.3167 1.5 15.9492
      vertex 22.2463 0.75 15.8784
      vertex 22.3167 0.75 15.9492
    endloop
  endfacet
  facet normal -0.717037 0 0.697036
    outer loop
      vertex 22.3167 0.75 15.9492
      vertex 22.3864 1.5 16.0209
      vertex 22.3167 1.5 15.9492
    endloop
  endfacet
  facet normal -0.717037 0 0.697036
    outer loop
      vertex 22.3864 1.5 16.0209
      vertex 22.3167 0.75 15.9492
      vertex 22.3864 0.75 16.0209
    endloop
  endfacet
  facet normal -0.701081 0 0.713082
    outer loop
      vertex 22.175 1.5 15.8083
      vertex 22.2463 0.75 15.8784
      vertex 22.2463 1.5 15.8784
    endloop
  endfacet
  facet normal -0.701081 0 0.713082
    outer loop
      vertex 22.2463 0.75 15.8784
      vertex 22.175 1.5 15.8083
      vertex 22.175 0.75 15.8083
    endloop
  endfacet
  facet normal -0.685771 0 0.727818
    outer loop
      vertex 22.0303 1.5 15.6706
      vertex 22.103 0.75 15.7391
      vertex 22.103 1.5 15.7391
    endloop
  endfacet
  facet normal -0.685771 0 0.727818
    outer loop
      vertex 22.103 0.75 15.7391
      vertex 22.0303 1.5 15.6706
      vertex 22.0303 0.75 15.6706
    endloop
  endfacet
  facet normal -0 0 1
    outer loop
      vertex 15.85 1.5 13.2601
      vertex 15.95 0.75 13.2601
      vertex 15.95 1.5 13.2601
    endloop
  endfacet
  facet normal 0 0 1
    outer loop
      vertex 15.95 0.75 13.2601
      vertex 15.85 1.5 13.2601
      vertex 15.85 0.75 13.2601
    endloop
  endfacet
  facet normal -0.669075 0 0.743195
    outer loop
      vertex 21.8825 1.5 15.5362
      vertex 21.9567 0.75 15.603
      vertex 21.9567 1.5 15.603
    endloop
  endfacet
  facet normal -0.669075 0 0.743195
    outer loop
      vertex 21.9567 0.75 15.603
      vertex 21.8825 1.5 15.5362
      vertex 21.8825 0.75 15.5362
    endloop
  endfacet
  facet normal -0.676449 0 0.736489
    outer loop
      vertex 21.9567 1.5 15.603
      vertex 22.0303 0.75 15.6706
      vertex 22.0303 1.5 15.6706
    endloop
  endfacet
  facet normal -0.676449 0 0.736489
    outer loop
      vertex 22.0303 0.75 15.6706
      vertex 21.9567 1.5 15.603
      vertex 21.9567 0.75 15.603
    endloop
  endfacet
  facet normal -0.652108 0 0.758126
    outer loop
      vertex 21.7317 1.5 15.405
      vertex 21.8075 0.75 15.4702
      vertex 21.8075 1.5 15.4702
    endloop
  endfacet
  facet normal -0.652108 0 0.758126
    outer loop
      vertex 21.8075 0.75 15.4702
      vertex 21.7317 1.5 15.405
      vertex 21.7317 0.75 15.405
    endloop
  endfacet
  facet normal -0.626402 0 0.7795
    outer loop
      vertex 21.5002 1.5 15.2146
      vertex 21.5781 0.75 15.2772
      vertex 21.5781 1.5 15.2772
    endloop
  endfacet
  facet normal -0.626402 0 0.7795
    outer loop
      vertex 21.5781 0.75 15.2772
      vertex 21.5002 1.5 15.2146
      vertex 21.5002 0.75 15.2146
    endloop
  endfacet
  facet normal -0.5547 0 0.83205
    outer loop
      vertex 20.8533 1.5 14.7457
      vertex 20.9364 0.75 14.8011
      vertex 20.9364 1.5 14.8011
    endloop
  endfacet
  facet normal -0.5547 0 0.83205
    outer loop
      vertex 20.9364 0.75 14.8011
      vertex 20.8533 1.5 14.7457
      vertex 20.8533 0.75 14.7457
    endloop
  endfacet
  facet normal -0.582563 0 0.812786
    outer loop
      vertex 21.1008 1.5 14.9148
      vertex 21.182 0.75 14.973
      vertex 21.182 1.5 14.973
    endloop
  endfacet
  facet normal -0.582563 0 0.812786
    outer loop
      vertex 21.182 0.75 14.973
      vertex 21.1008 1.5 14.9148
      vertex 21.1008 0.75 14.9148
    endloop
  endfacet
  facet normal -0.599359 0 0.80048
    outer loop
      vertex 21.2625 1.5 15.0321
      vertex 21.3425 0.75 15.092
      vertex 21.3425 1.5 15.092
    endloop
  endfacet
  facet normal -0.599359 0 0.80048
    outer loop
      vertex 21.3425 0.75 15.092
      vertex 21.2625 1.5 15.0321
      vertex 21.2625 0.75 15.0321
    endloop
  endfacet
  facet normal -0.617954 0 0.786214
    outer loop
      vertex 21.4217 1.5 15.1529
      vertex 21.5002 0.75 15.2146
      vertex 21.5002 1.5 15.2146
    endloop
  endfacet
  facet normal -0.617954 0 0.786214
    outer loop
      vertex 21.5002 0.75 15.2146
      vertex 21.4217 1.5 15.1529
      vertex 21.4217 0.75 15.1529
    endloop
  endfacet
  facet normal -0.591798 0 0.806087
    outer loop
      vertex 21.182 1.5 14.973
      vertex 21.2625 0.75 15.0321
      vertex 21.2625 1.5 15.0321
    endloop
  endfacet
  facet normal -0.591798 0 0.806087
    outer loop
      vertex 21.2625 0.75 15.0321
      vertex 21.182 1.5 14.973
      vertex 21.182 0.75 14.973
    endloop
  endfacet
  facet normal -0.399348 0 0.916799
    outer loop
      vertex 19.4477 1.5 13.9887
      vertex 19.5393 0.75 14.0286
      vertex 19.5393 1.5 14.0286
    endloop
  endfacet
  facet normal -0.399348 0 0.916799
    outer loop
      vertex 19.5393 0.75 14.0286
      vertex 19.4477 1.5 13.9887
      vertex 19.4477 0.75 13.9887
    endloop
  endfacet
  facet normal -0.449213 0 0.893424
    outer loop
      vertex 19.9011 1.5 14.1983
      vertex 19.9904 0.75 14.2432
      vertex 19.9904 1.5 14.2432
    endloop
  endfacet
  facet normal -0.449213 0 0.893424
    outer loop
      vertex 19.9904 0.75 14.2432
      vertex 19.9011 1.5 14.1983
      vertex 19.9011 0.75 14.1983
    endloop
  endfacet
  facet normal -0.4092 0 0.912445
    outer loop
      vertex 19.5393 1.5 14.0286
      vertex 19.6305 0.75 14.0695
      vertex 19.6305 1.5 14.0695
    endloop
  endfacet
  facet normal -0.4092 0 0.912445
    outer loop
      vertex 19.6305 0.75 14.0695
      vertex 19.5393 1.5 14.0286
      vertex 19.5393 0.75 14.0286
    endloop
  endfacet
  facet normal -0.388594 0 0.921409
    outer loop
      vertex 19.3557 1.5 13.9499
      vertex 19.4477 0.75 13.9887
      vertex 19.4477 1.5 13.9887
    endloop
  endfacet
  facet normal -0.388594 0 0.921409
    outer loop
      vertex 19.4477 0.75 13.9887
      vertex 19.3557 1.5 13.9499
      vertex 19.3557 0.75 13.9499
    endloop
  endfacet
  facet normal -0.469497 0 0.882934
    outer loop
      vertex 20.0791 1.5 14.2891
      vertex 20.1673 0.75 14.336
      vertex 20.1673 1.5 14.336
    endloop
  endfacet
  facet normal -0.469497 0 0.882934
    outer loop
      vertex 20.1673 0.75 14.336
      vertex 20.0791 1.5 14.2891
      vertex 20.0791 0.75 14.2891
    endloop
  endfacet
  facet normal -0.498509 0 0.866885
    outer loop
      vertex 20.3422 1.5 14.4327
      vertex 20.4288 0.75 14.4825
      vertex 20.4288 1.5 14.4825
    endloop
  endfacet
  facet normal -0.498509 0 0.866885
    outer loop
      vertex 20.4288 0.75 14.4825
      vertex 20.3422 1.5 14.4327
      vertex 20.3422 0.75 14.4327
    endloop
  endfacet
  facet normal -0.507414 0 0.861703
    outer loop
      vertex 20.4288 1.5 14.4825
      vertex 20.5149 0.75 14.5332
      vertex 20.5149 1.5 14.5332
    endloop
  endfacet
  facet normal -0.507414 0 0.861703
    outer loop
      vertex 20.5149 0.75 14.5332
      vertex 20.4288 1.5 14.4825
      vertex 20.4288 0.75 14.4825
    endloop
  endfacet
  facet normal -0.517436 0 0.855722
    outer loop
      vertex 20.5149 1.5 14.5332
      vertex 20.6004 0.75 14.5849
      vertex 20.6004 1.5 14.5849
    endloop
  endfacet
  facet normal -0.517436 0 0.855722
    outer loop
      vertex 20.6004 0.75 14.5849
      vertex 20.5149 1.5 14.5332
      vertex 20.5149 0.75 14.5332
    endloop
  endfacet
  facet normal -0.536552 0 0.843868
    outer loop
      vertex 20.6853 1.5 14.6376
      vertex 20.7696 0.75 14.6912
      vertex 20.7696 1.5 14.6912
    endloop
  endfacet
  facet normal -0.536552 0 0.843868
    outer loop
      vertex 20.7696 0.75 14.6912
      vertex 20.6853 1.5 14.6376
      vertex 20.6853 0.75 14.6376
    endloop
  endfacet
  facet normal -0.358576 0 0.9335
    outer loop
      vertex 19.0771 1.5 13.8394
      vertex 19.1703 0.75 13.8752
      vertex 19.1703 1.5 13.8752
    endloop
  endfacet
  facet normal -0.358576 0 0.9335
    outer loop
      vertex 19.1703 0.75 13.8752
      vertex 19.0771 1.5 13.8394
      vertex 19.0771 0.75 13.8394
    endloop
  endfacet
  facet normal -0.368283 0 0.929714
    outer loop
      vertex 19.1703 1.5 13.8752
      vertex 19.2632 0.75 13.912
      vertex 19.2632 1.5 13.912
    endloop
  endfacet
  facet normal -0.368283 0 0.929714
    outer loop
      vertex 19.2632 0.75 13.912
      vertex 19.1703 1.5 13.8752
      vertex 19.1703 0.75 13.8752
    endloop
  endfacet
  facet normal -0.18725 0 0.982312
    outer loop
      vertex 17.5393 1.5 13.4106
      vertex 17.6374 0.75 13.4293
      vertex 17.6374 1.5 13.4293
    endloop
  endfacet
  facet normal -0.18725 0 0.982312
    outer loop
      vertex 17.6374 0.75 13.4293
      vertex 17.5393 1.5 13.4106
      vertex 17.5393 0.75 13.4106
    endloop
  endfacet
  facet normal -0.0440454 0 0.99903
    outer loop
      vertex 16.2496 1.5 13.2668
      vertex 16.3494 0.75 13.2712
      vertex 16.3494 1.5 13.2712
    endloop
  endfacet
  facet normal -0.0440454 0 0.99903
    outer loop
      vertex 16.3494 0.75 13.2712
      vertex 16.2496 1.5 13.2668
      vertex 16.2496 0.75 13.2668
    endloop
  endfacet
  facet normal -0.154163 0 0.988045
    outer loop
      vertex 17.2437 1.5 13.3609
      vertex 17.3424 0.75 13.3763
      vertex 17.3424 1.5 13.3763
    endloop
  endfacet
  facet normal -0.154163 0 0.988045
    outer loop
      vertex 17.3424 0.75 13.3763
      vertex 17.2437 1.5 13.3609
      vertex 17.2437 0.75 13.3609
    endloop
  endfacet
  facet normal -0.100098 0 0.994978
    outer loop
      vertex 16.748 1.5 13.3
      vertex 16.8474 0.75 13.31
      vertex 16.8474 1.5 13.31
    endloop
  endfacet
  facet normal -0.100098 0 0.994978
    outer loop
      vertex 16.8474 0.75 13.31
      vertex 16.748 1.5 13.3
      vertex 16.748 0.75 13.3
    endloop
  endfacet
  facet normal -0.144225 0 0.989545
    outer loop
      vertex 17.1449 1.5 13.3465
      vertex 17.2437 0.75 13.3609
      vertex 17.2437 1.5 13.3609
    endloop
  endfacet
  facet normal -0.144225 0 0.989545
    outer loop
      vertex 17.2437 0.75 13.3609
      vertex 17.1449 1.5 13.3465
      vertex 17.1449 0.75 13.3465
    endloop
  endfacet
  facet normal -0.111091 0 0.99381
    outer loop
      vertex 16.8474 1.5 13.31
      vertex 16.9467 0.75 13.3211
      vertex 16.9467 1.5 13.3211
    endloop
  endfacet
  facet normal -0.111091 0 0.99381
    outer loop
      vertex 16.9467 0.75 13.3211
      vertex 16.8474 1.5 13.31
      vertex 16.8474 0.75 13.31
    endloop
  endfacet
  facet normal -0.133015 0 0.991114
    outer loop
      vertex 17.0458 1.5 13.3332
      vertex 17.1449 0.75 13.3465
      vertex 17.1449 1.5 13.3465
    endloop
  endfacet
  facet normal -0.133015 0 0.991114
    outer loop
      vertex 17.1449 0.75 13.3465
      vertex 17.0458 1.5 13.3332
      vertex 17.0458 0.75 13.3332
    endloop
  endfacet
  facet normal -0.0880983 0 0.996112
    outer loop
      vertex 16.6485 1.5 13.2912
      vertex 16.748 0.75 13.3
      vertex 16.748 1.5 13.3
    endloop
  endfacet
  facet normal -0.0880983 0 0.996112
    outer loop
      vertex 16.748 0.75 13.3
      vertex 16.6485 1.5 13.2912
      vertex 16.6485 0.75 13.2912
    endloop
  endfacet
  facet normal -0.0661201 0 0.997812
    outer loop
      vertex 16.4492 1.5 13.2768
      vertex 16.5488 0.75 13.2834
      vertex 16.5488 1.5 13.2834
    endloop
  endfacet
  facet normal -0.0661201 0 0.997812
    outer loop
      vertex 16.5488 0.75 13.2834
      vertex 16.4492 1.5 13.2768
      vertex 16.4492 0.75 13.2768
    endloop
  endfacet
  facet normal -0.0779964 0 0.996954
    outer loop
      vertex 16.5488 1.5 13.2834
      vertex 16.6485 0.75 13.2912
      vertex 16.6485 1.5 13.2912
    endloop
  endfacet
  facet normal -0.0779964 0 0.996954
    outer loop
      vertex 16.6485 0.75 13.2912
      vertex 16.5488 1.5 13.2834
      vertex 16.5488 0.75 13.2834
    endloop
  endfacet
  facet normal -0.33716 0 0.941447
    outer loop
      vertex 18.8893 1.5 13.771
      vertex 18.9834 0.75 13.8047
      vertex 18.9834 1.5 13.8047
    endloop
  endfacet
  facet normal -0.33716 0 0.941447
    outer loop
      vertex 18.9834 0.75 13.8047
      vertex 18.8893 1.5 13.771
      vertex 18.8893 0.75 13.771
    endloop
  endfacet
  facet normal -0.347282 0 0.937761
    outer loop
      vertex 18.9834 1.5 13.8047
      vertex 19.0771 0.75 13.8394
      vertex 19.0771 1.5 13.8394
    endloop
  endfacet
  facet normal -0.347282 0 0.937761
    outer loop
      vertex 19.0771 0.75 13.8394
      vertex 18.9834 1.5 13.8047
      vertex 18.9834 0.75 13.8047
    endloop
  endfacet
  facet normal -0.295423 0 0.955367
    outer loop
      vertex 18.5096 1.5 13.6466
      vertex 18.605 0.75 13.6761
      vertex 18.605 1.5 13.6761
    endloop
  endfacet
  facet normal -0.295423 0 0.955367
    outer loop
      vertex 18.605 0.75 13.6761
      vertex 18.5096 1.5 13.6466
      vertex 18.5096 0.75 13.6466
    endloop
  endfacet
  facet normal -0.327317 0 0.944915
    outer loop
      vertex 18.7949 1.5 13.7383
      vertex 18.8893 0.75 13.771
      vertex 18.8893 1.5 13.771
    endloop
  endfacet
  facet normal -0.327317 0 0.944915
    outer loop
      vertex 18.8893 0.75 13.771
      vertex 18.7949 1.5 13.7383
      vertex 18.7949 0.75 13.7383
    endloop
  endfacet
  facet normal -0.316228 0 0.948683
    outer loop
      vertex 18.7001 1.5 13.7067
      vertex 18.7949 0.75 13.7383
      vertex 18.7949 1.5 13.7383
    endloop
  endfacet
  facet normal -0.316228 0 0.948683
    outer loop
      vertex 18.7949 0.75 13.7383
      vertex 18.7001 1.5 13.7067
      vertex 18.7001 0.75 13.7067
    endloop
  endfacet
  facet normal -0.220107 0 0.975476
    outer loop
      vertex 17.833 1.5 13.47
      vertex 17.9305 0.75 13.492
      vertex 17.9305 1.5 13.492
    endloop
  endfacet
  facet normal -0.220107 0 0.975476
    outer loop
      vertex 17.9305 0.75 13.492
      vertex 17.833 1.5 13.47
      vertex 17.833 0.75 13.47
    endloop
  endfacet
  facet normal -0.209392 0 0.977832
    outer loop
      vertex 17.7354 1.5 13.4491
      vertex 17.833 0.75 13.47
      vertex 17.833 1.5 13.47
    endloop
  endfacet
  facet normal -0.209392 0 0.977832
    outer loop
      vertex 17.833 0.75 13.47
      vertex 17.7354 1.5 13.4491
      vertex 17.7354 0.75 13.4491
    endloop
  endfacet
  facet normal -0.263202 0 0.964741
    outer loop
      vertex 18.2213 1.5 13.5645
      vertex 18.3177 0.75 13.5908
      vertex 18.3177 1.5 13.5908
    endloop
  endfacet
  facet normal -0.263202 0 0.964741
    outer loop
      vertex 18.3177 0.75 13.5908
      vertex 18.2213 1.5 13.5645
      vertex 18.2213 0.75 13.5645
    endloop
  endfacet
  facet normal 0.99986 -0 0.0167144
    outer loop
      vertex 6.90055 0.75 22.1601
      vertex 6.90222 1.5 22.0602
      vertex 6.90055 1.5 22.1601
    endloop
  endfacet
  facet normal 0.99986 0 0.0167144
    outer loop
      vertex 6.90222 1.5 22.0602
      vertex 6.90055 0.75 22.1601
      vertex 6.90222 0.75 22.0602
    endloop
  endfacet
  facet normal 0.935645 -0 0.352943
    outer loop
      vertex 7.46191 0.75 19.1297
      vertex 7.49718 1.5 19.0362
      vertex 7.46191 1.5 19.1297
    endloop
  endfacet
  facet normal 0.935645 0 0.352943
    outer loop
      vertex 7.49718 1.5 19.0362
      vertex 7.46191 0.75 19.1297
      vertex 7.49718 0.75 19.0362
    endloop
  endfacet
  facet normal 0.999245 -0 0.0388484
    outer loop
      vertex 6.90499 0.75 21.9603
      vertex 6.90887 1.5 21.8605
      vertex 6.90499 1.5 21.9603
    endloop
  endfacet
  facet normal 0.999245 0 0.0388484
    outer loop
      vertex 6.90887 1.5 21.8605
      vertex 6.90499 0.75 21.9603
      vertex 6.90887 0.75 21.8605
    endloop
  endfacet
  facet normal 0.995558 -0 0.0941527
    outer loop
      vertex 6.93547 0.75 21.4618
      vertex 6.94488 1.5 21.3623
      vertex 6.93547 1.5 21.4618
    endloop
  endfacet
  facet normal 0.995558 0 0.0941527
    outer loop
      vertex 6.94488 1.5 21.3623
      vertex 6.93547 0.75 21.4618
      vertex 6.94488 0.75 21.3623
    endloop
  endfacet
  facet normal 0.991863 -0 0.127311
    outer loop
      vertex 6.96702 0.75 21.1637
      vertex 6.97974 1.5 21.0646
      vertex 6.96702 1.5 21.1637
    endloop
  endfacet
  facet normal 0.991863 0 0.127311
    outer loop
      vertex 6.97974 1.5 21.0646
      vertex 6.96702 0.75 21.1637
      vertex 6.97974 0.75 21.0646
    endloop
  endfacet
  facet normal 0.993223 -0 0.116226
    outer loop
      vertex 6.9554 0.75 21.263
      vertex 6.96702 1.5 21.1637
      vertex 6.9554 1.5 21.263
    endloop
  endfacet
  facet normal 0.993223 0 0.116226
    outer loop
      vertex 6.96702 1.5 21.1637
      vertex 6.9554 0.75 21.263
      vertex 6.96702 0.75 21.1637
    endloop
  endfacet
  facet normal 0.996531 -0 0.0832278
    outer loop
      vertex 6.92716 0.75 21.5613
      vertex 6.93547 1.5 21.4618
      vertex 6.92716 1.5 21.5613
    endloop
  endfacet
  facet normal 0.996531 0 0.0832278
    outer loop
      vertex 6.93547 1.5 21.4618
      vertex 6.92716 0.75 21.5613
      vertex 6.93547 0.75 21.4618
    endloop
  endfacet
  facet normal 0.998134 -0 0.0610694
    outer loop
      vertex 6.91386 0.75 21.7607
      vertex 6.91996 1.5 21.661
      vertex 6.91386 1.5 21.7607
    endloop
  endfacet
  facet normal 0.998134 0 0.0610694
    outer loop
      vertex 6.91996 1.5 21.661
      vertex 6.91386 0.75 21.7607
      vertex 6.91996 0.75 21.661
    endloop
  endfacet
  facet normal 0.997403 -0 0.0720291
    outer loop
      vertex 6.91996 0.75 21.661
      vertex 6.92716 1.5 21.5613
      vertex 6.91996 1.5 21.661
    endloop
  endfacet
  facet normal 0.997403 0 0.0720291
    outer loop
      vertex 6.92716 1.5 21.5613
      vertex 6.91996 0.75 21.661
      vertex 6.92716 0.75 21.5613
    endloop
  endfacet
  facet normal 0.943201 -0 0.332223
    outer loop
      vertex 7.3945 0.75 19.3178
      vertex 7.42768 1.5 19.2236
      vertex 7.3945 1.5 19.3178
    endloop
  endfacet
  facet normal 0.943201 0 0.332223
    outer loop
      vertex 7.42768 1.5 19.2236
      vertex 7.3945 0.75 19.3178
      vertex 7.42768 0.75 19.2236
    endloop
  endfacet
  facet normal 0.957024 -0 0.29001
    outer loop
      vertex 7.27228 0.75 19.6983
      vertex 7.30125 1.5 19.6027
      vertex 7.27228 1.5 19.6983
    endloop
  endfacet
  facet normal 0.957024 0 0.29001
    outer loop
      vertex 7.30125 1.5 19.6027
      vertex 7.27228 0.75 19.6983
      vertex 7.30125 0.75 19.6027
    endloop
  endfacet
  facet normal 0.946846 -0 0.321687
    outer loop
      vertex 7.36236 0.75 19.4124
      vertex 7.3945 1.5 19.3178
      vertex 7.36236 1.5 19.4124
    endloop
  endfacet
  facet normal 0.946846 0 0.321687
    outer loop
      vertex 7.3945 1.5 19.3178
      vertex 7.36236 0.75 19.4124
      vertex 7.3945 0.75 19.3178
    endloop
  endfacet
  facet normal 0.950429 -0 0.31094
    outer loop
      vertex 7.33128 0.75 19.5074
      vertex 7.36236 1.5 19.4124
      vertex 7.33128 1.5 19.5074
    endloop
  endfacet
  facet normal 0.950429 0 0.31094
    outer loop
      vertex 7.36236 1.5 19.4124
      vertex 7.33128 0.75 19.5074
      vertex 7.36236 0.75 19.4124
    endloop
  endfacet
  facet normal 0.971665 -0 0.236362
    outer loop
      vertex 7.14345 0.75 20.1809
      vertex 7.16707 1.5 20.0838
      vertex 7.14345 1.5 20.1809
    endloop
  endfacet
  facet normal 0.971665 0 0.236362
    outer loop
      vertex 7.16707 1.5 20.0838
      vertex 7.14345 0.75 20.1809
      vertex 7.16707 0.75 20.0838
    endloop
  endfacet
  facet normal 0.974202 -0 0.225678
    outer loop
      vertex 7.12091 0.75 20.2782
      vertex 7.14345 1.5 20.1809
      vertex 7.12091 1.5 20.2782
    endloop
  endfacet
  facet normal 0.974202 0 0.225678
    outer loop
      vertex 7.14345 1.5 20.1809
      vertex 7.12091 0.75 20.2782
      vertex 7.14345 0.75 20.1809
    endloop
  endfacet
  facet normal 0.97899 -0 0.203906
    outer loop
      vertex 7.07908 0.75 20.4736
      vertex 7.09945 1.5 20.3758
      vertex 7.07908 1.5 20.4736
    endloop
  endfacet
  facet normal 0.97899 0 0.203906
    outer loop
      vertex 7.09945 1.5 20.3758
      vertex 7.07908 0.75 20.4736
      vertex 7.09945 0.75 20.3758
    endloop
  endfacet
  facet normal 0.966235 -0 0.257663
    outer loop
      vertex 7.19177 0.75 19.987
      vertex 7.21753 1.5 19.8904
      vertex 7.19177 1.5 19.987
    endloop
  endfacet
  facet normal 0.966235 0 0.257663
    outer loop
      vertex 7.21753 1.5 19.8904
      vertex 7.19177 0.75 19.987
      vertex 7.21753 0.75 19.8904
    endloop
  endfacet
  facet normal 0.914635 -0 0.404281
    outer loop
      vertex 7.64856 0.75 18.6664
      vertex 7.68896 1.5 18.575
      vertex 7.64856 1.5 18.6664
    endloop
  endfacet
  facet normal 0.914635 0 0.404281
    outer loop
      vertex 7.68896 1.5 18.575
      vertex 7.64856 0.75 18.6664
      vertex 7.68896 0.75 18.575
    endloop
  endfacet
  facet normal 0.834858 -0 0.550466
    outer loop
      vertex 8.35832 0.75 17.3485
      vertex 8.41331 1.5 17.2651
      vertex 8.35832 1.5 17.3485
    endloop
  endfacet
  facet normal 0.834858 0 0.550466
    outer loop
      vertex 8.41331 1.5 17.2651
      vertex 8.35832 0.75 17.3485
      vertex 8.41331 0.75 17.2651
    endloop
  endfacet
  facet normal 0.858595 -0 0.512655
    outer loop
      vertex 8.14773 0.75 17.6881
      vertex 8.19896 1.5 17.6023
      vertex 8.14773 1.5 17.6881
    endloop
  endfacet
  facet normal 0.858595 0 0.512655
    outer loop
      vertex 8.19896 1.5 17.6023
      vertex 8.14773 0.75 17.6881
      vertex 8.19896 0.75 17.6023
    endloop
  endfacet
  facet normal 0.880307 -0 0.474404
    outer loop
      vertex 7.95243 0.75 18.0367
      vertex 7.9998 1.5 17.9488
      vertex 7.95243 1.5 18.0367
    endloop
  endfacet
  facet normal 0.880307 0 0.474404
    outer loop
      vertex 7.9998 1.5 17.9488
      vertex 7.95243 0.75 18.0367
      vertex 7.9998 0.75 17.9488
    endloop
  endfacet
  facet normal 0.864091 -0 0.503336
    outer loop
      vertex 8.09746 0.75 17.7744
      vertex 8.14773 1.5 17.6881
      vertex 8.09746 1.5 17.7744
    endloop
  endfacet
  facet normal 0.864091 0 0.503336
    outer loop
      vertex 8.14773 1.5 17.6881
      vertex 8.09746 0.75 17.7744
      vertex 8.14773 0.75 17.6881
    endloop
  endfacet
  facet normal 0.869736 -0 0.493518
    outer loop
      vertex 8.04815 0.75 17.8613
      vertex 8.09746 1.5 17.7744
      vertex 8.04815 1.5 17.8613
    endloop
  endfacet
  facet normal 0.869736 0 0.493518
    outer loop
      vertex 8.09746 1.5 17.7744
      vertex 8.04815 0.75 17.8613
      vertex 8.09746 0.75 17.7744
    endloop
  endfacet
  facet normal 0.905286 -0 0.424803
    outer loop
      vertex 7.73037 0.75 18.4841
      vertex 7.77279 1.5 18.3937
      vertex 7.73037 1.5 18.4841
    endloop
  endfacet
  facet normal 0.905286 0 0.424803
    outer loop
      vertex 7.77279 1.5 18.3937
      vertex 7.73037 0.75 18.4841
      vertex 7.77279 0.75 18.3937
    endloop
  endfacet
  facet normal 0.91901 -0 0.394233
    outer loop
      vertex 7.60918 0.75 18.7582
      vertex 7.64856 1.5 18.6664
      vertex 7.60918 1.5 18.7582
    endloop
  endfacet
  facet normal 0.91901 0 0.394233
    outer loop
      vertex 7.64856 1.5 18.6664
      vertex 7.60918 0.75 18.7582
      vertex 7.64856 0.75 18.6664
    endloop
  endfacet
  facet normal 0.7246 -0 0.68917
    outer loop
      vertex 9.34476 0.75 16.0933
      vertex 9.41362 1.5 16.0209
      vertex 9.34476 1.5 16.0933
    endloop
  endfacet
  facet normal 0.7246 0 0.68917
    outer loop
      vertex 9.41362 1.5 16.0209
      vertex 9.34476 0.75 16.0933
      vertex 9.41362 0.75 16.0209
    endloop
  endfacet
  facet normal 0.7397 -0 0.672937
    outer loop
      vertex 9.20947 0.75 16.2403
      vertex 9.2767 1.5 16.1664
      vertex 9.20947 1.5 16.2403
    endloop
  endfacet
  facet normal 0.7397 0 0.672937
    outer loop
      vertex 9.2767 1.5 16.1664
      vertex 9.20947 0.75 16.2403
      vertex 9.2767 0.75 16.1664
    endloop
  endfacet
  facet normal 0.775814 -0 0.630962
    outer loop
      vertex 8.88582 0.75 16.6207
      vertex 8.94885 1.5 16.5432
      vertex 8.88582 1.5 16.6207
    endloop
  endfacet
  facet normal 0.775814 0 0.630962
    outer loop
      vertex 8.94885 1.5 16.5432
      vertex 8.88582 0.75 16.6207
      vertex 8.94885 0.75 16.5432
    endloop
  endfacet
  facet normal 0.761668 -0 0.647968
    outer loop
      vertex 9.01274 0.75 16.4664
      vertex 9.07748 1.5 16.3903
      vertex 9.01274 1.5 16.4664
    endloop
  endfacet
  facet normal 0.761668 0 0.647968
    outer loop
      vertex 9.07748 1.5 16.3903
      vertex 9.01274 0.75 16.4664
      vertex 9.07748 0.75 16.3903
    endloop
  endfacet
  facet normal 0.816355 -0 0.577551
    outer loop
      vertex 8.52604 0.75 17.1001
      vertex 8.58377 1.5 17.0185
      vertex 8.52604 1.5 17.1001
    endloop
  endfacet
  facet normal 0.816355 0 0.577551
    outer loop
      vertex 8.58377 1.5 17.0185
      vertex 8.52604 0.75 17.1001
      vertex 8.58377 0.75 17.0185
    endloop
  endfacet
  facet normal 0.822556 -0 0.568684
    outer loop
      vertex 8.46921 0.75 17.1823
      vertex 8.52604 1.5 17.1001
      vertex 8.46921 1.5 17.1823
    endloop
  endfacet
  facet normal 0.822556 0 0.568684
    outer loop
      vertex 8.52604 1.5 17.1001
      vertex 8.46921 0.75 17.1823
      vertex 8.52604 0.75 17.1001
    endloop
  endfacet
  facet normal 0.803325 -0 0.595541
    outer loop
      vertex 8.64241 0.75 16.9377
      vertex 8.70194 1.5 16.8574
      vertex 8.64241 1.5 16.9377
    endloop
  endfacet
  facet normal 0.803325 0 0.595541
    outer loop
      vertex 8.70194 1.5 16.8574
      vertex 8.64241 0.75 16.9377
      vertex 8.70194 0.75 16.8574
    endloop
  endfacet
  facet normal 0.368283 0 0.929714
    outer loop
      vertex 12.5368 1.5 13.912
      vertex 12.6297 0.75 13.8752
      vertex 12.6297 1.5 13.8752
    endloop
  endfacet
  facet normal 0.368283 0 0.929714
    outer loop
      vertex 12.6297 0.75 13.8752
      vertex 12.5368 1.5 13.912
      vertex 12.5368 0.75 13.912
    endloop
  endfacet
  facet normal 0.209187 0 0.977876
    outer loop
      vertex 13.9669 1.5 13.47
      vertex 14.0646 0.75 13.4491
      vertex 14.0646 1.5 13.4491
    endloop
  endfacet
  facet normal 0.209187 0 0.977876
    outer loop
      vertex 14.0646 0.75 13.4491
      vertex 13.9669 1.5 13.47
      vertex 13.9669 0.75 13.47
    endloop
  endfacet
  facet normal 0.242065 0 0.97026
    outer loop
      vertex 13.6753 1.5 13.5393
      vertex 13.7723 0.75 13.5151
      vertex 13.7723 1.5 13.5151
    endloop
  endfacet
  facet normal 0.242065 0 0.97026
    outer loop
      vertex 13.7723 0.75 13.5151
      vertex 13.6753 1.5 13.5393
      vertex 13.6753 0.75 13.5393
    endloop
  endfacet
  facet normal 0.295423 0 0.955367
    outer loop
      vertex 13.195 1.5 13.6761
      vertex 13.2904 0.75 13.6466
      vertex 13.2904 1.5 13.6466
    endloop
  endfacet
  facet normal 0.295423 0 0.955367
    outer loop
      vertex 13.2904 0.75 13.6466
      vertex 13.195 1.5 13.6761
      vertex 13.195 0.75 13.6761
    endloop
  endfacet
  facet normal 0.284225 0 0.958758
    outer loop
      vertex 13.2904 1.5 13.6466
      vertex 13.3862 0.75 13.6182
      vertex 13.3862 1.5 13.6182
    endloop
  endfacet
  facet normal 0.284225 0 0.958758
    outer loop
      vertex 13.3862 0.75 13.6182
      vertex 13.2904 1.5 13.6466
      vertex 13.2904 0.75 13.6466
    endloop
  endfacet
  facet normal 0.274192 0 0.961675
    outer loop
      vertex 13.3862 1.5 13.6182
      vertex 13.4823 0.75 13.5908
      vertex 13.4823 1.5 13.5908
    endloop
  endfacet
  facet normal 0.274192 0 0.961675
    outer loop
      vertex 13.4823 0.75 13.5908
      vertex 13.3862 1.5 13.6182
      vertex 13.3862 0.75 13.6182
    endloop
  endfacet
  facet normal 0.33716 0 0.941447
    outer loop
      vertex 12.8166 1.5 13.8047
      vertex 12.9107 0.75 13.771
      vertex 12.9107 1.5 13.771
    endloop
  endfacet
  facet normal 0.33716 0 0.941447
    outer loop
      vertex 12.9107 0.75 13.771
      vertex 12.8166 1.5 13.8047
      vertex 12.8166 0.75 13.8047
    endloop
  endfacet
  facet normal 0.358576 0 0.9335
    outer loop
      vertex 12.6297 1.5 13.8752
      vertex 12.7229 0.75 13.8394
      vertex 12.7229 1.5 13.8394
    endloop
  endfacet
  facet normal 0.358576 0 0.9335
    outer loop
      vertex 12.7229 0.75 13.8394
      vertex 12.6297 1.5 13.8752
      vertex 12.6297 0.75 13.8752
    endloop
  endfacet
  facet normal 0.379139 0 0.92534
    outer loop
      vertex 12.4443 1.5 13.9499
      vertex 12.5368 0.75 13.912
      vertex 12.5368 1.5 13.912
    endloop
  endfacet
  facet normal 0.379139 0 0.92534
    outer loop
      vertex 12.5368 0.75 13.912
      vertex 12.4443 1.5 13.9499
      vertex 12.4443 0.75 13.9499
    endloop
  endfacet
  facet normal 0.166021 0 0.986122
    outer loop
      vertex 14.359 1.5 13.3929
      vertex 14.4576 0.75 13.3763
      vertex 14.4576 1.5 13.3763
    endloop
  endfacet
  facet normal 0.166021 0 0.986122
    outer loop
      vertex 14.4576 0.75 13.3763
      vertex 14.359 1.5 13.3929
      vertex 14.359 0.75 13.3929
    endloop
  endfacet
  facet normal 0.111091 0 0.99381
    outer loop
      vertex 14.8533 1.5 13.3211
      vertex 14.9526 0.75 13.31
      vertex 14.9526 1.5 13.31
    endloop
  endfacet
  facet normal 0.111091 0 0.99381
    outer loop
      vertex 14.9526 0.75 13.31
      vertex 14.8533 1.5 13.3211
      vertex 14.8533 0.75 13.3211
    endloop
  endfacet
  facet normal 0.121199 0 0.992628
    outer loop
      vertex 14.7542 1.5 13.3332
      vertex 14.8533 0.75 13.3211
      vertex 14.8533 1.5 13.3211
    endloop
  endfacet
  facet normal 0.121199 0 0.992628
    outer loop
      vertex 14.8533 0.75 13.3211
      vertex 14.7542 1.5 13.3332
      vertex 14.7542 0.75 13.3332
    endloop
  endfacet
  facet normal 0.0110103 0 0.999939
    outer loop
      vertex 15.7501 1.5 13.2612
      vertex 15.85 0.75 13.2601
      vertex 15.85 1.5 13.2601
    endloop
  endfacet
  facet normal 0.0110103 0 0.999939
    outer loop
      vertex 15.85 0.75 13.2601
      vertex 15.7501 1.5 13.2612
      vertex 15.7501 0.75 13.2612
    endloop
  endfacet
  facet normal 0.02304 0 0.999735
    outer loop
      vertex 15.6503 1.5 13.2635
      vertex 15.7501 0.75 13.2612
      vertex 15.7501 1.5 13.2612
    endloop
  endfacet
  facet normal 0.02304 0 0.999735
    outer loop
      vertex 15.7501 0.75 13.2612
      vertex 15.6503 1.5 13.2635
      vertex 15.6503 0.75 13.2635
    endloop
  endfacet
  facet normal 0.0560241 0 0.998429
    outer loop
      vertex 15.3508 1.5 13.2768
      vertex 15.4506 0.75 13.2712
      vertex 15.4506 1.5 13.2712
    endloop
  endfacet
  facet normal 0.0560241 0 0.998429
    outer loop
      vertex 15.4506 0.75 13.2712
      vertex 15.3508 1.5 13.2768
      vertex 15.3508 0.75 13.2768
    endloop
  endfacet
  facet normal 0.0661201 0 0.997812
    outer loop
      vertex 15.2512 1.5 13.2834
      vertex 15.3508 0.75 13.2768
      vertex 15.3508 1.5 13.2768
    endloop
  endfacet
  facet normal 0.0661201 0 0.997812
    outer loop
      vertex 15.3508 0.75 13.2768
      vertex 15.2512 1.5 13.2834
      vertex 15.2512 0.75 13.2834
    endloop
  endfacet
  facet normal 0.100098 0 0.994978
    outer loop
      vertex 14.9526 1.5 13.31
      vertex 15.052 0.75 13.3
      vertex 15.052 1.5 13.3
    endloop
  endfacet
  facet normal 0.100098 0 0.994978
    outer loop
      vertex 15.052 0.75 13.3
      vertex 14.9526 1.5 13.31
      vertex 14.9526 0.75 13.31
    endloop
  endfacet
  facet normal 0.0880983 0 0.996112
    outer loop
      vertex 15.052 1.5 13.3
      vertex 15.1515 0.75 13.2912
      vertex 15.1515 1.5 13.2912
    endloop
  endfacet
  facet normal 0.0880983 0 0.996112
    outer loop
      vertex 15.1515 0.75 13.2912
      vertex 15.052 1.5 13.3
      vertex 15.052 0.75 13.3
    endloop
  endfacet
  facet normal 0.536552 0 0.843868
    outer loop
      vertex 11.0304 1.5 14.6912
      vertex 11.1147 0.75 14.6376
      vertex 11.1147 1.5 14.6376
    endloop
  endfacet
  facet normal 0.536552 0 0.843868
    outer loop
      vertex 11.1147 0.75 14.6376
      vertex 11.0304 1.5 14.6912
      vertex 11.0304 0.75 14.6912
    endloop
  endfacet
  facet normal 0.517436 0 0.855722
    outer loop
      vertex 11.1996 1.5 14.5849
      vertex 11.2851 0.75 14.5332
      vertex 11.2851 1.5 14.5332
    endloop
  endfacet
  facet normal 0.517436 0 0.855722
    outer loop
      vertex 11.2851 0.75 14.5332
      vertex 11.1996 1.5 14.5849
      vertex 11.1996 0.75 14.5849
    endloop
  endfacet
  facet normal 0.479343 0 0.877628
    outer loop
      vertex 11.545 1.5 14.3839
      vertex 11.6327 0.75 14.336
      vertex 11.6327 1.5 14.336
    endloop
  endfacet
  facet normal 0.479343 0 0.877628
    outer loop
      vertex 11.6327 0.75 14.336
      vertex 11.545 1.5 14.3839
      vertex 11.545 0.75 14.3839
    endloop
  endfacet
  facet normal 0.459586 0 0.888133
    outer loop
      vertex 11.7209 1.5 14.2891
      vertex 11.8096 0.75 14.2432
      vertex 11.8096 1.5 14.2432
    endloop
  endfacet
  facet normal 0.459586 0 0.888133
    outer loop
      vertex 11.8096 0.75 14.2432
      vertex 11.7209 1.5 14.2891
      vertex 11.7209 0.75 14.2891
    endloop
  endfacet
  facet normal 0.469497 0 0.882934
    outer loop
      vertex 11.6327 1.5 14.336
      vertex 11.7209 0.75 14.2891
      vertex 11.7209 1.5 14.2891
    endloop
  endfacet
  facet normal 0.469497 0 0.882934
    outer loop
      vertex 11.7209 0.75 14.2891
      vertex 11.6327 1.5 14.336
      vertex 11.6327 0.75 14.336
    endloop
  endfacet
  facet normal 0.4202 0 0.907432
    outer loop
      vertex 12.0788 1.5 14.1115
      vertex 12.1695 0.75 14.0695
      vertex 12.1695 1.5 14.0695
    endloop
  endfacet
  facet normal 0.4202 0 0.907432
    outer loop
      vertex 12.1695 0.75 14.0695
      vertex 12.0788 1.5 14.1115
      vertex 12.0788 0.75 14.1115
    endloop
  endfacet
  facet normal 0.399348 0 0.916799
    outer loop
      vertex 12.2607 1.5 14.0286
      vertex 12.3523 0.75 13.9887
      vertex 12.3523 1.5 13.9887
    endloop
  endfacet
  facet normal 0.399348 0 0.916799
    outer loop
      vertex 12.3523 0.75 13.9887
      vertex 12.2607 1.5 14.0286
      vertex 12.2607 0.75 14.0286
    endloop
  endfacet
  facet normal 0.609566 0 0.792736
    outer loop
      vertex 10.3783 1.5 15.1529
      vertex 10.4575 0.75 15.092
      vertex 10.4575 1.5 15.092
    endloop
  endfacet
  facet normal 0.609566 0 0.792736
    outer loop
      vertex 10.4575 0.75 15.092
      vertex 10.3783 1.5 15.1529
      vertex 10.3783 0.75 15.1529
    endloop
  endfacet
  facet normal 0.617954 0 0.786214
    outer loop
      vertex 10.2998 1.5 15.2146
      vertex 10.3783 0.75 15.1529
      vertex 10.3783 1.5 15.1529
    endloop
  endfacet
  facet normal 0.617954 0 0.786214
    outer loop
      vertex 10.3783 0.75 15.1529
      vertex 10.2998 1.5 15.2146
      vertex 10.2998 0.75 15.2146
    endloop
  endfacet
  facet normal 0.626402 0 0.7795
    outer loop
      vertex 10.2219 1.5 15.2772
      vertex 10.2998 0.75 15.2146
      vertex 10.2998 1.5 15.2146
    endloop
  endfacet
  facet normal 0.626402 0 0.7795
    outer loop
      vertex 10.2998 0.75 15.2146
      vertex 10.2219 1.5 15.2772
      vertex 10.2219 0.75 15.2772
    endloop
  endfacet
  facet normal 0.582563 0 0.812786
    outer loop
      vertex 10.618 1.5 14.973
      vertex 10.6992 0.75 14.9148
      vertex 10.6992 1.5 14.9148
    endloop
  endfacet
  facet normal 0.582563 0 0.812786
    outer loop
      vertex 10.6992 0.75 14.9148
      vertex 10.618 1.5 14.973
      vertex 10.618 0.75 14.973
    endloop
  endfacet
  facet normal 0.591798 0 0.806087
    outer loop
      vertex 10.5375 1.5 15.0321
      vertex 10.618 0.75 14.973
      vertex 10.618 1.5 14.973
    endloop
  endfacet
  facet normal 0.591798 0 0.806087
    outer loop
      vertex 10.618 0.75 14.973
      vertex 10.5375 1.5 15.0321
      vertex 10.5375 0.75 15.0321
    endloop
  endfacet
  facet normal 0.573261 0 0.819373
    outer loop
      vertex 10.6992 1.5 14.9148
      vertex 10.7811 0.75 14.8575
      vertex 10.7811 1.5 14.8575
    endloop
  endfacet
  facet normal 0.573261 0 0.819373
    outer loop
      vertex 10.7811 0.75 14.8575
      vertex 10.6992 1.5 14.9148
      vertex 10.6992 0.75 14.9148
    endloop
  endfacet
  facet normal 0.668727 0 0.743508
    outer loop
      vertex 9.84326 1.5 15.603
      vertex 9.91753 0.75 15.5362
      vertex 9.91753 1.5 15.5362
    endloop
  endfacet
  facet normal 0.668727 0 0.743508
    outer loop
      vertex 9.91753 0.75 15.5362
      vertex 9.84326 1.5 15.603
      vertex 9.84326 0.75 15.603
    endloop
  endfacet
  facet normal 0.685421 0 0.728147
    outer loop
      vertex 9.69696 1.5 15.7391
      vertex 9.76973 0.75 15.6706
      vertex 9.76973 1.5 15.6706
    endloop
  endfacet
  facet normal 0.685421 0 0.728147
    outer loop
      vertex 9.76973 0.75 15.6706
      vertex 9.69696 1.5 15.7391
      vertex 9.69696 0.75 15.7391
    endloop
  endfacet
  facet normal 0.701381 0 0.712787
    outer loop
      vertex 9.55372 1.5 15.8784
      vertex 9.62496 0.75 15.8083
      vertex 9.62496 1.5 15.8083
    endloop
  endfacet
  facet normal 0.701381 0 0.712787
    outer loop
      vertex 9.62496 0.75 15.8083
      vertex 9.55372 1.5 15.8784
      vertex 9.55372 0.75 15.8784
    endloop
  endfacet
  facet normal 0.692949 0 0.720987
    outer loop
      vertex 9.62496 1.5 15.8083
      vertex 9.69696 0.75 15.7391
      vertex 9.69696 1.5 15.7391
    endloop
  endfacet
  facet normal 0.692949 0 0.720987
    outer loop
      vertex 9.69696 0.75 15.7391
      vertex 9.62496 1.5 15.8083
      vertex 9.62496 0.75 15.8083
    endloop
  endfacet
  facet normal 0.708857 -0 0.705352
    outer loop
      vertex 9.48327 0.75 15.9492
      vertex 9.55372 1.5 15.8784
      vertex 9.48327 1.5 15.9492
    endloop
  endfacet
  facet normal 0.708857 0 0.705352
    outer loop
      vertex 9.55372 1.5 15.8784
      vertex 9.48327 0.75 15.9492
      vertex 9.55372 0.75 15.8784
    endloop
  endfacet
  facet normal -0.0110103 0 -0.999939
    outer loop
      vertex 15.95 0.75 31.2599
      vertex 16.0499 1.5 31.2588
      vertex 16.0499 0.75 31.2588
    endloop
  endfacet
  facet normal -0.0110103 0 -0.999939
    outer loop
      vertex 16.0499 1.5 31.2588
      vertex 15.95 0.75 31.2599
      vertex 15.95 1.5 31.2599
    endloop
  endfacet
  facet normal -0.927716 0 -0.373288
    outer loop
      vertex 24.2665 0.75 25.5768
      vertex 24.2292 1.5 25.6695
      vertex 24.2665 1.5 25.5768
    endloop
  endfacet
  facet normal -0.927716 -0 -0.373288
    outer loop
      vertex 24.2292 1.5 25.6695
      vertex 24.2665 0.75 25.5768
      vertex 24.2292 0.75 25.6695
    endloop
  endfacet
  facet normal -0.983255 0 -0.182233
    outer loop
      vertex 24.7584 0.75 23.8502
      vertex 24.7402 1.5 23.9484
      vertex 24.7584 1.5 23.8502
    endloop
  endfacet
  facet normal -0.983255 -0 -0.182233
    outer loop
      vertex 24.7402 1.5 23.9484
      vertex 24.7584 0.75 23.8502
      vertex 24.7402 0.75 23.9484
    endloop
  endfacet
  facet normal -0.999237 0 -0.0390484
    outer loop
      vertex 24.895 0.75 22.5597
      vertex 24.8911 1.5 22.6595
      vertex 24.895 1.5 22.5597
    endloop
  endfacet
  facet normal -0.999237 -0 -0.0390484
    outer loop
      vertex 24.8911 1.5 22.6595
      vertex 24.895 0.75 22.5597
      vertex 24.8911 0.75 22.6595
    endloop
  endfacet
  facet normal -0.985263 0 -0.171046
    outer loop
      vertex 24.7755 0.75 23.7517
      vertex 24.7584 1.5 23.8502
      vertex 24.7755 1.5 23.7517
    endloop
  endfacet
  facet normal -0.985263 -0 -0.171046
    outer loop
      vertex 24.7584 1.5 23.8502
      vertex 24.7755 0.75 23.7517
      vertex 24.7584 0.75 23.8502
    endloop
  endfacet
  facet normal -0.990267 0 -0.139178
    outer loop
      vertex 24.8203 0.75 23.4554
      vertex 24.8064 1.5 23.5543
      vertex 24.8203 1.5 23.4554
    endloop
  endfacet
  facet normal -0.990267 -0 -0.139178
    outer loop
      vertex 24.8064 1.5 23.5543
      vertex 24.8203 0.75 23.4554
      vertex 24.8064 0.75 23.5543
    endloop
  endfacet
  facet normal -0.991888 0 -0.127114
    outer loop
      vertex 24.833 0.75 23.3563
      vertex 24.8203 1.5 23.4554
      vertex 24.833 1.5 23.3563
    endloop
  endfacet
  facet normal -0.991888 -0 -0.127114
    outer loop
      vertex 24.8203 1.5 23.4554
      vertex 24.833 0.75 23.3563
      vertex 24.8203 0.75 23.4554
    endloop
  endfacet
  facet normal -0.994456 0 -0.105154
    outer loop
      vertex 24.8551 0.75 23.1577
      vertex 24.8446 1.5 23.257
      vertex 24.8551 1.5 23.1577
    endloop
  endfacet
  facet normal -0.994456 -0 -0.105154
    outer loop
      vertex 24.8446 1.5 23.257
      vertex 24.8551 0.75 23.1577
      vertex 24.8446 0.75 23.257
    endloop
  endfacet
  facet normal -0.996539 0 -0.0831284
    outer loop
      vertex 24.8728 0.75 22.9587
      vertex 24.8645 1.5 23.0582
      vertex 24.8728 1.5 22.9587
    endloop
  endfacet
  facet normal -0.996539 -0 -0.0831284
    outer loop
      vertex 24.8645 1.5 23.0582
      vertex 24.8728 0.75 22.9587
      vertex 24.8645 0.75 23.0582
    endloop
  endfacet
  facet normal -0.998134 0 -0.0610694
    outer loop
      vertex 24.8861 0.75 22.7593
      vertex 24.88 1.5 22.859
      vertex 24.8861 1.5 22.7593
    endloop
  endfacet
  facet normal -0.998134 -0 -0.0610694
    outer loop
      vertex 24.88 1.5 22.859
      vertex 24.8861 0.75 22.7593
      vertex 24.88 0.75 22.859
    endloop
  endfacet
  facet normal -0.946968 0 -0.321328
    outer loop
      vertex 24.4376 0.75 25.1076
      vertex 24.4055 1.5 25.2022
      vertex 24.4376 1.5 25.1076
    endloop
  endfacet
  facet normal -0.946968 -0 -0.321328
    outer loop
      vertex 24.4055 1.5 25.2022
      vertex 24.4376 0.75 25.1076
      vertex 24.4055 0.75 25.2022
    endloop
  endfacet
  facet normal -0.953568 0 -0.301179
    outer loop
      vertex 24.4988 0.75 24.9173
      vertex 24.4687 1.5 25.0126
      vertex 24.4988 1.5 24.9173
    endloop
  endfacet
  facet normal -0.953568 -0 -0.301179
    outer loop
      vertex 24.4687 1.5 25.0126
      vertex 24.4988 0.75 24.9173
      vertex 24.4687 0.75 25.0126
    endloop
  endfacet
  facet normal -0.976795 0 -0.214174
    outer loop
      vertex 24.7005 0.75 24.1442
      vertex 24.6791 1.5 24.2418
      vertex 24.7005 1.5 24.1442
    endloop
  endfacet
  facet normal -0.976795 -0 -0.214174
    outer loop
      vertex 24.6791 1.5 24.2418
      vertex 24.7005 0.75 24.1442
      vertex 24.6791 0.75 24.2418
    endloop
  endfacet
  facet normal -0.97407 0 -0.226248
    outer loop
      vertex 24.6791 0.75 24.2418
      vertex 24.6565 1.5 24.3391
      vertex 24.6791 1.5 24.2418
    endloop
  endfacet
  facet normal -0.97407 -0 -0.226248
    outer loop
      vertex 24.6565 1.5 24.3391
      vertex 24.6791 0.75 24.2418
      vertex 24.6565 0.75 24.3391
    endloop
  endfacet
  facet normal -0.97893 0 -0.204194
    outer loop
      vertex 24.7209 0.75 24.0464
      vertex 24.7005 1.5 24.1442
      vertex 24.7209 1.5 24.0464
    endloop
  endfacet
  facet normal -0.97893 -0 -0.204194
    outer loop
      vertex 24.7005 1.5 24.1442
      vertex 24.7209 0.75 24.0464
      vertex 24.7005 0.75 24.1442
    endloop
  endfacet
  facet normal -0.968953 0 -0.247243
    outer loop
      vertex 24.6329 0.75 24.4362
      vertex 24.6082 1.5 24.533
      vertex 24.6329 1.5 24.4362
    endloop
  endfacet
  facet normal -0.968953 -0 -0.247243
    outer loop
      vertex 24.6082 1.5 24.533
      vertex 24.6329 0.75 24.4362
      vertex 24.6082 0.75 24.533
    endloop
  endfacet
  facet normal -0.971711 0 -0.236173
    outer loop
      vertex 24.6565 0.75 24.3391
      vertex 24.6329 1.5 24.4362
      vertex 24.6565 1.5 24.3391
    endloop
  endfacet
  facet normal -0.971711 -0 -0.236173
    outer loop
      vertex 24.6329 1.5 24.4362
      vertex 24.6565 0.75 24.3391
      vertex 24.6329 0.75 24.4362
    endloop
  endfacet
  facet normal -0.966384 0 -0.257102
    outer loop
      vertex 24.6082 0.75 24.533
      vertex 24.5825 1.5 24.6296
      vertex 24.6082 1.5 24.533
    endloop
  endfacet
  facet normal -0.966384 -0 -0.257102
    outer loop
      vertex 24.5825 1.5 24.6296
      vertex 24.6082 0.75 24.533
      vertex 24.5825 0.75 24.6296
    endloop
  endfacet
  facet normal -0.0880983 0 -0.996112
    outer loop
      vertex 16.6485 0.75 31.2288
      vertex 16.748 1.5 31.22
      vertex 16.748 0.75 31.22
    endloop
  endfacet
  facet normal -0.0880983 0 -0.996112
    outer loop
      vertex 16.748 1.5 31.22
      vertex 16.6485 0.75 31.2288
      vertex 16.6485 1.5 31.2288
    endloop
  endfacet
  facet normal -0.166021 0 -0.986122
    outer loop
      vertex 17.3424 0.75 31.1437
      vertex 17.441 1.5 31.1271
      vertex 17.441 0.75 31.1271
    endloop
  endfacet
  facet normal -0.166021 0 -0.986122
    outer loop
      vertex 17.441 1.5 31.1271
      vertex 17.3424 0.75 31.1437
      vertex 17.3424 1.5 31.1437
    endloop
  endfacet
  facet normal -0.154163 0 -0.988045
    outer loop
      vertex 17.2437 0.75 31.1591
      vertex 17.3424 1.5 31.1437
      vertex 17.3424 0.75 31.1437
    endloop
  endfacet
  facet normal -0.154163 0 -0.988045
    outer loop
      vertex 17.3424 1.5 31.1437
      vertex 17.2437 0.75 31.1591
      vertex 17.2437 1.5 31.1591
    endloop
  endfacet
  facet normal -0.177211 0 -0.984173
    outer loop
      vertex 17.441 0.75 31.1271
      vertex 17.5393 1.5 31.1094
      vertex 17.5393 0.75 31.1094
    endloop
  endfacet
  facet normal -0.177211 0 -0.984173
    outer loop
      vertex 17.5393 1.5 31.1094
      vertex 17.441 0.75 31.1271
      vertex 17.441 1.5 31.1271
    endloop
  endfacet
  facet normal -0.133015 0 -0.991114
    outer loop
      vertex 17.0458 0.75 31.1868
      vertex 17.1449 1.5 31.1735
      vertex 17.1449 0.75 31.1735
    endloop
  endfacet
  facet normal -0.133015 0 -0.991114
    outer loop
      vertex 17.1449 1.5 31.1735
      vertex 17.0458 0.75 31.1868
      vertex 17.0458 1.5 31.1868
    endloop
  endfacet
  facet normal -0.144225 0 -0.989545
    outer loop
      vertex 17.1449 0.75 31.1735
      vertex 17.2437 1.5 31.1591
      vertex 17.2437 0.75 31.1591
    endloop
  endfacet
  facet normal -0.144225 0 -0.989545
    outer loop
      vertex 17.2437 1.5 31.1591
      vertex 17.1449 0.75 31.1735
      vertex 17.1449 1.5 31.1735
    endloop
  endfacet
  facet normal -0.316228 0 -0.948683
    outer loop
      vertex 18.7001 0.75 30.8133
      vertex 18.7949 1.5 30.7817
      vertex 18.7949 0.75 30.7817
    endloop
  endfacet
  facet normal -0.316228 0 -0.948683
    outer loop
      vertex 18.7949 1.5 30.7817
      vertex 18.7001 0.75 30.8133
      vertex 18.7001 1.5 30.8133
    endloop
  endfacet
  facet normal -0.347282 0 -0.937761
    outer loop
      vertex 18.9834 0.75 30.7153
      vertex 19.0771 1.5 30.6806
      vertex 19.0771 0.75 30.6806
    endloop
  endfacet
  facet normal -0.347282 0 -0.937761
    outer loop
      vertex 19.0771 1.5 30.6806
      vertex 18.9834 0.75 30.7153
      vertex 18.9834 1.5 30.7153
    endloop
  endfacet
  facet normal -0.33716 0 -0.941447
    outer loop
      vertex 18.8893 0.75 30.749
      vertex 18.9834 1.5 30.7153
      vertex 18.9834 0.75 30.7153
    endloop
  endfacet
  facet normal -0.33716 0 -0.941447
    outer loop
      vertex 18.9834 1.5 30.7153
      vertex 18.8893 0.75 30.749
      vertex 18.8893 1.5 30.749
    endloop
  endfacet
  facet normal -0.358576 0 -0.9335
    outer loop
      vertex 19.0771 0.75 30.6806
      vertex 19.1703 1.5 30.6448
      vertex 19.1703 0.75 30.6448
    endloop
  endfacet
  facet normal -0.358576 0 -0.9335
    outer loop
      vertex 19.1703 1.5 30.6448
      vertex 19.0771 0.75 30.6806
      vertex 19.0771 1.5 30.6806
    endloop
  endfacet
  facet normal -0.284225 0 -0.958758
    outer loop
      vertex 18.4138 0.75 30.9018
      vertex 18.5096 1.5 30.8734
      vertex 18.5096 0.75 30.8734
    endloop
  endfacet
  facet normal -0.284225 0 -0.958758
    outer loop
      vertex 18.5096 1.5 30.8734
      vertex 18.4138 0.75 30.9018
      vertex 18.4138 1.5 30.9018
    endloop
  endfacet
  facet normal -0.252422 0 -0.967617
    outer loop
      vertex 18.1247 0.75 30.9807
      vertex 18.2213 1.5 30.9555
      vertex 18.2213 0.75 30.9555
    endloop
  endfacet
  facet normal -0.252422 0 -0.967617
    outer loop
      vertex 18.2213 1.5 30.9555
      vertex 18.1247 0.75 30.9807
      vertex 18.1247 1.5 30.9807
    endloop
  endfacet
  facet normal -0.242065 0 -0.97026
    outer loop
      vertex 18.0277 0.75 31.0049
      vertex 18.1247 1.5 30.9807
      vertex 18.1247 0.75 30.9807
    endloop
  endfacet
  facet normal -0.242065 0 -0.97026
    outer loop
      vertex 18.1247 1.5 30.9807
      vertex 18.0277 0.75 31.0049
      vertex 18.0277 1.5 31.0049
    endloop
  endfacet
  facet normal -0.263202 0 -0.964741
    outer loop
      vertex 18.2213 0.75 30.9555
      vertex 18.3177 1.5 30.9292
      vertex 18.3177 0.75 30.9292
    endloop
  endfacet
  facet normal -0.263202 0 -0.964741
    outer loop
      vertex 18.3177 1.5 30.9292
      vertex 18.2213 0.75 30.9555
      vertex 18.2213 1.5 30.9555
    endloop
  endfacet
  facet normal -0.209392 0 -0.977832
    outer loop
      vertex 17.7354 0.75 31.0709
      vertex 17.833 1.5 31.05
      vertex 17.833 0.75 31.05
    endloop
  endfacet
  facet normal -0.209392 0 -0.977832
    outer loop
      vertex 17.833 1.5 31.05
      vertex 17.7354 0.75 31.0709
      vertex 17.7354 1.5 31.0709
    endloop
  endfacet
  facet normal -0.220107 0 -0.975476
    outer loop
      vertex 17.833 0.75 31.05
      vertex 17.9305 1.5 31.028
      vertex 17.9305 0.75 31.028
    endloop
  endfacet
  facet normal -0.220107 0 -0.975476
    outer loop
      vertex 17.9305 1.5 31.028
      vertex 17.833 0.75 31.05
      vertex 17.833 1.5 31.05
    endloop
  endfacet
  facet normal -0.198039 0 -0.980194
    outer loop
      vertex 17.6374 0.75 31.0907
      vertex 17.7354 1.5 31.0709
      vertex 17.7354 0.75 31.0709
    endloop
  endfacet
  facet normal -0.198039 0 -0.980194
    outer loop
      vertex 17.7354 1.5 31.0709
      vertex 17.6374 0.75 31.0907
      vertex 17.6374 1.5 31.0907
    endloop
  endfacet
  facet normal -0.685771 0 -0.727818
    outer loop
      vertex 22.0303 0.75 28.8494
      vertex 22.103 1.5 28.7809
      vertex 22.103 0.75 28.7809
    endloop
  endfacet
  facet normal -0.685771 0 -0.727818
    outer loop
      vertex 22.103 1.5 28.7809
      vertex 22.0303 0.75 28.8494
      vertex 22.0303 1.5 28.8494
    endloop
  endfacet
  facet normal -0.709107 0 -0.705101
    outer loop
      vertex 22.3167 0.75 28.5708
      vertex 22.2463 1.5 28.6416
      vertex 22.3167 1.5 28.5708
    endloop
  endfacet
  facet normal -0.709107 -0 -0.705101
    outer loop
      vertex 22.2463 1.5 28.6416
      vertex 22.3167 0.75 28.5708
      vertex 22.2463 0.75 28.6416
    endloop
  endfacet
  facet normal -0.564361 0 -0.825528
    outer loop
      vertex 20.9364 0.75 29.7189
      vertex 21.0189 1.5 29.6625
      vertex 21.0189 0.75 29.6625
    endloop
  endfacet
  facet normal -0.564361 0 -0.825528
    outer loop
      vertex 21.0189 1.5 29.6625
      vertex 20.9364 0.75 29.7189
      vertex 20.9364 1.5 29.7189
    endloop
  endfacet
  facet normal -0.591798 0 -0.806087
    outer loop
      vertex 21.182 0.75 29.547
      vertex 21.2625 1.5 29.4879
      vertex 21.2625 0.75 29.4879
    endloop
  endfacet
  facet normal -0.591798 0 -0.806087
    outer loop
      vertex 21.2625 1.5 29.4879
      vertex 21.182 0.75 29.547
      vertex 21.182 1.5 29.547
    endloop
  endfacet
  facet normal -0.626402 0 -0.7795
    outer loop
      vertex 21.5002 0.75 29.3054
      vertex 21.5781 1.5 29.2428
      vertex 21.5781 0.75 29.2428
    endloop
  endfacet
  facet normal -0.626402 0 -0.7795
    outer loop
      vertex 21.5781 1.5 29.2428
      vertex 21.5002 0.75 29.3054
      vertex 21.5002 1.5 29.3054
    endloop
  endfacet
  facet normal -0.609566 0 -0.792736
    outer loop
      vertex 21.3425 0.75 29.428
      vertex 21.4217 1.5 29.3671
      vertex 21.4217 0.75 29.3671
    endloop
  endfacet
  facet normal -0.609566 0 -0.792736
    outer loop
      vertex 21.4217 1.5 29.3671
      vertex 21.3425 0.75 29.428
      vertex 21.3425 1.5 29.428
    endloop
  endfacet
  facet normal -0.536552 0 -0.843868
    outer loop
      vertex 20.6853 0.75 29.8824
      vertex 20.7696 1.5 29.8288
      vertex 20.7696 0.75 29.8288
    endloop
  endfacet
  facet normal -0.536552 0 -0.843868
    outer loop
      vertex 20.7696 1.5 29.8288
      vertex 20.6853 0.75 29.8824
      vertex 20.6853 1.5 29.8824
    endloop
  endfacet
  facet normal -0.527388 0 -0.849625
    outer loop
      vertex 20.6004 0.75 29.9351
      vertex 20.6853 1.5 29.8824
      vertex 20.6853 0.75 29.8824
    endloop
  endfacet
  facet normal -0.527388 0 -0.849625
    outer loop
      vertex 20.6853 1.5 29.8824
      vertex 20.6004 0.75 29.9351
      vertex 20.6004 1.5 29.9351
    endloop
  endfacet
  facet normal -0.545657 0 -0.838009
    outer loop
      vertex 20.7696 0.75 29.8288
      vertex 20.8533 1.5 29.7743
      vertex 20.8533 0.75 29.7743
    endloop
  endfacet
  facet normal -0.545657 0 -0.838009
    outer loop
      vertex 20.8533 1.5 29.7743
      vertex 20.7696 0.75 29.8288
      vertex 20.7696 1.5 29.8288
    endloop
  endfacet
  facet normal -0.517436 0 -0.855722
    outer loop
      vertex 20.5149 0.75 29.9868
      vertex 20.6004 1.5 29.9351
      vertex 20.6004 0.75 29.9351
    endloop
  endfacet
  facet normal -0.517436 0 -0.855722
    outer loop
      vertex 20.6004 1.5 29.9351
      vertex 20.5149 0.75 29.9868
      vertex 20.5149 1.5 29.9868
    endloop
  endfacet
  facet normal -0.498509 0 -0.866885
    outer loop
      vertex 20.3422 0.75 30.0873
      vertex 20.4288 1.5 30.0375
      vertex 20.4288 0.75 30.0375
    endloop
  endfacet
  facet normal -0.498509 0 -0.866885
    outer loop
      vertex 20.4288 1.5 30.0375
      vertex 20.3422 0.75 30.0873
      vertex 20.3422 1.5 30.0873
    endloop
  endfacet
  facet normal -0.429506 0 -0.903064
    outer loop
      vertex 19.7212 0.75 30.4085
      vertex 19.8114 1.5 30.3656
      vertex 19.8114 0.75 30.3656
    endloop
  endfacet
  facet normal -0.429506 0 -0.903064
    outer loop
      vertex 19.8114 1.5 30.3656
      vertex 19.7212 0.75 30.4085
      vertex 19.7212 1.5 30.4085
    endloop
  endfacet
  facet normal -0.459586 0 -0.888133
    outer loop
      vertex 19.9904 0.75 30.2768
      vertex 20.0791 1.5 30.2309
      vertex 20.0791 0.75 30.2309
    endloop
  endfacet
  facet normal -0.459586 0 -0.888133
    outer loop
      vertex 20.0791 1.5 30.2309
      vertex 19.9904 0.75 30.2768
      vertex 19.9904 1.5 30.2768
    endloop
  endfacet
  facet normal -0.4092 0 -0.912445
    outer loop
      vertex 19.5393 0.75 30.4914
      vertex 19.6305 1.5 30.4505
      vertex 19.6305 0.75 30.4505
    endloop
  endfacet
  facet normal -0.4092 0 -0.912445
    outer loop
      vertex 19.6305 1.5 30.4505
      vertex 19.5393 0.75 30.4914
      vertex 19.5393 1.5 30.4914
    endloop
  endfacet
  facet normal -0.4202 0 -0.907432
    outer loop
      vertex 19.6305 0.75 30.4505
      vertex 19.7212 1.5 30.4085
      vertex 19.7212 0.75 30.4085
    endloop
  endfacet
  facet normal -0.4202 0 -0.907432
    outer loop
      vertex 19.7212 1.5 30.4085
      vertex 19.6305 0.75 30.4505
      vertex 19.6305 1.5 30.4505
    endloop
  endfacet
  facet normal -0.388594 0 -0.921409
    outer loop
      vertex 19.3557 0.75 30.5701
      vertex 19.4477 1.5 30.5313
      vertex 19.4477 0.75 30.5313
    endloop
  endfacet
  facet normal -0.388594 0 -0.921409
    outer loop
      vertex 19.4477 1.5 30.5313
      vertex 19.3557 0.75 30.5701
      vertex 19.3557 1.5 30.5701
    endloop
  endfacet
  facet normal -0.841178 0 -0.540758
    outer loop
      vertex 23.4957 0.75 27.0875
      vertex 23.4417 1.5 27.1715
      vertex 23.4957 1.5 27.0875
    endloop
  endfacet
  facet normal -0.841178 -0 -0.540758
    outer loop
      vertex 23.4417 1.5 27.1715
      vertex 23.4957 0.75 27.0875
      vertex 23.4417 0.75 27.1715
    endloop
  endfacet
  facet normal -0.846533 0 -0.532335
    outer loop
      vertex 23.5489 0.75 27.0029
      vertex 23.4957 1.5 27.0875
      vertex 23.5489 1.5 27.0029
    endloop
  endfacet
  facet normal -0.846533 -0 -0.532335
    outer loop
      vertex 23.4957 1.5 27.0875
      vertex 23.5489 0.75 27.0029
      vertex 23.4957 0.75 27.0875
    endloop
  endfacet
  facet normal -0.853133 0 -0.521693
    outer loop
      vertex 23.601 0.75 26.9177
      vertex 23.5489 1.5 27.0029
      vertex 23.601 1.5 26.9177
    endloop
  endfacet
  facet normal -0.853133 -0 -0.521693
    outer loop
      vertex 23.5489 1.5 27.0029
      vertex 23.601 0.75 26.9177
      vertex 23.5489 0.75 27.0029
    endloop
  endfacet
  facet normal -0.880182 0 -0.474637
    outer loop
      vertex 23.8476 0.75 26.4833
      vertex 23.8002 1.5 26.5712
      vertex 23.8476 1.5 26.4833
    endloop
  endfacet
  facet normal -0.880182 -0 -0.474637
    outer loop
      vertex 23.8002 1.5 26.5712
      vertex 23.8476 0.75 26.4833
      vertex 23.8002 0.75 26.5712
    endloop
  endfacet
  facet normal -0.875476 0 -0.483262
    outer loop
      vertex 23.8002 0.75 26.5712
      vertex 23.7519 1.5 26.6587
      vertex 23.8002 1.5 26.5712
    endloop
  endfacet
  facet normal -0.875476 -0 -0.483262
    outer loop
      vertex 23.7519 1.5 26.6587
      vertex 23.8002 0.75 26.5712
      vertex 23.7519 0.75 26.6587
    endloop
  endfacet
  facet normal -0.864396 0 -0.502812
    outer loop
      vertex 23.7025 0.75 26.7456
      vertex 23.6523 1.5 26.8319
      vertex 23.7025 1.5 26.7456
    endloop
  endfacet
  facet normal -0.864396 -0 -0.502812
    outer loop
      vertex 23.6523 1.5 26.8319
      vertex 23.7025 0.75 26.7456
      vertex 23.6523 0.75 26.8319
    endloop
  endfacet
  facet normal -0.900741 0 -0.434357
    outer loop
      vertex 24.0272 0.75 26.1263
      vertex 23.9838 1.5 26.2163
      vertex 24.0272 1.5 26.1263
    endloop
  endfacet
  facet normal -0.900741 -0 -0.434357
    outer loop
      vertex 23.9838 1.5 26.2163
      vertex 24.0272 0.75 26.1263
      vertex 23.9838 0.75 26.2163
    endloop
  endfacet
  facet normal -0.914635 0 -0.404281
    outer loop
      vertex 24.1514 0.75 25.8536
      vertex 24.111 1.5 25.945
      vertex 24.1514 1.5 25.8536
    endloop
  endfacet
  facet normal -0.914635 -0 -0.404281
    outer loop
      vertex 24.111 1.5 25.945
      vertex 24.1514 0.75 25.8536
      vertex 24.111 0.75 25.945
    endloop
  endfacet
  facet normal -0.910058 0 -0.414482
    outer loop
      vertex 24.111 0.75 25.945
      vertex 24.0696 1.5 26.0359
      vertex 24.111 1.5 25.945
    endloop
  endfacet
  facet normal -0.910058 -0 -0.414482
    outer loop
      vertex 24.0696 1.5 26.0359
      vertex 24.111 0.75 25.945
      vertex 24.0696 0.75 26.0359
    endloop
  endfacet
  facet normal -0.918938 0 -0.394402
    outer loop
      vertex 24.1908 0.75 25.7618
      vertex 24.1514 1.5 25.8536
      vertex 24.1908 1.5 25.7618
    endloop
  endfacet
  facet normal -0.918938 -0 -0.394402
    outer loop
      vertex 24.1514 1.5 25.8536
      vertex 24.1908 0.75 25.7618
      vertex 24.1514 0.75 25.8536
    endloop
  endfacet
  facet normal -0.816024 0 -0.578017
    outer loop
      vertex 23.274 0.75 27.4199
      vertex 23.2162 1.5 27.5015
      vertex 23.274 1.5 27.4199
    endloop
  endfacet
  facet normal -0.816024 -0 -0.578017
    outer loop
      vertex 23.2162 1.5 27.5015
      vertex 23.274 0.75 27.4199
      vertex 23.2162 0.75 27.5015
    endloop
  endfacet
  facet normal -0.731687 0 -0.68164
    outer loop
      vertex 22.5233 0.75 28.3536
      vertex 22.4552 1.5 28.4267
      vertex 22.5233 1.5 28.3536
    endloop
  endfacet
  facet normal -0.731687 -0 -0.68164
    outer loop
      vertex 22.4552 1.5 28.4267
      vertex 22.5233 0.75 28.3536
      vertex 22.4552 0.75 28.4267
    endloop
  endfacet
  facet normal -0.769206 0 -0.639001
    outer loop
      vertex 22.8511 0.75 27.9768
      vertex 22.7873 1.5 28.0536
      vertex 22.8511 1.5 27.9768
    endloop
  endfacet
  facet normal -0.769206 -0 -0.639001
    outer loop
      vertex 22.7873 1.5 28.0536
      vertex 22.8511 0.75 27.9768
      vertex 22.7873 0.75 28.0536
    endloop
  endfacet
  facet normal -0.761371 0 -0.648316
    outer loop
      vertex 22.7873 0.75 28.0536
      vertex 22.7225 1.5 28.1297
      vertex 22.7873 1.5 28.0536
    endloop
  endfacet
  facet normal -0.761371 -0 -0.648316
    outer loop
      vertex 22.7225 1.5 28.1297
      vertex 22.7873 0.75 28.0536
      vertex 22.7225 0.75 28.1297
    endloop
  endfacet
  facet normal -0.746967 0 -0.664861
    outer loop
      vertex 22.6569 0.75 28.2051
      vertex 22.5905 1.5 28.2797
      vertex 22.6569 1.5 28.2051
    endloop
  endfacet
  facet normal -0.746967 -0 -0.664861
    outer loop
      vertex 22.5905 1.5 28.2797
      vertex 22.6569 0.75 28.2051
      vertex 22.5905 0.75 28.2797
    endloop
  endfacet
  facet normal -0.809515 0 -0.587099
    outer loop
      vertex 23.2162 0.75 27.5015
      vertex 23.1576 1.5 27.5823
      vertex 23.2162 1.5 27.5015
    endloop
  endfacet
  facet normal -0.809515 -0 -0.587099
    outer loop
      vertex 23.1576 1.5 27.5823
      vertex 23.2162 0.75 27.5015
      vertex 23.1576 0.75 27.5823
    endloop
  endfacet
  facet normal -0.822696 0 -0.568481
    outer loop
      vertex 23.3308 0.75 27.3377
      vertex 23.274 1.5 27.4199
      vertex 23.3308 1.5 27.3377
    endloop
  endfacet
  facet normal -0.822696 -0 -0.568481
    outer loop
      vertex 23.274 1.5 27.4199
      vertex 23.3308 0.75 27.3377
      vertex 23.274 0.75 27.4199
    endloop
  endfacet
  facet normal -0.796143 0 -0.605109
    outer loop
      vertex 23.0981 0.75 27.6626
      vertex 23.0376 1.5 27.7422
      vertex 23.0981 1.5 27.6626
    endloop
  endfacet
  facet normal -0.796143 -0 -0.605109
    outer loop
      vertex 23.0376 1.5 27.7422
      vertex 23.0981 0.75 27.6626
      vertex 23.0376 0.75 27.7422
    endloop
  endfacet
  facet normal 0.358576 0 -0.9335
    outer loop
      vertex 12.6297 0.75 30.6448
      vertex 12.7229 1.5 30.6806
      vertex 12.7229 0.75 30.6806
    endloop
  endfacet
  facet normal 0.358576 0 -0.9335
    outer loop
      vertex 12.7229 1.5 30.6806
      vertex 12.6297 0.75 30.6448
      vertex 12.6297 1.5 30.6448
    endloop
  endfacet
  facet normal 0.379139 0 -0.92534
    outer loop
      vertex 12.4443 0.75 30.5701
      vertex 12.5368 1.5 30.608
      vertex 12.5368 0.75 30.608
    endloop
  endfacet
  facet normal 0.379139 0 -0.92534
    outer loop
      vertex 12.5368 1.5 30.608
      vertex 12.4443 0.75 30.5701
      vertex 12.4443 1.5 30.5701
    endloop
  endfacet
  facet normal 0.18725 0 -0.982312
    outer loop
      vertex 14.1626 0.75 31.0907
      vertex 14.2607 1.5 31.1094
      vertex 14.2607 0.75 31.1094
    endloop
  endfacet
  facet normal 0.18725 0 -0.982312
    outer loop
      vertex 14.2607 1.5 31.1094
      vertex 14.1626 0.75 31.0907
      vertex 14.1626 1.5 31.0907
    endloop
  endfacet
  facet normal 0.0440454 0 -0.99903
    outer loop
      vertex 15.4506 0.75 31.2488
      vertex 15.5504 1.5 31.2532
      vertex 15.5504 0.75 31.2532
    endloop
  endfacet
  facet normal 0.0440454 0 -0.99903
    outer loop
      vertex 15.5504 1.5 31.2532
      vertex 15.4506 0.75 31.2488
      vertex 15.4506 1.5 31.2488
    endloop
  endfacet
  facet normal 0.033015 0 -0.999455
    outer loop
      vertex 15.5504 0.75 31.2532
      vertex 15.6503 1.5 31.2565
      vertex 15.6503 0.75 31.2565
    endloop
  endfacet
  facet normal 0.033015 0 -0.999455
    outer loop
      vertex 15.6503 1.5 31.2565
      vertex 15.5504 0.75 31.2532
      vertex 15.5504 1.5 31.2532
    endloop
  endfacet
  facet normal 0.0110103 0 -0.999939
    outer loop
      vertex 15.7501 0.75 31.2588
      vertex 15.85 1.5 31.2599
      vertex 15.85 0.75 31.2599
    endloop
  endfacet
  facet normal 0.0110103 0 -0.999939
    outer loop
      vertex 15.85 1.5 31.2599
      vertex 15.7501 0.75 31.2588
      vertex 15.7501 1.5 31.2588
    endloop
  endfacet
  facet normal 0.177211 0 -0.984173
    outer loop
      vertex 14.2607 0.75 31.1094
      vertex 14.359 1.5 31.1271
      vertex 14.359 0.75 31.1271
    endloop
  endfacet
  facet normal 0.177211 0 -0.984173
    outer loop
      vertex 14.359 1.5 31.1271
      vertex 14.2607 0.75 31.1094
      vertex 14.2607 1.5 31.1094
    endloop
  endfacet
  facet normal 0.166021 0 -0.986122
    outer loop
      vertex 14.359 0.75 31.1271
      vertex 14.4576 1.5 31.1437
      vertex 14.4576 0.75 31.1437
    endloop
  endfacet
  facet normal 0.166021 0 -0.986122
    outer loop
      vertex 14.4576 1.5 31.1437
      vertex 14.359 0.75 31.1271
      vertex 14.359 1.5 31.1271
    endloop
  endfacet
  facet normal 0.111091 0 -0.99381
    outer loop
      vertex 14.8533 0.75 31.1989
      vertex 14.9526 1.5 31.21
      vertex 14.9526 0.75 31.21
    endloop
  endfacet
  facet normal 0.111091 0 -0.99381
    outer loop
      vertex 14.9526 1.5 31.21
      vertex 14.8533 0.75 31.1989
      vertex 14.8533 1.5 31.1989
    endloop
  endfacet
  facet normal 0.121199 0 -0.992628
    outer loop
      vertex 14.7542 0.75 31.1868
      vertex 14.8533 1.5 31.1989
      vertex 14.8533 0.75 31.1989
    endloop
  endfacet
  facet normal 0.121199 0 -0.992628
    outer loop
      vertex 14.8533 1.5 31.1989
      vertex 14.7542 0.75 31.1868
      vertex 14.7542 1.5 31.1868
    endloop
  endfacet
  facet normal 0.144225 0 -0.989545
    outer loop
      vertex 14.5563 0.75 31.1591
      vertex 14.6551 1.5 31.1735
      vertex 14.6551 0.75 31.1735
    endloop
  endfacet
  facet normal 0.144225 0 -0.989545
    outer loop
      vertex 14.6551 1.5 31.1735
      vertex 14.5563 0.75 31.1591
      vertex 14.5563 1.5 31.1591
    endloop
  endfacet
  facet normal 0.0661201 0 -0.997812
    outer loop
      vertex 15.2512 0.75 31.2366
      vertex 15.3508 1.5 31.2432
      vertex 15.3508 0.75 31.2432
    endloop
  endfacet
  facet normal 0.0661201 0 -0.997812
    outer loop
      vertex 15.3508 1.5 31.2432
      vertex 15.2512 0.75 31.2366
      vertex 15.2512 1.5 31.2366
    endloop
  endfacet
  facet normal 0.0560241 0 -0.998429
    outer loop
      vertex 15.3508 0.75 31.2432
      vertex 15.4506 1.5 31.2488
      vertex 15.4506 0.75 31.2488
    endloop
  endfacet
  facet normal 0.0560241 0 -0.998429
    outer loop
      vertex 15.4506 1.5 31.2488
      vertex 15.3508 0.75 31.2432
      vertex 15.3508 1.5 31.2432
    endloop
  endfacet
  facet normal 0.306009 0 -0.952029
    outer loop
      vertex 13.0998 0.75 30.8133
      vertex 13.195 1.5 30.8439
      vertex 13.195 0.75 30.8439
    endloop
  endfacet
  facet normal 0.306009 0 -0.952029
    outer loop
      vertex 13.195 1.5 30.8439
      vertex 13.0998 0.75 30.8133
      vertex 13.0998 1.5 30.8133
    endloop
  endfacet
  facet normal 0.368283 0 -0.929714
    outer loop
      vertex 12.5368 0.75 30.608
      vertex 12.6297 1.5 30.6448
      vertex 12.6297 0.75 30.6448
    endloop
  endfacet
  facet normal 0.368283 0 -0.929714
    outer loop
      vertex 12.6297 1.5 30.6448
      vertex 12.5368 0.75 30.608
      vertex 12.5368 1.5 30.608
    endloop
  endfacet
  facet normal 0.220322 0 -0.975427
    outer loop
      vertex 13.8695 0.75 31.028
      vertex 13.9669 1.5 31.05
      vertex 13.9669 0.75 31.05
    endloop
  endfacet
  facet normal 0.220322 0 -0.975427
    outer loop
      vertex 13.9669 1.5 31.05
      vertex 13.8695 0.75 31.028
      vertex 13.8695 1.5 31.028
    endloop
  endfacet
  facet normal 0.231215 0 -0.972903
    outer loop
      vertex 13.7723 0.75 31.0049
      vertex 13.8695 1.5 31.028
      vertex 13.8695 0.75 31.028
    endloop
  endfacet
  facet normal 0.231215 0 -0.972903
    outer loop
      vertex 13.8695 1.5 31.028
      vertex 13.7723 0.75 31.0049
      vertex 13.7723 1.5 31.0049
    endloop
  endfacet
  facet normal 0.209187 0 -0.977876
    outer loop
      vertex 13.9669 0.75 31.05
      vertex 14.0646 1.5 31.0709
      vertex 14.0646 0.75 31.0709
    endloop
  endfacet
  facet normal 0.209187 0 -0.977876
    outer loop
      vertex 14.0646 1.5 31.0709
      vertex 13.9669 0.75 31.05
      vertex 13.9669 1.5 31.05
    endloop
  endfacet
  facet normal 0.274192 0 -0.961675
    outer loop
      vertex 13.3862 0.75 30.9018
      vertex 13.4823 1.5 30.9292
      vertex 13.4823 0.75 30.9292
    endloop
  endfacet
  facet normal 0.274192 0 -0.961675
    outer loop
      vertex 13.4823 1.5 30.9292
      vertex 13.3862 0.75 30.9018
      vertex 13.3862 1.5 30.9018
    endloop
  endfacet
  facet normal 0.252422 0 -0.967617
    outer loop
      vertex 13.5787 0.75 30.9555
      vertex 13.6753 1.5 30.9807
      vertex 13.6753 0.75 30.9807
    endloop
  endfacet
  facet normal 0.252422 0 -0.967617
    outer loop
      vertex 13.6753 1.5 30.9807
      vertex 13.5787 0.75 30.9555
      vertex 13.5787 1.5 30.9555
    endloop
  endfacet
  facet normal 0.242065 0 -0.97026
    outer loop
      vertex 13.6753 0.75 30.9807
      vertex 13.7723 1.5 31.0049
      vertex 13.7723 0.75 31.0049
    endloop
  endfacet
  facet normal 0.242065 0 -0.97026
    outer loop
      vertex 13.7723 1.5 31.0049
      vertex 13.6753 0.75 30.9807
      vertex 13.6753 1.5 30.9807
    endloop
  endfacet
  facet normal 0.4092 0 -0.912445
    outer loop
      vertex 12.1695 0.75 30.4505
      vertex 12.2607 1.5 30.4914
      vertex 12.2607 0.75 30.4914
    endloop
  endfacet
  facet normal 0.4092 0 -0.912445
    outer loop
      vertex 12.2607 1.5 30.4914
      vertex 12.1695 0.75 30.4505
      vertex 12.1695 1.5 30.4505
    endloop
  endfacet
  facet normal 0.5547 0 -0.83205
    outer loop
      vertex 10.8636 0.75 29.7189
      vertex 10.9467 1.5 29.7743
      vertex 10.9467 0.75 29.7743
    endloop
  endfacet
  facet normal 0.5547 0 -0.83205
    outer loop
      vertex 10.9467 1.5 29.7743
      vertex 10.8636 0.75 29.7189
      vertex 10.8636 1.5 29.7189
    endloop
  endfacet
  facet normal 0.4202 0 -0.907432
    outer loop
      vertex 12.0788 0.75 30.4085
      vertex 12.1695 1.5 30.4505
      vertex 12.1695 0.75 30.4505
    endloop
  endfacet
  facet normal 0.4202 0 -0.907432
    outer loop
      vertex 12.1695 1.5 30.4505
      vertex 12.0788 0.75 30.4085
      vertex 12.0788 1.5 30.4085
    endloop
  endfacet
  facet normal 0.399348 0 -0.916799
    outer loop
      vertex 12.2607 0.75 30.4914
      vertex 12.3523 1.5 30.5313
      vertex 12.3523 0.75 30.5313
    endloop
  endfacet
  facet normal 0.399348 0 -0.916799
    outer loop
      vertex 12.3523 1.5 30.5313
      vertex 12.2607 0.75 30.4914
      vertex 12.2607 1.5 30.4914
    endloop
  endfacet
  facet normal 0.545657 0 -0.838009
    outer loop
      vertex 10.9467 0.75 29.7743
      vertex 11.0304 1.5 29.8288
      vertex 11.0304 0.75 29.8288
    endloop
  endfacet
  facet normal 0.545657 0 -0.838009
    outer loop
      vertex 11.0304 1.5 29.8288
      vertex 10.9467 0.75 29.7743
      vertex 10.9467 1.5 29.7743
    endloop
  endfacet
  facet normal 0.536552 0 -0.843868
    outer loop
      vertex 11.0304 0.75 29.8288
      vertex 11.1147 1.5 29.8824
      vertex 11.1147 0.75 29.8824
    endloop
  endfacet
  facet normal 0.536552 0 -0.843868
    outer loop
      vertex 11.1147 1.5 29.8824
      vertex 11.0304 0.75 29.8288
      vertex 11.0304 1.5 29.8288
    endloop
  endfacet
  facet normal 0.48836 0 -0.872643
    outer loop
      vertex 11.4578 0.75 30.0873
      vertex 11.545 1.5 30.1361
      vertex 11.545 0.75 30.1361
    endloop
  endfacet
  facet normal 0.48836 0 -0.872643
    outer loop
      vertex 11.545 1.5 30.1361
      vertex 11.4578 0.75 30.0873
      vertex 11.4578 1.5 30.0873
    endloop
  endfacet
  facet normal 0.429506 0 -0.903064
    outer loop
      vertex 11.9886 0.75 30.3656
      vertex 12.0788 1.5 30.4085
      vertex 12.0788 0.75 30.4085
    endloop
  endfacet
  facet normal 0.429506 0 -0.903064
    outer loop
      vertex 12.0788 1.5 30.4085
      vertex 11.9886 0.75 30.3656
      vertex 11.9886 1.5 30.3656
    endloop
  endfacet
  facet normal 0.685421 0 -0.728147
    outer loop
      vertex 9.69696 0.75 28.7809
      vertex 9.76973 1.5 28.8494
      vertex 9.76973 0.75 28.8494
    endloop
  endfacet
  facet normal 0.685421 0 -0.728147
    outer loop
      vertex 9.76973 1.5 28.8494
      vertex 9.69696 0.75 28.7809
      vertex 9.69696 1.5 28.7809
    endloop
  endfacet
  facet normal 0.652306 0 -0.757956
    outer loop
      vertex 9.99254 0.75 29.0498
      vertex 10.0683 1.5 29.115
      vertex 10.0683 0.75 29.115
    endloop
  endfacet
  facet normal 0.652306 0 -0.757956
    outer loop
      vertex 10.0683 1.5 29.115
      vertex 9.99254 0.75 29.0498
      vertex 9.99254 1.5 29.0498
    endloop
  endfacet
  facet normal 0.668727 0 -0.743508
    outer loop
      vertex 9.84326 0.75 28.917
      vertex 9.91753 1.5 28.9838
      vertex 9.91753 0.75 28.9838
    endloop
  endfacet
  facet normal 0.668727 0 -0.743508
    outer loop
      vertex 9.91753 1.5 28.9838
      vertex 9.84326 0.75 28.917
      vertex 9.84326 1.5 28.917
    endloop
  endfacet
  facet normal 0.599359 0 -0.80048
    outer loop
      vertex 10.4575 0.75 29.428
      vertex 10.5375 1.5 29.4879
      vertex 10.5375 0.75 29.4879
    endloop
  endfacet
  facet normal 0.599359 0 -0.80048
    outer loop
      vertex 10.5375 1.5 29.4879
      vertex 10.4575 0.75 29.428
      vertex 10.4575 1.5 29.428
    endloop
  endfacet
  facet normal 0.617954 0 -0.786214
    outer loop
      vertex 10.2998 0.75 29.3054
      vertex 10.3783 1.5 29.3671
      vertex 10.3783 0.75 29.3671
    endloop
  endfacet
  facet normal 0.617954 0 -0.786214
    outer loop
      vertex 10.3783 1.5 29.3671
      vertex 10.2998 0.75 29.3054
      vertex 10.2998 1.5 29.3054
    endloop
  endfacet
  facet normal 0.923426 0 -0.383777
    outer loop
      vertex 7.60918 0.75 25.7618
      vertex 7.57082 1.5 25.6695
      vertex 7.60918 1.5 25.7618
    endloop
  endfacet
  facet normal 0.923426 0 -0.383777
    outer loop
      vertex 7.57082 1.5 25.6695
      vertex 7.60918 0.75 25.7618
      vertex 7.57082 0.75 25.6695
    endloop
  endfacet
  facet normal 0.935645 0 -0.352943
    outer loop
      vertex 7.49718 0.75 25.4838
      vertex 7.46191 1.5 25.3903
      vertex 7.49718 1.5 25.4838
    endloop
  endfacet
  facet normal 0.935645 0 -0.352943
    outer loop
      vertex 7.46191 1.5 25.3903
      vertex 7.49718 0.75 25.4838
      vertex 7.46191 0.75 25.3903
    endloop
  endfacet
  facet normal 0.943201 0 -0.332223
    outer loop
      vertex 7.42768 0.75 25.2964
      vertex 7.3945 1.5 25.2022
      vertex 7.42768 1.5 25.2964
    endloop
  endfacet
  facet normal 0.943201 0 -0.332223
    outer loop
      vertex 7.3945 1.5 25.2022
      vertex 7.42768 0.75 25.2964
      vertex 7.3945 0.75 25.2022
    endloop
  endfacet
  facet normal 0.974202 0 -0.225678
    outer loop
      vertex 7.14345 0.75 24.3391
      vertex 7.12091 1.5 24.2418
      vertex 7.14345 1.5 24.3391
    endloop
  endfacet
  facet normal 0.974202 0 -0.225678
    outer loop
      vertex 7.12091 1.5 24.2418
      vertex 7.14345 0.75 24.3391
      vertex 7.12091 0.75 24.2418
    endloop
  endfacet
  facet normal 0.97899 0 -0.203906
    outer loop
      vertex 7.09945 0.75 24.1442
      vertex 7.07908 1.5 24.0464
      vertex 7.09945 1.5 24.1442
    endloop
  endfacet
  facet normal 0.97899 0 -0.203906
    outer loop
      vertex 7.07908 1.5 24.0464
      vertex 7.09945 0.75 24.1442
      vertex 7.07908 0.75 24.0464
    endloop
  endfacet
  facet normal 0.968953 0 -0.247243
    outer loop
      vertex 7.19177 0.75 24.533
      vertex 7.16707 1.5 24.4362
      vertex 7.19177 1.5 24.533
    endloop
  endfacet
  facet normal 0.968953 0 -0.247243
    outer loop
      vertex 7.16707 1.5 24.4362
      vertex 7.19177 0.75 24.533
      vertex 7.16707 0.75 24.4362
    endloop
  endfacet
  facet normal 0.957024 0 -0.29001
    outer loop
      vertex 7.30125 0.75 24.9173
      vertex 7.27228 1.5 24.8217
      vertex 7.30125 1.5 24.9173
    endloop
  endfacet
  facet normal 0.957024 0 -0.29001
    outer loop
      vertex 7.27228 1.5 24.8217
      vertex 7.30125 0.75 24.9173
      vertex 7.27228 0.75 24.8217
    endloop
  endfacet
  facet normal 0.999245 0 -0.0388484
    outer loop
      vertex 6.90887 0.75 22.6595
      vertex 6.90499 1.5 22.5597
      vertex 6.90887 1.5 22.6595
    endloop
  endfacet
  facet normal 0.999245 0 -0.0388484
    outer loop
      vertex 6.90499 1.5 22.5597
      vertex 6.90887 0.75 22.6595
      vertex 6.90499 0.75 22.5597
    endloop
  endfacet
  facet normal 0.99986 0 -0.0167144
    outer loop
      vertex 6.90222 0.75 22.4598
      vertex 6.90055 1.5 22.3599
      vertex 6.90222 1.5 22.4598
    endloop
  endfacet
  facet normal 0.99986 0 -0.0167144
    outer loop
      vertex 6.90055 1.5 22.3599
      vertex 6.90222 0.75 22.4598
      vertex 6.90055 0.75 22.3599
    endloop
  endfacet
  facet normal 0.996531 0 -0.0832278
    outer loop
      vertex 6.93547 0.75 23.0582
      vertex 6.92716 1.5 22.9587
      vertex 6.93547 1.5 23.0582
    endloop
  endfacet
  facet normal 0.996531 0 -0.0832278
    outer loop
      vertex 6.92716 1.5 22.9587
      vertex 6.93547 0.75 23.0582
      vertex 6.92716 0.75 22.9587
    endloop
  endfacet
  facet normal 0.998134 0 -0.0610694
    outer loop
      vertex 6.91996 0.75 22.859
      vertex 6.91386 1.5 22.7593
      vertex 6.91996 1.5 22.859
    endloop
  endfacet
  facet normal 0.998134 0 -0.0610694
    outer loop
      vertex 6.91386 1.5 22.7593
      vertex 6.91996 0.75 22.859
      vertex 6.91386 0.75 22.7593
    endloop
  endfacet
  facet normal 0.981173 0 -0.193131
    outer loop
      vertex 7.07908 0.75 24.0464
      vertex 7.05979 1.5 23.9484
      vertex 7.07908 1.5 24.0464
    endloop
  endfacet
  facet normal 0.981173 0 -0.193131
    outer loop
      vertex 7.05979 1.5 23.9484
      vertex 7.07908 0.75 24.0464
      vertex 7.05979 0.75 23.9484
    endloop
  endfacet
  facet normal 0.988804 0 -0.149221
    outer loop
      vertex 7.00847 0.75 23.6531
      vertex 6.99356 1.5 23.5543
      vertex 7.00847 1.5 23.6531
    endloop
  endfacet
  facet normal 0.988804 0 -0.149221
    outer loop
      vertex 6.99356 1.5 23.5543
      vertex 7.00847 0.75 23.6531
      vertex 6.99356 0.75 23.5543
    endloop
  endfacet
  facet normal 0.991863 0 -0.127311
    outer loop
      vertex 6.97974 0.75 23.4554
      vertex 6.96702 1.5 23.3563
      vertex 6.97974 1.5 23.4554
    endloop
  endfacet
  facet normal 0.991863 0 -0.127311
    outer loop
      vertex 6.96702 1.5 23.3563
      vertex 6.97974 0.75 23.4554
      vertex 6.96702 0.75 23.3563
    endloop
  endfacet
  facet normal 0.987073 0 -0.160274
    outer loop
      vertex 7.02448 0.75 23.7517
      vertex 7.00847 1.5 23.6531
      vertex 7.02448 1.5 23.7517
    endloop
  endfacet
  facet normal 0.987073 0 -0.160274
    outer loop
      vertex 7.00847 1.5 23.6531
      vertex 7.02448 0.75 23.7517
      vertex 7.00847 0.75 23.6531
    endloop
  endfacet
  facet normal 0.858595 0 -0.512655
    outer loop
      vertex 8.19896 0.75 26.9177
      vertex 8.14773 1.5 26.8319
      vertex 8.19896 1.5 26.9177
    endloop
  endfacet
  facet normal 0.858595 0 -0.512655
    outer loop
      vertex 8.14773 1.5 26.8319
      vertex 8.19896 0.75 26.9177
      vertex 8.14773 0.75 26.8319
    endloop
  endfacet
  facet normal 0.895744 0 -0.444569
    outer loop
      vertex 7.86063 0.75 26.3058
      vertex 7.81621 1.5 26.2163
      vertex 7.86063 1.5 26.3058
    endloop
  endfacet
  facet normal 0.895744 0 -0.444569
    outer loop
      vertex 7.81621 1.5 26.2163
      vertex 7.86063 0.75 26.3058
      vertex 7.81621 0.75 26.2163
    endloop
  endfacet
  facet normal 0.885696 0 -0.464265
    outer loop
      vertex 7.95243 0.75 26.4833
      vertex 7.90604 1.5 26.3948
      vertex 7.95243 1.5 26.4833
    endloop
  endfacet
  facet normal 0.885696 0 -0.464265
    outer loop
      vertex 7.90604 1.5 26.3948
      vertex 7.95243 0.75 26.4833
      vertex 7.90604 0.75 26.3948
    endloop
  endfacet
  facet normal 0.905286 0 -0.424803
    outer loop
      vertex 7.77279 0.75 26.1263
      vertex 7.73037 1.5 26.0359
      vertex 7.77279 1.5 26.1263
    endloop
  endfacet
  facet normal 0.905286 0 -0.424803
    outer loop
      vertex 7.73037 1.5 26.0359
      vertex 7.77279 0.75 26.1263
      vertex 7.73037 0.75 26.0359
    endloop
  endfacet
  facet normal 0.91002 0 -0.414565
    outer loop
      vertex 7.73037 0.75 26.0359
      vertex 7.68896 1.5 25.945
      vertex 7.73037 1.5 26.0359
    endloop
  endfacet
  facet normal 0.91002 0 -0.414565
    outer loop
      vertex 7.68896 1.5 25.945
      vertex 7.73037 0.75 26.0359
      vertex 7.68896 0.75 25.945
    endloop
  endfacet
  facet normal 0.91901 0 -0.394233
    outer loop
      vertex 7.64856 0.75 25.8536
      vertex 7.60918 1.5 25.7618
      vertex 7.64856 1.5 25.8536
    endloop
  endfacet
  facet normal 0.91901 0 -0.394233
    outer loop
      vertex 7.60918 1.5 25.7618
      vertex 7.64856 0.75 25.8536
      vertex 7.60918 0.75 25.7618
    endloop
  endfacet
  facet normal 0.809325 0 -0.587361
    outer loop
      vertex 8.64241 0.75 27.5823
      vertex 8.58377 1.5 27.5015
      vertex 8.64241 1.5 27.5823
    endloop
  endfacet
  facet normal 0.809325 0 -0.587361
    outer loop
      vertex 8.58377 1.5 27.5015
      vertex 8.64241 0.75 27.5823
      vertex 8.58377 0.75 27.5015
    endloop
  endfacet
  facet normal 0.822556 0 -0.568684
    outer loop
      vertex 8.52604 0.75 27.4199
      vertex 8.46921 1.5 27.3377
      vertex 8.52604 1.5 27.4199
    endloop
  endfacet
  facet normal 0.822556 0 -0.568684
    outer loop
      vertex 8.46921 1.5 27.3377
      vertex 8.52604 0.75 27.4199
      vertex 8.46921 0.75 27.3377
    endloop
  endfacet
  facet normal 0.782769 0 -0.622312
    outer loop
      vertex 8.88582 0.75 27.8993
      vertex 8.82365 1.5 27.8211
      vertex 8.88582 1.5 27.8993
    endloop
  endfacet
  facet normal 0.782769 0 -0.622312
    outer loop
      vertex 8.82365 1.5 27.8211
      vertex 8.88582 0.75 27.8993
      vertex 8.82365 0.75 27.8211
    endloop
  endfacet
  facet normal 0.796577 0 -0.604538
    outer loop
      vertex 8.76235 0.75 27.7422
      vertex 8.70194 1.5 27.6626
      vertex 8.76235 1.5 27.7422
    endloop
  endfacet
  facet normal 0.796577 0 -0.604538
    outer loop
      vertex 8.70194 1.5 27.6626
      vertex 8.76235 0.75 27.7422
      vertex 8.70194 0.75 27.6626
    endloop
  endfacet
  facet normal 0.746917 0 -0.664917
    outer loop
      vertex 9.20947 0.75 28.2797
      vertex 9.14306 1.5 28.2051
      vertex 9.20947 1.5 28.2797
    endloop
  endfacet
  facet normal 0.746917 0 -0.664917
    outer loop
      vertex 9.14306 1.5 28.2051
      vertex 9.20947 0.75 28.2797
      vertex 9.14306 0.75 28.2051
    endloop
  endfacet
  facet normal 0.717287 0 -0.696778
    outer loop
      vertex 9.48327 0.75 28.5708
      vertex 9.41362 1.5 28.4991
      vertex 9.48327 1.5 28.5708
    endloop
  endfacet
  facet normal 0.717287 0 -0.696778
    outer loop
      vertex 9.41362 1.5 28.4991
      vertex 9.48327 0.75 28.5708
      vertex 9.41362 0.75 28.4991
    endloop
  endfacet
  facet normal 0.731887 0 -0.681426
    outer loop
      vertex 9.34476 0.75 28.4267
      vertex 9.2767 1.5 28.3536
      vertex 9.34476 1.5 28.4267
    endloop
  endfacet
  facet normal 0.731887 0 -0.681426
    outer loop
      vertex 9.2767 1.5 28.3536
      vertex 9.34476 0.75 28.4267
      vertex 9.2767 0.75 28.3536
    endloop
  endfacet
  facet normal 0.708857 0 -0.705352
    outer loop
      vertex 9.55372 0.75 28.6416
      vertex 9.48327 1.5 28.5708
      vertex 9.55372 1.5 28.6416
    endloop
  endfacet
  facet normal 0.708857 0 -0.705352
    outer loop
      vertex 9.48327 1.5 28.5708
      vertex 9.55372 0.75 28.6416
      vertex 9.48327 0.75 28.5708
    endloop
  endfacet
  facet normal -0.998134 0 0.0610694
    outer loop
      vertex 24.88 0.75 21.661
      vertex 24.8861 1.5 21.7607
      vertex 24.88 1.5 21.661
    endloop
  endfacet
  facet normal -0.998134 0 0.0610694
    outer loop
      vertex 24.8861 1.5 21.7607
      vertex 24.88 0.75 21.661
      vertex 24.8861 0.75 21.7607
    endloop
  endfacet
  facet normal -0.998747 0 0.0500374
    outer loop
      vertex 24.8861 0.75 21.7607
      vertex 24.8911 1.5 21.8605
      vertex 24.8861 1.5 21.7607
    endloop
  endfacet
  facet normal -0.998747 0 0.0500374
    outer loop
      vertex 24.8911 1.5 21.8605
      vertex 24.8861 0.75 21.7607
      vertex 24.8911 0.75 21.8605
    endloop
  endfacet
  facet normal -0.997403 0 0.0720291
    outer loop
      vertex 24.8728 0.75 21.5613
      vertex 24.88 1.5 21.661
      vertex 24.8728 1.5 21.5613
    endloop
  endfacet
  facet normal -0.997403 0 0.0720291
    outer loop
      vertex 24.88 1.5 21.661
      vertex 24.8728 0.75 21.5613
      vertex 24.88 0.75 21.661
    endloop
  endfacet
  facet normal -0.996539 0 0.0831284
    outer loop
      vertex 24.8645 0.75 21.4618
      vertex 24.8728 1.5 21.5613
      vertex 24.8645 1.5 21.4618
    endloop
  endfacet
  facet normal -0.996539 0 0.0831284
    outer loop
      vertex 24.8728 1.5 21.5613
      vertex 24.8645 0.75 21.4618
      vertex 24.8728 0.75 21.5613
    endloop
  endfacet
  facet normal -0.994456 0 0.105154
    outer loop
      vertex 24.8446 0.75 21.263
      vertex 24.8551 1.5 21.3623
      vertex 24.8446 1.5 21.263
    endloop
  endfacet
  facet normal -0.994456 0 0.105154
    outer loop
      vertex 24.8551 1.5 21.3623
      vertex 24.8446 0.75 21.263
      vertex 24.8551 0.75 21.3623
    endloop
  endfacet
  facet normal -0.995567 0 0.0940536
    outer loop
      vertex 24.8551 0.75 21.3623
      vertex 24.8645 1.5 21.4618
      vertex 24.8551 1.5 21.3623
    endloop
  endfacet
  facet normal -0.995567 0 0.0940536
    outer loop
      vertex 24.8645 1.5 21.4618
      vertex 24.8551 0.75 21.3623
      vertex 24.8645 0.75 21.4618
    endloop
  endfacet
  facet normal -0.981154 0 0.193227
    outer loop
      vertex 24.7209 0.75 20.4736
      vertex 24.7402 1.5 20.5716
      vertex 24.7209 1.5 20.4736
    endloop
  endfacet
  facet normal -0.981154 0 0.193227
    outer loop
      vertex 24.7402 1.5 20.5716
      vertex 24.7209 0.75 20.4736
      vertex 24.7402 0.75 20.5716
    endloop
  endfacet
  facet normal -0.988819 0 0.149123
    outer loop
      vertex 24.7915 0.75 20.8669
      vertex 24.8064 1.5 20.9657
      vertex 24.7915 1.5 20.8669
    endloop
  endfacet
  facet normal -0.988819 0 0.149123
    outer loop
      vertex 24.8064 1.5 20.9657
      vertex 24.7915 0.75 20.8669
      vertex 24.8064 0.75 20.9657
    endloop
  endfacet
  facet normal -0.990267 0 0.139178
    outer loop
      vertex 24.8064 0.75 20.9657
      vertex 24.8203 1.5 21.0646
      vertex 24.8064 1.5 20.9657
    endloop
  endfacet
  facet normal -0.990267 0 0.139178
    outer loop
      vertex 24.8203 1.5 21.0646
      vertex 24.8064 0.75 20.9657
      vertex 24.8203 0.75 21.0646
    endloop
  endfacet
  facet normal -0.931553 0 0.363606
    outer loop
      vertex 24.2665 0.75 18.9432
      vertex 24.3028 1.5 19.0362
      vertex 24.2665 1.5 18.9432
    endloop
  endfacet
  facet normal -0.931553 0 0.363606
    outer loop
      vertex 24.3028 1.5 19.0362
      vertex 24.2665 0.75 18.9432
      vertex 24.3028 0.75 19.0362
    endloop
  endfacet
  facet normal -0.953568 0 0.301179
    outer loop
      vertex 24.4687 0.75 19.5074
      vertex 24.4988 1.5 19.6027
      vertex 24.4687 1.5 19.5074
    endloop
  endfacet
  facet normal -0.953568 0 0.301179
    outer loop
      vertex 24.4988 1.5 19.6027
      vertex 24.4687 0.75 19.5074
      vertex 24.4988 0.75 19.6027
    endloop
  endfacet
  facet normal -0.939618 0 0.342225
    outer loop
      vertex 24.3381 0.75 19.1297
      vertex 24.3723 1.5 19.2236
      vertex 24.3381 1.5 19.1297
    endloop
  endfacet
  facet normal -0.939618 0 0.342225
    outer loop
      vertex 24.3723 1.5 19.2236
      vertex 24.3381 0.75 19.1297
      vertex 24.3723 0.75 19.2236
    endloop
  endfacet
  facet normal -0.96019 0 0.279346
    outer loop
      vertex 24.5277 0.75 19.6983
      vertex 24.5556 1.5 19.7942
      vertex 24.5277 1.5 19.6983
    endloop
  endfacet
  facet normal -0.96019 0 0.279346
    outer loop
      vertex 24.5556 1.5 19.7942
      vertex 24.5277 0.75 19.6983
      vertex 24.5556 0.75 19.7942
    endloop
  endfacet
  facet normal -0.900741 0 0.434357
    outer loop
      vertex 23.9838 0.75 18.3037
      vertex 24.0272 1.5 18.3937
      vertex 23.9838 1.5 18.3037
    endloop
  endfacet
  facet normal -0.900741 0 0.434357
    outer loop
      vertex 24.0272 1.5 18.3937
      vertex 23.9838 0.75 18.3037
      vertex 24.0272 0.75 18.3937
    endloop
  endfacet
  facet normal -0.905363 0 0.424639
    outer loop
      vertex 24.0272 0.75 18.3937
      vertex 24.0696 1.5 18.4841
      vertex 24.0272 1.5 18.3937
    endloop
  endfacet
  facet normal -0.905363 0 0.424639
    outer loop
      vertex 24.0696 1.5 18.4841
      vertex 24.0272 0.75 18.3937
      vertex 24.0696 0.75 18.4841
    endloop
  endfacet
  facet normal -0.885655 0 0.464344
    outer loop
      vertex 23.8476 0.75 18.0367
      vertex 23.894 1.5 18.1252
      vertex 23.8476 1.5 18.0367
    endloop
  endfacet
  facet normal -0.885655 0 0.464344
    outer loop
      vertex 23.894 1.5 18.1252
      vertex 23.8476 0.75 18.0367
      vertex 23.894 0.75 18.1252
    endloop
  endfacet
  facet normal -0.834812 0 0.550535
    outer loop
      vertex 23.3867 0.75 17.2651
      vertex 23.4417 1.5 17.3485
      vertex 23.3867 1.5 17.2651
    endloop
  endfacet
  facet normal -0.834812 0 0.550535
    outer loop
      vertex 23.4417 1.5 17.3485
      vertex 23.3867 0.75 17.2651
      vertex 23.4417 0.75 17.3485
    endloop
  endfacet
  facet normal -0.875476 0 0.483262
    outer loop
      vertex 23.7519 0.75 17.8613
      vertex 23.8002 1.5 17.9488
      vertex 23.7519 1.5 17.8613
    endloop
  endfacet
  facet normal -0.875476 0 0.483262
    outer loop
      vertex 23.8002 1.5 17.9488
      vertex 23.7519 0.75 17.8613
      vertex 23.8002 0.75 17.9488
    endloop
  endfacet
  facet normal -0.846533 0 0.532335
    outer loop
      vertex 23.4957 0.75 17.4325
      vertex 23.5489 1.5 17.5171
      vertex 23.4957 1.5 17.4325
    endloop
  endfacet
  facet normal -0.846533 0 0.532335
    outer loop
      vertex 23.5489 1.5 17.5171
      vertex 23.4957 0.75 17.4325
      vertex 23.5489 0.75 17.5171
    endloop
  endfacet
  facet normal -0.775471 0 0.631383
    outer loop
      vertex 22.8511 0.75 16.5432
      vertex 22.9142 1.5 16.6207
      vertex 22.8511 1.5 16.5432
    endloop
  endfacet
  facet normal -0.775471 0 0.631383
    outer loop
      vertex 22.9142 1.5 16.6207
      vertex 22.8511 0.75 16.5432
      vertex 22.9142 0.75 16.6207
    endloop
  endfacet
  facet normal -0.789675 0 0.613525
    outer loop
      vertex 22.9763 0.75 16.6989
      vertex 23.0376 1.5 16.7778
      vertex 22.9763 1.5 16.6989
    endloop
  endfacet
  facet normal -0.789675 0 0.613525
    outer loop
      vertex 23.0376 1.5 16.7778
      vertex 22.9763 0.75 16.6989
      vertex 23.0376 0.75 16.7778
    endloop
  endfacet
  facet normal -0.754433 0 0.656377
    outer loop
      vertex 22.6569 0.75 16.3149
      vertex 22.7225 1.5 16.3903
      vertex 22.6569 1.5 16.3149
    endloop
  endfacet
  facet normal -0.754433 0 0.656377
    outer loop
      vertex 22.7225 1.5 16.3903
      vertex 22.6569 0.75 16.3149
      vertex 22.7225 0.75 16.3903
    endloop
  endfacet
  facet normal -0.64392 0 0.765093
    outer loop
      vertex 21.6553 1.5 15.3407
      vertex 21.7317 0.75 15.405
      vertex 21.7317 1.5 15.405
    endloop
  endfacet
  facet normal -0.64392 0 0.765093
    outer loop
      vertex 21.7317 0.75 15.405
      vertex 21.6553 1.5 15.3407
      vertex 21.6553 0.75 15.3407
    endloop
  endfacet
  facet normal -0.635251 0 0.772306
    outer loop
      vertex 21.5781 1.5 15.2772
      vertex 21.6553 0.75 15.3407
      vertex 21.6553 1.5 15.3407
    endloop
  endfacet
  facet normal -0.635251 0 0.772306
    outer loop
      vertex 21.6553 0.75 15.3407
      vertex 21.5781 1.5 15.2772
      vertex 21.5781 0.75 15.2772
    endloop
  endfacet
  facet normal -0.564361 0 0.825528
    outer loop
      vertex 20.9364 1.5 14.8011
      vertex 21.0189 0.75 14.8575
      vertex 21.0189 1.5 14.8575
    endloop
  endfacet
  facet normal -0.564361 0 0.825528
    outer loop
      vertex 21.0189 0.75 14.8575
      vertex 20.9364 1.5 14.8011
      vertex 20.9364 0.75 14.8011
    endloop
  endfacet
  facet normal -0.459586 0 0.888133
    outer loop
      vertex 19.9904 1.5 14.2432
      vertex 20.0791 0.75 14.2891
      vertex 20.0791 1.5 14.2891
    endloop
  endfacet
  facet normal -0.459586 0 0.888133
    outer loop
      vertex 20.0791 0.75 14.2891
      vertex 19.9904 1.5 14.2432
      vertex 19.9904 0.75 14.2432
    endloop
  endfacet
  facet normal -0.429506 0 0.903064
    outer loop
      vertex 19.7212 1.5 14.1115
      vertex 19.8114 0.75 14.1544
      vertex 19.8114 1.5 14.1544
    endloop
  endfacet
  facet normal -0.429506 0 0.903064
    outer loop
      vertex 19.8114 0.75 14.1544
      vertex 19.7212 1.5 14.1115
      vertex 19.7212 0.75 14.1115
    endloop
  endfacet
  facet normal -0.439587 0 0.8982
    outer loop
      vertex 19.8114 1.5 14.1544
      vertex 19.9011 0.75 14.1983
      vertex 19.9011 1.5 14.1983
    endloop
  endfacet
  facet normal -0.439587 0 0.8982
    outer loop
      vertex 19.9011 0.75 14.1983
      vertex 19.8114 1.5 14.1544
      vertex 19.8114 0.75 14.1544
    endloop
  endfacet
  facet normal -0.479343 0 0.877628
    outer loop
      vertex 20.1673 1.5 14.336
      vertex 20.255 0.75 14.3839
      vertex 20.255 1.5 14.3839
    endloop
  endfacet
  facet normal -0.479343 0 0.877628
    outer loop
      vertex 20.255 0.75 14.3839
      vertex 20.1673 1.5 14.336
      vertex 20.1673 0.75 14.336
    endloop
  endfacet
  facet normal -0.02304 0 0.999735
    outer loop
      vertex 16.0499 1.5 13.2612
      vertex 16.1497 0.75 13.2635
      vertex 16.1497 1.5 13.2635
    endloop
  endfacet
  facet normal -0.02304 0 0.999735
    outer loop
      vertex 16.1497 0.75 13.2635
      vertex 16.0499 1.5 13.2612
      vertex 16.0499 0.75 13.2612
    endloop
  endfacet
  facet normal -0.0110103 0 0.999939
    outer loop
      vertex 15.95 1.5 13.2601
      vertex 16.0499 0.75 13.2612
      vertex 16.0499 1.5 13.2612
    endloop
  endfacet
  facet normal -0.0110103 0 0.999939
    outer loop
      vertex 16.0499 0.75 13.2612
      vertex 15.95 1.5 13.2601
      vertex 15.95 0.75 13.2601
    endloop
  endfacet
  facet normal -0.121199 0 0.992628
    outer loop
      vertex 16.9467 1.5 13.3211
      vertex 17.0458 0.75 13.3332
      vertex 17.0458 1.5 13.3332
    endloop
  endfacet
  facet normal -0.121199 0 0.992628
    outer loop
      vertex 17.0458 0.75 13.3332
      vertex 16.9467 1.5 13.3211
      vertex 16.9467 0.75 13.3211
    endloop
  endfacet
  facet normal -0.306301 0 0.951935
    outer loop
      vertex 18.605 1.5 13.6761
      vertex 18.7001 0.75 13.7067
      vertex 18.7001 1.5 13.7067
    endloop
  endfacet
  facet normal -0.306301 0 0.951935
    outer loop
      vertex 18.7001 0.75 13.7067
      vertex 18.605 1.5 13.6761
      vertex 18.605 0.75 13.6761
    endloop
  endfacet
  facet normal -0.231215 0 0.972903
    outer loop
      vertex 17.9305 1.5 13.492
      vertex 18.0277 0.75 13.5151
      vertex 18.0277 1.5 13.5151
    endloop
  endfacet
  facet normal -0.231215 0 0.972903
    outer loop
      vertex 18.0277 0.75 13.5151
      vertex 17.9305 1.5 13.492
      vertex 17.9305 0.75 13.492
    endloop
  endfacet
  facet normal -0.284225 0 0.958758
    outer loop
      vertex 18.4138 1.5 13.6182
      vertex 18.5096 0.75 13.6466
      vertex 18.5096 1.5 13.6466
    endloop
  endfacet
  facet normal -0.284225 0 0.958758
    outer loop
      vertex 18.5096 0.75 13.6466
      vertex 18.4138 1.5 13.6182
      vertex 18.4138 0.75 13.6182
    endloop
  endfacet
  facet normal 0.931553 -0 0.363606
    outer loop
      vertex 7.49718 0.75 19.0362
      vertex 7.53348 1.5 18.9432
      vertex 7.49718 1.5 19.0362
    endloop
  endfacet
  facet normal 0.931553 0 0.363606
    outer loop
      vertex 7.53348 1.5 18.9432
      vertex 7.49718 0.75 19.0362
      vertex 7.53348 0.75 18.9432
    endloop
  endfacet
  facet normal 0.927577 -0 0.373632
    outer loop
      vertex 7.53348 0.75 18.9432
      vertex 7.57082 1.5 18.8505
      vertex 7.53348 1.5 18.9432
    endloop
  endfacet
  facet normal 0.927577 0 0.373632
    outer loop
      vertex 7.57082 1.5 18.8505
      vertex 7.53348 0.75 18.9432
      vertex 7.57082 0.75 18.8505
    endloop
  endfacet
  facet normal 0.999985 -0 0.00550542
    outer loop
      vertex 6.9 0.75 22.26
      vertex 6.90055 1.5 22.1601
      vertex 6.9 1.5 22.26
    endloop
  endfacet
  facet normal 0.999985 0 0.00550542
    outer loop
      vertex 6.90055 1.5 22.1601
      vertex 6.9 0.75 22.26
      vertex 6.90055 0.75 22.1601
    endloop
  endfacet
  facet normal 0.999616 -0 0.0277171
    outer loop
      vertex 6.90222 0.75 22.0602
      vertex 6.90499 1.5 21.9603
      vertex 6.90222 1.5 22.0602
    endloop
  endfacet
  facet normal 0.999616 0 0.0277171
    outer loop
      vertex 6.90499 1.5 21.9603
      vertex 6.90222 0.75 22.0602
      vertex 6.90499 0.75 21.9603
    endloop
  endfacet
  facet normal 0.983255 -0 0.182233
    outer loop
      vertex 7.04159 0.75 20.6698
      vertex 7.05979 1.5 20.5716
      vertex 7.04159 1.5 20.6698
    endloop
  endfacet
  facet normal 0.983255 0 0.182233
    outer loop
      vertex 7.05979 1.5 20.5716
      vertex 7.04159 0.75 20.6698
      vertex 7.05979 0.75 20.5716
    endloop
  endfacet
  facet normal 0.990377 -0 0.138392
    outer loop
      vertex 6.97974 0.75 21.0646
      vertex 6.99356 1.5 20.9657
      vertex 6.97974 1.5 21.0646
    endloop
  endfacet
  facet normal 0.990377 0 0.138392
    outer loop
      vertex 6.99356 1.5 20.9657
      vertex 6.97974 0.75 21.0646
      vertex 6.99356 0.75 20.9657
    endloop
  endfacet
  facet normal 0.994435 -0 0.105352
    outer loop
      vertex 6.94488 0.75 21.3623
      vertex 6.9554 1.5 21.263
      vertex 6.94488 1.5 21.3623
    endloop
  endfacet
  facet normal 0.994435 0 0.105352
    outer loop
      vertex 6.9554 1.5 21.263
      vertex 6.94488 0.75 21.3623
      vertex 6.9554 0.75 21.263
    endloop
  endfacet
  facet normal 0.953769 -0 0.300542
    outer loop
      vertex 7.30125 0.75 19.6027
      vertex 7.33128 1.5 19.5074
      vertex 7.30125 1.5 19.6027
    endloop
  endfacet
  facet normal 0.953769 0 0.300542
    outer loop
      vertex 7.33128 1.5 19.5074
      vertex 7.30125 0.75 19.6027
      vertex 7.33128 0.75 19.5074
    endloop
  endfacet
  facet normal 0.97667 -0 0.214747
    outer loop
      vertex 7.09945 0.75 20.3758
      vertex 7.12091 1.5 20.2782
      vertex 7.09945 1.5 20.3758
    endloop
  endfacet
  facet normal 0.97667 0 0.214747
    outer loop
      vertex 7.12091 1.5 20.2782
      vertex 7.09945 0.75 20.3758
      vertex 7.12091 0.75 20.2782
    endloop
  endfacet
  facet normal 0.960164 -0 0.279439
    outer loop
      vertex 7.24437 0.75 19.7942
      vertex 7.27228 1.5 19.6983
      vertex 7.24437 1.5 19.7942
    endloop
  endfacet
  facet normal 0.960164 0 0.279439
    outer loop
      vertex 7.27228 1.5 19.6983
      vertex 7.24437 0.75 19.7942
      vertex 7.27228 0.75 19.6983
    endloop
  endfacet
  facet normal 0.875264 -0 0.483646
    outer loop
      vertex 7.9998 0.75 17.9488
      vertex 8.04815 1.5 17.8613
      vertex 7.9998 1.5 17.9488
    endloop
  endfacet
  facet normal 0.875264 0 0.483646
    outer loop
      vertex 8.04815 1.5 17.8613
      vertex 7.9998 0.75 17.9488
      vertex 8.04815 0.75 17.8613
    endloop
  endfacet
  facet normal 0.885696 -0 0.464265
    outer loop
      vertex 7.90604 0.75 18.1252
      vertex 7.95243 1.5 18.0367
      vertex 7.90604 1.5 18.1252
    endloop
  endfacet
  facet normal 0.885696 0 0.464265
    outer loop
      vertex 7.95243 1.5 18.0367
      vertex 7.90604 0.75 18.1252
      vertex 7.95243 0.75 18.0367
    endloop
  endfacet
  facet normal 0.890754 -0 0.454485
    outer loop
      vertex 7.86063 0.75 18.2142
      vertex 7.90604 1.5 18.1252
      vertex 7.86063 1.5 18.2142
    endloop
  endfacet
  facet normal 0.890754 0 0.454485
    outer loop
      vertex 7.90604 1.5 18.1252
      vertex 7.86063 0.75 18.2142
      vertex 7.90604 0.75 18.1252
    endloop
  endfacet
  facet normal 0.91002 -0 0.414565
    outer loop
      vertex 7.68896 0.75 18.575
      vertex 7.73037 1.5 18.4841
      vertex 7.68896 1.5 18.575
    endloop
  endfacet
  facet normal 0.91002 0 0.414565
    outer loop
      vertex 7.73037 1.5 18.4841
      vertex 7.68896 0.75 18.575
      vertex 7.73037 0.75 18.4841
    endloop
  endfacet
  facet normal 0.768763 -0 0.639534
    outer loop
      vertex 8.94885 0.75 16.5432
      vertex 9.01274 1.5 16.4664
      vertex 8.94885 1.5 16.5432
    endloop
  endfacet
  facet normal 0.768763 0 0.639534
    outer loop
      vertex 9.01274 1.5 16.4664
      vertex 8.94885 0.75 16.5432
      vertex 9.01274 0.75 16.4664
    endloop
  endfacet
  facet normal 0.746917 -0 0.664917
    outer loop
      vertex 9.14306 0.75 16.3149
      vertex 9.20947 1.5 16.2403
      vertex 9.14306 1.5 16.3149
    endloop
  endfacet
  facet normal 0.746917 0 0.664917
    outer loop
      vertex 9.20947 1.5 16.2403
      vertex 9.14306 0.75 16.3149
      vertex 9.20947 0.75 16.2403
    endloop
  endfacet
  facet normal 0.754532 -0 0.656263
    outer loop
      vertex 9.07748 0.75 16.3903
      vertex 9.14306 1.5 16.3149
      vertex 9.07748 1.5 16.3903
    endloop
  endfacet
  facet normal 0.754532 0 0.656263
    outer loop
      vertex 9.14306 1.5 16.3149
      vertex 9.07748 0.75 16.3903
      vertex 9.14306 0.75 16.3149
    endloop
  endfacet
  facet normal 0.809325 -0 0.587361
    outer loop
      vertex 8.58377 0.75 17.0185
      vertex 8.64241 1.5 16.9377
      vertex 8.58377 1.5 17.0185
    endloop
  endfacet
  facet normal 0.809325 0 0.587361
    outer loop
      vertex 8.64241 1.5 16.9377
      vertex 8.58377 0.75 17.0185
      vertex 8.64241 0.75 16.9377
    endloop
  endfacet
  facet normal 0.782769 -0 0.622312
    outer loop
      vertex 8.82365 0.75 16.6989
      vertex 8.88582 1.5 16.6207
      vertex 8.82365 1.5 16.6989
    endloop
  endfacet
  facet normal 0.782769 0 0.622312
    outer loop
      vertex 8.88582 1.5 16.6207
      vertex 8.82365 0.75 16.6989
      vertex 8.88582 0.75 16.6207
    endloop
  endfacet
  facet normal 0.252422 0 0.967617
    outer loop
      vertex 13.5787 1.5 13.5645
      vertex 13.6753 0.75 13.5393
      vertex 13.6753 1.5 13.5393
    endloop
  endfacet
  facet normal 0.252422 0 0.967617
    outer loop
      vertex 13.6753 0.75 13.5393
      vertex 13.5787 1.5 13.5645
      vertex 13.5787 0.75 13.5645
    endloop
  endfacet
  facet normal 0.263202 0 0.964741
    outer loop
      vertex 13.4823 1.5 13.5908
      vertex 13.5787 0.75 13.5645
      vertex 13.5787 1.5 13.5645
    endloop
  endfacet
  facet normal 0.263202 0 0.964741
    outer loop
      vertex 13.5787 0.75 13.5645
      vertex 13.4823 1.5 13.5908
      vertex 13.4823 0.75 13.5908
    endloop
  endfacet
  facet normal 0.177211 0 0.984173
    outer loop
      vertex 14.2607 1.5 13.4106
      vertex 14.359 0.75 13.3929
      vertex 14.359 1.5 13.3929
    endloop
  endfacet
  facet normal 0.177211 0 0.984173
    outer loop
      vertex 14.359 0.75 13.3929
      vertex 14.2607 1.5 13.4106
      vertex 14.2607 0.75 13.4106
    endloop
  endfacet
  facet normal 0.154163 0 0.988045
    outer loop
      vertex 14.4576 1.5 13.3763
      vertex 14.5563 0.75 13.3609
      vertex 14.5563 1.5 13.3609
    endloop
  endfacet
  facet normal 0.154163 0 0.988045
    outer loop
      vertex 14.5563 0.75 13.3609
      vertex 14.4576 1.5 13.3763
      vertex 14.4576 0.75 13.3763
    endloop
  endfacet
  facet normal 0.18725 0 0.982312
    outer loop
      vertex 14.1626 1.5 13.4293
      vertex 14.2607 0.75 13.4106
      vertex 14.2607 1.5 13.4106
    endloop
  endfacet
  facet normal 0.18725 0 0.982312
    outer loop
      vertex 14.2607 0.75 13.4106
      vertex 14.1626 1.5 13.4293
      vertex 14.1626 0.75 13.4293
    endloop
  endfacet
  facet normal 0.133015 0 0.991114
    outer loop
      vertex 14.6551 1.5 13.3465
      vertex 14.7542 0.75 13.3332
      vertex 14.7542 1.5 13.3332
    endloop
  endfacet
  facet normal 0.133015 0 0.991114
    outer loop
      vertex 14.7542 0.75 13.3332
      vertex 14.6551 1.5 13.3465
      vertex 14.6551 0.75 13.3465
    endloop
  endfacet
  facet normal 0.033015 0 0.999455
    outer loop
      vertex 15.5504 1.5 13.2668
      vertex 15.6503 0.75 13.2635
      vertex 15.6503 1.5 13.2635
    endloop
  endfacet
  facet normal 0.033015 0 0.999455
    outer loop
      vertex 15.6503 0.75 13.2635
      vertex 15.5504 1.5 13.2668
      vertex 15.5504 0.75 13.2668
    endloop
  endfacet
  facet normal 0.545657 0 0.838009
    outer loop
      vertex 10.9467 1.5 14.7457
      vertex 11.0304 0.75 14.6912
      vertex 11.0304 1.5 14.6912
    endloop
  endfacet
  facet normal 0.545657 0 0.838009
    outer loop
      vertex 11.0304 0.75 14.6912
      vertex 10.9467 1.5 14.7457
      vertex 10.9467 0.75 14.7457
    endloop
  endfacet
  facet normal 0.527388 0 0.849625
    outer loop
      vertex 11.1147 1.5 14.6376
      vertex 11.1996 0.75 14.5849
      vertex 11.1996 1.5 14.5849
    endloop
  endfacet
  facet normal 0.527388 0 0.849625
    outer loop
      vertex 11.1996 0.75 14.5849
      vertex 11.1147 1.5 14.6376
      vertex 11.1147 0.75 14.6376
    endloop
  endfacet
  facet normal 0.5547 0 0.83205
    outer loop
      vertex 10.8636 1.5 14.8011
      vertex 10.9467 0.75 14.7457
      vertex 10.9467 1.5 14.7457
    endloop
  endfacet
  facet normal 0.5547 0 0.83205
    outer loop
      vertex 10.9467 0.75 14.7457
      vertex 10.8636 1.5 14.8011
      vertex 10.8636 0.75 14.8011
    endloop
  endfacet
  facet normal 0.48836 0 0.872643
    outer loop
      vertex 11.4578 1.5 14.4327
      vertex 11.545 0.75 14.3839
      vertex 11.545 1.5 14.3839
    endloop
  endfacet
  facet normal 0.48836 0 0.872643
    outer loop
      vertex 11.545 0.75 14.3839
      vertex 11.4578 1.5 14.4327
      vertex 11.4578 0.75 14.4327
    endloop
  endfacet
  facet normal 0.449213 0 0.893424
    outer loop
      vertex 11.8096 1.5 14.2432
      vertex 11.8989 0.75 14.1983
      vertex 11.8989 1.5 14.1983
    endloop
  endfacet
  facet normal 0.449213 0 0.893424
    outer loop
      vertex 11.8989 0.75 14.1983
      vertex 11.8096 1.5 14.2432
      vertex 11.8096 0.75 14.2432
    endloop
  endfacet
  facet normal 0.439587 0 0.8982
    outer loop
      vertex 11.8989 1.5 14.1983
      vertex 11.9886 0.75 14.1544
      vertex 11.9886 1.5 14.1544
    endloop
  endfacet
  facet normal 0.439587 0 0.8982
    outer loop
      vertex 11.9886 0.75 14.1544
      vertex 11.8989 1.5 14.1983
      vertex 11.8989 0.75 14.1983
    endloop
  endfacet
  facet normal 0.64392 0 0.765093
    outer loop
      vertex 10.0683 1.5 15.405
      vertex 10.1447 0.75 15.3407
      vertex 10.1447 1.5 15.3407
    endloop
  endfacet
  facet normal 0.64392 0 0.765093
    outer loop
      vertex 10.1447 0.75 15.3407
      vertex 10.0683 1.5 15.405
      vertex 10.0683 0.75 15.405
    endloop
  endfacet
  facet normal 0.652306 0 0.757956
    outer loop
      vertex 9.99254 1.5 15.4702
      vertex 10.0683 0.75 15.405
      vertex 10.0683 1.5 15.405
    endloop
  endfacet
  facet normal 0.652306 0 0.757956
    outer loop
      vertex 10.0683 0.75 15.405
      vertex 9.99254 1.5 15.4702
      vertex 9.99254 0.75 15.4702
    endloop
  endfacet
  facet normal -0.999607 0 -0.028017
    outer loop
      vertex 24.8978 0.75 22.4598
      vertex 24.895 1.5 22.5597
      vertex 24.8978 1.5 22.4598
    endloop
  endfacet
  facet normal -0.999607 -0 -0.028017
    outer loop
      vertex 24.895 1.5 22.5597
      vertex 24.8978 0.75 22.4598
      vertex 24.895 0.75 22.5597
    endloop
  endfacet
  facet normal -0.999872 0 -0.016014
    outer loop
      vertex 24.8994 0.75 22.3599
      vertex 24.8978 1.5 22.4598
      vertex 24.8994 1.5 22.3599
    endloop
  endfacet
  facet normal -0.999872 -0 -0.016014
    outer loop
      vertex 24.8978 1.5 22.4598
      vertex 24.8994 0.75 22.3599
      vertex 24.8978 0.75 22.4598
    endloop
  endfacet
  facet normal -0.988819 0 -0.149123
    outer loop
      vertex 24.8064 0.75 23.5543
      vertex 24.7915 1.5 23.6531
      vertex 24.8064 1.5 23.5543
    endloop
  endfacet
  facet normal -0.988819 -0 -0.149123
    outer loop
      vertex 24.7915 1.5 23.6531
      vertex 24.8064 0.75 23.5543
      vertex 24.7915 0.75 23.6531
    endloop
  endfacet
  facet normal -0.993246 0 -0.116029
    outer loop
      vertex 24.8446 0.75 23.257
      vertex 24.833 1.5 23.3563
      vertex 24.8446 1.5 23.257
    endloop
  endfacet
  facet normal -0.993246 -0 -0.116029
    outer loop
      vertex 24.833 1.5 23.3563
      vertex 24.8446 0.75 23.257
      vertex 24.833 0.75 23.3563
    endloop
  endfacet
  facet normal -0.997403 0 -0.0720291
    outer loop
      vertex 24.88 0.75 22.859
      vertex 24.8728 1.5 22.9587
      vertex 24.88 1.5 22.859
    endloop
  endfacet
  facet normal -0.997403 -0 -0.0720291
    outer loop
      vertex 24.8728 1.5 22.9587
      vertex 24.88 0.75 22.859
      vertex 24.8728 0.75 22.9587
    endloop
  endfacet
  facet normal -0.931553 0 -0.363606
    outer loop
      vertex 24.3028 0.75 25.4838
      vertex 24.2665 1.5 25.5768
      vertex 24.3028 1.5 25.4838
    endloop
  endfacet
  facet normal -0.931553 -0 -0.363606
    outer loop
      vertex 24.2665 1.5 25.5768
      vertex 24.3028 0.75 25.4838
      vertex 24.2665 0.75 25.5768
    endloop
  endfacet
  facet normal -0.943138 0 -0.332401
    outer loop
      vertex 24.4055 0.75 25.2022
      vertex 24.3723 1.5 25.2964
      vertex 24.4055 1.5 25.2022
    endloop
  endfacet
  facet normal -0.943138 -0 -0.332401
    outer loop
      vertex 24.3723 1.5 25.2964
      vertex 24.4055 0.75 25.2022
      vertex 24.3723 0.75 25.2964
    endloop
  endfacet
  facet normal -0.939618 0 -0.342225
    outer loop
      vertex 24.3723 0.75 25.2964
      vertex 24.3381 1.5 25.3903
      vertex 24.3723 1.5 25.2964
    endloop
  endfacet
  facet normal -0.939618 -0 -0.342225
    outer loop
      vertex 24.3381 1.5 25.3903
      vertex 24.3723 0.75 25.2964
      vertex 24.3381 0.75 25.3903
    endloop
  endfacet
  facet normal -0.95037 0 -0.311121
    outer loop
      vertex 24.4687 0.75 25.0126
      vertex 24.4376 1.5 25.1076
      vertex 24.4687 1.5 25.0126
    endloop
  endfacet
  facet normal -0.95037 -0 -0.311121
    outer loop
      vertex 24.4376 1.5 25.1076
      vertex 24.4687 0.75 25.0126
      vertex 24.4376 0.75 25.1076
    endloop
  endfacet
  facet normal -0.963058 0 -0.269296
    outer loop
      vertex 24.5825 0.75 24.6296
      vertex 24.5556 1.5 24.7258
      vertex 24.5825 1.5 24.6296
    endloop
  endfacet
  facet normal -0.963058 -0 -0.269296
    outer loop
      vertex 24.5556 1.5 24.7258
      vertex 24.5825 0.75 24.6296
      vertex 24.5556 0.75 24.7258
    endloop
  endfacet
  facet normal -0.02304 0 -0.999735
    outer loop
      vertex 16.0499 0.75 31.2588
      vertex 16.1497 1.5 31.2565
      vertex 16.1497 0.75 31.2565
    endloop
  endfacet
  facet normal -0.02304 0 -0.999735
    outer loop
      vertex 16.1497 1.5 31.2565
      vertex 16.0499 0.75 31.2588
      vertex 16.0499 1.5 31.2588
    endloop
  endfacet
  facet normal -0.033015 0 -0.999455
    outer loop
      vertex 16.1497 0.75 31.2565
      vertex 16.2496 1.5 31.2532
      vertex 16.2496 0.75 31.2532
    endloop
  endfacet
  facet normal -0.033015 0 -0.999455
    outer loop
      vertex 16.2496 1.5 31.2532
      vertex 16.1497 0.75 31.2565
      vertex 16.1497 1.5 31.2565
    endloop
  endfacet
  facet normal -0.100098 0 -0.994978
    outer loop
      vertex 16.748 0.75 31.22
      vertex 16.8474 1.5 31.21
      vertex 16.8474 0.75 31.21
    endloop
  endfacet
  facet normal -0.100098 0 -0.994978
    outer loop
      vertex 16.8474 1.5 31.21
      vertex 16.748 0.75 31.22
      vertex 16.748 1.5 31.22
    endloop
  endfacet
  facet normal -0.121199 0 -0.992628
    outer loop
      vertex 16.9467 0.75 31.1989
      vertex 17.0458 1.5 31.1868
      vertex 17.0458 0.75 31.1868
    endloop
  endfacet
  facet normal -0.121199 0 -0.992628
    outer loop
      vertex 17.0458 1.5 31.1868
      vertex 16.9467 0.75 31.1989
      vertex 16.9467 1.5 31.1989
    endloop
  endfacet
  facet normal -0.306301 0 -0.951935
    outer loop
      vertex 18.605 0.75 30.8439
      vertex 18.7001 1.5 30.8133
      vertex 18.7001 0.75 30.8133
    endloop
  endfacet
  facet normal -0.306301 0 -0.951935
    outer loop
      vertex 18.7001 1.5 30.8133
      vertex 18.605 0.75 30.8439
      vertex 18.605 1.5 30.8439
    endloop
  endfacet
  facet normal -0.327317 0 -0.944915
    outer loop
      vertex 18.7949 0.75 30.7817
      vertex 18.8893 1.5 30.749
      vertex 18.8893 0.75 30.749
    endloop
  endfacet
  facet normal -0.327317 0 -0.944915
    outer loop
      vertex 18.8893 1.5 30.749
      vertex 18.7949 0.75 30.7817
      vertex 18.7949 1.5 30.7817
    endloop
  endfacet
  facet normal -0.368283 0 -0.929714
    outer loop
      vertex 19.1703 0.75 30.6448
      vertex 19.2632 1.5 30.608
      vertex 19.2632 0.75 30.608
    endloop
  endfacet
  facet normal -0.368283 0 -0.929714
    outer loop
      vertex 19.2632 1.5 30.608
      vertex 19.1703 0.75 30.6448
      vertex 19.1703 1.5 30.6448
    endloop
  endfacet
  facet normal -0.599359 0 -0.80048
    outer loop
      vertex 21.2625 0.75 29.4879
      vertex 21.3425 1.5 29.428
      vertex 21.3425 0.75 29.428
    endloop
  endfacet
  facet normal -0.599359 0 -0.80048
    outer loop
      vertex 21.3425 1.5 29.428
      vertex 21.2625 0.75 29.4879
      vertex 21.2625 1.5 29.4879
    endloop
  endfacet
  facet normal -0.635251 0 -0.772306
    outer loop
      vertex 21.5781 0.75 29.2428
      vertex 21.6553 1.5 29.1793
      vertex 21.6553 0.75 29.1793
    endloop
  endfacet
  facet normal -0.635251 0 -0.772306
    outer loop
      vertex 21.6553 1.5 29.1793
      vertex 21.5781 0.75 29.2428
      vertex 21.5781 1.5 29.2428
    endloop
  endfacet
  facet normal -0.652108 0 -0.758126
    outer loop
      vertex 21.7317 0.75 29.115
      vertex 21.8075 1.5 29.0498
      vertex 21.8075 0.75 29.0498
    endloop
  endfacet
  facet normal -0.652108 0 -0.758126
    outer loop
      vertex 21.8075 1.5 29.0498
      vertex 21.7317 0.75 29.115
      vertex 21.7317 1.5 29.115
    endloop
  endfacet
  facet normal -0.48836 0 -0.872643
    outer loop
      vertex 20.255 0.75 30.1361
      vertex 20.3422 1.5 30.0873
      vertex 20.3422 0.75 30.0873
    endloop
  endfacet
  facet normal -0.48836 0 -0.872643
    outer loop
      vertex 20.3422 1.5 30.0873
      vertex 20.255 0.75 30.1361
      vertex 20.255 1.5 30.1361
    endloop
  endfacet
  facet normal -0.507414 0 -0.861703
    outer loop
      vertex 20.4288 0.75 30.0375
      vertex 20.5149 1.5 29.9868
      vertex 20.5149 0.75 29.9868
    endloop
  endfacet
  facet normal -0.507414 0 -0.861703
    outer loop
      vertex 20.5149 1.5 29.9868
      vertex 20.4288 0.75 30.0375
      vertex 20.4288 1.5 30.0375
    endloop
  endfacet
  facet normal -0.469497 0 -0.882934
    outer loop
      vertex 20.0791 0.75 30.2309
      vertex 20.1673 1.5 30.184
      vertex 20.1673 0.75 30.184
    endloop
  endfacet
  facet normal -0.469497 0 -0.882934
    outer loop
      vertex 20.1673 1.5 30.184
      vertex 20.0791 0.75 30.2309
      vertex 20.0791 1.5 30.2309
    endloop
  endfacet
  facet normal -0.399348 0 -0.916799
    outer loop
      vertex 19.4477 0.75 30.5313
      vertex 19.5393 1.5 30.4914
      vertex 19.5393 0.75 30.4914
    endloop
  endfacet
  facet normal -0.399348 0 -0.916799
    outer loop
      vertex 19.5393 1.5 30.4914
      vertex 19.4477 0.75 30.5313
      vertex 19.4477 1.5 30.5313
    endloop
  endfacet
  facet normal -0.858286 0 -0.513171
    outer loop
      vertex 23.6523 0.75 26.8319
      vertex 23.601 1.5 26.9177
      vertex 23.6523 1.5 26.8319
    endloop
  endfacet
  facet normal -0.858286 -0 -0.513171
    outer loop
      vertex 23.601 1.5 26.9177
      vertex 23.6523 0.75 26.8319
      vertex 23.601 0.75 26.9177
    endloop
  endfacet
  facet normal -0.885655 0 -0.464344
    outer loop
      vertex 23.894 0.75 26.3948
      vertex 23.8476 1.5 26.4833
      vertex 23.894 1.5 26.3948
    endloop
  endfacet
  facet normal -0.885655 -0 -0.464344
    outer loop
      vertex 23.8476 1.5 26.4833
      vertex 23.894 0.75 26.3948
      vertex 23.8476 0.75 26.4833
    endloop
  endfacet
  facet normal -0.869349 0 -0.494198
    outer loop
      vertex 23.7519 0.75 26.6587
      vertex 23.7025 1.5 26.7456
      vertex 23.7519 1.5 26.6587
    endloop
  endfacet
  facet normal -0.869349 -0 -0.494198
    outer loop
      vertex 23.7025 1.5 26.7456
      vertex 23.7519 0.75 26.6587
      vertex 23.7025 0.75 26.7456
    endloop
  endfacet
  facet normal -0.895824 0 -0.444409
    outer loop
      vertex 23.9838 0.75 26.2163
      vertex 23.9394 1.5 26.3058
      vertex 23.9838 1.5 26.2163
    endloop
  endfacet
  facet normal -0.895824 -0 -0.444409
    outer loop
      vertex 23.9394 1.5 26.3058
      vertex 23.9838 0.75 26.2163
      vertex 23.9394 0.75 26.3058
    endloop
  endfacet
  facet normal -0.905363 0 -0.424639
    outer loop
      vertex 24.0696 0.75 26.0359
      vertex 24.0272 1.5 26.1263
      vertex 24.0696 1.5 26.0359
    endloop
  endfacet
  facet normal -0.905363 -0 -0.424639
    outer loop
      vertex 24.0272 1.5 26.1263
      vertex 24.0696 0.75 26.0359
      vertex 24.0272 0.75 26.1263
    endloop
  endfacet
  facet normal -0.724899 0 -0.688855
    outer loop
      vertex 22.4552 0.75 28.4267
      vertex 22.3864 1.5 28.4991
      vertex 22.4552 1.5 28.4267
    endloop
  endfacet
  facet normal -0.724899 -0 -0.688855
    outer loop
      vertex 22.3864 1.5 28.4991
      vertex 22.4552 0.75 28.4267
      vertex 22.3864 0.75 28.4991
    endloop
  endfacet
  facet normal -0.739849 0 -0.672772
    outer loop
      vertex 22.5905 0.75 28.2797
      vertex 22.5233 1.5 28.3536
      vertex 22.5905 1.5 28.2797
    endloop
  endfacet
  facet normal -0.739849 -0 -0.672772
    outer loop
      vertex 22.5233 1.5 28.3536
      vertex 22.5905 0.75 28.2797
      vertex 22.5233 0.75 28.3536
    endloop
  endfacet
  facet normal -0.775471 0 -0.631383
    outer loop
      vertex 22.9142 0.75 27.8993
      vertex 22.8511 1.5 27.9768
      vertex 22.9142 1.5 27.8993
    endloop
  endfacet
  facet normal -0.775471 -0 -0.631383
    outer loop
      vertex 22.8511 1.5 27.9768
      vertex 22.9142 0.75 27.8993
      vertex 22.8511 0.75 27.9768
    endloop
  endfacet
  facet normal -0.754433 0 -0.656377
    outer loop
      vertex 22.7225 0.75 28.1297
      vertex 22.6569 1.5 28.2051
      vertex 22.7225 1.5 28.1297
    endloop
  endfacet
  facet normal -0.754433 -0 -0.656377
    outer loop
      vertex 22.6569 1.5 28.2051
      vertex 22.7225 0.75 28.1297
      vertex 22.6569 0.75 28.2051
    endloop
  endfacet
  facet normal -0.828802 0 -0.559542
    outer loop
      vertex 23.3867 0.75 27.2549
      vertex 23.3308 1.5 27.3377
      vertex 23.3867 1.5 27.2549
    endloop
  endfacet
  facet normal -0.828802 -0 -0.559542
    outer loop
      vertex 23.3308 1.5 27.3377
      vertex 23.3867 0.75 27.2549
      vertex 23.3308 0.75 27.3377
    endloop
  endfacet
  facet normal -0.789675 0 -0.613525
    outer loop
      vertex 23.0376 0.75 27.7422
      vertex 22.9763 1.5 27.8211
      vertex 23.0376 1.5 27.7422
    endloop
  endfacet
  facet normal -0.789675 -0 -0.613525
    outer loop
      vertex 22.9763 1.5 27.8211
      vertex 23.0376 0.75 27.7422
      vertex 22.9763 0.75 27.8211
    endloop
  endfacet
  facet normal -0.803469 0 -0.595347
    outer loop
      vertex 23.1576 0.75 27.5823
      vertex 23.0981 1.5 27.6626
      vertex 23.1576 1.5 27.5823
    endloop
  endfacet
  facet normal -0.803469 -0 -0.595347
    outer loop
      vertex 23.0981 1.5 27.6626
      vertex 23.1576 0.75 27.5823
      vertex 23.0981 0.75 27.6626
    endloop
  endfacet
  facet normal 0.154163 0 -0.988045
    outer loop
      vertex 14.4576 0.75 31.1437
      vertex 14.5563 1.5 31.1591
      vertex 14.5563 0.75 31.1591
    endloop
  endfacet
  facet normal 0.154163 0 -0.988045
    outer loop
      vertex 14.5563 1.5 31.1591
      vertex 14.4576 0.75 31.1437
      vertex 14.4576 1.5 31.1437
    endloop
  endfacet
  facet normal 0.100098 0 -0.994978
    outer loop
      vertex 14.9526 0.75 31.21
      vertex 15.052 1.5 31.22
      vertex 15.052 0.75 31.22
    endloop
  endfacet
  facet normal 0.100098 0 -0.994978
    outer loop
      vertex 15.052 1.5 31.22
      vertex 14.9526 0.75 31.21
      vertex 14.9526 1.5 31.21
    endloop
  endfacet
  facet normal 0.133015 0 -0.991114
    outer loop
      vertex 14.6551 0.75 31.1735
      vertex 14.7542 1.5 31.1868
      vertex 14.7542 0.75 31.1868
    endloop
  endfacet
  facet normal 0.133015 0 -0.991114
    outer loop
      vertex 14.7542 1.5 31.1868
      vertex 14.6551 0.75 31.1735
      vertex 14.6551 1.5 31.1735
    endloop
  endfacet
  facet normal 0.0779964 0 -0.996954
    outer loop
      vertex 15.1515 0.75 31.2288
      vertex 15.2512 1.5 31.2366
      vertex 15.2512 0.75 31.2366
    endloop
  endfacet
  facet normal 0.0779964 0 -0.996954
    outer loop
      vertex 15.2512 1.5 31.2366
      vertex 15.1515 0.75 31.2288
      vertex 15.1515 1.5 31.2288
    endloop
  endfacet
  facet normal 0.316528 0 -0.948583
    outer loop
      vertex 13.0051 0.75 30.7817
      vertex 13.0998 1.5 30.8133
      vertex 13.0998 0.75 30.8133
    endloop
  endfacet
  facet normal 0.316528 0 -0.948583
    outer loop
      vertex 13.0998 1.5 30.8133
      vertex 13.0051 0.75 30.7817
      vertex 13.0051 1.5 30.7817
    endloop
  endfacet
  facet normal 0.295423 0 -0.955367
    outer loop
      vertex 13.195 0.75 30.8439
      vertex 13.2904 1.5 30.8734
      vertex 13.2904 0.75 30.8734
    endloop
  endfacet
  facet normal 0.295423 0 -0.955367
    outer loop
      vertex 13.2904 1.5 30.8734
      vertex 13.195 0.75 30.8439
      vertex 13.195 1.5 30.8439
    endloop
  endfacet
  facet normal 0.527388 0 -0.849625
    outer loop
      vertex 11.1147 0.75 29.8824
      vertex 11.1996 1.5 29.9351
      vertex 11.1996 0.75 29.9351
    endloop
  endfacet
  facet normal 0.527388 0 -0.849625
    outer loop
      vertex 11.1996 1.5 29.9351
      vertex 11.1147 0.75 29.8824
      vertex 11.1147 1.5 29.8824
    endloop
  endfacet
  facet normal 0.479343 0 -0.877628
    outer loop
      vertex 11.545 0.75 30.1361
      vertex 11.6327 1.5 30.184
      vertex 11.6327 0.75 30.184
    endloop
  endfacet
  facet normal 0.479343 0 -0.877628
    outer loop
      vertex 11.6327 1.5 30.184
      vertex 11.545 0.75 30.1361
      vertex 11.545 1.5 30.1361
    endloop
  endfacet
  facet normal 0.507414 0 -0.861703
    outer loop
      vertex 11.2851 0.75 29.9868
      vertex 11.3712 1.5 30.0375
      vertex 11.3712 0.75 30.0375
    endloop
  endfacet
  facet normal 0.507414 0 -0.861703
    outer loop
      vertex 11.3712 1.5 30.0375
      vertex 11.2851 0.75 29.9868
      vertex 11.2851 1.5 29.9868
    endloop
  endfacet
  facet normal 0.517436 0 -0.855722
    outer loop
      vertex 11.1996 0.75 29.9351
      vertex 11.2851 1.5 29.9868
      vertex 11.2851 0.75 29.9868
    endloop
  endfacet
  facet normal 0.517436 0 -0.855722
    outer loop
      vertex 11.2851 1.5 29.9868
      vertex 11.1996 0.75 29.9351
      vertex 11.1996 1.5 29.9351
    endloop
  endfacet
  facet normal 0.449213 0 -0.893424
    outer loop
      vertex 11.8096 0.75 30.2768
      vertex 11.8989 1.5 30.3217
      vertex 11.8989 0.75 30.3217
    endloop
  endfacet
  facet normal 0.449213 0 -0.893424
    outer loop
      vertex 11.8989 1.5 30.3217
      vertex 11.8096 0.75 30.2768
      vertex 11.8096 1.5 30.2768
    endloop
  endfacet
  facet normal 0.439587 0 -0.8982
    outer loop
      vertex 11.8989 0.75 30.3217
      vertex 11.9886 1.5 30.3656
      vertex 11.9886 0.75 30.3656
    endloop
  endfacet
  facet normal 0.439587 0 -0.8982
    outer loop
      vertex 11.9886 1.5 30.3656
      vertex 11.8989 0.75 30.3217
      vertex 11.8989 1.5 30.3217
    endloop
  endfacet
  facet normal 0.459586 0 -0.888133
    outer loop
      vertex 11.7209 0.75 30.2309
      vertex 11.8096 1.5 30.2768
      vertex 11.8096 0.75 30.2768
    endloop
  endfacet
  facet normal 0.459586 0 -0.888133
    outer loop
      vertex 11.8096 1.5 30.2768
      vertex 11.7209 0.75 30.2309
      vertex 11.7209 1.5 30.2309
    endloop
  endfacet
  facet normal 0.692949 0 -0.720987
    outer loop
      vertex 9.62496 0.75 28.7117
      vertex 9.69696 1.5 28.7809
      vertex 9.69696 0.75 28.7809
    endloop
  endfacet
  facet normal 0.692949 0 -0.720987
    outer loop
      vertex 9.69696 1.5 28.7809
      vertex 9.62496 0.75 28.7117
      vertex 9.62496 1.5 28.7117
    endloop
  endfacet
  facet normal 0.676798 0 -0.736168
    outer loop
      vertex 9.76973 0.75 28.8494
      vertex 9.84326 1.5 28.917
      vertex 9.84326 0.75 28.917
    endloop
  endfacet
  facet normal 0.676798 0 -0.736168
    outer loop
      vertex 9.84326 1.5 28.917
      vertex 9.76973 0.75 28.8494
      vertex 9.76973 1.5 28.8494
    endloop
  endfacet
  facet normal 0.64392 0 -0.765093
    outer loop
      vertex 10.0683 0.75 29.115
      vertex 10.1447 1.5 29.1793
      vertex 10.1447 0.75 29.1793
    endloop
  endfacet
  facet normal 0.64392 0 -0.765093
    outer loop
      vertex 10.1447 1.5 29.1793
      vertex 10.0683 0.75 29.115
      vertex 10.0683 1.5 29.115
    endloop
  endfacet
  facet normal 0.660578 0 -0.750757
    outer loop
      vertex 9.91753 0.75 28.9838
      vertex 9.99254 1.5 29.0498
      vertex 9.99254 0.75 29.0498
    endloop
  endfacet
  facet normal 0.660578 0 -0.750757
    outer loop
      vertex 9.99254 1.5 29.0498
      vertex 9.91753 0.75 28.9838
      vertex 9.91753 1.5 28.9838
    endloop
  endfacet
  facet normal 0.582563 0 -0.812786
    outer loop
      vertex 10.618 0.75 29.547
      vertex 10.6992 1.5 29.6052
      vertex 10.6992 0.75 29.6052
    endloop
  endfacet
  facet normal 0.582563 0 -0.812786
    outer loop
      vertex 10.6992 1.5 29.6052
      vertex 10.618 0.75 29.547
      vertex 10.618 1.5 29.547
    endloop
  endfacet
  facet normal 0.591798 0 -0.806087
    outer loop
      vertex 10.5375 0.75 29.4879
      vertex 10.618 1.5 29.547
      vertex 10.618 0.75 29.547
    endloop
  endfacet
  facet normal 0.591798 0 -0.806087
    outer loop
      vertex 10.618 1.5 29.547
      vertex 10.5375 0.75 29.4879
      vertex 10.5375 1.5 29.4879
    endloop
  endfacet
  facet normal 0.573261 0 -0.819373
    outer loop
      vertex 10.6992 0.75 29.6052
      vertex 10.7811 1.5 29.6625
      vertex 10.7811 0.75 29.6625
    endloop
  endfacet
  facet normal 0.573261 0 -0.819373
    outer loop
      vertex 10.7811 1.5 29.6625
      vertex 10.6992 0.75 29.6052
      vertex 10.6992 1.5 29.6052
    endloop
  endfacet
  facet normal 0.626402 0 -0.7795
    outer loop
      vertex 10.2219 0.75 29.2428
      vertex 10.2998 1.5 29.3054
      vertex 10.2998 0.75 29.3054
    endloop
  endfacet
  facet normal 0.626402 0 -0.7795
    outer loop
      vertex 10.2998 1.5 29.3054
      vertex 10.2219 0.75 29.2428
      vertex 10.2219 1.5 29.2428
    endloop
  endfacet
  facet normal 0.609566 0 -0.792736
    outer loop
      vertex 10.3783 0.75 29.3671
      vertex 10.4575 1.5 29.428
      vertex 10.4575 0.75 29.428
    endloop
  endfacet
  facet normal 0.609566 0 -0.792736
    outer loop
      vertex 10.4575 1.5 29.428
      vertex 10.3783 0.75 29.3671
      vertex 10.3783 1.5 29.3671
    endloop
  endfacet
  facet normal 0.931553 0 -0.363606
    outer loop
      vertex 7.53348 0.75 25.5768
      vertex 7.49718 1.5 25.4838
      vertex 7.53348 1.5 25.5768
    endloop
  endfacet
  facet normal 0.931553 0 -0.363606
    outer loop
      vertex 7.49718 1.5 25.4838
      vertex 7.53348 0.75 25.5768
      vertex 7.49718 0.75 25.4838
    endloop
  endfacet
  facet normal 0.939521 0 -0.34249
    outer loop
      vertex 7.46191 0.75 25.3903
      vertex 7.42768 1.5 25.2964
      vertex 7.46191 1.5 25.3903
    endloop
  endfacet
  facet normal 0.939521 0 -0.34249
    outer loop
      vertex 7.42768 1.5 25.2964
      vertex 7.46191 0.75 25.3903
      vertex 7.42768 0.75 25.2964
    endloop
  endfacet
  facet normal 0.950429 0 -0.31094
    outer loop
      vertex 7.36236 0.75 25.1076
      vertex 7.33128 1.5 25.0126
      vertex 7.36236 1.5 25.1076
    endloop
  endfacet
  facet normal 0.950429 0 -0.31094
    outer loop
      vertex 7.33128 1.5 25.0126
      vertex 7.36236 0.75 25.1076
      vertex 7.33128 0.75 25.0126
    endloop
  endfacet
  facet normal 0.946846 0 -0.321687
    outer loop
      vertex 7.3945 0.75 25.2022
      vertex 7.36236 1.5 25.1076
      vertex 7.3945 1.5 25.2022
    endloop
  endfacet
  facet normal 0.946846 0 -0.321687
    outer loop
      vertex 7.36236 1.5 25.1076
      vertex 7.3945 0.75 25.2022
      vertex 7.36236 0.75 25.1076
    endloop
  endfacet
  facet normal 0.971665 0 -0.236362
    outer loop
      vertex 7.16707 0.75 24.4362
      vertex 7.14345 1.5 24.3391
      vertex 7.16707 1.5 24.4362
    endloop
  endfacet
  facet normal 0.971665 0 -0.236362
    outer loop
      vertex 7.14345 1.5 24.3391
      vertex 7.16707 0.75 24.4362
      vertex 7.14345 0.75 24.3391
    endloop
  endfacet
  facet normal 0.97667 0 -0.214747
    outer loop
      vertex 7.12091 0.75 24.2418
      vertex 7.09945 1.5 24.1442
      vertex 7.12091 1.5 24.2418
    endloop
  endfacet
  facet normal 0.97667 0 -0.214747
    outer loop
      vertex 7.09945 1.5 24.1442
      vertex 7.12091 0.75 24.2418
      vertex 7.09945 0.75 24.1442
    endloop
  endfacet
  facet normal 0.966235 0 -0.257663
    outer loop
      vertex 7.21753 0.75 24.6296
      vertex 7.19177 1.5 24.533
      vertex 7.21753 1.5 24.6296
    endloop
  endfacet
  facet normal 0.966235 0 -0.257663
    outer loop
      vertex 7.19177 1.5 24.533
      vertex 7.21753 0.75 24.6296
      vertex 7.19177 0.75 24.533
    endloop
  endfacet
  facet normal 0.963213 0 -0.268738
    outer loop
      vertex 7.24437 0.75 24.7258
      vertex 7.21753 1.5 24.6296
      vertex 7.24437 1.5 24.7258
    endloop
  endfacet
  facet normal 0.963213 0 -0.268738
    outer loop
      vertex 7.21753 1.5 24.6296
      vertex 7.24437 0.75 24.7258
      vertex 7.21753 0.75 24.6296
    endloop
  endfacet
  facet normal 0.960164 0 -0.279439
    outer loop
      vertex 7.27228 0.75 24.8217
      vertex 7.24437 1.5 24.7258
      vertex 7.27228 1.5 24.8217
    endloop
  endfacet
  facet normal 0.960164 0 -0.279439
    outer loop
      vertex 7.24437 1.5 24.7258
      vertex 7.27228 0.75 24.8217
      vertex 7.24437 0.75 24.7258
    endloop
  endfacet
  facet normal 0.998752 0 -0.0499376
    outer loop
      vertex 6.91386 0.75 22.7593
      vertex 6.90887 1.5 22.6595
      vertex 6.91386 1.5 22.7593
    endloop
  endfacet
  facet normal 0.998752 0 -0.0499376
    outer loop
      vertex 6.90887 1.5 22.6595
      vertex 6.91386 0.75 22.7593
      vertex 6.90887 0.75 22.6595
    endloop
  endfacet
  facet normal 0.999616 0 -0.0277171
    outer loop
      vertex 6.90499 0.75 22.5597
      vertex 6.90222 1.5 22.4598
      vertex 6.90499 1.5 22.5597
    endloop
  endfacet
  facet normal 0.999616 0 -0.0277171
    outer loop
      vertex 6.90222 1.5 22.4598
      vertex 6.90499 0.75 22.5597
      vertex 6.90222 0.75 22.4598
    endloop
  endfacet
  facet normal 0.997403 0 -0.0720291
    outer loop
      vertex 6.92716 0.75 22.9587
      vertex 6.91996 1.5 22.859
      vertex 6.92716 1.5 22.9587
    endloop
  endfacet
  facet normal 0.997403 0 -0.0720291
    outer loop
      vertex 6.91996 1.5 22.859
      vertex 6.92716 0.75 22.9587
      vertex 6.91996 0.75 22.859
    endloop
  endfacet
  facet normal 0.995558 0 -0.0941527
    outer loop
      vertex 6.94488 0.75 23.1577
      vertex 6.93547 1.5 23.0582
      vertex 6.94488 1.5 23.1577
    endloop
  endfacet
  facet normal 0.995558 0 -0.0941527
    outer loop
      vertex 6.93547 1.5 23.0582
      vertex 6.94488 0.75 23.1577
      vertex 6.93547 0.75 23.0582
    endloop
  endfacet
  facet normal 0.993223 0 -0.116226
    outer loop
      vertex 6.96702 0.75 23.3563
      vertex 6.9554 1.5 23.257
      vertex 6.96702 1.5 23.3563
    endloop
  endfacet
  facet normal 0.993223 0 -0.116226
    outer loop
      vertex 6.9554 1.5 23.257
      vertex 6.96702 0.75 23.3563
      vertex 6.9554 0.75 23.257
    endloop
  endfacet
  facet normal 0.990377 0 -0.138392
    outer loop
      vertex 6.99356 0.75 23.5543
      vertex 6.97974 1.5 23.4554
      vertex 6.99356 1.5 23.5543
    endloop
  endfacet
  facet normal 0.990377 0 -0.138392
    outer loop
      vertex 6.97974 1.5 23.4554
      vertex 6.99356 0.75 23.5543
      vertex 6.97974 0.75 23.4554
    endloop
  endfacet
  facet normal 0.985246 0 -0.171143
    outer loop
      vertex 7.04159 0.75 23.8502
      vertex 7.02448 1.5 23.7517
      vertex 7.04159 1.5 23.8502
    endloop
  endfacet
  facet normal 0.985246 0 -0.171143
    outer loop
      vertex 7.02448 1.5 23.7517
      vertex 7.04159 0.75 23.8502
      vertex 7.02448 0.75 23.7517
    endloop
  endfacet
  facet normal 0.840905 0 -0.541183
    outer loop
      vertex 8.35832 0.75 27.1715
      vertex 8.30426 1.5 27.0875
      vertex 8.35832 1.5 27.1715
    endloop
  endfacet
  facet normal 0.840905 0 -0.541183
    outer loop
      vertex 8.30426 1.5 27.0875
      vertex 8.35832 0.75 27.1715
      vertex 8.30426 0.75 27.0875
    endloop
  endfacet
  facet normal 0.846894 0 -0.531761
    outer loop
      vertex 8.30426 0.75 27.0875
      vertex 8.25114 1.5 27.0029
      vertex 8.30426 1.5 27.0875
    endloop
  endfacet
  facet normal 0.846894 0 -0.531761
    outer loop
      vertex 8.25114 1.5 27.0029
      vertex 8.30426 0.75 27.0875
      vertex 8.25114 0.75 27.0029
    endloop
  endfacet
  facet normal 0.852777 0 -0.522276
    outer loop
      vertex 8.25114 0.75 27.0029
      vertex 8.19896 1.5 26.9177
      vertex 8.25114 1.5 27.0029
    endloop
  endfacet
  facet normal 0.852777 0 -0.522276
    outer loop
      vertex 8.19896 1.5 26.9177
      vertex 8.25114 0.75 27.0029
      vertex 8.19896 0.75 26.9177
    endloop
  endfacet
  facet normal 0.869736 0 -0.493518
    outer loop
      vertex 8.09746 0.75 26.7456
      vertex 8.04815 1.5 26.6587
      vertex 8.09746 1.5 26.7456
    endloop
  endfacet
  facet normal 0.869736 0 -0.493518
    outer loop
      vertex 8.04815 1.5 26.6587
      vertex 8.09746 0.75 26.7456
      vertex 8.04815 0.75 26.6587
    endloop
  endfacet
  facet normal 0.864091 0 -0.503336
    outer loop
      vertex 8.14773 0.75 26.8319
      vertex 8.09746 1.5 26.7456
      vertex 8.14773 1.5 26.8319
    endloop
  endfacet
  facet normal 0.864091 0 -0.503336
    outer loop
      vertex 8.09746 1.5 26.7456
      vertex 8.14773 0.75 26.8319
      vertex 8.09746 0.75 26.7456
    endloop
  endfacet
  facet normal 0.890754 0 -0.454485
    outer loop
      vertex 7.90604 0.75 26.3948
      vertex 7.86063 1.5 26.3058
      vertex 7.90604 1.5 26.3948
    endloop
  endfacet
  facet normal 0.890754 0 -0.454485
    outer loop
      vertex 7.86063 1.5 26.3058
      vertex 7.90604 0.75 26.3948
      vertex 7.86063 0.75 26.3058
    endloop
  endfacet
  facet normal 0.880307 0 -0.474404
    outer loop
      vertex 7.9998 0.75 26.5712
      vertex 7.95243 1.5 26.4833
      vertex 7.9998 1.5 26.5712
    endloop
  endfacet
  facet normal 0.880307 0 -0.474404
    outer loop
      vertex 7.95243 1.5 26.4833
      vertex 7.9998 0.75 26.5712
      vertex 7.95243 0.75 26.4833
    endloop
  endfacet
  facet normal 0.900662 0 -0.43452
    outer loop
      vertex 7.81621 0.75 26.2163
      vertex 7.77279 1.5 26.1263
      vertex 7.81621 1.5 26.2163
    endloop
  endfacet
  facet normal 0.900662 0 -0.43452
    outer loop
      vertex 7.77279 1.5 26.1263
      vertex 7.81621 0.75 26.2163
      vertex 7.77279 0.75 26.1263
    endloop
  endfacet
  facet normal 0.914635 0 -0.404281
    outer loop
      vertex 7.68896 0.75 25.945
      vertex 7.64856 1.5 25.8536
      vertex 7.68896 1.5 25.945
    endloop
  endfacet
  facet normal 0.914635 0 -0.404281
    outer loop
      vertex 7.64856 1.5 25.8536
      vertex 7.68896 0.75 25.945
      vertex 7.64856 0.75 25.8536
    endloop
  endfacet
  facet normal 0.803325 0 -0.595541
    outer loop
      vertex 8.70194 0.75 27.6626
      vertex 8.64241 1.5 27.5823
      vertex 8.70194 1.5 27.6626
    endloop
  endfacet
  facet normal 0.803325 0 -0.595541
    outer loop
      vertex 8.64241 1.5 27.5823
      vertex 8.70194 0.75 27.6626
      vertex 8.64241 0.75 27.5823
    endloop
  endfacet
  facet normal 0.816355 0 -0.577551
    outer loop
      vertex 8.58377 0.75 27.5015
      vertex 8.52604 1.5 27.4199
      vertex 8.58377 1.5 27.5015
    endloop
  endfacet
  facet normal 0.816355 0 -0.577551
    outer loop
      vertex 8.52604 1.5 27.4199
      vertex 8.58377 0.75 27.5015
      vertex 8.52604 0.75 27.4199
    endloop
  endfacet
  facet normal 0.789675 0 -0.613525
    outer loop
      vertex 8.82365 0.75 27.8211
      vertex 8.76235 1.5 27.7422
      vertex 8.82365 1.5 27.8211
    endloop
  endfacet
  facet normal 0.789675 0 -0.613525
    outer loop
      vertex 8.76235 1.5 27.7422
      vertex 8.82365 0.75 27.8211
      vertex 8.76235 0.75 27.7422
    endloop
  endfacet
  facet normal 0.775814 0 -0.630962
    outer loop
      vertex 8.94885 0.75 27.9768
      vertex 8.88582 1.5 27.8993
      vertex 8.94885 1.5 27.9768
    endloop
  endfacet
  facet normal 0.775814 0 -0.630962
    outer loop
      vertex 8.88582 1.5 27.8993
      vertex 8.94885 0.75 27.9768
      vertex 8.88582 0.75 27.8993
    endloop
  endfacet
  facet normal 0.768763 0 -0.639534
    outer loop
      vertex 9.01274 0.75 28.0536
      vertex 8.94885 1.5 27.9768
      vertex 9.01274 1.5 28.0536
    endloop
  endfacet
  facet normal 0.768763 0 -0.639534
    outer loop
      vertex 8.94885 1.5 27.9768
      vertex 9.01274 0.75 28.0536
      vertex 8.94885 0.75 27.9768
    endloop
  endfacet
  facet normal 0.754532 0 -0.656263
    outer loop
      vertex 9.14306 0.75 28.2051
      vertex 9.07748 1.5 28.1297
      vertex 9.14306 1.5 28.2051
    endloop
  endfacet
  facet normal 0.754532 0 -0.656263
    outer loop
      vertex 9.07748 1.5 28.1297
      vertex 9.14306 0.75 28.2051
      vertex 9.07748 0.75 28.1297
    endloop
  endfacet
  facet normal 0.7397 0 -0.672937
    outer loop
      vertex 9.2767 0.75 28.3536
      vertex 9.20947 1.5 28.2797
      vertex 9.2767 1.5 28.3536
    endloop
  endfacet
  facet normal 0.7397 0 -0.672937
    outer loop
      vertex 9.20947 1.5 28.2797
      vertex 9.2767 0.75 28.3536
      vertex 9.20947 0.75 28.2797
    endloop
  endfacet
  facet normal 0.7246 0 -0.68917
    outer loop
      vertex 9.41362 0.75 28.4991
      vertex 9.34476 1.5 28.4267
      vertex 9.41362 1.5 28.4991
    endloop
  endfacet
  facet normal 0.7246 0 -0.68917
    outer loop
      vertex 9.34476 1.5 28.4267
      vertex 9.41362 0.75 28.4991
      vertex 9.34476 0.75 28.4267
    endloop
  endfacet
  facet normal -0.999607 0 0.028017
    outer loop
      vertex 24.895 0.75 21.9603
      vertex 24.8978 1.5 22.0602
      vertex 24.895 1.5 21.9603
    endloop
  endfacet
  facet normal -0.999607 0 0.028017
    outer loop
      vertex 24.8978 1.5 22.0602
      vertex 24.895 0.75 21.9603
      vertex 24.8978 0.75 22.0602
    endloop
  endfacet
  facet normal -0.999237 0 0.0390484
    outer loop
      vertex 24.8911 0.75 21.8605
      vertex 24.895 1.5 21.9603
      vertex 24.8911 1.5 21.8605
    endloop
  endfacet
  facet normal -0.999237 0 0.0390484
    outer loop
      vertex 24.895 1.5 21.9603
      vertex 24.8911 0.75 21.8605
      vertex 24.895 0.75 21.9603
    endloop
  endfacet
  facet normal -0.927716 0 0.373288
    outer loop
      vertex 24.2292 0.75 18.8505
      vertex 24.2665 1.5 18.9432
      vertex 24.2292 1.5 18.8505
    endloop
  endfacet
  facet normal -0.927716 0 0.373288
    outer loop
      vertex 24.2665 1.5 18.9432
      vertex 24.2292 0.75 18.8505
      vertex 24.2665 0.75 18.9432
    endloop
  endfacet
  facet normal -0.242065 0 0.97026
    outer loop
      vertex 18.0277 1.5 13.5151
      vertex 18.1247 0.75 13.5393
      vertex 18.1247 1.5 13.5393
    endloop
  endfacet
  facet normal -0.242065 0 0.97026
    outer loop
      vertex 18.1247 0.75 13.5393
      vertex 18.0277 1.5 13.5151
      vertex 18.0277 0.75 13.5151
    endloop
  endfacet
  facet normal 0.988804 -0 0.149221
    outer loop
      vertex 6.99356 0.75 20.9657
      vertex 7.00847 1.5 20.8669
      vertex 6.99356 1.5 20.9657
    endloop
  endfacet
  facet normal 0.988804 0 0.149221
    outer loop
      vertex 7.00847 1.5 20.8669
      vertex 6.99356 0.75 20.9657
      vertex 7.00847 0.75 20.8669
    endloop
  endfacet
  facet normal 0.846894 -0 0.531761
    outer loop
      vertex 8.25114 0.75 17.5171
      vertex 8.30426 1.5 17.4325
      vertex 8.25114 1.5 17.5171
    endloop
  endfacet
  facet normal 0.846894 0 0.531761
    outer loop
      vertex 8.30426 1.5 17.4325
      vertex 8.25114 0.75 17.5171
      vertex 8.30426 0.75 17.4325
    endloop
  endfacet
  facet normal 0.840905 -0 0.541183
    outer loop
      vertex 8.30426 0.75 17.4325
      vertex 8.35832 1.5 17.3485
      vertex 8.30426 1.5 17.4325
    endloop
  endfacet
  facet normal 0.840905 0 0.541183
    outer loop
      vertex 8.35832 1.5 17.3485
      vertex 8.30426 0.75 17.4325
      vertex 8.35832 0.75 17.3485
    endloop
  endfacet
  facet normal 0.347282 0 0.937761
    outer loop
      vertex 12.7229 1.5 13.8394
      vertex 12.8166 0.75 13.8047
      vertex 12.8166 1.5 13.8047
    endloop
  endfacet
  facet normal 0.347282 0 0.937761
    outer loop
      vertex 12.8166 0.75 13.8047
      vertex 12.7229 1.5 13.8394
      vertex 12.7229 0.75 13.8394
    endloop
  endfacet
  facet normal 0.0779964 0 0.996954
    outer loop
      vertex 15.1515 1.5 13.2912
      vertex 15.2512 0.75 13.2834
      vertex 15.2512 1.5 13.2834
    endloop
  endfacet
  facet normal 0.0779964 0 0.996954
    outer loop
      vertex 15.2512 0.75 13.2834
      vertex 15.1515 1.5 13.2912
      vertex 15.1515 0.75 13.2912
    endloop
  endfacet
  facet normal 0.429506 0 0.903064
    outer loop
      vertex 11.9886 1.5 14.1544
      vertex 12.0788 0.75 14.1115
      vertex 12.0788 1.5 14.1115
    endloop
  endfacet
  facet normal 0.429506 0 0.903064
    outer loop
      vertex 12.0788 0.75 14.1115
      vertex 11.9886 1.5 14.1544
      vertex 11.9886 0.75 14.1544
    endloop
  endfacet
  facet normal 0.635251 0 0.772306
    outer loop
      vertex 10.1447 1.5 15.3407
      vertex 10.2219 0.75 15.2772
      vertex 10.2219 1.5 15.2772
    endloop
  endfacet
  facet normal 0.635251 0 0.772306
    outer loop
      vertex 10.2219 0.75 15.2772
      vertex 10.1447 1.5 15.3407
      vertex 10.1447 0.75 15.3407
    endloop
  endfacet
  facet normal -0.0440454 0 -0.99903
    outer loop
      vertex 16.2496 0.75 31.2532
      vertex 16.3494 1.5 31.2488
      vertex 16.3494 0.75 31.2488
    endloop
  endfacet
  facet normal -0.0440454 0 -0.99903
    outer loop
      vertex 16.3494 1.5 31.2488
      vertex 16.2496 0.75 31.2532
      vertex 16.2496 1.5 31.2532
    endloop
  endfacet
  facet normal -0.274192 0 -0.961675
    outer loop
      vertex 18.3177 0.75 30.9292
      vertex 18.4138 1.5 30.9018
      vertex 18.4138 0.75 30.9018
    endloop
  endfacet
  facet normal -0.274192 0 -0.961675
    outer loop
      vertex 18.4138 1.5 30.9018
      vertex 18.3177 0.75 30.9292
      vertex 18.3177 1.5 30.9292
    endloop
  endfacet
  facet normal -0.582563 0 -0.812786
    outer loop
      vertex 21.1008 0.75 29.6052
      vertex 21.182 1.5 29.547
      vertex 21.182 0.75 29.547
    endloop
  endfacet
  facet normal -0.582563 0 -0.812786
    outer loop
      vertex 21.182 1.5 29.547
      vertex 21.1008 0.75 29.6052
      vertex 21.1008 1.5 29.6052
    endloop
  endfacet
  facet normal -0.660628 0 -0.750714
    outer loop
      vertex 21.8075 0.75 29.0498
      vertex 21.8825 1.5 28.9838
      vertex 21.8825 0.75 28.9838
    endloop
  endfacet
  facet normal -0.660628 0 -0.750714
    outer loop
      vertex 21.8825 1.5 28.9838
      vertex 21.8075 0.75 29.0498
      vertex 21.8075 1.5 29.0498
    endloop
  endfacet
  facet normal -0.701081 0 -0.713082
    outer loop
      vertex 22.175 0.75 28.7117
      vertex 22.2463 1.5 28.6416
      vertex 22.2463 0.75 28.6416
    endloop
  endfacet
  facet normal -0.701081 0 -0.713082
    outer loop
      vertex 22.2463 1.5 28.6416
      vertex 22.175 0.75 28.7117
      vertex 22.175 1.5 28.7117
    endloop
  endfacet
  facet normal -0.449213 0 -0.893424
    outer loop
      vertex 19.9011 0.75 30.3217
      vertex 19.9904 1.5 30.2768
      vertex 19.9904 0.75 30.2768
    endloop
  endfacet
  facet normal -0.449213 0 -0.893424
    outer loop
      vertex 19.9904 1.5 30.2768
      vertex 19.9011 0.75 30.3217
      vertex 19.9011 1.5 30.3217
    endloop
  endfacet
  facet normal 0.02304 0 -0.999735
    outer loop
      vertex 15.6503 0.75 31.2565
      vertex 15.7501 1.5 31.2588
      vertex 15.7501 0.75 31.2588
    endloop
  endfacet
  facet normal 0.02304 0 -0.999735
    outer loop
      vertex 15.7501 1.5 31.2588
      vertex 15.6503 0.75 31.2565
      vertex 15.6503 1.5 31.2565
    endloop
  endfacet
  facet normal 0.347282 0 -0.937761
    outer loop
      vertex 12.7229 0.75 30.6806
      vertex 12.8166 1.5 30.7153
      vertex 12.8166 0.75 30.7153
    endloop
  endfacet
  facet normal 0.347282 0 -0.937761
    outer loop
      vertex 12.8166 1.5 30.7153
      vertex 12.7229 0.75 30.6806
      vertex 12.7229 1.5 30.6806
    endloop
  endfacet
  facet normal 0.33716 0 -0.941447
    outer loop
      vertex 12.8166 0.75 30.7153
      vertex 12.9107 1.5 30.749
      vertex 12.9107 0.75 30.749
    endloop
  endfacet
  facet normal 0.33716 0 -0.941447
    outer loop
      vertex 12.9107 1.5 30.749
      vertex 12.8166 0.75 30.7153
      vertex 12.8166 1.5 30.7153
    endloop
  endfacet
  facet normal 0.263202 0 -0.964741
    outer loop
      vertex 13.4823 0.75 30.9292
      vertex 13.5787 1.5 30.9555
      vertex 13.5787 0.75 30.9555
    endloop
  endfacet
  facet normal 0.263202 0 -0.964741
    outer loop
      vertex 13.5787 1.5 30.9555
      vertex 13.4823 0.75 30.9292
      vertex 13.4823 1.5 30.9292
    endloop
  endfacet
  facet normal 0.828802 0 -0.559542
    outer loop
      vertex 8.46921 0.75 27.3377
      vertex 8.41331 1.5 27.2549
      vertex 8.46921 1.5 27.3377
    endloop
  endfacet
  facet normal 0.828802 0 -0.559542
    outer loop
      vertex 8.41331 1.5 27.2549
      vertex 8.46921 0.75 27.3377
      vertex 8.41331 0.75 27.2549
    endloop
  endfacet
  facet normal -0.935546 0 0.353206
    outer loop
      vertex 24.3028 0.75 19.0362
      vertex 24.3381 1.5 19.1297
      vertex 24.3028 1.5 19.0362
    endloop
  endfacet
  facet normal -0.935546 0 0.353206
    outer loop
      vertex 24.3381 1.5 19.1297
      vertex 24.3028 0.75 19.0362
      vertex 24.3381 0.75 19.1297
    endloop
  endfacet
  facet normal -0.0779964 0 -0.996954
    outer loop
      vertex 16.5488 0.75 31.2366
      vertex 16.6485 1.5 31.2288
      vertex 16.6485 0.75 31.2288
    endloop
  endfacet
  facet normal -0.0779964 0 -0.996954
    outer loop
      vertex 16.6485 1.5 31.2288
      vertex 16.5488 0.75 31.2366
      vertex 16.5488 1.5 31.2366
    endloop
  endfacet
  facet normal -0.0661201 0 -0.997812
    outer loop
      vertex 16.4492 0.75 31.2432
      vertex 16.5488 1.5 31.2366
      vertex 16.5488 0.75 31.2366
    endloop
  endfacet
  facet normal -0.0661201 0 -0.997812
    outer loop
      vertex 16.5488 1.5 31.2366
      vertex 16.4492 0.75 31.2432
      vertex 16.4492 1.5 31.2432
    endloop
  endfacet
  facet normal -0.669075 0 -0.743195
    outer loop
      vertex 21.8825 0.75 28.9838
      vertex 21.9567 1.5 28.917
      vertex 21.9567 0.75 28.917
    endloop
  endfacet
  facet normal -0.669075 0 -0.743195
    outer loop
      vertex 21.9567 1.5 28.917
      vertex 21.8825 0.75 28.9838
      vertex 21.8825 1.5 28.9838
    endloop
  endfacet
endsolid OpenSCAD_Model
