solid OpenSCAD_Model
  facet normal -1 0 0
    outer loop
      vertex 0 0 0
      vertex 0 7.8 6.6
      vertex 0 7.8 0
    endloop
  endfacet
  facet normal -1 -0 0
    outer loop
      vertex 0 7.8 6.6
      vertex 0 0 0
      vertex 0 0 6.6
    endloop
  endfacet
  facet normal 0 0 1
    outer loop
      vertex 7.8 7.8 6.6
      vertex 6.275 6.275 6.6
      vertex 7.8 0 6.6
    endloop
  endfacet
  facet normal 0 0 1
    outer loop
      vertex 7.8 7.8 6.6
      vertex 1.525 6.275 6.6
      vertex 6.275 6.275 6.6
    endloop
  endfacet
  facet normal 0 0 1
    outer loop
      vertex 1.525 6.275 6.6
      vertex 0 7.8 6.6
      vertex 1.525 1.525 6.6
    endloop
  endfacet
  facet normal -0 0 1
    outer loop
      vertex 0 7.8 6.6
      vertex 1.525 6.275 6.6
      vertex 7.8 7.8 6.6
    endloop
  endfacet
  facet normal -0 0 1
    outer loop
      vertex 6.275 1.525 6.6
      vertex 7.8 0 6.6
      vertex 6.275 6.275 6.6
    endloop
  endfacet
  facet normal -0 0 1
    outer loop
      vertex 1.525 1.525 6.6
      vertex 7.8 0 6.6
      vertex 6.275 1.525 6.6
    endloop
  endfacet
  facet normal 0 0 1
    outer loop
      vertex 1.525 1.525 6.6
      vertex 0 0 6.6
      vertex 7.8 0 6.6
    endloop
  endfacet
  facet normal 0 0 1
    outer loop
      vertex 0 0 6.6
      vertex 1.525 1.525 6.6
      vertex 0 7.8 6.6
    endloop
  endfacet
  facet normal 1 -0 0
    outer loop
      vertex 7.8 0 6.6
      vertex 7.8 7.8 0
      vertex 7.8 7.8 6.6
    endloop
  endfacet
  facet normal 1 0 0
    outer loop
      vertex 7.8 7.8 0
      vertex 7.8 0 6.6
      vertex 7.8 0 0
    endloop
  endfacet
  facet normal 0 1 -0
    outer loop
      vertex 7.8 7.8 0
      vertex 0 7.8 6.6
      vertex 7.8 7.8 6.6
    endloop
  endfacet
  facet normal 0 1 0
    outer loop
      vertex 0 7.8 6.6
      vertex 7.8 7.8 0
      vertex 0 7.8 0
    endloop
  endfacet
  facet normal 0 0 -1
    outer loop
      vertex 2.17 3.9 0
      vertex 2.67 3.9 0
      vertex 2.66672 3.80086 0
    endloop
  endfacet
  facet normal 0 0 -1
    outer loop
      vertex 2.16503 3.80043 0
      vertex 2.66672 3.80086 0
      vertex 2.6569 3.70216 0
    endloop
  endfacet
  facet normal 0 0 -1
    outer loop
      vertex 2.67 3.9 0
      vertex 2.17 3.9 0
      vertex 2.66672 3.99914 0
    endloop
  endfacet
  facet normal 0 0 -1
    outer loop
      vertex 2.15017 3.70185 0
      vertex 2.6569 3.70216 0
      vertex 2.64057 3.60432 0
    endloop
  endfacet
  facet normal 0 0 -1
    outer loop
      vertex 2.16503 3.99957 0
      vertex 2.66672 3.99914 0
      vertex 2.17 3.9 0
    endloop
  endfacet
  facet normal 0 0 -1
    outer loop
      vertex 2.15017 3.70185 0
      vertex 2.64057 3.60432 0
      vertex 2.61781 3.50778 0
    endloop
  endfacet
  facet normal 0 0 -1
    outer loop
      vertex 2.66672 3.99914 0
      vertex 2.16503 3.99957 0
      vertex 2.6569 4.09784 0
    endloop
  endfacet
  facet normal 0 0 -1
    outer loop
      vertex 2.12557 3.60524 0
      vertex 2.61781 3.50778 0
      vertex 2.58873 3.41295 0
    endloop
  endfacet
  facet normal 0 0 -1
    outer loop
      vertex 2.15017 4.09815 0
      vertex 2.6569 4.09784 0
      vertex 2.16503 3.99957 0
    endloop
  endfacet
  facet normal 0 0 -1
    outer loop
      vertex 2.09148 3.51156 0
      vertex 2.58873 3.41295 0
      vertex 2.55343 3.32025 0
    endloop
  endfacet
  facet normal 0 0 -1
    outer loop
      vertex 2.6569 4.09784 0
      vertex 2.15017 4.09815 0
      vertex 2.64057 4.19567 0
    endloop
  endfacet
  facet normal 0 0 -1
    outer loop
      vertex 2.09148 3.51156 0
      vertex 2.55343 3.32025 0
      vertex 2.51209 3.23009 0
    endloop
  endfacet
  facet normal -0 0 -1
    outer loop
      vertex 2.64057 4.19567 0
      vertex 2.15017 4.09815 0
      vertex 2.61781 4.29222 0
    endloop
  endfacet
  facet normal 0 0 -1
    outer loop
      vertex 2.04822 3.42175 0
      vertex 2.51209 3.23009 0
      vertex 2.46488 3.14285 0
    endloop
  endfacet
  facet normal 0 0 -1
    outer loop
      vertex 2.12557 4.19475 0
      vertex 2.61781 4.29222 0
      vertex 2.15017 4.09815 0
    endloop
  endfacet
  facet normal 0 0 -1
    outer loop
      vertex 1.99624 3.33668 0
      vertex 2.46488 3.14285 0
      vertex 2.41201 3.05893 0
    endloop
  endfacet
  facet normal -0 0 -1
    outer loop
      vertex 2.61781 4.29222 0
      vertex 2.12557 4.19475 0
      vertex 2.58873 4.38705 0
    endloop
  endfacet
  facet normal 0 0 -1
    outer loop
      vertex 1.99624 3.33668 0
      vertex 2.41201 3.05893 0
      vertex 2.35371 2.97868 0
    endloop
  endfacet
  facet normal 0 0 -1
    outer loop
      vertex 2.09148 4.28843 0
      vertex 2.58873 4.38705 0
      vertex 2.12557 4.19475 0
    endloop
  endfacet
  facet normal 0 0 -1
    outer loop
      vertex 1.93604 3.25721 0
      vertex 2.35371 2.97868 0
      vertex 2.29023 2.90246 0
    endloop
  endfacet
  facet normal -0 0 -1
    outer loop
      vertex 2.58873 4.38705 0
      vertex 2.09148 4.28843 0
      vertex 2.55343 4.47975 0
    endloop
  endfacet
  facet normal 0 0 -1
    outer loop
      vertex 1.86824 3.18413 0
      vertex 2.29023 2.90246 0
      vertex 2.22186 2.83061 0
    endloop
  endfacet
  facet normal -0 0 -1
    outer loop
      vertex 2.55343 4.47975 0
      vertex 2.09148 4.28843 0
      vertex 2.51209 4.56991 0
    endloop
  endfacet
  facet normal 0 0 -1
    outer loop
      vertex 2.04822 4.37825 0
      vertex 2.51209 4.56991 0
      vertex 2.09148 4.28843 0
    endloop
  endfacet
  facet normal -0 0 -1
    outer loop
      vertex 2.66672 3.80086 0
      vertex 2.16503 3.80043 0
      vertex 2.17 3.9 0
    endloop
  endfacet
  facet normal -0 0 -1
    outer loop
      vertex 2.6569 3.70216 0
      vertex 2.15017 3.70185 0
      vertex 2.16503 3.80043 0
    endloop
  endfacet
  facet normal 0 0 -1
    outer loop
      vertex 1.86824 3.18413 0
      vertex 2.22186 2.83061 0
      vertex 2.14888 2.76343 0
    endloop
  endfacet
  facet normal 0 0 -1
    outer loop
      vertex 2.61781 3.50778 0
      vertex 2.12557 3.60524 0
      vertex 2.15017 3.70185 0
    endloop
  endfacet
  facet normal 0 0 -1
    outer loop
      vertex 2.58873 3.41295 0
      vertex 2.09148 3.51156 0
      vertex 2.12557 3.60524 0
    endloop
  endfacet
  facet normal 0 0 -1
    outer loop
      vertex 1.79349 3.11817 0
      vertex 2.14888 2.76343 0
      vertex 2.07162 2.70122 0
    endloop
  endfacet
  facet normal 0 0 -1
    outer loop
      vertex 2.51209 3.23009 0
      vertex 2.04822 3.42175 0
      vertex 2.09148 3.51156 0
    endloop
  endfacet
  facet normal 0 0 -1
    outer loop
      vertex 2.46488 3.14285 0
      vertex 1.99624 3.33668 0
      vertex 2.04822 3.42175 0
    endloop
  endfacet
  facet normal 0 0 -1
    outer loop
      vertex 1.71255 3.05997 0
      vertex 2.07162 2.70122 0
      vertex 1.99042 2.64425 0
    endloop
  endfacet
  facet normal 0 0 -1
    outer loop
      vertex 2.35371 2.97868 0
      vertex 1.93604 3.25721 0
      vertex 1.99624 3.33668 0
    endloop
  endfacet
  facet normal 0 0 -1
    outer loop
      vertex 1.71255 3.05997 0
      vertex 1.99042 2.64425 0
      vertex 1.90563 2.59277 0
    endloop
  endfacet
  facet normal 0 0 -1
    outer loop
      vertex 2.29023 2.90246 0
      vertex 1.86824 3.18413 0
      vertex 1.93604 3.25721 0
    endloop
  endfacet
  facet normal 0 0 -1
    outer loop
      vertex 1.62621 3.01013 0
      vertex 1.90563 2.59277 0
      vertex 1.81763 2.54701 0
    endloop
  endfacet
  facet normal 0 0 -1
    outer loop
      vertex 2.14888 2.76343 0
      vertex 1.79349 3.11817 0
      vertex 1.86824 3.18413 0
    endloop
  endfacet
  facet normal 0 0 -1
    outer loop
      vertex 1.53534 2.96913 0
      vertex 1.81763 2.54701 0
      vertex 1.7268 2.50717 0
    endloop
  endfacet
  facet normal 0 0 -1
    outer loop
      vertex 2.07162 2.70122 0
      vertex 1.71255 3.05997 0
      vertex 1.79349 3.11817 0
    endloop
  endfacet
  facet normal 0 0 -1
    outer loop
      vertex 1.53534 2.96913 0
      vertex 1.7268 2.50717 0
      vertex 1.63352 2.47341 0
    endloop
  endfacet
  facet normal 0 0 -1
    outer loop
      vertex 1.90563 2.59277 0
      vertex 1.62621 3.01013 0
      vertex 1.71255 3.05997 0
    endloop
  endfacet
  facet normal 0 0 -1
    outer loop
      vertex 1.44084 2.93738 0
      vertex 1.63352 2.47341 0
      vertex 1.53823 2.4459 0
    endloop
  endfacet
  facet normal 0 0 -1
    outer loop
      vertex 1.81763 2.54701 0
      vertex 1.53534 2.96913 0
      vertex 1.62621 3.01013 0
    endloop
  endfacet
  facet normal 0 0 -1
    outer loop
      vertex 1.44084 2.93738 0
      vertex 1.53823 2.4459 0
      vertex 1.525 2.44301 0
    endloop
  endfacet
  facet normal 0 0 -1
    outer loop
      vertex 1.63352 2.47341 0
      vertex 1.44084 2.93738 0
      vertex 1.53534 2.96913 0
    endloop
  endfacet
  facet normal -0 0 -1
    outer loop
      vertex 2.51209 4.56991 0
      vertex 2.04822 4.37825 0
      vertex 2.46488 4.65715 0
    endloop
  endfacet
  facet normal 0 0 -1
    outer loop
      vertex 1.99624 4.46332 0
      vertex 2.46488 4.65715 0
      vertex 2.04822 4.37825 0
    endloop
  endfacet
  facet normal -0 0 -1
    outer loop
      vertex 2.46488 4.65715 0
      vertex 1.99624 4.46332 0
      vertex 2.41201 4.74107 0
    endloop
  endfacet
  facet normal -0 0 -1
    outer loop
      vertex 2.41201 4.74107 0
      vertex 1.99624 4.46332 0
      vertex 2.35371 4.82132 0
    endloop
  endfacet
  facet normal 0 0 -1
    outer loop
      vertex 1.93604 4.54279 0
      vertex 2.35371 4.82132 0
      vertex 1.99624 4.46332 0
    endloop
  endfacet
  facet normal -0 0 -1
    outer loop
      vertex 2.35371 4.82132 0
      vertex 1.93604 4.54279 0
      vertex 2.29023 4.89754 0
    endloop
  endfacet
  facet normal 0 0 -1
    outer loop
      vertex 1.86824 4.61587 0
      vertex 2.29023 4.89754 0
      vertex 1.93604 4.54279 0
    endloop
  endfacet
  facet normal -0 0 -1
    outer loop
      vertex 2.29023 4.89754 0
      vertex 1.86824 4.61587 0
      vertex 2.22186 4.96939 0
    endloop
  endfacet
  facet normal -0 0 -1
    outer loop
      vertex 2.22186 4.96939 0
      vertex 1.86824 4.61587 0
      vertex 2.14888 5.03657 0
    endloop
  endfacet
  facet normal 0 0 -1
    outer loop
      vertex 1.79349 4.68183 0
      vertex 2.14888 5.03657 0
      vertex 1.86824 4.61587 0
    endloop
  endfacet
  facet normal -0 0 -1
    outer loop
      vertex 2.14888 5.03657 0
      vertex 1.79349 4.68183 0
      vertex 2.07162 5.09878 0
    endloop
  endfacet
  facet normal 0 0 -1
    outer loop
      vertex 1.71255 4.74003 0
      vertex 2.07162 5.09878 0
      vertex 1.79349 4.68183 0
    endloop
  endfacet
  facet normal -0 0 -1
    outer loop
      vertex 2.07162 5.09878 0
      vertex 1.71255 4.74003 0
      vertex 1.99042 5.15575 0
    endloop
  endfacet
  facet normal -0 0 -1
    outer loop
      vertex 1.99042 5.15575 0
      vertex 1.71255 4.74003 0
      vertex 1.90563 5.20723 0
    endloop
  endfacet
  facet normal 0 0 -1
    outer loop
      vertex 1.62621 4.78987 0
      vertex 1.90563 5.20723 0
      vertex 1.71255 4.74003 0
    endloop
  endfacet
  facet normal -0 0 -1
    outer loop
      vertex 1.90563 5.20723 0
      vertex 1.62621 4.78987 0
      vertex 1.81763 5.25299 0
    endloop
  endfacet
  facet normal 0 0 -1
    outer loop
      vertex 1.53534 4.83087 0
      vertex 1.81763 5.25299 0
      vertex 1.62621 4.78987 0
    endloop
  endfacet
  facet normal -0 0 -1
    outer loop
      vertex 1.81763 5.25299 0
      vertex 1.53534 4.83087 0
      vertex 1.7268 5.29283 0
    endloop
  endfacet
  facet normal -0 0 -1
    outer loop
      vertex 1.7268 5.29283 0
      vertex 1.53534 4.83087 0
      vertex 1.63352 5.32658 0
    endloop
  endfacet
  facet normal 0 0 -1
    outer loop
      vertex 1.44084 4.86262 0
      vertex 1.63352 5.32658 0
      vertex 1.53534 4.83087 0
    endloop
  endfacet
  facet normal -0 0 -1
    outer loop
      vertex 1.63352 5.32658 0
      vertex 1.44084 4.86262 0
      vertex 1.53823 5.3541 0
    endloop
  endfacet
  facet normal 0 0 -1
    outer loop
      vertex 1.34365 4.88481 0
      vertex 1.525 5.35699 0
      vertex 1.44084 4.86262 0
    endloop
  endfacet
  facet normal -0 0 -1
    outer loop
      vertex 1.53823 5.3541 0
      vertex 1.44084 4.86262 0
      vertex 1.525 5.35699 0
    endloop
  endfacet
  facet normal 0 0 -1
    outer loop
      vertex 5.35659 6.275 0
      vertex 4.89503 6.53043 0
      vertex 4.9 6.63 0
    endloop
  endfacet
  facet normal 0 0 -1
    outer loop
      vertex 5.02023 5.63246 0
      vertex 4.88017 6.43185 0
      vertex 4.89503 6.53043 0
    endloop
  endfacet
  facet normal 0 0 -1
    outer loop
      vertex 4.59824 5.91413 0
      vertex 4.95185 5.56061 0
      vertex 4.87888 5.49343 0
    endloop
  endfacet
  facet normal 0 0 -1
    outer loop
      vertex 5.02023 5.63246 0
      vertex 4.85557 6.33524 0
      vertex 4.88017 6.43185 0
    endloop
  endfacet
  facet normal 0 0 -1
    outer loop
      vertex 5.02023 5.63246 0
      vertex 4.82148 6.24156 0
      vertex 4.85557 6.33524 0
    endloop
  endfacet
  facet normal 0 0 -1
    outer loop
      vertex 4.52349 5.84817 0
      vertex 4.87888 5.49343 0
      vertex 4.80162 5.43122 0
    endloop
  endfacet
  facet normal 0 0 -1
    outer loop
      vertex 5.02023 5.63246 0
      vertex 4.77822 6.15175 0
      vertex 4.82148 6.24156 0
    endloop
  endfacet
  facet normal 0 0 -1
    outer loop
      vertex 5.02023 5.63246 0
      vertex 4.72624 6.06668 0
      vertex 4.77822 6.15175 0
    endloop
  endfacet
  facet normal 0 0 -1
    outer loop
      vertex 4.44255 5.78997 0
      vertex 4.80162 5.43122 0
      vertex 4.72042 5.37425 0
    endloop
  endfacet
  facet normal 0 0 -1
    outer loop
      vertex 5.02023 5.63246 0
      vertex 4.66604 5.98721 0
      vertex 4.72624 6.06668 0
    endloop
  endfacet
  facet normal 0 0 -1
    outer loop
      vertex 4.44255 5.78997 0
      vertex 4.72042 5.37425 0
      vertex 4.63563 5.32277 0
    endloop
  endfacet
  facet normal 0 0 -1
    outer loop
      vertex 5.02023 5.63246 0
      vertex 4.59824 5.91413 0
      vertex 4.66604 5.98721 0
    endloop
  endfacet
  facet normal 0 0 -1
    outer loop
      vertex 4.35621 5.74013 0
      vertex 4.63563 5.32277 0
      vertex 4.54763 5.27701 0
    endloop
  endfacet
  facet normal 0 0 -1
    outer loop
      vertex 4.87888 5.49343 0
      vertex 4.52349 5.84817 0
      vertex 4.59824 5.91413 0
    endloop
  endfacet
  facet normal 0 0 -1
    outer loop
      vertex 4.26534 5.69913 0
      vertex 4.54763 5.27701 0
      vertex 4.4568 5.23717 0
    endloop
  endfacet
  facet normal 0 0 -1
    outer loop
      vertex 4.80162 5.43122 0
      vertex 4.44255 5.78997 0
      vertex 4.52349 5.84817 0
    endloop
  endfacet
  facet normal 0 0 -1
    outer loop
      vertex 4.26534 5.69913 0
      vertex 4.4568 5.23717 0
      vertex 4.36353 5.20341 0
    endloop
  endfacet
  facet normal 0 0 -1
    outer loop
      vertex 4.63563 5.32277 0
      vertex 4.35621 5.74013 0
      vertex 4.44255 5.78997 0
    endloop
  endfacet
  facet normal 0 0 -1
    outer loop
      vertex 4.17084 5.66738 0
      vertex 4.36353 5.20341 0
      vertex 4.26823 5.1759 0
    endloop
  endfacet
  facet normal 0 0 -1
    outer loop
      vertex 4.54763 5.27701 0
      vertex 4.26534 5.69913 0
      vertex 4.35621 5.74013 0
    endloop
  endfacet
  facet normal 0 0 -1
    outer loop
      vertex 4.07365 5.64519 0
      vertex 4.26823 5.1759 0
      vertex 4.17132 5.15474 0
    endloop
  endfacet
  facet normal 0 0 -1
    outer loop
      vertex 4.36353 5.20341 0
      vertex 4.17084 5.66738 0
      vertex 4.26534 5.69913 0
    endloop
  endfacet
  facet normal 0 0 -1
    outer loop
      vertex 4.26823 5.1759 0
      vertex 4.07365 5.64519 0
      vertex 4.17084 5.66738 0
    endloop
  endfacet
  facet normal 0 0 -1
    outer loop
      vertex 4.07323 5.14004 0
      vertex 4.07365 5.64519 0
      vertex 4.17132 5.15474 0
    endloop
  endfacet
  facet normal 0 0 -1
    outer loop
      vertex 4.07323 5.14004 0
      vertex 3.97473 5.6328 0
      vertex 4.07365 5.64519 0
    endloop
  endfacet
  facet normal 0 0 -1
    outer loop
      vertex 3.97437 5.13184 0
      vertex 3.97473 5.6328 0
      vertex 4.07323 5.14004 0
    endloop
  endfacet
  facet normal 0 0 -1
    outer loop
      vertex 3.87507 5.63031 0
      vertex 3.97437 5.13184 0
      vertex 3.8752 5.1302 0
    endloop
  endfacet
  facet normal 0 0 -1
    outer loop
      vertex 3.97437 5.13184 0
      vertex 3.87507 5.63031 0
      vertex 3.97473 5.6328 0
    endloop
  endfacet
  facet normal 0 0 -1
    outer loop
      vertex 3.77613 5.13512 0
      vertex 3.87507 5.63031 0
      vertex 3.8752 5.1302 0
    endloop
  endfacet
  facet normal 0 0 -1
    outer loop
      vertex 3.77613 5.13512 0
      vertex 3.77566 5.63776 0
      vertex 3.87507 5.63031 0
    endloop
  endfacet
  facet normal 0 0 -1
    outer loop
      vertex 3.6776 5.14658 0
      vertex 3.77566 5.63776 0
      vertex 3.77613 5.13512 0
    endloop
  endfacet
  facet normal 0 0 -1
    outer loop
      vertex 3.6776 5.14658 0
      vertex 3.67748 5.65507 0
      vertex 3.77566 5.63776 0
    endloop
  endfacet
  facet normal 0 0 -1
    outer loop
      vertex 3.58005 5.16452 0
      vertex 3.67748 5.65507 0
      vertex 3.6776 5.14658 0
    endloop
  endfacet
  facet normal 0 0 -1
    outer loop
      vertex 3.4839 5.18887 0
      vertex 3.67748 5.65507 0
      vertex 3.58005 5.16452 0
    endloop
  endfacet
  facet normal -0 0 -1
    outer loop
      vertex 3.67748 5.65507 0
      vertex 3.4839 5.18887 0
      vertex 3.58151 5.68207 0
    endloop
  endfacet
  facet normal 0 0 -1
    outer loop
      vertex 3.38956 5.21952 0
      vertex 3.58151 5.68207 0
      vertex 3.4839 5.18887 0
    endloop
  endfacet
  facet normal -0 0 -1
    outer loop
      vertex 3.58151 5.68207 0
      vertex 3.38956 5.21952 0
      vertex 3.48871 5.71849 0
    endloop
  endfacet
  facet normal 0 0 -1
    outer loop
      vertex 3.29746 5.25634 0
      vertex 3.48871 5.71849 0
      vertex 3.38956 5.21952 0
    endloop
  endfacet
  facet normal 0 0 -1
    outer loop
      vertex 3.20799 5.29917 0
      vertex 3.48871 5.71849 0
      vertex 3.29746 5.25634 0
    endloop
  endfacet
  facet normal -0 0 -1
    outer loop
      vertex 3.48871 5.71849 0
      vertex 3.20799 5.29917 0
      vertex 3.4 5.76397 0
    endloop
  endfacet
  facet normal 0 0 -1
    outer loop
      vertex 3.12154 5.34781 0
      vertex 3.4 5.76397 0
      vertex 3.20799 5.29917 0
    endloop
  endfacet
  facet normal -0 0 -1
    outer loop
      vertex 3.4 5.76397 0
      vertex 3.12154 5.34781 0
      vertex 3.31626 5.81806 0
    endloop
  endfacet
  facet normal 0 0 -1
    outer loop
      vertex 3.03851 5.40206 0
      vertex 3.31626 5.81806 0
      vertex 3.12154 5.34781 0
    endloop
  endfacet
  facet normal 0 0 -1
    outer loop
      vertex 2.95924 5.46168 0
      vertex 3.31626 5.81806 0
      vertex 3.03851 5.40206 0
    endloop
  endfacet
  facet normal -0 0 -1
    outer loop
      vertex 3.31626 5.81806 0
      vertex 2.95924 5.46168 0
      vertex 3.23831 5.88022 0
    endloop
  endfacet
  facet normal 0 0 -1
    outer loop
      vertex 2.88408 5.52641 0
      vertex 3.23831 5.88022 0
      vertex 2.95924 5.46168 0
    endloop
  endfacet
  facet normal -0 0 -1
    outer loop
      vertex 3.23831 5.88022 0
      vertex 2.88408 5.52641 0
      vertex 3.16695 5.94983 0
    endloop
  endfacet
  facet normal 0 0 -1
    outer loop
      vertex 2.81336 5.59597 0
      vertex 3.16695 5.94983 0
      vertex 2.88408 5.52641 0
    endloop
  endfacet
  facet normal 0 0 -1
    outer loop
      vertex 2.7474 5.67005 0
      vertex 3.16695 5.94983 0
      vertex 2.81336 5.59597 0
    endloop
  endfacet
  facet normal -0 0 -1
    outer loop
      vertex 3.16695 5.94983 0
      vertex 2.7474 5.67005 0
      vertex 3.10287 6.0262 0
    endloop
  endfacet
  facet normal 0 0 -1
    outer loop
      vertex 2.68647 5.74832 0
      vertex 3.10287 6.0262 0
      vertex 2.7474 5.67005 0
    endloop
  endfacet
  facet normal -0 0 -1
    outer loop
      vertex 3.10287 6.0262 0
      vertex 2.68647 5.74832 0
      vertex 3.04671 6.10856 0
    endloop
  endfacet
  facet normal 0 0 -1
    outer loop
      vertex 2.63086 5.83045 0
      vertex 3.04671 6.10856 0
      vertex 2.68647 5.74832 0
    endloop
  endfacet
  facet normal -0 0 -1
    outer loop
      vertex 3.04671 6.10856 0
      vertex 2.58079 5.91608 0
      vertex 2.99903 6.19612 0
    endloop
  endfacet
  facet normal 0 0 -1
    outer loop
      vertex 2.58079 5.91608 0
      vertex 3.04671 6.10856 0
      vertex 2.63086 5.83045 0
    endloop
  endfacet
  facet normal -0 0 -1
    outer loop
      vertex 5.24209 1.83991 0
      vertex 4.77822 1.64825 0
      vertex 5.19488 1.92715 0
    endloop
  endfacet
  facet normal 0 0 -1
    outer loop
      vertex 4.72624 1.73332 0
      vertex 5.19488 1.92715 0
      vertex 4.77822 1.64825 0
    endloop
  endfacet
  facet normal -0 0 -1
    outer loop
      vertex 5.19488 1.92715 0
      vertex 4.72624 1.73332 0
      vertex 5.14201 2.01107 0
    endloop
  endfacet
  facet normal -0 0 -1
    outer loop
      vertex 5.14201 2.01107 0
      vertex 4.72624 1.73332 0
      vertex 5.08371 2.09132 0
    endloop
  endfacet
  facet normal 0 0 -1
    outer loop
      vertex 4.66604 1.81279 0
      vertex 5.08371 2.09132 0
      vertex 4.72624 1.73332 0
    endloop
  endfacet
  facet normal -0 0 -1
    outer loop
      vertex 5.08371 2.09132 0
      vertex 4.66604 1.81279 0
      vertex 5.02023 2.16754 0
    endloop
  endfacet
  facet normal 0 0 -1
    outer loop
      vertex 4.59824 1.88587 0
      vertex 5.02023 2.16754 0
      vertex 4.66604 1.81279 0
    endloop
  endfacet
  facet normal -0 0 -1
    outer loop
      vertex 5.02023 2.16754 0
      vertex 4.59824 1.88587 0
      vertex 4.95185 2.23939 0
    endloop
  endfacet
  facet normal -0 0 -1
    outer loop
      vertex 4.95185 2.23939 0
      vertex 4.59824 1.88587 0
      vertex 4.87888 2.30657 0
    endloop
  endfacet
  facet normal 0 0 -1
    outer loop
      vertex 4.52349 1.95183 0
      vertex 4.87888 2.30657 0
      vertex 4.59824 1.88587 0
    endloop
  endfacet
  facet normal -0 0 -1
    outer loop
      vertex 4.87888 2.30657 0
      vertex 4.52349 1.95183 0
      vertex 4.80162 2.36878 0
    endloop
  endfacet
  facet normal 0 0 -1
    outer loop
      vertex 4.44255 2.01003 0
      vertex 4.80162 2.36878 0
      vertex 4.52349 1.95183 0
    endloop
  endfacet
  facet normal -0 0 -1
    outer loop
      vertex 4.80162 2.36878 0
      vertex 4.44255 2.01003 0
      vertex 4.72042 2.42575 0
    endloop
  endfacet
  facet normal -0 0 -1
    outer loop
      vertex 4.72042 2.42575 0
      vertex 4.44255 2.01003 0
      vertex 4.63563 2.47723 0
    endloop
  endfacet
  facet normal 0 0 -1
    outer loop
      vertex 4.35621 2.05987 0
      vertex 4.63563 2.47723 0
      vertex 4.44255 2.01003 0
    endloop
  endfacet
  facet normal -0 0 -1
    outer loop
      vertex 4.63563 2.47723 0
      vertex 4.35621 2.05987 0
      vertex 4.54763 2.52299 0
    endloop
  endfacet
  facet normal 0 0 -1
    outer loop
      vertex 4.26534 2.10087 0
      vertex 4.54763 2.52299 0
      vertex 4.35621 2.05987 0
    endloop
  endfacet
  facet normal -0 0 -1
    outer loop
      vertex 4.54763 2.52299 0
      vertex 4.26534 2.10087 0
      vertex 4.4568 2.56283 0
    endloop
  endfacet
  facet normal -0 0 -1
    outer loop
      vertex 4.4568 2.56283 0
      vertex 4.26534 2.10087 0
      vertex 4.36353 2.59658 0
    endloop
  endfacet
  facet normal 0 0 -1
    outer loop
      vertex 4.17084 2.13262 0
      vertex 4.36353 2.59658 0
      vertex 4.26534 2.10087 0
    endloop
  endfacet
  facet normal -0 0 -1
    outer loop
      vertex 4.36353 2.59658 0
      vertex 4.17084 2.13262 0
      vertex 4.26823 2.6241 0
    endloop
  endfacet
  facet normal 0 0 -1
    outer loop
      vertex 4.07365 2.15481 0
      vertex 4.26823 2.6241 0
      vertex 4.17084 2.13262 0
    endloop
  endfacet
  facet normal -0 0 -1
    outer loop
      vertex 4.26823 2.6241 0
      vertex 4.07365 2.15481 0
      vertex 4.17132 2.64526 0
    endloop
  endfacet
  facet normal 0 0 -1
    outer loop
      vertex 4.07365 2.15481 0
      vertex 4.07323 2.65996 0
      vertex 4.17132 2.64526 0
    endloop
  endfacet
  facet normal 0 0 -1
    outer loop
      vertex 3.97473 2.1672 0
      vertex 4.07323 2.65996 0
      vertex 4.07365 2.15481 0
    endloop
  endfacet
  facet normal 0 0 -1
    outer loop
      vertex 3.97473 2.1672 0
      vertex 3.97437 2.66815 0
      vertex 4.07323 2.65996 0
    endloop
  endfacet
  facet normal 0 0 -1
    outer loop
      vertex 3.87507 2.16969 0
      vertex 3.97437 2.66815 0
      vertex 3.97473 2.1672 0
    endloop
  endfacet
  facet normal -0 0 -1
    outer loop
      vertex 3.97437 2.66815 0
      vertex 3.87507 2.16969 0
      vertex 3.8752 2.66979 0
    endloop
  endfacet
  facet normal 0 0 -1
    outer loop
      vertex 3.87507 2.16969 0
      vertex 3.77613 2.66488 0
      vertex 3.8752 2.66979 0
    endloop
  endfacet
  facet normal 0 0 -1
    outer loop
      vertex 3.77566 2.16224 0
      vertex 3.77613 2.66488 0
      vertex 3.87507 2.16969 0
    endloop
  endfacet
  facet normal 0 0 -1
    outer loop
      vertex 3.77566 2.16224 0
      vertex 3.6776 2.65342 0
      vertex 3.77613 2.66488 0
    endloop
  endfacet
  facet normal 0 0 -1
    outer loop
      vertex 3.67748 2.14493 0
      vertex 3.6776 2.65342 0
      vertex 3.77566 2.16224 0
    endloop
  endfacet
  facet normal 0 0 -1
    outer loop
      vertex 3.4839 2.61113 0
      vertex 3.67748 2.14493 0
      vertex 3.58151 2.11793 0
    endloop
  endfacet
  facet normal 0 0 -1
    outer loop
      vertex 3.67748 2.14493 0
      vertex 3.58005 2.63548 0
      vertex 3.6776 2.65342 0
    endloop
  endfacet
  facet normal 0 0 -1
    outer loop
      vertex 3.38956 2.58048 0
      vertex 3.58151 2.11793 0
      vertex 3.48871 2.08151 0
    endloop
  endfacet
  facet normal 0 0 -1
    outer loop
      vertex 3.67748 2.14493 0
      vertex 3.4839 2.61113 0
      vertex 3.58005 2.63548 0
    endloop
  endfacet
  facet normal 0 0 -1
    outer loop
      vertex 3.20799 2.50083 0
      vertex 3.48871 2.08151 0
      vertex 3.4 2.03603 0
    endloop
  endfacet
  facet normal 0 0 -1
    outer loop
      vertex 3.58151 2.11793 0
      vertex 3.38956 2.58048 0
      vertex 3.4839 2.61113 0
    endloop
  endfacet
  facet normal 0 0 -1
    outer loop
      vertex 3.12154 2.45219 0
      vertex 3.4 2.03603 0
      vertex 3.31626 1.98194 0
    endloop
  endfacet
  facet normal 0 0 -1
    outer loop
      vertex 3.48871 2.08151 0
      vertex 3.29746 2.54366 0
      vertex 3.38956 2.58048 0
    endloop
  endfacet
  facet normal 0 0 -1
    outer loop
      vertex 2.95924 2.33832 0
      vertex 3.31626 1.98194 0
      vertex 3.23831 1.91978 0
    endloop
  endfacet
  facet normal 0 0 -1
    outer loop
      vertex 3.48871 2.08151 0
      vertex 3.20799 2.50083 0
      vertex 3.29746 2.54366 0
    endloop
  endfacet
  facet normal 0 0 -1
    outer loop
      vertex 2.88408 2.27359 0
      vertex 3.23831 1.91978 0
      vertex 3.16695 1.85017 0
    endloop
  endfacet
  facet normal 0 0 -1
    outer loop
      vertex 3.4 2.03603 0
      vertex 3.12154 2.45219 0
      vertex 3.20799 2.50083 0
    endloop
  endfacet
  facet normal 0 0 -1
    outer loop
      vertex 2.7474 2.12995 0
      vertex 3.16695 1.85017 0
      vertex 3.10287 1.7738 0
    endloop
  endfacet
  facet normal 0 0 -1
    outer loop
      vertex 2.68647 2.05168 0
      vertex 3.10287 1.7738 0
      vertex 3.04671 1.69143 0
    endloop
  endfacet
  facet normal 0 0 -1
    outer loop
      vertex 3.31626 1.98194 0
      vertex 3.03851 2.39794 0
      vertex 3.12154 2.45219 0
    endloop
  endfacet
  facet normal 0 0 -1
    outer loop
      vertex 2.58079 1.88392 0
      vertex 3.04671 1.69143 0
      vertex 2.99903 1.60388 0
    endloop
  endfacet
  facet normal 0 0 -1
    outer loop
      vertex 2.53649 1.79517 0
      vertex 2.99903 1.60388 0
      vertex 2.96031 1.51202 0
    endloop
  endfacet
  facet normal 0 0 -1
    outer loop
      vertex 3.31626 1.98194 0
      vertex 2.95924 2.33832 0
      vertex 3.03851 2.39794 0
    endloop
  endfacet
  facet normal 0 0 -1
    outer loop
      vertex 2.46595 1.60987 0
      vertex 2.96031 1.51202 0
      vertex 2.93092 1.41676 0
    endloop
  endfacet
  facet normal 0 0 -1
    outer loop
      vertex 2.44295 1.525 0
      vertex 2.93092 1.41676 0
      vertex 2.91117 1.31904 0
    endloop
  endfacet
  facet normal 0 0 -1
    outer loop
      vertex 2.44295 1.525 0
      vertex 2.91117 1.31904 0
      vertex 2.90124 1.21985 0
    endloop
  endfacet
  facet normal 0 0 -1
    outer loop
      vertex 3.23831 1.91978 0
      vertex 2.88408 2.27359 0
      vertex 2.95924 2.33832 0
    endloop
  endfacet
  facet normal 0 0 -1
    outer loop
      vertex 6.11956 5.31048 0
      vertex 6.31151 4.84793 0
      vertex 6.21871 4.81151 0
    endloop
  endfacet
  facet normal 0 0 -1
    outer loop
      vertex 6.31151 4.84793 0
      vertex 6.21389 5.34113 0
      vertex 6.275 5.3566 0
    endloop
  endfacet
  facet normal 0 0 -1
    outer loop
      vertex 5.93799 5.23083 0
      vertex 6.21871 4.81151 0
      vertex 6.13 4.76602 0
    endloop
  endfacet
  facet normal 0 0 -1
    outer loop
      vertex 6.31151 4.84793 0
      vertex 6.11956 5.31048 0
      vertex 6.21389 5.34113 0
    endloop
  endfacet
  facet normal 0 0 -1
    outer loop
      vertex 5.85155 5.18219 0
      vertex 6.13 4.76602 0
      vertex 6.04626 4.71194 0
    endloop
  endfacet
  facet normal 0 0 -1
    outer loop
      vertex 6.21871 4.81151 0
      vertex 6.02746 5.27366 0
      vertex 6.11956 5.31048 0
    endloop
  endfacet
  facet normal 0 0 -1
    outer loop
      vertex 5.68923 5.06832 0
      vertex 6.04626 4.71194 0
      vertex 5.96831 4.64978 0
    endloop
  endfacet
  facet normal 0 0 -1
    outer loop
      vertex 6.21871 4.81151 0
      vertex 5.93799 5.23083 0
      vertex 6.02746 5.27366 0
    endloop
  endfacet
  facet normal 0 0 -1
    outer loop
      vertex 5.61408 5.00359 0
      vertex 5.96831 4.64978 0
      vertex 5.89695 4.58017 0
    endloop
  endfacet
  facet normal 0 0 -1
    outer loop
      vertex 6.13 4.76602 0
      vertex 5.85155 5.18219 0
      vertex 5.93799 5.23083 0
    endloop
  endfacet
  facet normal 0 0 -1
    outer loop
      vertex 5.4774 4.85995 0
      vertex 5.89695 4.58017 0
      vertex 5.83287 4.5038 0
    endloop
  endfacet
  facet normal 0 0 -1
    outer loop
      vertex 5.41647 4.78168 0
      vertex 5.83287 4.5038 0
      vertex 5.77671 4.42143 0
    endloop
  endfacet
  facet normal 0 0 -1
    outer loop
      vertex 6.04626 4.71194 0
      vertex 5.76851 5.12794 0
      vertex 5.85155 5.18219 0
    endloop
  endfacet
  facet normal 0 0 -1
    outer loop
      vertex 5.31079 4.61392 0
      vertex 5.77671 4.42143 0
      vertex 5.72903 4.33388 0
    endloop
  endfacet
  facet normal 0 0 -1
    outer loop
      vertex 5.26649 4.52517 0
      vertex 5.72903 4.33388 0
      vertex 5.69031 4.24202 0
    endloop
  endfacet
  facet normal 0 0 -1
    outer loop
      vertex 6.04626 4.71194 0
      vertex 5.68923 5.06832 0
      vertex 5.76851 5.12794 0
    endloop
  endfacet
  facet normal 0 0 -1
    outer loop
      vertex 5.19595 4.33987 0
      vertex 5.69031 4.24202 0
      vertex 5.66092 4.14676 0
    endloop
  endfacet
  facet normal 0 0 -1
    outer loop
      vertex 5.17001 4.24414 0
      vertex 5.66092 4.14676 0
      vertex 5.64117 4.04904 0
    endloop
  endfacet
  facet normal 0 0 -1
    outer loop
      vertex 5.13737 4.04857 0
      vertex 5.64117 4.04904 0
      vertex 5.63124 3.94985 0
    endloop
  endfacet
  facet normal 0 0 -1
    outer loop
      vertex 5.96831 4.64978 0
      vertex 5.61408 5.00359 0
      vertex 5.68923 5.06832 0
    endloop
  endfacet
  facet normal 0 0 -1
    outer loop
      vertex 5.26649 3.27483 0
      vertex 5.72903 3.46612 0
      vertex 5.31079 3.18608 0
    endloop
  endfacet
  facet normal -0 0 -1
    outer loop
      vertex 5.72903 3.46612 0
      vertex 5.26649 3.27483 0
      vertex 5.69031 3.55798 0
    endloop
  endfacet
  facet normal 0 0 -1
    outer loop
      vertex 5.89695 4.58017 0
      vertex 5.54336 4.93403 0
      vertex 5.61408 5.00359 0
    endloop
  endfacet
  facet normal 0 0 -1
    outer loop
      vertex 5.22815 3.36631 0
      vertex 5.69031 3.55798 0
      vertex 5.26649 3.27483 0
    endloop
  endfacet
  facet normal 0 0 -1
    outer loop
      vertex 5.89695 4.58017 0
      vertex 5.4774 4.85995 0
      vertex 5.54336 4.93403 0
    endloop
  endfacet
  facet normal 0 0 -1
    outer loop
      vertex 5.19595 3.46012 0
      vertex 5.69031 3.55798 0
      vertex 5.22815 3.36631 0
    endloop
  endfacet
  facet normal 0 0 -1
    outer loop
      vertex 5.83287 4.5038 0
      vertex 5.41647 4.78168 0
      vertex 5.4774 4.85995 0
    endloop
  endfacet
  facet normal -0 0 -1
    outer loop
      vertex 5.69031 3.55798 0
      vertex 5.19595 3.46012 0
      vertex 5.66092 3.65324 0
    endloop
  endfacet
  facet normal 0 0 -1
    outer loop
      vertex 5.77671 4.42143 0
      vertex 5.36086 4.69955 0
      vertex 5.41647 4.78168 0
    endloop
  endfacet
  facet normal 0 0 -1
    outer loop
      vertex 5.17001 3.55586 0
      vertex 5.66092 3.65324 0
      vertex 5.19595 3.46012 0
    endloop
  endfacet
  facet normal 0 0 -1
    outer loop
      vertex 5.77671 4.42143 0
      vertex 5.31079 4.61392 0
      vertex 5.36086 4.69955 0
    endloop
  endfacet
  facet normal -0 0 -1
    outer loop
      vertex 5.66092 3.65324 0
      vertex 5.17001 3.55586 0
      vertex 5.64117 3.75096 0
    endloop
  endfacet
  facet normal 0 0 -1
    outer loop
      vertex 5.72903 4.33388 0
      vertex 5.26649 4.52517 0
      vertex 5.31079 4.61392 0
    endloop
  endfacet
  facet normal 0 0 -1
    outer loop
      vertex 5.15046 3.65311 0
      vertex 5.64117 3.75096 0
      vertex 5.17001 3.55586 0
    endloop
  endfacet
  facet normal 0 0 -1
    outer loop
      vertex 5.69031 4.24202 0
      vertex 5.22815 4.43369 0
      vertex 5.26649 4.52517 0
    endloop
  endfacet
  facet normal 0 0 -1
    outer loop
      vertex 5.13737 3.75143 0
      vertex 5.64117 3.75096 0
      vertex 5.15046 3.65311 0
    endloop
  endfacet
  facet normal 0 0 -1
    outer loop
      vertex 5.69031 4.24202 0
      vertex 5.19595 4.33987 0
      vertex 5.22815 4.43369 0
    endloop
  endfacet
  facet normal 0 0 -1
    outer loop
      vertex 5.64117 3.75096 0
      vertex 5.13737 3.75143 0
      vertex 5.63124 3.85015 0
    endloop
  endfacet
  facet normal 0 0 -1
    outer loop
      vertex 5.66092 4.14676 0
      vertex 5.17001 4.24414 0
      vertex 5.19595 4.33987 0
    endloop
  endfacet
  facet normal 0 0 -1
    outer loop
      vertex 5.13082 3.8504 0
      vertex 5.63124 3.85015 0
      vertex 5.13737 3.75143 0
    endloop
  endfacet
  facet normal 0 0 -1
    outer loop
      vertex 5.64117 4.04904 0
      vertex 5.15046 4.14689 0
      vertex 5.17001 4.24414 0
    endloop
  endfacet
  facet normal 0 0 -1
    outer loop
      vertex 5.63124 3.85015 0
      vertex 5.13082 3.8504 0
      vertex 5.63124 3.94985 0
    endloop
  endfacet
  facet normal -0 0 -1
    outer loop
      vertex 5.64117 4.04904 0
      vertex 5.13737 4.04857 0
      vertex 5.15046 4.14689 0
    endloop
  endfacet
  facet normal 0 0 -1
    outer loop
      vertex 5.13082 3.94959 0
      vertex 5.63124 3.94985 0
      vertex 5.13082 3.8504 0
    endloop
  endfacet
  facet normal -0 0 -1
    outer loop
      vertex 5.63124 3.94985 0
      vertex 5.13082 3.94959 0
      vertex 5.13737 4.04857 0
    endloop
  endfacet
  facet normal 0 0 -1
    outer loop
      vertex 7.8 0 0
      vertex 7.63 3.9 0
      vertex 7.8 7.8 0
    endloop
  endfacet
  facet normal 0 0 -1
    outer loop
      vertex 7.8 0 0
      vertex 7.62503 3.80043 0
      vertex 7.63 3.9 0
    endloop
  endfacet
  facet normal 0 0 -1
    outer loop
      vertex 7.8 0 0
      vertex 7.61017 3.70185 0
      vertex 7.62503 3.80043 0
    endloop
  endfacet
  facet normal 0 0 -1
    outer loop
      vertex 7.8 0 0
      vertex 7.58557 3.60524 0
      vertex 7.61017 3.70185 0
    endloop
  endfacet
  facet normal 0 0 -1
    outer loop
      vertex 7.8 0 0
      vertex 7.55148 3.51156 0
      vertex 7.58557 3.60524 0
    endloop
  endfacet
  facet normal 0 0 -1
    outer loop
      vertex 7.8 0 0
      vertex 7.50822 3.42175 0
      vertex 7.55148 3.51156 0
    endloop
  endfacet
  facet normal 0 0 -1
    outer loop
      vertex 7.8 0 0
      vertex 7.45624 3.33668 0
      vertex 7.50822 3.42175 0
    endloop
  endfacet
  facet normal 0 0 -1
    outer loop
      vertex 7.8 0 0
      vertex 7.39604 3.25721 0
      vertex 7.45624 3.33668 0
    endloop
  endfacet
  facet normal 0 0 -1
    outer loop
      vertex 7.8 0 0
      vertex 7.32824 3.18413 0
      vertex 7.39604 3.25721 0
    endloop
  endfacet
  facet normal 0 0 -1
    outer loop
      vertex 7.8 0 0
      vertex 7.25349 3.11817 0
      vertex 7.32824 3.18413 0
    endloop
  endfacet
  facet normal 0 0 -1
    outer loop
      vertex 7.8 0 0
      vertex 7.17255 3.05997 0
      vertex 7.25349 3.11817 0
    endloop
  endfacet
  facet normal 0 0 -1
    outer loop
      vertex 7.8 0 0
      vertex 7.08621 3.01013 0
      vertex 7.17255 3.05997 0
    endloop
  endfacet
  facet normal 0 0 -1
    outer loop
      vertex 6.275 1.525 0
      vertex 7.08621 3.01013 0
      vertex 7.8 0 0
    endloop
  endfacet
  facet normal 0 0 -1
    outer loop
      vertex 7.08621 3.01013 0
      vertex 6.275 1.525 0
      vertex 6.99534 2.96913 0
    endloop
  endfacet
  facet normal 0 0 -1
    outer loop
      vertex 6.99534 2.96913 0
      vertex 6.275 1.525 0
      vertex 6.90084 2.93738 0
    endloop
  endfacet
  facet normal 0 0 -1
    outer loop
      vertex 6.275 2.44339 0
      vertex 6.90084 2.93738 0
      vertex 6.275 1.525 0
    endloop
  endfacet
  facet normal 0 0 -1
    outer loop
      vertex 6.90084 2.93738 0
      vertex 6.275 2.44339 0
      vertex 6.80365 2.91519 0
    endloop
  endfacet
  facet normal 0 0 -1
    outer loop
      vertex 6.80365 2.91519 0
      vertex 6.275 2.44339 0
      vertex 6.70473 2.9028 0
    endloop
  endfacet
  facet normal 0 0 -1
    outer loop
      vertex 6.70473 2.9028 0
      vertex 6.275 2.44339 0
      vertex 6.60507 2.90031 0
    endloop
  endfacet
  facet normal -0 0 -1
    outer loop
      vertex 6.50566 2.90776 0
      vertex 6.275 2.44339 0
      vertex 6.40748 2.92507 0
    endloop
  endfacet
  facet normal -0 0 -1
    outer loop
      vertex 6.60507 2.90031 0
      vertex 6.275 2.44339 0
      vertex 6.50566 2.90776 0
    endloop
  endfacet
  facet normal 0 0 -1
    outer loop
      vertex 4.77822 0.691746 0
      vertex 6.275 1.525 0
      vertex 7.8 0 0
    endloop
  endfacet
  facet normal 0 0 -1
    outer loop
      vertex 4.89503 1.26957 0
      vertex 5.35659 1.525 0
      vertex 4.9 1.17 0
    endloop
  endfacet
  facet normal 0 0 -1
    outer loop
      vertex 4.88017 1.36815 0
      vertex 5.35659 1.525 0
      vertex 4.89503 1.26957 0
    endloop
  endfacet
  facet normal 0 0 -1
    outer loop
      vertex 4.85557 1.46476 0
      vertex 5.35659 1.525 0
      vertex 4.88017 1.36815 0
    endloop
  endfacet
  facet normal -0 0 -1
    outer loop
      vertex 5.35659 1.525 0
      vertex 4.85557 1.46476 0
      vertex 5.34781 1.56222 0
    endloop
  endfacet
  facet normal -0 0 -1
    outer loop
      vertex 5.34781 1.56222 0
      vertex 4.85557 1.46476 0
      vertex 5.31873 1.65705 0
    endloop
  endfacet
  facet normal 0 0 -1
    outer loop
      vertex 4.82148 1.55843 0
      vertex 5.31873 1.65705 0
      vertex 4.85557 1.46476 0
    endloop
  endfacet
  facet normal -0 0 -1
    outer loop
      vertex 5.31873 1.65705 0
      vertex 4.82148 1.55843 0
      vertex 5.28343 1.74975 0
    endloop
  endfacet
  facet normal -0 0 -1
    outer loop
      vertex 5.28343 1.74975 0
      vertex 4.82148 1.55843 0
      vertex 5.24209 1.83991 0
    endloop
  endfacet
  facet normal 0 0 -1
    outer loop
      vertex 4.77822 1.64825 0
      vertex 5.24209 1.83991 0
      vertex 4.82148 1.55843 0
    endloop
  endfacet
  facet normal -0 0 -1
    outer loop
      vertex 6.275 1.525 0
      vertex 4.85557 0.875244 0
      vertex 5.35659 1.525 0
    endloop
  endfacet
  facet normal 0 0 -1
    outer loop
      vertex 5.35659 1.525 0
      vertex 4.89503 1.07043 0
      vertex 4.9 1.17 0
    endloop
  endfacet
  facet normal 0 0 -1
    outer loop
      vertex 5.35659 1.525 0
      vertex 4.88017 0.971853 0
      vertex 4.89503 1.07043 0
    endloop
  endfacet
  facet normal 0 0 -1
    outer loop
      vertex 5.35659 1.525 0
      vertex 4.85557 0.875244 0
      vertex 4.88017 0.971853 0
    endloop
  endfacet
  facet normal 0 0 -1
    outer loop
      vertex 6.275 1.525 0
      vertex 4.82148 0.781565 0
      vertex 4.85557 0.875244 0
    endloop
  endfacet
  facet normal 0 0 -1
    outer loop
      vertex 6.275 1.525 0
      vertex 4.77822 0.691746 0
      vertex 4.82148 0.781565 0
    endloop
  endfacet
  facet normal 0 0 -1
    outer loop
      vertex 7.8 0 0
      vertex 4.72624 0.60668 0
      vertex 4.77822 0.691746 0
    endloop
  endfacet
  facet normal 0 0 -1
    outer loop
      vertex 7.8 0 0
      vertex 4.66604 0.527212 0
      vertex 4.72624 0.60668 0
    endloop
  endfacet
  facet normal 0 0 -1
    outer loop
      vertex 7.8 0 0
      vertex 4.59824 0.454133 0
      vertex 4.66604 0.527212 0
    endloop
  endfacet
  facet normal 0 0 -1
    outer loop
      vertex 7.8 0 0
      vertex 4.52349 0.388168 0
      vertex 4.59824 0.454133 0
    endloop
  endfacet
  facet normal 0 0 -1
    outer loop
      vertex 7.8 0 0
      vertex 4.44255 0.329973 0
      vertex 4.52349 0.388168 0
    endloop
  endfacet
  facet normal 0 0 -1
    outer loop
      vertex 7.8 0 0
      vertex 4.35621 0.280128 0
      vertex 4.44255 0.329973 0
    endloop
  endfacet
  facet normal 0 0 -1
    outer loop
      vertex 7.8 0 0
      vertex 4.26534 0.239126 0
      vertex 4.35621 0.280128 0
    endloop
  endfacet
  facet normal 0 0 -1
    outer loop
      vertex 7.8 0 0
      vertex 4.17084 0.207376 0
      vertex 4.26534 0.239126 0
    endloop
  endfacet
  facet normal 0 0 -1
    outer loop
      vertex 7.8 0 0
      vertex 4.07365 0.185192 0
      vertex 4.17084 0.207376 0
    endloop
  endfacet
  facet normal 0 0 -1
    outer loop
      vertex 7.8 0 0
      vertex 3.97473 0.172795 0
      vertex 4.07365 0.185192 0
    endloop
  endfacet
  facet normal 0 0 -1
    outer loop
      vertex 7.8 0 0
      vertex 3.87507 0.17031 0
      vertex 3.97473 0.172795 0
    endloop
  endfacet
  facet normal 0 0 -1
    outer loop
      vertex 2.44295 1.525 0
      vertex 2.90124 1.21985 0
      vertex 2.90124 1.12015 0
    endloop
  endfacet
  facet normal 0 0 -1
    outer loop
      vertex 3.16695 1.85017 0
      vertex 2.81336 2.20403 0
      vertex 2.88408 2.27359 0
    endloop
  endfacet
  facet normal 0 0 -1
    outer loop
      vertex 3.16695 1.85017 0
      vertex 2.7474 2.12995 0
      vertex 2.81336 2.20403 0
    endloop
  endfacet
  facet normal 0 0 -1
    outer loop
      vertex 2.44295 1.525 0
      vertex 2.90124 1.12015 0
      vertex 2.91117 1.02096 0
    endloop
  endfacet
  facet normal 0 0 -1
    outer loop
      vertex 3.10287 1.7738 0
      vertex 2.68647 2.05168 0
      vertex 2.7474 2.12995 0
    endloop
  endfacet
  facet normal 0 0 -1
    outer loop
      vertex 2.44295 1.525 0
      vertex 2.91117 1.02096 0
      vertex 2.93092 0.923243 0
    endloop
  endfacet
  facet normal 0 0 -1
    outer loop
      vertex 3.04671 1.69143 0
      vertex 2.63086 1.96955 0
      vertex 2.68647 2.05168 0
    endloop
  endfacet
  facet normal 0 0 -1
    outer loop
      vertex 3.04671 1.69143 0
      vertex 2.58079 1.88392 0
      vertex 2.63086 1.96955 0
    endloop
  endfacet
  facet normal 0 0 -1
    outer loop
      vertex 1.525 1.525 0
      vertex 2.93092 0.923243 0
      vertex 2.96031 0.827979 0
    endloop
  endfacet
  facet normal 0 0 -1
    outer loop
      vertex 2.99903 1.60388 0
      vertex 2.53649 1.79517 0
      vertex 2.58079 1.88392 0
    endloop
  endfacet
  facet normal 0 0 -1
    outer loop
      vertex 1.525 1.525 0
      vertex 2.96031 0.827979 0
      vertex 2.99903 0.736115 0
    endloop
  endfacet
  facet normal 0 0 -1
    outer loop
      vertex 2.96031 1.51202 0
      vertex 2.49815 1.70369 0
      vertex 2.53649 1.79517 0
    endloop
  endfacet
  facet normal 0 0 -1
    outer loop
      vertex 2.96031 1.51202 0
      vertex 2.46595 1.60987 0
      vertex 2.49815 1.70369 0
    endloop
  endfacet
  facet normal 0 0 -1
    outer loop
      vertex 1.525 1.525 0
      vertex 2.99903 0.736115 0
      vertex 3.04671 0.648564 0
    endloop
  endfacet
  facet normal 0 0 -1
    outer loop
      vertex 2.93092 1.41676 0
      vertex 2.44295 1.525 0
      vertex 2.46595 1.60987 0
    endloop
  endfacet
  facet normal 0 0 -1
    outer loop
      vertex 0 0 0
      vertex 3.04671 0.648564 0
      vertex 3.10287 0.566195 0
    endloop
  endfacet
  facet normal 0 0 -1
    outer loop
      vertex 2.93092 0.923243 0
      vertex 1.525 1.525 0
      vertex 2.44295 1.525 0
    endloop
  endfacet
  facet normal 0 0 -1
    outer loop
      vertex 0 0 0
      vertex 3.10287 0.566195 0
      vertex 3.16695 0.489827 0
    endloop
  endfacet
  facet normal 0 0 -1
    outer loop
      vertex 0 0 0
      vertex 3.16695 0.489827 0
      vertex 3.23831 0.420218 0
    endloop
  endfacet
  facet normal 0 0 -1
    outer loop
      vertex 0 0 0
      vertex 3.23831 0.420218 0
      vertex 3.31626 0.358062 0
    endloop
  endfacet
  facet normal 0 0 -1
    outer loop
      vertex 0.947478 2.92507 0
      vertex 1.525 2.44301 0
      vertex 1.525 1.525 0
    endloop
  endfacet
  facet normal 0 0 -1
    outer loop
      vertex 1.525 2.44301 0
      vertex 1.34365 2.91519 0
      vertex 1.44084 2.93738 0
    endloop
  endfacet
  facet normal 0 0 -1
    outer loop
      vertex 1.525 2.44301 0
      vertex 1.24473 2.9028 0
      vertex 1.34365 2.91519 0
    endloop
  endfacet
  facet normal 0 0 -1
    outer loop
      vertex 1.525 2.44301 0
      vertex 1.14507 2.90031 0
      vertex 1.24473 2.9028 0
    endloop
  endfacet
  facet normal 0 0 -1
    outer loop
      vertex 1.525 2.44301 0
      vertex 1.04566 2.90776 0
      vertex 1.14507 2.90031 0
    endloop
  endfacet
  facet normal 0 0 -1
    outer loop
      vertex 1.525 2.44301 0
      vertex 0.947478 2.92507 0
      vertex 1.04566 2.90776 0
    endloop
  endfacet
  facet normal 0 0 -1
    outer loop
      vertex 1.525 1.525 0
      vertex 0.851513 2.95207 0
      vertex 0.947478 2.92507 0
    endloop
  endfacet
  facet normal 0 0 -1
    outer loop
      vertex 1.525 1.525 0
      vertex 0.758713 2.98849 0
      vertex 0.851513 2.95207 0
    endloop
  endfacet
  facet normal 0 0 -1
    outer loop
      vertex 1.525 1.525 0
      vertex 0.669999 3.03397 0
      vertex 0.758713 2.98849 0
    endloop
  endfacet
  facet normal 0 0 -1
    outer loop
      vertex 0 0 0
      vertex 0.669999 3.03397 0
      vertex 1.525 1.525 0
    endloop
  endfacet
  facet normal -0 0 -1
    outer loop
      vertex 0.669999 3.03397 0
      vertex 0 0 0
      vertex 0.586256 3.08806 0
    endloop
  endfacet
  facet normal -0 0 -1
    outer loop
      vertex 0.586256 3.08806 0
      vertex 0 0 0
      vertex 0.508314 3.15022 0
    endloop
  endfacet
  facet normal -0 0 -1
    outer loop
      vertex 0.508314 3.15022 0
      vertex 0 0 0
      vertex 0.436948 3.21983 0
    endloop
  endfacet
  facet normal -0 0 -1
    outer loop
      vertex 0.436948 3.21983 0
      vertex 0 0 0
      vertex 0.372867 3.2962 0
    endloop
  endfacet
  facet normal -0 0 -1
    outer loop
      vertex 0.171243 3.85015 0
      vertex 0 0 0
      vertex 0.171243 3.94985 0
    endloop
  endfacet
  facet normal -0 0 -1
    outer loop
      vertex 0.181169 3.75096 0
      vertex 0 0 0
      vertex 0.171243 3.85015 0
    endloop
  endfacet
  facet normal -0 0 -1
    outer loop
      vertex 0.200922 3.65324 0
      vertex 0 0 0
      vertex 0.181169 3.75096 0
    endloop
  endfacet
  facet normal -0 0 -1
    outer loop
      vertex 0.230307 3.55798 0
      vertex 0 0 0
      vertex 0.200922 3.65324 0
    endloop
  endfacet
  facet normal -0 0 -1
    outer loop
      vertex 0.269031 3.46612 0
      vertex 0 0 0
      vertex 0.230307 3.55798 0
    endloop
  endfacet
  facet normal -0 0 -1
    outer loop
      vertex 0.316709 3.37856 0
      vertex 0 0 0
      vertex 0.269031 3.46612 0
    endloop
  endfacet
  facet normal -0 0 -1
    outer loop
      vertex 0.372867 3.2962 0
      vertex 0 0 0
      vertex 0.316709 3.37856 0
    endloop
  endfacet
  facet normal -0 0 -1
    outer loop
      vertex 3.04671 0.648564 0
      vertex 0 0 0
      vertex 1.525 1.525 0
    endloop
  endfacet
  facet normal -0 0 -1
    outer loop
      vertex 3.4 0.303974 0
      vertex 0 0 0
      vertex 3.31626 0.358062 0
    endloop
  endfacet
  facet normal -0 0 -1
    outer loop
      vertex 3.48871 0.258493 0
      vertex 0 0 0
      vertex 3.4 0.303974 0
    endloop
  endfacet
  facet normal -0 0 -1
    outer loop
      vertex 3.58151 0.222073 0
      vertex 0 0 0
      vertex 3.48871 0.258493 0
    endloop
  endfacet
  facet normal -0 0 -1
    outer loop
      vertex 3.67748 0.195071 0
      vertex 0 0 0
      vertex 3.58151 0.222073 0
    endloop
  endfacet
  facet normal -0 0 -1
    outer loop
      vertex 3.77566 0.17776 0
      vertex 0 0 0
      vertex 3.67748 0.195071 0
    endloop
  endfacet
  facet normal -0 0 -1
    outer loop
      vertex 3.87507 0.17031 0
      vertex 0 0 0
      vertex 3.77566 0.17776 0
    endloop
  endfacet
  facet normal 0 0 -1
    outer loop
      vertex 0 0 0
      vertex 3.87507 0.17031 0
      vertex 7.8 0 0
    endloop
  endfacet
  facet normal 0 0 -1
    outer loop
      vertex 7.62503 3.99957 0
      vertex 7.8 7.8 0
      vertex 7.63 3.9 0
    endloop
  endfacet
  facet normal 0 0 -1
    outer loop
      vertex 7.61017 4.09815 0
      vertex 7.8 7.8 0
      vertex 7.62503 3.99957 0
    endloop
  endfacet
  facet normal 0 0 -1
    outer loop
      vertex 7.58557 4.19475 0
      vertex 7.8 7.8 0
      vertex 7.61017 4.09815 0
    endloop
  endfacet
  facet normal 0 0 -1
    outer loop
      vertex 7.55148 4.28843 0
      vertex 7.8 7.8 0
      vertex 7.58557 4.19475 0
    endloop
  endfacet
  facet normal 0 0 -1
    outer loop
      vertex 7.50822 4.37825 0
      vertex 7.8 7.8 0
      vertex 7.55148 4.28843 0
    endloop
  endfacet
  facet normal 0 0 -1
    outer loop
      vertex 7.45624 4.46332 0
      vertex 7.8 7.8 0
      vertex 7.50822 4.37825 0
    endloop
  endfacet
  facet normal 0 0 -1
    outer loop
      vertex 7.39604 4.54279 0
      vertex 7.8 7.8 0
      vertex 7.45624 4.46332 0
    endloop
  endfacet
  facet normal 0 0 -1
    outer loop
      vertex 7.32824 4.61587 0
      vertex 7.8 7.8 0
      vertex 7.39604 4.54279 0
    endloop
  endfacet
  facet normal 0 0 -1
    outer loop
      vertex 7.25349 4.68183 0
      vertex 7.8 7.8 0
      vertex 7.32824 4.61587 0
    endloop
  endfacet
  facet normal 0 0 -1
    outer loop
      vertex 7.17255 4.74003 0
      vertex 7.8 7.8 0
      vertex 7.25349 4.68183 0
    endloop
  endfacet
  facet normal 0 0 -1
    outer loop
      vertex 7.08621 4.78987 0
      vertex 7.8 7.8 0
      vertex 7.17255 4.74003 0
    endloop
  endfacet
  facet normal 0 0 -1
    outer loop
      vertex 6.275 6.275 0
      vertex 7.08621 4.78987 0
      vertex 6.99534 4.83087 0
    endloop
  endfacet
  facet normal 0 0 -1
    outer loop
      vertex 6.275 6.275 0
      vertex 6.99534 4.83087 0
      vertex 6.90084 4.86262 0
    endloop
  endfacet
  facet normal 0 0 -1
    outer loop
      vertex 6.275 5.3566 0
      vertex 6.90084 4.86262 0
      vertex 6.80365 4.88481 0
    endloop
  endfacet
  facet normal 0 0 -1
    outer loop
      vertex 6.275 5.3566 0
      vertex 6.80365 4.88481 0
      vertex 6.70473 4.8972 0
    endloop
  endfacet
  facet normal 0 0 -1
    outer loop
      vertex 6.275 5.3566 0
      vertex 6.70473 4.8972 0
      vertex 6.60507 4.89969 0
    endloop
  endfacet
  facet normal 0 0 -1
    outer loop
      vertex 6.275 5.3566 0
      vertex 6.60507 4.89969 0
      vertex 6.50566 4.89224 0
    endloop
  endfacet
  facet normal 0 0 -1
    outer loop
      vertex 6.275 5.3566 0
      vertex 6.50566 4.89224 0
      vertex 6.40748 4.87493 0
    endloop
  endfacet
  facet normal 0 0 -1
    outer loop
      vertex 6.275 5.3566 0
      vertex 6.40748 4.87493 0
      vertex 6.31151 4.84793 0
    endloop
  endfacet
  facet normal 0 0 -1
    outer loop
      vertex 6.90084 4.86262 0
      vertex 6.275 5.3566 0
      vertex 6.275 6.275 0
    endloop
  endfacet
  facet normal 0 0 -1
    outer loop
      vertex 7.08621 4.78987 0
      vertex 6.275 6.275 0
      vertex 7.8 7.8 0
    endloop
  endfacet
  facet normal 0 0 -1
    outer loop
      vertex 4.85557 6.92476 0
      vertex 6.275 6.275 0
      vertex 5.35659 6.275 0
    endloop
  endfacet
  facet normal 0 0 -1
    outer loop
      vertex 4.89503 6.53043 0
      vertex 5.34781 6.23778 0
      vertex 5.31873 6.14295 0
    endloop
  endfacet
  facet normal 0 0 -1
    outer loop
      vertex 4.89503 6.53043 0
      vertex 5.31873 6.14295 0
      vertex 5.28343 6.05025 0
    endloop
  endfacet
  facet normal 0 0 -1
    outer loop
      vertex 4.89503 6.53043 0
      vertex 5.28343 6.05025 0
      vertex 5.24209 5.96009 0
    endloop
  endfacet
  facet normal 0 0 -1
    outer loop
      vertex 4.89503 6.53043 0
      vertex 5.24209 5.96009 0
      vertex 5.19488 5.87285 0
    endloop
  endfacet
  facet normal 0 0 -1
    outer loop
      vertex 4.89503 6.53043 0
      vertex 5.19488 5.87285 0
      vertex 5.14201 5.78893 0
    endloop
  endfacet
  facet normal 0 0 -1
    outer loop
      vertex 4.89503 6.53043 0
      vertex 5.14201 5.78893 0
      vertex 5.08371 5.70868 0
    endloop
  endfacet
  facet normal 0 0 -1
    outer loop
      vertex 4.89503 6.53043 0
      vertex 5.08371 5.70868 0
      vertex 5.02023 5.63246 0
    endloop
  endfacet
  facet normal 0 0 -1
    outer loop
      vertex 4.59824 5.91413 0
      vertex 5.02023 5.63246 0
      vertex 4.95185 5.56061 0
    endloop
  endfacet
  facet normal 0 0 -1
    outer loop
      vertex 4.89503 6.53043 0
      vertex 5.35659 6.275 0
      vertex 5.34781 6.23778 0
    endloop
  endfacet
  facet normal 0 0 -1
    outer loop
      vertex 4.89503 6.72957 0
      vertex 5.35659 6.275 0
      vertex 4.9 6.63 0
    endloop
  endfacet
  facet normal 0 0 -1
    outer loop
      vertex 4.88017 6.82815 0
      vertex 5.35659 6.275 0
      vertex 4.89503 6.72957 0
    endloop
  endfacet
  facet normal 0 0 -1
    outer loop
      vertex 4.85557 6.92476 0
      vertex 5.35659 6.275 0
      vertex 4.88017 6.82815 0
    endloop
  endfacet
  facet normal 0 0 -1
    outer loop
      vertex 4.82148 7.01843 0
      vertex 6.275 6.275 0
      vertex 4.85557 6.92476 0
    endloop
  endfacet
  facet normal 0 0 -1
    outer loop
      vertex 4.77822 7.10825 0
      vertex 6.275 6.275 0
      vertex 4.82148 7.01843 0
    endloop
  endfacet
  facet normal 0 0 -1
    outer loop
      vertex 6.275 6.275 0
      vertex 4.77822 7.10825 0
      vertex 7.8 7.8 0
    endloop
  endfacet
  facet normal 0 0 -1
    outer loop
      vertex 4.72624 7.19332 0
      vertex 7.8 7.8 0
      vertex 4.77822 7.10825 0
    endloop
  endfacet
  facet normal 0 0 -1
    outer loop
      vertex 4.66604 7.27279 0
      vertex 7.8 7.8 0
      vertex 4.72624 7.19332 0
    endloop
  endfacet
  facet normal 0 0 -1
    outer loop
      vertex 4.59824 7.34587 0
      vertex 7.8 7.8 0
      vertex 4.66604 7.27279 0
    endloop
  endfacet
  facet normal 0 0 -1
    outer loop
      vertex 4.52349 7.41183 0
      vertex 7.8 7.8 0
      vertex 4.59824 7.34587 0
    endloop
  endfacet
  facet normal 0 0 -1
    outer loop
      vertex 4.44255 7.47003 0
      vertex 7.8 7.8 0
      vertex 4.52349 7.41183 0
    endloop
  endfacet
  facet normal 0 0 -1
    outer loop
      vertex 4.35621 7.51987 0
      vertex 7.8 7.8 0
      vertex 4.44255 7.47003 0
    endloop
  endfacet
  facet normal 0 0 -1
    outer loop
      vertex 4.26534 7.56087 0
      vertex 7.8 7.8 0
      vertex 4.35621 7.51987 0
    endloop
  endfacet
  facet normal 0 0 -1
    outer loop
      vertex 4.17084 7.59262 0
      vertex 7.8 7.8 0
      vertex 4.26534 7.56087 0
    endloop
  endfacet
  facet normal 0 0 -1
    outer loop
      vertex 4.07365 7.61481 0
      vertex 7.8 7.8 0
      vertex 4.17084 7.59262 0
    endloop
  endfacet
  facet normal 0 0 -1
    outer loop
      vertex 3.97473 7.6272 0
      vertex 7.8 7.8 0
      vertex 4.07365 7.61481 0
    endloop
  endfacet
  facet normal 0 0 -1
    outer loop
      vertex 3.87507 7.62969 0
      vertex 7.8 7.8 0
      vertex 3.97473 7.6272 0
    endloop
  endfacet
  facet normal 0 0 -1
    outer loop
      vertex 2.53649 6.00483 0
      vertex 2.99903 6.19612 0
      vertex 2.58079 5.91608 0
    endloop
  endfacet
  facet normal -0 0 -1
    outer loop
      vertex 2.99903 6.19612 0
      vertex 2.53649 6.00483 0
      vertex 2.96031 6.28798 0
    endloop
  endfacet
  facet normal 0 0 -1
    outer loop
      vertex 2.49815 6.09631 0
      vertex 2.96031 6.28798 0
      vertex 2.53649 6.00483 0
    endloop
  endfacet
  facet normal 0 0 -1
    outer loop
      vertex 2.46595 6.19012 0
      vertex 2.96031 6.28798 0
      vertex 2.49815 6.09631 0
    endloop
  endfacet
  facet normal -0 0 -1
    outer loop
      vertex 2.96031 6.28798 0
      vertex 2.46595 6.19012 0
      vertex 2.93092 6.38324 0
    endloop
  endfacet
  facet normal 0 0 -1
    outer loop
      vertex 2.44295 6.275 0
      vertex 2.93092 6.38324 0
      vertex 2.46595 6.19012 0
    endloop
  endfacet
  facet normal -0 0 -1
    outer loop
      vertex 2.93092 6.38324 0
      vertex 2.44295 6.275 0
      vertex 2.91117 6.48096 0
    endloop
  endfacet
  facet normal -0 0 -1
    outer loop
      vertex 2.91117 6.48096 0
      vertex 2.44295 6.275 0
      vertex 2.90124 6.58015 0
    endloop
  endfacet
  facet normal -0 0 -1
    outer loop
      vertex 2.90124 6.58015 0
      vertex 2.44295 6.275 0
      vertex 2.90124 6.67985 0
    endloop
  endfacet
  facet normal -0 0 -1
    outer loop
      vertex 2.90124 6.67985 0
      vertex 2.44295 6.275 0
      vertex 2.91117 6.77904 0
    endloop
  endfacet
  facet normal -0 0 -1
    outer loop
      vertex 2.91117 6.77904 0
      vertex 2.44295 6.275 0
      vertex 2.93092 6.87676 0
    endloop
  endfacet
  facet normal 0 0 -1
    outer loop
      vertex 1.525 6.275 0
      vertex 2.93092 6.87676 0
      vertex 2.44295 6.275 0
    endloop
  endfacet
  facet normal -0 0 -1
    outer loop
      vertex 2.93092 6.87676 0
      vertex 1.525 6.275 0
      vertex 2.96031 6.97202 0
    endloop
  endfacet
  facet normal -0 0 -1
    outer loop
      vertex 2.96031 6.97202 0
      vertex 1.525 6.275 0
      vertex 2.99903 7.06388 0
    endloop
  endfacet
  facet normal -0 0 -1
    outer loop
      vertex 2.99903 7.06388 0
      vertex 1.525 6.275 0
      vertex 3.04671 7.15143 0
    endloop
  endfacet
  facet normal 0 0 -1
    outer loop
      vertex 0 7.8 0
      vertex 3.04671 7.15143 0
      vertex 1.525 6.275 0
    endloop
  endfacet
  facet normal 0 0 -1
    outer loop
      vertex 3.04671 7.15143 0
      vertex 0 7.8 0
      vertex 3.10287 7.2338 0
    endloop
  endfacet
  facet normal 0 0 -1
    outer loop
      vertex 3.10287 7.2338 0
      vertex 0 7.8 0
      vertex 3.16695 7.31017 0
    endloop
  endfacet
  facet normal 0 0 -1
    outer loop
      vertex 3.16695 7.31017 0
      vertex 0 7.8 0
      vertex 3.23831 7.37978 0
    endloop
  endfacet
  facet normal 0 0 -1
    outer loop
      vertex 1.24473 4.8972 0
      vertex 1.525 5.35699 0
      vertex 1.34365 4.88481 0
    endloop
  endfacet
  facet normal 0 0 -1
    outer loop
      vertex 1.14507 4.89969 0
      vertex 1.525 5.35699 0
      vertex 1.24473 4.8972 0
    endloop
  endfacet
  facet normal 0 0 -1
    outer loop
      vertex 1.04566 4.89224 0
      vertex 1.525 5.35699 0
      vertex 1.14507 4.89969 0
    endloop
  endfacet
  facet normal 0 0 -1
    outer loop
      vertex 0.947478 4.87493 0
      vertex 1.525 5.35699 0
      vertex 1.04566 4.89224 0
    endloop
  endfacet
  facet normal -0 0 -1
    outer loop
      vertex 1.525 5.35699 0
      vertex 0.947478 4.87493 0
      vertex 1.525 6.275 0
    endloop
  endfacet
  facet normal 0 0 -1
    outer loop
      vertex 0.851513 4.84793 0
      vertex 1.525 6.275 0
      vertex 0.947478 4.87493 0
    endloop
  endfacet
  facet normal 0 0 -1
    outer loop
      vertex 0.758713 4.81151 0
      vertex 1.525 6.275 0
      vertex 0.851513 4.84793 0
    endloop
  endfacet
  facet normal 0 0 -1
    outer loop
      vertex 0.669999 4.76602 0
      vertex 1.525 6.275 0
      vertex 0.758713 4.81151 0
    endloop
  endfacet
  facet normal 0 0 -1
    outer loop
      vertex 0 7.8 0
      vertex 0.669999 4.76602 0
      vertex 0.586256 4.71194 0
    endloop
  endfacet
  facet normal 0 0 -1
    outer loop
      vertex 0 7.8 0
      vertex 0.586256 4.71194 0
      vertex 0.508314 4.64978 0
    endloop
  endfacet
  facet normal 0 0 -1
    outer loop
      vertex 0 7.8 0
      vertex 0.508314 4.64978 0
      vertex 0.436948 4.58017 0
    endloop
  endfacet
  facet normal 0 0 -1
    outer loop
      vertex 0 7.8 0
      vertex 0.436948 4.58017 0
      vertex 0.372867 4.5038 0
    endloop
  endfacet
  facet normal 0 0 -1
    outer loop
      vertex 0 7.8 0
      vertex 0.372867 4.5038 0
      vertex 0.316709 4.42143 0
    endloop
  endfacet
  facet normal 0 0 -1
    outer loop
      vertex 3.87507 7.62969 0
      vertex 0 7.8 0
      vertex 7.8 7.8 0
    endloop
  endfacet
  facet normal 0 0 -1
    outer loop
      vertex 3.77566 7.62224 0
      vertex 0 7.8 0
      vertex 3.87507 7.62969 0
    endloop
  endfacet
  facet normal 0 0 -1
    outer loop
      vertex 3.67748 7.60493 0
      vertex 0 7.8 0
      vertex 3.77566 7.62224 0
    endloop
  endfacet
  facet normal 0 0 -1
    outer loop
      vertex 3.58151 7.57793 0
      vertex 0 7.8 0
      vertex 3.67748 7.60493 0
    endloop
  endfacet
  facet normal 0 0 -1
    outer loop
      vertex 3.48871 7.54151 0
      vertex 0 7.8 0
      vertex 3.58151 7.57793 0
    endloop
  endfacet
  facet normal 0 0 -1
    outer loop
      vertex 3.4 7.49603 0
      vertex 0 7.8 0
      vertex 3.48871 7.54151 0
    endloop
  endfacet
  facet normal 0 0 -1
    outer loop
      vertex 3.31626 7.44194 0
      vertex 0 7.8 0
      vertex 3.4 7.49603 0
    endloop
  endfacet
  facet normal 0 0 -1
    outer loop
      vertex 3.23831 7.37978 0
      vertex 0 7.8 0
      vertex 3.31626 7.44194 0
    endloop
  endfacet
  facet normal 0 0 -1
    outer loop
      vertex 0.669999 4.76602 0
      vertex 0 7.8 0
      vertex 1.525 6.275 0
    endloop
  endfacet
  facet normal 0 0 -1
    outer loop
      vertex 0.269031 4.33388 0
      vertex 0 7.8 0
      vertex 0.316709 4.42143 0
    endloop
  endfacet
  facet normal 0 0 -1
    outer loop
      vertex 0.230307 4.24202 0
      vertex 0 7.8 0
      vertex 0.269031 4.33388 0
    endloop
  endfacet
  facet normal 0 0 -1
    outer loop
      vertex 0.200922 4.14676 0
      vertex 0 7.8 0
      vertex 0.230307 4.24202 0
    endloop
  endfacet
  facet normal 0 0 -1
    outer loop
      vertex 0.181169 4.04904 0
      vertex 0 7.8 0
      vertex 0.200922 4.14676 0
    endloop
  endfacet
  facet normal 0 0 -1
    outer loop
      vertex 0.171243 3.94985 0
      vertex 0 7.8 0
      vertex 0.181169 4.04904 0
    endloop
  endfacet
  facet normal 0 0 -1
    outer loop
      vertex 0 7.8 0
      vertex 0.171243 3.94985 0
      vertex 0 0 0
    endloop
  endfacet
  facet normal 0 0 -1
    outer loop
      vertex 6.21389 2.45887 0
      vertex 6.40748 2.92507 0
      vertex 6.275 2.44339 0
    endloop
  endfacet
  facet normal -0 0 -1
    outer loop
      vertex 6.40748 2.92507 0
      vertex 6.21389 2.45887 0
      vertex 6.31151 2.95207 0
    endloop
  endfacet
  facet normal 0 0 -1
    outer loop
      vertex 6.11956 2.48952 0
      vertex 6.31151 2.95207 0
      vertex 6.21389 2.45887 0
    endloop
  endfacet
  facet normal -0 0 -1
    outer loop
      vertex 6.31151 2.95207 0
      vertex 6.11956 2.48952 0
      vertex 6.21871 2.98849 0
    endloop
  endfacet
  facet normal 0 0 -1
    outer loop
      vertex 6.02746 2.52634 0
      vertex 6.21871 2.98849 0
      vertex 6.11956 2.48952 0
    endloop
  endfacet
  facet normal 0 0 -1
    outer loop
      vertex 5.93799 2.56917 0
      vertex 6.21871 2.98849 0
      vertex 6.02746 2.52634 0
    endloop
  endfacet
  facet normal -0 0 -1
    outer loop
      vertex 6.21871 2.98849 0
      vertex 5.93799 2.56917 0
      vertex 6.13 3.03397 0
    endloop
  endfacet
  facet normal 0 0 -1
    outer loop
      vertex 5.85155 2.61781 0
      vertex 6.13 3.03397 0
      vertex 5.93799 2.56917 0
    endloop
  endfacet
  facet normal -0 0 -1
    outer loop
      vertex 6.13 3.03397 0
      vertex 5.85155 2.61781 0
      vertex 6.04626 3.08806 0
    endloop
  endfacet
  facet normal 0 0 -1
    outer loop
      vertex 5.76851 2.67206 0
      vertex 6.04626 3.08806 0
      vertex 5.85155 2.61781 0
    endloop
  endfacet
  facet normal 0 0 -1
    outer loop
      vertex 5.68923 2.73168 0
      vertex 6.04626 3.08806 0
      vertex 5.76851 2.67206 0
    endloop
  endfacet
  facet normal -0 0 -1
    outer loop
      vertex 6.04626 3.08806 0
      vertex 5.68923 2.73168 0
      vertex 5.96831 3.15022 0
    endloop
  endfacet
  facet normal 0 0 -1
    outer loop
      vertex 5.61408 2.79641 0
      vertex 5.96831 3.15022 0
      vertex 5.68923 2.73168 0
    endloop
  endfacet
  facet normal -0 0 -1
    outer loop
      vertex 5.96831 3.15022 0
      vertex 5.61408 2.79641 0
      vertex 5.89695 3.21983 0
    endloop
  endfacet
  facet normal 0 0 -1
    outer loop
      vertex 5.54336 2.86597 0
      vertex 5.89695 3.21983 0
      vertex 5.61408 2.79641 0
    endloop
  endfacet
  facet normal 0 0 -1
    outer loop
      vertex 5.4774 2.94005 0
      vertex 5.89695 3.21983 0
      vertex 5.54336 2.86597 0
    endloop
  endfacet
  facet normal -0 0 -1
    outer loop
      vertex 5.89695 3.21983 0
      vertex 5.4774 2.94005 0
      vertex 5.83287 3.2962 0
    endloop
  endfacet
  facet normal 0 0 -1
    outer loop
      vertex 5.41647 3.01832 0
      vertex 5.83287 3.2962 0
      vertex 5.4774 2.94005 0
    endloop
  endfacet
  facet normal -0 0 -1
    outer loop
      vertex 5.83287 3.2962 0
      vertex 5.41647 3.01832 0
      vertex 5.77671 3.37856 0
    endloop
  endfacet
  facet normal 0 0 -1
    outer loop
      vertex 5.36086 3.10045 0
      vertex 5.77671 3.37856 0
      vertex 5.41647 3.01832 0
    endloop
  endfacet
  facet normal -0 0 -1
    outer loop
      vertex 5.77671 3.37856 0
      vertex 5.31079 3.18608 0
      vertex 5.72903 3.46612 0
    endloop
  endfacet
  facet normal 0 0 -1
    outer loop
      vertex 5.31079 3.18608 0
      vertex 5.77671 3.37856 0
      vertex 5.36086 3.10045 0
    endloop
  endfacet
  facet normal 0 -1 0
    outer loop
      vertex 0 0 0
      vertex 7.8 0 6.6
      vertex 0 0 6.6
    endloop
  endfacet
  facet normal 0 -1 -0
    outer loop
      vertex 7.8 0 6.6
      vertex 0 0 0
      vertex 7.8 0 0
    endloop
  endfacet
  facet normal 1 -0 0
    outer loop
      vertex 1.525 4.50438 2.98221
      vertex 1.525 6.275 0
      vertex 1.525 6.275 6.6
    endloop
  endfacet
  facet normal 1 0 0
    outer loop
      vertex 1.525 6.275 0
      vertex 1.525 4.50438 2.98221
      vertex 1.525 5.35699 0.799999
    endloop
  endfacet
  facet normal 1 0 0
    outer loop
      vertex 1.525 5.35699 0.799999
      vertex 1.525 4.59245 2.2185
      vertex 1.525 4.74788 0.799999
    endloop
  endfacet
  facet normal 1 0 0
    outer loop
      vertex 1.525 5.35699 0.799999
      vertex 1.525 4.50438 2.98221
      vertex 1.525 4.59245 2.2185
    endloop
  endfacet
  facet normal 1 0 0
    outer loop
      vertex 1.525 6.275 6.6
      vertex 1.525 4.44965 3.45678
      vertex 1.525 4.50438 2.98221
    endloop
  endfacet
  facet normal 1 0 0
    outer loop
      vertex 1.525 6.275 6.6
      vertex 1.525 4.37508 4.06294
      vertex 1.525 4.44965 3.45678
    endloop
  endfacet
  facet normal 1 0 0
    outer loop
      vertex 1.525 6.275 6.6
      vertex 1.525 4.34516 4.30625
      vertex 1.525 4.37508 4.06294
    endloop
  endfacet
  facet normal 1 0 0
    outer loop
      vertex 1.525 6.275 6.6
      vertex 1.525 4.32728 4.44042
      vertex 1.525 4.34516 4.30625
    endloop
  endfacet
  facet normal 1 0 0
    outer loop
      vertex 1.525 6.275 6.6
      vertex 1.525 4.26396 4.91577
      vertex 1.525 4.32728 4.44042
    endloop
  endfacet
  facet normal 1 0 0
    outer loop
      vertex 1.525 6.275 6.6
      vertex 1.525 4.26195 4.92947
      vertex 1.525 4.26396 4.91577
    endloop
  endfacet
  facet normal 1 0 0
    outer loop
      vertex 1.525 6.275 6.6
      vertex 1.525 4.25159 5
      vertex 1.525 4.26195 4.92947
    endloop
  endfacet
  facet normal 1 0 0
    outer loop
      vertex 1.525 6.275 6.6
      vertex 1.525 3.54841 5
      vertex 1.525 4.25159 5
    endloop
  endfacet
  facet normal 1 0 0
    outer loop
      vertex 1.525 3.20755 2.2185
      vertex 1.525 2.44301 0.799999
      vertex 1.525 3.05212 0.799999
    endloop
  endfacet
  facet normal 1 0 0
    outer loop
      vertex 1.525 3.26727 2.73635
      vertex 1.525 2.44301 0.799999
      vertex 1.525 3.20755 2.2185
    endloop
  endfacet
  facet normal 1 0 0
    outer loop
      vertex 1.525 1.525 6.6
      vertex 1.525 3.26727 2.73635
      vertex 1.525 3.35035 3.45678
    endloop
  endfacet
  facet normal 1 0 0
    outer loop
      vertex 1.525 1.525 6.6
      vertex 1.525 3.35035 3.45678
      vertex 1.525 3.39398 3.81143
    endloop
  endfacet
  facet normal 1 0 0
    outer loop
      vertex 1.525 1.525 6.6
      vertex 1.525 3.39398 3.81143
      vertex 1.525 3.45484 4.30625
    endloop
  endfacet
  facet normal 1 0 0
    outer loop
      vertex 1.525 1.525 6.6
      vertex 1.525 3.45484 4.30625
      vertex 1.525 3.47272 4.44042
    endloop
  endfacet
  facet normal 1 0 0
    outer loop
      vertex 1.525 1.525 6.6
      vertex 1.525 3.47272 4.44042
      vertex 1.525 3.53604 4.91577
    endloop
  endfacet
  facet normal 1 0 0
    outer loop
      vertex 1.525 1.525 6.6
      vertex 1.525 3.53604 4.91577
      vertex 1.525 3.53805 4.92947
    endloop
  endfacet
  facet normal 1 0 0
    outer loop
      vertex 1.525 1.525 6.6
      vertex 1.525 3.53805 4.92947
      vertex 1.525 3.54841 5
    endloop
  endfacet
  facet normal 1 -0 0
    outer loop
      vertex 1.525 1.525 6.6
      vertex 1.525 3.54841 5
      vertex 1.525 6.275 6.6
    endloop
  endfacet
  facet normal 1 0 0
    outer loop
      vertex 1.525 1.525 0
      vertex 1.525 3.26727 2.73635
      vertex 1.525 1.525 6.6
    endloop
  endfacet
  facet normal 1 0 0
    outer loop
      vertex 1.525 3.26727 2.73635
      vertex 1.525 1.525 0
      vertex 1.525 2.44301 0.799999
    endloop
  endfacet
  facet normal 1 0 0
    outer loop
      vertex 1.525 2.44301 0.799999
      vertex 1.525 1.525 0
      vertex 1.525 2.44301 0
    endloop
  endfacet
  facet normal 1 0 0
    outer loop
      vertex 1.525 6.275 0
      vertex 1.525 5.35699 0.799999
      vertex 1.525 5.35699 0
    endloop
  endfacet
  facet normal -1 0 0
    outer loop
      vertex 6.275 2.44339 0
      vertex 6.275 1.525 0
      vertex 6.275 2.44339 0.799999
    endloop
  endfacet
  facet normal -1 0 0
    outer loop
      vertex 6.275 5.3566 0.799999
      vertex 6.275 6.275 0
      vertex 6.275 5.3566 0
    endloop
  endfacet
  facet normal -1 0 0
    outer loop
      vertex 6.275 4.51488 2.90001
      vertex 6.275 6.275 0
      vertex 6.275 5.3566 0.799999
    endloop
  endfacet
  facet normal -1 0 0
    outer loop
      vertex 6.275 4.71379 1.11661
      vertex 6.275 5.3566 0.799999
      vertex 6.275 4.74776 0.799999
    endloop
  endfacet
  facet normal -1 0 0
    outer loop
      vertex 6.275 4.68676 1.36856
      vertex 6.275 5.3566 0.799999
      vertex 6.275 4.71379 1.11661
    endloop
  endfacet
  facet normal -1 0 0
    outer loop
      vertex 6.275 4.64452 1.74493
      vertex 6.275 5.3566 0.799999
      vertex 6.275 4.68676 1.36856
    endloop
  endfacet
  facet normal -1 0 0
    outer loop
      vertex 6.275 4.51488 2.90001
      vertex 6.275 5.3566 0.799999
      vertex 6.275 4.64452 1.74493
    endloop
  endfacet
  facet normal -1 0 0
    outer loop
      vertex 6.275 6.275 0
      vertex 6.275 4.51488 2.90001
      vertex 6.275 6.275 6.6
    endloop
  endfacet
  facet normal -1 0 0
    outer loop
      vertex 6.275 4.45223 3.42694
      vertex 6.275 6.275 6.6
      vertex 6.275 4.51488 2.90001
    endloop
  endfacet
  facet normal -1 0 0
    outer loop
      vertex 6.275 4.39377 3.91856
      vertex 6.275 6.275 6.6
      vertex 6.275 4.45223 3.42694
    endloop
  endfacet
  facet normal -1 0 0
    outer loop
      vertex 6.275 4.31664 4.52241
      vertex 6.275 6.275 6.6
      vertex 6.275 4.39377 3.91856
    endloop
  endfacet
  facet normal -1 0 0
    outer loop
      vertex 6.275 4.30226 4.63492
      vertex 6.275 6.275 6.6
      vertex 6.275 4.31664 4.52241
    endloop
  endfacet
  facet normal -1 0 0
    outer loop
      vertex 6.275 4.29323 4.6997
      vertex 6.275 6.275 6.6
      vertex 6.275 4.30226 4.63492
    endloop
  endfacet
  facet normal -1 0 0
    outer loop
      vertex 6.275 4.25133 5
      vertex 6.275 6.275 6.6
      vertex 6.275 4.29323 4.6997
    endloop
  endfacet
  facet normal -1 0 0
    outer loop
      vertex 6.275 3.54867 5
      vertex 6.275 6.275 6.6
      vertex 6.275 4.25133 5
    endloop
  endfacet
  facet normal -1 0 0
    outer loop
      vertex 6.275 2.44339 0.799999
      vertex 6.275 3.11324 1.36856
      vertex 6.275 3.05224 0.799999
    endloop
  endfacet
  facet normal -1 0 0
    outer loop
      vertex 6.275 2.44339 0.799999
      vertex 6.275 3.23607 2.46301
      vertex 6.275 3.11324 1.36856
    endloop
  endfacet
  facet normal -1 0 0
    outer loop
      vertex 6.275 2.44339 0.799999
      vertex 6.275 3.28512 2.90001
      vertex 6.275 3.23607 2.46301
    endloop
  endfacet
  facet normal -1 0 0
    outer loop
      vertex 6.275 1.525 0
      vertex 6.275 3.28512 2.90001
      vertex 6.275 2.44339 0.799999
    endloop
  endfacet
  facet normal -1 0 0
    outer loop
      vertex 6.275 3.28512 2.90001
      vertex 6.275 1.525 6.6
      vertex 6.275 3.34777 3.42694
    endloop
  endfacet
  facet normal -1 0 0
    outer loop
      vertex 6.275 3.34777 3.42694
      vertex 6.275 1.525 6.6
      vertex 6.275 3.40622 3.91856
    endloop
  endfacet
  facet normal -1 0 0
    outer loop
      vertex 6.275 3.40622 3.91856
      vertex 6.275 1.525 6.6
      vertex 6.275 3.48336 4.52241
    endloop
  endfacet
  facet normal -1 0 0
    outer loop
      vertex 6.275 3.48336 4.52241
      vertex 6.275 1.525 6.6
      vertex 6.275 3.49774 4.63492
    endloop
  endfacet
  facet normal -1 -0 0
    outer loop
      vertex 6.275 3.28512 2.90001
      vertex 6.275 1.525 0
      vertex 6.275 1.525 6.6
    endloop
  endfacet
  facet normal -1 0 0
    outer loop
      vertex 6.275 3.54867 5
      vertex 6.275 1.525 6.6
      vertex 6.275 6.275 6.6
    endloop
  endfacet
  facet normal -1 0 0
    outer loop
      vertex 6.275 3.49774 4.63492
      vertex 6.275 1.525 6.6
      vertex 6.275 3.54867 5
    endloop
  endfacet
  facet normal 0 1 0
    outer loop
      vertex 6.275 1.525 6.6
      vertex 4.25184 1.525 5
      vertex 1.525 1.525 6.6
    endloop
  endfacet
  facet normal 0 1 0
    outer loop
      vertex 6.275 1.525 6.6
      vertex 4.32307 1.525 4.47718
      vertex 4.25184 1.525 5
    endloop
  endfacet
  facet normal 0 1 0
    outer loop
      vertex 6.275 1.525 6.6
      vertex 4.42069 1.525 3.69807
      vertex 4.32307 1.525 4.47718
    endloop
  endfacet
  facet normal 0 1 0
    outer loop
      vertex 6.275 1.525 6.6
      vertex 4.55189 1.525 2.57716
      vertex 4.42069 1.525 3.69807
    endloop
  endfacet
  facet normal 0 1 -0
    outer loop
      vertex 6.275 1.525 0
      vertex 4.55189 1.525 2.57716
      vertex 6.275 1.525 6.6
    endloop
  endfacet
  facet normal 0 1 0
    outer loop
      vertex 4.55189 1.525 2.57716
      vertex 5.35659 1.525 0.799999
      vertex 4.74216 1.525 0.860758
    endloop
  endfacet
  facet normal 0 1 0
    outer loop
      vertex 4.55189 1.525 2.57716
      vertex 6.275 1.525 0
      vertex 5.35659 1.525 0.799999
    endloop
  endfacet
  facet normal 0 1 0
    outer loop
      vertex 5.35659 1.525 0.799999
      vertex 6.275 1.525 0
      vertex 5.35659 1.525 0
    endloop
  endfacet
  facet normal 0 1 -0
    outer loop
      vertex 3.54876 1.525 5
      vertex 1.525 1.525 6.6
      vertex 4.25184 1.525 5
    endloop
  endfacet
  facet normal 0 1 -0
    outer loop
      vertex 3.5174 1.525 4.78074
      vertex 1.525 1.525 6.6
      vertex 3.54876 1.525 5
    endloop
  endfacet
  facet normal 0 1 -0
    outer loop
      vertex 3.45448 1.525 4.29815
      vertex 1.525 1.525 6.6
      vertex 3.5174 1.525 4.78074
    endloop
  endfacet
  facet normal 0 1 -0
    outer loop
      vertex 3.43133 1.525 4.12061
      vertex 1.525 1.525 6.6
      vertex 3.45448 1.525 4.29815
    endloop
  endfacet
  facet normal 0 1 -0
    outer loop
      vertex 3.31907 1.525 3.19187
      vertex 1.525 1.525 6.6
      vertex 3.43133 1.525 4.12061
    endloop
  endfacet
  facet normal 0 1 0
    outer loop
      vertex 2.44295 1.525 0.799999
      vertex 3.31907 1.525 3.19187
      vertex 3.2151 1.525 2.27768
    endloop
  endfacet
  facet normal 0 1 0
    outer loop
      vertex 2.44295 1.525 0.799999
      vertex 3.2151 1.525 2.27768
      vertex 3.16283 1.525 1.81807
    endloop
  endfacet
  facet normal 0 1 0
    outer loop
      vertex 2.44295 1.525 0.799999
      vertex 3.16283 1.525 1.81807
      vertex 3.1284 1.525 1.5004
    endloop
  endfacet
  facet normal 0 1 0
    outer loop
      vertex 2.44295 1.525 0.799999
      vertex 3.1284 1.525 1.5004
      vertex 3.05249 1.525 0.799999
    endloop
  endfacet
  facet normal 0 1 0
    outer loop
      vertex 1.525 1.525 0
      vertex 3.31907 1.525 3.19187
      vertex 2.44295 1.525 0.799999
    endloop
  endfacet
  facet normal 0 1 0
    outer loop
      vertex 1.525 1.525 0
      vertex 2.44295 1.525 0.799999
      vertex 2.44295 1.525 0
    endloop
  endfacet
  facet normal 0 1 0
    outer loop
      vertex 3.31907 1.525 3.19187
      vertex 1.525 1.525 0
      vertex 1.525 1.525 6.6
    endloop
  endfacet
  facet normal 0 1 0
    outer loop
      vertex 4.74216 1.525 0.860758
      vertex 5.35659 1.525 0.799999
      vertex 4.74862 1.525 0.799999
    endloop
  endfacet
  facet normal 0 -1 0
    outer loop
      vertex 1.525 6.275 6.6
      vertex 3.54876 6.275 5
      vertex 6.275 6.275 6.6
    endloop
  endfacet
  facet normal 0 -1 0
    outer loop
      vertex 1.525 6.275 6.6
      vertex 3.5174 6.275 4.78074
      vertex 3.54876 6.275 5
    endloop
  endfacet
  facet normal 0 -1 0
    outer loop
      vertex 1.525 6.275 6.6
      vertex 3.45448 6.275 4.29815
      vertex 3.5174 6.275 4.78074
    endloop
  endfacet
  facet normal 0 -1 0
    outer loop
      vertex 1.525 6.275 6.6
      vertex 3.43133 6.275 4.12061
      vertex 3.45448 6.275 4.29815
    endloop
  endfacet
  facet normal 0 -1 0
    outer loop
      vertex 1.525 6.275 6.6
      vertex 3.31907 6.275 3.19187
      vertex 3.43133 6.275 4.12061
    endloop
  endfacet
  facet normal 0 -1 0
    outer loop
      vertex 1.525 6.275 0
      vertex 3.31907 6.275 3.19187
      vertex 1.525 6.275 6.6
    endloop
  endfacet
  facet normal 0 -1 0
    outer loop
      vertex 3.31907 6.275 3.19187
      vertex 2.44295 6.275 0.799999
      vertex 3.16284 6.275 1.81809
    endloop
  endfacet
  facet normal 0 -1 0
    outer loop
      vertex 3.16284 6.275 1.81809
      vertex 2.44295 6.275 0.799999
      vertex 3.1284 6.275 1.50042
    endloop
  endfacet
  facet normal 0 -1 0
    outer loop
      vertex 3.31907 6.275 3.19187
      vertex 1.525 6.275 0
      vertex 2.44295 6.275 0.799999
    endloop
  endfacet
  facet normal 0 -1 -0
    outer loop
      vertex 2.44295 6.275 0.799999
      vertex 1.525 6.275 0
      vertex 2.44295 6.275 0
    endloop
  endfacet
  facet normal 0 -1 0
    outer loop
      vertex 4.25184 6.275 5
      vertex 6.275 6.275 6.6
      vertex 3.54876 6.275 5
    endloop
  endfacet
  facet normal 0 -1 0
    outer loop
      vertex 4.32307 6.275 4.47718
      vertex 6.275 6.275 6.6
      vertex 4.25184 6.275 5
    endloop
  endfacet
  facet normal 0 -1 0
    outer loop
      vertex 4.38479 6.275 3.98458
      vertex 6.275 6.275 6.6
      vertex 4.32307 6.275 4.47718
    endloop
  endfacet
  facet normal 0 -1 0
    outer loop
      vertex 4.42069 6.275 3.69809
      vertex 6.275 6.275 6.6
      vertex 4.38479 6.275 3.98458
    endloop
  endfacet
  facet normal 0 -1 0
    outer loop
      vertex 4.48663 6.275 3.13474
      vertex 6.275 6.275 6.6
      vertex 4.42069 6.275 3.69809
    endloop
  endfacet
  facet normal 0 -1 0
    outer loop
      vertex 4.55189 6.275 2.57716
      vertex 6.275 6.275 6.6
      vertex 4.48663 6.275 3.13474
    endloop
  endfacet
  facet normal 0 -1 0
    outer loop
      vertex 5.35659 6.275 0.799999
      vertex 4.55189 6.275 2.57716
      vertex 4.74216 6.275 0.860758
    endloop
  endfacet
  facet normal 0 -1 0
    outer loop
      vertex 5.35659 6.275 0.799999
      vertex 4.74216 6.275 0.860758
      vertex 4.74862 6.275 0.799999
    endloop
  endfacet
  facet normal 0 -1 0
    outer loop
      vertex 6.275 6.275 0
      vertex 4.55189 6.275 2.57716
      vertex 5.35659 6.275 0.799999
    endloop
  endfacet
  facet normal 0 -1 0
    outer loop
      vertex 6.275 6.275 0
      vertex 5.35659 6.275 0.799999
      vertex 5.35659 6.275 0
    endloop
  endfacet
  facet normal 0 -1 0
    outer loop
      vertex 4.55189 6.275 2.57716
      vertex 6.275 6.275 0
      vertex 6.275 6.275 6.6
    endloop
  endfacet
  facet normal 0 -1 0
    outer loop
      vertex 3.1284 6.275 1.50042
      vertex 2.44295 6.275 0.799999
      vertex 3.05249 6.275 0.799999
    endloop
  endfacet
  facet normal 0.986353 0.164644 0
    outer loop
      vertex 2.6569 4.09784 0.799999
      vertex 2.64057 4.19567 0
      vertex 2.64057 4.19567 0.799999
    endloop
  endfacet
  facet normal 0.986353 0.164644 0
    outer loop
      vertex 2.64057 4.19567 0
      vertex 2.6569 4.09784 0.799999
      vertex 2.6569 4.09784 0
    endloop
  endfacet
  facet normal 0.677266 0.735738 -0
    outer loop
      vertex 2.22186 4.96939 0
      vertex 2.14888 5.03657 0.799999
      vertex 2.22186 4.96939 0.799999
    endloop
  endfacet
  facet normal 0.677266 0.735738 0
    outer loop
      vertex 2.14888 5.03657 0.799999
      vertex 2.22186 4.96939 0
      vertex 2.14888 5.03657 0
    endloop
  endfacet
  facet normal 0.909001 0.416794 0
    outer loop
      vertex 2.55343 4.47975 0.799999
      vertex 2.51209 4.56991 0
      vertex 2.51209 4.56991 0.799999
    endloop
  endfacet
  facet normal 0.909001 0.416794 0
    outer loop
      vertex 2.51209 4.56991 0
      vertex 2.55343 4.47975 0.799999
      vertex 2.55343 4.47975 0
    endloop
  endfacet
  facet normal 0.340229 0.940343 -0
    outer loop
      vertex 1.7268 5.29283 0
      vertex 1.63352 5.32658 0.799999
      vertex 1.7268 5.29283 0.799999
    endloop
  endfacet
  facet normal 0.340229 0.940343 0
    outer loop
      vertex 1.63352 5.32658 0.799999
      vertex 1.7268 5.29283 0
      vertex 1.63352 5.32658 0
    endloop
  endfacet
  facet normal 0.973322 0.229444 0
    outer loop
      vertex 2.64057 4.19567 0.799999
      vertex 2.61781 4.29222 0
      vertex 2.61781 4.29222 0.799999
    endloop
  endfacet
  facet normal 0.973322 0.229444 0
    outer loop
      vertex 2.61781 4.29222 0
      vertex 2.64057 4.19567 0.799999
      vertex 2.64057 4.19567 0
    endloop
  endfacet
  facet normal 0.809041 0.587752 0
    outer loop
      vertex 2.41201 4.74107 0.799999
      vertex 2.35371 4.82132 0
      vertex 2.35371 4.82132 0.799999
    endloop
  endfacet
  facet normal 0.809041 0.587752 0
    outer loop
      vertex 2.35371 4.82132 0
      vertex 2.41201 4.74107 0.799999
      vertex 2.41201 4.74107 0
    endloop
  endfacet
  facet normal 0.724433 0.689345 0
    outer loop
      vertex 2.29023 4.89754 0.799999
      vertex 2.22186 4.96939 0
      vertex 2.22186 4.96939 0.799999
    endloop
  endfacet
  facet normal 0.724433 0.689345 0
    outer loop
      vertex 2.22186 4.96939 0
      vertex 2.29023 4.89754 0.799999
      vertex 2.29023 4.89754 0
    endloop
  endfacet
  facet normal 0.84609 0.533041 0
    outer loop
      vertex 2.46488 4.65715 0.799999
      vertex 2.41201 4.74107 0
      vertex 2.41201 4.74107 0.799999
    endloop
  endfacet
  facet normal 0.84609 0.533041 0
    outer loop
      vertex 2.41201 4.74107 0
      vertex 2.46488 4.65715 0.799999
      vertex 2.46488 4.65715 0
    endloop
  endfacet
  facet normal 0.277463 0.960736 -0
    outer loop
      vertex 1.63352 5.32658 0
      vertex 1.53823 5.3541 0.799999
      vertex 1.63352 5.32658 0.799999
    endloop
  endfacet
  facet normal 0.277463 0.960736 0
    outer loop
      vertex 1.53823 5.3541 0.799999
      vertex 1.63352 5.32658 0
      vertex 1.53823 5.3541 0
    endloop
  endfacet
  facet normal 0.627163 0.778888 -0
    outer loop
      vertex 2.14888 5.03657 0
      vertex 2.07162 5.09878 0.799999
      vertex 2.14888 5.03657 0.799999
    endloop
  endfacet
  facet normal 0.627163 0.778888 0
    outer loop
      vertex 2.07162 5.09878 0.799999
      vertex 2.14888 5.03657 0
      vertex 2.07162 5.09878 0
    endloop
  endfacet
  facet normal 0.401681 0.91578 -0
    outer loop
      vertex 1.81763 5.25299 0
      vertex 1.7268 5.29283 0.799999
      vertex 1.81763 5.25299 0.799999
    endloop
  endfacet
  facet normal 0.401681 0.91578 0
    outer loop
      vertex 1.7268 5.29283 0.799999
      vertex 1.81763 5.25299 0
      vertex 1.7268 5.29283 0
    endloop
  endfacet
  facet normal 0.999453 -0.0330664 0
    outer loop
      vertex 2.66672 3.80086 0.799999
      vertex 2.67 3.9 0
      vertex 2.67 3.9 0.799999
    endloop
  endfacet
  facet normal 0.999453 -0.0330664 0
    outer loop
      vertex 2.67 3.9 0
      vertex 2.66672 3.80086 0.799999
      vertex 2.66672 3.80086 0
    endloop
  endfacet
  facet normal 0.956058 -0.293179 0
    outer loop
      vertex 2.58873 3.41295 0.799999
      vertex 2.61781 3.50778 0
      vertex 2.61781 3.50778 0.799999
    endloop
  endfacet
  facet normal 0.956058 -0.293179 0
    outer loop
      vertex 2.61781 3.50778 0
      vertex 2.58873 3.41295 0.799999
      vertex 2.58873 3.41295 0
    endloop
  endfacet
  facet normal 0.934536 -0.35587 0
    outer loop
      vertex 2.55343 3.32025 0.799999
      vertex 2.58873 3.41295 0
      vertex 2.58873 3.41295 0.799999
    endloop
  endfacet
  facet normal 0.934536 -0.35587 0
    outer loop
      vertex 2.58873 3.41295 0
      vertex 2.55343 3.32025 0.799999
      vertex 2.55343 3.32025 0
    endloop
  endfacet
  facet normal 0.340318 -0.94031 0
    outer loop
      vertex 1.63352 2.47341 0
      vertex 1.7268 2.50717 0.799999
      vertex 1.63352 2.47341 0.799999
    endloop
  endfacet
  facet normal 0.340318 -0.94031 0
    outer loop
      vertex 1.7268 2.50717 0.799999
      vertex 1.63352 2.47341 0
      vertex 1.7268 2.50717 0
    endloop
  endfacet
  facet normal 0.956058 0.293179 0
    outer loop
      vertex 2.61781 4.29222 0.799999
      vertex 2.58873 4.38705 0
      vertex 2.58873 4.38705 0.799999
    endloop
  endfacet
  facet normal 0.956058 0.293179 0
    outer loop
      vertex 2.58873 4.38705 0
      vertex 2.61781 4.29222 0.799999
      vertex 2.61781 4.29222 0
    endloop
  endfacet
  facet normal 0.934536 0.35587 0
    outer loop
      vertex 2.58873 4.38705 0.799999
      vertex 2.55343 4.47975 0
      vertex 2.55343 4.47975 0.799999
    endloop
  endfacet
  facet normal 0.934536 0.35587 0
    outer loop
      vertex 2.55343 4.47975 0
      vertex 2.58873 4.38705 0.799999
      vertex 2.58873 4.38705 0
    endloop
  endfacet
  facet normal 0.879482 0.475932 0
    outer loop
      vertex 2.51209 4.56991 0.799999
      vertex 2.46488 4.65715 0
      vertex 2.46488 4.65715 0.799999
    endloop
  endfacet
  facet normal 0.879482 0.475932 0
    outer loop
      vertex 2.46488 4.65715 0
      vertex 2.51209 4.56991 0.799999
      vertex 2.51209 4.56991 0
    endloop
  endfacet
  facet normal 0.213411 0.976963 -0
    outer loop
      vertex 1.53823 5.3541 0
      vertex 1.525 5.35699 0.799999
      vertex 1.53823 5.3541 0.799999
    endloop
  endfacet
  facet normal 0.213411 0.976963 0
    outer loop
      vertex 1.525 5.35699 0.799999
      vertex 1.53823 5.3541 0
      vertex 1.525 5.35699 0
    endloop
  endfacet
  facet normal 0.461353 0.887217 -0
    outer loop
      vertex 1.90563 5.20723 0
      vertex 1.81763 5.25299 0.799999
      vertex 1.90563 5.20723 0.799999
    endloop
  endfacet
  facet normal 0.461353 0.887217 0
    outer loop
      vertex 1.81763 5.25299 0.799999
      vertex 1.90563 5.20723 0
      vertex 1.81763 5.25299 0
    endloop
  endfacet
  facet normal 0.574342 0.818616 -0
    outer loop
      vertex 2.07162 5.09878 0
      vertex 1.99042 5.15575 0.799999
      vertex 2.07162 5.09878 0.799999
    endloop
  endfacet
  facet normal 0.574342 0.818616 0
    outer loop
      vertex 1.99042 5.15575 0.799999
      vertex 2.07162 5.09878 0
      vertex 1.99042 5.15575 0
    endloop
  endfacet
  facet normal 0.518981 0.854786 -0
    outer loop
      vertex 1.99042 5.15575 0
      vertex 1.90563 5.20723 0.799999
      vertex 1.99042 5.15575 0.799999
    endloop
  endfacet
  facet normal 0.518981 0.854786 0
    outer loop
      vertex 1.90563 5.20723 0.799999
      vertex 1.99042 5.15575 0
      vertex 1.90563 5.20723 0
    endloop
  endfacet
  facet normal 0.999453 0.0330664 0
    outer loop
      vertex 2.67 3.9 0.799999
      vertex 2.66672 3.99914 0
      vertex 2.66672 3.99914 0.799999
    endloop
  endfacet
  facet normal 0.999453 0.0330664 0
    outer loop
      vertex 2.66672 3.99914 0
      vertex 2.67 3.9 0.799999
      vertex 2.67 3.9 0
    endloop
  endfacet
  facet normal 0.401681 -0.91578 0
    outer loop
      vertex 1.7268 2.50717 0
      vertex 1.81763 2.54701 0.799999
      vertex 1.7268 2.50717 0.799999
    endloop
  endfacet
  facet normal 0.401681 -0.91578 0
    outer loop
      vertex 1.81763 2.54701 0.799999
      vertex 1.7268 2.50717 0
      vertex 1.81763 2.54701 0
    endloop
  endfacet
  facet normal 0.995087 0.0990046 0
    outer loop
      vertex 2.66672 3.99914 0.799999
      vertex 2.6569 4.09784 0
      vertex 2.6569 4.09784 0.799999
    endloop
  endfacet
  facet normal 0.995087 0.0990046 0
    outer loop
      vertex 2.6569 4.09784 0
      vertex 2.66672 3.99914 0.799999
      vertex 2.66672 3.99914 0
    endloop
  endfacet
  facet normal 0.768403 0.639966 0
    outer loop
      vertex 2.35371 4.82132 0.799999
      vertex 2.29023 4.89754 0
      vertex 2.29023 4.89754 0.799999
    endloop
  endfacet
  facet normal 0.768403 0.639966 0
    outer loop
      vertex 2.29023 4.89754 0
      vertex 2.35371 4.82132 0.799999
      vertex 2.35371 4.82132 0
    endloop
  endfacet
  facet normal 0 0 1
    outer loop
      vertex 2.09 3.9 0.799999
      vertex 2.67 3.9 0.799999
      vertex 2.66672 3.99914 0.799999
    endloop
  endfacet
  facet normal 0 0 1
    outer loop
      vertex 2.08543 3.9916 0.799999
      vertex 2.66672 3.99914 0.799999
      vertex 2.6569 4.09784 0.799999
    endloop
  endfacet
  facet normal 0 0 1
    outer loop
      vertex 2.67 3.9 0.799999
      vertex 2.09 3.9 0.799999
      vertex 2.66672 3.80086 0.799999
    endloop
  endfacet
  facet normal 0 0 1
    outer loop
      vertex 2.07176 4.08229 0.799999
      vertex 2.6569 4.09784 0.799999
      vertex 2.64057 4.19567 0.799999
    endloop
  endfacet
  facet normal -0 0 1
    outer loop
      vertex 2.08583 3.81636 0.799999
      vertex 2.66672 3.80086 0.799999
      vertex 2.09 3.9 0.799999
    endloop
  endfacet
  facet normal 0 0 1
    outer loop
      vertex 2.06979 4.09002 0.799999
      vertex 2.64057 4.19567 0.799999
      vertex 2.61781 4.29222 0.799999
    endloop
  endfacet
  facet normal -0 0 1
    outer loop
      vertex 2.08543 3.8084 0.799999
      vertex 2.66672 3.80086 0.799999
      vertex 2.08583 3.81636 0.799999
    endloop
  endfacet
  facet normal 0 0 1
    outer loop
      vertex 2.04913 4.17117 0.799999
      vertex 2.61781 4.29222 0.799999
      vertex 2.58873 4.38705 0.799999
    endloop
  endfacet
  facet normal 0 0 1
    outer loop
      vertex 2.66672 3.80086 0.799999
      vertex 2.08543 3.8084 0.799999
      vertex 2.6569 3.70216 0.799999
    endloop
  endfacet
  facet normal 0 0 1
    outer loop
      vertex 2.02049 4.24987 0.799999
      vertex 2.58873 4.38705 0.799999
      vertex 2.55343 4.47975 0.799999
    endloop
  endfacet
  facet normal -0 0 1
    outer loop
      vertex 2.08424 3.80051 0.799999
      vertex 2.6569 3.70216 0.799999
      vertex 2.08543 3.8084 0.799999
    endloop
  endfacet
  facet normal 0 0 1
    outer loop
      vertex 2.01776 4.25736 0.799999
      vertex 2.55343 4.47975 0.799999
      vertex 2.51209 4.56991 0.799999
    endloop
  endfacet
  facet normal -0 0 1
    outer loop
      vertex 2.07176 3.71771 0.799999
      vertex 2.6569 3.70216 0.799999
      vertex 2.08424 3.80051 0.799999
    endloop
  endfacet
  facet normal 0 0 1
    outer loop
      vertex 1.97796 4.33999 0.799999
      vertex 2.51209 4.56991 0.799999
      vertex 2.46488 4.65715 0.799999
    endloop
  endfacet
  facet normal 0 0 1
    outer loop
      vertex 2.6569 3.70216 0.799999
      vertex 2.07176 3.71771 0.799999
      vertex 2.64057 3.60432 0.799999
    endloop
  endfacet
  facet normal 0 0 1
    outer loop
      vertex 1.9343 4.41145 0.799999
      vertex 2.46488 4.65715 0.799999
      vertex 2.41201 4.74107 0.799999
    endloop
  endfacet
  facet normal -0 0 1
    outer loop
      vertex 2.06979 3.70998 0.799999
      vertex 2.64057 3.60432 0.799999
      vertex 2.07176 3.71771 0.799999
    endloop
  endfacet
  facet normal 0 0 1
    outer loop
      vertex 1.92532 4.42461 0.799999
      vertex 2.41201 4.74107 0.799999
      vertex 2.35371 4.82132 0.799999
    endloop
  endfacet
  facet normal 0 0 1
    outer loop
      vertex 2.64057 3.60432 0.799999
      vertex 2.06979 3.70998 0.799999
      vertex 2.61781 3.50778 0.799999
    endloop
  endfacet
  facet normal 0 0 1
    outer loop
      vertex 1.87476 4.49136 0.799999
      vertex 2.35371 4.82132 0.799999
      vertex 2.29023 4.89754 0.799999
    endloop
  endfacet
  facet normal -0 0 1
    outer loop
      vertex 2.04913 3.62882 0.799999
      vertex 2.61781 3.50778 0.799999
      vertex 2.06979 3.70998 0.799999
    endloop
  endfacet
  facet normal 0 0 1
    outer loop
      vertex 1.81238 4.5586 0.799999
      vertex 2.29023 4.89754 0.799999
      vertex 2.22186 4.96939 0.799999
    endloop
  endfacet
  facet normal 0 0 1
    outer loop
      vertex 2.61781 3.50778 0.799999
      vertex 2.04913 3.62882 0.799999
      vertex 2.58873 3.41295 0.799999
    endloop
  endfacet
  facet normal 0 0 1
    outer loop
      vertex 1.8064 4.56387 0.799999
      vertex 2.22186 4.96939 0.799999
      vertex 2.14888 5.03657 0.799999
    endloop
  endfacet
  facet normal -0 0 1
    outer loop
      vertex 2.02049 3.55013 0.799999
      vertex 2.58873 3.41295 0.799999
      vertex 2.04913 3.62882 0.799999
    endloop
  endfacet
  facet normal 0 0 1
    outer loop
      vertex 2.58873 3.41295 0.799999
      vertex 2.02049 3.55013 0.799999
      vertex 2.55343 3.32025 0.799999
    endloop
  endfacet
  facet normal 0 0 1
    outer loop
      vertex 2.66672 3.99914 0.799999
      vertex 2.08543 3.9916 0.799999
      vertex 2.09 3.9 0.799999
    endloop
  endfacet
  facet normal 0 0 1
    outer loop
      vertex 2.6569 4.09784 0.799999
      vertex 2.08424 3.99949 0.799999
      vertex 2.08543 3.9916 0.799999
    endloop
  endfacet
  facet normal 0 0 1
    outer loop
      vertex 2.6569 4.09784 0.799999
      vertex 2.07176 4.08229 0.799999
      vertex 2.08424 3.99949 0.799999
    endloop
  endfacet
  facet normal 0 0 1
    outer loop
      vertex 1.74361 4.61929 0.799999
      vertex 2.14888 5.03657 0.799999
      vertex 2.07162 5.09878 0.799999
    endloop
  endfacet
  facet normal 0 0 1
    outer loop
      vertex 2.64057 4.19567 0.799999
      vertex 2.06979 4.09002 0.799999
      vertex 2.07176 4.08229 0.799999
    endloop
  endfacet
  facet normal 0 0 1
    outer loop
      vertex 2.61781 4.29222 0.799999
      vertex 2.04913 4.17117 0.799999
      vertex 2.06979 4.09002 0.799999
    endloop
  endfacet
  facet normal 0 0 1
    outer loop
      vertex 2.58873 4.38705 0.799999
      vertex 2.02049 4.24987 0.799999
      vertex 2.04913 4.17117 0.799999
    endloop
  endfacet
  facet normal 0 0 1
    outer loop
      vertex 2.55343 4.47975 0.799999
      vertex 2.01776 4.25736 0.799999
      vertex 2.02049 4.24987 0.799999
    endloop
  endfacet
  facet normal 0 0 1
    outer loop
      vertex 1.67562 4.66817 0.799999
      vertex 2.07162 5.09878 0.799999
      vertex 1.99042 5.15575 0.799999
    endloop
  endfacet
  facet normal 0 0 1
    outer loop
      vertex 2.51209 4.56991 0.799999
      vertex 1.98142 4.33281 0.799999
      vertex 2.01776 4.25736 0.799999
    endloop
  endfacet
  facet normal 0 0 1
    outer loop
      vertex 2.51209 4.56991 0.799999
      vertex 1.97796 4.33999 0.799999
      vertex 1.98142 4.33281 0.799999
    endloop
  endfacet
  facet normal 0 0 1
    outer loop
      vertex 2.46488 4.65715 0.799999
      vertex 1.9343 4.41145 0.799999
      vertex 1.97796 4.33999 0.799999
    endloop
  endfacet
  facet normal 0 0 1
    outer loop
      vertex 2.41201 4.74107 0.799999
      vertex 1.93014 4.41825 0.799999
      vertex 1.9343 4.41145 0.799999
    endloop
  endfacet
  facet normal 0 0 1
    outer loop
      vertex 2.41201 4.74107 0.799999
      vertex 1.92532 4.42461 0.799999
      vertex 1.93014 4.41825 0.799999
    endloop
  endfacet
  facet normal 0 0 1
    outer loop
      vertex 1.66223 4.67681 0.799999
      vertex 1.99042 5.15575 0.799999
      vertex 1.90563 5.20723 0.799999
    endloop
  endfacet
  facet normal 0 0 1
    outer loop
      vertex 2.35371 4.82132 0.799999
      vertex 1.87476 4.49136 0.799999
      vertex 1.92532 4.42461 0.799999
    endloop
  endfacet
  facet normal 0 0 1
    outer loop
      vertex 2.29023 4.89754 0.799999
      vertex 1.86934 4.49721 0.799999
      vertex 1.87476 4.49136 0.799999
    endloop
  endfacet
  facet normal 0 0 1
    outer loop
      vertex 1.58971 4.71868 0.799999
      vertex 1.90563 5.20723 0.799999
      vertex 1.81763 5.25299 0.799999
    endloop
  endfacet
  facet normal 0 0 1
    outer loop
      vertex 2.29023 4.89754 0.799999
      vertex 1.81238 4.5586 0.799999
      vertex 1.86934 4.49721 0.799999
    endloop
  endfacet
  facet normal 0 0 1
    outer loop
      vertex 2.22186 4.96939 0.799999
      vertex 1.8064 4.56387 0.799999
      vertex 1.81238 4.5586 0.799999
    endloop
  endfacet
  facet normal 0 0 1
    outer loop
      vertex 2.14888 5.03657 0.799999
      vertex 1.74361 4.61929 0.799999
      vertex 1.8064 4.56387 0.799999
    endloop
  endfacet
  facet normal 0 0 1
    outer loop
      vertex 1.525 4.74788 0.799999
      vertex 1.81763 5.25299 0.799999
      vertex 1.7268 5.29283 0.799999
    endloop
  endfacet
  facet normal 0 0 1
    outer loop
      vertex 2.07162 5.09878 0.799999
      vertex 1.67562 4.66817 0.799999
      vertex 1.74361 4.61929 0.799999
    endloop
  endfacet
  facet normal 0 0 1
    outer loop
      vertex 1.99042 5.15575 0.799999
      vertex 1.66914 4.67282 0.799999
      vertex 1.67562 4.66817 0.799999
    endloop
  endfacet
  facet normal 0 0 1
    outer loop
      vertex 1.99042 5.15575 0.799999
      vertex 1.66223 4.67681 0.799999
      vertex 1.66914 4.67282 0.799999
    endloop
  endfacet
  facet normal 0 0 1
    outer loop
      vertex 1.525 4.74788 0.799999
      vertex 1.7268 5.29283 0.799999
      vertex 1.63352 5.32658 0.799999
    endloop
  endfacet
  facet normal 0 0 1
    outer loop
      vertex 1.90563 5.20723 0.799999
      vertex 1.58971 4.71868 0.799999
      vertex 1.66223 4.67681 0.799999
    endloop
  endfacet
  facet normal 0 0 1
    outer loop
      vertex 1.525 4.74788 0.799999
      vertex 1.63352 5.32658 0.799999
      vertex 1.53823 5.3541 0.799999
    endloop
  endfacet
  facet normal 0 0 1
    outer loop
      vertex 1.525 4.74788 0.799999
      vertex 1.53823 5.3541 0.799999
      vertex 1.525 5.35699 0.799999
    endloop
  endfacet
  facet normal 0 0 1
    outer loop
      vertex 1.81763 5.25299 0.799999
      vertex 1.525 4.74788 0.799999
      vertex 1.58971 4.71868 0.799999
    endloop
  endfacet
  facet normal -0 0 1
    outer loop
      vertex 2.01776 3.54264 0.799999
      vertex 2.55343 3.32025 0.799999
      vertex 2.02049 3.55013 0.799999
    endloop
  endfacet
  facet normal 0 0 1
    outer loop
      vertex 2.55343 3.32025 0.799999
      vertex 2.01776 3.54264 0.799999
      vertex 2.51209 3.23009 0.799999
    endloop
  endfacet
  facet normal -0 0 1
    outer loop
      vertex 1.97796 3.46001 0.799999
      vertex 2.51209 3.23009 0.799999
      vertex 2.01776 3.54264 0.799999
    endloop
  endfacet
  facet normal 0 0 1
    outer loop
      vertex 2.51209 3.23009 0.799999
      vertex 1.97796 3.46001 0.799999
      vertex 2.46488 3.14285 0.799999
    endloop
  endfacet
  facet normal -0 0 1
    outer loop
      vertex 1.9343 3.38855 0.799999
      vertex 2.46488 3.14285 0.799999
      vertex 1.97796 3.46001 0.799999
    endloop
  endfacet
  facet normal 0 0 1
    outer loop
      vertex 2.46488 3.14285 0.799999
      vertex 1.9343 3.38855 0.799999
      vertex 2.41201 3.05893 0.799999
    endloop
  endfacet
  facet normal -0 0 1
    outer loop
      vertex 1.93014 3.38175 0.799999
      vertex 2.41201 3.05893 0.799999
      vertex 1.9343 3.38855 0.799999
    endloop
  endfacet
  facet normal -0 0 1
    outer loop
      vertex 1.92532 3.37539 0.799999
      vertex 2.41201 3.05893 0.799999
      vertex 1.93014 3.38175 0.799999
    endloop
  endfacet
  facet normal 0 0 1
    outer loop
      vertex 2.41201 3.05893 0.799999
      vertex 1.92532 3.37539 0.799999
      vertex 2.35371 2.97868 0.799999
    endloop
  endfacet
  facet normal -0 0 1
    outer loop
      vertex 1.87476 3.30863 0.799999
      vertex 2.35371 2.97868 0.799999
      vertex 1.92532 3.37539 0.799999
    endloop
  endfacet
  facet normal 0 0 1
    outer loop
      vertex 2.35371 2.97868 0.799999
      vertex 1.87476 3.30863 0.799999
      vertex 2.29023 2.90246 0.799999
    endloop
  endfacet
  facet normal -0 0 1
    outer loop
      vertex 1.86934 3.30279 0.799999
      vertex 2.29023 2.90246 0.799999
      vertex 1.87476 3.30863 0.799999
    endloop
  endfacet
  facet normal -0 0 1
    outer loop
      vertex 1.81238 3.2414 0.799999
      vertex 2.29023 2.90246 0.799999
      vertex 1.86934 3.30279 0.799999
    endloop
  endfacet
  facet normal 0 0 1
    outer loop
      vertex 2.29023 2.90246 0.799999
      vertex 1.81238 3.2414 0.799999
      vertex 2.22186 2.83061 0.799999
    endloop
  endfacet
  facet normal -0 0 1
    outer loop
      vertex 1.8064 3.23612 0.799999
      vertex 2.22186 2.83061 0.799999
      vertex 1.81238 3.2414 0.799999
    endloop
  endfacet
  facet normal 0 0 1
    outer loop
      vertex 2.22186 2.83061 0.799999
      vertex 1.8064 3.23612 0.799999
      vertex 2.14888 2.76343 0.799999
    endloop
  endfacet
  facet normal -0 0 1
    outer loop
      vertex 1.74361 3.18071 0.799999
      vertex 2.14888 2.76343 0.799999
      vertex 1.8064 3.23612 0.799999
    endloop
  endfacet
  facet normal 0 0 1
    outer loop
      vertex 2.14888 2.76343 0.799999
      vertex 1.74361 3.18071 0.799999
      vertex 2.07162 2.70122 0.799999
    endloop
  endfacet
  facet normal -0 0 1
    outer loop
      vertex 1.73713 3.17606 0.799999
      vertex 2.07162 2.70122 0.799999
      vertex 1.74361 3.18071 0.799999
    endloop
  endfacet
  facet normal -0 0 1
    outer loop
      vertex 1.66914 3.12718 0.799999
      vertex 2.07162 2.70122 0.799999
      vertex 1.73713 3.17606 0.799999
    endloop
  endfacet
  facet normal 0 0 1
    outer loop
      vertex 2.07162 2.70122 0.799999
      vertex 1.66914 3.12718 0.799999
      vertex 1.99042 2.64425 0.799999
    endloop
  endfacet
  facet normal 0 0 1
    outer loop
      vertex 1.99042 2.64425 0.799999
      vertex 1.66914 3.12718 0.799999
      vertex 1.90563 2.59277 0.799999
    endloop
  endfacet
  facet normal -0 0 1
    outer loop
      vertex 1.59662 3.08531 0.799999
      vertex 1.90563 2.59277 0.799999
      vertex 1.66914 3.12718 0.799999
    endloop
  endfacet
  facet normal -0 0 1
    outer loop
      vertex 1.58971 3.08132 0.799999
      vertex 1.90563 2.59277 0.799999
      vertex 1.59662 3.08531 0.799999
    endloop
  endfacet
  facet normal 0 0 1
    outer loop
      vertex 1.90563 2.59277 0.799999
      vertex 1.58971 3.08132 0.799999
      vertex 1.81763 2.54701 0.799999
    endloop
  endfacet
  facet normal -0 0 1
    outer loop
      vertex 1.525 3.05212 0.799999
      vertex 1.81763 2.54701 0.799999
      vertex 1.58971 3.08132 0.799999
    endloop
  endfacet
  facet normal 0 0 1
    outer loop
      vertex 1.81763 2.54701 0.799999
      vertex 1.525 3.05212 0.799999
      vertex 1.7268 2.50717 0.799999
    endloop
  endfacet
  facet normal 0 0 1
    outer loop
      vertex 1.7268 2.50717 0.799999
      vertex 1.525 3.05212 0.799999
      vertex 1.63352 2.47341 0.799999
    endloop
  endfacet
  facet normal 0 0 1
    outer loop
      vertex 1.63352 2.47341 0.799999
      vertex 1.525 3.05212 0.799999
      vertex 1.53823 2.4459 0.799999
    endloop
  endfacet
  facet normal 0 0 1
    outer loop
      vertex 1.53823 2.4459 0.799999
      vertex 1.525 3.05212 0.799999
      vertex 1.525 2.44301 0.799999
    endloop
  endfacet
  facet normal 0.768403 -0.639966 0
    outer loop
      vertex 2.29023 2.90246 0.799999
      vertex 2.35371 2.97868 0
      vertex 2.35371 2.97868 0.799999
    endloop
  endfacet
  facet normal 0.768403 -0.639966 0
    outer loop
      vertex 2.35371 2.97868 0
      vertex 2.29023 2.90246 0.799999
      vertex 2.29023 2.90246 0
    endloop
  endfacet
  facet normal 0.461353 -0.887217 0
    outer loop
      vertex 1.81763 2.54701 0
      vertex 1.90563 2.59277 0.799999
      vertex 1.81763 2.54701 0.799999
    endloop
  endfacet
  facet normal 0.461353 -0.887217 0
    outer loop
      vertex 1.90563 2.59277 0.799999
      vertex 1.81763 2.54701 0
      vertex 1.90563 2.59277 0
    endloop
  endfacet
  facet normal 0.518981 -0.854786 0
    outer loop
      vertex 1.90563 2.59277 0
      vertex 1.99042 2.64425 0.799999
      vertex 1.90563 2.59277 0.799999
    endloop
  endfacet
  facet normal 0.518981 -0.854786 0
    outer loop
      vertex 1.99042 2.64425 0.799999
      vertex 1.90563 2.59277 0
      vertex 1.99042 2.64425 0
    endloop
  endfacet
  facet normal 0.213411 -0.976963 0
    outer loop
      vertex 1.525 2.44301 0
      vertex 1.53823 2.4459 0.799999
      vertex 1.525 2.44301 0.799999
    endloop
  endfacet
  facet normal 0.213411 -0.976963 0
    outer loop
      vertex 1.53823 2.4459 0.799999
      vertex 1.525 2.44301 0
      vertex 1.53823 2.4459 0
    endloop
  endfacet
  facet normal 0.986356 -0.164628 0
    outer loop
      vertex 2.64057 3.60432 0.799999
      vertex 2.6569 3.70216 0
      vertex 2.6569 3.70216 0.799999
    endloop
  endfacet
  facet normal 0.986356 -0.164628 0
    outer loop
      vertex 2.6569 3.70216 0
      vertex 2.64057 3.60432 0.799999
      vertex 2.64057 3.60432 0
    endloop
  endfacet
  facet normal 0.973317 -0.229466 0
    outer loop
      vertex 2.61781 3.50778 0.799999
      vertex 2.64057 3.60432 0
      vertex 2.64057 3.60432 0.799999
    endloop
  endfacet
  facet normal 0.973317 -0.229466 0
    outer loop
      vertex 2.64057 3.60432 0
      vertex 2.61781 3.50778 0.799999
      vertex 2.61781 3.50778 0
    endloop
  endfacet
  facet normal 0.995087 -0.0990046 0
    outer loop
      vertex 2.6569 3.70216 0.799999
      vertex 2.66672 3.80086 0
      vertex 2.66672 3.80086 0.799999
    endloop
  endfacet
  facet normal 0.995087 -0.0990046 0
    outer loop
      vertex 2.66672 3.80086 0
      vertex 2.6569 3.70216 0.799999
      vertex 2.6569 3.70216 0
    endloop
  endfacet
  facet normal 0.909001 -0.416794 0
    outer loop
      vertex 2.51209 3.23009 0.799999
      vertex 2.55343 3.32025 0
      vertex 2.55343 3.32025 0.799999
    endloop
  endfacet
  facet normal 0.909001 -0.416794 0
    outer loop
      vertex 2.55343 3.32025 0
      vertex 2.51209 3.23009 0.799999
      vertex 2.51209 3.23009 0
    endloop
  endfacet
  facet normal 0.879482 -0.475932 0
    outer loop
      vertex 2.46488 3.14285 0.799999
      vertex 2.51209 3.23009 0
      vertex 2.51209 3.23009 0.799999
    endloop
  endfacet
  facet normal 0.879482 -0.475932 0
    outer loop
      vertex 2.51209 3.23009 0
      vertex 2.46488 3.14285 0.799999
      vertex 2.46488 3.14285 0
    endloop
  endfacet
  facet normal 0.84609 -0.533041 0
    outer loop
      vertex 2.41201 3.05893 0.799999
      vertex 2.46488 3.14285 0
      vertex 2.46488 3.14285 0.799999
    endloop
  endfacet
  facet normal 0.84609 -0.533041 0
    outer loop
      vertex 2.46488 3.14285 0
      vertex 2.41201 3.05893 0.799999
      vertex 2.41201 3.05893 0
    endloop
  endfacet
  facet normal 0.809041 -0.587752 0
    outer loop
      vertex 2.35371 2.97868 0.799999
      vertex 2.41201 3.05893 0
      vertex 2.41201 3.05893 0.799999
    endloop
  endfacet
  facet normal 0.809041 -0.587752 0
    outer loop
      vertex 2.41201 3.05893 0
      vertex 2.35371 2.97868 0.799999
      vertex 2.35371 2.97868 0
    endloop
  endfacet
  facet normal 0.574342 -0.818616 0
    outer loop
      vertex 1.99042 2.64425 0
      vertex 2.07162 2.70122 0.799999
      vertex 1.99042 2.64425 0.799999
    endloop
  endfacet
  facet normal 0.574342 -0.818616 0
    outer loop
      vertex 2.07162 2.70122 0.799999
      vertex 1.99042 2.64425 0
      vertex 2.07162 2.70122 0
    endloop
  endfacet
  facet normal 0.724433 -0.689345 0
    outer loop
      vertex 2.22186 2.83061 0.799999
      vertex 2.29023 2.90246 0
      vertex 2.29023 2.90246 0.799999
    endloop
  endfacet
  facet normal 0.724433 -0.689345 0
    outer loop
      vertex 2.29023 2.90246 0
      vertex 2.22186 2.83061 0.799999
      vertex 2.22186 2.83061 0
    endloop
  endfacet
  facet normal 0.27737 -0.960763 0
    outer loop
      vertex 1.53823 2.4459 0
      vertex 1.63352 2.47341 0.799999
      vertex 1.53823 2.4459 0.799999
    endloop
  endfacet
  facet normal 0.27737 -0.960763 0
    outer loop
      vertex 1.63352 2.47341 0.799999
      vertex 1.53823 2.4459 0
      vertex 1.63352 2.47341 0
    endloop
  endfacet
  facet normal 0.627163 -0.778888 0
    outer loop
      vertex 2.07162 2.70122 0
      vertex 2.14888 2.76343 0.799999
      vertex 2.07162 2.70122 0.799999
    endloop
  endfacet
  facet normal 0.627163 -0.778888 0
    outer loop
      vertex 2.14888 2.76343 0.799999
      vertex 2.07162 2.70122 0
      vertex 2.14888 2.76343 0
    endloop
  endfacet
  facet normal 0.677266 -0.735738 0
    outer loop
      vertex 2.14888 2.76343 0
      vertex 2.22186 2.83061 0.799999
      vertex 2.14888 2.76343 0.799999
    endloop
  endfacet
  facet normal 0.677266 -0.735738 0
    outer loop
      vertex 2.22186 2.83061 0.799999
      vertex 2.14888 2.76343 0
      vertex 2.22186 2.83061 0
    endloop
  endfacet
  facet normal -1 0 0
    outer loop
      vertex 5.13082 3.8504 0
      vertex 5.13082 3.94959 0.799999
      vertex 5.13082 3.94959 0
    endloop
  endfacet
  facet normal -1 -0 0
    outer loop
      vertex 5.13082 3.94959 0.799999
      vertex 5.13082 3.8504 0
      vertex 5.13082 3.8504 0.799999
    endloop
  endfacet
  facet normal -0.701236 0.71293 0
    outer loop
      vertex 5.61408 5.00359 0
      vertex 5.54336 4.93403 0.799999
      vertex 5.61408 5.00359 0.799999
    endloop
  endfacet
  facet normal -0.701236 0.71293 0
    outer loop
      vertex 5.54336 4.93403 0.799999
      vertex 5.61408 5.00359 0
      vertex 5.54336 4.93403 0
    endloop
  endfacet
  facet normal -0.431784 0.901977 0
    outer loop
      vertex 6.02746 5.27366 0
      vertex 5.93799 5.23083 0.799999
      vertex 6.02746 5.27366 0.799999
    endloop
  endfacet
  facet normal -0.431784 0.901977 0
    outer loop
      vertex 5.93799 5.23083 0.799999
      vertex 6.02746 5.27366 0
      vertex 5.93799 5.23083 0
    endloop
  endfacet
  facet normal -0.922276 0.386533 0
    outer loop
      vertex 5.22815 4.43369 0
      vertex 5.26649 4.52517 0.799999
      vertex 5.26649 4.52517 0
    endloop
  endfacet
  facet normal -0.922276 0.386533 0
    outer loop
      vertex 5.26649 4.52517 0.799999
      vertex 5.22815 4.43369 0
      vertex 5.22815 4.43369 0.799999
    endloop
  endfacet
  facet normal -0.789092 0.614276 0
    outer loop
      vertex 5.41647 4.78168 0
      vertex 5.4774 4.85995 0.799999
      vertex 5.4774 4.85995 0
    endloop
  endfacet
  facet normal -0.789092 0.614276 0
    outer loop
      vertex 5.4774 4.85995 0.799999
      vertex 5.41647 4.78168 0
      vertex 5.41647 4.78168 0.799999
    endloop
  endfacet
  facet normal -0.245409 0.96942 0
    outer loop
      vertex 6.275 5.3566 0
      vertex 6.21389 5.34113 0.799999
      vertex 6.275 5.3566 0.799999
    endloop
  endfacet
  facet normal -0.245409 0.96942 0
    outer loop
      vertex 6.21389 5.34113 0.799999
      vertex 6.275 5.3566 0
      vertex 6.21389 5.34113 0
    endloop
  endfacet
  facet normal -0.965193 0.261539 0
    outer loop
      vertex 5.17001 4.24414 0
      vertex 5.19595 4.33987 0.799999
      vertex 5.19595 4.33987 0
    endloop
  endfacet
  facet normal -0.965193 0.261539 0
    outer loop
      vertex 5.19595 4.33987 0.799999
      vertex 5.17001 4.24414 0
      vertex 5.17001 4.24414 0.799999
    endloop
  endfacet
  facet normal -0.828043 0.560665 0
    outer loop
      vertex 5.36086 4.69955 0
      vertex 5.41647 4.78168 0.799999
      vertex 5.41647 4.78168 0
    endloop
  endfacet
  facet normal -0.828043 0.560665 0
    outer loop
      vertex 5.41647 4.78168 0.799999
      vertex 5.36086 4.69955 0
      vertex 5.36086 4.69955 0.799999
    endloop
  endfacet
  facet normal -0.945843 0.324623 0
    outer loop
      vertex 5.19595 4.33987 0
      vertex 5.22815 4.43369 0.799999
      vertex 5.22815 4.43369 0
    endloop
  endfacet
  facet normal -0.945843 0.324623 0
    outer loop
      vertex 5.22815 4.43369 0.799999
      vertex 5.19595 4.33987 0
      vertex 5.19595 4.33987 0.799999
    endloop
  endfacet
  facet normal -0.991253 0.131972 0
    outer loop
      vertex 5.13737 4.04857 0
      vertex 5.15046 4.14689 0.799999
      vertex 5.15046 4.14689 0
    endloop
  endfacet
  facet normal -0.991253 0.131972 0
    outer loop
      vertex 5.15046 4.14689 0.799999
      vertex 5.13737 4.04857 0
      vertex 5.13737 4.04857 0.799999
    endloop
  endfacet
  facet normal -0.546929 0.837179 0
    outer loop
      vertex 5.85155 5.18219 0
      vertex 5.76851 5.12794 0.799999
      vertex 5.85155 5.18219 0.799999
    endloop
  endfacet
  facet normal -0.546929 0.837179 0
    outer loop
      vertex 5.76851 5.12794 0.799999
      vertex 5.85155 5.18219 0
      vertex 5.76851 5.12794 0
    endloop
  endfacet
  facet normal -0.490395 0.8715 0
    outer loop
      vertex 5.93799 5.23083 0
      vertex 5.85155 5.18219 0.799999
      vertex 5.93799 5.23083 0.799999
    endloop
  endfacet
  facet normal -0.490395 0.8715 0
    outer loop
      vertex 5.85155 5.18219 0.799999
      vertex 5.93799 5.23083 0
      vertex 5.85155 5.18219 0
    endloop
  endfacet
  facet normal -0.652624 0.757682 0
    outer loop
      vertex 5.68923 5.06832 0
      vertex 5.61408 5.00359 0.799999
      vertex 5.68923 5.06832 0.799999
    endloop
  endfacet
  facet normal -0.652624 0.757682 0
    outer loop
      vertex 5.61408 5.00359 0.799999
      vertex 5.68923 5.06832 0
      vertex 5.61408 5.00359 0
    endloop
  endfacet
  facet normal -0.371217 0.928546 0
    outer loop
      vertex 6.11956 5.31048 0
      vertex 6.02746 5.27366 0.799999
      vertex 6.11956 5.31048 0.799999
    endloop
  endfacet
  facet normal -0.371217 0.928546 0
    outer loop
      vertex 6.02746 5.27366 0.799999
      vertex 6.11956 5.31048 0
      vertex 6.02746 5.27366 0
    endloop
  endfacet
  facet normal -0.894729 -0.446609 0
    outer loop
      vertex 5.31079 3.18608 0
      vertex 5.26649 3.27483 0.799999
      vertex 5.26649 3.27483 0
    endloop
  endfacet
  facet normal -0.894729 -0.446609 0
    outer loop
      vertex 5.26649 3.27483 0.799999
      vertex 5.31079 3.18608 0
      vertex 5.31079 3.18608 0.799999
    endloop
  endfacet
  facet normal -0.746853 0.664989 0
    outer loop
      vertex 5.4774 4.85995 0
      vertex 5.54336 4.93403 0.799999
      vertex 5.54336 4.93403 0
    endloop
  endfacet
  facet normal -0.746853 0.664989 0
    outer loop
      vertex 5.54336 4.93403 0.799999
      vertex 5.4774 4.85995 0
      vertex 5.4774 4.85995 0.799999
    endloop
  endfacet
  facet normal -0.863256 0.504767 0
    outer loop
      vertex 5.31079 4.61392 0
      vertex 5.36086 4.69955 0.799999
      vertex 5.36086 4.69955 0
    endloop
  endfacet
  facet normal -0.863256 0.504767 0
    outer loop
      vertex 5.36086 4.69955 0.799999
      vertex 5.31079 4.61392 0
      vertex 5.31079 4.61392 0.799999
    endloop
  endfacet
  facet normal -0.894729 0.446609 0
    outer loop
      vertex 5.26649 4.52517 0
      vertex 5.31079 4.61392 0.799999
      vertex 5.31079 4.61392 0
    endloop
  endfacet
  facet normal -0.894729 0.446609 0
    outer loop
      vertex 5.31079 4.61392 0.799999
      vertex 5.26649 4.52517 0
      vertex 5.26649 4.52517 0.799999
    endloop
  endfacet
  facet normal -0.980386 0.197085 0
    outer loop
      vertex 5.15046 4.14689 0
      vertex 5.17001 4.24414 0.799999
      vertex 5.17001 4.24414 0
    endloop
  endfacet
  facet normal -0.980386 0.197085 0
    outer loop
      vertex 5.17001 4.24414 0.799999
      vertex 5.15046 4.14689 0
      vertex 5.15046 4.14689 0.799999
    endloop
  endfacet
  facet normal -0.997818 0.0660306 0
    outer loop
      vertex 5.13082 3.94959 0
      vertex 5.13737 4.04857 0.799999
      vertex 5.13737 4.04857 0
    endloop
  endfacet
  facet normal -0.997818 0.0660306 0
    outer loop
      vertex 5.13737 4.04857 0.799999
      vertex 5.13082 3.94959 0
      vertex 5.13082 3.94959 0.799999
    endloop
  endfacet
  facet normal -0.601032 0.799225 0
    outer loop
      vertex 5.76851 5.12794 0
      vertex 5.68923 5.06832 0.799999
      vertex 5.76851 5.12794 0.799999
    endloop
  endfacet
  facet normal -0.601032 0.799225 0
    outer loop
      vertex 5.68923 5.06832 0.799999
      vertex 5.76851 5.12794 0
      vertex 5.68923 5.06832 0
    endloop
  endfacet
  facet normal -0.30902 0.951056 0
    outer loop
      vertex 6.21389 5.34113 0
      vertex 6.11956 5.31048 0.799999
      vertex 6.21389 5.34113 0.799999
    endloop
  endfacet
  facet normal -0.30902 0.951056 0
    outer loop
      vertex 6.11956 5.31048 0.799999
      vertex 6.21389 5.34113 0
      vertex 6.11956 5.31048 0
    endloop
  endfacet
  facet normal -0.546929 -0.837179 0
    outer loop
      vertex 5.76851 2.67206 0
      vertex 5.85155 2.61781 0.799999
      vertex 5.76851 2.67206 0.799999
    endloop
  endfacet
  facet normal -0.546929 -0.837179 -0
    outer loop
      vertex 5.85155 2.61781 0.799999
      vertex 5.76851 2.67206 0
      vertex 5.85155 2.61781 0
    endloop
  endfacet
  facet normal -0.746853 -0.664989 0
    outer loop
      vertex 5.54336 2.86597 0
      vertex 5.4774 2.94005 0.799999
      vertex 5.4774 2.94005 0
    endloop
  endfacet
  facet normal -0.746853 -0.664989 0
    outer loop
      vertex 5.4774 2.94005 0.799999
      vertex 5.54336 2.86597 0
      vertex 5.54336 2.86597 0.799999
    endloop
  endfacet
  facet normal -0.863256 -0.504767 0
    outer loop
      vertex 5.36086 3.10045 0
      vertex 5.31079 3.18608 0.799999
      vertex 5.31079 3.18608 0
    endloop
  endfacet
  facet normal -0.863256 -0.504767 0
    outer loop
      vertex 5.31079 3.18608 0.799999
      vertex 5.36086 3.10045 0
      vertex 5.36086 3.10045 0.799999
    endloop
  endfacet
  facet normal -0.789092 -0.614276 0
    outer loop
      vertex 5.4774 2.94005 0
      vertex 5.41647 3.01832 0.799999
      vertex 5.41647 3.01832 0
    endloop
  endfacet
  facet normal -0.789092 -0.614276 0
    outer loop
      vertex 5.41647 3.01832 0.799999
      vertex 5.4774 2.94005 0
      vertex 5.4774 2.94005 0.799999
    endloop
  endfacet
  facet normal -0.945833 -0.324654 0
    outer loop
      vertex 5.22815 3.36631 0
      vertex 5.19595 3.46012 0.799999
      vertex 5.19595 3.46012 0
    endloop
  endfacet
  facet normal -0.945833 -0.324654 0
    outer loop
      vertex 5.19595 3.46012 0.799999
      vertex 5.22815 3.36631 0
      vertex 5.22815 3.36631 0.799999
    endloop
  endfacet
  facet normal -0.9652 -0.261513 0
    outer loop
      vertex 5.19595 3.46012 0
      vertex 5.17001 3.55586 0.799999
      vertex 5.17001 3.55586 0
    endloop
  endfacet
  facet normal -0.9652 -0.261513 0
    outer loop
      vertex 5.17001 3.55586 0.799999
      vertex 5.19595 3.46012 0
      vertex 5.19595 3.46012 0.799999
    endloop
  endfacet
  facet normal -0.980386 -0.197085 0
    outer loop
      vertex 5.17001 3.55586 0
      vertex 5.15046 3.65311 0.799999
      vertex 5.15046 3.65311 0
    endloop
  endfacet
  facet normal -0.980386 -0.197085 0
    outer loop
      vertex 5.15046 3.65311 0.799999
      vertex 5.17001 3.55586 0
      vertex 5.17001 3.55586 0.799999
    endloop
  endfacet
  facet normal -0 0 1
    outer loop
      vertex 6.21389 5.34113 0.799999
      vertex 6.275 4.74776 0.799999
      vertex 6.275 5.3566 0.799999
    endloop
  endfacet
  facet normal -0 0 1
    outer loop
      vertex 6.11956 5.31048 0.799999
      vertex 6.275 4.74776 0.799999
      vertex 6.21389 5.34113 0.799999
    endloop
  endfacet
  facet normal -0 0 1
    outer loop
      vertex 6.02746 5.27366 0.799999
      vertex 6.275 4.74776 0.799999
      vertex 6.11956 5.31048 0.799999
    endloop
  endfacet
  facet normal 0 0 1
    outer loop
      vertex 6.275 4.74776 0.799999
      vertex 6.02746 5.27366 0.799999
      vertex 6.25904 4.7415 0.799999
    endloop
  endfacet
  facet normal 0 0 1
    outer loop
      vertex 6.25904 4.7415 0.799999
      vertex 6.02746 5.27366 0.799999
      vertex 6.25162 4.73858 0.799999
    endloop
  endfacet
  facet normal 0 0 1
    outer loop
      vertex 6.25162 4.73858 0.799999
      vertex 6.02746 5.27366 0.799999
      vertex 6.24452 4.73495 0.799999
    endloop
  endfacet
  facet normal -0 0 1
    outer loop
      vertex 5.93799 5.23083 0.799999
      vertex 6.24452 4.73495 0.799999
      vertex 6.02746 5.27366 0.799999
    endloop
  endfacet
  facet normal 0 0 1
    outer loop
      vertex 6.24452 4.73495 0.799999
      vertex 5.93799 5.23083 0.799999
      vertex 6.17 4.69674 0.799999
    endloop
  endfacet
  facet normal -0 0 1
    outer loop
      vertex 5.85155 5.18219 0.799999
      vertex 6.17 4.69674 0.799999
      vertex 5.93799 5.23083 0.799999
    endloop
  endfacet
  facet normal 0 0 1
    outer loop
      vertex 6.17 4.69674 0.799999
      vertex 5.85155 5.18219 0.799999
      vertex 6.09965 4.65131 0.799999
    endloop
  endfacet
  facet normal -0 0 1
    outer loop
      vertex 5.76851 5.12794 0.799999
      vertex 6.09965 4.65131 0.799999
      vertex 5.85155 5.18219 0.799999
    endloop
  endfacet
  facet normal 0 0 1
    outer loop
      vertex 6.09965 4.65131 0.799999
      vertex 5.76851 5.12794 0.799999
      vertex 6.09296 4.64698 0.799999
    endloop
  endfacet
  facet normal 0 0 1
    outer loop
      vertex 6.09296 4.64698 0.799999
      vertex 5.76851 5.12794 0.799999
      vertex 6.08672 4.64201 0.799999
    endloop
  endfacet
  facet normal -0 0 1
    outer loop
      vertex 5.68923 5.06832 0.799999
      vertex 6.08672 4.64201 0.799999
      vertex 5.76851 5.12794 0.799999
    endloop
  endfacet
  facet normal 0 0 1
    outer loop
      vertex 6.08672 4.64201 0.799999
      vertex 5.68923 5.06832 0.799999
      vertex 6.02125 4.5898 0.799999
    endloop
  endfacet
  facet normal -0 0 1
    outer loop
      vertex 5.61408 5.00359 0.799999
      vertex 6.02125 4.5898 0.799999
      vertex 5.68923 5.06832 0.799999
    endloop
  endfacet
  facet normal 0 0 1
    outer loop
      vertex 6.02125 4.5898 0.799999
      vertex 5.61408 5.00359 0.799999
      vertex 5.9613 4.53133 0.799999
    endloop
  endfacet
  facet normal -0 0 1
    outer loop
      vertex 5.54336 4.93403 0.799999
      vertex 5.9613 4.53133 0.799999
      vertex 5.61408 5.00359 0.799999
    endloop
  endfacet
  facet normal 0 0 1
    outer loop
      vertex 5.9613 4.53133 0.799999
      vertex 5.54336 4.93403 0.799999
      vertex 5.95559 4.52576 0.799999
    endloop
  endfacet
  facet normal -0 0 1
    outer loop
      vertex 5.4774 4.85995 0.799999
      vertex 5.95559 4.52576 0.799999
      vertex 5.54336 4.93403 0.799999
    endloop
  endfacet
  facet normal 0 0 1
    outer loop
      vertex 5.95559 4.52576 0.799999
      vertex 5.4774 4.85995 0.799999
      vertex 5.89664 4.4555 0.799999
    endloop
  endfacet
  facet normal -0 0 1
    outer loop
      vertex 5.41647 4.78168 0.799999
      vertex 5.89664 4.4555 0.799999
      vertex 5.4774 4.85995 0.799999
    endloop
  endfacet
  facet normal 0 0 1
    outer loop
      vertex 5.89664 4.4555 0.799999
      vertex 5.41647 4.78168 0.799999
      vertex 5.89214 4.44891 0.799999
    endloop
  endfacet
  facet normal 0 0 1
    outer loop
      vertex 5.89214 4.44891 0.799999
      vertex 5.41647 4.78168 0.799999
      vertex 5.84497 4.37972 0.799999
    endloop
  endfacet
  facet normal -0 0 1
    outer loop
      vertex 5.36086 4.69955 0.799999
      vertex 5.84497 4.37972 0.799999
      vertex 5.41647 4.78168 0.799999
    endloop
  endfacet
  facet normal -0 0 1
    outer loop
      vertex 5.31079 4.61392 0.799999
      vertex 5.84497 4.37972 0.799999
      vertex 5.36086 4.69955 0.799999
    endloop
  endfacet
  facet normal 0 0 1
    outer loop
      vertex 5.84497 4.37972 0.799999
      vertex 5.31079 4.61392 0.799999
      vertex 5.80111 4.29917 0.799999
    endloop
  endfacet
  facet normal 0 0 1
    outer loop
      vertex 5.80111 4.29917 0.799999
      vertex 5.26649 4.52517 0.799999
      vertex 5.76858 4.22201 0.799999
    endloop
  endfacet
  facet normal -0 0 1
    outer loop
      vertex 5.26649 4.52517 0.799999
      vertex 5.80111 4.29917 0.799999
      vertex 5.31079 4.61392 0.799999
    endloop
  endfacet
  facet normal 0 0 1
    outer loop
      vertex 6.02746 2.52634 0.799999
      vertex 6.275 3.05224 0.799999
      vertex 6.25162 3.06141 0.799999
    endloop
  endfacet
  facet normal 0 0 1
    outer loop
      vertex 6.275 3.05224 0.799999
      vertex 6.21389 2.45887 0.799999
      vertex 6.275 2.44339 0.799999
    endloop
  endfacet
  facet normal 0 0 1
    outer loop
      vertex 5.93799 2.56917 0.799999
      vertex 6.25162 3.06141 0.799999
      vertex 6.1771 3.09962 0.799999
    endloop
  endfacet
  facet normal 0 0 1
    outer loop
      vertex 5.93799 2.56917 0.799999
      vertex 6.1771 3.09962 0.799999
      vertex 6.17 3.10326 0.799999
    endloop
  endfacet
  facet normal 0 0 1
    outer loop
      vertex 6.275 3.05224 0.799999
      vertex 6.11956 2.48952 0.799999
      vertex 6.21389 2.45887 0.799999
    endloop
  endfacet
  facet normal 0 0 1
    outer loop
      vertex 5.85155 2.61781 0.799999
      vertex 6.17 3.10326 0.799999
      vertex 6.09965 3.14869 0.799999
    endloop
  endfacet
  facet normal 0 0 1
    outer loop
      vertex 5.76851 2.67206 0.799999
      vertex 6.09965 3.14869 0.799999
      vertex 6.09296 3.15302 0.799999
    endloop
  endfacet
  facet normal 0 0 1
    outer loop
      vertex 5.76851 2.67206 0.799999
      vertex 6.09296 3.15302 0.799999
      vertex 6.08672 3.15799 0.799999
    endloop
  endfacet
  facet normal 0 0 1
    outer loop
      vertex 6.275 3.05224 0.799999
      vertex 6.02746 2.52634 0.799999
      vertex 6.11956 2.48952 0.799999
    endloop
  endfacet
  facet normal 0 0 1
    outer loop
      vertex 5.68923 2.73168 0.799999
      vertex 6.08672 3.15799 0.799999
      vertex 6.02125 3.2102 0.799999
    endloop
  endfacet
  facet normal 0 0 1
    outer loop
      vertex 5.61408 2.79641 0.799999
      vertex 6.02125 3.2102 0.799999
      vertex 6.01554 3.21577 0.799999
    endloop
  endfacet
  facet normal 0 0 1
    outer loop
      vertex 5.61408 2.79641 0.799999
      vertex 6.01554 3.21577 0.799999
      vertex 5.95559 3.27424 0.799999
    endloop
  endfacet
  facet normal 0 0 1
    outer loop
      vertex 6.25162 3.06141 0.799999
      vertex 5.93799 2.56917 0.799999
      vertex 6.02746 2.52634 0.799999
    endloop
  endfacet
  facet normal 0 0 1
    outer loop
      vertex 5.4774 2.94005 0.799999
      vertex 5.95559 3.27424 0.799999
      vertex 5.89664 3.3445 0.799999
    endloop
  endfacet
  facet normal 0 0 1
    outer loop
      vertex 6.17 3.10326 0.799999
      vertex 5.85155 2.61781 0.799999
      vertex 5.93799 2.56917 0.799999
    endloop
  endfacet
  facet normal 0 0 1
    outer loop
      vertex 5.41647 3.01832 0.799999
      vertex 5.89664 3.3445 0.799999
      vertex 5.84946 3.41369 0.799999
    endloop
  endfacet
  facet normal 0 0 1
    outer loop
      vertex 5.36086 3.10045 0.799999
      vertex 5.84946 3.41369 0.799999
      vertex 5.84497 3.42028 0.799999
    endloop
  endfacet
  facet normal 0 0 1
    outer loop
      vertex 5.36086 3.10045 0.799999
      vertex 5.84497 3.42028 0.799999
      vertex 5.84116 3.42728 0.799999
    endloop
  endfacet
  facet normal 0 0 1
    outer loop
      vertex 5.31079 3.18608 0.799999
      vertex 5.84116 3.42728 0.799999
      vertex 5.80111 3.50083 0.799999
    endloop
  endfacet
  facet normal 0 0 1
    outer loop
      vertex 5.26649 3.27483 0.799999
      vertex 5.80111 3.50083 0.799999
      vertex 5.76858 3.57799 0.799999
    endloop
  endfacet
  facet normal 0 0 1
    outer loop
      vertex 6.09965 3.14869 0.799999
      vertex 5.76851 2.67206 0.799999
      vertex 5.85155 2.61781 0.799999
    endloop
  endfacet
  facet normal 0 0 1
    outer loop
      vertex 5.22815 3.36631 0.799999
      vertex 5.76858 3.57799 0.799999
      vertex 5.76548 3.58534 0.799999
    endloop
  endfacet
  facet normal 0 0 1
    outer loop
      vertex 5.19595 3.46012 0.799999
      vertex 5.76548 3.58534 0.799999
      vertex 5.73845 3.67298 0.799999
    endloop
  endfacet
  facet normal 0 0 1
    outer loop
      vertex 5.17001 3.55586 0.799999
      vertex 5.73845 3.67298 0.799999
      vertex 5.73687 3.6808 0.799999
    endloop
  endfacet
  facet normal 0 0 1
    outer loop
      vertex 5.17001 3.55586 0.799999
      vertex 5.73687 3.6808 0.799999
      vertex 5.72027 3.76288 0.799999
    endloop
  endfacet
  facet normal 0 0 1
    outer loop
      vertex 5.15046 3.65311 0.799999
      vertex 5.72027 3.76288 0.799999
      vertex 5.71948 3.77082 0.799999
    endloop
  endfacet
  facet normal 0 0 1
    outer loop
      vertex 5.13737 3.75143 0.799999
      vertex 5.71948 3.77082 0.799999
      vertex 5.71114 3.85414 0.799999
    endloop
  endfacet
  facet normal 0 0 1
    outer loop
      vertex 6.08672 3.15799 0.799999
      vertex 5.68923 2.73168 0.799999
      vertex 5.76851 2.67206 0.799999
    endloop
  endfacet
  facet normal -0 0 1
    outer loop
      vertex 5.22815 4.43369 0.799999
      vertex 5.76858 4.22201 0.799999
      vertex 5.26649 4.52517 0.799999
    endloop
  endfacet
  facet normal 0 0 1
    outer loop
      vertex 5.76858 4.22201 0.799999
      vertex 5.22815 4.43369 0.799999
      vertex 5.76548 4.21466 0.799999
    endloop
  endfacet
  facet normal 0 0 1
    outer loop
      vertex 6.02125 3.2102 0.799999
      vertex 5.61408 2.79641 0.799999
      vertex 5.68923 2.73168 0.799999
    endloop
  endfacet
  facet normal -0 0 1
    outer loop
      vertex 5.19595 4.33987 0.799999
      vertex 5.76548 4.21466 0.799999
      vertex 5.22815 4.43369 0.799999
    endloop
  endfacet
  facet normal 0 0 1
    outer loop
      vertex 5.95559 3.27424 0.799999
      vertex 5.54336 2.86597 0.799999
      vertex 5.61408 2.79641 0.799999
    endloop
  endfacet
  facet normal 0 0 1
    outer loop
      vertex 5.76548 4.21466 0.799999
      vertex 5.19595 4.33987 0.799999
      vertex 5.73845 4.12702 0.799999
    endloop
  endfacet
  facet normal 0 0 1
    outer loop
      vertex 5.95559 3.27424 0.799999
      vertex 5.4774 2.94005 0.799999
      vertex 5.54336 2.86597 0.799999
    endloop
  endfacet
  facet normal -0 0 1
    outer loop
      vertex 5.17001 4.24414 0.799999
      vertex 5.73845 4.12702 0.799999
      vertex 5.19595 4.33987 0.799999
    endloop
  endfacet
  facet normal 0 0 1
    outer loop
      vertex 5.89664 3.3445 0.799999
      vertex 5.41647 3.01832 0.799999
      vertex 5.4774 2.94005 0.799999
    endloop
  endfacet
  facet normal 0 0 1
    outer loop
      vertex 5.73845 4.12702 0.799999
      vertex 5.17001 4.24414 0.799999
      vertex 5.73687 4.1192 0.799999
    endloop
  endfacet
  facet normal 0 0 1
    outer loop
      vertex 5.84946 3.41369 0.799999
      vertex 5.36086 3.10045 0.799999
      vertex 5.41647 3.01832 0.799999
    endloop
  endfacet
  facet normal 0 0 1
    outer loop
      vertex 5.73687 4.1192 0.799999
      vertex 5.17001 4.24414 0.799999
      vertex 5.72027 4.03712 0.799999
    endloop
  endfacet
  facet normal 0 0 1
    outer loop
      vertex 5.84116 3.42728 0.799999
      vertex 5.31079 3.18608 0.799999
      vertex 5.36086 3.10045 0.799999
    endloop
  endfacet
  facet normal -0 0 1
    outer loop
      vertex 5.15046 4.14689 0.799999
      vertex 5.72027 4.03712 0.799999
      vertex 5.17001 4.24414 0.799999
    endloop
  endfacet
  facet normal 0 0 1
    outer loop
      vertex 5.80111 3.50083 0.799999
      vertex 5.26649 3.27483 0.799999
      vertex 5.31079 3.18608 0.799999
    endloop
  endfacet
  facet normal -0 0 1
    outer loop
      vertex 5.13737 4.04857 0.799999
      vertex 5.72027 4.03712 0.799999
      vertex 5.15046 4.14689 0.799999
    endloop
  endfacet
  facet normal 0 0 1
    outer loop
      vertex 5.76858 3.57799 0.799999
      vertex 5.22815 3.36631 0.799999
      vertex 5.26649 3.27483 0.799999
    endloop
  endfacet
  facet normal 0 0 1
    outer loop
      vertex 5.72027 4.03712 0.799999
      vertex 5.13737 4.04857 0.799999
      vertex 5.71194 3.95379 0.799999
    endloop
  endfacet
  facet normal 0 0 1
    outer loop
      vertex 5.76548 3.58534 0.799999
      vertex 5.19595 3.46012 0.799999
      vertex 5.22815 3.36631 0.799999
    endloop
  endfacet
  facet normal 0 0 1
    outer loop
      vertex 5.71194 3.95379 0.799999
      vertex 5.13737 4.04857 0.799999
      vertex 5.71114 3.94586 0.799999
    endloop
  endfacet
  facet normal 0 0 1
    outer loop
      vertex 5.73845 3.67298 0.799999
      vertex 5.17001 3.55586 0.799999
      vertex 5.19595 3.46012 0.799999
    endloop
  endfacet
  facet normal -0 0 1
    outer loop
      vertex 5.13082 3.94959 0.799999
      vertex 5.71114 3.94586 0.799999
      vertex 5.13737 4.04857 0.799999
    endloop
  endfacet
  facet normal 0 0 1
    outer loop
      vertex 5.72027 3.76288 0.799999
      vertex 5.15046 3.65311 0.799999
      vertex 5.17001 3.55586 0.799999
    endloop
  endfacet
  facet normal 0 0 1
    outer loop
      vertex 5.71114 3.94586 0.799999
      vertex 5.13082 3.94959 0.799999
      vertex 5.71114 3.85414 0.799999
    endloop
  endfacet
  facet normal 0 0 1
    outer loop
      vertex 5.71948 3.77082 0.799999
      vertex 5.13737 3.75143 0.799999
      vertex 5.15046 3.65311 0.799999
    endloop
  endfacet
  facet normal 0 0 1
    outer loop
      vertex 5.13082 3.8504 0.799999
      vertex 5.71114 3.85414 0.799999
      vertex 5.13082 3.94959 0.799999
    endloop
  endfacet
  facet normal 0 0 1
    outer loop
      vertex 5.71114 3.85414 0.799999
      vertex 5.13082 3.8504 0.799999
      vertex 5.13737 3.75143 0.799999
    endloop
  endfacet
  facet normal -0.30902 -0.951056 0
    outer loop
      vertex 6.11956 2.48952 0
      vertex 6.21389 2.45887 0.799999
      vertex 6.11956 2.48952 0.799999
    endloop
  endfacet
  facet normal -0.30902 -0.951056 -0
    outer loop
      vertex 6.21389 2.45887 0.799999
      vertex 6.11956 2.48952 0
      vertex 6.21389 2.45887 0
    endloop
  endfacet
  facet normal -0.490395 -0.8715 0
    outer loop
      vertex 5.85155 2.61781 0
      vertex 5.93799 2.56917 0.799999
      vertex 5.85155 2.61781 0.799999
    endloop
  endfacet
  facet normal -0.490395 -0.8715 -0
    outer loop
      vertex 5.93799 2.56917 0.799999
      vertex 5.85155 2.61781 0
      vertex 5.93799 2.56917 0
    endloop
  endfacet
  facet normal -0.652624 -0.757682 0
    outer loop
      vertex 5.61408 2.79641 0
      vertex 5.68923 2.73168 0.799999
      vertex 5.61408 2.79641 0.799999
    endloop
  endfacet
  facet normal -0.652624 -0.757682 -0
    outer loop
      vertex 5.68923 2.73168 0.799999
      vertex 5.61408 2.79641 0
      vertex 5.68923 2.73168 0
    endloop
  endfacet
  facet normal -0.828043 -0.560665 0
    outer loop
      vertex 5.41647 3.01832 0
      vertex 5.36086 3.10045 0.799999
      vertex 5.36086 3.10045 0
    endloop
  endfacet
  facet normal -0.828043 -0.560665 0
    outer loop
      vertex 5.36086 3.10045 0.799999
      vertex 5.41647 3.01832 0
      vertex 5.41647 3.01832 0.799999
    endloop
  endfacet
  facet normal -0.997817 -0.0660372 0
    outer loop
      vertex 5.13737 3.75143 0
      vertex 5.13082 3.8504 0.799999
      vertex 5.13082 3.8504 0
    endloop
  endfacet
  facet normal -0.997817 -0.0660372 0
    outer loop
      vertex 5.13082 3.8504 0.799999
      vertex 5.13737 3.75143 0
      vertex 5.13737 3.75143 0.799999
    endloop
  endfacet
  facet normal -0.601032 -0.799225 0
    outer loop
      vertex 5.68923 2.73168 0
      vertex 5.76851 2.67206 0.799999
      vertex 5.68923 2.73168 0.799999
    endloop
  endfacet
  facet normal -0.601032 -0.799225 -0
    outer loop
      vertex 5.76851 2.67206 0.799999
      vertex 5.68923 2.73168 0
      vertex 5.76851 2.67206 0
    endloop
  endfacet
  facet normal -0.431784 -0.901977 0
    outer loop
      vertex 5.93799 2.56917 0
      vertex 6.02746 2.52634 0.799999
      vertex 5.93799 2.56917 0.799999
    endloop
  endfacet
  facet normal -0.431784 -0.901977 -0
    outer loop
      vertex 6.02746 2.52634 0.799999
      vertex 5.93799 2.56917 0
      vertex 6.02746 2.52634 0
    endloop
  endfacet
  facet normal -0.701236 -0.71293 0
    outer loop
      vertex 5.54336 2.86597 0
      vertex 5.61408 2.79641 0.799999
      vertex 5.54336 2.86597 0.799999
    endloop
  endfacet
  facet normal -0.701236 -0.71293 -0
    outer loop
      vertex 5.61408 2.79641 0.799999
      vertex 5.54336 2.86597 0
      vertex 5.61408 2.79641 0
    endloop
  endfacet
  facet normal -0.922276 -0.386533 0
    outer loop
      vertex 5.26649 3.27483 0
      vertex 5.22815 3.36631 0.799999
      vertex 5.22815 3.36631 0
    endloop
  endfacet
  facet normal -0.922276 -0.386533 0
    outer loop
      vertex 5.22815 3.36631 0.799999
      vertex 5.26649 3.27483 0
      vertex 5.26649 3.27483 0.799999
    endloop
  endfacet
  facet normal -0.991253 -0.131972 0
    outer loop
      vertex 5.15046 3.65311 0
      vertex 5.13737 3.75143 0.799999
      vertex 5.13737 3.75143 0
    endloop
  endfacet
  facet normal -0.991253 -0.131972 0
    outer loop
      vertex 5.13737 3.75143 0.799999
      vertex 5.15046 3.65311 0
      vertex 5.15046 3.65311 0.799999
    endloop
  endfacet
  facet normal -0.245558 -0.969382 0
    outer loop
      vertex 6.21389 2.45887 0
      vertex 6.275 2.44339 0.799999
      vertex 6.21389 2.45887 0.799999
    endloop
  endfacet
  facet normal -0.245558 -0.969382 -0
    outer loop
      vertex 6.275 2.44339 0.799999
      vertex 6.21389 2.45887 0
      vertex 6.275 2.44339 0
    endloop
  endfacet
  facet normal -0.371217 -0.928546 0
    outer loop
      vertex 6.02746 2.52634 0
      vertex 6.11956 2.48952 0.799999
      vertex 6.02746 2.52634 0.799999
    endloop
  endfacet
  facet normal -0.371217 -0.928546 -0
    outer loop
      vertex 6.11956 2.48952 0.799999
      vertex 6.02746 2.52634 0
      vertex 6.11956 2.48952 0
    endloop
  endfacet
  facet normal -0.0495002 0.998774 0
    outer loop
      vertex 3.8752 2.66979 0
      vertex 3.77613 2.66488 0.799999
      vertex 3.8752 2.66979 0.799999
    endloop
  endfacet
  facet normal -0.0495002 0.998774 0
    outer loop
      vertex 3.77613 2.66488 0.799999
      vertex 3.8752 2.66979 0
      vertex 3.77613 2.66488 0
    endloop
  endfacet
  facet normal 0.677316 0.735692 -0
    outer loop
      vertex 4.95185 2.23939 0
      vertex 4.87888 2.30657 0.799999
      vertex 4.95185 2.23939 0.799999
    endloop
  endfacet
  facet normal 0.677316 0.735692 0
    outer loop
      vertex 4.87888 2.30657 0.799999
      vertex 4.95185 2.23939 0
      vertex 4.87888 2.30657 0
    endloop
  endfacet
  facet normal -0.746853 0.664989 0
    outer loop
      vertex 2.7474 2.12995 0
      vertex 2.81336 2.20403 0.799999
      vertex 2.81336 2.20403 0
    endloop
  endfacet
  facet normal -0.746853 0.664989 0
    outer loop
      vertex 2.81336 2.20403 0.799999
      vertex 2.7474 2.12995 0
      vertex 2.7474 2.12995 0.799999
    endloop
  endfacet
  facet normal -0.431784 0.901977 0
    outer loop
      vertex 3.29746 2.54366 0
      vertex 3.20799 2.50083 0.799999
      vertex 3.29746 2.54366 0.799999
    endloop
  endfacet
  facet normal -0.431784 0.901977 0
    outer loop
      vertex 3.20799 2.50083 0.799999
      vertex 3.29746 2.54366 0
      vertex 3.20799 2.50083 0
    endloop
  endfacet
  facet normal 0.909001 0.416794 0
    outer loop
      vertex 5.28343 1.74975 0.799999
      vertex 5.24209 1.83991 0
      vertex 5.24209 1.83991 0.799999
    endloop
  endfacet
  facet normal 0.909001 0.416794 0
    outer loop
      vertex 5.24209 1.83991 0
      vertex 5.28343 1.74975 0.799999
      vertex 5.28343 1.74975 0
    endloop
  endfacet
  facet normal 0.340261 0.940331 -0
    outer loop
      vertex 4.4568 2.56283 0
      vertex 4.36353 2.59658 0.799999
      vertex 4.4568 2.56283 0.799999
    endloop
  endfacet
  facet normal 0.340261 0.940331 0
    outer loop
      vertex 4.36353 2.59658 0.799999
      vertex 4.4568 2.56283 0
      vertex 4.36353 2.59658 0
    endloop
  endfacet
  facet normal 0.518981 0.854786 -0
    outer loop
      vertex 4.72042 2.42575 0
      vertex 4.63563 2.47723 0.799999
      vertex 4.72042 2.42575 0.799999
    endloop
  endfacet
  facet normal 0.518981 0.854786 0
    outer loop
      vertex 4.63563 2.47723 0.799999
      vertex 4.72042 2.42575 0
      vertex 4.63563 2.47723 0
    endloop
  endfacet
  facet normal -0.922276 0.386533 0
    outer loop
      vertex 2.49815 1.70369 0
      vertex 2.53649 1.79517 0.799999
      vertex 2.53649 1.79517 0
    endloop
  endfacet
  facet normal -0.922276 0.386533 0
    outer loop
      vertex 2.53649 1.79517 0.799999
      vertex 2.49815 1.70369 0
      vertex 2.49815 1.70369 0.799999
    endloop
  endfacet
  facet normal -0.2455 0.969397 0
    outer loop
      vertex 3.58005 2.63548 0
      vertex 3.4839 2.61113 0.799999
      vertex 3.58005 2.63548 0.799999
    endloop
  endfacet
  facet normal -0.2455 0.969397 0
    outer loop
      vertex 3.4839 2.61113 0.799999
      vertex 3.58005 2.63548 0
      vertex 3.4839 2.61113 0
    endloop
  endfacet
  facet normal 0.973287 0.229593 0
    outer loop
      vertex 5.35659 1.525 0.799999
      vertex 5.34781 1.56222 0
      vertex 5.34781 1.56222 0.799999
    endloop
  endfacet
  facet normal 0.973287 0.229593 0
    outer loop
      vertex 5.34781 1.56222 0
      vertex 5.35659 1.525 0.799999
      vertex 5.35659 1.525 0
    endloop
  endfacet
  facet normal 0.956058 0.293179 0
    outer loop
      vertex 5.34781 1.56222 0.799999
      vertex 5.31873 1.65705 0
      vertex 5.31873 1.65705 0.799999
    endloop
  endfacet
  facet normal 0.956058 0.293179 0
    outer loop
      vertex 5.31873 1.65705 0
      vertex 5.34781 1.56222 0.799999
      vertex 5.34781 1.56222 0
    endloop
  endfacet
  facet normal 0.809041 0.587752 0
    outer loop
      vertex 5.14201 2.01107 0.799999
      vertex 5.08371 2.09132 0
      vertex 5.08371 2.09132 0.799999
    endloop
  endfacet
  facet normal 0.809041 0.587752 0
    outer loop
      vertex 5.08371 2.09132 0
      vertex 5.14201 2.01107 0.799999
      vertex 5.14201 2.01107 0
    endloop
  endfacet
  facet normal 0.768403 0.639966 0
    outer loop
      vertex 5.08371 2.09132 0.799999
      vertex 5.02023 2.16754 0
      vertex 5.02023 2.16754 0.799999
    endloop
  endfacet
  facet normal 0.768403 0.639966 0
    outer loop
      vertex 5.02023 2.16754 0
      vertex 5.08371 2.09132 0.799999
      vertex 5.08371 2.09132 0
    endloop
  endfacet
  facet normal 0.879482 0.475932 0
    outer loop
      vertex 5.24209 1.83991 0.799999
      vertex 5.19488 1.92715 0
      vertex 5.19488 1.92715 0.799999
    endloop
  endfacet
  facet normal 0.879482 0.475932 0
    outer loop
      vertex 5.19488 1.92715 0
      vertex 5.24209 1.83991 0.799999
      vertex 5.24209 1.83991 0
    endloop
  endfacet
  facet normal 0.148207 0.988956 -0
    outer loop
      vertex 4.17132 2.64526 0
      vertex 4.07323 2.65996 0.799999
      vertex 4.17132 2.64526 0.799999
    endloop
  endfacet
  facet normal 0.148207 0.988956 0
    outer loop
      vertex 4.07323 2.65996 0.799999
      vertex 4.17132 2.64526 0
      vertex 4.07323 2.65996 0
    endloop
  endfacet
  facet normal 0.277436 0.960744 -0
    outer loop
      vertex 4.36353 2.59658 0
      vertex 4.26823 2.6241 0.799999
      vertex 4.36353 2.59658 0.799999
    endloop
  endfacet
  facet normal 0.277436 0.960744 0
    outer loop
      vertex 4.26823 2.6241 0.799999
      vertex 4.36353 2.59658 0
      vertex 4.26823 2.6241 0
    endloop
  endfacet
  facet normal 0.0825616 0.996586 -0
    outer loop
      vertex 4.07323 2.65996 0
      vertex 3.97437 2.66815 0.799999
      vertex 4.07323 2.65996 0.799999
    endloop
  endfacet
  facet normal 0.0825616 0.996586 0
    outer loop
      vertex 3.97437 2.66815 0.799999
      vertex 4.07323 2.65996 0
      vertex 3.97437 2.66815 0
    endloop
  endfacet
  facet normal 0.574342 0.818616 -0
    outer loop
      vertex 4.80162 2.36878 0
      vertex 4.72042 2.42575 0.799999
      vertex 4.80162 2.36878 0.799999
    endloop
  endfacet
  facet normal 0.574342 0.818616 0
    outer loop
      vertex 4.72042 2.42575 0.799999
      vertex 4.80162 2.36878 0
      vertex 4.72042 2.42575 0
    endloop
  endfacet
  facet normal -0.863256 0.504767 0
    outer loop
      vertex 2.58079 1.88392 0
      vertex 2.63086 1.96955 0.799999
      vertex 2.63086 1.96955 0
    endloop
  endfacet
  facet normal -0.863256 0.504767 0
    outer loop
      vertex 2.63086 1.96955 0.799999
      vertex 2.58079 1.88392 0
      vertex 2.58079 1.88392 0.799999
    endloop
  endfacet
  facet normal -0.789092 0.614276 0
    outer loop
      vertex 2.68647 2.05168 0
      vertex 2.7474 2.12995 0.799999
      vertex 2.7474 2.12995 0
    endloop
  endfacet
  facet normal -0.789092 0.614276 0
    outer loop
      vertex 2.7474 2.12995 0.799999
      vertex 2.68647 2.05168 0
      vertex 2.68647 2.05168 0.799999
    endloop
  endfacet
  facet normal -0.894729 0.446609 0
    outer loop
      vertex 2.53649 1.79517 0
      vertex 2.58079 1.88392 0.799999
      vertex 2.58079 1.88392 0
    endloop
  endfacet
  facet normal -0.894729 0.446609 0
    outer loop
      vertex 2.58079 1.88392 0.799999
      vertex 2.53649 1.79517 0
      vertex 2.53649 1.79517 0.799999
    endloop
  endfacet
  facet normal -0.60108 0.799189 0
    outer loop
      vertex 3.03851 2.39794 0
      vertex 2.95924 2.33832 0.799999
      vertex 3.03851 2.39794 0.799999
    endloop
  endfacet
  facet normal -0.60108 0.799189 0
    outer loop
      vertex 2.95924 2.33832 0.799999
      vertex 3.03851 2.39794 0
      vertex 2.95924 2.33832 0
    endloop
  endfacet
  facet normal -0.652575 0.757724 0
    outer loop
      vertex 2.95924 2.33832 0
      vertex 2.88408 2.27359 0.799999
      vertex 2.95924 2.33832 0.799999
    endloop
  endfacet
  facet normal -0.652575 0.757724 0
    outer loop
      vertex 2.88408 2.27359 0.799999
      vertex 2.95924 2.33832 0
      vertex 2.88408 2.27359 0
    endloop
  endfacet
  facet normal -0.30899 0.951065 0
    outer loop
      vertex 3.4839 2.61113 0
      vertex 3.38956 2.58048 0.799999
      vertex 3.4839 2.61113 0.799999
    endloop
  endfacet
  facet normal -0.30899 0.951065 0
    outer loop
      vertex 3.38956 2.58048 0.799999
      vertex 3.4839 2.61113 0
      vertex 3.38956 2.58048 0
    endloop
  endfacet
  facet normal -0.115531 0.993304 0
    outer loop
      vertex 3.77613 2.66488 0
      vertex 3.6776 2.65342 0.799999
      vertex 3.77613 2.66488 0.799999
    endloop
  endfacet
  facet normal -0.115531 0.993304 0
    outer loop
      vertex 3.6776 2.65342 0.799999
      vertex 3.77613 2.66488 0
      vertex 3.6776 2.65342 0
    endloop
  endfacet
  facet normal 0.934536 0.35587 0
    outer loop
      vertex 5.31873 1.65705 0.799999
      vertex 5.28343 1.74975 0
      vertex 5.28343 1.74975 0.799999
    endloop
  endfacet
  facet normal 0.934536 0.35587 0
    outer loop
      vertex 5.28343 1.74975 0
      vertex 5.31873 1.65705 0.799999
      vertex 5.31873 1.65705 0
    endloop
  endfacet
  facet normal 0.724382 0.689398 0
    outer loop
      vertex 5.02023 2.16754 0.799999
      vertex 4.95185 2.23939 0
      vertex 4.95185 2.23939 0.799999
    endloop
  endfacet
  facet normal 0.724382 0.689398 0
    outer loop
      vertex 4.95185 2.23939 0
      vertex 5.02023 2.16754 0.799999
      vertex 5.02023 2.16754 0
    endloop
  endfacet
  facet normal 0.84609 0.533041 0
    outer loop
      vertex 5.19488 1.92715 0.799999
      vertex 5.14201 2.01107 0
      vertex 5.14201 2.01107 0.799999
    endloop
  endfacet
  facet normal 0.84609 0.533041 0
    outer loop
      vertex 5.14201 2.01107 0
      vertex 5.19488 1.92715 0.799999
      vertex 5.19488 1.92715 0
    endloop
  endfacet
  facet normal 0.213321 0.976982 -0
    outer loop
      vertex 4.26823 2.6241 0
      vertex 4.17132 2.64526 0.799999
      vertex 4.26823 2.6241 0.799999
    endloop
  endfacet
  facet normal 0.213321 0.976982 0
    outer loop
      vertex 4.17132 2.64526 0.799999
      vertex 4.26823 2.6241 0
      vertex 4.17132 2.64526 0
    endloop
  endfacet
  facet normal 0.016535 0.999863 -0
    outer loop
      vertex 3.97437 2.66815 0
      vertex 3.8752 2.66979 0.799999
      vertex 3.97437 2.66815 0.799999
    endloop
  endfacet
  facet normal 0.016535 0.999863 0
    outer loop
      vertex 3.8752 2.66979 0.799999
      vertex 3.97437 2.66815 0
      vertex 3.8752 2.66979 0
    endloop
  endfacet
  facet normal 0.461353 0.887217 -0
    outer loop
      vertex 4.63563 2.47723 0
      vertex 4.54763 2.52299 0.799999
      vertex 4.63563 2.47723 0.799999
    endloop
  endfacet
  facet normal 0.461353 0.887217 0
    outer loop
      vertex 4.54763 2.52299 0.799999
      vertex 4.63563 2.47723 0
      vertex 4.54763 2.52299 0
    endloop
  endfacet
  facet normal 0.401681 0.91578 -0
    outer loop
      vertex 4.54763 2.52299 0
      vertex 4.4568 2.56283 0.799999
      vertex 4.54763 2.52299 0.799999
    endloop
  endfacet
  facet normal 0.401681 0.91578 0
    outer loop
      vertex 4.4568 2.56283 0.799999
      vertex 4.54763 2.52299 0
      vertex 4.4568 2.56283 0
    endloop
  endfacet
  facet normal 0.627163 0.778888 -0
    outer loop
      vertex 4.87888 2.30657 0
      vertex 4.80162 2.36878 0.799999
      vertex 4.87888 2.30657 0.799999
    endloop
  endfacet
  facet normal 0.627163 0.778888 0
    outer loop
      vertex 4.80162 2.36878 0.799999
      vertex 4.87888 2.30657 0
      vertex 4.80162 2.36878 0
    endloop
  endfacet
  facet normal -0.828043 0.560665 0
    outer loop
      vertex 2.63086 1.96955 0
      vertex 2.68647 2.05168 0.799999
      vertex 2.68647 2.05168 0
    endloop
  endfacet
  facet normal -0.828043 0.560665 0
    outer loop
      vertex 2.68647 2.05168 0.799999
      vertex 2.63086 1.96955 0
      vertex 2.63086 1.96955 0.799999
    endloop
  endfacet
  facet normal -0.965185 0.261568 0
    outer loop
      vertex 2.44295 1.525 0
      vertex 2.46595 1.60987 0.799999
      vertex 2.46595 1.60987 0
    endloop
  endfacet
  facet normal -0.965185 0.261568 0
    outer loop
      vertex 2.46595 1.60987 0.799999
      vertex 2.44295 1.525 0
      vertex 2.44295 1.525 0.799999
    endloop
  endfacet
  facet normal -0.945843 0.324623 0
    outer loop
      vertex 2.46595 1.60987 0
      vertex 2.49815 1.70369 0.799999
      vertex 2.49815 1.70369 0
    endloop
  endfacet
  facet normal -0.945843 0.324623 0
    outer loop
      vertex 2.49815 1.70369 0.799999
      vertex 2.46595 1.60987 0
      vertex 2.46595 1.60987 0.799999
    endloop
  endfacet
  facet normal 0 0 1
    outer loop
      vertex 4.74862 1.525 0.799999
      vertex 5.34781 1.56222 0.799999
      vertex 5.31873 1.65705 0.799999
    endloop
  endfacet
  facet normal 0 0 1
    outer loop
      vertex 4.74862 1.525 0.799999
      vertex 5.31873 1.65705 0.799999
      vertex 5.28343 1.74975 0.799999
    endloop
  endfacet
  facet normal 0 0 1
    outer loop
      vertex 4.74776 1.52736 0.799999
      vertex 5.28343 1.74975 0.799999
      vertex 5.24209 1.83991 0.799999
    endloop
  endfacet
  facet normal 0 0 1
    outer loop
      vertex 4.70796 1.60999 0.799999
      vertex 5.24209 1.83991 0.799999
      vertex 5.19488 1.92715 0.799999
    endloop
  endfacet
  facet normal 0 0 1
    outer loop
      vertex 4.66014 1.68825 0.799999
      vertex 5.19488 1.92715 0.799999
      vertex 5.14201 2.01107 0.799999
    endloop
  endfacet
  facet normal 0 0 1
    outer loop
      vertex 4.66014 1.68825 0.799999
      vertex 5.14201 2.01107 0.799999
      vertex 5.08371 2.09132 0.799999
    endloop
  endfacet
  facet normal 0 0 1
    outer loop
      vertex 4.60476 1.76136 0.799999
      vertex 5.08371 2.09132 0.799999
      vertex 5.02023 2.16754 0.799999
    endloop
  endfacet
  facet normal 0 0 1
    outer loop
      vertex 4.54238 1.8286 0.799999
      vertex 5.02023 2.16754 0.799999
      vertex 4.95185 2.23939 0.799999
    endloop
  endfacet
  facet normal 0 0 1
    outer loop
      vertex 4.54238 1.8286 0.799999
      vertex 4.95185 2.23939 0.799999
      vertex 4.87888 2.30657 0.799999
    endloop
  endfacet
  facet normal 0 0 1
    outer loop
      vertex 4.47361 1.88928 0.799999
      vertex 4.87888 2.30657 0.799999
      vertex 4.80162 2.36878 0.799999
    endloop
  endfacet
  facet normal 0 0 1
    outer loop
      vertex 5.19488 1.92715 0.799999
      vertex 4.66014 1.68825 0.799999
      vertex 4.70796 1.60999 0.799999
    endloop
  endfacet
  facet normal 0 0 1
    outer loop
      vertex 5.34781 1.56222 0.799999
      vertex 4.74862 1.525 0.799999
      vertex 5.35659 1.525 0.799999
    endloop
  endfacet
  facet normal 0 0 1
    outer loop
      vertex 4.39914 1.94282 0.799999
      vertex 4.80162 2.36878 0.799999
      vertex 4.72042 2.42575 0.799999
    endloop
  endfacet
  facet normal 0 0 1
    outer loop
      vertex 5.28343 1.74975 0.799999
      vertex 4.74776 1.52736 0.799999
      vertex 4.74862 1.525 0.799999
    endloop
  endfacet
  facet normal 0 0 1
    outer loop
      vertex 5.24209 1.83991 0.799999
      vertex 4.70796 1.60999 0.799999
      vertex 4.74776 1.52736 0.799999
    endloop
  endfacet
  facet normal 0 0 1
    outer loop
      vertex 4.39224 1.94681 0.799999
      vertex 4.72042 2.42575 0.799999
      vertex 4.63563 2.47723 0.799999
    endloop
  endfacet
  facet normal 0 0 1
    outer loop
      vertex 5.08371 2.09132 0.799999
      vertex 4.60476 1.76136 0.799999
      vertex 4.66014 1.68825 0.799999
    endloop
  endfacet
  facet normal 0 0 1
    outer loop
      vertex 5.02023 2.16754 0.799999
      vertex 4.59934 1.76721 0.799999
      vertex 4.60476 1.76136 0.799999
    endloop
  endfacet
  facet normal 0 0 1
    outer loop
      vertex 4.31971 1.98868 0.799999
      vertex 4.63563 2.47723 0.799999
      vertex 4.54763 2.52299 0.799999
    endloop
  endfacet
  facet normal 0 0 1
    outer loop
      vertex 5.02023 2.16754 0.799999
      vertex 4.54238 1.8286 0.799999
      vertex 4.59934 1.76721 0.799999
    endloop
  endfacet
  facet normal 0 0 1
    outer loop
      vertex 4.87888 2.30657 0.799999
      vertex 4.47959 1.88401 0.799999
      vertex 4.54238 1.8286 0.799999
    endloop
  endfacet
  facet normal 0 0 1
    outer loop
      vertex 4.87888 2.30657 0.799999
      vertex 4.47361 1.88928 0.799999
      vertex 4.47959 1.88401 0.799999
    endloop
  endfacet
  facet normal 0 0 1
    outer loop
      vertex 4.80162 2.36878 0.799999
      vertex 4.46713 1.89394 0.799999
      vertex 4.47361 1.88928 0.799999
    endloop
  endfacet
  facet normal 0 0 1
    outer loop
      vertex 4.24338 2.02312 0.799999
      vertex 4.54763 2.52299 0.799999
      vertex 4.4568 2.56283 0.799999
    endloop
  endfacet
  facet normal 0 0 1
    outer loop
      vertex 4.80162 2.36878 0.799999
      vertex 4.39914 1.94282 0.799999
      vertex 4.46713 1.89394 0.799999
    endloop
  endfacet
  facet normal 0 0 1
    outer loop
      vertex 4.72042 2.42575 0.799999
      vertex 4.39224 1.94681 0.799999
      vertex 4.39914 1.94282 0.799999
    endloop
  endfacet
  facet normal 0 0 1
    outer loop
      vertex 4.22855 2.02894 0.799999
      vertex 4.4568 2.56283 0.799999
      vertex 4.36353 2.59658 0.799999
    endloop
  endfacet
  facet normal 0 0 1
    outer loop
      vertex 4.63563 2.47723 0.799999
      vertex 4.31971 1.98868 0.799999
      vertex 4.39224 1.94681 0.799999
    endloop
  endfacet
  facet normal 0 0 1
    outer loop
      vertex 4.14917 2.05561 0.799999
      vertex 4.36353 2.59658 0.799999
      vertex 4.26823 2.6241 0.799999
    endloop
  endfacet
  facet normal 0 0 1
    outer loop
      vertex 4.54763 2.52299 0.799999
      vertex 4.24338 2.02312 0.799999
      vertex 4.31971 1.98868 0.799999
    endloop
  endfacet
  facet normal 0 0 1
    outer loop
      vertex 4.4568 2.56283 0.799999
      vertex 4.23611 2.0264 0.799999
      vertex 4.24338 2.02312 0.799999
    endloop
  endfacet
  facet normal 0 0 1
    outer loop
      vertex 4.4568 2.56283 0.799999
      vertex 4.22855 2.02894 0.799999
      vertex 4.23611 2.0264 0.799999
    endloop
  endfacet
  facet normal 0 0 1
    outer loop
      vertex 4.06753 2.07425 0.799999
      vertex 4.26823 2.6241 0.799999
      vertex 4.17132 2.64526 0.799999
    endloop
  endfacet
  facet normal 0 0 1
    outer loop
      vertex 4.36353 2.59658 0.799999
      vertex 4.14917 2.05561 0.799999
      vertex 4.22855 2.02894 0.799999
    endloop
  endfacet
  facet normal 0 0 1
    outer loop
      vertex 4.05976 2.07602 0.799999
      vertex 4.17132 2.64526 0.799999
      vertex 4.07323 2.65996 0.799999
    endloop
  endfacet
  facet normal 0 0 1
    outer loop
      vertex 4.26823 2.6241 0.799999
      vertex 4.06753 2.07425 0.799999
      vertex 4.14917 2.05561 0.799999
    endloop
  endfacet
  facet normal 0 0 1
    outer loop
      vertex 4.17132 2.64526 0.799999
      vertex 4.05976 2.07602 0.799999
      vertex 4.06753 2.07425 0.799999
    endloop
  endfacet
  facet normal 0 0 1
    outer loop
      vertex 4.07323 2.65996 0.799999
      vertex 3.97666 2.08644 0.799999
      vertex 4.05976 2.07602 0.799999
    endloop
  endfacet
  facet normal 0 0 1
    outer loop
      vertex 3.96875 2.08743 0.799999
      vertex 4.07323 2.65996 0.799999
      vertex 3.97437 2.66815 0.799999
    endloop
  endfacet
  facet normal 0 0 1
    outer loop
      vertex 4.07323 2.65996 0.799999
      vertex 3.96875 2.08743 0.799999
      vertex 3.97666 2.08644 0.799999
    endloop
  endfacet
  facet normal 0 0 1
    outer loop
      vertex 3.97437 2.66815 0.799999
      vertex 3.88504 2.08952 0.799999
      vertex 3.96875 2.08743 0.799999
    endloop
  endfacet
  facet normal 0 0 1
    outer loop
      vertex 3.8752 2.66979 0.799999
      vertex 3.88504 2.08952 0.799999
      vertex 3.97437 2.66815 0.799999
    endloop
  endfacet
  facet normal 0 0 1
    outer loop
      vertex 3.88504 2.08952 0.799999
      vertex 3.8752 2.66979 0.799999
      vertex 3.87706 2.08971 0.799999
    endloop
  endfacet
  facet normal 0 0 1
    outer loop
      vertex 3.8752 2.66979 0.799999
      vertex 3.86911 2.08912 0.799999
      vertex 3.87706 2.08971 0.799999
    endloop
  endfacet
  facet normal -0 0 1
    outer loop
      vertex 3.77613 2.66488 0.799999
      vertex 3.86911 2.08912 0.799999
      vertex 3.8752 2.66979 0.799999
    endloop
  endfacet
  facet normal 0 0 1
    outer loop
      vertex 3.86911 2.08912 0.799999
      vertex 3.77613 2.66488 0.799999
      vertex 3.7856 2.08286 0.799999
    endloop
  endfacet
  facet normal -0 0 1
    outer loop
      vertex 3.6776 2.65342 0.799999
      vertex 3.7856 2.08286 0.799999
      vertex 3.77613 2.66488 0.799999
    endloop
  endfacet
  facet normal 0 0 1
    outer loop
      vertex 3.7856 2.08286 0.799999
      vertex 3.6776 2.65342 0.799999
      vertex 3.70313 2.06832 0.799999
    endloop
  endfacet
  facet normal -0 0 1
    outer loop
      vertex 3.58005 2.63548 0.799999
      vertex 3.70313 2.06832 0.799999
      vertex 3.6776 2.65342 0.799999
    endloop
  endfacet
  facet normal 0 0 1
    outer loop
      vertex 3.70313 2.06832 0.799999
      vertex 3.58005 2.63548 0.799999
      vertex 3.69528 2.06693 0.799999
    endloop
  endfacet
  facet normal -0 0 1
    outer loop
      vertex 3.4839 2.61113 0.799999
      vertex 3.69528 2.06693 0.799999
      vertex 3.58005 2.63548 0.799999
    endloop
  endfacet
  facet normal 0 0 1
    outer loop
      vertex 3.69528 2.06693 0.799999
      vertex 3.4839 2.61113 0.799999
      vertex 3.60699 2.04209 0.799999
    endloop
  endfacet
  facet normal -0 0 1
    outer loop
      vertex 3.38956 2.58048 0.799999
      vertex 3.60699 2.04209 0.799999
      vertex 3.4839 2.61113 0.799999
    endloop
  endfacet
  facet normal 0 0 1
    outer loop
      vertex 3.60699 2.04209 0.799999
      vertex 3.38956 2.58048 0.799999
      vertex 3.52162 2.00859 0.799999
    endloop
  endfacet
  facet normal -0 0 1
    outer loop
      vertex 3.29746 2.54366 0.799999
      vertex 3.52162 2.00859 0.799999
      vertex 3.38956 2.58048 0.799999
    endloop
  endfacet
  facet normal -0 0 1
    outer loop
      vertex 3.20799 2.50083 0.799999
      vertex 3.52162 2.00859 0.799999
      vertex 3.29746 2.54366 0.799999
    endloop
  endfacet
  facet normal 0 0 1
    outer loop
      vertex 3.52162 2.00859 0.799999
      vertex 3.20799 2.50083 0.799999
      vertex 3.44 1.96674 0.799999
    endloop
  endfacet
  facet normal -0 0 1
    outer loop
      vertex 3.12154 2.45219 0.799999
      vertex 3.44 1.96674 0.799999
      vertex 3.20799 2.50083 0.799999
    endloop
  endfacet
  facet normal 0 0 1
    outer loop
      vertex 3.44 1.96674 0.799999
      vertex 3.12154 2.45219 0.799999
      vertex 3.4333 1.96242 0.799999
    endloop
  endfacet
  facet normal 0 0 1
    outer loop
      vertex 3.4333 1.96242 0.799999
      vertex 3.12154 2.45219 0.799999
      vertex 3.36296 1.91698 0.799999
    endloop
  endfacet
  facet normal -0 0 1
    outer loop
      vertex 3.03851 2.39794 0.799999
      vertex 3.36296 1.91698 0.799999
      vertex 3.12154 2.45219 0.799999
    endloop
  endfacet
  facet normal -0 0 1
    outer loop
      vertex 2.95924 2.33832 0.799999
      vertex 3.36296 1.91698 0.799999
      vertex 3.03851 2.39794 0.799999
    endloop
  endfacet
  facet normal 0 0 1
    outer loop
      vertex 3.36296 1.91698 0.799999
      vertex 2.95924 2.33832 0.799999
      vertex 3.29125 1.8598 0.799999
    endloop
  endfacet
  facet normal -0 0 1
    outer loop
      vertex 2.88408 2.27359 0.799999
      vertex 3.29125 1.8598 0.799999
      vertex 2.95924 2.33832 0.799999
    endloop
  endfacet
  facet normal 0 0 1
    outer loop
      vertex 3.29125 1.8598 0.799999
      vertex 2.88408 2.27359 0.799999
      vertex 3.2313 1.80133 0.799999
    endloop
  endfacet
  facet normal -0 0 1
    outer loop
      vertex 2.81336 2.20403 0.799999
      vertex 3.2313 1.80133 0.799999
      vertex 2.88408 2.27359 0.799999
    endloop
  endfacet
  facet normal 0 0 1
    outer loop
      vertex 3.2313 1.80133 0.799999
      vertex 2.81336 2.20403 0.799999
      vertex 3.22559 1.79576 0.799999
    endloop
  endfacet
  facet normal 0 0 1
    outer loop
      vertex 3.22559 1.79576 0.799999
      vertex 2.81336 2.20403 0.799999
      vertex 3.22047 1.78965 0.799999
    endloop
  endfacet
  facet normal -0 0 1
    outer loop
      vertex 2.7474 2.12995 0.799999
      vertex 3.22047 1.78965 0.799999
      vertex 2.81336 2.20403 0.799999
    endloop
  endfacet
  facet normal 0 0 1
    outer loop
      vertex 3.22047 1.78965 0.799999
      vertex 2.7474 2.12995 0.799999
      vertex 3.16664 1.7255 0.799999
    endloop
  endfacet
  facet normal -0 0 1
    outer loop
      vertex 2.68647 2.05168 0.799999
      vertex 3.16664 1.7255 0.799999
      vertex 2.7474 2.12995 0.799999
    endloop
  endfacet
  facet normal 0 0 1
    outer loop
      vertex 3.16664 1.7255 0.799999
      vertex 2.68647 2.05168 0.799999
      vertex 3.11497 1.64972 0.799999
    endloop
  endfacet
  facet normal -0 0 1
    outer loop
      vertex 2.63086 1.96955 0.799999
      vertex 3.11497 1.64972 0.799999
      vertex 2.68647 2.05168 0.799999
    endloop
  endfacet
  facet normal -0 0 1
    outer loop
      vertex 2.58079 1.88392 0.799999
      vertex 3.11497 1.64972 0.799999
      vertex 2.63086 1.96955 0.799999
    endloop
  endfacet
  facet normal 0 0 1
    outer loop
      vertex 3.11497 1.64972 0.799999
      vertex 2.58079 1.88392 0.799999
      vertex 3.07492 1.57618 0.799999
    endloop
  endfacet
  facet normal 0 0 1
    outer loop
      vertex 3.07492 1.57618 0.799999
      vertex 2.58079 1.88392 0.799999
      vertex 3.07111 1.56917 0.799999
    endloop
  endfacet
  facet normal -0 0 1
    outer loop
      vertex 2.53649 1.79517 0.799999
      vertex 3.07111 1.56917 0.799999
      vertex 2.58079 1.88392 0.799999
    endloop
  endfacet
  facet normal 0 0 1
    outer loop
      vertex 3.07111 1.56917 0.799999
      vertex 2.53649 1.79517 0.799999
      vertex 3.06801 1.56182 0.799999
    endloop
  endfacet
  facet normal 0 0 1
    outer loop
      vertex 3.06801 1.56182 0.799999
      vertex 2.53649 1.79517 0.799999
      vertex 3.05249 1.525 0.799999
    endloop
  endfacet
  facet normal -0 0 1
    outer loop
      vertex 2.49815 1.70369 0.799999
      vertex 3.05249 1.525 0.799999
      vertex 2.53649 1.79517 0.799999
    endloop
  endfacet
  facet normal -0 0 1
    outer loop
      vertex 2.46595 1.60987 0.799999
      vertex 3.05249 1.525 0.799999
      vertex 2.49815 1.70369 0.799999
    endloop
  endfacet
  facet normal 0 0 1
    outer loop
      vertex 3.05249 1.525 0.799999
      vertex 2.46595 1.60987 0.799999
      vertex 2.44295 1.525 0.799999
    endloop
  endfacet
  facet normal -0.546975 0.837149 0
    outer loop
      vertex 3.12154 2.45219 0
      vertex 3.03851 2.39794 0.799999
      vertex 3.12154 2.45219 0.799999
    endloop
  endfacet
  facet normal -0.546975 0.837149 0
    outer loop
      vertex 3.03851 2.39794 0.799999
      vertex 3.12154 2.45219 0
      vertex 3.03851 2.39794 0
    endloop
  endfacet
  facet normal -0.490352 0.871524 0
    outer loop
      vertex 3.20799 2.50083 0
      vertex 3.12154 2.45219 0.799999
      vertex 3.20799 2.50083 0.799999
    endloop
  endfacet
  facet normal -0.490352 0.871524 0
    outer loop
      vertex 3.12154 2.45219 0.799999
      vertex 3.20799 2.50083 0
      vertex 3.12154 2.45219 0
    endloop
  endfacet
  facet normal -0.701236 0.71293 0
    outer loop
      vertex 2.88408 2.27359 0
      vertex 2.81336 2.20403 0.799999
      vertex 2.88408 2.27359 0.799999
    endloop
  endfacet
  facet normal -0.701236 0.71293 0
    outer loop
      vertex 2.81336 2.20403 0.799999
      vertex 2.88408 2.27359 0
      vertex 2.81336 2.20403 0
    endloop
  endfacet
  facet normal -0.371217 0.928546 0
    outer loop
      vertex 3.38956 2.58048 0
      vertex 3.29746 2.54366 0.799999
      vertex 3.38956 2.58048 0.799999
    endloop
  endfacet
  facet normal -0.371217 0.928546 0
    outer loop
      vertex 3.29746 2.54366 0.799999
      vertex 3.38956 2.58048 0
      vertex 3.29746 2.54366 0
    endloop
  endfacet
  facet normal -0.180872 0.983507 0
    outer loop
      vertex 3.6776 2.65342 0
      vertex 3.58005 2.63548 0.799999
      vertex 3.6776 2.65342 0.799999
    endloop
  endfacet
  facet normal -0.180872 0.983507 0
    outer loop
      vertex 3.58005 2.63548 0.799999
      vertex 3.6776 2.65342 0
      vertex 3.58005 2.63548 0
    endloop
  endfacet
  facet normal 0.401681 -0.91578 0
    outer loop
      vertex 4.4568 5.23717 0
      vertex 4.54763 5.27701 0.799999
      vertex 4.4568 5.23717 0.799999
    endloop
  endfacet
  facet normal 0.401681 -0.91578 0
    outer loop
      vertex 4.54763 5.27701 0.799999
      vertex 4.4568 5.23717 0
      vertex 4.54763 5.27701 0
    endloop
  endfacet
  facet normal 0.461353 -0.887217 0
    outer loop
      vertex 4.54763 5.27701 0
      vertex 4.63563 5.32277 0.799999
      vertex 4.54763 5.27701 0.799999
    endloop
  endfacet
  facet normal 0.461353 -0.887217 0
    outer loop
      vertex 4.63563 5.32277 0.799999
      vertex 4.54763 5.27701 0
      vertex 4.63563 5.32277 0
    endloop
  endfacet
  facet normal -0.965193 -0.261539 0
    outer loop
      vertex 2.46595 6.19012 0
      vertex 2.44295 6.275 0.799999
      vertex 2.44295 6.275 0
    endloop
  endfacet
  facet normal -0.965193 -0.261539 0
    outer loop
      vertex 2.44295 6.275 0.799999
      vertex 2.46595 6.19012 0
      vertex 2.46595 6.19012 0.799999
    endloop
  endfacet
  facet normal 0.956058 -0.293179 0
    outer loop
      vertex 5.31873 6.14295 0.799999
      vertex 5.34781 6.23778 0
      vertex 5.34781 6.23778 0.799999
    endloop
  endfacet
  facet normal 0.956058 -0.293179 0
    outer loop
      vertex 5.34781 6.23778 0
      vertex 5.31873 6.14295 0.799999
      vertex 5.31873 6.14295 0
    endloop
  endfacet
  facet normal 0.879482 -0.475932 0
    outer loop
      vertex 5.19488 5.87285 0.799999
      vertex 5.24209 5.96009 0
      vertex 5.24209 5.96009 0.799999
    endloop
  endfacet
  facet normal 0.879482 -0.475932 0
    outer loop
      vertex 5.24209 5.96009 0
      vertex 5.19488 5.87285 0.799999
      vertex 5.19488 5.87285 0
    endloop
  endfacet
  facet normal 0.016535 -0.999863 0
    outer loop
      vertex 3.8752 5.1302 0
      vertex 3.97437 5.13184 0.799999
      vertex 3.8752 5.1302 0.799999
    endloop
  endfacet
  facet normal 0.016535 -0.999863 0
    outer loop
      vertex 3.97437 5.13184 0.799999
      vertex 3.8752 5.1302 0
      vertex 3.97437 5.13184 0
    endloop
  endfacet
  facet normal -0.922276 -0.386533 0
    outer loop
      vertex 2.53649 6.00483 0
      vertex 2.49815 6.09631 0.799999
      vertex 2.49815 6.09631 0
    endloop
  endfacet
  facet normal -0.922276 -0.386533 0
    outer loop
      vertex 2.49815 6.09631 0.799999
      vertex 2.53649 6.00483 0
      vertex 2.53649 6.00483 0.799999
    endloop
  endfacet
  facet normal 0.0826617 -0.996578 0
    outer loop
      vertex 3.97437 5.13184 0
      vertex 4.07323 5.14004 0.799999
      vertex 3.97437 5.13184 0.799999
    endloop
  endfacet
  facet normal 0.0826617 -0.996578 0
    outer loop
      vertex 4.07323 5.14004 0.799999
      vertex 3.97437 5.13184 0
      vertex 4.07323 5.14004 0
    endloop
  endfacet
  facet normal 0.148207 -0.988956 0
    outer loop
      vertex 4.07323 5.14004 0
      vertex 4.17132 5.15474 0.799999
      vertex 4.07323 5.14004 0.799999
    endloop
  endfacet
  facet normal 0.148207 -0.988956 0
    outer loop
      vertex 4.17132 5.15474 0.799999
      vertex 4.07323 5.14004 0
      vertex 4.17132 5.15474 0
    endloop
  endfacet
  facet normal -0 0 1
    outer loop
      vertex 4.74862 6.275 0.799999
      vertex 5.34781 6.23778 0.799999
      vertex 5.35659 6.275 0.799999
    endloop
  endfacet
  facet normal 0 0 1
    outer loop
      vertex 5.34781 6.23778 0.799999
      vertex 4.74862 6.275 0.799999
      vertex 5.31873 6.14295 0.799999
    endloop
  endfacet
  facet normal 0 0 1
    outer loop
      vertex 5.31873 6.14295 0.799999
      vertex 4.74862 6.275 0.799999
      vertex 5.28343 6.05025 0.799999
    endloop
  endfacet
  facet normal -0 0 1
    outer loop
      vertex 4.74776 6.27264 0.799999
      vertex 5.28343 6.05025 0.799999
      vertex 4.74862 6.275 0.799999
    endloop
  endfacet
  facet normal -0 0 1
    outer loop
      vertex 4.70796 6.19001 0.799999
      vertex 5.24209 5.96009 0.799999
      vertex 4.74776 6.27264 0.799999
    endloop
  endfacet
  facet normal 0 0 1
    outer loop
      vertex 5.24209 5.96009 0.799999
      vertex 4.70796 6.19001 0.799999
      vertex 5.19488 5.87285 0.799999
    endloop
  endfacet
  facet normal -0 0 1
    outer loop
      vertex 4.66014 6.11174 0.799999
      vertex 5.19488 5.87285 0.799999
      vertex 4.7038 6.1832 0.799999
    endloop
  endfacet
  facet normal 0 0 1
    outer loop
      vertex 5.19488 5.87285 0.799999
      vertex 4.66014 6.11174 0.799999
      vertex 5.14201 5.78893 0.799999
    endloop
  endfacet
  facet normal -0 0 1
    outer loop
      vertex 4.60958 6.04499 0.799999
      vertex 5.08371 5.70868 0.799999
      vertex 4.66014 6.11174 0.799999
    endloop
  endfacet
  facet normal 0 0 1
    outer loop
      vertex 5.08371 5.70868 0.799999
      vertex 4.60476 6.03864 0.799999
      vertex 5.02023 5.63246 0.799999
    endloop
  endfacet
  facet normal 0 0 1
    outer loop
      vertex 5.28343 6.05025 0.799999
      vertex 4.74776 6.27264 0.799999
      vertex 5.24209 5.96009 0.799999
    endloop
  endfacet
  facet normal -0 0 1
    outer loop
      vertex 4.7038 6.1832 0.799999
      vertex 5.19488 5.87285 0.799999
      vertex 4.70796 6.19001 0.799999
    endloop
  endfacet
  facet normal 0 0 1
    outer loop
      vertex 5.14201 5.78893 0.799999
      vertex 4.66014 6.11174 0.799999
      vertex 5.08371 5.70868 0.799999
    endloop
  endfacet
  facet normal -0 0 1
    outer loop
      vertex 4.60476 6.03864 0.799999
      vertex 5.08371 5.70868 0.799999
      vertex 4.60958 6.04499 0.799999
    endloop
  endfacet
  facet normal -0 0 1
    outer loop
      vertex 4.59934 6.03279 0.799999
      vertex 5.02023 5.63246 0.799999
      vertex 4.60476 6.03864 0.799999
    endloop
  endfacet
  facet normal -0 0 1
    outer loop
      vertex 4.54238 5.9714 0.799999
      vertex 5.02023 5.63246 0.799999
      vertex 4.59934 6.03279 0.799999
    endloop
  endfacet
  facet normal 0 0 1
    outer loop
      vertex 5.02023 5.63246 0.799999
      vertex 4.54238 5.9714 0.799999
      vertex 4.95185 5.56061 0.799999
    endloop
  endfacet
  facet normal 0 0 1
    outer loop
      vertex 4.95185 5.56061 0.799999
      vertex 4.54238 5.9714 0.799999
      vertex 4.87888 5.49343 0.799999
    endloop
  endfacet
  facet normal -0 0 1
    outer loop
      vertex 4.47959 5.91599 0.799999
      vertex 4.87888 5.49343 0.799999
      vertex 4.54238 5.9714 0.799999
    endloop
  endfacet
  facet normal -0 0 1
    outer loop
      vertex 4.47361 5.91071 0.799999
      vertex 4.87888 5.49343 0.799999
      vertex 4.47959 5.91599 0.799999
    endloop
  endfacet
  facet normal 0 0 1
    outer loop
      vertex 4.87888 5.49343 0.799999
      vertex 4.47361 5.91071 0.799999
      vertex 4.80162 5.43122 0.799999
    endloop
  endfacet
  facet normal -0 0 1
    outer loop
      vertex 4.40562 5.86183 0.799999
      vertex 4.80162 5.43122 0.799999
      vertex 4.47361 5.91071 0.799999
    endloop
  endfacet
  facet normal 0 0 1
    outer loop
      vertex 4.80162 5.43122 0.799999
      vertex 4.40562 5.86183 0.799999
      vertex 4.72042 5.37425 0.799999
    endloop
  endfacet
  facet normal -0 0 1
    outer loop
      vertex 4.39914 5.85718 0.799999
      vertex 4.72042 5.37425 0.799999
      vertex 4.40562 5.86183 0.799999
    endloop
  endfacet
  facet normal -0 0 1
    outer loop
      vertex 4.39224 5.85319 0.799999
      vertex 4.72042 5.37425 0.799999
      vertex 4.39914 5.85718 0.799999
    endloop
  endfacet
  facet normal 0 0 1
    outer loop
      vertex 4.72042 5.37425 0.799999
      vertex 4.39224 5.85319 0.799999
      vertex 4.63563 5.32277 0.799999
    endloop
  endfacet
  facet normal -0 0 1
    outer loop
      vertex 4.31971 5.81132 0.799999
      vertex 4.63563 5.32277 0.799999
      vertex 4.39224 5.85319 0.799999
    endloop
  endfacet
  facet normal 0 0 1
    outer loop
      vertex 4.63563 5.32277 0.799999
      vertex 4.31971 5.81132 0.799999
      vertex 4.54763 5.27701 0.799999
    endloop
  endfacet
  facet normal -0 0 1
    outer loop
      vertex 4.31244 5.80804 0.799999
      vertex 4.54763 5.27701 0.799999
      vertex 4.31971 5.81132 0.799999
    endloop
  endfacet
  facet normal -0 0 1
    outer loop
      vertex 4.23611 5.7736 0.799999
      vertex 4.54763 5.27701 0.799999
      vertex 4.31244 5.80804 0.799999
    endloop
  endfacet
  facet normal 0 0 1
    outer loop
      vertex 4.54763 5.27701 0.799999
      vertex 4.23611 5.7736 0.799999
      vertex 4.4568 5.23717 0.799999
    endloop
  endfacet
  facet normal 0 0 1
    outer loop
      vertex 4.4568 5.23717 0.799999
      vertex 4.23611 5.7736 0.799999
      vertex 4.36353 5.20341 0.799999
    endloop
  endfacet
  facet normal -0 0 1
    outer loop
      vertex 4.15673 5.74693 0.799999
      vertex 4.36353 5.20341 0.799999
      vertex 4.23611 5.7736 0.799999
    endloop
  endfacet
  facet normal -0 0 1
    outer loop
      vertex 4.14917 5.74439 0.799999
      vertex 4.36353 5.20341 0.799999
      vertex 4.15673 5.74693 0.799999
    endloop
  endfacet
  facet normal 0 0 1
    outer loop
      vertex 4.36353 5.20341 0.799999
      vertex 4.14917 5.74439 0.799999
      vertex 4.26823 5.1759 0.799999
    endloop
  endfacet
  facet normal -0 0 1
    outer loop
      vertex 4.1414 5.74261 0.799999
      vertex 4.26823 5.1759 0.799999
      vertex 4.14917 5.74439 0.799999
    endloop
  endfacet
  facet normal -0 0 1
    outer loop
      vertex 4.05976 5.72398 0.799999
      vertex 4.26823 5.1759 0.799999
      vertex 4.1414 5.74261 0.799999
    endloop
  endfacet
  facet normal 0 0 1
    outer loop
      vertex 4.26823 5.1759 0.799999
      vertex 4.05976 5.72398 0.799999
      vertex 4.17132 5.15474 0.799999
    endloop
  endfacet
  facet normal 0 0 1
    outer loop
      vertex 4.17132 5.15474 0.799999
      vertex 4.05976 5.72398 0.799999
      vertex 4.07323 5.14004 0.799999
    endloop
  endfacet
  facet normal -0 0 1
    outer loop
      vertex 3.97666 5.71356 0.799999
      vertex 4.07323 5.14004 0.799999
      vertex 4.05976 5.72398 0.799999
    endloop
  endfacet
  facet normal -0 0 1
    outer loop
      vertex 3.96875 5.71257 0.799999
      vertex 4.07323 5.14004 0.799999
      vertex 3.97666 5.71356 0.799999
    endloop
  endfacet
  facet normal 0 0 1
    outer loop
      vertex 4.07323 5.14004 0.799999
      vertex 3.96875 5.71257 0.799999
      vertex 3.97437 5.13184 0.799999
    endloop
  endfacet
  facet normal -0 0 1
    outer loop
      vertex 3.87706 5.71029 0.799999
      vertex 3.97437 5.13184 0.799999
      vertex 3.96875 5.71257 0.799999
    endloop
  endfacet
  facet normal 0 0 1
    outer loop
      vertex 3.87706 5.71029 0.799999
      vertex 3.8752 5.1302 0.799999
      vertex 3.97437 5.13184 0.799999
    endloop
  endfacet
  facet normal 0 0 1
    outer loop
      vertex 3.77613 5.13512 0.799999
      vertex 3.87706 5.71029 0.799999
      vertex 3.7856 5.71714 0.799999
    endloop
  endfacet
  facet normal 0 0 1
    outer loop
      vertex 3.87706 5.71029 0.799999
      vertex 3.77613 5.13512 0.799999
      vertex 3.8752 5.1302 0.799999
    endloop
  endfacet
  facet normal 0 0 1
    outer loop
      vertex 3.6776 5.14658 0.799999
      vertex 3.7856 5.71714 0.799999
      vertex 3.69528 5.73307 0.799999
    endloop
  endfacet
  facet normal 0 0 1
    outer loop
      vertex 3.58005 5.16452 0.799999
      vertex 3.69528 5.73307 0.799999
      vertex 3.6876 5.73523 0.799999
    endloop
  endfacet
  facet normal 0 0 1
    outer loop
      vertex 3.7856 5.71714 0.799999
      vertex 3.6776 5.14658 0.799999
      vertex 3.77613 5.13512 0.799999
    endloop
  endfacet
  facet normal 0 0 1
    outer loop
      vertex 3.4839 5.18887 0.799999
      vertex 3.6876 5.73523 0.799999
      vertex 3.60699 5.75791 0.799999
    endloop
  endfacet
  facet normal 0 0 1
    outer loop
      vertex 3.69528 5.73307 0.799999
      vertex 3.58005 5.16452 0.799999
      vertex 3.6776 5.14658 0.799999
    endloop
  endfacet
  facet normal 0 0 1
    outer loop
      vertex 3.38956 5.21952 0.799999
      vertex 3.60699 5.75791 0.799999
      vertex 3.52904 5.7885 0.799999
    endloop
  endfacet
  facet normal 0 0 1
    outer loop
      vertex 3.29746 5.25634 0.799999
      vertex 3.52904 5.7885 0.799999
      vertex 3.52162 5.79141 0.799999
    endloop
  endfacet
  facet normal 0 0 1
    outer loop
      vertex 3.6876 5.73523 0.799999
      vertex 3.4839 5.18887 0.799999
      vertex 3.58005 5.16452 0.799999
    endloop
  endfacet
  facet normal 0 0 1
    outer loop
      vertex 3.20799 5.29917 0.799999
      vertex 3.52162 5.79141 0.799999
      vertex 3.44 5.83326 0.799999
    endloop
  endfacet
  facet normal 0 0 1
    outer loop
      vertex 3.12154 5.34781 0.799999
      vertex 3.44 5.83326 0.799999
      vertex 3.4333 5.83758 0.799999
    endloop
  endfacet
  facet normal 0 0 1
    outer loop
      vertex 3.60699 5.75791 0.799999
      vertex 3.38956 5.21952 0.799999
      vertex 3.4839 5.18887 0.799999
    endloop
  endfacet
  facet normal 0 0 1
    outer loop
      vertex 3.12154 5.34781 0.799999
      vertex 3.4333 5.83758 0.799999
      vertex 3.36296 5.88302 0.799999
    endloop
  endfacet
  facet normal 0 0 1
    outer loop
      vertex 3.52904 5.7885 0.799999
      vertex 3.29746 5.25634 0.799999
      vertex 3.38956 5.21952 0.799999
    endloop
  endfacet
  facet normal 0 0 1
    outer loop
      vertex 2.95924 5.46168 0.799999
      vertex 3.36296 5.88302 0.799999
      vertex 3.29125 5.9402 0.799999
    endloop
  endfacet
  facet normal 0 0 1
    outer loop
      vertex 2.88408 5.52641 0.799999
      vertex 3.29125 5.9402 0.799999
      vertex 3.2313 5.99867 0.799999
    endloop
  endfacet
  facet normal 0 0 1
    outer loop
      vertex 2.81336 5.59597 0.799999
      vertex 3.2313 5.99867 0.799999
      vertex 3.22559 6.00424 0.799999
    endloop
  endfacet
  facet normal 0 0 1
    outer loop
      vertex 2.81336 5.59597 0.799999
      vertex 3.22559 6.00424 0.799999
      vertex 3.22047 6.01035 0.799999
    endloop
  endfacet
  facet normal 0 0 1
    outer loop
      vertex 3.52162 5.79141 0.799999
      vertex 3.20799 5.29917 0.799999
      vertex 3.29746 5.25634 0.799999
    endloop
  endfacet
  facet normal 0 0 1
    outer loop
      vertex 2.7474 5.67005 0.799999
      vertex 3.22047 6.01035 0.799999
      vertex 3.16664 6.0745 0.799999
    endloop
  endfacet
  facet normal 0 0 1
    outer loop
      vertex 3.44 5.83326 0.799999
      vertex 3.12154 5.34781 0.799999
      vertex 3.20799 5.29917 0.799999
    endloop
  endfacet
  facet normal 0 0 1
    outer loop
      vertex 2.68647 5.74832 0.799999
      vertex 3.16664 6.0745 0.799999
      vertex 3.11497 6.15028 0.799999
    endloop
  endfacet
  facet normal 0 0 1
    outer loop
      vertex 2.58079 5.91608 0.799999
      vertex 3.11497 6.15028 0.799999
      vertex 3.07111 6.23083 0.799999
    endloop
  endfacet
  facet normal 0 0 1
    outer loop
      vertex 2.53649 6.00483 0.799999
      vertex 3.07111 6.23083 0.799999
      vertex 3.06801 6.23818 0.799999
    endloop
  endfacet
  facet normal 0 0 1
    outer loop
      vertex 2.53649 6.00483 0.799999
      vertex 3.06801 6.23818 0.799999
      vertex 3.05249 6.275 0.799999
    endloop
  endfacet
  facet normal 0 0 1
    outer loop
      vertex 3.36296 5.88302 0.799999
      vertex 3.03851 5.40206 0.799999
      vertex 3.12154 5.34781 0.799999
    endloop
  endfacet
  facet normal 0 0 1
    outer loop
      vertex 3.36296 5.88302 0.799999
      vertex 2.95924 5.46168 0.799999
      vertex 3.03851 5.40206 0.799999
    endloop
  endfacet
  facet normal 0 0 1
    outer loop
      vertex 3.29125 5.9402 0.799999
      vertex 2.88408 5.52641 0.799999
      vertex 2.95924 5.46168 0.799999
    endloop
  endfacet
  facet normal 0 0 1
    outer loop
      vertex 3.2313 5.99867 0.799999
      vertex 2.81336 5.59597 0.799999
      vertex 2.88408 5.52641 0.799999
    endloop
  endfacet
  facet normal 0 0 1
    outer loop
      vertex 3.22047 6.01035 0.799999
      vertex 2.7474 5.67005 0.799999
      vertex 2.81336 5.59597 0.799999
    endloop
  endfacet
  facet normal 0 0 1
    outer loop
      vertex 3.16664 6.0745 0.799999
      vertex 2.68647 5.74832 0.799999
      vertex 2.7474 5.67005 0.799999
    endloop
  endfacet
  facet normal 0 0 1
    outer loop
      vertex 3.11497 6.15028 0.799999
      vertex 2.63086 5.83045 0.799999
      vertex 2.68647 5.74832 0.799999
    endloop
  endfacet
  facet normal 0 0 1
    outer loop
      vertex 3.11497 6.15028 0.799999
      vertex 2.58079 5.91608 0.799999
      vertex 2.63086 5.83045 0.799999
    endloop
  endfacet
  facet normal 0 0 1
    outer loop
      vertex 3.07111 6.23083 0.799999
      vertex 2.53649 6.00483 0.799999
      vertex 2.58079 5.91608 0.799999
    endloop
  endfacet
  facet normal 0 0 1
    outer loop
      vertex 3.05249 6.275 0.799999
      vertex 2.49815 6.09631 0.799999
      vertex 2.53649 6.00483 0.799999
    endloop
  endfacet
  facet normal 0 0 1
    outer loop
      vertex 3.05249 6.275 0.799999
      vertex 2.46595 6.19012 0.799999
      vertex 2.49815 6.09631 0.799999
    endloop
  endfacet
  facet normal 0 -0 1
    outer loop
      vertex 2.46595 6.19012 0.799999
      vertex 3.05249 6.275 0.799999
      vertex 2.44295 6.275 0.799999
    endloop
  endfacet
  facet normal 0.973287 -0.229593 0
    outer loop
      vertex 5.34781 6.23778 0.799999
      vertex 5.35659 6.275 0
      vertex 5.35659 6.275 0.799999
    endloop
  endfacet
  facet normal 0.973287 -0.229593 0
    outer loop
      vertex 5.35659 6.275 0
      vertex 5.34781 6.23778 0.799999
      vertex 5.34781 6.23778 0
    endloop
  endfacet
  facet normal 0.768403 -0.639966 0
    outer loop
      vertex 5.02023 5.63246 0.799999
      vertex 5.08371 5.70868 0
      vertex 5.08371 5.70868 0.799999
    endloop
  endfacet
  facet normal 0.768403 -0.639966 0
    outer loop
      vertex 5.08371 5.70868 0
      vertex 5.02023 5.63246 0.799999
      vertex 5.02023 5.63246 0
    endloop
  endfacet
  facet normal 0.809041 -0.587752 0
    outer loop
      vertex 5.08371 5.70868 0.799999
      vertex 5.14201 5.78893 0
      vertex 5.14201 5.78893 0.799999
    endloop
  endfacet
  facet normal 0.809041 -0.587752 0
    outer loop
      vertex 5.14201 5.78893 0
      vertex 5.08371 5.70868 0.799999
      vertex 5.08371 5.70868 0
    endloop
  endfacet
  facet normal 0.84609 -0.533041 0
    outer loop
      vertex 5.14201 5.78893 0.799999
      vertex 5.19488 5.87285 0
      vertex 5.19488 5.87285 0.799999
    endloop
  endfacet
  facet normal 0.84609 -0.533041 0
    outer loop
      vertex 5.19488 5.87285 0
      vertex 5.14201 5.78893 0.799999
      vertex 5.14201 5.78893 0
    endloop
  endfacet
  facet normal 0.909001 -0.416794 0
    outer loop
      vertex 5.24209 5.96009 0.799999
      vertex 5.28343 6.05025 0
      vertex 5.28343 6.05025 0.799999
    endloop
  endfacet
  facet normal 0.909001 -0.416794 0
    outer loop
      vertex 5.28343 6.05025 0
      vertex 5.24209 5.96009 0.799999
      vertex 5.24209 5.96009 0
    endloop
  endfacet
  facet normal -0.30899 -0.951065 0
    outer loop
      vertex 3.38956 5.21952 0
      vertex 3.4839 5.18887 0.799999
      vertex 3.38956 5.21952 0.799999
    endloop
  endfacet
  facet normal -0.30899 -0.951065 -0
    outer loop
      vertex 3.4839 5.18887 0.799999
      vertex 3.38956 5.21952 0
      vertex 3.4839 5.18887 0
    endloop
  endfacet
  facet normal -0.115531 -0.993304 0
    outer loop
      vertex 3.6776 5.14658 0
      vertex 3.77613 5.13512 0.799999
      vertex 3.6776 5.14658 0.799999
    endloop
  endfacet
  facet normal -0.115531 -0.993304 -0
    outer loop
      vertex 3.77613 5.13512 0.799999
      vertex 3.6776 5.14658 0
      vertex 3.77613 5.13512 0
    endloop
  endfacet
  facet normal -0.746853 -0.664989 0
    outer loop
      vertex 2.81336 5.59597 0
      vertex 2.7474 5.67005 0.799999
      vertex 2.7474 5.67005 0
    endloop
  endfacet
  facet normal -0.746853 -0.664989 0
    outer loop
      vertex 2.7474 5.67005 0.799999
      vertex 2.81336 5.59597 0
      vertex 2.81336 5.59597 0.799999
    endloop
  endfacet
  facet normal -0.789092 -0.614276 0
    outer loop
      vertex 2.7474 5.67005 0
      vertex 2.68647 5.74832 0.799999
      vertex 2.68647 5.74832 0
    endloop
  endfacet
  facet normal -0.789092 -0.614276 0
    outer loop
      vertex 2.68647 5.74832 0.799999
      vertex 2.7474 5.67005 0
      vertex 2.7474 5.67005 0.799999
    endloop
  endfacet
  facet normal -0.894729 -0.446609 0
    outer loop
      vertex 2.58079 5.91608 0
      vertex 2.53649 6.00483 0.799999
      vertex 2.53649 6.00483 0
    endloop
  endfacet
  facet normal -0.894729 -0.446609 0
    outer loop
      vertex 2.53649 6.00483 0.799999
      vertex 2.58079 5.91608 0
      vertex 2.58079 5.91608 0.799999
    endloop
  endfacet
  facet normal -0.945833 -0.324654 0
    outer loop
      vertex 2.49815 6.09631 0
      vertex 2.46595 6.19012 0.799999
      vertex 2.46595 6.19012 0
    endloop
  endfacet
  facet normal -0.945833 -0.324654 0
    outer loop
      vertex 2.46595 6.19012 0.799999
      vertex 2.49815 6.09631 0
      vertex 2.49815 6.09631 0.799999
    endloop
  endfacet
  facet normal 0.213321 -0.976982 0
    outer loop
      vertex 4.17132 5.15474 0
      vertex 4.26823 5.1759 0.799999
      vertex 4.17132 5.15474 0.799999
    endloop
  endfacet
  facet normal 0.213321 -0.976982 0
    outer loop
      vertex 4.26823 5.1759 0.799999
      vertex 4.17132 5.15474 0
      vertex 4.26823 5.1759 0
    endloop
  endfacet
  facet normal 0.277343 -0.960771 0
    outer loop
      vertex 4.26823 5.1759 0
      vertex 4.36353 5.20341 0.799999
      vertex 4.26823 5.1759 0.799999
    endloop
  endfacet
  facet normal 0.277343 -0.960771 0
    outer loop
      vertex 4.36353 5.20341 0.799999
      vertex 4.26823 5.1759 0
      vertex 4.36353 5.20341 0
    endloop
  endfacet
  facet normal 0.34035 -0.940299 0
    outer loop
      vertex 4.36353 5.20341 0
      vertex 4.4568 5.23717 0.799999
      vertex 4.36353 5.20341 0.799999
    endloop
  endfacet
  facet normal 0.34035 -0.940299 0
    outer loop
      vertex 4.4568 5.23717 0.799999
      vertex 4.36353 5.20341 0
      vertex 4.4568 5.23717 0
    endloop
  endfacet
  facet normal 0.627163 -0.778888 0
    outer loop
      vertex 4.80162 5.43122 0
      vertex 4.87888 5.49343 0.799999
      vertex 4.80162 5.43122 0.799999
    endloop
  endfacet
  facet normal 0.627163 -0.778888 0
    outer loop
      vertex 4.87888 5.49343 0.799999
      vertex 4.80162 5.43122 0
      vertex 4.87888 5.49343 0
    endloop
  endfacet
  facet normal 0.934536 -0.35587 0
    outer loop
      vertex 5.28343 6.05025 0.799999
      vertex 5.31873 6.14295 0
      vertex 5.31873 6.14295 0.799999
    endloop
  endfacet
  facet normal 0.934536 -0.35587 0
    outer loop
      vertex 5.31873 6.14295 0
      vertex 5.28343 6.05025 0.799999
      vertex 5.28343 6.05025 0
    endloop
  endfacet
  facet normal -0.180872 -0.983507 0
    outer loop
      vertex 3.58005 5.16452 0
      vertex 3.6776 5.14658 0.799999
      vertex 3.58005 5.16452 0.799999
    endloop
  endfacet
  facet normal -0.180872 -0.983507 -0
    outer loop
      vertex 3.6776 5.14658 0.799999
      vertex 3.58005 5.16452 0
      vertex 3.6776 5.14658 0
    endloop
  endfacet
  facet normal -0.371217 -0.928546 0
    outer loop
      vertex 3.29746 5.25634 0
      vertex 3.38956 5.21952 0.799999
      vertex 3.29746 5.25634 0.799999
    endloop
  endfacet
  facet normal -0.371217 -0.928546 -0
    outer loop
      vertex 3.38956 5.21952 0.799999
      vertex 3.29746 5.25634 0
      vertex 3.38956 5.21952 0
    endloop
  endfacet
  facet normal -0.546975 -0.837149 0
    outer loop
      vertex 3.03851 5.40206 0
      vertex 3.12154 5.34781 0.799999
      vertex 3.03851 5.40206 0.799999
    endloop
  endfacet
  facet normal -0.546975 -0.837149 -0
    outer loop
      vertex 3.12154 5.34781 0.799999
      vertex 3.03851 5.40206 0
      vertex 3.12154 5.34781 0
    endloop
  endfacet
  facet normal -0.701236 -0.71293 0
    outer loop
      vertex 2.81336 5.59597 0
      vertex 2.88408 5.52641 0.799999
      vertex 2.81336 5.59597 0.799999
    endloop
  endfacet
  facet normal -0.701236 -0.71293 -0
    outer loop
      vertex 2.88408 5.52641 0.799999
      vertex 2.81336 5.59597 0
      vertex 2.88408 5.52641 0
    endloop
  endfacet
  facet normal -0.863256 -0.504767 0
    outer loop
      vertex 2.63086 5.83045 0
      vertex 2.58079 5.91608 0.799999
      vertex 2.58079 5.91608 0
    endloop
  endfacet
  facet normal -0.863256 -0.504767 0
    outer loop
      vertex 2.58079 5.91608 0.799999
      vertex 2.63086 5.83045 0
      vertex 2.63086 5.83045 0.799999
    endloop
  endfacet
  facet normal -0.828043 -0.560665 0
    outer loop
      vertex 2.68647 5.74832 0
      vertex 2.63086 5.83045 0.799999
      vertex 2.63086 5.83045 0
    endloop
  endfacet
  facet normal -0.828043 -0.560665 0
    outer loop
      vertex 2.63086 5.83045 0.799999
      vertex 2.68647 5.74832 0
      vertex 2.68647 5.74832 0.799999
    endloop
  endfacet
  facet normal 0.574342 -0.818616 0
    outer loop
      vertex 4.72042 5.37425 0
      vertex 4.80162 5.43122 0.799999
      vertex 4.72042 5.37425 0.799999
    endloop
  endfacet
  facet normal 0.574342 -0.818616 0
    outer loop
      vertex 4.80162 5.43122 0.799999
      vertex 4.72042 5.37425 0
      vertex 4.80162 5.43122 0
    endloop
  endfacet
  facet normal 0.518981 -0.854786 0
    outer loop
      vertex 4.63563 5.32277 0
      vertex 4.72042 5.37425 0.799999
      vertex 4.63563 5.32277 0.799999
    endloop
  endfacet
  facet normal 0.518981 -0.854786 0
    outer loop
      vertex 4.72042 5.37425 0.799999
      vertex 4.63563 5.32277 0
      vertex 4.72042 5.37425 0
    endloop
  endfacet
  facet normal 0.724382 -0.689398 0
    outer loop
      vertex 4.95185 5.56061 0.799999
      vertex 5.02023 5.63246 0
      vertex 5.02023 5.63246 0.799999
    endloop
  endfacet
  facet normal 0.724382 -0.689398 0
    outer loop
      vertex 5.02023 5.63246 0
      vertex 4.95185 5.56061 0.799999
      vertex 4.95185 5.56061 0
    endloop
  endfacet
  facet normal 0.677316 -0.735692 0
    outer loop
      vertex 4.87888 5.49343 0
      vertex 4.95185 5.56061 0.799999
      vertex 4.87888 5.49343 0.799999
    endloop
  endfacet
  facet normal 0.677316 -0.735692 0
    outer loop
      vertex 4.95185 5.56061 0.799999
      vertex 4.87888 5.49343 0
      vertex 4.95185 5.56061 0
    endloop
  endfacet
  facet normal -0.2455 -0.969397 0
    outer loop
      vertex 3.4839 5.18887 0
      vertex 3.58005 5.16452 0.799999
      vertex 3.4839 5.18887 0.799999
    endloop
  endfacet
  facet normal -0.2455 -0.969397 -0
    outer loop
      vertex 3.58005 5.16452 0.799999
      vertex 3.4839 5.18887 0
      vertex 3.58005 5.16452 0
    endloop
  endfacet
  facet normal -0.490352 -0.871524 0
    outer loop
      vertex 3.12154 5.34781 0
      vertex 3.20799 5.29917 0.799999
      vertex 3.12154 5.34781 0.799999
    endloop
  endfacet
  facet normal -0.490352 -0.871524 -0
    outer loop
      vertex 3.20799 5.29917 0.799999
      vertex 3.12154 5.34781 0
      vertex 3.20799 5.29917 0
    endloop
  endfacet
  facet normal -0.60108 -0.799189 0
    outer loop
      vertex 2.95924 5.46168 0
      vertex 3.03851 5.40206 0.799999
      vertex 2.95924 5.46168 0.799999
    endloop
  endfacet
  facet normal -0.60108 -0.799189 -0
    outer loop
      vertex 3.03851 5.40206 0.799999
      vertex 2.95924 5.46168 0
      vertex 3.03851 5.40206 0
    endloop
  endfacet
  facet normal -0.652575 -0.757724 0
    outer loop
      vertex 2.88408 5.52641 0
      vertex 2.95924 5.46168 0.799999
      vertex 2.88408 5.52641 0.799999
    endloop
  endfacet
  facet normal -0.652575 -0.757724 -0
    outer loop
      vertex 2.95924 5.46168 0.799999
      vertex 2.88408 5.52641 0
      vertex 2.95924 5.46168 0
    endloop
  endfacet
  facet normal -0.0496007 -0.998769 0
    outer loop
      vertex 3.77613 5.13512 0
      vertex 3.8752 5.1302 0.799999
      vertex 3.77613 5.13512 0.799999
    endloop
  endfacet
  facet normal -0.0496007 -0.998769 -0
    outer loop
      vertex 3.8752 5.1302 0.799999
      vertex 3.77613 5.13512 0
      vertex 3.8752 5.1302 0
    endloop
  endfacet
  facet normal -0.431784 -0.901977 0
    outer loop
      vertex 3.20799 5.29917 0
      vertex 3.29746 5.25634 0.799999
      vertex 3.20799 5.29917 0.799999
    endloop
  endfacet
  facet normal -0.431784 -0.901977 -0
    outer loop
      vertex 3.29746 5.25634 0.799999
      vertex 3.20799 5.29917 0
      vertex 3.29746 5.25634 0
    endloop
  endfacet
  facet normal 0.0743626 -0.992267 -0.0993813
    outer loop
      vertex 1.14507 4.89969 0
      vertex 1.10783 4.39612 5
      vertex 1.04566 4.89224 0
    endloop
  endfacet
  facet normal 0.0742708 -0.992274 -0.0993827
    outer loop
      vertex 1.10783 4.39612 5
      vertex 1.14507 4.89969 0
      vertex 1.15753 4.39984 5
    endloop
  endfacet
  facet normal -0.316817 0.943266 -0.0993813
    outer loop
      vertex 1.35267 3.43456 5
      vertex 1.44084 2.93738 0
      vertex 1.30542 3.41869 5
    endloop
  endfacet
  facet normal 0.363494 -0.92628 -0.0993823
    outer loop
      vertex 1.01076 4.37396 5
      vertex 0.964356 4.35575 5
      vertex 0.758713 4.81151 0
    endloop
  endfacet
  facet normal 0.762257 -0.639599 -0.0993803
    outer loop
      vertex 0.803473 4.24009 5
      vertex 0.372867 4.5038 0
      vertex 0.436948 4.58017 0
    endloop
  endfacet
  facet normal 0.762303 -0.639544 -0.0993813
    outer loop
      vertex 0.372867 4.5038 0
      vertex 0.803473 4.24009 5
      vertex 0.771433 4.2019 5
    endloop
  endfacet
  facet normal 0.995049 0 -0.0993812
    outer loop
      vertex 0.670621 3.87508 5
      vertex 0.171243 3.94985 0
      vertex 0.670621 3.92492 5
    endloop
  endfacet
  facet normal 0.995049 0 -0.0993812
    outer loop
      vertex 0.171243 3.94985 0
      vertex 0.670621 3.87508 5
      vertex 0.171243 3.85015 0
    endloop
  endfacet
  facet normal -0.123666 0.987335 -0.0993811
    outer loop
      vertex 1.34365 2.91519 0
      vertex 1.24473 2.9028 0
      vertex 1.20737 3.4014 5
    endloop
  endfacet
  facet normal -0.580776 -0.807975 -0.0993784
    outer loop
      vertex 1.44127 4.32001 5
      vertex 1.525 4.37508 4.06294
      vertex 1.48174 4.29092 5
    endloop
  endfacet
  facet normal -0.580915 -0.807874 -0.0993849
    outer loop
      vertex 1.525 4.37508 4.06294
      vertex 1.44127 4.32001 5
      vertex 1.525 4.44965 3.45678
    endloop
  endfacet
  facet normal -0.580129 -0.808437 -0.0993982
    outer loop
      vertex 1.71255 4.74003 0
      vertex 1.67562 4.66817 0.799999
      vertex 1.66914 4.67282 0.799999
    endloop
  endfacet
  facet normal -0.896489 -0.431776 -0.0993818
    outer loop
      vertex 2.09148 4.28843 0
      vertex 1.98142 4.33281 0.799999
      vertex 2.04822 4.37825 0
    endloop
  endfacet
  facet normal -0.896484 -0.431786 -0.0993807
    outer loop
      vertex 1.98142 4.33281 0.799999
      vertex 2.09148 4.28843 0
      vertex 2.01776 4.25736 0.799999
    endloop
  endfacet
  facet normal -0.84881 -0.519272 -0.0993876
    outer loop
      vertex 1.99624 4.46332 0
      vertex 1.9343 4.41145 0.799999
      vertex 1.93014 4.41825 0.799999
    endloop
  endfacet
  facet normal -0.729433 0.676796 -0.099377
    outer loop
      vertex 1.93604 3.25721 0
      vertex 1.81238 3.2414 0.799999
      vertex 1.86934 3.30279 0.799999
    endloop
  endfacet
  facet normal -0.729464 0.676761 -0.0993826
    outer loop
      vertex 1.81238 3.2414 0.799999
      vertex 1.93604 3.25721 0
      vertex 1.86824 3.18413 0
    endloop
  endfacet
  facet normal -0.728927 0.67734 -0.0993761
    outer loop
      vertex 1.525 3.53805 4.92947
      vertex 1.525 3.53604 4.91577
      vertex 1.51912 3.54207 5
    endloop
  endfacet
  facet normal -0.935044 0.340319 -0.0993745
    outer loop
      vertex 2.12557 3.60524 0
      vertex 2.02049 3.55013 0.799999
      vertex 2.04913 3.62882 0.799999
    endloop
  endfacet
  facet normal -0.935062 0.340268 -0.0993804
    outer loop
      vertex 2.02049 3.55013 0.799999
      vertex 2.12557 3.60524 0
      vertex 2.09148 3.51156 0
    endloop
  endfacet
  facet normal 0.822153 -0.560525 -0.0993804
    outer loop
      vertex 0.372867 4.5038 0
      vertex 0.743354 4.16072 5
      vertex 0.316709 4.42143 0
    endloop
  endfacet
  facet normal 0.950839 -0.293307 -0.0993812
    outer loop
      vertex 0.700153 4.07101 5
      vertex 0.200922 4.14676 0
      vertex 0.230307 4.24202 0
    endloop
  endfacet
  facet normal 0.950842 -0.293298 -0.0993814
    outer loop
      vertex 0.200922 4.14676 0
      vertex 0.700153 4.07101 5
      vertex 0.685461 4.02338 5
    endloop
  endfacet
  facet normal 0.620423 0.777945 -0.0993812
    outer loop
      vertex 0.839156 3.52511 5
      vertex 0.586256 3.08806 0
      vertex 0.508314 3.15022 0
    endloop
  endfacet
  facet normal -0.316907 -0.943236 -0.0993799
    outer loop
      vertex 1.44084 4.86262 0
      vertex 1.53534 4.83087 0
      vertex 1.35267 4.36544 5
    endloop
  endfacet
  facet normal -0.84909 -0.518816 -0.0993796
    outer loop
      vertex 2.04822 4.37825 0
      vertex 1.9343 4.41145 0.799999
      vertex 1.99624 4.46332 0
    endloop
  endfacet
  facet normal -0.84911 -0.518782 -0.099384
    outer loop
      vertex 1.9343 4.41145 0.799999
      vertex 2.04822 4.37825 0
      vertex 1.97796 4.33999 0.799999
    endloop
  endfacet
  facet normal -0.964229 -0.245735 -0.0993784
    outer loop
      vertex 2.15017 4.09815 0
      vertex 2.07176 4.08229 0.799999
      vertex 2.06979 4.09002 0.799999
    endloop
  endfacet
  facet normal -0.316907 0.943236 -0.0993799
    outer loop
      vertex 1.53534 2.96913 0
      vertex 1.44084 2.93738 0
      vertex 1.35267 3.43456 5
    endloop
  endfacet
  facet normal -0.993815 0.0495482 -0.0993816
    outer loop
      vertex 2.17 3.9 0
      vertex 2.08583 3.81636 0.799999
      vertex 2.09 3.9 0.799999
    endloop
  endfacet
  facet normal -0.993813 0.0496058 -0.0993754
    outer loop
      vertex 2.08583 3.81636 0.799999
      vertex 2.17 3.9 0
      vertex 2.16503 3.80043 0
    endloop
  endfacet
  facet normal 0.873871 -0.475893 -0.0993805
    outer loop
      vertex 0.743354 4.16072 5
      vertex 0.269031 4.33388 0
      vertex 0.316709 4.42143 0
    endloop
  endfacet
  facet normal 0.873893 -0.475851 -0.0993812
    outer loop
      vertex 0.269031 4.33388 0
      vertex 0.743354 4.16072 5
      vertex 0.719515 4.11694 5
    endloop
  endfacet
  facet normal 0.620423 -0.777945 -0.0993812
    outer loop
      vertex 0.586256 4.71194 0
      vertex 0.839156 4.27489 5
      vertex 0.508314 4.64978 0
    endloop
  endfacet
  facet normal 0.363521 -0.92627 -0.0993827
    outer loop
      vertex 0.851513 4.84793 0
      vertex 1.01076 4.37396 5
      vertex 0.758713 4.81151 0
    endloop
  endfacet
  facet normal 0.916908 0.386527 -0.0993811
    outer loop
      vertex 0.719515 3.68306 5
      vertex 0.269031 3.46612 0
      vertex 0.230307 3.55798 0
    endloop
  endfacet
  facet normal 0.539882 0.835853 -0.0993823
    outer loop
      vertex 0.919999 3.46699 5
      vertex 0.669999 3.03397 0
      vertex 0.586256 3.08806 0
    endloop
  endfacet
  facet normal -0.0247488 -0.994741 -0.0993826
    outer loop
      vertex 1.14507 4.89969 0
      vertex 1.20737 4.3986 5
      vertex 1.15753 4.39984 5
    endloop
  endfacet
  facet normal -0.0248535 -0.994739 -0.0993811
    outer loop
      vertex 1.20737 4.3986 5
      vertex 1.14507 4.89969 0
      vertex 1.24473 4.8972 0
    endloop
  endfacet
  facet normal -0.316817 -0.943266 -0.0993813
    outer loop
      vertex 1.44084 4.86262 0
      vertex 1.35267 4.36544 5
      vertex 1.30542 4.38131 5
    endloop
  endfacet
  facet normal -0.221486 -0.970086 -0.0993823
    outer loop
      vertex 1.34365 4.88481 0
      vertex 1.44084 4.86262 0
      vertex 1.25682 4.3924 5
    endloop
  endfacet
  facet normal -0.409271 -0.906985 -0.0993796
    outer loop
      vertex 1.35267 4.36544 5
      vertex 1.525 4.59245 2.2185
      vertex 1.3981 4.34494 5
    endloop
  endfacet
  facet normal -0.409296 -0.906973 -0.0993802
    outer loop
      vertex 1.35267 4.36544 5
      vertex 1.525 4.74788 0.799999
      vertex 1.525 4.59245 2.2185
    endloop
  endfacet
  facet normal -0.409214 -0.90701 -0.0993802
    outer loop
      vertex 1.53534 4.83087 0
      vertex 1.525 4.74788 0.799999
      vertex 1.35267 4.36544 5
    endloop
  endfacet
  facet normal -0.409271 -0.906985 -0.0993783
    outer loop
      vertex 1.53534 4.83087 0
      vertex 1.58971 4.71868 0.799999
      vertex 1.525 4.74788 0.799999
    endloop
  endfacet
  facet normal -0.409233 -0.907001 -0.0993832
    outer loop
      vertex 1.58971 4.71868 0.799999
      vertex 1.53534 4.83087 0
      vertex 1.62621 4.78987 0
    endloop
  endfacet
  facet normal -0.658433 -0.746051 -0.099374
    outer loop
      vertex 1.48174 4.29092 5
      vertex 1.525 4.26396 4.91577
      vertex 1.51912 4.25793 5
    endloop
  endfacet
  facet normal -0.658438 -0.746045 -0.0993785
    outer loop
      vertex 1.525 4.26396 4.91577
      vertex 1.48174 4.29092 5
      vertex 1.525 4.32728 4.44042
    endloop
  endfacet
  facet normal -0.657892 -0.746526 -0.0993794
    outer loop
      vertex 1.86824 4.61587 0
      vertex 1.81238 4.5586 0.799999
      vertex 1.8064 4.56387 0.799999
    endloop
  endfacet
  facet normal -0.793168 -0.600839 -0.0993832
    outer loop
      vertex 1.99624 4.46332 0
      vertex 1.87476 4.49136 0.799999
      vertex 1.93604 4.54279 0
    endloop
  endfacet
  facet normal -0.793192 -0.600806 -0.0993881
    outer loop
      vertex 1.87476 4.49136 0.799999
      vertex 1.99624 4.46332 0
      vertex 1.92532 4.42461 0.799999
    endloop
  endfacet
  facet normal -0.983922 -0.148399 -0.0993787
    outer loop
      vertex 2.16503 3.99957 0
      vertex 2.08543 3.9916 0.799999
      vertex 2.08424 3.99949 0.799999
    endloop
  endfacet
  facet normal -0.935063 -0.340268 -0.0993762
    outer loop
      vertex 2.12557 4.19475 0
      vertex 2.02049 4.24987 0.799999
      vertex 2.09148 4.28843 0
    endloop
  endfacet
  facet normal -0.935058 -0.34028 -0.0993747
    outer loop
      vertex 2.02049 4.24987 0.799999
      vertex 2.12557 4.19475 0
      vertex 2.04913 4.17117 0.799999
    endloop
  endfacet
  facet normal -0.896396 -0.431968 -0.099385
    outer loop
      vertex 2.04822 4.37825 0
      vertex 1.98142 4.33281 0.799999
      vertex 1.97796 4.33999 0.799999
    endloop
  endfacet
  facet normal -0.658369 0.746105 -0.0993796
    outer loop
      vertex 1.79349 3.11817 0
      vertex 1.8064 3.23612 0.799999
      vertex 1.86824 3.18413 0
    endloop
  endfacet
  facet normal -0.658394 0.746085 -0.0993761
    outer loop
      vertex 1.8064 3.23612 0.799999
      vertex 1.79349 3.11817 0
      vertex 1.74361 3.18071 0.799999
    endloop
  endfacet
  facet normal -0.658745 0.745773 -0.0993846
    outer loop
      vertex 1.525 3.47272 4.44042
      vertex 1.525 3.45484 4.30625
      vertex 1.48174 3.50908 5
    endloop
  endfacet
  facet normal -0.497611 0.861688 -0.0993808
    outer loop
      vertex 1.525 3.26727 2.73635
      vertex 1.3981 3.45506 5
      vertex 1.44127 3.47999 5
    endloop
  endfacet
  facet normal -0.4975 0.861753 -0.0993799
    outer loop
      vertex 1.3981 3.45506 5
      vertex 1.525 3.26727 2.73635
      vertex 1.525 3.20755 2.2185
    endloop
  endfacet
  facet normal -0.497572 0.86171 -0.0993833
    outer loop
      vertex 1.59662 3.08531 0.799999
      vertex 1.62621 3.01013 0
      vertex 1.58971 3.08132 0.799999
    endloop
  endfacet
  facet normal -0.409233 0.907001 -0.0993832
    outer loop
      vertex 1.53534 2.96913 0
      vertex 1.58971 3.08132 0.799999
      vertex 1.62621 3.01013 0
    endloop
  endfacet
  facet normal -0.409271 0.906985 -0.0993796
    outer loop
      vertex 1.525 3.20755 2.2185
      vertex 1.35267 3.43456 5
      vertex 1.3981 3.45506 5
    endloop
  endfacet
  facet normal -0.409296 0.906973 -0.0993802
    outer loop
      vertex 1.525 3.05212 0.799999
      vertex 1.35267 3.43456 5
      vertex 1.525 3.20755 2.2185
    endloop
  endfacet
  facet normal -0.409214 0.90701 -0.0993802
    outer loop
      vertex 1.525 3.05212 0.799999
      vertex 1.53534 2.96913 0
      vertex 1.35267 3.43456 5
    endloop
  endfacet
  facet normal -0.409271 0.906985 -0.0993783
    outer loop
      vertex 1.58971 3.08132 0.799999
      vertex 1.53534 2.96913 0
      vertex 1.525 3.05212 0.799999
    endloop
  endfacet
  facet normal -0.793236 0.600749 -0.0993892
    outer loop
      vertex 1.99624 3.33668 0
      vertex 1.87476 3.30863 0.799999
      vertex 1.92532 3.37539 0.799999
    endloop
  endfacet
  facet normal -0.793168 0.60084 -0.0993758
    outer loop
      vertex 1.87476 3.30863 0.799999
      vertex 1.99624 3.33668 0
      vertex 1.93604 3.25721 0
    endloop
  endfacet
  facet normal -0.793037 0.601012 -0.0993843
    outer loop
      vertex 1.93014 3.38175 0.799999
      vertex 1.99624 3.33668 0
      vertex 1.92532 3.37539 0.799999
    endloop
  endfacet
  facet normal -0.964229 0.245735 -0.0993784
    outer loop
      vertex 2.07176 3.71771 0.799999
      vertex 2.15017 3.70185 0
      vertex 2.06979 3.70998 0.799999
    endloop
  endfacet
  facet normal 0.269496 -0.95786 -0.0993825
    outer loop
      vertex 0.947478 4.87493 0
      vertex 1.05874 4.38746 5
      vertex 0.851513 4.84793 0
    endloop
  endfacet
  facet normal 0.172768 -0.979936 -0.0993824
    outer loop
      vertex 1.04566 4.89224 0
      vertex 1.05874 4.38746 5
      vertex 0.947478 4.87493 0
    endloop
  endfacet
  facet normal 0.172868 -0.979918 -0.0993809
    outer loop
      vertex 1.10783 4.39612 5
      vertex 1.05874 4.38746 5
      vertex 1.04566 4.89224 0
    endloop
  endfacet
  facet normal 0.539811 -0.835899 -0.0993811
    outer loop
      vertex 0.669999 4.76602 0
      vertex 0.919999 4.33301 5
      vertex 0.586256 4.71194 0
    endloop
  endfacet
  facet normal 0.454023 -0.88543 -0.0993812
    outer loop
      vertex 0.758713 4.81151 0
      vertex 0.919999 4.33301 5
      vertex 0.669999 4.76602 0
    endloop
  endfacet
  facet normal 0.694788 -0.712315 -0.099381
    outer loop
      vertex 0.508314 4.64978 0
      vertex 0.839156 4.27489 5
      vertex 0.436948 4.58017 0
    endloop
  endfacet
  facet normal 0.694737 -0.712365 -0.0993799
    outer loop
      vertex 0.839156 4.27489 5
      vertex 0.803473 4.24009 5
      vertex 0.436948 4.58017 0
    endloop
  endfacet
  facet normal 0.822121 0.560572 -0.0993812
    outer loop
      vertex 0.771433 3.5981 5
      vertex 0.372867 3.2962 0
      vertex 0.316709 3.37856 0
    endloop
  endfacet
  facet normal 0.950842 0.293298 -0.0993814
    outer loop
      vertex 0.700153 3.72899 5
      vertex 0.200922 3.65324 0
      vertex 0.685461 3.77662 5
    endloop
  endfacet
  facet normal 0.950839 0.293307 -0.0993812
    outer loop
      vertex 0.200922 3.65324 0
      vertex 0.700153 3.72899 5
      vertex 0.230307 3.55798 0
    endloop
  endfacet
  facet normal 0.822121 -0.560572 -0.0993812
    outer loop
      vertex 0.771433 4.2019 5
      vertex 0.743354 4.16072 5
      vertex 0.372867 4.5038 0
    endloop
  endfacet
  facet normal 0.916908 -0.386527 -0.0993811
    outer loop
      vertex 0.269031 4.33388 0
      vertex 0.719515 4.11694 5
      vertex 0.230307 4.24202 0
    endloop
  endfacet
  facet normal 0.990104 -0.0990803 -0.0993812
    outer loop
      vertex 0.181169 4.04904 0
      vertex 0.675584 3.97452 5
      vertex 0.171243 3.94985 0
    endloop
  endfacet
  facet normal 0.975323 -0.197151 -0.0993812
    outer loop
      vertex 0.200922 4.14676 0
      vertex 0.675584 3.97452 5
      vertex 0.181169 4.04904 0
    endloop
  endfacet
  facet normal 0.975321 -0.19716 -0.0993813
    outer loop
      vertex 0.685461 4.02338 5
      vertex 0.675584 3.97452 5
      vertex 0.200922 4.14676 0
    endloop
  endfacet
  facet normal 0.620414 0.777953 -0.0993814
    outer loop
      vertex 0.839156 3.52511 5
      vertex 0.878128 3.49403 5
      vertex 0.586256 3.08806 0
    endloop
  endfacet
  facet normal 0.363494 0.92628 -0.0993829
    outer loop
      vertex 0.964356 3.44425 5
      vertex 1.01076 3.42604 5
      vertex 0.851513 2.95207 0
    endloop
  endfacet
  facet normal -0.123666 -0.987335 -0.0993811
    outer loop
      vertex 1.24473 4.8972 0
      vertex 1.34365 4.88481 0
      vertex 1.20737 4.3986 5
    endloop
  endfacet
  facet normal -0.123789 -0.987319 -0.0993829
    outer loop
      vertex 1.34365 4.88481 0
      vertex 1.25682 4.3924 5
      vertex 1.20737 4.3986 5
    endloop
  endfacet
  facet normal -0.580842 -0.807926 -0.0993852
    outer loop
      vertex 1.71255 4.74003 0
      vertex 1.74361 4.61929 0.799999
      vertex 1.67562 4.66817 0.799999
    endloop
  endfacet
  facet normal -0.580907 -0.807881 -0.0993758
    outer loop
      vertex 1.74361 4.61929 0.799999
      vertex 1.71255 4.74003 0
      vertex 1.79349 4.68183 0
    endloop
  endfacet
  facet normal -0.580473 -0.808192 -0.0993839
    outer loop
      vertex 1.525 4.37508 4.06294
      vertex 1.525 4.34516 4.30625
      vertex 1.48174 4.29092 5
    endloop
  endfacet
  facet normal -0.658461 -0.746026 -0.0993757
    outer loop
      vertex 1.79349 4.68183 0
      vertex 1.8064 4.56387 0.799999
      vertex 1.74361 4.61929 0.799999
    endloop
  endfacet
  facet normal -0.658369 -0.746105 -0.0993888
    outer loop
      vertex 1.8064 4.56387 0.799999
      vertex 1.79349 4.68183 0
      vertex 1.86824 4.61587 0
    endloop
  endfacet
  facet normal -0.658745 -0.745773 -0.0993846
    outer loop
      vertex 1.525 4.34516 4.30625
      vertex 1.525 4.32728 4.44042
      vertex 1.48174 4.29092 5
    endloop
  endfacet
  facet normal -0.49753 -0.861735 -0.0993836
    outer loop
      vertex 1.62621 4.78987 0
      vertex 1.66223 4.67681 0.799999
      vertex 1.58971 4.71868 0.799999
    endloop
  endfacet
  facet normal -0.497461 -0.861774 -0.0993921
    outer loop
      vertex 1.66223 4.67681 0.799999
      vertex 1.62621 4.78987 0
      vertex 1.71255 4.74003 0
    endloop
  endfacet
  facet normal -0.497438 -0.861788 -0.0993802
    outer loop
      vertex 1.525 4.59245 2.2185
      vertex 1.525 4.50438 2.98221
      vertex 1.3981 4.34494 5
    endloop
  endfacet
  facet normal -0.72992 -0.676268 -0.0993876
    outer loop
      vertex 1.93604 4.54279 0
      vertex 1.87476 4.49136 0.799999
      vertex 1.86934 4.49721 0.799999
    endloop
  endfacet
  facet normal -0.729575 -0.67664 -0.0993902
    outer loop
      vertex 1.525 4.26195 4.92947
      vertex 1.525 4.25159 5
      vertex 1.51912 4.25793 5
    endloop
  endfacet
  facet normal -0.729464 -0.676761 -0.0993826
    outer loop
      vertex 1.93604 4.54279 0
      vertex 1.81238 4.5586 0.799999
      vertex 1.86824 4.61587 0
    endloop
  endfacet
  facet normal -0.729433 -0.676796 -0.099377
    outer loop
      vertex 1.81238 4.5586 0.799999
      vertex 1.93604 4.54279 0
      vertex 1.86934 4.49721 0.799999
    endloop
  endfacet
  facet normal -0.728927 -0.67734 -0.0993761
    outer loop
      vertex 1.525 4.26396 4.91577
      vertex 1.525 4.26195 4.92947
      vertex 1.51912 4.25793 5
    endloop
  endfacet
  facet normal -0.964274 -0.245561 -0.0993744
    outer loop
      vertex 2.15017 4.09815 0
      vertex 2.04913 4.17117 0.799999
      vertex 2.12557 4.19475 0
    endloop
  endfacet
  facet normal -0.964289 -0.245499 -0.099382
    outer loop
      vertex 2.04913 4.17117 0.799999
      vertex 2.15017 4.09815 0
      vertex 2.06979 4.09002 0.799999
    endloop
  endfacet
  facet normal -0.983934 -0.148319 -0.0993783
    outer loop
      vertex 2.16503 3.99957 0
      vertex 2.07176 4.08229 0.799999
      vertex 2.15017 4.09815 0
    endloop
  endfacet
  facet normal -0.983936 -0.148303 -0.0993802
    outer loop
      vertex 2.07176 4.08229 0.799999
      vertex 2.16503 3.99957 0
      vertex 2.08424 3.99949 0.799999
    endloop
  endfacet
  facet normal -0.934885 -0.340753 -0.0993838
    outer loop
      vertex 2.09148 4.28843 0
      vertex 2.02049 4.24987 0.799999
      vertex 2.01776 4.25736 0.799999
    endloop
  endfacet
  facet normal -0.993812 -0.0496058 -0.0993787
    outer loop
      vertex 2.17 3.9 0
      vertex 2.08543 3.9916 0.799999
      vertex 2.16503 3.99957 0
    endloop
  endfacet
  facet normal -0.993813 -0.0495822 -0.0993815
    outer loop
      vertex 2.08543 3.9916 0.799999
      vertex 2.17 3.9 0
      vertex 2.09 3.9 0.799999
    endloop
  endfacet
  facet normal -0.793037 -0.601012 -0.0993843
    outer loop
      vertex 1.99624 4.46332 0
      vertex 1.93014 4.41825 0.799999
      vertex 1.92532 4.42461 0.799999
    endloop
  endfacet
  facet normal -0.497461 0.861773 -0.0993933
    outer loop
      vertex 1.62621 3.01013 0
      vertex 1.66914 3.12718 0.799999
      vertex 1.71255 3.05997 0
    endloop
  endfacet
  facet normal -0.49753 0.861735 -0.099384
    outer loop
      vertex 1.66914 3.12718 0.799999
      vertex 1.62621 3.01013 0
      vertex 1.59662 3.08531 0.799999
    endloop
  endfacet
  facet normal -0.49739 0.861815 -0.0993845
    outer loop
      vertex 1.525 3.35035 3.45678
      vertex 1.525 3.26727 2.73635
      vertex 1.44127 3.47999 5
    endloop
  endfacet
  facet normal -0.580907 0.80788 -0.0993852
    outer loop
      vertex 1.71255 3.05997 0
      vertex 1.73713 3.17606 0.799999
      vertex 1.79349 3.11817 0
    endloop
  endfacet
  facet normal -0.580841 0.807926 -0.0993939
    outer loop
      vertex 1.73713 3.17606 0.799999
      vertex 1.71255 3.05997 0
      vertex 1.66914 3.12718 0.799999
    endloop
  endfacet
  facet normal -0.580938 0.807857 -0.0993848
    outer loop
      vertex 1.525 3.39398 3.81143
      vertex 1.525 3.35035 3.45678
      vertex 1.44127 3.47999 5
    endloop
  endfacet
  facet normal -0.58013 0.808439 -0.099371
    outer loop
      vertex 1.74361 3.18071 0.799999
      vertex 1.79349 3.11817 0
      vertex 1.73713 3.17606 0.799999
    endloop
  endfacet
  facet normal -0.580775 0.807974 -0.0993858
    outer loop
      vertex 1.525 3.45484 4.30625
      vertex 1.44127 3.47999 5
      vertex 1.48174 3.50908 5
    endloop
  endfacet
  facet normal -0.580723 0.808012 -0.0993809
    outer loop
      vertex 1.44127 3.47999 5
      vertex 1.525 3.45484 4.30625
      vertex 1.525 3.39398 3.81143
    endloop
  endfacet
  facet normal -0.729344 0.676891 -0.0993751
    outer loop
      vertex 1.87476 3.30863 0.799999
      vertex 1.93604 3.25721 0
      vertex 1.86934 3.30279 0.799999
    endloop
  endfacet
  facet normal -0.729575 0.67664 -0.0993902
    outer loop
      vertex 1.525 3.54841 5
      vertex 1.525 3.53805 4.92947
      vertex 1.51912 3.54207 5
    endloop
  endfacet
  facet normal -0.84881 0.519272 -0.0993876
    outer loop
      vertex 1.9343 3.38855 0.799999
      vertex 1.99624 3.33668 0
      vertex 1.93014 3.38175 0.799999
    endloop
  endfacet
  facet normal -0.84911 0.518782 -0.099384
    outer loop
      vertex 2.04822 3.42175 0
      vertex 1.9343 3.38855 0.799999
      vertex 1.97796 3.46001 0.799999
    endloop
  endfacet
  facet normal -0.84909 0.518816 -0.0993796
    outer loop
      vertex 1.9343 3.38855 0.799999
      vertex 2.04822 3.42175 0
      vertex 1.99624 3.33668 0
    endloop
  endfacet
  facet normal -0.964296 0.24547 -0.0993824
    outer loop
      vertex 2.15017 3.70185 0
      vertex 2.04913 3.62882 0.799999
      vertex 2.06979 3.70998 0.799999
    endloop
  endfacet
  facet normal -0.96428 0.245537 -0.0993743
    outer loop
      vertex 2.04913 3.62882 0.799999
      vertex 2.15017 3.70185 0
      vertex 2.12557 3.60524 0
    endloop
  endfacet
  facet normal -0.983936 0.148303 -0.0993802
    outer loop
      vertex 2.16503 3.80043 0
      vertex 2.07176 3.71771 0.799999
      vertex 2.08424 3.80051 0.799999
    endloop
  endfacet
  facet normal -0.983934 0.148319 -0.0993783
    outer loop
      vertex 2.07176 3.71771 0.799999
      vertex 2.16503 3.80043 0
      vertex 2.15017 3.70185 0
    endloop
  endfacet
  facet normal 0.269509 -0.957856 -0.0993827
    outer loop
      vertex 1.05874 4.38746 5
      vertex 1.01076 4.37396 5
      vertex 0.851513 4.84793 0
    endloop
  endfacet
  facet normal 0.539816 -0.835896 -0.0993812
    outer loop
      vertex 0.919999 4.33301 5
      vertex 0.878128 4.30597 5
      vertex 0.586256 4.71194 0
    endloop
  endfacet
  facet normal 0.620414 -0.777953 -0.0993814
    outer loop
      vertex 0.878128 4.30597 5
      vertex 0.839156 4.27489 5
      vertex 0.586256 4.71194 0
    endloop
  endfacet
  facet normal 0.762303 0.639544 -0.0993813
    outer loop
      vertex 0.803473 3.55991 5
      vertex 0.372867 3.2962 0
      vertex 0.771433 3.5981 5
    endloop
  endfacet
  facet normal 0.762257 0.639599 -0.0993803
    outer loop
      vertex 0.372867 3.2962 0
      vertex 0.803473 3.55991 5
      vertex 0.436948 3.21983 0
    endloop
  endfacet
  facet normal 0.916908 0.386527 -0.0993811
    outer loop
      vertex 0.700153 3.72899 5
      vertex 0.719515 3.68306 5
      vertex 0.230307 3.55798 0
    endloop
  endfacet
  facet normal 0.975321 0.19716 -0.0993813
    outer loop
      vertex 0.675584 3.82548 5
      vertex 0.685461 3.77662 5
      vertex 0.200922 3.65324 0
    endloop
  endfacet
  facet normal 0.990104 0.0990803 -0.0993813
    outer loop
      vertex 0.670621 3.87508 5
      vertex 0.181169 3.75096 0
      vertex 0.171243 3.85015 0
    endloop
  endfacet
  facet normal 0.916908 -0.386527 -0.0993811
    outer loop
      vertex 0.719515 4.11694 5
      vertex 0.700153 4.07101 5
      vertex 0.230307 4.24202 0
    endloop
  endfacet
  facet normal 0 0 -1
    outer loop
      vertex 1.48174 3.50908 5
      vertex 1.525 3.54841 5
      vertex 1.51912 3.54207 5
    endloop
  endfacet
  facet normal -0 0 -1
    outer loop
      vertex 1.525 3.54841 5
      vertex 1.48174 3.50908 5
      vertex 1.525 4.25159 5
    endloop
  endfacet
  facet normal 0 0 -1
    outer loop
      vertex 1.48174 4.29092 5
      vertex 1.525 4.25159 5
      vertex 1.48174 3.50908 5
    endloop
  endfacet
  facet normal 0 0 -1
    outer loop
      vertex 1.525 4.25159 5
      vertex 1.48174 4.29092 5
      vertex 1.51912 4.25793 5
    endloop
  endfacet
  facet normal 0 0 -1
    outer loop
      vertex 1.44127 3.47999 5
      vertex 1.48174 4.29092 5
      vertex 1.48174 3.50908 5
    endloop
  endfacet
  facet normal 0 0 -1
    outer loop
      vertex 1.44127 3.47999 5
      vertex 1.44127 4.32001 5
      vertex 1.48174 4.29092 5
    endloop
  endfacet
  facet normal 0 0 -1
    outer loop
      vertex 1.3981 3.45506 5
      vertex 1.44127 4.32001 5
      vertex 1.44127 3.47999 5
    endloop
  endfacet
  facet normal 0 0 -1
    outer loop
      vertex 1.3981 3.45506 5
      vertex 1.3981 4.34494 5
      vertex 1.44127 4.32001 5
    endloop
  endfacet
  facet normal 0 0 -1
    outer loop
      vertex 1.35267 3.43456 5
      vertex 1.3981 4.34494 5
      vertex 1.3981 3.45506 5
    endloop
  endfacet
  facet normal 0 0 -1
    outer loop
      vertex 1.35267 3.43456 5
      vertex 1.35267 4.36544 5
      vertex 1.3981 4.34494 5
    endloop
  endfacet
  facet normal 0 0 -1
    outer loop
      vertex 1.30542 3.41869 5
      vertex 1.35267 4.36544 5
      vertex 1.35267 3.43456 5
    endloop
  endfacet
  facet normal 0 0 -1
    outer loop
      vertex 1.30542 3.41869 5
      vertex 1.30542 4.38131 5
      vertex 1.35267 4.36544 5
    endloop
  endfacet
  facet normal 0 0 -1
    outer loop
      vertex 1.25682 3.4076 5
      vertex 1.30542 4.38131 5
      vertex 1.30542 3.41869 5
    endloop
  endfacet
  facet normal 0 0 -1
    outer loop
      vertex 1.25682 3.4076 5
      vertex 1.25682 4.3924 5
      vertex 1.30542 4.38131 5
    endloop
  endfacet
  facet normal 0 0 -1
    outer loop
      vertex 1.20737 3.4014 5
      vertex 1.25682 4.3924 5
      vertex 1.25682 3.4076 5
    endloop
  endfacet
  facet normal 0 0 -1
    outer loop
      vertex 1.20737 3.4014 5
      vertex 1.20737 4.3986 5
      vertex 1.25682 4.3924 5
    endloop
  endfacet
  facet normal 0 0 -1
    outer loop
      vertex 1.15753 3.40016 5
      vertex 1.20737 4.3986 5
      vertex 1.20737 3.4014 5
    endloop
  endfacet
  facet normal 0 0 -1
    outer loop
      vertex 1.15753 3.40016 5
      vertex 1.15753 4.39984 5
      vertex 1.20737 4.3986 5
    endloop
  endfacet
  facet normal 0 0 -1
    outer loop
      vertex 1.10783 3.40388 5
      vertex 1.15753 4.39984 5
      vertex 1.15753 3.40016 5
    endloop
  endfacet
  facet normal 0 0 -1
    outer loop
      vertex 1.10783 3.40388 5
      vertex 1.10783 4.39612 5
      vertex 1.15753 4.39984 5
    endloop
  endfacet
  facet normal 0 0 -1
    outer loop
      vertex 1.05874 3.41254 5
      vertex 1.10783 4.39612 5
      vertex 1.10783 3.40388 5
    endloop
  endfacet
  facet normal 0 0 -1
    outer loop
      vertex 1.05874 3.41254 5
      vertex 1.05874 4.38746 5
      vertex 1.10783 4.39612 5
    endloop
  endfacet
  facet normal 0 0 -1
    outer loop
      vertex 1.01076 3.42604 5
      vertex 1.05874 4.38746 5
      vertex 1.05874 3.41254 5
    endloop
  endfacet
  facet normal 0 0 -1
    outer loop
      vertex 1.01076 3.42604 5
      vertex 1.01076 4.37396 5
      vertex 1.05874 4.38746 5
    endloop
  endfacet
  facet normal 0 0 -1
    outer loop
      vertex 0.964356 3.44425 5
      vertex 1.01076 4.37396 5
      vertex 1.01076 3.42604 5
    endloop
  endfacet
  facet normal 0 0 -1
    outer loop
      vertex 0.964356 3.44425 5
      vertex 0.964356 4.35575 5
      vertex 1.01076 4.37396 5
    endloop
  endfacet
  facet normal 0 0 -1
    outer loop
      vertex 0.919999 3.46699 5
      vertex 0.964356 4.35575 5
      vertex 0.964356 3.44425 5
    endloop
  endfacet
  facet normal 0 0 -1
    outer loop
      vertex 0.919999 3.46699 5
      vertex 0.919999 4.33301 5
      vertex 0.964356 4.35575 5
    endloop
  endfacet
  facet normal 0 0 -1
    outer loop
      vertex 0.878128 3.49403 5
      vertex 0.919999 4.33301 5
      vertex 0.919999 3.46699 5
    endloop
  endfacet
  facet normal 0 0 -1
    outer loop
      vertex 0.878128 3.49403 5
      vertex 0.878128 4.30597 5
      vertex 0.919999 4.33301 5
    endloop
  endfacet
  facet normal 0 0 -1
    outer loop
      vertex 0.839156 3.52511 5
      vertex 0.878128 4.30597 5
      vertex 0.878128 3.49403 5
    endloop
  endfacet
  facet normal 0 0 -1
    outer loop
      vertex 0.839156 3.52511 5
      vertex 0.839156 4.27489 5
      vertex 0.878128 4.30597 5
    endloop
  endfacet
  facet normal 0 0 -1
    outer loop
      vertex 0.803473 3.55991 5
      vertex 0.839156 4.27489 5
      vertex 0.839156 3.52511 5
    endloop
  endfacet
  facet normal 0 0 -1
    outer loop
      vertex 0.803473 3.55991 5
      vertex 0.803473 4.24009 5
      vertex 0.839156 4.27489 5
    endloop
  endfacet
  facet normal 0 0 -1
    outer loop
      vertex 0.771433 3.5981 5
      vertex 0.803473 4.24009 5
      vertex 0.803473 3.55991 5
    endloop
  endfacet
  facet normal 0 0 -1
    outer loop
      vertex 0.771433 3.5981 5
      vertex 0.771433 4.2019 5
      vertex 0.803473 4.24009 5
    endloop
  endfacet
  facet normal 0 0 -1
    outer loop
      vertex 0.743354 3.63928 5
      vertex 0.771433 4.2019 5
      vertex 0.771433 3.5981 5
    endloop
  endfacet
  facet normal 0 0 -1
    outer loop
      vertex 0.743354 3.63928 5
      vertex 0.743354 4.16072 5
      vertex 0.771433 4.2019 5
    endloop
  endfacet
  facet normal 0 0 -1
    outer loop
      vertex 0.719515 3.68306 5
      vertex 0.743354 4.16072 5
      vertex 0.743354 3.63928 5
    endloop
  endfacet
  facet normal 0 0 -1
    outer loop
      vertex 0.719515 3.68306 5
      vertex 0.719515 4.11694 5
      vertex 0.743354 4.16072 5
    endloop
  endfacet
  facet normal 0 0 -1
    outer loop
      vertex 0.700153 3.72899 5
      vertex 0.719515 4.11694 5
      vertex 0.719515 3.68306 5
    endloop
  endfacet
  facet normal 0 0 -1
    outer loop
      vertex 0.700153 3.72899 5
      vertex 0.700153 4.07101 5
      vertex 0.719515 4.11694 5
    endloop
  endfacet
  facet normal 0 0 -1
    outer loop
      vertex 0.685461 3.77662 5
      vertex 0.700153 4.07101 5
      vertex 0.700153 3.72899 5
    endloop
  endfacet
  facet normal 0 0 -1
    outer loop
      vertex 0.685461 3.77662 5
      vertex 0.685461 4.02338 5
      vertex 0.700153 4.07101 5
    endloop
  endfacet
  facet normal 0 0 -1
    outer loop
      vertex 0.675584 3.82548 5
      vertex 0.685461 4.02338 5
      vertex 0.685461 3.77662 5
    endloop
  endfacet
  facet normal 0 0 -1
    outer loop
      vertex 0.675584 3.82548 5
      vertex 0.675584 3.97452 5
      vertex 0.685461 4.02338 5
    endloop
  endfacet
  facet normal 0 0 -1
    outer loop
      vertex 0.670621 3.87508 5
      vertex 0.675584 3.97452 5
      vertex 0.675584 3.82548 5
    endloop
  endfacet
  facet normal 0 0 -1
    outer loop
      vertex 0.675584 3.97452 5
      vertex 0.670621 3.87508 5
      vertex 0.670621 3.92492 5
    endloop
  endfacet
  facet normal 0.990105 -0.0990704 -0.0993813
    outer loop
      vertex 0.675584 3.97452 5
      vertex 0.670621 3.92492 5
      vertex 0.171243 3.94985 0
    endloop
  endfacet
  facet normal -0.123789 0.987319 -0.0993829
    outer loop
      vertex 1.25682 3.4076 5
      vertex 1.34365 2.91519 0
      vertex 1.20737 3.4014 5
    endloop
  endfacet
  facet normal -0.221486 0.970086 -0.0993823
    outer loop
      vertex 1.44084 2.93738 0
      vertex 1.34365 2.91519 0
      vertex 1.25682 3.4076 5
    endloop
  endfacet
  facet normal 0.0742708 0.992274 -0.0993827
    outer loop
      vertex 1.14507 2.90031 0
      vertex 1.10783 3.40388 5
      vertex 1.15753 3.40016 5
    endloop
  endfacet
  facet normal 0.0743626 0.992267 -0.0993813
    outer loop
      vertex 1.10783 3.40388 5
      vertex 1.14507 2.90031 0
      vertex 1.04566 2.90776 0
    endloop
  endfacet
  facet normal -0.0247488 0.994742 -0.0993806
    outer loop
      vertex 1.24473 2.9028 0
      vertex 1.15753 3.40016 5
      vertex 1.20737 3.4014 5
    endloop
  endfacet
  facet normal -0.0248535 0.994739 -0.0993821
    outer loop
      vertex 1.15753 3.40016 5
      vertex 1.24473 2.9028 0
      vertex 1.14507 2.90031 0
    endloop
  endfacet
  facet normal 0.269496 0.95786 -0.0993825
    outer loop
      vertex 1.05874 3.41254 5
      vertex 0.947478 2.92507 0
      vertex 0.851513 2.95207 0
    endloop
  endfacet
  facet normal 0.453944 0.88547 -0.0993825
    outer loop
      vertex 0.919999 3.46699 5
      vertex 0.964356 3.44425 5
      vertex 0.669999 3.03397 0
    endloop
  endfacet
  facet normal 0.363521 0.92627 -0.0993824
    outer loop
      vertex 0.964356 3.44425 5
      vertex 0.851513 2.95207 0
      vertex 0.758713 2.98849 0
    endloop
  endfacet
  facet normal 0.453944 0.88547 -0.0993825
    outer loop
      vertex 0.964356 3.44425 5
      vertex 0.758713 2.98849 0
      vertex 0.669999 3.03397 0
    endloop
  endfacet
  facet normal -0.221369 -0.970113 -0.0993806
    outer loop
      vertex 1.44084 4.86262 0
      vertex 1.30542 4.38131 5
      vertex 1.25682 4.3924 5
    endloop
  endfacet
  facet normal -0.497572 -0.861709 -0.099394
    outer loop
      vertex 1.71255 4.74003 0
      vertex 1.66914 4.67282 0.799999
      vertex 1.66223 4.67681 0.799999
    endloop
  endfacet
  facet normal -0.497611 -0.861688 -0.0993858
    outer loop
      vertex 1.3981 4.34494 5
      vertex 1.525 4.44965 3.45678
      vertex 1.44127 4.32001 5
    endloop
  endfacet
  facet normal -0.497508 -0.861747 -0.0993814
    outer loop
      vertex 1.525 4.44965 3.45678
      vertex 1.3981 4.34494 5
      vertex 1.525 4.50438 2.98221
    endloop
  endfacet
  facet normal -0.658433 0.746051 -0.099374
    outer loop
      vertex 1.525 3.53604 4.91577
      vertex 1.48174 3.50908 5
      vertex 1.51912 3.54207 5
    endloop
  endfacet
  facet normal -0.658438 0.746045 -0.0993785
    outer loop
      vertex 1.48174 3.50908 5
      vertex 1.525 3.53604 4.91577
      vertex 1.525 3.47272 4.44042
    endloop
  endfacet
  facet normal -0.658594 0.745907 -0.099384
    outer loop
      vertex 1.81238 3.2414 0.799999
      vertex 1.86824 3.18413 0
      vertex 1.8064 3.23612 0.799999
    endloop
  endfacet
  facet normal -0.896476 0.431802 -0.0993859
    outer loop
      vertex 2.09148 3.51156 0
      vertex 1.97796 3.46001 0.799999
      vertex 2.01776 3.54264 0.799999
    endloop
  endfacet
  facet normal -0.89647 0.431815 -0.0993842
    outer loop
      vertex 1.97796 3.46001 0.799999
      vertex 2.09148 3.51156 0
      vertex 2.04822 3.42175 0
    endloop
  endfacet
  facet normal -0.934885 0.340752 -0.099388
    outer loop
      vertex 2.02049 3.55013 0.799999
      vertex 2.09148 3.51156 0
      vertex 2.01776 3.54264 0.799999
    endloop
  endfacet
  facet normal -0.983922 0.148399 -0.0993787
    outer loop
      vertex 2.08543 3.8084 0.799999
      vertex 2.16503 3.80043 0
      vertex 2.08424 3.80051 0.799999
    endloop
  endfacet
  facet normal -0.993796 0.0499395 -0.0993803
    outer loop
      vertex 2.08583 3.81636 0.799999
      vertex 2.16503 3.80043 0
      vertex 2.08543 3.8084 0.799999
    endloop
  endfacet
  facet normal 0.453944 -0.88547 -0.0993825
    outer loop
      vertex 0.964356 4.35575 5
      vertex 0.919999 4.33301 5
      vertex 0.758713 4.81151 0
    endloop
  endfacet
  facet normal 0.873893 0.475851 -0.0993812
    outer loop
      vertex 0.719515 3.68306 5
      vertex 0.316709 3.37856 0
      vertex 0.269031 3.46612 0
    endloop
  endfacet
  facet normal 0.990105 0.0990704 -0.0993811
    outer loop
      vertex 0.670621 3.87508 5
      vertex 0.675584 3.82548 5
      vertex 0.181169 3.75096 0
    endloop
  endfacet
  facet normal 0.975323 0.197151 -0.0993812
    outer loop
      vertex 0.675584 3.82548 5
      vertex 0.200922 3.65324 0
      vertex 0.181169 3.75096 0
    endloop
  endfacet
  facet normal -0.221369 0.970113 -0.0993806
    outer loop
      vertex 1.30542 3.41869 5
      vertex 1.44084 2.93738 0
      vertex 1.25682 3.4076 5
    endloop
  endfacet
  facet normal 0.172768 0.979936 -0.0993824
    outer loop
      vertex 1.05874 3.41254 5
      vertex 1.04566 2.90776 0
      vertex 0.947478 2.92507 0
    endloop
  endfacet
  facet normal 0.172868 0.979918 -0.0993809
    outer loop
      vertex 1.05874 3.41254 5
      vertex 1.10783 3.40388 5
      vertex 1.04566 2.90776 0
    endloop
  endfacet
  facet normal 0.539816 0.835896 -0.0993812
    outer loop
      vertex 0.878128 3.49403 5
      vertex 0.919999 3.46699 5
      vertex 0.586256 3.08806 0
    endloop
  endfacet
  facet normal 0.873893 0.475851 -0.0993812
    outer loop
      vertex 0.719515 3.68306 5
      vertex 0.743354 3.63928 5
      vertex 0.316709 3.37856 0
    endloop
  endfacet
  facet normal 0.822121 0.560572 -0.0993812
    outer loop
      vertex 0.743354 3.63928 5
      vertex 0.771433 3.5981 5
      vertex 0.316709 3.37856 0
    endloop
  endfacet
  facet normal 0.694788 0.712315 -0.0993803
    outer loop
      vertex 0.803473 3.55991 5
      vertex 0.508314 3.15022 0
      vertex 0.436948 3.21983 0
    endloop
  endfacet
  facet normal 0.694737 0.712365 -0.0993813
    outer loop
      vertex 0.803473 3.55991 5
      vertex 0.839156 3.52511 5
      vertex 0.508314 3.15022 0
    endloop
  endfacet
  facet normal 0.269509 0.957856 -0.0993827
    outer loop
      vertex 1.01076 3.42604 5
      vertex 1.05874 3.41254 5
      vertex 0.851513 2.95207 0
    endloop
  endfacet
  facet normal -0.123666 0.987335 -0.0993823
    outer loop
      vertex 6.71682 3.4076 5
      vertex 6.80365 2.91519 0
      vertex 6.70473 2.9028 0
    endloop
  endfacet
  facet normal 0.0743626 -0.992267 -0.0993813
    outer loop
      vertex 6.60507 4.89969 0
      vertex 6.56783 4.39612 5
      vertex 6.50566 4.89224 0
    endloop
  endfacet
  facet normal -0.221486 0.970086 -0.0993823
    outer loop
      vertex 6.90084 2.93738 0
      vertex 6.80365 2.91519 0
      vertex 6.71682 3.4076 5
    endloop
  endfacet
  facet normal 0.363521 -0.92627 -0.0993821
    outer loop
      vertex 6.275 4.68676 1.36856
      vertex 6.47076 4.37396 5
      vertex 6.42436 4.35575 5
    endloop
  endfacet
  facet normal 0.363378 -0.926326 -0.0993792
    outer loop
      vertex 6.47076 4.37396 5
      vertex 6.275 4.68676 1.36856
      vertex 6.275 4.71379 1.11661
    endloop
  endfacet
  facet normal 0.364382 -0.92593 -0.0993999
    outer loop
      vertex 6.25904 4.7415 0.799999
      vertex 6.25162 4.73858 0.799999
      vertex 6.21871 4.81151 0
    endloop
  endfacet
  facet normal 0.762263 -0.639594 -0.0993744
    outer loop
      vertex 5.95559 4.52576 0.799999
      vertex 5.83287 4.5038 0
      vertex 5.89695 4.58017 0
    endloop
  endfacet
  facet normal 0.76228 -0.639573 -0.0993776
    outer loop
      vertex 5.83287 4.5038 0
      vertex 5.95559 4.52576 0.799999
      vertex 5.89664 4.4555 0.799999
    endloop
  endfacet
  facet normal 0.995049 0 -0.0993807
    outer loop
      vertex 5.71114 3.85414 0.799999
      vertex 5.63124 3.94985 0
      vertex 5.71114 3.94586 0.799999
    endloop
  endfacet
  facet normal 0.995049 0 -0.0993807
    outer loop
      vertex 5.63124 3.94985 0
      vertex 5.71114 3.85414 0.799999
      vertex 5.63124 3.85015 0
    endloop
  endfacet
  facet normal 0.916838 0.386694 -0.0993735
    outer loop
      vertex 5.76548 3.58534 0.799999
      vertex 5.76858 3.57799 0.799999
      vertex 5.69031 3.55798 0
    endloop
  endfacet
  facet normal -0.580775 -0.807975 -0.0993836
    outer loop
      vertex 7.17255 4.74003 0
      vertex 6.94174 4.29092 5
      vertex 6.90127 4.32001 5
    endloop
  endfacet
  facet normal -0.896489 -0.431776 -0.0993807
    outer loop
      vertex 7.50822 4.37825 0
      vertex 7.55148 4.28843 0
      vertex 7.09074 4.09422 5
    endloop
  endfacet
  facet normal -0.849063 -0.51886 -0.0993814
    outer loop
      vertex 7.45624 4.46332 0
      vertex 7.06911 4.13913 5
      vertex 7.04312 4.18166 5
    endloop
  endfacet
  facet normal -0.729464 0.676761 -0.0993821
    outer loop
      vertex 7.39604 3.25721 0
      vertex 7.32824 3.18413 0
      vertex 6.97912 3.54207 5
    endloop
  endfacet
  facet normal -0.935062 0.340268 -0.0993805
    outer loop
      vertex 7.58557 3.60524 0
      vertex 7.55148 3.51156 0
      vertex 7.10779 3.75262 5
    endloop
  endfacet
  facet normal 0.822144 -0.560539 -0.0993707
    outer loop
      vertex 5.89214 4.44891 0.799999
      vertex 5.77671 4.42143 0
      vertex 5.83287 4.5038 0
    endloop
  endfacet
  facet normal 0.822165 -0.560508 -0.0993748
    outer loop
      vertex 5.77671 4.42143 0
      vertex 5.89214 4.44891 0.799999
      vertex 5.84497 4.37972 0.799999
    endloop
  endfacet
  facet normal 0.950825 -0.293352 -0.0993747
    outer loop
      vertex 5.76548 4.21466 0.799999
      vertex 5.66092 4.14676 0
      vertex 5.69031 4.24202 0
    endloop
  endfacet
  facet normal 0.950852 -0.293263 -0.0993858
    outer loop
      vertex 5.66092 4.14676 0
      vertex 5.76548 4.21466 0.799999
      vertex 5.73845 4.12702 0.799999
    endloop
  endfacet
  facet normal 0.620399 0.777964 -0.0993806
    outer loop
      vertex 6.04626 3.08806 0
      vertex 6.02125 3.2102 0.799999
      vertex 6.08672 3.15799 0.799999
    endloop
  endfacet
  facet normal 0.620384 0.777976 -0.0993828
    outer loop
      vertex 6.02125 3.2102 0.799999
      vertex 6.04626 3.08806 0
      vertex 5.96831 3.15022 0
    endloop
  endfacet
  facet normal 0.62088 0.77758 -0.0993832
    outer loop
      vertex 6.275 3.49774 4.63492
      vertex 6.29916 3.52511 5
      vertex 6.275 3.48336 4.52241
    endloop
  endfacet
  facet normal -0.316907 -0.943236 -0.0993799
    outer loop
      vertex 6.90084 4.86262 0
      vertex 6.99534 4.83087 0
      vertex 6.81267 4.36544 5
    endloop
  endfacet
  facet normal -0.84909 -0.518816 -0.0993806
    outer loop
      vertex 7.45624 4.46332 0
      vertex 7.50822 4.37825 0
      vertex 7.06911 4.13913 5
    endloop
  endfacet
  facet normal -0.964286 -0.245513 -0.0993805
    outer loop
      vertex 7.61017 4.09815 0
      vertex 7.12009 3.99907 5
      vertex 7.10779 4.04738 5
    endloop
  endfacet
  facet normal -0.316907 0.943236 -0.0993799
    outer loop
      vertex 6.99534 2.96913 0
      vertex 6.90084 2.93738 0
      vertex 6.81267 3.43456 5
    endloop
  endfacet
  facet normal -0.993812 0.0496058 -0.0993812
    outer loop
      vertex 7.63 3.9 0
      vertex 7.62503 3.80043 0
      vertex 7.13 3.9 5
    endloop
  endfacet
  facet normal 0.873863 -0.475908 -0.0993751
    outer loop
      vertex 5.84497 4.37972 0.799999
      vertex 5.72903 4.33388 0
      vertex 5.77671 4.42143 0
    endloop
  endfacet
  facet normal 0.873897 -0.475843 -0.0993839
    outer loop
      vertex 5.72903 4.33388 0
      vertex 5.84497 4.37972 0.799999
      vertex 5.80111 4.29917 0.799999
    endloop
  endfacet
  facet normal 0.620384 -0.777976 -0.0993828
    outer loop
      vertex 6.04626 4.71194 0
      vertex 6.02125 4.5898 0.799999
      vertex 5.96831 4.64978 0
    endloop
  endfacet
  facet normal 0.620399 -0.777964 -0.0993806
    outer loop
      vertex 6.02125 4.5898 0.799999
      vertex 6.04626 4.71194 0
      vertex 6.08672 4.64201 0.799999
    endloop
  endfacet
  facet normal 0.62088 -0.77758 -0.0993832
    outer loop
      vertex 6.275 4.31664 4.52241
      vertex 6.29916 4.27489 5
      vertex 6.275 4.30226 4.63492
    endloop
  endfacet
  facet normal 0.363339 -0.926341 -0.0993834
    outer loop
      vertex 6.25904 4.7415 0.799999
      vertex 6.21871 4.81151 0
      vertex 6.275 4.74776 0.799999
    endloop
  endfacet
  facet normal 0.363685 -0.926206 -0.099375
    outer loop
      vertex 6.31151 4.84793 0
      vertex 6.275 4.71379 1.11661
      vertex 6.275 4.74776 0.799999
    endloop
  endfacet
  facet normal 0.363589 -0.926243 -0.0993826
    outer loop
      vertex 6.275 4.71379 1.11661
      vertex 6.31151 4.84793 0
      vertex 6.47076 4.37396 5
    endloop
  endfacet
  facet normal 0.363521 -0.926269 -0.0993904
    outer loop
      vertex 6.31151 4.84793 0
      vertex 6.275 4.74776 0.799999
      vertex 6.21871 4.81151 0
    endloop
  endfacet
  facet normal 0.539831 0.835886 -0.0993837
    outer loop
      vertex 6.275 3.34777 3.42694
      vertex 6.38 3.46699 5
      vertex 6.275 3.28512 2.90001
    endloop
  endfacet
  facet normal 0.539802 0.835904 -0.09939
    outer loop
      vertex 6.13 3.03397 0
      vertex 6.09965 3.14869 0.799999
      vertex 6.17 3.10326 0.799999
    endloop
  endfacet
  facet normal 0.539896 0.835845 -0.099378
    outer loop
      vertex 6.09965 3.14869 0.799999
      vertex 6.13 3.03397 0
      vertex 6.04626 3.08806 0
    endloop
  endfacet
  facet normal 0.82211 0.560589 -0.0993776
    outer loop
      vertex 5.89664 3.3445 0.799999
      vertex 5.77671 3.37856 0
      vertex 5.84946 3.41369 0.799999
    endloop
  endfacet
  facet normal 0.822112 0.560585 -0.0993781
    outer loop
      vertex 5.77671 3.37856 0
      vertex 5.89664 3.3445 0.799999
      vertex 5.83287 3.2962 0
    endloop
  endfacet
  facet normal 0.950852 0.293263 -0.0993858
    outer loop
      vertex 5.76548 3.58534 0.799999
      vertex 5.66092 3.65324 0
      vertex 5.73845 3.67298 0.799999
    endloop
  endfacet
  facet normal 0.950825 0.293352 -0.0993747
    outer loop
      vertex 5.66092 3.65324 0
      vertex 5.76548 3.58534 0.799999
      vertex 5.69031 3.55798 0
    endloop
  endfacet
  facet normal -0.316817 -0.943266 -0.0993813
    outer loop
      vertex 6.90084 4.86262 0
      vertex 6.81267 4.36544 5
      vertex 6.76542 4.38131 5
    endloop
  endfacet
  facet normal -0.221486 -0.970086 -0.0993823
    outer loop
      vertex 6.80365 4.88481 0
      vertex 6.90084 4.86262 0
      vertex 6.71682 4.3924 5
    endloop
  endfacet
  facet normal -0.409271 -0.906984 -0.0993799
    outer loop
      vertex 6.99534 4.83087 0
      vertex 6.8581 4.34494 5
      vertex 6.81267 4.36544 5
    endloop
  endfacet
  facet normal -0.409234 -0.907001 -0.0993805
    outer loop
      vertex 6.8581 4.34494 5
      vertex 6.99534 4.83087 0
      vertex 7.08621 4.78987 0
    endloop
  endfacet
  facet normal -0.658432 -0.74605 -0.0993826
    outer loop
      vertex 7.32824 4.61587 0
      vertex 6.97912 4.25793 5
      vertex 6.94174 4.29092 5
    endloop
  endfacet
  facet normal -0.793168 -0.600839 -0.0993818
    outer loop
      vertex 7.39604 4.54279 0
      vertex 7.45624 4.46332 0
      vertex 7.01302 4.22139 5
    endloop
  endfacet
  facet normal -0.983963 -0.148123 -0.0993832
    outer loop
      vertex 7.62503 3.99957 0
      vertex 7.12751 3.94978 5
      vertex 7.12009 3.99907 5
    endloop
  endfacet
  facet normal -0.935062 -0.340268 -0.0993799
    outer loop
      vertex 7.55148 4.28843 0
      vertex 7.58557 4.19475 0
      vertex 7.10779 4.04738 5
    endloop
  endfacet
  facet normal -0.896489 -0.431776 -0.0993807
    outer loop
      vertex 7.50822 4.37825 0
      vertex 7.09074 4.09422 5
      vertex 7.06911 4.13913 5
    endloop
  endfacet
  facet normal -0.316817 0.943266 -0.0993813
    outer loop
      vertex 6.81267 3.43456 5
      vertex 6.90084 2.93738 0
      vertex 6.76542 3.41869 5
    endloop
  endfacet
  facet normal -0.658369 0.746105 -0.0993813
    outer loop
      vertex 7.32824 3.18413 0
      vertex 7.25349 3.11817 0
      vertex 6.94174 3.50908 5
    endloop
  endfacet
  facet normal -0.497611 0.861688 -0.0993802
    outer loop
      vertex 6.90127 3.47999 5
      vertex 7.08621 3.01013 0
      vertex 6.8581 3.45506 5
    endloop
  endfacet
  facet normal -0.409234 0.907001 -0.0993805
    outer loop
      vertex 6.99534 2.96913 0
      vertex 6.8581 3.45506 5
      vertex 7.08621 3.01013 0
    endloop
  endfacet
  facet normal -0.409271 0.906984 -0.0993799
    outer loop
      vertex 6.8581 3.45506 5
      vertex 6.99534 2.96913 0
      vertex 6.81267 3.43456 5
    endloop
  endfacet
  facet normal -0.793168 0.600839 -0.0993818
    outer loop
      vertex 7.45624 3.33668 0
      vertex 7.39604 3.25721 0
      vertex 7.01302 3.57861 5
    endloop
  endfacet
  facet normal -0.793132 0.600887 -0.0993809
    outer loop
      vertex 7.04312 3.61834 5
      vertex 7.45624 3.33668 0
      vertex 7.01302 3.57861 5
    endloop
  endfacet
  facet normal -0.964286 0.245513 -0.0993805
    outer loop
      vertex 7.12009 3.80093 5
      vertex 7.61017 3.70185 0
      vertex 7.10779 3.75262 5
    endloop
  endfacet
  facet normal 0.269483 -0.957863 -0.0993825
    outer loop
      vertex 6.40748 4.87493 0
      vertex 6.51874 4.38746 5
      vertex 6.31151 4.84793 0
    endloop
  endfacet
  facet normal 0.172868 -0.979918 -0.0993828
    outer loop
      vertex 6.56783 4.39612 5
      vertex 6.51874 4.38746 5
      vertex 6.40748 4.87493 0
    endloop
  endfacet
  facet normal 0.172771 -0.979935 -0.0993814
    outer loop
      vertex 6.50566 4.89224 0
      vertex 6.56783 4.39612 5
      vertex 6.40748 4.87493 0
    endloop
  endfacet
  facet normal 0.539831 -0.835886 -0.0993837
    outer loop
      vertex 6.275 4.51488 2.90001
      vertex 6.38 4.33301 5
      vertex 6.275 4.45223 3.42694
    endloop
  endfacet
  facet normal 0.539825 -0.835891 -0.0993768
    outer loop
      vertex 6.13 4.76602 0
      vertex 6.09965 4.65131 0.799999
      vertex 6.04626 4.71194 0
    endloop
  endfacet
  facet normal 0.539803 -0.835905 -0.0993796
    outer loop
      vertex 6.09965 4.65131 0.799999
      vertex 6.13 4.76602 0
      vertex 6.17 4.69674 0.799999
    endloop
  endfacet
  facet normal 0.453894 -0.885496 -0.0993833
    outer loop
      vertex 6.275 4.64452 1.74493
      vertex 6.38 4.33301 5
      vertex 6.275 4.51488 2.90001
    endloop
  endfacet
  facet normal 0.454039 -0.885422 -0.0993796
    outer loop
      vertex 6.21871 4.81151 0
      vertex 6.17 4.69674 0.799999
      vertex 6.13 4.76602 0
    endloop
  endfacet
  facet normal 0.454007 -0.885438 -0.0993839
    outer loop
      vertex 6.17 4.69674 0.799999
      vertex 6.21871 4.81151 0
      vertex 6.24452 4.73495 0.799999
    endloop
  endfacet
  facet normal 0.694819 -0.712286 -0.0993747
    outer loop
      vertex 5.96831 4.64978 0
      vertex 5.9613 4.53133 0.799999
      vertex 5.89695 4.58017 0
    endloop
  endfacet
  facet normal 0.694758 -0.712344 -0.0993837
    outer loop
      vertex 5.9613 4.53133 0.799999
      vertex 5.96831 4.64978 0
      vertex 6.02125 4.5898 0.799999
    endloop
  endfacet
  facet normal 0.694103 -0.712982 -0.099386
    outer loop
      vertex 6.275 4.30226 4.63492
      vertex 6.29916 4.27489 5
      vertex 6.275 4.29323 4.6997
    endloop
  endfacet
  facet normal 0.69482 -0.712285 -0.0993747
    outer loop
      vertex 5.9613 4.53133 0.799999
      vertex 5.95559 4.52576 0.799999
      vertex 5.89695 4.58017 0
    endloop
  endfacet
  facet normal 0.694703 -0.712395 -0.0993985
    outer loop
      vertex 6.275 4.29323 4.6997
      vertex 6.29916 4.27489 5
      vertex 6.275 4.25133 5
    endloop
  endfacet
  facet normal 0.821741 -0.561128 -0.0993813
    outer loop
      vertex 5.89664 4.4555 0.799999
      vertex 5.89214 4.44891 0.799999
      vertex 5.83287 4.5038 0
    endloop
  endfacet
  facet normal 0.916922 -0.386493 -0.0993838
    outer loop
      vertex 5.80111 4.29917 0.799999
      vertex 5.69031 4.24202 0
      vertex 5.72903 4.33388 0
    endloop
  endfacet
  facet normal 0.916896 -0.386556 -0.0993757
    outer loop
      vertex 5.69031 4.24202 0
      vertex 5.80111 4.29917 0.799999
      vertex 5.76858 4.22201 0.799999
    endloop
  endfacet
  facet normal 0.990116 -0.0989759 -0.0993725
    outer loop
      vertex 5.71194 3.95379 0.799999
      vertex 5.64117 4.04904 0
      vertex 5.72027 4.03712 0.799999
    endloop
  endfacet
  facet normal 0.9901 -0.0991198 -0.0993883
    outer loop
      vertex 5.64117 4.04904 0
      vertex 5.71194 3.95379 0.799999
      vertex 5.63124 3.94985 0
    endloop
  endfacet
  facet normal 0.975328 -0.197122 -0.0993862
    outer loop
      vertex 5.73687 4.1192 0.799999
      vertex 5.64117 4.04904 0
      vertex 5.66092 4.14676 0
    endloop
  endfacet
  facet normal 0.975304 -0.197247 -0.0993723
    outer loop
      vertex 5.64117 4.04904 0
      vertex 5.73687 4.1192 0.799999
      vertex 5.72027 4.03712 0.799999
    endloop
  endfacet
  facet normal 0.97534 -0.197064 -0.0993853
    outer loop
      vertex 5.73845 4.12702 0.799999
      vertex 5.73687 4.1192 0.799999
      vertex 5.66092 4.14676 0
    endloop
  endfacet
  facet normal -0.123765 0.987323 -0.0993808
    outer loop
      vertex 6.71682 3.4076 5
      vertex 6.70473 2.9028 0
      vertex 6.66736 3.4014 5
    endloop
  endfacet
  facet normal 0.620433 0.777936 -0.0993917
    outer loop
      vertex 6.33813 3.49403 5
      vertex 6.275 3.48336 4.52241
      vertex 6.29916 3.52511 5
    endloop
  endfacet
  facet normal 0.620374 0.777984 -0.099385
    outer loop
      vertex 6.275 3.48336 4.52241
      vertex 6.33813 3.49403 5
      vertex 6.275 3.40622 3.91856
    endloop
  endfacet
  facet normal 0.619927 0.778339 -0.0993895
    outer loop
      vertex 6.08672 3.15799 0.799999
      vertex 6.09296 3.15302 0.799999
      vertex 6.04626 3.08806 0
    endloop
  endfacet
  facet normal 0.363521 0.92627 -0.099383
    outer loop
      vertex 6.42436 3.44425 5
      vertex 6.47076 3.42604 5
      vertex 6.31151 2.95207 0
    endloop
  endfacet
  facet normal 0.822322 0.560277 -0.0993832
    outer loop
      vertex 5.84497 3.42028 0.799999
      vertex 5.84946 3.41369 0.799999
      vertex 5.77671 3.37856 0
    endloop
  endfacet
  facet normal 0.0742708 -0.992274 -0.0993827
    outer loop
      vertex 6.60507 4.89969 0
      vertex 6.61753 4.39984 5
      vertex 6.56783 4.39612 5
    endloop
  endfacet
  facet normal -0.123765 -0.987323 -0.0993808
    outer loop
      vertex 6.70473 4.8972 0
      vertex 6.71682 4.3924 5
      vertex 6.66736 4.3986 5
    endloop
  endfacet
  facet normal -0.123666 -0.987335 -0.0993823
    outer loop
      vertex 6.80365 4.88481 0
      vertex 6.71682 4.3924 5
      vertex 6.70473 4.8972 0
    endloop
  endfacet
  facet normal -0.580907 -0.80788 -0.0993812
    outer loop
      vertex 7.17255 4.74003 0
      vertex 7.25349 4.68183 0
      vertex 6.94174 4.29092 5
    endloop
  endfacet
  facet normal -0.658369 -0.746105 -0.0993813
    outer loop
      vertex 7.25349 4.68183 0
      vertex 7.32824 4.61587 0
      vertex 6.94174 4.29092 5
    endloop
  endfacet
  facet normal -0.497462 -0.861774 -0.0993811
    outer loop
      vertex 7.08621 4.78987 0
      vertex 7.17255 4.74003 0
      vertex 6.8581 4.34494 5
    endloop
  endfacet
  facet normal -0.729464 -0.676761 -0.0993821
    outer loop
      vertex 7.39604 4.54279 0
      vertex 7.01302 4.22139 5
      vertex 6.97912 4.25793 5
    endloop
  endfacet
  facet normal -0.729464 -0.676761 -0.0993821
    outer loop
      vertex 7.32824 4.61587 0
      vertex 7.39604 4.54279 0
      vertex 6.97912 4.25793 5
    endloop
  endfacet
  facet normal -0.964274 -0.24556 -0.0993798
    outer loop
      vertex 7.58557 4.19475 0
      vertex 7.61017 4.09815 0
      vertex 7.10779 4.04738 5
    endloop
  endfacet
  facet normal -0.983934 -0.148319 -0.0993803
    outer loop
      vertex 7.61017 4.09815 0
      vertex 7.62503 3.99957 0
      vertex 7.12009 3.99907 5
    endloop
  endfacet
  facet normal -0.93503 -0.340356 -0.0993813
    outer loop
      vertex 7.55148 4.28843 0
      vertex 7.10779 4.04738 5
      vertex 7.09074 4.09422 5
    endloop
  endfacet
  facet normal -0.993812 -0.0496058 -0.0993823
    outer loop
      vertex 7.63 3.9 0
      vertex 7.12751 3.94978 5
      vertex 7.62503 3.99957 0
    endloop
  endfacet
  facet normal -0.993807 -0.0497103 -0.0993807
    outer loop
      vertex 7.12751 3.94978 5
      vertex 7.63 3.9 0
      vertex 7.13 3.9 5
    endloop
  endfacet
  facet normal -0.793132 -0.600887 -0.0993809
    outer loop
      vertex 7.45624 4.46332 0
      vertex 7.04312 4.18166 5
      vertex 7.01302 4.22139 5
    endloop
  endfacet
  facet normal -0.497462 0.861774 -0.0993828
    outer loop
      vertex 7.17255 3.05997 0
      vertex 7.08621 3.01013 0
      vertex 6.90127 3.47999 5
    endloop
  endfacet
  facet normal -0.580907 0.80788 -0.0993828
    outer loop
      vertex 7.25349 3.11817 0
      vertex 7.17255 3.05997 0
      vertex 6.90127 3.47999 5
    endloop
  endfacet
  facet normal -0.580776 0.807975 -0.0993804
    outer loop
      vertex 6.94174 3.50908 5
      vertex 7.25349 3.11817 0
      vertex 6.90127 3.47999 5
    endloop
  endfacet
  facet normal -0.729464 0.676761 -0.0993821
    outer loop
      vertex 7.01302 3.57861 5
      vertex 7.39604 3.25721 0
      vertex 6.97912 3.54207 5
    endloop
  endfacet
  facet normal -0.849063 0.51886 -0.0993814
    outer loop
      vertex 7.06911 3.66087 5
      vertex 7.45624 3.33668 0
      vertex 7.04312 3.61834 5
    endloop
  endfacet
  facet normal -0.84909 0.518816 -0.0993806
    outer loop
      vertex 7.50822 3.42175 0
      vertex 7.45624 3.33668 0
      vertex 7.06911 3.66087 5
    endloop
  endfacet
  facet normal -0.96428 0.245537 -0.0993801
    outer loop
      vertex 7.61017 3.70185 0
      vertex 7.58557 3.60524 0
      vertex 7.10779 3.75262 5
    endloop
  endfacet
  facet normal -0.983934 0.148319 -0.0993803
    outer loop
      vertex 7.62503 3.80043 0
      vertex 7.61017 3.70185 0
      vertex 7.12009 3.80093 5
    endloop
  endfacet
  facet normal 0.269509 -0.957856 -0.0993829
    outer loop
      vertex 6.51874 4.38746 5
      vertex 6.47076 4.37396 5
      vertex 6.31151 4.84793 0
    endloop
  endfacet
  facet normal 0.539825 -0.835891 -0.0993771
    outer loop
      vertex 6.275 4.39377 3.91856
      vertex 6.38 4.33301 5
      vertex 6.33813 4.30597 5
    endloop
  endfacet
  facet normal 0.539978 -0.83579 -0.0993863
    outer loop
      vertex 6.38 4.33301 5
      vertex 6.275 4.39377 3.91856
      vertex 6.275 4.45223 3.42694
    endloop
  endfacet
  facet normal 0.540665 -0.835346 -0.0993915
    outer loop
      vertex 6.09965 4.65131 0.799999
      vertex 6.09296 4.64698 0.799999
      vertex 6.04626 4.71194 0
    endloop
  endfacet
  facet normal 0.619927 -0.778339 -0.0993895
    outer loop
      vertex 6.09296 4.64698 0.799999
      vertex 6.08672 4.64201 0.799999
      vertex 6.04626 4.71194 0
    endloop
  endfacet
  facet normal 0.620433 -0.777936 -0.0993917
    outer loop
      vertex 6.275 4.31664 4.52241
      vertex 6.33813 4.30597 5
      vertex 6.29916 4.27489 5
    endloop
  endfacet
  facet normal 0.620315 -0.778032 -0.0993783
    outer loop
      vertex 6.33813 4.30597 5
      vertex 6.275 4.31664 4.52241
      vertex 6.275 4.39377 3.91856
    endloop
  endfacet
  facet normal 0.916838 -0.386694 -0.0993735
    outer loop
      vertex 5.76858 4.22201 0.799999
      vertex 5.76548 4.21466 0.799999
      vertex 5.69031 4.24202 0
    endloop
  endfacet
  facet normal 0 0 -1
    outer loop
      vertex 7.12751 3.85022 5
      vertex 7.12751 3.94978 5
      vertex 7.13 3.9 5
    endloop
  endfacet
  facet normal 0 0 -1
    outer loop
      vertex 7.12009 3.80093 5
      vertex 7.12751 3.94978 5
      vertex 7.12751 3.85022 5
    endloop
  endfacet
  facet normal 0 0 -1
    outer loop
      vertex 7.12009 3.80093 5
      vertex 7.12009 3.99907 5
      vertex 7.12751 3.94978 5
    endloop
  endfacet
  facet normal 0 0 -1
    outer loop
      vertex 7.10779 3.75262 5
      vertex 7.12009 3.99907 5
      vertex 7.12009 3.80093 5
    endloop
  endfacet
  facet normal 0 0 -1
    outer loop
      vertex 7.10779 3.75262 5
      vertex 7.10779 4.04738 5
      vertex 7.12009 3.99907 5
    endloop
  endfacet
  facet normal 0 0 -1
    outer loop
      vertex 7.09074 3.70578 5
      vertex 7.10779 4.04738 5
      vertex 7.10779 3.75262 5
    endloop
  endfacet
  facet normal 0 0 -1
    outer loop
      vertex 7.09074 3.70578 5
      vertex 7.09074 4.09422 5
      vertex 7.10779 4.04738 5
    endloop
  endfacet
  facet normal 0 0 -1
    outer loop
      vertex 7.06911 3.66087 5
      vertex 7.09074 4.09422 5
      vertex 7.09074 3.70578 5
    endloop
  endfacet
  facet normal 0 0 -1
    outer loop
      vertex 7.06911 3.66087 5
      vertex 7.06911 4.13913 5
      vertex 7.09074 4.09422 5
    endloop
  endfacet
  facet normal 0 0 -1
    outer loop
      vertex 7.04312 3.61834 5
      vertex 7.06911 4.13913 5
      vertex 7.06911 3.66087 5
    endloop
  endfacet
  facet normal 0 0 -1
    outer loop
      vertex 7.04312 3.61834 5
      vertex 7.04312 4.18166 5
      vertex 7.06911 4.13913 5
    endloop
  endfacet
  facet normal 0 0 -1
    outer loop
      vertex 7.01302 3.57861 5
      vertex 7.04312 4.18166 5
      vertex 7.04312 3.61834 5
    endloop
  endfacet
  facet normal 0 0 -1
    outer loop
      vertex 7.01302 3.57861 5
      vertex 7.01302 4.22139 5
      vertex 7.04312 4.18166 5
    endloop
  endfacet
  facet normal 0 0 -1
    outer loop
      vertex 6.97912 3.54207 5
      vertex 7.01302 4.22139 5
      vertex 7.01302 3.57861 5
    endloop
  endfacet
  facet normal 0 0 -1
    outer loop
      vertex 6.97912 3.54207 5
      vertex 6.97912 4.25793 5
      vertex 7.01302 4.22139 5
    endloop
  endfacet
  facet normal 0 0 -1
    outer loop
      vertex 6.94174 3.50908 5
      vertex 6.97912 4.25793 5
      vertex 6.97912 3.54207 5
    endloop
  endfacet
  facet normal 0 0 -1
    outer loop
      vertex 6.94174 3.50908 5
      vertex 6.94174 4.29092 5
      vertex 6.97912 4.25793 5
    endloop
  endfacet
  facet normal 0 0 -1
    outer loop
      vertex 6.90127 3.47999 5
      vertex 6.94174 4.29092 5
      vertex 6.94174 3.50908 5
    endloop
  endfacet
  facet normal 0 0 -1
    outer loop
      vertex 6.90127 3.47999 5
      vertex 6.90127 4.32001 5
      vertex 6.94174 4.29092 5
    endloop
  endfacet
  facet normal 0 0 -1
    outer loop
      vertex 6.8581 3.45506 5
      vertex 6.90127 4.32001 5
      vertex 6.90127 3.47999 5
    endloop
  endfacet
  facet normal 0 0 -1
    outer loop
      vertex 6.8581 3.45506 5
      vertex 6.8581 4.34494 5
      vertex 6.90127 4.32001 5
    endloop
  endfacet
  facet normal 0 0 -1
    outer loop
      vertex 6.81267 3.43456 5
      vertex 6.8581 4.34494 5
      vertex 6.8581 3.45506 5
    endloop
  endfacet
  facet normal 0 0 -1
    outer loop
      vertex 6.81267 3.43456 5
      vertex 6.81267 4.36544 5
      vertex 6.8581 4.34494 5
    endloop
  endfacet
  facet normal 0 0 -1
    outer loop
      vertex 6.76542 3.41869 5
      vertex 6.81267 4.36544 5
      vertex 6.81267 3.43456 5
    endloop
  endfacet
  facet normal 0 0 -1
    outer loop
      vertex 6.76542 3.41869 5
      vertex 6.76542 4.38131 5
      vertex 6.81267 4.36544 5
    endloop
  endfacet
  facet normal 0 0 -1
    outer loop
      vertex 6.71682 3.4076 5
      vertex 6.76542 4.38131 5
      vertex 6.76542 3.41869 5
    endloop
  endfacet
  facet normal 0 0 -1
    outer loop
      vertex 6.71682 3.4076 5
      vertex 6.71682 4.3924 5
      vertex 6.76542 4.38131 5
    endloop
  endfacet
  facet normal 0 0 -1
    outer loop
      vertex 6.66736 3.4014 5
      vertex 6.71682 4.3924 5
      vertex 6.71682 3.4076 5
    endloop
  endfacet
  facet normal 0 0 -1
    outer loop
      vertex 6.66736 3.4014 5
      vertex 6.66736 4.3986 5
      vertex 6.71682 4.3924 5
    endloop
  endfacet
  facet normal 0 0 -1
    outer loop
      vertex 6.61753 3.40016 5
      vertex 6.66736 4.3986 5
      vertex 6.66736 3.4014 5
    endloop
  endfacet
  facet normal 0 0 -1
    outer loop
      vertex 6.61753 3.40016 5
      vertex 6.61753 4.39984 5
      vertex 6.66736 4.3986 5
    endloop
  endfacet
  facet normal 0 0 -1
    outer loop
      vertex 6.56783 3.40388 5
      vertex 6.61753 4.39984 5
      vertex 6.61753 3.40016 5
    endloop
  endfacet
  facet normal 0 0 -1
    outer loop
      vertex 6.56783 3.40388 5
      vertex 6.56783 4.39612 5
      vertex 6.61753 4.39984 5
    endloop
  endfacet
  facet normal 0 0 -1
    outer loop
      vertex 6.51874 3.41254 5
      vertex 6.56783 4.39612 5
      vertex 6.56783 3.40388 5
    endloop
  endfacet
  facet normal 0 0 -1
    outer loop
      vertex 6.51874 3.41254 5
      vertex 6.51874 4.38746 5
      vertex 6.56783 4.39612 5
    endloop
  endfacet
  facet normal 0 0 -1
    outer loop
      vertex 6.47076 3.42604 5
      vertex 6.51874 4.38746 5
      vertex 6.51874 3.41254 5
    endloop
  endfacet
  facet normal 0 0 -1
    outer loop
      vertex 6.47076 3.42604 5
      vertex 6.47076 4.37396 5
      vertex 6.51874 4.38746 5
    endloop
  endfacet
  facet normal 0 0 -1
    outer loop
      vertex 6.42436 3.44425 5
      vertex 6.47076 4.37396 5
      vertex 6.47076 3.42604 5
    endloop
  endfacet
  facet normal 0 0 -1
    outer loop
      vertex 6.42436 3.44425 5
      vertex 6.42436 4.35575 5
      vertex 6.47076 4.37396 5
    endloop
  endfacet
  facet normal 0 0 -1
    outer loop
      vertex 6.38 3.46699 5
      vertex 6.42436 4.35575 5
      vertex 6.42436 3.44425 5
    endloop
  endfacet
  facet normal 0 0 -1
    outer loop
      vertex 6.38 3.46699 5
      vertex 6.38 4.33301 5
      vertex 6.42436 4.35575 5
    endloop
  endfacet
  facet normal 0 0 -1
    outer loop
      vertex 6.33813 3.49403 5
      vertex 6.38 4.33301 5
      vertex 6.38 3.46699 5
    endloop
  endfacet
  facet normal 0 0 -1
    outer loop
      vertex 6.33813 3.49403 5
      vertex 6.33813 4.30597 5
      vertex 6.38 4.33301 5
    endloop
  endfacet
  facet normal 0 0 -1
    outer loop
      vertex 6.275 3.54867 5
      vertex 6.33813 3.49403 5
      vertex 6.29916 3.52511 5
    endloop
  endfacet
  facet normal 0 0 -1
    outer loop
      vertex 6.33813 3.49403 5
      vertex 6.275 3.54867 5
      vertex 6.33813 4.30597 5
    endloop
  endfacet
  facet normal 0 0 -1
    outer loop
      vertex 6.275 4.25133 5
      vertex 6.33813 4.30597 5
      vertex 6.275 3.54867 5
    endloop
  endfacet
  facet normal 0 0 -1
    outer loop
      vertex 6.33813 4.30597 5
      vertex 6.275 4.25133 5
      vertex 6.29916 4.27489 5
    endloop
  endfacet
  facet normal 0.990025 -0.0998764 -0.099377
    outer loop
      vertex 5.71194 3.95379 0.799999
      vertex 5.71114 3.94586 0.799999
      vertex 5.63124 3.94985 0
    endloop
  endfacet
  facet normal -0.221369 0.970113 -0.0993806
    outer loop
      vertex 6.76542 3.41869 5
      vertex 6.90084 2.93738 0
      vertex 6.71682 3.4076 5
    endloop
  endfacet
  facet normal -0.0248535 0.994739 -0.0993821
    outer loop
      vertex 6.61753 3.40016 5
      vertex 6.70473 2.9028 0
      vertex 6.60507 2.90031 0
    endloop
  endfacet
  facet normal 0.0742708 0.992274 -0.0993827
    outer loop
      vertex 6.61753 3.40016 5
      vertex 6.60507 2.90031 0
      vertex 6.56783 3.40388 5
    endloop
  endfacet
  facet normal 0.172771 0.979935 -0.0993814
    outer loop
      vertex 6.56783 3.40388 5
      vertex 6.50566 2.90776 0
      vertex 6.40748 2.92507 0
    endloop
  endfacet
  facet normal 0.45392 0.885483 -0.0993835
    outer loop
      vertex 6.42436 3.44425 5
      vertex 6.275 3.28512 2.90001
      vertex 6.38 3.46699 5
    endloop
  endfacet
  facet normal 0.453979 0.885452 -0.0993854
    outer loop
      vertex 6.275 3.28512 2.90001
      vertex 6.42436 3.44425 5
      vertex 6.275 3.23607 2.46301
    endloop
  endfacet
  facet normal 0.453956 0.885464 -0.0993901
    outer loop
      vertex 6.17 3.10326 0.799999
      vertex 6.1771 3.09962 0.799999
      vertex 6.13 3.03397 0
    endloop
  endfacet
  facet normal 0.363562 0.926254 -0.0993823
    outer loop
      vertex 6.31151 2.95207 0
      vertex 6.275 3.11324 1.36856
      vertex 6.42436 3.44425 5
    endloop
  endfacet
  facet normal 0.363759 0.926178 -0.0993682
    outer loop
      vertex 6.275 3.11324 1.36856
      vertex 6.31151 2.95207 0
      vertex 6.275 3.05224 0.799999
    endloop
  endfacet
  facet normal 0.363326 0.926343 -0.0994086
    outer loop
      vertex 6.31151 2.95207 0
      vertex 6.25162 3.06141 0.799999
      vertex 6.275 3.05224 0.799999
    endloop
  endfacet
  facet normal 0.363521 0.92627 -0.0993839
    outer loop
      vertex 6.25162 3.06141 0.799999
      vertex 6.31151 2.95207 0
      vertex 6.21871 2.98849 0
    endloop
  endfacet
  facet normal 0.454007 0.885438 -0.0993845
    outer loop
      vertex 6.21871 2.98849 0
      vertex 6.1771 3.09962 0.799999
      vertex 6.25162 3.06141 0.799999
    endloop
  endfacet
  facet normal 0.45396 0.885461 -0.0993902
    outer loop
      vertex 6.1771 3.09962 0.799999
      vertex 6.21871 2.98849 0
      vertex 6.13 3.03397 0
    endloop
  endfacet
  facet normal 0.453829 0.88553 -0.0993829
    outer loop
      vertex 6.275 3.23607 2.46301
      vertex 6.42436 3.44425 5
      vertex 6.275 3.11324 1.36856
    endloop
  endfacet
  facet normal 0.916896 0.386556 -0.0993757
    outer loop
      vertex 5.80111 3.50083 0.799999
      vertex 5.69031 3.55798 0
      vertex 5.76858 3.57799 0.799999
    endloop
  endfacet
  facet normal 0.916922 0.386493 -0.0993838
    outer loop
      vertex 5.69031 3.55798 0
      vertex 5.80111 3.50083 0.799999
      vertex 5.72903 3.46612 0
    endloop
  endfacet
  facet normal 0.975304 0.197247 -0.0993723
    outer loop
      vertex 5.73687 3.6808 0.799999
      vertex 5.64117 3.75096 0
      vertex 5.72027 3.76288 0.799999
    endloop
  endfacet
  facet normal 0.975328 0.197122 -0.0993862
    outer loop
      vertex 5.64117 3.75096 0
      vertex 5.73687 3.6808 0.799999
      vertex 5.66092 3.65324 0
    endloop
  endfacet
  facet normal 0.873979 0.475694 -0.0993798
    outer loop
      vertex 5.84116 3.42728 0.799999
      vertex 5.84497 3.42028 0.799999
      vertex 5.77671 3.37856 0
    endloop
  endfacet
  facet normal 0.87389 0.475857 -0.0993838
    outer loop
      vertex 5.84116 3.42728 0.799999
      vertex 5.72903 3.46612 0
      vertex 5.80111 3.50083 0.799999
    endloop
  endfacet
  facet normal 0.873885 0.475866 -0.0993827
    outer loop
      vertex 5.72903 3.46612 0
      vertex 5.84116 3.42728 0.799999
      vertex 5.77671 3.37856 0
    endloop
  endfacet
  facet normal 0.76228 0.639573 -0.0993776
    outer loop
      vertex 5.95559 3.27424 0.799999
      vertex 5.83287 3.2962 0
      vertex 5.89664 3.3445 0.799999
    endloop
  endfacet
  facet normal 0.762263 0.639594 -0.0993744
    outer loop
      vertex 5.83287 3.2962 0
      vertex 5.95559 3.27424 0.799999
      vertex 5.89695 3.21983 0
    endloop
  endfacet
  facet normal -0.0247538 -0.994742 -0.0993806
    outer loop
      vertex 6.70473 4.8972 0
      vertex 6.66736 4.3986 5
      vertex 6.61753 4.39984 5
    endloop
  endfacet
  facet normal -0.0248535 -0.994739 -0.0993821
    outer loop
      vertex 6.70473 4.8972 0
      vertex 6.61753 4.39984 5
      vertex 6.60507 4.89969 0
    endloop
  endfacet
  facet normal -0.221369 -0.970113 -0.0993806
    outer loop
      vertex 6.90084 4.86262 0
      vertex 6.76542 4.38131 5
      vertex 6.71682 4.3924 5
    endloop
  endfacet
  facet normal -0.497611 -0.861688 -0.0993836
    outer loop
      vertex 7.17255 4.74003 0
      vertex 6.90127 4.32001 5
      vertex 6.8581 4.34494 5
    endloop
  endfacet
  facet normal -0.658432 0.74605 -0.0993826
    outer loop
      vertex 6.97912 3.54207 5
      vertex 7.32824 3.18413 0
      vertex 6.94174 3.50908 5
    endloop
  endfacet
  facet normal -0.896489 0.431776 -0.0993816
    outer loop
      vertex 7.55148 3.51156 0
      vertex 7.06911 3.66087 5
      vertex 7.09074 3.70578 5
    endloop
  endfacet
  facet normal -0.89647 0.431815 -0.0993809
    outer loop
      vertex 7.06911 3.66087 5
      vertex 7.55148 3.51156 0
      vertex 7.50822 3.42175 0
    endloop
  endfacet
  facet normal -0.93503 0.340356 -0.0993819
    outer loop
      vertex 7.10779 3.75262 5
      vertex 7.55148 3.51156 0
      vertex 7.09074 3.70578 5
    endloop
  endfacet
  facet normal -0.983963 0.148123 -0.0993832
    outer loop
      vertex 7.12751 3.85022 5
      vertex 7.62503 3.80043 0
      vertex 7.12009 3.80093 5
    endloop
  endfacet
  facet normal -0.993807 0.0497103 -0.0993828
    outer loop
      vertex 7.13 3.9 5
      vertex 7.62503 3.80043 0
      vertex 7.12751 3.85022 5
    endloop
  endfacet
  facet normal 0.45392 -0.885483 -0.0993829
    outer loop
      vertex 6.275 4.64452 1.74493
      vertex 6.42436 4.35575 5
      vertex 6.38 4.33301 5
    endloop
  endfacet
  facet normal 0.45383 -0.885529 -0.0993829
    outer loop
      vertex 6.42436 4.35575 5
      vertex 6.275 4.64452 1.74493
      vertex 6.275 4.68676 1.36856
    endloop
  endfacet
  facet normal 0.452967 -0.885969 -0.0994012
    outer loop
      vertex 6.25162 4.73858 0.799999
      vertex 6.24452 4.73495 0.799999
      vertex 6.21871 4.81151 0
    endloop
  endfacet
  facet normal -0.0247538 0.994742 -0.0993806
    outer loop
      vertex 6.66736 3.4014 5
      vertex 6.70473 2.9028 0
      vertex 6.61753 3.40016 5
    endloop
  endfacet
  facet normal 0.0743626 0.992267 -0.0993813
    outer loop
      vertex 6.56783 3.40388 5
      vertex 6.60507 2.90031 0
      vertex 6.50566 2.90776 0
    endloop
  endfacet
  facet normal 0.269483 0.957863 -0.0993825
    outer loop
      vertex 6.51874 3.41254 5
      vertex 6.40748 2.92507 0
      vertex 6.31151 2.95207 0
    endloop
  endfacet
  facet normal 0.172868 0.979918 -0.0993828
    outer loop
      vertex 6.51874 3.41254 5
      vertex 6.56783 3.40388 5
      vertex 6.40748 2.92507 0
    endloop
  endfacet
  facet normal 0.539825 0.83589 -0.0993847
    outer loop
      vertex 6.38 3.46699 5
      vertex 6.275 3.40622 3.91856
      vertex 6.33813 3.49403 5
    endloop
  endfacet
  facet normal 0.539799 0.835907 -0.0993832
    outer loop
      vertex 6.275 3.40622 3.91856
      vertex 6.38 3.46699 5
      vertex 6.275 3.34777 3.42694
    endloop
  endfacet
  facet normal 0.540665 0.835346 -0.0993915
    outer loop
      vertex 6.09296 3.15302 0.799999
      vertex 6.09965 3.14869 0.799999
      vertex 6.04626 3.08806 0
    endloop
  endfacet
  facet normal 0.990162 0.0985173 -0.0993703
    outer loop
      vertex 5.71948 3.77082 0.799999
      vertex 5.72027 3.76288 0.799999
      vertex 5.64117 3.75096 0
    endloop
  endfacet
  facet normal 0.990102 0.0991052 -0.0993808
    outer loop
      vertex 5.71948 3.77082 0.799999
      vertex 5.63124 3.85015 0
      vertex 5.71114 3.85414 0.799999
    endloop
  endfacet
  facet normal 0.990101 0.0991199 -0.0993792
    outer loop
      vertex 5.63124 3.85015 0
      vertex 5.71948 3.77082 0.799999
      vertex 5.64117 3.75096 0
    endloop
  endfacet
  facet normal 0.97534 0.197064 -0.0993853
    outer loop
      vertex 5.73687 3.6808 0.799999
      vertex 5.73845 3.67298 0.799999
      vertex 5.66092 3.65324 0
    endloop
  endfacet
  facet normal 0.694758 0.712344 -0.0993846
    outer loop
      vertex 5.96831 3.15022 0
      vertex 5.95559 3.27424 0.799999
      vertex 6.01554 3.21577 0.799999
    endloop
  endfacet
  facet normal 0.694819 0.712286 -0.0993747
    outer loop
      vertex 5.95559 3.27424 0.799999
      vertex 5.96831 3.15022 0
      vertex 5.89695 3.21983 0
    endloop
  endfacet
  facet normal 0.69482 0.712284 -0.0993833
    outer loop
      vertex 6.01554 3.21577 0.799999
      vertex 6.02125 3.2102 0.799999
      vertex 5.96831 3.15022 0
    endloop
  endfacet
  facet normal 0.694705 0.712397 -0.0993819
    outer loop
      vertex 6.275 3.54867 5
      vertex 6.29916 3.52511 5
      vertex 6.275 3.49774 4.63492
    endloop
  endfacet
  facet normal 0.269509 0.957856 -0.0993829
    outer loop
      vertex 6.47076 3.42604 5
      vertex 6.51874 3.41254 5
      vertex 6.31151 2.95207 0
    endloop
  endfacet
  facet normal -0.993817 -0.0495112 -0.0993817
    outer loop
      vertex 4.9 1.17 0
      vertex 4.4 1.17 5
      vertex 4.39752 1.21978 5
    endloop
  endfacet
  facet normal -0.993812 -0.0496058 -0.0993803
    outer loop
      vertex 4.89503 1.26957 0
      vertex 4.9 1.17 0
      vertex 4.39752 1.21978 5
    endloop
  endfacet
  facet normal 0.995049 0 -0.0993816
    outer loop
      vertex 3.40062 1.14508 5
      vertex 2.90124 1.21985 0
      vertex 3.40062 1.19492 5
    endloop
  endfacet
  facet normal 0.995049 0 -0.0993816
    outer loop
      vertex 2.90124 1.21985 0
      vertex 3.40062 1.14508 5
      vertex 2.90124 1.12015 0
    endloop
  endfacet
  facet normal -0.983934 -0.148319 -0.0993803
    outer loop
      vertex 4.88017 1.36815 0
      vertex 4.39752 1.21978 5
      vertex 4.39009 1.26907 5
    endloop
  endfacet
  facet normal -0.96428 -0.245536 -0.0993804
    outer loop
      vertex 4.85557 1.46476 0
      vertex 4.88017 1.36815 0
      vertex 4.39009 1.26907 5
    endloop
  endfacet
  facet normal -0.123735 0.987326 -0.0993814
    outer loop
      vertex 4.07365 0.185192 0
      vertex 3.97473 0.172795 0
      vertex 3.93736 0.671397 5
    endloop
  endfacet
  facet normal 0.0736438 -0.99232 -0.0993905
    outer loop
      vertex 3.87507 2.16969 0
      vertex 3.87706 2.08971 0.799999
      vertex 3.86911 2.08912 0.799999
    endloop
  endfacet
  facet normal 0.9901 0.0991198 -0.0993804
    outer loop
      vertex 3.40558 1.09548 5
      vertex 2.91117 1.02096 0
      vertex 2.90124 1.12015 0
    endloop
  endfacet
  facet normal 0.975328 0.197128 -0.0993813
    outer loop
      vertex 3.41546 1.04662 5
      vertex 2.93092 0.923243 0
      vertex 2.91117 1.02096 0
    endloop
  endfacet
  facet normal -0.729464 0.676761 -0.0993813
    outer loop
      vertex 4.28302 0.848606 5
      vertex 4.66604 0.527212 0
      vertex 4.24912 0.812066 5
    endloop
  endfacet
  facet normal -0.983933 0.148323 -0.0993803
    outer loop
      vertex 4.89503 1.07043 0
      vertex 4.88017 0.971853 0
      vertex 4.39752 1.12022 5
    endloop
  endfacet
  facet normal 0.69482 -0.712285 -0.0993747
    outer loop
      vertex 3.2313 1.80133 0.799999
      vertex 3.22559 1.79576 0.799999
      vertex 3.16695 1.85017 0
    endloop
  endfacet
  facet normal 0.694699 -0.712405 -0.0993604
    outer loop
      vertex 3.54876 1.525 5
      vertex 3.53347 1.51009 5
      vertex 3.5174 1.525 4.78074
    endloop
  endfacet
  facet normal 0.173494 -0.979807 -0.0993915
    outer loop
      vertex 3.70313 2.06832 0.799999
      vertex 3.69528 2.06693 0.799999
      vertex 3.67748 2.14493 0
    endloop
  endfacet
  facet normal -0.580841 -0.807926 -0.0993939
    outer loop
      vertex 4.44255 2.01003 0
      vertex 4.46713 1.89394 0.799999
      vertex 4.39914 1.94282 0.799999
    endloop
  endfacet
  facet normal -0.580907 -0.80788 -0.0993852
    outer loop
      vertex 4.46713 1.89394 0.799999
      vertex 4.44255 2.01003 0
      vertex 4.52349 1.95183 0
    endloop
  endfacet
  facet normal 0.620421 0.777947 -0.0993808
    outer loop
      vertex 3.31626 0.358062 0
      vertex 3.56916 0.795109 5
      vertex 3.60813 0.76403 5
    endloop
  endfacet
  facet normal 0.62036 0.777995 -0.0993819
    outer loop
      vertex 3.56916 0.795109 5
      vertex 3.31626 0.358062 0
      vertex 3.23831 0.420218 0
    endloop
  endfacet
  facet normal -0.221388 0.970108 -0.0993817
    outer loop
      vertex 4.03542 0.688687 5
      vertex 4.07365 0.185192 0
      vertex 3.98682 0.677596 5
    endloop
  endfacet
  facet normal -0.40925 0.906994 -0.0993811
    outer loop
      vertex 4.35621 0.280128 0
      vertex 4.26534 0.239126 0
      vertex 4.08267 0.704562 5
    endloop
  endfacet
  facet normal -0.935026 0.340369 -0.0993797
    outer loop
      vertex 4.37779 1.02262 5
      vertex 4.85557 0.875244 0
      vertex 4.36074 0.975782 5
    endloop
  endfacet
  facet normal -0.964286 0.245513 -0.0993798
    outer loop
      vertex 4.39009 1.07093 5
      vertex 4.85557 0.875244 0
      vertex 4.37779 1.02262 5
    endloop
  endfacet
  facet normal -0.983934 -0.148319 -0.0993803
    outer loop
      vertex 4.88017 1.36815 0
      vertex 4.89503 1.26957 0
      vertex 4.39752 1.21978 5
    endloop
  endfacet
  facet normal -0.729464 -0.676761 -0.0993826
    outer loop
      vertex 4.66604 1.81279 0
      vertex 4.54238 1.8286 0.799999
      vertex 4.59824 1.88587 0
    endloop
  endfacet
  facet normal -0.729433 -0.676796 -0.099377
    outer loop
      vertex 4.54238 1.8286 0.799999
      vertex 4.66604 1.81279 0
      vertex 4.59934 1.76721 0.799999
    endloop
  endfacet
  facet normal -0.580952 -0.807847 -0.099386
    outer loop
      vertex 4.52349 1.95183 0
      vertex 4.47361 1.88928 0.799999
      vertex 4.46713 1.89394 0.799999
    endloop
  endfacet
  facet normal -0.0248358 -0.99474 -0.099376
    outer loop
      vertex 3.87507 2.16969 0
      vertex 3.96875 2.08743 0.799999
      vertex 3.88504 2.08952 0.799999
    endloop
  endfacet
  facet normal -0.0248535 -0.99474 -0.0993739
    outer loop
      vertex 3.96875 2.08743 0.799999
      vertex 3.87507 2.16969 0
      vertex 3.97473 2.1672 0
    endloop
  endfacet
  facet normal -0.409237 -0.907 -0.0993827
    outer loop
      vertex 4.26534 2.10087 0
      vertex 4.31971 1.98868 0.799999
      vertex 4.24338 2.02312 0.799999
    endloop
  endfacet
  facet normal -0.409233 -0.907001 -0.0993832
    outer loop
      vertex 4.31971 1.98868 0.799999
      vertex 4.26534 2.10087 0
      vertex 4.35621 2.05987 0
    endloop
  endfacet
  facet normal 0.916857 0.386648 -0.099383
    outer loop
      vertex 3.43015 0.998989 5
      vertex 3.44952 0.953057 5
      vertex 2.99903 0.736115 0
    endloop
  endfacet
  facet normal 0.97531 0.197218 -0.0993799
    outer loop
      vertex 3.40558 1.09548 5
      vertex 3.41546 1.04662 5
      vertex 2.91117 1.02096 0
    endloop
  endfacet
  facet normal -0.0247937 0.99474 -0.0993812
    outer loop
      vertex 3.97473 0.172795 0
      vertex 3.88753 0.670155 5
      vertex 3.93736 0.671397 5
    endloop
  endfacet
  facet normal -0.0248036 0.99474 -0.0993814
    outer loop
      vertex 3.88753 0.670155 5
      vertex 3.97473 0.172795 0
      vertex 3.87507 0.17031 0
    endloop
  endfacet
  facet normal 0.269502 0.957858 -0.0993813
    outer loop
      vertex 3.74076 0.696035 5
      vertex 3.67748 0.195071 0
      vertex 3.58151 0.222073 0
    endloop
  endfacet
  facet normal -0.221429 0.970099 -0.0993811
    outer loop
      vertex 4.17084 0.207376 0
      vertex 4.07365 0.185192 0
      vertex 4.03542 0.688687 5
    endloop
  endfacet
  facet normal -0.123745 0.987325 -0.0993815
    outer loop
      vertex 3.98682 0.677596 5
      vertex 4.07365 0.185192 0
      vertex 3.93736 0.671397 5
    endloop
  endfacet
  facet normal -0.409213 0.907011 -0.0993804
    outer loop
      vertex 4.12811 0.725063 5
      vertex 4.35621 0.280128 0
      vertex 4.08267 0.704562 5
    endloop
  endfacet
  facet normal -0.793161 0.600849 -0.099381
    outer loop
      vertex 4.72624 0.60668 0
      vertex 4.66604 0.527212 0
      vertex 4.31312 0.888339 5
    endloop
  endfacet
  facet normal -0.849084 0.518825 -0.0993813
    outer loop
      vertex 4.33911 0.930873 5
      vertex 4.77822 0.691746 0
      vertex 4.31312 0.888339 5
    endloop
  endfacet
  facet normal -0.849079 0.518834 -0.0993811
    outer loop
      vertex 4.77822 0.691746 0
      vertex 4.72624 0.60668 0
      vertex 4.31312 0.888339 5
    endloop
  endfacet
  facet normal -0.964279 0.245539 -0.0993802
    outer loop
      vertex 4.88017 0.971853 0
      vertex 4.85557 0.875244 0
      vertex 4.39009 1.07093 5
    endloop
  endfacet
  facet normal 0.950853 -0.293261 -0.0993799
    outer loop
      vertex 3.43015 1.34101 5
      vertex 3.41546 1.29338 5
      vertex 2.96031 1.51202 0
    endloop
  endfacet
  facet normal 0.97531 -0.197218 -0.0993799
    outer loop
      vertex 3.41546 1.29338 5
      vertex 3.40558 1.24452 5
      vertex 2.91117 1.31904 0
    endloop
  endfacet
  facet normal 0.762262 -0.639594 -0.0993807
    outer loop
      vertex 3.22047 1.78965 0.799999
      vertex 3.10287 1.7738 0
      vertex 3.16695 1.85017 0
    endloop
  endfacet
  facet normal 0.762242 -0.639618 -0.0993773
    outer loop
      vertex 3.10287 1.7738 0
      vertex 3.22047 1.78965 0.799999
      vertex 3.16664 1.7255 0.799999
    endloop
  endfacet
  facet normal 0.76218 -0.639692 -0.099383
    outer loop
      vertex 3.45448 1.525 4.29815
      vertex 3.50143 1.4719 5
      vertex 3.43133 1.525 4.12061
    endloop
  endfacet
  facet normal 0.45396 -0.885461 -0.0993902
    outer loop
      vertex 3.48871 2.08151 0
      vertex 3.44 1.96674 0.799999
      vertex 3.4 2.03603 0
    endloop
  endfacet
  facet normal 0.454002 -0.88544 -0.0993845
    outer loop
      vertex 3.44 1.96674 0.799999
      vertex 3.48871 2.08151 0
      vertex 3.52162 2.00859 0.799999
    endloop
  endfacet
  facet normal 0.363521 -0.92627 -0.0993839
    outer loop
      vertex 3.58151 2.11793 0
      vertex 3.52162 2.00859 0.799999
      vertex 3.48871 2.08151 0
    endloop
  endfacet
  facet normal 0.363483 -0.926284 -0.0993888
    outer loop
      vertex 3.52162 2.00859 0.799999
      vertex 3.58151 2.11793 0
      vertex 3.60699 2.04209 0.799999
    endloop
  endfacet
  facet normal 0.269483 -0.957863 -0.0993885
    outer loop
      vertex 3.67748 2.14493 0
      vertex 3.60699 2.04209 0.799999
      vertex 3.58151 2.11793 0
    endloop
  endfacet
  facet normal 0.26949 -0.957861 -0.0993877
    outer loop
      vertex 3.60699 2.04209 0.799999
      vertex 3.67748 2.14493 0
      vertex 3.69528 2.06693 0.799999
    endloop
  endfacet
  facet normal 0.172771 -0.979935 -0.0993807
    outer loop
      vertex 3.77566 2.16224 0
      vertex 3.70313 2.06832 0.799999
      vertex 3.67748 2.14493 0
    endloop
  endfacet
  facet normal 0.172769 -0.979936 -0.0993809
    outer loop
      vertex 3.70313 2.06832 0.799999
      vertex 3.77566 2.16224 0
      vertex 3.7856 2.08286 0.799999
    endloop
  endfacet
  facet normal 0.0743813 -0.992265 -0.0993818
    outer loop
      vertex 3.77566 2.16224 0
      vertex 3.86911 2.08912 0.799999
      vertex 3.7856 2.08286 0.799999
    endloop
  endfacet
  facet normal 0.0743626 -0.992267 -0.0993798
    outer loop
      vertex 3.86911 2.08912 0.799999
      vertex 3.77566 2.16224 0
      vertex 3.87507 2.16969 0
    endloop
  endfacet
  facet normal -0.964286 -0.245513 -0.09938
    outer loop
      vertex 4.85557 1.46476 0
      vertex 4.39009 1.26907 5
      vertex 4.37779 1.31738 5
    endloop
  endfacet
  facet normal -0.93503 -0.340356 -0.0993801
    outer loop
      vertex 4.85557 1.46476 0
      vertex 4.37779 1.31738 5
      vertex 4.36074 1.36422 5
    endloop
  endfacet
  facet normal -0.934909 -0.340687 -0.0993834
    outer loop
      vertex 4.82148 1.55843 0
      vertex 4.74862 1.525 0.799999
      vertex 4.74776 1.52736 0.799999
    endloop
  endfacet
  facet normal -0.935051 -0.3403 -0.0993801
    outer loop
      vertex 4.85557 1.46476 0
      vertex 4.74862 1.525 0.799999
      vertex 4.82148 1.55843 0
    endloop
  endfacet
  facet normal -0.935199 -0.339875 -0.099432
    outer loop
      vertex 4.85557 1.46476 0
      vertex 4.74216 1.525 0.860758
      vertex 4.74862 1.525 0.799999
    endloop
  endfacet
  facet normal -0.935044 -0.340316 -0.0993807
    outer loop
      vertex 4.74216 1.525 0.860758
      vertex 4.85557 1.46476 0
      vertex 4.36074 1.36422 5
    endloop
  endfacet
  facet normal -0.8965 -0.431753 -0.0993806
    outer loop
      vertex 4.36074 1.36422 5
      vertex 4.55189 1.525 2.57716
      vertex 4.74216 1.525 0.860758
    endloop
  endfacet
  facet normal -0.896489 -0.431776 -0.0993812
    outer loop
      vertex 4.55189 1.525 2.57716
      vertex 4.36074 1.36422 5
      vertex 4.33911 1.40913 5
    endloop
  endfacet
  facet normal -0.896489 -0.431776 -0.0993839
    outer loop
      vertex 4.82148 1.55843 0
      vertex 4.70796 1.60999 0.799999
      vertex 4.77822 1.64825 0
    endloop
  endfacet
  facet normal -0.896477 -0.431802 -0.0993806
    outer loop
      vertex 4.70796 1.60999 0.799999
      vertex 4.82148 1.55843 0
      vertex 4.74776 1.52736 0.799999
    endloop
  endfacet
  facet normal -0.849089 -0.518816 -0.0993849
    outer loop
      vertex 4.77822 1.64825 0
      vertex 4.66014 1.68825 0.799999
      vertex 4.72624 1.73332 0
    endloop
  endfacet
  facet normal -0.849084 -0.518825 -0.0993837
    outer loop
      vertex 4.66014 1.68825 0.799999
      vertex 4.77822 1.64825 0
      vertex 4.70796 1.60999 0.799999
    endloop
  endfacet
  facet normal -0.849062 -0.518861 -0.0993808
    outer loop
      vertex 4.33911 1.40913 5
      vertex 4.42069 1.525 3.69807
      vertex 4.55189 1.525 2.57716
    endloop
  endfacet
  facet normal -0.849063 -0.51886 -0.0993808
    outer loop
      vertex 4.42069 1.525 3.69807
      vertex 4.33911 1.40913 5
      vertex 4.31312 1.45166 5
    endloop
  endfacet
  facet normal -0.729482 -0.676741 -0.0993861
    outer loop
      vertex 4.32307 1.525 4.47718
      vertex 4.28302 1.49139 5
      vertex 4.25184 1.525 5
    endloop
  endfacet
  facet normal -0.72992 -0.676268 -0.0993876
    outer loop
      vertex 4.66604 1.81279 0
      vertex 4.60476 1.76136 0.799999
      vertex 4.59934 1.76721 0.799999
    endloop
  endfacet
  facet normal -0.123574 -0.987347 -0.0993747
    outer loop
      vertex 3.97473 2.1672 0
      vertex 3.97666 2.08644 0.799999
      vertex 3.96875 2.08743 0.799999
    endloop
  endfacet
  facet normal -0.221009 -0.970194 -0.0993894
    outer loop
      vertex 4.07365 2.15481 0
      vertex 4.06753 2.07425 0.799999
      vertex 4.05976 2.07602 0.799999
    endloop
  endfacet
  facet normal -0.657891 -0.746526 -0.0993886
    outer loop
      vertex 4.52349 1.95183 0
      vertex 4.47959 1.88401 0.799999
      vertex 4.47361 1.88928 0.799999
    endloop
  endfacet
  facet normal -0.658394 -0.746084 -0.0993788
    outer loop
      vertex 4.52349 1.95183 0
      vertex 4.54238 1.8286 0.799999
      vertex 4.47959 1.88401 0.799999
    endloop
  endfacet
  facet normal -0.658369 -0.746105 -0.0993826
    outer loop
      vertex 4.54238 1.8286 0.799999
      vertex 4.52349 1.95183 0
      vertex 4.59824 1.88587 0
    endloop
  endfacet
  facet normal 0.172771 0.979935 -0.0993814
    outer loop
      vertex 3.77566 0.17776 0
      vertex 3.78874 0.682535 5
      vertex 3.83783 0.67388 5
    endloop
  endfacet
  facet normal 0.172781 0.979934 -0.0993812
    outer loop
      vertex 3.78874 0.682535 5
      vertex 3.77566 0.17776 0
      vertex 3.67748 0.195071 0
    endloop
  endfacet
  facet normal 0.539881 0.835854 -0.099381
    outer loop
      vertex 3.60813 0.76403 5
      vertex 3.4 0.303974 0
      vertex 3.31626 0.358062 0
    endloop
  endfacet
  facet normal 0.990111 0.0990111 -0.099382
    outer loop
      vertex 3.40062 1.14508 5
      vertex 3.40558 1.09548 5
      vertex 2.90124 1.12015 0
    endloop
  endfacet
  facet normal 0.950828 0.293341 -0.0993812
    outer loop
      vertex 3.41546 1.04662 5
      vertex 2.96031 0.827979 0
      vertex 2.93092 0.923243 0
    endloop
  endfacet
  facet normal 0.694813 0.712291 -0.0993821
    outer loop
      vertex 3.56916 0.795109 5
      vertex 3.23831 0.420218 0
      vertex 3.16695 0.489827 0
    endloop
  endfacet
  facet normal 0.873946 0.475754 -0.099383
    outer loop
      vertex 3.47335 0.909282 5
      vertex 2.99903 0.736115 0
      vertex 3.44952 0.953057 5
    endloop
  endfacet
  facet normal 0.873864 0.475904 -0.0993804
    outer loop
      vertex 2.99903 0.736115 0
      vertex 3.47335 0.909282 5
      vertex 3.04671 0.648564 0
    endloop
  endfacet
  facet normal -0.580874 0.807904 -0.099382
    outer loop
      vertex 4.52349 0.388168 0
      vertex 4.44255 0.329973 0
      vertex 4.21174 0.779084 5
    endloop
  endfacet
  facet normal -0.658342 0.746129 -0.0993824
    outer loop
      vertex 4.24912 0.812066 5
      vertex 4.52349 0.388168 0
      vertex 4.21174 0.779084 5
    endloop
  endfacet
  facet normal -0.497608 0.86169 -0.0993826
    outer loop
      vertex 4.17127 0.749987 5
      vertex 4.44255 0.329973 0
      vertex 4.12811 0.725063 5
    endloop
  endfacet
  facet normal -0.497499 0.861753 -0.0993807
    outer loop
      vertex 4.44255 0.329973 0
      vertex 4.35621 0.280128 0
      vertex 4.12811 0.725063 5
    endloop
  endfacet
  facet normal -0.316907 0.943236 -0.099381
    outer loop
      vertex 4.08267 0.704562 5
      vertex 4.17084 0.207376 0
      vertex 4.03542 0.688687 5
    endloop
  endfacet
  facet normal -0.316907 0.943236 -0.099381
    outer loop
      vertex 4.26534 0.239126 0
      vertex 4.17084 0.207376 0
      vertex 4.08267 0.704562 5
    endloop
  endfacet
  facet normal -0.793153 0.600859 -0.0993812
    outer loop
      vertex 4.31312 0.888339 5
      vertex 4.66604 0.527212 0
      vertex 4.28302 0.848606 5
    endloop
  endfacet
  facet normal -0.983934 0.148319 -0.0993802
    outer loop
      vertex 4.39752 1.12022 5
      vertex 4.88017 0.971853 0
      vertex 4.39009 1.07093 5
    endloop
  endfacet
  facet normal 0.822144 -0.560539 -0.0993778
    outer loop
      vertex 3.16664 1.7255 0.799999
      vertex 3.04671 1.69143 0
      vertex 3.10287 1.7738 0
    endloop
  endfacet
  facet normal 0.822128 -0.560562 -0.0993745
    outer loop
      vertex 3.04671 1.69143 0
      vertex 3.16664 1.7255 0.799999
      vertex 3.11497 1.64972 0.799999
    endloop
  endfacet
  facet normal 0.822111 -0.560585 -0.0993838
    outer loop
      vertex 3.47335 1.43072 5
      vertex 3.43133 1.525 4.12061
      vertex 3.50143 1.4719 5
    endloop
  endfacet
  facet normal 0.822165 -0.560507 -0.099378
    outer loop
      vertex 3.43133 1.525 4.12061
      vertex 3.47335 1.43072 5
      vertex 3.31907 1.525 3.19187
    endloop
  endfacet
  facet normal 0.975329 -0.197122 -0.0993813
    outer loop
      vertex 2.93092 1.41676 0
      vertex 3.41546 1.29338 5
      vertex 2.91117 1.31904 0
    endloop
  endfacet
  facet normal 0.950825 -0.293352 -0.0993813
    outer loop
      vertex 2.96031 1.51202 0
      vertex 3.41546 1.29338 5
      vertex 2.93092 1.41676 0
    endloop
  endfacet
  facet normal 0.9901 -0.0991198 -0.0993804
    outer loop
      vertex 2.91117 1.31904 0
      vertex 3.40558 1.24452 5
      vertex 2.90124 1.21985 0
    endloop
  endfacet
  facet normal 0 0 -1
    outer loop
      vertex 4.39752 1.12022 5
      vertex 4.39752 1.21978 5
      vertex 4.4 1.17 5
    endloop
  endfacet
  facet normal 0 0 -1
    outer loop
      vertex 4.39009 1.07093 5
      vertex 4.39752 1.21978 5
      vertex 4.39752 1.12022 5
    endloop
  endfacet
  facet normal 0 0 -1
    outer loop
      vertex 4.39009 1.07093 5
      vertex 4.39009 1.26907 5
      vertex 4.39752 1.21978 5
    endloop
  endfacet
  facet normal 0 0 -1
    outer loop
      vertex 4.37779 1.02262 5
      vertex 4.39009 1.26907 5
      vertex 4.39009 1.07093 5
    endloop
  endfacet
  facet normal 0 0 -1
    outer loop
      vertex 4.37779 1.02262 5
      vertex 4.37779 1.31738 5
      vertex 4.39009 1.26907 5
    endloop
  endfacet
  facet normal 0 0 -1
    outer loop
      vertex 4.36074 0.975782 5
      vertex 4.37779 1.31738 5
      vertex 4.37779 1.02262 5
    endloop
  endfacet
  facet normal 0 0 -1
    outer loop
      vertex 4.36074 0.975782 5
      vertex 4.36074 1.36422 5
      vertex 4.37779 1.31738 5
    endloop
  endfacet
  facet normal 0 0 -1
    outer loop
      vertex 4.33911 0.930873 5
      vertex 4.36074 1.36422 5
      vertex 4.36074 0.975782 5
    endloop
  endfacet
  facet normal 0 0 -1
    outer loop
      vertex 4.33911 0.930873 5
      vertex 4.33911 1.40913 5
      vertex 4.36074 1.36422 5
    endloop
  endfacet
  facet normal 0 0 -1
    outer loop
      vertex 4.31312 0.888339 5
      vertex 4.33911 1.40913 5
      vertex 4.33911 0.930873 5
    endloop
  endfacet
  facet normal 0 0 -1
    outer loop
      vertex 4.31312 0.888339 5
      vertex 4.31312 1.45166 5
      vertex 4.33911 1.40913 5
    endloop
  endfacet
  facet normal 0 0 -1
    outer loop
      vertex 4.28302 0.848606 5
      vertex 4.31312 1.45166 5
      vertex 4.31312 0.888339 5
    endloop
  endfacet
  facet normal 0 0 -1
    outer loop
      vertex 4.28302 0.848606 5
      vertex 4.28302 1.49139 5
      vertex 4.31312 1.45166 5
    endloop
  endfacet
  facet normal 0 0 -1
    outer loop
      vertex 4.28302 0.848606 5
      vertex 4.25184 1.525 5
      vertex 4.28302 1.49139 5
    endloop
  endfacet
  facet normal 0 0 -1
    outer loop
      vertex 4.24912 0.812066 5
      vertex 4.25184 1.525 5
      vertex 4.28302 0.848606 5
    endloop
  endfacet
  facet normal 0 0 -1
    outer loop
      vertex 4.21174 0.779084 5
      vertex 4.25184 1.525 5
      vertex 4.24912 0.812066 5
    endloop
  endfacet
  facet normal 0 0 -1
    outer loop
      vertex 4.17127 0.749987 5
      vertex 4.25184 1.525 5
      vertex 4.21174 0.779084 5
    endloop
  endfacet
  facet normal 0 0 -1
    outer loop
      vertex 4.12811 0.725063 5
      vertex 4.25184 1.525 5
      vertex 4.17127 0.749987 5
    endloop
  endfacet
  facet normal 0 0 -1
    outer loop
      vertex 4.08267 0.704562 5
      vertex 4.25184 1.525 5
      vertex 4.12811 0.725063 5
    endloop
  endfacet
  facet normal 0 0 -1
    outer loop
      vertex 4.03542 0.688687 5
      vertex 4.25184 1.525 5
      vertex 4.08267 0.704562 5
    endloop
  endfacet
  facet normal 0 0 -1
    outer loop
      vertex 3.98682 0.677596 5
      vertex 4.25184 1.525 5
      vertex 4.03542 0.688687 5
    endloop
  endfacet
  facet normal 0 0 -1
    outer loop
      vertex 3.93736 0.671397 5
      vertex 4.25184 1.525 5
      vertex 3.98682 0.677596 5
    endloop
  endfacet
  facet normal 0 0 -1
    outer loop
      vertex 3.88753 0.670155 5
      vertex 4.25184 1.525 5
      vertex 3.93736 0.671397 5
    endloop
  endfacet
  facet normal 0 0 -1
    outer loop
      vertex 3.83783 0.67388 5
      vertex 4.25184 1.525 5
      vertex 3.88753 0.670155 5
    endloop
  endfacet
  facet normal 0 0 -1
    outer loop
      vertex 3.78874 0.682535 5
      vertex 4.25184 1.525 5
      vertex 3.83783 0.67388 5
    endloop
  endfacet
  facet normal 0 0 -1
    outer loop
      vertex 3.74076 0.696035 5
      vertex 4.25184 1.525 5
      vertex 3.78874 0.682535 5
    endloop
  endfacet
  facet normal 0 0 -1
    outer loop
      vertex 3.69436 0.714247 5
      vertex 4.25184 1.525 5
      vertex 3.74076 0.696035 5
    endloop
  endfacet
  facet normal 0 0 -1
    outer loop
      vertex 3.65 0.736987 5
      vertex 4.25184 1.525 5
      vertex 3.69436 0.714247 5
    endloop
  endfacet
  facet normal 0 0 -1
    outer loop
      vertex 3.60813 0.76403 5
      vertex 4.25184 1.525 5
      vertex 3.65 0.736987 5
    endloop
  endfacet
  facet normal 0 0 -1
    outer loop
      vertex 3.56916 0.795109 5
      vertex 4.25184 1.525 5
      vertex 3.60813 0.76403 5
    endloop
  endfacet
  facet normal 0 0 -1
    outer loop
      vertex 3.56916 0.795109 5
      vertex 3.54876 1.525 5
      vertex 4.25184 1.525 5
    endloop
  endfacet
  facet normal 0 0 -1
    outer loop
      vertex 3.53347 0.829913 5
      vertex 3.54876 1.525 5
      vertex 3.56916 0.795109 5
    endloop
  endfacet
  facet normal 0 0 -1
    outer loop
      vertex 3.50143 0.868097 5
      vertex 3.54876 1.525 5
      vertex 3.53347 0.829913 5
    endloop
  endfacet
  facet normal 0 0 -1
    outer loop
      vertex 3.50143 1.4719 5
      vertex 3.54876 1.525 5
      vertex 3.50143 0.868097 5
    endloop
  endfacet
  facet normal 0 0 -1
    outer loop
      vertex 3.54876 1.525 5
      vertex 3.50143 1.4719 5
      vertex 3.53347 1.51009 5
    endloop
  endfacet
  facet normal 0 0 -1
    outer loop
      vertex 3.47335 0.909282 5
      vertex 3.50143 1.4719 5
      vertex 3.50143 0.868097 5
    endloop
  endfacet
  facet normal 0 0 -1
    outer loop
      vertex 3.47335 0.909282 5
      vertex 3.47335 1.43072 5
      vertex 3.50143 1.4719 5
    endloop
  endfacet
  facet normal 0 0 -1
    outer loop
      vertex 3.44952 0.953057 5
      vertex 3.47335 1.43072 5
      vertex 3.47335 0.909282 5
    endloop
  endfacet
  facet normal 0 0 -1
    outer loop
      vertex 3.44952 0.953057 5
      vertex 3.44952 1.38694 5
      vertex 3.47335 1.43072 5
    endloop
  endfacet
  facet normal 0 0 -1
    outer loop
      vertex 3.43015 0.998989 5
      vertex 3.44952 1.38694 5
      vertex 3.44952 0.953057 5
    endloop
  endfacet
  facet normal 0 0 -1
    outer loop
      vertex 3.43015 0.998989 5
      vertex 3.43015 1.34101 5
      vertex 3.44952 1.38694 5
    endloop
  endfacet
  facet normal 0 0 -1
    outer loop
      vertex 3.41546 1.04662 5
      vertex 3.43015 1.34101 5
      vertex 3.43015 0.998989 5
    endloop
  endfacet
  facet normal 0 0 -1
    outer loop
      vertex 3.41546 1.04662 5
      vertex 3.41546 1.29338 5
      vertex 3.43015 1.34101 5
    endloop
  endfacet
  facet normal 0 0 -1
    outer loop
      vertex 3.40558 1.09548 5
      vertex 3.41546 1.29338 5
      vertex 3.41546 1.04662 5
    endloop
  endfacet
  facet normal 0 0 -1
    outer loop
      vertex 3.40558 1.09548 5
      vertex 3.40558 1.24452 5
      vertex 3.41546 1.29338 5
    endloop
  endfacet
  facet normal 0 0 -1
    outer loop
      vertex 3.40062 1.14508 5
      vertex 3.40558 1.24452 5
      vertex 3.40558 1.09548 5
    endloop
  endfacet
  facet normal 0 0 -1
    outer loop
      vertex 3.40558 1.24452 5
      vertex 3.40062 1.14508 5
      vertex 3.40062 1.19492 5
    endloop
  endfacet
  facet normal 0.620384 -0.777976 -0.0993828
    outer loop
      vertex 3.31626 1.98194 0
      vertex 3.29125 1.8598 0.799999
      vertex 3.23831 1.91978 0
    endloop
  endfacet
  facet normal 0.620358 -0.777997 -0.0993868
    outer loop
      vertex 3.29125 1.8598 0.799999
      vertex 3.31626 1.98194 0
      vertex 3.36296 1.91698 0.799999
    endloop
  endfacet
  facet normal 0.694819 -0.712286 -0.0993747
    outer loop
      vertex 3.23831 1.91978 0
      vertex 3.2313 1.80133 0.799999
      vertex 3.16695 1.85017 0
    endloop
  endfacet
  facet normal 0.694758 -0.712344 -0.0993837
    outer loop
      vertex 3.2313 1.80133 0.799999
      vertex 3.23831 1.91978 0
      vertex 3.29125 1.8598 0.799999
    endloop
  endfacet
  facet normal -0.793168 -0.600839 -0.0993832
    outer loop
      vertex 4.72624 1.73332 0
      vertex 4.60476 1.76136 0.799999
      vertex 4.66604 1.81279 0
    endloop
  endfacet
  facet normal -0.793179 -0.600824 -0.0993855
    outer loop
      vertex 4.60476 1.76136 0.799999
      vertex 4.72624 1.73332 0
      vertex 4.66014 1.68825 0.799999
    endloop
  endfacet
  facet normal -0.793161 -0.600848 -0.0993806
    outer loop
      vertex 4.31312 1.45166 5
      vertex 4.32307 1.525 4.47718
      vertex 4.42069 1.525 3.69807
    endloop
  endfacet
  facet normal -0.793131 -0.600887 -0.0993855
    outer loop
      vertex 4.32307 1.525 4.47718
      vertex 4.31312 1.45166 5
      vertex 4.28302 1.49139 5
    endloop
  endfacet
  facet normal -0.0236849 -0.994766 -0.099393
    outer loop
      vertex 3.88504 2.08952 0.799999
      vertex 3.87706 2.08971 0.799999
      vertex 3.87507 2.16969 0
    endloop
  endfacet
  facet normal -0.498112 -0.861397 -0.099397
    outer loop
      vertex 4.44255 2.01003 0
      vertex 4.39914 1.94282 0.799999
      vertex 4.39224 1.94681 0.799999
    endloop
  endfacet
  facet normal -0.497478 -0.861765 -0.0993838
    outer loop
      vertex 4.35621 2.05987 0
      vertex 4.39224 1.94681 0.799999
      vertex 4.31971 1.98868 0.799999
    endloop
  endfacet
  facet normal -0.497461 -0.861774 -0.0993859
    outer loop
      vertex 4.39224 1.94681 0.799999
      vertex 4.35621 2.05987 0
      vertex 4.44255 2.01003 0
    endloop
  endfacet
  facet normal -0.316907 -0.943235 -0.0993825
    outer loop
      vertex 4.26534 2.10087 0
      vertex 4.23611 2.0264 0.799999
      vertex 4.22855 2.02894 0.799999
    endloop
  endfacet
  facet normal -0.123801 -0.987319 -0.0993713
    outer loop
      vertex 3.97473 2.1672 0
      vertex 4.05976 2.07602 0.799999
      vertex 3.97666 2.08644 0.799999
    endloop
  endfacet
  facet normal -0.123666 -0.987334 -0.0993874
    outer loop
      vertex 4.05976 2.07602 0.799999
      vertex 3.97473 2.1672 0
      vertex 4.07365 2.15481 0
    endloop
  endfacet
  facet normal 0.0743701 0.992266 -0.0993812
    outer loop
      vertex 3.87507 0.17031 0
      vertex 3.83783 0.67388 5
      vertex 3.88753 0.670155 5
    endloop
  endfacet
  facet normal 0.0743626 0.992267 -0.0993813
    outer loop
      vertex 3.83783 0.67388 5
      vertex 3.87507 0.17031 0
      vertex 3.77566 0.17776 0
    endloop
  endfacet
  facet normal 0.363556 0.926256 -0.099382
    outer loop
      vertex 3.69436 0.714247 5
      vertex 3.74076 0.696035 5
      vertex 3.48871 0.258493 0
    endloop
  endfacet
  facet normal 0.363521 0.92627 -0.0993815
    outer loop
      vertex 3.74076 0.696035 5
      vertex 3.58151 0.222073 0
      vertex 3.48871 0.258493 0
    endloop
  endfacet
  facet normal 0.269509 0.957856 -0.0993812
    outer loop
      vertex 3.74076 0.696035 5
      vertex 3.78874 0.682535 5
      vertex 3.67748 0.195071 0
    endloop
  endfacet
  facet normal 0.539867 0.835863 -0.0993813
    outer loop
      vertex 3.60813 0.76403 5
      vertex 3.65 0.736987 5
      vertex 3.4 0.303974 0
    endloop
  endfacet
  facet normal 0.950855 0.293256 -0.0993798
    outer loop
      vertex 3.41546 1.04662 5
      vertex 3.43015 0.998989 5
      vertex 2.96031 0.827979 0
    endloop
  endfacet
  facet normal 0.916928 0.386479 -0.0993803
    outer loop
      vertex 3.43015 0.998989 5
      vertex 2.99903 0.736115 0
      vertex 2.96031 0.827979 0
    endloop
  endfacet
  facet normal 0.694708 0.712393 -0.0993799
    outer loop
      vertex 3.53347 0.829913 5
      vertex 3.56916 0.795109 5
      vertex 3.16695 0.489827 0
    endloop
  endfacet
  facet normal 0.762254 0.639603 -0.0993803
    outer loop
      vertex 3.50143 0.868097 5
      vertex 3.53347 0.829913 5
      vertex 3.16695 0.489827 0
    endloop
  endfacet
  facet normal 0.762254 0.639603 -0.0993803
    outer loop
      vertex 3.50143 0.868097 5
      vertex 3.16695 0.489827 0
      vertex 3.10287 0.566195 0
    endloop
  endfacet
  facet normal -0.658397 0.746081 -0.0993813
    outer loop
      vertex 4.59824 0.454133 0
      vertex 4.52349 0.388168 0
      vertex 4.24912 0.812066 5
    endloop
  endfacet
  facet normal -0.72946 0.676766 -0.0993812
    outer loop
      vertex 4.66604 0.527212 0
      vertex 4.59824 0.454133 0
      vertex 4.24912 0.812066 5
    endloop
  endfacet
  facet normal -0.580868 0.807908 -0.0993821
    outer loop
      vertex 4.21174 0.779084 5
      vertex 4.44255 0.329973 0
      vertex 4.17127 0.749987 5
    endloop
  endfacet
  facet normal -0.896485 0.431784 -0.0993813
    outer loop
      vertex 4.82148 0.781565 0
      vertex 4.33911 0.930873 5
      vertex 4.36074 0.975782 5
    endloop
  endfacet
  facet normal -0.896487 0.43178 -0.0993814
    outer loop
      vertex 4.33911 0.930873 5
      vertex 4.82148 0.781565 0
      vertex 4.77822 0.691746 0
    endloop
  endfacet
  facet normal -0.935061 0.340271 -0.0993813
    outer loop
      vertex 4.85557 0.875244 0
      vertex 4.82148 0.781565 0
      vertex 4.36074 0.975782 5
    endloop
  endfacet
  facet normal -0.993812 0.0496058 -0.0993803
    outer loop
      vertex 4.9 1.17 0
      vertex 4.89503 1.07043 0
      vertex 4.39752 1.12022 5
    endloop
  endfacet
  facet normal -0.993817 0.0495112 -0.0993817
    outer loop
      vertex 4.4 1.17 5
      vertex 4.9 1.17 0
      vertex 4.39752 1.12022 5
    endloop
  endfacet
  facet normal 0.916816 -0.38675 -0.0993652
    outer loop
      vertex 3.1284 1.525 1.5004
      vertex 2.96031 1.51202 0
      vertex 3.05249 1.525 0.799999
    endloop
  endfacet
  facet normal 0.916929 -0.386477 -0.0993803
    outer loop
      vertex 2.96031 1.51202 0
      vertex 3.1284 1.525 1.5004
      vertex 3.43015 1.34101 5
    endloop
  endfacet
  facet normal 0.916923 -0.386492 -0.0993817
    outer loop
      vertex 2.96031 1.51202 0
      vertex 3.06801 1.56182 0.799999
      vertex 3.05249 1.525 0.799999
    endloop
  endfacet
  facet normal 0.916922 -0.386493 -0.0993816
    outer loop
      vertex 3.06801 1.56182 0.799999
      vertex 2.96031 1.51202 0
      vertex 2.99903 1.60388 0
    endloop
  endfacet
  facet normal 0.873969 -0.475712 -0.0993831
    outer loop
      vertex 3.44952 1.38694 5
      vertex 3.2151 1.525 2.27768
      vertex 3.47335 1.43072 5
    endloop
  endfacet
  facet normal 0.873881 -0.475874 -0.0993837
    outer loop
      vertex 3.2151 1.525 2.27768
      vertex 3.44952 1.38694 5
      vertex 3.16283 1.525 1.81807
    endloop
  endfacet
  facet normal 0.874263 -0.47517 -0.0993876
    outer loop
      vertex 3.07492 1.57618 0.799999
      vertex 3.07111 1.56917 0.799999
      vertex 2.99903 1.60388 0
    endloop
  endfacet
  facet normal 0.762677 -0.639101 -0.0993712
    outer loop
      vertex 3.22559 1.79576 0.799999
      vertex 3.22047 1.78965 0.799999
      vertex 3.16695 1.85017 0
    endloop
  endfacet
  facet normal 0.762305 -0.639546 -0.0993609
    outer loop
      vertex 3.50143 1.4719 5
      vertex 3.5174 1.525 4.78074
      vertex 3.53347 1.51009 5
    endloop
  endfacet
  facet normal 0.762246 -0.639613 -0.0993815
    outer loop
      vertex 3.5174 1.525 4.78074
      vertex 3.50143 1.4719 5
      vertex 3.45448 1.525 4.29815
    endloop
  endfacet
  facet normal 0.990111 -0.0990111 -0.099382
    outer loop
      vertex 3.40558 1.24452 5
      vertex 3.40062 1.19492 5
      vertex 2.90124 1.21985 0
    endloop
  endfacet
  facet normal 0.539895 -0.835844 -0.099387
    outer loop
      vertex 3.4 2.03603 0
      vertex 3.36296 1.91698 0.799999
      vertex 3.31626 1.98194 0
    endloop
  endfacet
  facet normal 0.539941 -0.835815 -0.0993806
    outer loop
      vertex 3.36296 1.91698 0.799999
      vertex 3.4 2.03603 0
      vertex 3.4333 1.96242 0.799999
    endloop
  endfacet
  facet normal -0.221489 -0.970085 -0.0993821
    outer loop
      vertex 4.07365 2.15481 0
      vertex 4.14917 2.05561 0.799999
      vertex 4.06753 2.07425 0.799999
    endloop
  endfacet
  facet normal -0.221486 -0.970086 -0.0993825
    outer loop
      vertex 4.14917 2.05561 0.799999
      vertex 4.07365 2.15481 0
      vertex 4.17084 2.13262 0
    endloop
  endfacet
  facet normal -0.316907 -0.943235 -0.0993825
    outer loop
      vertex 4.17084 2.13262 0
      vertex 4.22855 2.02894 0.799999
      vertex 4.14917 2.05561 0.799999
    endloop
  endfacet
  facet normal -0.316907 -0.943235 -0.0993825
    outer loop
      vertex 4.22855 2.02894 0.799999
      vertex 4.17084 2.13262 0
      vertex 4.26534 2.10087 0
    endloop
  endfacet
  facet normal -0.409215 -0.90701 -0.0993831
    outer loop
      vertex 4.26534 2.10087 0
      vertex 4.24338 2.02312 0.799999
      vertex 4.23611 2.0264 0.799999
    endloop
  endfacet
  facet normal 0.45392 0.885483 -0.0993822
    outer loop
      vertex 3.48871 0.258493 0
      vertex 3.65 0.736987 5
      vertex 3.69436 0.714247 5
    endloop
  endfacet
  facet normal 0.453968 0.885458 -0.0993814
    outer loop
      vertex 3.65 0.736987 5
      vertex 3.48871 0.258493 0
      vertex 3.4 0.303974 0
    endloop
  endfacet
  facet normal 0.822143 0.560539 -0.0993804
    outer loop
      vertex 3.50143 0.868097 5
      vertex 3.04671 0.648564 0
      vertex 3.47335 0.909282 5
    endloop
  endfacet
  facet normal 0.82214 0.560543 -0.0993803
    outer loop
      vertex 3.04671 0.648564 0
      vertex 3.50143 0.868097 5
      vertex 3.10287 0.566195 0
    endloop
  endfacet
  facet normal 0.873863 -0.475908 -0.0993751
    outer loop
      vertex 3.11497 1.64972 0.799999
      vertex 2.99903 1.60388 0
      vertex 3.04671 1.69143 0
    endloop
  endfacet
  facet normal 0.873863 -0.475907 -0.0993753
    outer loop
      vertex 2.99903 1.60388 0
      vertex 3.11497 1.64972 0.799999
      vertex 3.07492 1.57618 0.799999
    endloop
  endfacet
  facet normal 0.873816 -0.475993 -0.0993783
    outer loop
      vertex 3.31907 1.525 3.19187
      vertex 3.47335 1.43072 5
      vertex 3.2151 1.525 2.27768
    endloop
  endfacet
  facet normal 0.539215 -0.836282 -0.0993934
    outer loop
      vertex 3.44 1.96674 0.799999
      vertex 3.4333 1.96242 0.799999
      vertex 3.4 2.03603 0
    endloop
  endfacet
  facet normal 0.916837 -0.386693 -0.0993848
    outer loop
      vertex 3.07111 1.56917 0.799999
      vertex 3.06801 1.56182 0.799999
      vertex 2.99903 1.60388 0
    endloop
  endfacet
  facet normal 0.916851 -0.386662 -0.0993845
    outer loop
      vertex 3.43015 1.34101 5
      vertex 3.16283 1.525 1.81807
      vertex 3.44952 1.38694 5
    endloop
  endfacet
  facet normal 0.916935 -0.386463 -0.0993801
    outer loop
      vertex 3.16283 1.525 1.81807
      vertex 3.43015 1.34101 5
      vertex 3.1284 1.525 1.5004
    endloop
  endfacet
  facet normal 0.995049 0 -0.0993816
    outer loop
      vertex 3.40062 6.60508 5
      vertex 2.90124 6.67985 0
      vertex 3.40062 6.65492 5
    endloop
  endfacet
  facet normal 0.995049 0 -0.0993816
    outer loop
      vertex 2.90124 6.67985 0
      vertex 3.40062 6.60508 5
      vertex 2.90124 6.58015 0
    endloop
  endfacet
  facet normal -0.993817 -0.0495112 -0.0993817
    outer loop
      vertex 4.9 6.63 0
      vertex 4.4 6.63 5
      vertex 4.39752 6.67978 5
    endloop
  endfacet
  facet normal -0.993812 -0.0496058 -0.0993803
    outer loop
      vertex 4.89503 6.72957 0
      vertex 4.9 6.63 0
      vertex 4.39752 6.67978 5
    endloop
  endfacet
  facet normal -0.983934 -0.148319 -0.0993803
    outer loop
      vertex 4.88017 6.82815 0
      vertex 4.39752 6.67978 5
      vertex 4.39009 6.72907 5
    endloop
  endfacet
  facet normal 0.0743626 -0.992267 -0.0993822
    outer loop
      vertex 3.87507 7.62969 0
      vertex 3.88753 7.12984 5
      vertex 3.77566 7.62224 0
    endloop
  endfacet
  facet normal -0.123574 0.987347 -0.0993747
    outer loop
      vertex 3.97666 5.71356 0.799999
      vertex 3.97473 5.6328 0
      vertex 3.96875 5.71257 0.799999
    endloop
  endfacet
  facet normal -0.658369 -0.746105 -0.0993822
    outer loop
      vertex 4.52349 7.41183 0
      vertex 4.59824 7.34587 0
      vertex 4.24912 6.98793 5
    endloop
  endfacet
  facet normal -0.123666 -0.987335 -0.0993823
    outer loop
      vertex 4.07365 7.61481 0
      vertex 3.98682 7.1224 5
      vertex 3.97473 7.6272 0
    endloop
  endfacet
  facet normal 0.694667 -0.712433 -0.0993788
    outer loop
      vertex 3.56916 7.00489 5
      vertex 3.53347 6.97009 5
      vertex 3.16695 7.31017 0
    endloop
  endfacet
  facet normal 0.9901 0.0991198 -0.0993804
    outer loop
      vertex 3.40558 6.55548 5
      vertex 2.91117 6.48096 0
      vertex 2.90124 6.58015 0
    endloop
  endfacet
  facet normal 0.975329 0.197122 -0.0993813
    outer loop
      vertex 3.41546 6.50662 5
      vertex 2.93092 6.38324 0
      vertex 2.91117 6.48096 0
    endloop
  endfacet
  facet normal -0.72992 0.676268 -0.0993876
    outer loop
      vertex 4.60476 6.03864 0.799999
      vertex 4.66604 5.98721 0
      vertex 4.59934 6.03279 0.799999
    endloop
  endfacet
  facet normal -0.729482 0.676741 -0.0993861
    outer loop
      vertex 4.28302 6.30861 5
      vertex 4.32307 6.275 4.47718
      vertex 4.25184 6.275 5
    endloop
  endfacet
  facet normal -0.983934 0.148319 -0.0993803
    outer loop
      vertex 4.89503 6.53043 0
      vertex 4.88017 6.43185 0
      vertex 4.39752 6.58022 5
    endloop
  endfacet
  facet normal -0.316907 -0.943236 -0.0993809
    outer loop
      vertex 4.17084 7.59262 0
      vertex 4.26534 7.56087 0
      vertex 4.03542 7.11131 5
    endloop
  endfacet
  facet normal 0.620358 0.777997 -0.0993868
    outer loop
      vertex 3.31626 5.81806 0
      vertex 3.29125 5.9402 0.799999
      vertex 3.36296 5.88302 0.799999
    endloop
  endfacet
  facet normal 0.620384 0.777976 -0.0993828
    outer loop
      vertex 3.29125 5.9402 0.799999
      vertex 3.31626 5.81806 0
      vertex 3.23831 5.88022 0
    endloop
  endfacet
  facet normal -0.222196 0.969923 -0.0993861
    outer loop
      vertex 4.14917 5.74439 0.799999
      vertex 4.17084 5.66738 0
      vertex 4.1414 5.74261 0.799999
    endloop
  endfacet
  facet normal -0.409233 0.907001 -0.0993834
    outer loop
      vertex 4.26534 5.69913 0
      vertex 4.31244 5.80804 0.799999
      vertex 4.35621 5.74013 0
    endloop
  endfacet
  facet normal -0.409237 0.906999 -0.0993829
    outer loop
      vertex 4.31244 5.80804 0.799999
      vertex 4.26534 5.69913 0
      vertex 4.23611 5.7736 0.799999
    endloop
  endfacet
  facet normal -0.93503 0.340356 -0.0993801
    outer loop
      vertex 4.37779 6.48262 5
      vertex 4.85557 6.33524 0
      vertex 4.36074 6.43578 5
    endloop
  endfacet
  facet normal -0.964286 0.245513 -0.09938
    outer loop
      vertex 4.39009 6.53093 5
      vertex 4.85557 6.33524 0
      vertex 4.37779 6.48262 5
    endloop
  endfacet
  facet normal -0.96428 -0.245536 -0.0993804
    outer loop
      vertex 4.85557 6.92476 0
      vertex 4.88017 6.82815 0
      vertex 4.39009 6.72907 5
    endloop
  endfacet
  facet normal -0.983934 -0.148319 -0.0993803
    outer loop
      vertex 4.88017 6.82815 0
      vertex 4.89503 6.72957 0
      vertex 4.39752 6.67978 5
    endloop
  endfacet
  facet normal -0.93503 -0.340356 -0.0993801
    outer loop
      vertex 4.85557 6.92476 0
      vertex 4.37779 6.77738 5
      vertex 4.36074 6.82422 5
    endloop
  endfacet
  facet normal -0.935051 -0.3403 -0.099381
    outer loop
      vertex 4.82148 7.01843 0
      vertex 4.85557 6.92476 0
      vertex 4.36074 6.82422 5
    endloop
  endfacet
  facet normal -0.729464 -0.676761 -0.0993821
    outer loop
      vertex 4.59824 7.34587 0
      vertex 4.66604 7.27279 0
      vertex 4.24912 6.98793 5
    endloop
  endfacet
  facet normal -0.0247537 -0.994741 -0.0993826
    outer loop
      vertex 3.87507 7.62969 0
      vertex 3.93736 7.1286 5
      vertex 3.88753 7.12984 5
    endloop
  endfacet
  facet normal -0.0248535 -0.994739 -0.0993811
    outer loop
      vertex 3.93736 7.1286 5
      vertex 3.87507 7.62969 0
      vertex 3.97473 7.6272 0
    endloop
  endfacet
  facet normal 0.97531 -0.197218 -0.0993799
    outer loop
      vertex 3.41546 6.75338 5
      vertex 3.40558 6.70452 5
      vertex 2.91117 6.77904 0
    endloop
  endfacet
  facet normal 0.762262 -0.639594 -0.0993801
    outer loop
      vertex 3.16695 7.31017 0
      vertex 3.50143 6.9319 5
      vertex 3.10287 7.2338 0
    endloop
  endfacet
  facet normal 0.916851 0.386662 -0.0993823
    outer loop
      vertex 3.16284 6.275 1.81809
      vertex 3.43015 6.45899 5
      vertex 3.44952 6.41306 5
    endloop
  endfacet
  facet normal 0.916741 0.38692 -0.099388
    outer loop
      vertex 3.43015 6.45899 5
      vertex 3.16284 6.275 1.81809
      vertex 3.1284 6.275 1.50042
    endloop
  endfacet
  facet normal 0.916837 0.386693 -0.0993848
    outer loop
      vertex 3.06801 6.23818 0.799999
      vertex 3.07111 6.23083 0.799999
      vertex 2.99903 6.19612 0
    endloop
  endfacet
  facet normal 0.97531 0.197218 -0.0993799
    outer loop
      vertex 3.40558 6.55548 5
      vertex 3.41546 6.50662 5
      vertex 2.91117 6.48096 0
    endloop
  endfacet
  facet normal -0.0247357 0.994743 -0.0993733
    outer loop
      vertex 3.97473 5.6328 0
      vertex 3.87706 5.71029 0.799999
      vertex 3.96875 5.71257 0.799999
    endloop
  endfacet
  facet normal -0.0248535 0.994738 -0.0993873
    outer loop
      vertex 3.87706 5.71029 0.799999
      vertex 3.97473 5.6328 0
      vertex 3.87507 5.63031 0
    endloop
  endfacet
  facet normal 0.269498 0.957859 -0.0993867
    outer loop
      vertex 3.67748 5.65507 0
      vertex 3.60699 5.75791 0.799999
      vertex 3.6876 5.73523 0.799999
    endloop
  endfacet
  facet normal 0.269483 0.957863 -0.0993885
    outer loop
      vertex 3.60699 5.75791 0.799999
      vertex 3.67748 5.65507 0
      vertex 3.58151 5.68207 0
    endloop
  endfacet
  facet normal -0.221486 0.970087 -0.0993754
    outer loop
      vertex 4.07365 5.64519 0
      vertex 4.1414 5.74261 0.799999
      vertex 4.17084 5.66738 0
    endloop
  endfacet
  facet normal -0.221376 0.970111 -0.0993875
    outer loop
      vertex 4.1414 5.74261 0.799999
      vertex 4.07365 5.64519 0
      vertex 4.05976 5.72398 0.799999
    endloop
  endfacet
  facet normal -0.123666 0.987334 -0.0993874
    outer loop
      vertex 3.97473 5.6328 0
      vertex 4.05976 5.72398 0.799999
      vertex 4.07365 5.64519 0
    endloop
  endfacet
  facet normal -0.123801 0.987319 -0.0993713
    outer loop
      vertex 4.05976 5.72398 0.799999
      vertex 3.97473 5.6328 0
      vertex 3.97666 5.71356 0.799999
    endloop
  endfacet
  facet normal -0.409215 0.90701 -0.0993831
    outer loop
      vertex 4.31971 5.81132 0.799999
      vertex 4.35621 5.74013 0
      vertex 4.31244 5.80804 0.799999
    endloop
  endfacet
  facet normal -0.793193 0.600807 -0.0993781
    outer loop
      vertex 4.72624 6.06668 0
      vertex 4.60958 6.04499 0.799999
      vertex 4.66014 6.11174 0.799999
    endloop
  endfacet
  facet normal -0.793169 0.60084 -0.0993737
    outer loop
      vertex 4.60958 6.04499 0.799999
      vertex 4.72624 6.06668 0
      vertex 4.66604 5.98721 0
    endloop
  endfacet
  facet normal -0.793086 0.600947 -0.0993815
    outer loop
      vertex 4.42069 6.275 3.69809
      vertex 4.38479 6.275 3.98458
      vertex 4.31312 6.34834 5
    endloop
  endfacet
  facet normal -0.84915 0.518717 -0.0993843
    outer loop
      vertex 4.70796 6.19001 0.799999
      vertex 4.77822 6.15175 0
      vertex 4.7038 6.1832 0.799999
    endloop
  endfacet
  facet normal -0.849112 0.51878 -0.0993813
    outer loop
      vertex 4.48663 6.275 3.13474
      vertex 4.33911 6.39087 5
      vertex 4.55189 6.275 2.57716
    endloop
  endfacet
  facet normal -0.849062 0.51886 -0.0993824
    outer loop
      vertex 4.33911 6.39087 5
      vertex 4.48663 6.275 3.13474
      vertex 4.31312 6.34834 5
    endloop
  endfacet
  facet normal -0.84911 0.518782 -0.0993832
    outer loop
      vertex 4.77822 6.15175 0
      vertex 4.66014 6.11174 0.799999
      vertex 4.7038 6.1832 0.799999
    endloop
  endfacet
  facet normal -0.84909 0.518816 -0.0993785
    outer loop
      vertex 4.66014 6.11174 0.799999
      vertex 4.77822 6.15175 0
      vertex 4.72624 6.06668 0
    endloop
  endfacet
  facet normal -0.849061 0.518863 -0.0993824
    outer loop
      vertex 4.48663 6.275 3.13474
      vertex 4.42069 6.275 3.69809
      vertex 4.31312 6.34834 5
    endloop
  endfacet
  facet normal -0.96428 0.245536 -0.0993804
    outer loop
      vertex 4.88017 6.43185 0
      vertex 4.85557 6.33524 0
      vertex 4.39009 6.53093 5
    endloop
  endfacet
  facet normal -0.964286 -0.245513 -0.09938
    outer loop
      vertex 4.85557 6.92476 0
      vertex 4.39009 6.72907 5
      vertex 4.37779 6.77738 5
    endloop
  endfacet
  facet normal -0.84909 -0.518816 -0.0993811
    outer loop
      vertex 4.77822 7.10825 0
      vertex 4.31312 6.91166 5
      vertex 4.72624 7.19332 0
    endloop
  endfacet
  facet normal -0.849063 -0.518861 -0.0993804
    outer loop
      vertex 4.31312 6.91166 5
      vertex 4.77822 7.10825 0
      vertex 4.33911 6.86913 5
    endloop
  endfacet
  facet normal -0.793168 -0.600839 -0.0993818
    outer loop
      vertex 4.72624 7.19332 0
      vertex 4.28302 6.95139 5
      vertex 4.66604 7.27279 0
    endloop
  endfacet
  facet normal -0.793132 -0.600887 -0.0993809
    outer loop
      vertex 4.28302 6.95139 5
      vertex 4.72624 7.19332 0
      vertex 4.31312 6.91166 5
    endloop
  endfacet
  facet normal -0.729464 -0.676761 -0.0993821
    outer loop
      vertex 4.66604 7.27279 0
      vertex 4.28302 6.95139 5
      vertex 4.24912 6.98793 5
    endloop
  endfacet
  facet normal -0.896489 -0.431776 -0.0993807
    outer loop
      vertex 4.82148 7.01843 0
      vertex 4.33911 6.86913 5
      vertex 4.77822 7.10825 0
    endloop
  endfacet
  facet normal -0.896489 -0.431776 -0.0993807
    outer loop
      vertex 4.33911 6.86913 5
      vertex 4.82148 7.01843 0
      vertex 4.36074 6.82422 5
    endloop
  endfacet
  facet normal -0.316818 -0.943266 -0.0993795
    outer loop
      vertex 4.26534 7.56087 0
      vertex 4.08267 7.09544 5
      vertex 4.03542 7.11131 5
    endloop
  endfacet
  facet normal -0.221369 -0.970113 -0.0993829
    outer loop
      vertex 4.07365 7.61481 0
      vertex 4.03542 7.11131 5
      vertex 3.98682 7.1224 5
    endloop
  endfacet
  facet normal -0.221486 -0.970086 -0.0993812
    outer loop
      vertex 4.07365 7.61481 0
      vertex 4.17084 7.59262 0
      vertex 4.03542 7.11131 5
    endloop
  endfacet
  facet normal -0.123765 -0.987323 -0.0993808
    outer loop
      vertex 3.97473 7.6272 0
      vertex 3.98682 7.1224 5
      vertex 3.93736 7.1286 5
    endloop
  endfacet
  facet normal -0.409234 -0.907001 -0.0993801
    outer loop
      vertex 4.26534 7.56087 0
      vertex 4.35621 7.51987 0
      vertex 4.08267 7.09544 5
    endloop
  endfacet
  facet normal -0.580776 -0.807975 -0.0993804
    outer loop
      vertex 4.52349 7.41183 0
      vertex 4.21174 7.02092 5
      vertex 4.17127 7.05001 5
    endloop
  endfacet
  facet normal 0.822143 -0.560539 -0.09938
    outer loop
      vertex 3.50143 6.9319 5
      vertex 3.04671 7.15143 0
      vertex 3.10287 7.2338 0
    endloop
  endfacet
  facet normal 0.822112 -0.560585 -0.0993792
    outer loop
      vertex 3.04671 7.15143 0
      vertex 3.50143 6.9319 5
      vertex 3.47335 6.89072 5
    endloop
  endfacet
  facet normal 0.975329 -0.197122 -0.0993813
    outer loop
      vertex 2.93092 6.87676 0
      vertex 3.41546 6.75338 5
      vertex 2.91117 6.77904 0
    endloop
  endfacet
  facet normal 0.950825 -0.293352 -0.0993803
    outer loop
      vertex 3.43015 6.80101 5
      vertex 2.93092 6.87676 0
      vertex 2.96031 6.97202 0
    endloop
  endfacet
  facet normal 0.950853 -0.293261 -0.0993818
    outer loop
      vertex 2.93092 6.87676 0
      vertex 3.43015 6.80101 5
      vertex 3.41546 6.75338 5
    endloop
  endfacet
  facet normal 0.9901 -0.0991198 -0.0993804
    outer loop
      vertex 2.91117 6.77904 0
      vertex 3.40558 6.70452 5
      vertex 2.90124 6.67985 0
    endloop
  endfacet
  facet normal 0 0 -1
    outer loop
      vertex 4.39752 6.58022 5
      vertex 4.39752 6.67978 5
      vertex 4.4 6.63 5
    endloop
  endfacet
  facet normal 0 0 -1
    outer loop
      vertex 4.39009 6.53093 5
      vertex 4.39752 6.67978 5
      vertex 4.39752 6.58022 5
    endloop
  endfacet
  facet normal 0 0 -1
    outer loop
      vertex 4.39009 6.53093 5
      vertex 4.39009 6.72907 5
      vertex 4.39752 6.67978 5
    endloop
  endfacet
  facet normal 0 0 -1
    outer loop
      vertex 4.37779 6.48262 5
      vertex 4.39009 6.72907 5
      vertex 4.39009 6.53093 5
    endloop
  endfacet
  facet normal 0 0 -1
    outer loop
      vertex 4.37779 6.48262 5
      vertex 4.37779 6.77738 5
      vertex 4.39009 6.72907 5
    endloop
  endfacet
  facet normal 0 0 -1
    outer loop
      vertex 4.36074 6.43578 5
      vertex 4.37779 6.77738 5
      vertex 4.37779 6.48262 5
    endloop
  endfacet
  facet normal 0 0 -1
    outer loop
      vertex 4.36074 6.43578 5
      vertex 4.36074 6.82422 5
      vertex 4.37779 6.77738 5
    endloop
  endfacet
  facet normal 0 0 -1
    outer loop
      vertex 4.33911 6.39087 5
      vertex 4.36074 6.82422 5
      vertex 4.36074 6.43578 5
    endloop
  endfacet
  facet normal 0 0 -1
    outer loop
      vertex 4.33911 6.39087 5
      vertex 4.33911 6.86913 5
      vertex 4.36074 6.82422 5
    endloop
  endfacet
  facet normal 0 0 -1
    outer loop
      vertex 4.31312 6.34834 5
      vertex 4.33911 6.86913 5
      vertex 4.33911 6.39087 5
    endloop
  endfacet
  facet normal 0 0 -1
    outer loop
      vertex 4.31312 6.34834 5
      vertex 4.31312 6.91166 5
      vertex 4.33911 6.86913 5
    endloop
  endfacet
  facet normal 0 0 -1
    outer loop
      vertex 4.28302 6.30861 5
      vertex 4.31312 6.91166 5
      vertex 4.31312 6.34834 5
    endloop
  endfacet
  facet normal 0 0 -1
    outer loop
      vertex 4.28302 6.30861 5
      vertex 4.28302 6.95139 5
      vertex 4.31312 6.91166 5
    endloop
  endfacet
  facet normal 0 0 -1
    outer loop
      vertex 4.25184 6.275 5
      vertex 4.28302 6.95139 5
      vertex 4.28302 6.30861 5
    endloop
  endfacet
  facet normal 0 0 -1
    outer loop
      vertex 4.25184 6.275 5
      vertex 4.24912 6.98793 5
      vertex 4.28302 6.95139 5
    endloop
  endfacet
  facet normal 0 0 -1
    outer loop
      vertex 4.25184 6.275 5
      vertex 4.21174 7.02092 5
      vertex 4.24912 6.98793 5
    endloop
  endfacet
  facet normal 0 0 -1
    outer loop
      vertex 4.25184 6.275 5
      vertex 4.17127 7.05001 5
      vertex 4.21174 7.02092 5
    endloop
  endfacet
  facet normal 0 0 -1
    outer loop
      vertex 4.25184 6.275 5
      vertex 4.12811 7.07493 5
      vertex 4.17127 7.05001 5
    endloop
  endfacet
  facet normal 0 0 -1
    outer loop
      vertex 4.25184 6.275 5
      vertex 4.08267 7.09544 5
      vertex 4.12811 7.07493 5
    endloop
  endfacet
  facet normal 0 0 -1
    outer loop
      vertex 4.25184 6.275 5
      vertex 4.03542 7.11131 5
      vertex 4.08267 7.09544 5
    endloop
  endfacet
  facet normal 0 0 -1
    outer loop
      vertex 4.25184 6.275 5
      vertex 3.98682 7.1224 5
      vertex 4.03542 7.11131 5
    endloop
  endfacet
  facet normal 0 0 -1
    outer loop
      vertex 4.25184 6.275 5
      vertex 3.93736 7.1286 5
      vertex 3.98682 7.1224 5
    endloop
  endfacet
  facet normal 0 0 -1
    outer loop
      vertex 4.25184 6.275 5
      vertex 3.88753 7.12984 5
      vertex 3.93736 7.1286 5
    endloop
  endfacet
  facet normal 0 0 -1
    outer loop
      vertex 4.25184 6.275 5
      vertex 3.83783 7.12612 5
      vertex 3.88753 7.12984 5
    endloop
  endfacet
  facet normal 0 0 -1
    outer loop
      vertex 4.25184 6.275 5
      vertex 3.78874 7.11746 5
      vertex 3.83783 7.12612 5
    endloop
  endfacet
  facet normal 0 0 -1
    outer loop
      vertex 4.25184 6.275 5
      vertex 3.74076 7.10396 5
      vertex 3.78874 7.11746 5
    endloop
  endfacet
  facet normal 0 0 -1
    outer loop
      vertex 4.25184 6.275 5
      vertex 3.69436 7.08575 5
      vertex 3.74076 7.10396 5
    endloop
  endfacet
  facet normal 0 0 -1
    outer loop
      vertex 4.25184 6.275 5
      vertex 3.65 7.06301 5
      vertex 3.69436 7.08575 5
    endloop
  endfacet
  facet normal 0 0 -1
    outer loop
      vertex 4.25184 6.275 5
      vertex 3.60813 7.03597 5
      vertex 3.65 7.06301 5
    endloop
  endfacet
  facet normal 0 0 -1
    outer loop
      vertex 4.25184 6.275 5
      vertex 3.56916 7.00489 5
      vertex 3.60813 7.03597 5
    endloop
  endfacet
  facet normal 0 0 -1
    outer loop
      vertex 3.54876 6.275 5
      vertex 3.56916 7.00489 5
      vertex 4.25184 6.275 5
    endloop
  endfacet
  facet normal 0 0 -1
    outer loop
      vertex 3.50143 6.3281 5
      vertex 3.54876 6.275 5
      vertex 3.53347 6.28991 5
    endloop
  endfacet
  facet normal 0 0 -1
    outer loop
      vertex 3.54876 6.275 5
      vertex 3.53347 6.97009 5
      vertex 3.56916 7.00489 5
    endloop
  endfacet
  facet normal 0 0 -1
    outer loop
      vertex 3.54876 6.275 5
      vertex 3.50143 6.3281 5
      vertex 3.53347 6.97009 5
    endloop
  endfacet
  facet normal 0 0 -1
    outer loop
      vertex 3.50143 6.3281 5
      vertex 3.50143 6.9319 5
      vertex 3.53347 6.97009 5
    endloop
  endfacet
  facet normal 0 0 -1
    outer loop
      vertex 3.47335 6.36928 5
      vertex 3.50143 6.9319 5
      vertex 3.50143 6.3281 5
    endloop
  endfacet
  facet normal 0 0 -1
    outer loop
      vertex 3.47335 6.36928 5
      vertex 3.47335 6.89072 5
      vertex 3.50143 6.9319 5
    endloop
  endfacet
  facet normal 0 0 -1
    outer loop
      vertex 3.44952 6.41306 5
      vertex 3.47335 6.89072 5
      vertex 3.47335 6.36928 5
    endloop
  endfacet
  facet normal 0 0 -1
    outer loop
      vertex 3.44952 6.41306 5
      vertex 3.44952 6.84694 5
      vertex 3.47335 6.89072 5
    endloop
  endfacet
  facet normal 0 0 -1
    outer loop
      vertex 3.43015 6.45899 5
      vertex 3.44952 6.84694 5
      vertex 3.44952 6.41306 5
    endloop
  endfacet
  facet normal 0 0 -1
    outer loop
      vertex 3.43015 6.45899 5
      vertex 3.43015 6.80101 5
      vertex 3.44952 6.84694 5
    endloop
  endfacet
  facet normal 0 0 -1
    outer loop
      vertex 3.41546 6.50662 5
      vertex 3.43015 6.80101 5
      vertex 3.43015 6.45899 5
    endloop
  endfacet
  facet normal 0 0 -1
    outer loop
      vertex 3.41546 6.50662 5
      vertex 3.41546 6.75338 5
      vertex 3.43015 6.80101 5
    endloop
  endfacet
  facet normal 0 0 -1
    outer loop
      vertex 3.40558 6.55548 5
      vertex 3.41546 6.75338 5
      vertex 3.41546 6.50662 5
    endloop
  endfacet
  facet normal 0 0 -1
    outer loop
      vertex 3.40558 6.55548 5
      vertex 3.40558 6.70452 5
      vertex 3.41546 6.75338 5
    endloop
  endfacet
  facet normal 0 0 -1
    outer loop
      vertex 3.40062 6.60508 5
      vertex 3.40558 6.70452 5
      vertex 3.40558 6.55548 5
    endloop
  endfacet
  facet normal 0 0 -1
    outer loop
      vertex 3.40558 6.70452 5
      vertex 3.40062 6.60508 5
      vertex 3.40062 6.65492 5
    endloop
  endfacet
  facet normal 0.363521 -0.92627 -0.099383
    outer loop
      vertex 3.58151 7.57793 0
      vertex 3.69436 7.08575 5
      vertex 3.48871 7.54151 0
    endloop
  endfacet
  facet normal 0.363521 -0.92627 -0.099383
    outer loop
      vertex 3.69436 7.08575 5
      vertex 3.58151 7.57793 0
      vertex 3.74076 7.10396 5
    endloop
  endfacet
  facet normal 0.172771 -0.979935 -0.0993823
    outer loop
      vertex 3.77566 7.62224 0
      vertex 3.78874 7.11746 5
      vertex 3.67748 7.60493 0
    endloop
  endfacet
  facet normal 0.45396 -0.885462 -0.0993826
    outer loop
      vertex 3.48871 7.54151 0
      vertex 3.65 7.06301 5
      vertex 3.4 7.49603 0
    endloop
  endfacet
  facet normal 0.45392 -0.885483 -0.0993832
    outer loop
      vertex 3.65 7.06301 5
      vertex 3.48871 7.54151 0
      vertex 3.69436 7.08575 5
    endloop
  endfacet
  facet normal 0.0742708 -0.992274 -0.0993809
    outer loop
      vertex 3.88753 7.12984 5
      vertex 3.83783 7.12612 5
      vertex 3.77566 7.62224 0
    endloop
  endfacet
  facet normal 0.172832 0.979925 -0.0993806
    outer loop
      vertex 3.77566 5.63776 0
      vertex 3.69528 5.73307 0.799999
      vertex 3.7856 5.71714 0.799999
    endloop
  endfacet
  facet normal 0.172771 0.979935 -0.0993879
    outer loop
      vertex 3.69528 5.73307 0.799999
      vertex 3.77566 5.63776 0
      vertex 3.67748 5.65507 0
    endloop
  endfacet
  facet normal 0.539941 0.835815 -0.0993806
    outer loop
      vertex 3.4 5.76397 0
      vertex 3.36296 5.88302 0.799999
      vertex 3.4333 5.83758 0.799999
    endloop
  endfacet
  facet normal 0.539895 0.835844 -0.099387
    outer loop
      vertex 3.36296 5.88302 0.799999
      vertex 3.4 5.76397 0
      vertex 3.31626 5.81806 0
    endloop
  endfacet
  facet normal 0.990111 0.0990111 -0.099382
    outer loop
      vertex 3.40062 6.60508 5
      vertex 3.40558 6.55548 5
      vertex 2.90124 6.58015 0
    endloop
  endfacet
  facet normal 0.950853 0.293261 -0.0993818
    outer loop
      vertex 3.43015 6.45899 5
      vertex 2.93092 6.38324 0
      vertex 3.41546 6.50662 5
    endloop
  endfacet
  facet normal 0.950825 0.293352 -0.0993803
    outer loop
      vertex 2.93092 6.38324 0
      vertex 3.43015 6.45899 5
      vertex 2.96031 6.28798 0
    endloop
  endfacet
  facet normal 0.694758 0.712344 -0.0993837
    outer loop
      vertex 3.23831 5.88022 0
      vertex 3.2313 5.99867 0.799999
      vertex 3.29125 5.9402 0.799999
    endloop
  endfacet
  facet normal 0.694819 0.712286 -0.0993747
    outer loop
      vertex 3.2313 5.99867 0.799999
      vertex 3.23831 5.88022 0
      vertex 3.16695 5.94983 0
    endloop
  endfacet
  facet normal 0.873969 0.475712 -0.0993768
    outer loop
      vertex 3.31907 6.275 3.19187
      vertex 3.44952 6.41306 5
      vertex 3.47335 6.36928 5
    endloop
  endfacet
  facet normal 0.873895 0.475847 -0.0993817
    outer loop
      vertex 3.44952 6.41306 5
      vertex 3.31907 6.275 3.19187
      vertex 3.16284 6.275 1.81809
    endloop
  endfacet
  facet normal 0.873897 0.475843 -0.0993839
    outer loop
      vertex 3.11497 6.15028 0.799999
      vertex 2.99903 6.19612 0
      vertex 3.07111 6.23083 0.799999
    endloop
  endfacet
  facet normal 0.873885 0.475866 -0.0993808
    outer loop
      vertex 2.99903 6.19612 0
      vertex 3.11497 6.15028 0.799999
      vertex 3.04671 6.10856 0
    endloop
  endfacet
  facet normal -0.580907 0.807881 -0.0993758
    outer loop
      vertex 4.44255 5.78997 0
      vertex 4.47361 5.91071 0.799999
      vertex 4.52349 5.84817 0
    endloop
  endfacet
  facet normal -0.580842 0.807926 -0.0993852
    outer loop
      vertex 4.47361 5.91071 0.799999
      vertex 4.44255 5.78997 0
      vertex 4.40562 5.86183 0.799999
    endloop
  endfacet
  facet normal -0.658594 0.745908 -0.0993748
    outer loop
      vertex 4.47959 5.91599 0.799999
      vertex 4.52349 5.84817 0
      vertex 4.47361 5.91071 0.799999
    endloop
  endfacet
  facet normal -0.498112 0.861397 -0.099397
    outer loop
      vertex 4.39914 5.85718 0.799999
      vertex 4.44255 5.78997 0
      vertex 4.39224 5.85319 0.799999
    endloop
  endfacet
  facet normal -0.497461 0.861774 -0.0993859
    outer loop
      vertex 4.35621 5.74013 0
      vertex 4.39224 5.85319 0.799999
      vertex 4.44255 5.78997 0
    endloop
  endfacet
  facet normal -0.497478 0.861765 -0.0993838
    outer loop
      vertex 4.39224 5.85319 0.799999
      vertex 4.35621 5.74013 0
      vertex 4.31971 5.81132 0.799999
    endloop
  endfacet
  facet normal -0.316907 0.943235 -0.0993825
    outer loop
      vertex 4.15673 5.74693 0.799999
      vertex 4.17084 5.66738 0
      vertex 4.14917 5.74439 0.799999
    endloop
  endfacet
  facet normal -0.316907 0.943235 -0.0993825
    outer loop
      vertex 4.17084 5.66738 0
      vertex 4.23611 5.7736 0.799999
      vertex 4.26534 5.69913 0
    endloop
  endfacet
  facet normal -0.316907 0.943235 -0.0993825
    outer loop
      vertex 4.23611 5.7736 0.799999
      vertex 4.17084 5.66738 0
      vertex 4.15673 5.74693 0.799999
    endloop
  endfacet
  facet normal -0.792581 0.601613 -0.099388
    outer loop
      vertex 4.60958 6.04499 0.799999
      vertex 4.66604 5.98721 0
      vertex 4.60476 6.03864 0.799999
    endloop
  endfacet
  facet normal -0.793168 0.600839 -0.0993795
    outer loop
      vertex 4.32307 6.275 4.47718
      vertex 4.31312 6.34834 5
      vertex 4.38479 6.275 3.98458
    endloop
  endfacet
  facet normal -0.793131 0.600887 -0.0993855
    outer loop
      vertex 4.31312 6.34834 5
      vertex 4.32307 6.275 4.47718
      vertex 4.28302 6.30861 5
    endloop
  endfacet
  facet normal -0.983934 0.148319 -0.0993803
    outer loop
      vertex 4.39752 6.58022 5
      vertex 4.88017 6.43185 0
      vertex 4.39009 6.53093 5
    endloop
  endfacet
  facet normal -0.497462 -0.861774 -0.0993828
    outer loop
      vertex 4.35621 7.51987 0
      vertex 4.44255 7.47003 0
      vertex 4.17127 7.05001 5
    endloop
  endfacet
  facet normal -0.580907 -0.80788 -0.0993828
    outer loop
      vertex 4.44255 7.47003 0
      vertex 4.52349 7.41183 0
      vertex 4.17127 7.05001 5
    endloop
  endfacet
  facet normal -0.497548 -0.861725 -0.0993813
    outer loop
      vertex 4.35621 7.51987 0
      vertex 4.17127 7.05001 5
      vertex 4.12811 7.07493 5
    endloop
  endfacet
  facet normal -0.409362 -0.906943 -0.0993822
    outer loop
      vertex 4.35621 7.51987 0
      vertex 4.12811 7.07493 5
      vertex 4.08267 7.09544 5
    endloop
  endfacet
  facet normal -0.658432 -0.74605 -0.0993809
    outer loop
      vertex 4.52349 7.41183 0
      vertex 4.24912 6.98793 5
      vertex 4.21174 7.02092 5
    endloop
  endfacet
  facet normal 0.916922 -0.386493 -0.0993802
    outer loop
      vertex 2.99903 7.06388 0
      vertex 3.43015 6.80101 5
      vertex 2.96031 6.97202 0
    endloop
  endfacet
  facet normal 0.873969 -0.475712 -0.099383
    outer loop
      vertex 3.47335 6.89072 5
      vertex 3.44952 6.84694 5
      vertex 2.99903 7.06388 0
    endloop
  endfacet
  facet normal 0.762304 -0.639544 -0.0993792
    outer loop
      vertex 3.53347 6.97009 5
      vertex 3.50143 6.9319 5
      vertex 3.16695 7.31017 0
    endloop
  endfacet
  facet normal 0.990111 -0.0990111 -0.099382
    outer loop
      vertex 3.40558 6.70452 5
      vertex 3.40062 6.65492 5
      vertex 2.90124 6.67985 0
    endloop
  endfacet
  facet normal 0.620385 -0.777976 -0.0993819
    outer loop
      vertex 3.31626 7.44194 0
      vertex 3.56916 7.00489 5
      vertex 3.23831 7.37978 0
    endloop
  endfacet
  facet normal 0.620433 -0.777937 -0.099381
    outer loop
      vertex 3.56916 7.00489 5
      vertex 3.31626 7.44194 0
      vertex 3.60813 7.03597 5
    endloop
  endfacet
  facet normal 0.694818 -0.712286 -0.0993819
    outer loop
      vertex 3.23831 7.37978 0
      vertex 3.56916 7.00489 5
      vertex 3.16695 7.31017 0
    endloop
  endfacet
  facet normal 0.269483 -0.957863 -0.0993827
    outer loop
      vertex 3.67748 7.60493 0
      vertex 3.74076 7.10396 5
      vertex 3.58151 7.57793 0
    endloop
  endfacet
  facet normal 0.269509 -0.957856 -0.0993823
    outer loop
      vertex 3.74076 7.10396 5
      vertex 3.67748 7.60493 0
      vertex 3.78874 7.11746 5
    endloop
  endfacet
  facet normal 0.0743172 0.99227 -0.0993872
    outer loop
      vertex 3.87507 5.63031 0
      vertex 3.7856 5.71714 0.799999
      vertex 3.87706 5.71029 0.799999
    endloop
  endfacet
  facet normal 0.0743626 0.992267 -0.0993818
    outer loop
      vertex 3.7856 5.71714 0.799999
      vertex 3.87507 5.63031 0
      vertex 3.77566 5.63776 0
    endloop
  endfacet
  facet normal 0.363301 0.926356 -0.0993828
    outer loop
      vertex 3.52162 5.79141 0.799999
      vertex 3.52904 5.7885 0.799999
      vertex 3.48871 5.71849 0
    endloop
  endfacet
  facet normal 0.3635 0.926277 -0.0993887
    outer loop
      vertex 3.58151 5.68207 0
      vertex 3.52904 5.7885 0.799999
      vertex 3.60699 5.75791 0.799999
    endloop
  endfacet
  facet normal 0.363521 0.926269 -0.0993863
    outer loop
      vertex 3.52904 5.7885 0.799999
      vertex 3.58151 5.68207 0
      vertex 3.48871 5.71849 0
    endloop
  endfacet
  facet normal 0.269405 0.957885 -0.0993881
    outer loop
      vertex 3.6876 5.73523 0.799999
      vertex 3.69528 5.73307 0.799999
      vertex 3.67748 5.65507 0
    endloop
  endfacet
  facet normal 0.539215 0.836282 -0.0993934
    outer loop
      vertex 3.4333 5.83758 0.799999
      vertex 3.44 5.83326 0.799999
      vertex 3.4 5.76397 0
    endloop
  endfacet
  facet normal 0.91694 0.38645 -0.0993804
    outer loop
      vertex 3.1284 6.275 1.50042
      vertex 2.96031 6.28798 0
      vertex 3.43015 6.45899 5
    endloop
  endfacet
  facet normal 0.916754 0.386899 -0.0993557
    outer loop
      vertex 3.05249 6.275 0.799999
      vertex 2.96031 6.28798 0
      vertex 3.1284 6.275 1.50042
    endloop
  endfacet
  facet normal 0.916923 0.386492 -0.0993817
    outer loop
      vertex 3.06801 6.23818 0.799999
      vertex 2.96031 6.28798 0
      vertex 3.05249 6.275 0.799999
    endloop
  endfacet
  facet normal 0.916922 0.386493 -0.0993816
    outer loop
      vertex 2.96031 6.28798 0
      vertex 3.06801 6.23818 0.799999
      vertex 2.99903 6.19612 0
    endloop
  endfacet
  facet normal 0.69482 0.712285 -0.0993747
    outer loop
      vertex 3.22559 6.00424 0.799999
      vertex 3.2313 5.99867 0.799999
      vertex 3.16695 5.94983 0
    endloop
  endfacet
  facet normal 0.694699 0.712405 -0.0993604
    outer loop
      vertex 3.53347 6.28991 5
      vertex 3.54876 6.275 5
      vertex 3.5174 6.275 4.78074
    endloop
  endfacet
  facet normal 0.762677 0.639101 -0.0993712
    outer loop
      vertex 3.22047 6.01035 0.799999
      vertex 3.22559 6.00424 0.799999
      vertex 3.16695 5.94983 0
    endloop
  endfacet
  facet normal 0.762305 0.639546 -0.0993609
    outer loop
      vertex 3.5174 6.275 4.78074
      vertex 3.50143 6.3281 5
      vertex 3.53347 6.28991 5
    endloop
  endfacet
  facet normal 0.762246 0.639613 -0.0993815
    outer loop
      vertex 3.50143 6.3281 5
      vertex 3.5174 6.275 4.78074
      vertex 3.45448 6.275 4.29815
    endloop
  endfacet
  facet normal 0.762242 0.639618 -0.0993773
    outer loop
      vertex 3.22047 6.01035 0.799999
      vertex 3.10287 6.0262 0
      vertex 3.16664 6.0745 0.799999
    endloop
  endfacet
  facet normal 0.762262 0.639594 -0.0993807
    outer loop
      vertex 3.10287 6.0262 0
      vertex 3.22047 6.01035 0.799999
      vertex 3.16695 5.94983 0
    endloop
  endfacet
  facet normal 0.76218 0.639692 -0.099383
    outer loop
      vertex 3.50143 6.3281 5
      vertex 3.45448 6.275 4.29815
      vertex 3.43133 6.275 4.12061
    endloop
  endfacet
  facet normal -0.658369 0.746105 -0.0993826
    outer loop
      vertex 4.52349 5.84817 0
      vertex 4.54238 5.9714 0.799999
      vertex 4.59824 5.91413 0
    endloop
  endfacet
  facet normal -0.658394 0.746084 -0.0993788
    outer loop
      vertex 4.54238 5.9714 0.799999
      vertex 4.52349 5.84817 0
      vertex 4.47959 5.91599 0.799999
    endloop
  endfacet
  facet normal -0.729433 0.676796 -0.099377
    outer loop
      vertex 4.66604 5.98721 0
      vertex 4.54238 5.9714 0.799999
      vertex 4.59934 6.03279 0.799999
    endloop
  endfacet
  facet normal -0.729464 0.676761 -0.0993826
    outer loop
      vertex 4.54238 5.9714 0.799999
      vertex 4.66604 5.98721 0
      vertex 4.59824 5.91413 0
    endloop
  endfacet
  facet normal -0.580129 0.808437 -0.0993982
    outer loop
      vertex 4.40562 5.86183 0.799999
      vertex 4.44255 5.78997 0
      vertex 4.39914 5.85718 0.799999
    endloop
  endfacet
  facet normal -0.896476 0.431802 -0.0993859
    outer loop
      vertex 4.82148 6.24156 0
      vertex 4.70796 6.19001 0.799999
      vertex 4.74776 6.27264 0.799999
    endloop
  endfacet
  facet normal -0.89647 0.431815 -0.0993842
    outer loop
      vertex 4.70796 6.19001 0.799999
      vertex 4.82148 6.24156 0
      vertex 4.77822 6.15175 0
    endloop
  endfacet
  facet normal -0.8965 0.431753 -0.0993806
    outer loop
      vertex 4.55189 6.275 2.57716
      vertex 4.36074 6.43578 5
      vertex 4.74216 6.275 0.860758
    endloop
  endfacet
  facet normal -0.896489 0.431776 -0.0993812
    outer loop
      vertex 4.36074 6.43578 5
      vertex 4.55189 6.275 2.57716
      vertex 4.33911 6.39087 5
    endloop
  endfacet
  facet normal -0.935062 0.340268 -0.0993841
    outer loop
      vertex 4.82148 6.24156 0
      vertex 4.74862 6.275 0.799999
      vertex 4.85557 6.33524 0
    endloop
  endfacet
  facet normal -0.934909 0.340687 -0.0993877
    outer loop
      vertex 4.74862 6.275 0.799999
      vertex 4.82148 6.24156 0
      vertex 4.74776 6.27264 0.799999
    endloop
  endfacet
  facet normal -0.935199 0.339875 -0.099432
    outer loop
      vertex 4.74216 6.275 0.860758
      vertex 4.85557 6.33524 0
      vertex 4.74862 6.275 0.799999
    endloop
  endfacet
  facet normal -0.935044 0.340316 -0.0993807
    outer loop
      vertex 4.85557 6.33524 0
      vertex 4.74216 6.275 0.860758
      vertex 4.36074 6.43578 5
    endloop
  endfacet
  facet normal -0.993812 0.0496058 -0.0993803
    outer loop
      vertex 4.9 6.63 0
      vertex 4.89503 6.53043 0
      vertex 4.39752 6.58022 5
    endloop
  endfacet
  facet normal -0.993817 0.0495112 -0.0993817
    outer loop
      vertex 4.4 6.63 5
      vertex 4.9 6.63 0
      vertex 4.39752 6.58022 5
    endloop
  endfacet
  facet normal 0.873862 -0.475908 -0.0993797
    outer loop
      vertex 3.04671 7.15143 0
      vertex 3.47335 6.89072 5
      vertex 2.99903 7.06388 0
    endloop
  endfacet
  facet normal 0.539895 -0.835845 -0.0993814
    outer loop
      vertex 3.4 7.49603 0
      vertex 3.60813 7.03597 5
      vertex 3.31626 7.44194 0
    endloop
  endfacet
  facet normal 0.172868 -0.979918 -0.0993809
    outer loop
      vertex 3.83783 7.12612 5
      vertex 3.78874 7.11746 5
      vertex 3.77566 7.62224 0
    endloop
  endfacet
  facet normal 0.454002 0.88544 -0.0993845
    outer loop
      vertex 3.48871 5.71849 0
      vertex 3.44 5.83326 0.799999
      vertex 3.52162 5.79141 0.799999
    endloop
  endfacet
  facet normal 0.45396 0.885461 -0.0993902
    outer loop
      vertex 3.44 5.83326 0.799999
      vertex 3.48871 5.71849 0
      vertex 3.4 5.76397 0
    endloop
  endfacet
  facet normal 0.822128 0.560561 -0.0993815
    outer loop
      vertex 3.16664 6.0745 0.799999
      vertex 3.04671 6.10856 0
      vertex 3.11497 6.15028 0.799999
    endloop
  endfacet
  facet normal 0.822112 0.560585 -0.0993781
    outer loop
      vertex 3.04671 6.10856 0
      vertex 3.16664 6.0745 0.799999
      vertex 3.10287 6.0262 0
    endloop
  endfacet
  facet normal 0.822111 0.560585 -0.0993838
    outer loop
      vertex 3.43133 6.275 4.12061
      vertex 3.47335 6.36928 5
      vertex 3.50143 6.3281 5
    endloop
  endfacet
  facet normal 0.822165 0.560507 -0.099378
    outer loop
      vertex 3.47335 6.36928 5
      vertex 3.43133 6.275 4.12061
      vertex 3.31907 6.275 3.19187
    endloop
  endfacet
  facet normal 0.916851 -0.386662 -0.0993829
    outer loop
      vertex 3.44952 6.84694 5
      vertex 3.43015 6.80101 5
      vertex 2.99903 7.06388 0
    endloop
  endfacet
  facet normal 0.539825 -0.83589 -0.0993827
    outer loop
      vertex 3.65 7.06301 5
      vertex 3.60813 7.03597 5
      vertex 3.4 7.49603 0
    endloop
  endfacet
endsolid OpenSCAD_Model
